ISO-10303-21;
HEADER;
/* Generated by software containing ST-Developer
 * from STEP Tools, Inc. (www.steptools.com) 
 */

FILE_DESCRIPTION(
/* description */ (''),
/* implementation_level */ '2;1');

FILE_NAME(
/* name */ 'Head Shell.step',
/* time_stamp */ '2026-05-27T22:50:48+02:00',
/* author */ (''),
/* organization */ (''),
/* preprocessor_version */ 'ST-DEVELOPER v20.1',
/* originating_system */ 'Autodesk Translation Framework v15.8.0.0',
/* authorisation */ '');

FILE_SCHEMA (('AUTOMOTIVE_DESIGN { 1 0 10303 214 3 1 1 }'));
ENDSEC;

DATA;
#10=MECHANICAL_DESIGN_GEOMETRIC_PRESENTATION_REPRESENTATION('',(#13),#2216);
#11=SHAPE_REPRESENTATION_RELATIONSHIP('SRR','None',#2223,#12);
#12=ADVANCED_BREP_SHAPE_REPRESENTATION('',(#1110),#2215);
#13=STYLED_ITEM('',(#2234),#1110);
#14=ORIENTED_CLOSED_SHELL('',*,#1108,.F.);
#15=ORIENTED_CLOSED_SHELL('',*,#1109,.F.);
#16=SPHERICAL_SURFACE('',#1200,72.);
#17=SPHERICAL_SURFACE('',#1213,75.);
#18=SPHERICAL_SURFACE('',#1236,72.);
#19=SPHERICAL_SURFACE('',#1253,72.);
#20=SPHERICAL_SURFACE('',#1254,72.);
#21=B_SPLINE_CURVE_WITH_KNOTS('',3,(#1728,#1729,#1730,#1731,#1732,#1733,
#1734,#1735,#1736,#1737),.UNSPECIFIED.,.F.,.F.,(4,2,2,2,4),(0.,0.0919788748230525,
0.183957749646105,0.259346332335763,0.33473491502542),.UNSPECIFIED.);
#22=B_SPLINE_CURVE_WITH_KNOTS('',3,(#1759,#1760,#1761,#1762,#1763,#1764,
#1765,#1766,#1767,#1768,#1769,#1770),.UNSPECIFIED.,.F.,.F.,(4,2,2,2,2,4),
(0.,0.0380491667356636,0.0760983334713272,0.152196666942654,0.277318155510218,
0.402439644077781),.UNSPECIFIED.);
#23=B_SPLINE_CURVE_WITH_KNOTS('',3,(#1780,#1781,#1782,#1783,#1784,#1785,
#1786,#1787,#1788,#1789,#1790,#1791,#1792,#1793,#1794,#1795),
 .UNSPECIFIED.,.F.,.F.,(4,2,2,2,2,2,2,4),(0.,0.128343461271318,0.192515191906976,
0.256686922542635,0.289766934203676,0.322846945864717,0.362853644533587,
0.402860343202457),.UNSPECIFIED.);
#24=B_SPLINE_CURVE_WITH_KNOTS('',3,(#1798,#1799,#1800,#1801,#1802,#1803,
#1804,#1805,#1806,#1807,#1808,#1809),.UNSPECIFIED.,.F.,.F.,(4,2,2,2,2,4),
(0.,0.0771710159721737,0.115756523958261,0.154342031944347,0.241787570623584,
0.32923310930282),.UNSPECIFIED.);
#25=B_SPLINE_CURVE_WITH_KNOTS('',3,(#1844,#1845,#1846,#1847,#1848,#1849,
#1850,#1851,#1852,#1853,#1854,#1855,#1856,#1857,#1858,#1859,#1860),
 .UNSPECIFIED.,.F.,.F.,(4,2,2,2,3,2,2,4),(-0.0820127388537125,-0.080919391234845,
-0.0606895434261338,-0.0404596956174225,0.,0.0501245599628625,0.100249119925725,
0.101490042678592),.UNSPECIFIED.);
#26=B_SPLINE_CURVE_WITH_KNOTS('',3,(#1864,#1865,#1866,#1867,#1868,#1869,
#1870,#1871,#1872,#1873,#1874,#1875,#1876,#1877,#1878,#1879,#1880),
 .UNSPECIFIED.,.F.,.F.,(4,2,2,3,2,2,2,4),(-0.101490042678276,-0.100249119925726,
-0.0501245599628628,0.,0.0404596956174225,0.0606895434261338,0.0809193912348451,
0.0820127402055145),.UNSPECIFIED.);
#27=B_SPLINE_CURVE_WITH_KNOTS('',3,(#1884,#1885,#1886,#1887,#1888,#1889,
#1890,#1891,#1892,#1893,#1894),.UNSPECIFIED.,.F.,.F.,(4,2,3,2,4),(-0.0766245476922616,
-0.0384842465128353,0.,0.0395308006914405,0.0787038493941943),
 .UNSPECIFIED.);
#28=B_SPLINE_CURVE_WITH_KNOTS('',3,(#1897,#1898,#1899,#1900,#1901,#1902,
#1903,#1904,#1905,#1906,#1907),.UNSPECIFIED.,.F.,.F.,(4,2,3,2,4),(-0.0787038493941946,
-0.0395308006914404,0.,0.0384842465128353,0.0766245476922617),
 .UNSPECIFIED.);
#29=B_SPLINE_CURVE_WITH_KNOTS('',3,(#1927,#1928,#1929,#1930,#1931,#1932,
#1933,#1934,#1935,#1936,#1937),.UNSPECIFIED.,.F.,.F.,(4,2,3,2,4),(-0.0765155429165374,
-0.0384157419426328,0.,0.0393742784003191,0.0784209647924216),
 .UNSPECIFIED.);
#30=B_SPLINE_CURVE_WITH_KNOTS('',3,(#1941,#1942,#1943,#1944,#1945,#1946,
#1947,#1948,#1949,#1950,#1951),.UNSPECIFIED.,.F.,.F.,(4,2,3,2,4),(-0.0784209647924219,
-0.039374278400319,0.,0.0384157419426328,0.0765155429165373),
 .UNSPECIFIED.);
#31=B_SPLINE_CURVE_WITH_KNOTS('',3,(#1955,#1956,#1957,#1958,#1959,#1960,
#1961,#1962,#1963,#1964,#1965,#1966,#1967,#1968,#1969,#1970,#1971),
 .UNSPECIFIED.,.F.,.F.,(4,2,2,2,3,2,2,4),(-0.0810158600655679,-0.0800386170253881,
-0.060028962769041,-0.040019308512694,0.,0.0484276486228128,0.0968552972456256,
0.0979612744862754),.UNSPECIFIED.);
#32=B_SPLINE_CURVE_WITH_KNOTS('',3,(#1974,#1975,#1976,#1977,#1978,#1979,
#1980,#1981,#1982,#1983,#1984,#1985,#1986,#1987,#1988,#1989,#1990),
 .UNSPECIFIED.,.F.,.F.,(4,2,2,3,2,2,2,4),(-0.0979612744859991,-0.0968552972456256,
-0.0484276486228128,0.,0.040019308512694,0.0600289627690411,0.0800386170253881,
0.0810158610411326),.UNSPECIFIED.);
#33=B_SPLINE_CURVE_WITH_KNOTS('',3,(#2020,#2021,#2022,#2023,#2024,#2025,
#2026,#2027,#2028,#2029,#2030,#2031,#2032,#2033,#2034,#2035,#2036,#2037,
#2038,#2039,#2040,#2041,#2042,#2043,#2044,#2045,#2046,#2047,#2048,#2049,
#2050,#2051,#2052,#2053,#2054,#2055,#2056,#2057,#2058,#2059,#2060,#2061,
#2062,#2063,#2064,#2065,#2066,#2067,#2068,#2069,#2070,#2071,#2072,#2073,
#2074,#2075,#2076,#2077,#2078,#2079,#2080,#2081,#2082,#2083,#2084,#2085,
#2086,#2087,#2088,#2089,#2090,#2091,#2092,#2093,#2094,#2095,#2096,#2097,
#2098,#2099,#2100,#2101,#2102,#2103,#2104,#2105,#2106,#2107,#2108,#2109,
#2110,#2111,#2112,#2113,#2114,#2115,#2116,#2117,#2118,#2119,#2120,#2121,
#2122,#2123,#2124,#2125,#2126,#2127,#2128,#2129,#2130,#2131,#2132,#2133,
#2134,#2135,#2136,#2137,#2138,#2139,#2140,#2141,#2142,#2143,#2144,#2145,
#2146,#2147,#2148,#2149,#2150,#2151,#2152,#2153,#2154,#2155,#2156,#2157,
#2158,#2159,#2160,#2161),.UNSPECIFIED.,.F.,.F.,(4,2,2,2,2,2,2,2,2,2,2,2,
2,2,2,2,2,2,2,2,2,2,2,2,2,2,2,2,2,2,2,2,2,2,2,2,2,2,2,2,2,2,2,2,2,2,2,2,
2,2,2,2,2,2,2,2,2,2,2,2,2,2,2,2,2,2,2,2,2,2,4),(-29.4888759350428,-29.4876812917998,
-29.4864866485567,-29.4840973620706,-29.4793187890983,-29.4667628999681,
-29.4247810525435,-29.3484584392297,-29.2721358259158,-29.1301180211587,
-28.9881002164016,-28.7040646068874,-28.2386035506464,-27.7731424944053,
-27.3076814381643,-26.8422203819232,-26.2505128957601,-25.6588054095971,
-25.067097923434,-24.4753904372709,-23.8836829511078,-23.2919754649447,
-22.7002679787817,-22.1085604926186,-21.6482906833409,-21.1880208740631,
-20.7277510647854,-20.2674812555077,-19.80721144623,-19.3469416369523,-18.8866718276745,
-18.4264020183968,-17.5059110056779,-16.5854199929591,-15.6649289802402,
-14.7444379675214,-13.8239469548025,-12.9034559420836,-11.9829649293648,
-11.0624739166459,-10.6022041073682,-10.1419342980905,-9.68166448881274,
-9.22139467953501,-8.76112487025728,-8.30085506097956,-7.84058525170184,
-7.38031544242411,-6.78860795626104,-6.19690047009796,-5.60519298393488,
-5.0134854977718,-4.42177801160873,-3.83007052544566,-3.23836303928258,
-2.6466555531195,-2.18119449687845,-1.71573344063741,-1.25027238439636,
-0.784811328155314,-0.500775718641101,-0.358757913883998,-0.216740109126889,
-0.140417495813139,-0.0640948824993899,-0.022113035074689,-0.00955714594341828,
-0.00477857297170914,-0.00238928648585812,-0.00119464324293261,0.),
 .UNSPECIFIED.);
#34=FACE_BOUND('',#167,.T.);
#35=FACE_BOUND('',#171,.T.);
#36=FACE_BOUND('',#175,.T.);
#37=FACE_BOUND('',#185,.T.);
#38=FACE_BOUND('',#198,.T.);
#39=FACE_BOUND('',#199,.T.);
#40=FACE_BOUND('',#204,.T.);
#41=FACE_BOUND('',#205,.T.);
#42=FACE_BOUND('',#206,.T.);
#43=FACE_BOUND('',#207,.T.);
#44=FACE_BOUND('',#208,.T.);
#45=FACE_BOUND('',#214,.T.);
#46=FACE_BOUND('',#225,.T.);
#47=PLANE('',#1127);
#48=PLANE('',#1131);
#49=PLANE('',#1135);
#50=PLANE('',#1136);
#51=PLANE('',#1137);
#52=PLANE('',#1139);
#53=PLANE('',#1141);
#54=PLANE('',#1142);
#55=PLANE('',#1144);
#56=PLANE('',#1146);
#57=PLANE('',#1147);
#58=PLANE('',#1149);
#59=PLANE('',#1151);
#60=PLANE('',#1153);
#61=PLANE('',#1155);
#62=PLANE('',#1157);
#63=PLANE('',#1159);
#64=PLANE('',#1161);
#65=PLANE('',#1163);
#66=PLANE('',#1166);
#67=PLANE('',#1169);
#68=PLANE('',#1173);
#69=PLANE('',#1179);
#70=PLANE('',#1185);
#71=PLANE('',#1186);
#72=PLANE('',#1188);
#73=PLANE('',#1190);
#74=PLANE('',#1194);
#75=PLANE('',#1196);
#76=PLANE('',#1198);
#77=PLANE('',#1209);
#78=PLANE('',#1212);
#79=PLANE('',#1221);
#80=PLANE('',#1223);
#81=PLANE('',#1225);
#82=PLANE('',#1227);
#83=PLANE('',#1230);
#84=PLANE('',#1232);
#85=PLANE('',#1237);
#86=PLANE('',#1240);
#87=PLANE('',#1242);
#88=PLANE('',#1245);
#89=PLANE('',#1247);
#90=PLANE('',#1248);
#91=PLANE('',#1250);
#92=PLANE('',#1251);
#93=FACE_OUTER_BOUND('',#160,.T.);
#94=FACE_OUTER_BOUND('',#161,.T.);
#95=FACE_OUTER_BOUND('',#162,.T.);
#96=FACE_OUTER_BOUND('',#163,.T.);
#97=FACE_OUTER_BOUND('',#164,.T.);
#98=FACE_OUTER_BOUND('',#165,.T.);
#99=FACE_OUTER_BOUND('',#166,.T.);
#100=FACE_OUTER_BOUND('',#168,.T.);
#101=FACE_OUTER_BOUND('',#169,.T.);
#102=FACE_OUTER_BOUND('',#170,.T.);
#103=FACE_OUTER_BOUND('',#172,.T.);
#104=FACE_OUTER_BOUND('',#173,.T.);
#105=FACE_OUTER_BOUND('',#174,.T.);
#106=FACE_OUTER_BOUND('',#176,.T.);
#107=FACE_OUTER_BOUND('',#177,.T.);
#108=FACE_OUTER_BOUND('',#178,.T.);
#109=FACE_OUTER_BOUND('',#179,.T.);
#110=FACE_OUTER_BOUND('',#180,.T.);
#111=FACE_OUTER_BOUND('',#181,.T.);
#112=FACE_OUTER_BOUND('',#182,.T.);
#113=FACE_OUTER_BOUND('',#183,.T.);
#114=FACE_OUTER_BOUND('',#184,.T.);
#115=FACE_OUTER_BOUND('',#186,.T.);
#116=FACE_OUTER_BOUND('',#187,.T.);
#117=FACE_OUTER_BOUND('',#188,.T.);
#118=FACE_OUTER_BOUND('',#189,.T.);
#119=FACE_OUTER_BOUND('',#190,.T.);
#120=FACE_OUTER_BOUND('',#191,.T.);
#121=FACE_OUTER_BOUND('',#192,.T.);
#122=FACE_OUTER_BOUND('',#193,.T.);
#123=FACE_OUTER_BOUND('',#194,.T.);
#124=FACE_OUTER_BOUND('',#195,.T.);
#125=FACE_OUTER_BOUND('',#196,.T.);
#126=FACE_OUTER_BOUND('',#197,.T.);
#127=FACE_OUTER_BOUND('',#200,.T.);
#128=FACE_OUTER_BOUND('',#201,.T.);
#129=FACE_OUTER_BOUND('',#202,.T.);
#130=FACE_OUTER_BOUND('',#203,.T.);
#131=FACE_OUTER_BOUND('',#209,.T.);
#132=FACE_OUTER_BOUND('',#210,.T.);
#133=FACE_OUTER_BOUND('',#211,.T.);
#134=FACE_OUTER_BOUND('',#212,.T.);
#135=FACE_OUTER_BOUND('',#213,.T.);
#136=FACE_OUTER_BOUND('',#215,.T.);
#137=FACE_OUTER_BOUND('',#216,.T.);
#138=FACE_OUTER_BOUND('',#217,.T.);
#139=FACE_OUTER_BOUND('',#218,.T.);
#140=FACE_OUTER_BOUND('',#219,.T.);
#141=FACE_OUTER_BOUND('',#220,.T.);
#142=FACE_OUTER_BOUND('',#221,.T.);
#143=FACE_OUTER_BOUND('',#222,.T.);
#144=FACE_OUTER_BOUND('',#223,.T.);
#145=FACE_OUTER_BOUND('',#224,.T.);
#146=FACE_OUTER_BOUND('',#226,.T.);
#147=FACE_OUTER_BOUND('',#227,.T.);
#148=FACE_OUTER_BOUND('',#228,.T.);
#149=FACE_OUTER_BOUND('',#229,.T.);
#150=FACE_OUTER_BOUND('',#230,.T.);
#151=FACE_OUTER_BOUND('',#231,.T.);
#152=FACE_OUTER_BOUND('',#232,.T.);
#153=FACE_OUTER_BOUND('',#233,.T.);
#154=FACE_OUTER_BOUND('',#234,.T.);
#155=FACE_OUTER_BOUND('',#235,.T.);
#156=FACE_OUTER_BOUND('',#236,.T.);
#157=FACE_OUTER_BOUND('',#237,.T.);
#158=FACE_OUTER_BOUND('',#238,.T.);
#159=FACE_OUTER_BOUND('',#239,.T.);
#160=EDGE_LOOP('',(#716,#717,#718,#719));
#161=EDGE_LOOP('',(#720));
#162=EDGE_LOOP('',(#721,#722,#723,#724));
#163=EDGE_LOOP('',(#725));
#164=EDGE_LOOP('',(#726,#727,#728,#729));
#165=EDGE_LOOP('',(#730));
#166=EDGE_LOOP('',(#731,#732,#733,#734));
#167=EDGE_LOOP('',(#735));
#168=EDGE_LOOP('',(#736,#737,#738,#739));
#169=EDGE_LOOP('',(#740,#741,#742,#743));
#170=EDGE_LOOP('',(#744,#745,#746,#747));
#171=EDGE_LOOP('',(#748));
#172=EDGE_LOOP('',(#749,#750,#751,#752));
#173=EDGE_LOOP('',(#753,#754,#755,#756));
#174=EDGE_LOOP('',(#757,#758,#759,#760));
#175=EDGE_LOOP('',(#761));
#176=EDGE_LOOP('',(#762,#763,#764,#765));
#177=EDGE_LOOP('',(#766,#767,#768,#769));
#178=EDGE_LOOP('',(#770,#771,#772,#773));
#179=EDGE_LOOP('',(#774,#775,#776,#777));
#180=EDGE_LOOP('',(#778,#779,#780,#781));
#181=EDGE_LOOP('',(#782,#783,#784,#785));
#182=EDGE_LOOP('',(#786,#787,#788,#789));
#183=EDGE_LOOP('',(#790,#791,#792,#793));
#184=EDGE_LOOP('',(#794));
#185=EDGE_LOOP('',(#795));
#186=EDGE_LOOP('',(#796,#797,#798,#799,#800,#801,#802,#803));
#187=EDGE_LOOP('',(#804,#805,#806,#807));
#188=EDGE_LOOP('',(#808,#809,#810,#811));
#189=EDGE_LOOP('',(#812,#813,#814,#815,#816,#817,#818,#819,#820));
#190=EDGE_LOOP('',(#821,#822,#823,#824));
#191=EDGE_LOOP('',(#825,#826,#827,#828));
#192=EDGE_LOOP('',(#829,#830,#831,#832));
#193=EDGE_LOOP('',(#833,#834,#835,#836));
#194=EDGE_LOOP('',(#837,#838,#839,#840,#841,#842,#843,#844));
#195=EDGE_LOOP('',(#845,#846,#847));
#196=EDGE_LOOP('',(#848,#849,#850));
#197=EDGE_LOOP('',(#851,#852,#853,#854));
#198=EDGE_LOOP('',(#855));
#199=EDGE_LOOP('',(#856));
#200=EDGE_LOOP('',(#857,#858,#859,#860));
#201=EDGE_LOOP('',(#861,#862,#863));
#202=EDGE_LOOP('',(#864,#865,#866));
#203=EDGE_LOOP('',(#867,#868,#869));
#204=EDGE_LOOP('',(#870,#871,#872,#873));
#205=EDGE_LOOP('',(#874,#875,#876,#877));
#206=EDGE_LOOP('',(#878,#879,#880,#881));
#207=EDGE_LOOP('',(#882,#883,#884,#885,#886,#887,#888,#889,#890,#891,#892,
#893,#894,#895,#896,#897,#898));
#208=EDGE_LOOP('',(#899,#900,#901,#902,#903,#904,#905,#906));
#209=EDGE_LOOP('',(#907,#908,#909,#910));
#210=EDGE_LOOP('',(#911));
#211=EDGE_LOOP('',(#912,#913,#914,#915));
#212=EDGE_LOOP('',(#916));
#213=EDGE_LOOP('',(#917,#918,#919));
#214=EDGE_LOOP('',(#920,#921,#922,#923,#924,#925,#926,#927));
#215=EDGE_LOOP('',(#928,#929,#930,#931));
#216=EDGE_LOOP('',(#932,#933,#934,#935));
#217=EDGE_LOOP('',(#936,#937,#938,#939));
#218=EDGE_LOOP('',(#940,#941,#942,#943));
#219=EDGE_LOOP('',(#944,#945,#946,#947));
#220=EDGE_LOOP('',(#948,#949,#950,#951));
#221=EDGE_LOOP('',(#952,#953,#954,#955));
#222=EDGE_LOOP('',(#956,#957,#958,#959));
#223=EDGE_LOOP('',(#960,#961,#962,#963));
#224=EDGE_LOOP('',(#964));
#225=EDGE_LOOP('',(#965));
#226=EDGE_LOOP('',(#966,#967,#968,#969));
#227=EDGE_LOOP('',(#970,#971));
#228=EDGE_LOOP('',(#972,#973));
#229=EDGE_LOOP('',(#974,#975));
#230=EDGE_LOOP('',(#976,#977,#978,#979,#980,#981,#982,#983));
#231=EDGE_LOOP('',(#984,#985,#986,#987));
#232=EDGE_LOOP('',(#988,#989,#990,#991,#992,#993,#994,#995));
#233=EDGE_LOOP('',(#996,#997,#998,#999));
#234=EDGE_LOOP('',(#1000,#1001,#1002,#1003));
#235=EDGE_LOOP('',(#1004,#1005,#1006,#1007));
#236=EDGE_LOOP('',(#1008,#1009,#1010,#1011));
#237=EDGE_LOOP('',(#1012,#1013,#1014,#1015));
#238=EDGE_LOOP('',(#1016,#1017,#1018,#1019));
#239=EDGE_LOOP('',(#1020,#1021,#1022,#1023));
#240=LINE('',#1601,#317);
#241=LINE('',#1608,#318);
#242=LINE('',#1615,#319);
#243=LINE('',#1621,#320);
#244=LINE('',#1623,#321);
#245=LINE('',#1625,#322);
#246=LINE('',#1626,#323);
#247=LINE('',#1629,#324);
#248=LINE('',#1632,#325);
#249=LINE('',#1635,#326);
#250=LINE('',#1640,#327);
#251=LINE('',#1642,#328);
#252=LINE('',#1644,#329);
#253=LINE('',#1645,#330);
#254=LINE('',#1648,#331);
#255=LINE('',#1651,#332);
#256=LINE('',#1654,#333);
#257=LINE('',#1659,#334);
#258=LINE('',#1661,#335);
#259=LINE('',#1663,#336);
#260=LINE('',#1664,#337);
#261=LINE('',#1667,#338);
#262=LINE('',#1670,#339);
#263=LINE('',#1673,#340);
#264=LINE('',#1677,#341);
#265=LINE('',#1683,#342);
#266=LINE('',#1689,#343);
#267=LINE('',#1701,#344);
#268=LINE('',#1703,#345);
#269=LINE('',#1705,#346);
#270=LINE('',#1709,#347);
#271=LINE('',#1711,#348);
#272=LINE('',#1713,#349);
#273=LINE('',#1718,#350);
#274=LINE('',#1720,#351);
#275=LINE('',#1723,#352);
#276=LINE('',#1738,#353);
#277=LINE('',#1742,#354);
#278=LINE('',#1746,#355);
#279=LINE('',#1747,#356);
#280=LINE('',#1753,#357);
#281=LINE('',#1754,#358);
#282=LINE('',#1771,#359);
#283=LINE('',#1774,#360);
#284=LINE('',#1777,#361);
#285=LINE('',#1813,#362);
#286=LINE('',#1818,#363);
#287=LINE('',#1821,#364);
#288=LINE('',#1830,#365);
#289=LINE('',#1910,#366);
#290=LINE('',#1915,#367);
#291=LINE('',#1992,#368);
#292=LINE('',#1993,#369);
#293=LINE('',#1995,#370);
#294=LINE('',#1997,#371);
#295=LINE('',#1998,#372);
#296=LINE('',#2001,#373);
#297=LINE('',#2003,#374);
#298=LINE('',#2005,#375);
#299=LINE('',#2010,#376);
#300=LINE('',#2013,#377);
#301=LINE('',#2166,#378);
#302=LINE('',#2168,#379);
#303=LINE('',#2170,#380);
#304=LINE('',#2174,#381);
#305=LINE('',#2176,#382);
#306=LINE('',#2178,#383);
#307=LINE('',#2184,#384);
#308=LINE('',#2185,#385);
#309=LINE('',#2189,#386);
#310=LINE('',#2193,#387);
#311=LINE('',#2194,#388);
#312=LINE('',#2198,#389);
#313=LINE('',#2199,#390);
#314=LINE('',#2202,#391);
#315=LINE('',#2205,#392);
#316=LINE('',#2208,#393);
#317=VECTOR('',#1261,1.5);
#318=VECTOR('',#1270,1.5);
#319=VECTOR('',#1279,1.49999999999999);
#320=VECTOR('',#1286,10.);
#321=VECTOR('',#1287,10.);
#322=VECTOR('',#1288,10.);
#323=VECTOR('',#1289,10.);
#324=VECTOR('',#1292,10.);
#325=VECTOR('',#1295,10.);
#326=VECTOR('',#1298,10.);
#327=VECTOR('',#1303,10.);
#328=VECTOR('',#1304,10.);
#329=VECTOR('',#1305,10.);
#330=VECTOR('',#1306,10.);
#331=VECTOR('',#1309,10.);
#332=VECTOR('',#1312,10.);
#333=VECTOR('',#1315,10.);
#334=VECTOR('',#1320,10.);
#335=VECTOR('',#1321,10.);
#336=VECTOR('',#1322,10.);
#337=VECTOR('',#1323,10.);
#338=VECTOR('',#1326,10.);
#339=VECTOR('',#1329,10.);
#340=VECTOR('',#1332,10.);
#341=VECTOR('',#1337,10.);
#342=VECTOR('',#1346,10.);
#343=VECTOR('',#1355,10.);
#344=VECTOR('',#1370,10.);
#345=VECTOR('',#1371,10.);
#346=VECTOR('',#1372,10.);
#347=VECTOR('',#1375,10.);
#348=VECTOR('',#1376,10.);
#349=VECTOR('',#1377,10.);
#350=VECTOR('',#1382,10.);
#351=VECTOR('',#1383,10.);
#352=VECTOR('',#1386,10.);
#353=VECTOR('',#1391,10.);
#354=VECTOR('',#1394,10.);
#355=VECTOR('',#1397,10.);
#356=VECTOR('',#1398,10.);
#357=VECTOR('',#1403,10.);
#358=VECTOR('',#1404,10.);
#359=VECTOR('',#1409,10.);
#360=VECTOR('',#1412,10.);
#361=VECTOR('',#1415,10.);
#362=VECTOR('',#1428,10.);
#363=VECTOR('',#1435,10.);
#364=VECTOR('',#1438,10.);
#365=VECTOR('',#1449,10.);
#366=VECTOR('',#1474,1.5);
#367=VECTOR('',#1481,1.5);
#368=VECTOR('',#1502,10.);
#369=VECTOR('',#1503,10.);
#370=VECTOR('',#1506,10.);
#371=VECTOR('',#1509,10.);
#372=VECTOR('',#1510,10.);
#373=VECTOR('',#1515,10.);
#374=VECTOR('',#1518,10.);
#375=VECTOR('',#1521,10.);
#376=VECTOR('',#1528,68.9860132084762);
#377=VECTOR('',#1533,75.);
#378=VECTOR('',#1546,10.);
#379=VECTOR('',#1547,10.);
#380=VECTOR('',#1548,10.);
#381=VECTOR('',#1551,10.);
#382=VECTOR('',#1552,10.);
#383=VECTOR('',#1553,10.);
#384=VECTOR('',#1560,10.);
#385=VECTOR('',#1561,10.);
#386=VECTOR('',#1564,10.);
#387=VECTOR('',#1567,10.);
#388=VECTOR('',#1568,10.);
#389=VECTOR('',#1571,10.);
#390=VECTOR('',#1572,10.);
#391=VECTOR('',#1577,10.);
#392=VECTOR('',#1582,10.);
#393=VECTOR('',#1587,10.);
#394=CIRCLE('',#1125,1.5);
#395=CIRCLE('',#1126,1.5);
#396=CIRCLE('',#1129,1.5);
#397=CIRCLE('',#1130,1.5);
#398=CIRCLE('',#1133,1.49999999999999);
#399=CIRCLE('',#1134,1.49999999999999);
#400=CIRCLE('',#1138,22.5795908514705);
#401=CIRCLE('',#1140,71.8888030224458);
#402=CIRCLE('',#1143,22.5795908514706);
#403=CIRCLE('',#1145,71.8888030224458);
#404=CIRCLE('',#1148,38.2491829978106);
#405=CIRCLE('',#1150,71.8888030224457);
#406=CIRCLE('',#1152,38.2491829978106);
#407=CIRCLE('',#1154,71.8888030224457);
#408=CIRCLE('',#1156,38.2491829978106);
#409=CIRCLE('',#1158,71.8888030224457);
#410=CIRCLE('',#1160,22.5795908514706);
#411=CIRCLE('',#1162,71.8888030224458);
#412=CIRCLE('',#1164,75.);
#413=CIRCLE('',#1165,68.9860132084762);
#414=CIRCLE('',#1167,65.5775338769342);
#415=CIRCLE('',#1168,65.5775338769342);
#416=CIRCLE('',#1170,58.7437567845142);
#417=CIRCLE('',#1172,2.);
#418=CIRCLE('',#1174,71.9987445140759);
#419=CIRCLE('',#1175,71.9987445140759);
#420=CIRCLE('',#1176,71.9987445140759);
#421=CIRCLE('',#1178,1.99999999999999);
#422=CIRCLE('',#1180,43.1083427186451);
#423=CIRCLE('',#1182,2.);
#424=CIRCLE('',#1184,2.00000000000002);
#425=CIRCLE('',#1187,68.0742058345156);
#426=CIRCLE('',#1189,68.0742058345156);
#427=CIRCLE('',#1191,51.5390105336603);
#428=CIRCLE('',#1192,1.5);
#429=CIRCLE('',#1193,1.5);
#430=CIRCLE('',#1195,51.5390105336603);
#431=CIRCLE('',#1197,70.7325773600822);
#432=CIRCLE('',#1199,70.7325773600822);
#433=CIRCLE('',#1201,71.9374728496908);
#434=CIRCLE('',#1202,72.);
#435=CIRCLE('',#1203,71.8261790714221);
#436=CIRCLE('',#1204,48.9568034447322);
#437=CIRCLE('',#1205,71.8261790714222);
#438=CIRCLE('',#1206,68.9318484647802);
#439=CIRCLE('',#1208,1.5);
#440=CIRCLE('',#1211,1.5);
#441=CIRCLE('',#1214,75.);
#442=CIRCLE('',#1215,75.);
#443=CIRCLE('',#1216,74.8331477354788);
#444=CIRCLE('',#1217,72.0596956194752);
#445=CIRCLE('',#1218,74.8331477354788);
#446=CIRCLE('',#1219,53.2707105596137);
#447=CIRCLE('',#1229,68.9860132084762);
#448=CIRCLE('',#1233,71.9860132084762);
#449=CIRCLE('',#1234,72.);
#450=CIRCLE('',#1238,71.8638829600681);
#451=CIRCLE('',#1239,71.8638829600681);
#452=CIRCLE('',#1241,61.3830589654617);
#453=CIRCLE('',#1243,67.2474124921194);
#454=CIRCLE('',#1244,67.2474124921194);
#455=CIRCLE('',#1246,47.9966482699466);
#456=CIRCLE('',#1249,68.0742058345156);
#457=CIRCLE('',#1252,70.7325773600822);
#458=VERTEX_POINT('',#1598);
#459=VERTEX_POINT('',#1600);
#460=VERTEX_POINT('',#1605);
#461=VERTEX_POINT('',#1607);
#462=VERTEX_POINT('',#1612);
#463=VERTEX_POINT('',#1614);
#464=VERTEX_POINT('',#1619);
#465=VERTEX_POINT('',#1620);
#466=VERTEX_POINT('',#1622);
#467=VERTEX_POINT('',#1624);
#468=VERTEX_POINT('',#1628);
#469=VERTEX_POINT('',#1630);
#470=VERTEX_POINT('',#1634);
#471=VERTEX_POINT('',#1638);
#472=VERTEX_POINT('',#1639);
#473=VERTEX_POINT('',#1641);
#474=VERTEX_POINT('',#1643);
#475=VERTEX_POINT('',#1647);
#476=VERTEX_POINT('',#1649);
#477=VERTEX_POINT('',#1653);
#478=VERTEX_POINT('',#1657);
#479=VERTEX_POINT('',#1658);
#480=VERTEX_POINT('',#1660);
#481=VERTEX_POINT('',#1662);
#482=VERTEX_POINT('',#1666);
#483=VERTEX_POINT('',#1668);
#484=VERTEX_POINT('',#1672);
#485=VERTEX_POINT('',#1676);
#486=VERTEX_POINT('',#1682);
#487=VERTEX_POINT('',#1688);
#488=VERTEX_POINT('',#1694);
#489=VERTEX_POINT('',#1696);
#490=VERTEX_POINT('',#1699);
#491=VERTEX_POINT('',#1700);
#492=VERTEX_POINT('',#1702);
#493=VERTEX_POINT('',#1704);
#494=VERTEX_POINT('',#1706);
#495=VERTEX_POINT('',#1708);
#496=VERTEX_POINT('',#1710);
#497=VERTEX_POINT('',#1712);
#498=VERTEX_POINT('',#1716);
#499=VERTEX_POINT('',#1717);
#500=VERTEX_POINT('',#1719);
#501=VERTEX_POINT('',#1721);
#502=VERTEX_POINT('',#1725);
#503=VERTEX_POINT('',#1727);
#504=VERTEX_POINT('',#1740);
#505=VERTEX_POINT('',#1741);
#506=VERTEX_POINT('',#1743);
#507=VERTEX_POINT('',#1745);
#508=VERTEX_POINT('',#1748);
#509=VERTEX_POINT('',#1750);
#510=VERTEX_POINT('',#1752);
#511=VERTEX_POINT('',#1756);
#512=VERTEX_POINT('',#1758);
#513=VERTEX_POINT('',#1773);
#514=VERTEX_POINT('',#1775);
#515=VERTEX_POINT('',#1812);
#516=VERTEX_POINT('',#1816);
#517=VERTEX_POINT('',#1820);
#518=VERTEX_POINT('',#1823);
#519=VERTEX_POINT('',#1825);
#520=VERTEX_POINT('',#1828);
#521=VERTEX_POINT('',#1836);
#522=VERTEX_POINT('',#1838);
#523=VERTEX_POINT('',#1840);
#524=VERTEX_POINT('',#1841);
#525=VERTEX_POINT('',#1843);
#526=VERTEX_POINT('',#1861);
#527=VERTEX_POINT('',#1863);
#528=VERTEX_POINT('',#1881);
#529=VERTEX_POINT('',#1883);
#530=VERTEX_POINT('',#1895);
#531=VERTEX_POINT('',#1909);
#532=VERTEX_POINT('',#1914);
#533=VERTEX_POINT('',#1919);
#534=VERTEX_POINT('',#1921);
#535=VERTEX_POINT('',#1923);
#536=VERTEX_POINT('',#1924);
#537=VERTEX_POINT('',#1926);
#538=VERTEX_POINT('',#1938);
#539=VERTEX_POINT('',#1940);
#540=VERTEX_POINT('',#1952);
#541=VERTEX_POINT('',#1954);
#542=VERTEX_POINT('',#1972);
#543=VERTEX_POINT('',#2008);
#544=VERTEX_POINT('',#2015);
#545=VERTEX_POINT('',#2016);
#546=VERTEX_POINT('',#2164);
#547=VERTEX_POINT('',#2165);
#548=VERTEX_POINT('',#2167);
#549=VERTEX_POINT('',#2169);
#550=VERTEX_POINT('',#2171);
#551=VERTEX_POINT('',#2173);
#552=VERTEX_POINT('',#2175);
#553=VERTEX_POINT('',#2177);
#554=VERTEX_POINT('',#2181);
#555=VERTEX_POINT('',#2183);
#556=VERTEX_POINT('',#2187);
#557=VERTEX_POINT('',#2188);
#558=VERTEX_POINT('',#2190);
#559=VERTEX_POINT('',#2192);
#560=VERTEX_POINT('',#2195);
#561=VERTEX_POINT('',#2197);
#562=EDGE_CURVE('',#458,#458,#394,.T.);
#563=EDGE_CURVE('',#458,#459,#240,.T.);
#564=EDGE_CURVE('',#459,#459,#395,.T.);
#565=EDGE_CURVE('',#460,#460,#396,.T.);
#566=EDGE_CURVE('',#460,#461,#241,.T.);
#567=EDGE_CURVE('',#461,#461,#397,.T.);
#568=EDGE_CURVE('',#462,#462,#398,.T.);
#569=EDGE_CURVE('',#462,#463,#242,.T.);
#570=EDGE_CURVE('',#463,#463,#399,.T.);
#571=EDGE_CURVE('',#464,#465,#243,.T.);
#572=EDGE_CURVE('',#466,#464,#244,.T.);
#573=EDGE_CURVE('',#467,#466,#245,.T.);
#574=EDGE_CURVE('',#465,#467,#246,.T.);
#575=EDGE_CURVE('',#464,#468,#247,.T.);
#576=EDGE_CURVE('',#469,#468,#400,.T.);
#577=EDGE_CURVE('',#466,#469,#248,.T.);
#578=EDGE_CURVE('',#465,#470,#249,.T.);
#579=EDGE_CURVE('',#468,#470,#401,.T.);
#580=EDGE_CURVE('',#471,#472,#250,.T.);
#581=EDGE_CURVE('',#473,#471,#251,.T.);
#582=EDGE_CURVE('',#474,#473,#252,.T.);
#583=EDGE_CURVE('',#472,#474,#253,.T.);
#584=EDGE_CURVE('',#471,#475,#254,.T.);
#585=EDGE_CURVE('',#476,#475,#402,.T.);
#586=EDGE_CURVE('',#473,#476,#255,.T.);
#587=EDGE_CURVE('',#472,#477,#256,.T.);
#588=EDGE_CURVE('',#475,#477,#403,.T.);
#589=EDGE_CURVE('',#478,#479,#257,.T.);
#590=EDGE_CURVE('',#480,#478,#258,.T.);
#591=EDGE_CURVE('',#481,#480,#259,.T.);
#592=EDGE_CURVE('',#479,#481,#260,.T.);
#593=EDGE_CURVE('',#478,#482,#261,.T.);
#594=EDGE_CURVE('',#483,#482,#404,.T.);
#595=EDGE_CURVE('',#480,#483,#262,.T.);
#596=EDGE_CURVE('',#479,#484,#263,.T.);
#597=EDGE_CURVE('',#482,#484,#405,.T.);
#598=EDGE_CURVE('',#467,#485,#264,.T.);
#599=EDGE_CURVE('',#470,#485,#406,.T.);
#600=EDGE_CURVE('',#485,#469,#407,.T.);
#601=EDGE_CURVE('',#474,#486,#265,.T.);
#602=EDGE_CURVE('',#477,#486,#408,.T.);
#603=EDGE_CURVE('',#486,#476,#409,.T.);
#604=EDGE_CURVE('',#481,#487,#266,.T.);
#605=EDGE_CURVE('',#484,#487,#410,.T.);
#606=EDGE_CURVE('',#487,#483,#411,.T.);
#607=EDGE_CURVE('',#488,#488,#412,.T.);
#608=EDGE_CURVE('',#489,#489,#413,.T.);
#609=EDGE_CURVE('',#490,#491,#267,.T.);
#610=EDGE_CURVE('',#492,#490,#268,.T.);
#611=EDGE_CURVE('',#493,#492,#269,.T.);
#612=EDGE_CURVE('',#494,#493,#414,.T.);
#613=EDGE_CURVE('',#495,#494,#270,.T.);
#614=EDGE_CURVE('',#495,#496,#271,.T.);
#615=EDGE_CURVE('',#496,#497,#272,.T.);
#616=EDGE_CURVE('',#491,#497,#415,.T.);
#617=EDGE_CURVE('',#498,#499,#273,.T.);
#618=EDGE_CURVE('',#499,#500,#274,.T.);
#619=EDGE_CURVE('',#501,#500,#416,.T.);
#620=EDGE_CURVE('',#498,#501,#275,.T.);
#621=EDGE_CURVE('',#502,#498,#417,.T.);
#622=EDGE_CURVE('',#503,#501,#21,.T.);
#623=EDGE_CURVE('',#502,#503,#276,.T.);
#624=EDGE_CURVE('',#504,#505,#277,.T.);
#625=EDGE_CURVE('',#506,#504,#418,.T.);
#626=EDGE_CURVE('',#507,#506,#278,.T.);
#627=EDGE_CURVE('',#507,#502,#279,.T.);
#628=EDGE_CURVE('',#508,#503,#419,.T.);
#629=EDGE_CURVE('',#509,#508,#420,.T.);
#630=EDGE_CURVE('',#510,#509,#280,.T.);
#631=EDGE_CURVE('',#505,#510,#281,.T.);
#632=EDGE_CURVE('',#511,#507,#421,.T.);
#633=EDGE_CURVE('',#512,#506,#22,.T.);
#634=EDGE_CURVE('',#511,#512,#282,.T.);
#635=EDGE_CURVE('',#513,#511,#283,.T.);
#636=EDGE_CURVE('',#514,#512,#422,.T.);
#637=EDGE_CURVE('',#513,#514,#284,.T.);
#638=EDGE_CURVE('',#496,#513,#423,.T.);
#639=EDGE_CURVE('',#497,#514,#23,.T.);
#640=EDGE_CURVE('',#499,#495,#424,.T.);
#641=EDGE_CURVE('',#500,#494,#24,.T.);
#642=EDGE_CURVE('',#515,#505,#285,.T.);
#643=EDGE_CURVE('',#504,#515,#425,.T.);
#644=EDGE_CURVE('',#516,#491,#426,.T.);
#645=EDGE_CURVE('',#490,#516,#286,.T.);
#646=EDGE_CURVE('',#510,#517,#287,.T.);
#647=EDGE_CURVE('',#515,#517,#427,.T.);
#648=EDGE_CURVE('',#518,#518,#428,.T.);
#649=EDGE_CURVE('',#519,#519,#429,.T.);
#650=EDGE_CURVE('',#520,#516,#430,.T.);
#651=EDGE_CURVE('',#520,#492,#288,.T.);
#652=EDGE_CURVE('',#517,#509,#431,.T.);
#653=EDGE_CURVE('',#493,#520,#432,.T.);
#654=EDGE_CURVE('',#521,#521,#433,.T.);
#655=EDGE_CURVE('',#522,#521,#434,.T.);
#656=EDGE_CURVE('',#523,#524,#435,.T.);
#657=EDGE_CURVE('',#525,#524,#25,.T.);
#658=EDGE_CURVE('',#525,#526,#436,.T.);
#659=EDGE_CURVE('',#527,#526,#26,.T.);
#660=EDGE_CURVE('',#527,#528,#437,.T.);
#661=EDGE_CURVE('',#529,#528,#27,.T.);
#662=EDGE_CURVE('',#529,#530,#438,.T.);
#663=EDGE_CURVE('',#523,#530,#28,.T.);
#664=EDGE_CURVE('',#518,#531,#289,.T.);
#665=EDGE_CURVE('',#531,#531,#439,.T.);
#666=EDGE_CURVE('',#519,#532,#290,.T.);
#667=EDGE_CURVE('',#532,#532,#440,.T.);
#668=EDGE_CURVE('',#533,#533,#441,.T.);
#669=EDGE_CURVE('',#534,#533,#442,.T.);
#670=EDGE_CURVE('',#535,#536,#443,.T.);
#671=EDGE_CURVE('',#537,#536,#29,.T.);
#672=EDGE_CURVE('',#537,#538,#444,.T.);
#673=EDGE_CURVE('',#539,#538,#30,.T.);
#674=EDGE_CURVE('',#539,#540,#445,.T.);
#675=EDGE_CURVE('',#541,#540,#31,.T.);
#676=EDGE_CURVE('',#541,#542,#446,.T.);
#677=EDGE_CURVE('',#535,#542,#32,.T.);
#678=EDGE_CURVE('',#536,#523,#291,.T.);
#679=EDGE_CURVE('',#530,#537,#292,.T.);
#680=EDGE_CURVE('',#524,#535,#293,.T.);
#681=EDGE_CURVE('',#538,#529,#294,.T.);
#682=EDGE_CURVE('',#528,#539,#295,.T.);
#683=EDGE_CURVE('',#542,#525,#296,.T.);
#684=EDGE_CURVE('',#526,#541,#297,.T.);
#685=EDGE_CURVE('',#540,#527,#298,.T.);
#686=EDGE_CURVE('',#543,#543,#447,.T.);
#687=EDGE_CURVE('',#543,#489,#299,.T.);
#688=EDGE_CURVE('',#488,#533,#300,.T.);
#689=EDGE_CURVE('',#544,#545,#448,.T.);
#690=EDGE_CURVE('',#545,#544,#449,.T.);
#691=EDGE_CURVE('',#545,#544,#33,.T.);
#692=EDGE_CURVE('',#546,#547,#301,.T.);
#693=EDGE_CURVE('',#548,#546,#302,.T.);
#694=EDGE_CURVE('',#549,#548,#303,.T.);
#695=EDGE_CURVE('',#550,#549,#450,.T.);
#696=EDGE_CURVE('',#550,#551,#304,.T.);
#697=EDGE_CURVE('',#552,#551,#305,.T.);
#698=EDGE_CURVE('',#553,#552,#306,.T.);
#699=EDGE_CURVE('',#547,#553,#451,.T.);
#700=EDGE_CURVE('',#554,#550,#452,.T.);
#701=EDGE_CURVE('',#554,#555,#307,.F.);
#702=EDGE_CURVE('',#551,#555,#308,.T.);
#703=EDGE_CURVE('',#556,#557,#309,.T.);
#704=EDGE_CURVE('',#558,#556,#453,.T.);
#705=EDGE_CURVE('',#558,#559,#310,.T.);
#706=EDGE_CURVE('',#555,#559,#311,.T.);
#707=EDGE_CURVE('',#560,#554,#454,.T.);
#708=EDGE_CURVE('',#561,#560,#312,.T.);
#709=EDGE_CURVE('',#557,#561,#313,.T.);
#710=EDGE_CURVE('',#553,#558,#455,.T.);
#711=EDGE_CURVE('',#559,#552,#314,.T.);
#712=EDGE_CURVE('',#546,#557,#315,.T.);
#713=EDGE_CURVE('',#556,#547,#456,.T.);
#714=EDGE_CURVE('',#561,#548,#316,.T.);
#715=EDGE_CURVE('',#549,#560,#457,.T.);
#716=ORIENTED_EDGE('',*,*,#562,.F.);
#717=ORIENTED_EDGE('',*,*,#563,.T.);
#718=ORIENTED_EDGE('',*,*,#564,.T.);
#719=ORIENTED_EDGE('',*,*,#563,.F.);
#720=ORIENTED_EDGE('',*,*,#564,.F.);
#721=ORIENTED_EDGE('',*,*,#565,.F.);
#722=ORIENTED_EDGE('',*,*,#566,.T.);
#723=ORIENTED_EDGE('',*,*,#567,.T.);
#724=ORIENTED_EDGE('',*,*,#566,.F.);
#725=ORIENTED_EDGE('',*,*,#567,.F.);
#726=ORIENTED_EDGE('',*,*,#568,.F.);
#727=ORIENTED_EDGE('',*,*,#569,.T.);
#728=ORIENTED_EDGE('',*,*,#570,.T.);
#729=ORIENTED_EDGE('',*,*,#569,.F.);
#730=ORIENTED_EDGE('',*,*,#570,.F.);
#731=ORIENTED_EDGE('',*,*,#571,.F.);
#732=ORIENTED_EDGE('',*,*,#572,.F.);
#733=ORIENTED_EDGE('',*,*,#573,.F.);
#734=ORIENTED_EDGE('',*,*,#574,.F.);
#735=ORIENTED_EDGE('',*,*,#562,.T.);
#736=ORIENTED_EDGE('',*,*,#572,.T.);
#737=ORIENTED_EDGE('',*,*,#575,.T.);
#738=ORIENTED_EDGE('',*,*,#576,.F.);
#739=ORIENTED_EDGE('',*,*,#577,.F.);
#740=ORIENTED_EDGE('',*,*,#571,.T.);
#741=ORIENTED_EDGE('',*,*,#578,.T.);
#742=ORIENTED_EDGE('',*,*,#579,.F.);
#743=ORIENTED_EDGE('',*,*,#575,.F.);
#744=ORIENTED_EDGE('',*,*,#580,.F.);
#745=ORIENTED_EDGE('',*,*,#581,.F.);
#746=ORIENTED_EDGE('',*,*,#582,.F.);
#747=ORIENTED_EDGE('',*,*,#583,.F.);
#748=ORIENTED_EDGE('',*,*,#568,.T.);
#749=ORIENTED_EDGE('',*,*,#581,.T.);
#750=ORIENTED_EDGE('',*,*,#584,.T.);
#751=ORIENTED_EDGE('',*,*,#585,.F.);
#752=ORIENTED_EDGE('',*,*,#586,.F.);
#753=ORIENTED_EDGE('',*,*,#580,.T.);
#754=ORIENTED_EDGE('',*,*,#587,.T.);
#755=ORIENTED_EDGE('',*,*,#588,.F.);
#756=ORIENTED_EDGE('',*,*,#584,.F.);
#757=ORIENTED_EDGE('',*,*,#589,.F.);
#758=ORIENTED_EDGE('',*,*,#590,.F.);
#759=ORIENTED_EDGE('',*,*,#591,.F.);
#760=ORIENTED_EDGE('',*,*,#592,.F.);
#761=ORIENTED_EDGE('',*,*,#565,.T.);
#762=ORIENTED_EDGE('',*,*,#590,.T.);
#763=ORIENTED_EDGE('',*,*,#593,.T.);
#764=ORIENTED_EDGE('',*,*,#594,.F.);
#765=ORIENTED_EDGE('',*,*,#595,.F.);
#766=ORIENTED_EDGE('',*,*,#589,.T.);
#767=ORIENTED_EDGE('',*,*,#596,.T.);
#768=ORIENTED_EDGE('',*,*,#597,.F.);
#769=ORIENTED_EDGE('',*,*,#593,.F.);
#770=ORIENTED_EDGE('',*,*,#574,.T.);
#771=ORIENTED_EDGE('',*,*,#598,.T.);
#772=ORIENTED_EDGE('',*,*,#599,.F.);
#773=ORIENTED_EDGE('',*,*,#578,.F.);
#774=ORIENTED_EDGE('',*,*,#573,.T.);
#775=ORIENTED_EDGE('',*,*,#577,.T.);
#776=ORIENTED_EDGE('',*,*,#600,.F.);
#777=ORIENTED_EDGE('',*,*,#598,.F.);
#778=ORIENTED_EDGE('',*,*,#583,.T.);
#779=ORIENTED_EDGE('',*,*,#601,.T.);
#780=ORIENTED_EDGE('',*,*,#602,.F.);
#781=ORIENTED_EDGE('',*,*,#587,.F.);
#782=ORIENTED_EDGE('',*,*,#582,.T.);
#783=ORIENTED_EDGE('',*,*,#586,.T.);
#784=ORIENTED_EDGE('',*,*,#603,.F.);
#785=ORIENTED_EDGE('',*,*,#601,.F.);
#786=ORIENTED_EDGE('',*,*,#592,.T.);
#787=ORIENTED_EDGE('',*,*,#604,.T.);
#788=ORIENTED_EDGE('',*,*,#605,.F.);
#789=ORIENTED_EDGE('',*,*,#596,.F.);
#790=ORIENTED_EDGE('',*,*,#591,.T.);
#791=ORIENTED_EDGE('',*,*,#595,.T.);
#792=ORIENTED_EDGE('',*,*,#606,.F.);
#793=ORIENTED_EDGE('',*,*,#604,.F.);
#794=ORIENTED_EDGE('',*,*,#607,.T.);
#795=ORIENTED_EDGE('',*,*,#608,.T.);
#796=ORIENTED_EDGE('',*,*,#609,.F.);
#797=ORIENTED_EDGE('',*,*,#610,.F.);
#798=ORIENTED_EDGE('',*,*,#611,.F.);
#799=ORIENTED_EDGE('',*,*,#612,.F.);
#800=ORIENTED_EDGE('',*,*,#613,.F.);
#801=ORIENTED_EDGE('',*,*,#614,.T.);
#802=ORIENTED_EDGE('',*,*,#615,.T.);
#803=ORIENTED_EDGE('',*,*,#616,.F.);
#804=ORIENTED_EDGE('',*,*,#617,.T.);
#805=ORIENTED_EDGE('',*,*,#618,.T.);
#806=ORIENTED_EDGE('',*,*,#619,.F.);
#807=ORIENTED_EDGE('',*,*,#620,.F.);
#808=ORIENTED_EDGE('',*,*,#621,.T.);
#809=ORIENTED_EDGE('',*,*,#620,.T.);
#810=ORIENTED_EDGE('',*,*,#622,.F.);
#811=ORIENTED_EDGE('',*,*,#623,.F.);
#812=ORIENTED_EDGE('',*,*,#624,.F.);
#813=ORIENTED_EDGE('',*,*,#625,.F.);
#814=ORIENTED_EDGE('',*,*,#626,.F.);
#815=ORIENTED_EDGE('',*,*,#627,.T.);
#816=ORIENTED_EDGE('',*,*,#623,.T.);
#817=ORIENTED_EDGE('',*,*,#628,.F.);
#818=ORIENTED_EDGE('',*,*,#629,.F.);
#819=ORIENTED_EDGE('',*,*,#630,.F.);
#820=ORIENTED_EDGE('',*,*,#631,.F.);
#821=ORIENTED_EDGE('',*,*,#632,.T.);
#822=ORIENTED_EDGE('',*,*,#626,.T.);
#823=ORIENTED_EDGE('',*,*,#633,.F.);
#824=ORIENTED_EDGE('',*,*,#634,.F.);
#825=ORIENTED_EDGE('',*,*,#635,.T.);
#826=ORIENTED_EDGE('',*,*,#634,.T.);
#827=ORIENTED_EDGE('',*,*,#636,.F.);
#828=ORIENTED_EDGE('',*,*,#637,.F.);
#829=ORIENTED_EDGE('',*,*,#638,.T.);
#830=ORIENTED_EDGE('',*,*,#637,.T.);
#831=ORIENTED_EDGE('',*,*,#639,.F.);
#832=ORIENTED_EDGE('',*,*,#615,.F.);
#833=ORIENTED_EDGE('',*,*,#640,.T.);
#834=ORIENTED_EDGE('',*,*,#613,.T.);
#835=ORIENTED_EDGE('',*,*,#641,.F.);
#836=ORIENTED_EDGE('',*,*,#618,.F.);
#837=ORIENTED_EDGE('',*,*,#640,.F.);
#838=ORIENTED_EDGE('',*,*,#617,.F.);
#839=ORIENTED_EDGE('',*,*,#621,.F.);
#840=ORIENTED_EDGE('',*,*,#627,.F.);
#841=ORIENTED_EDGE('',*,*,#632,.F.);
#842=ORIENTED_EDGE('',*,*,#635,.F.);
#843=ORIENTED_EDGE('',*,*,#638,.F.);
#844=ORIENTED_EDGE('',*,*,#614,.F.);
#845=ORIENTED_EDGE('',*,*,#624,.T.);
#846=ORIENTED_EDGE('',*,*,#642,.F.);
#847=ORIENTED_EDGE('',*,*,#643,.F.);
#848=ORIENTED_EDGE('',*,*,#609,.T.);
#849=ORIENTED_EDGE('',*,*,#644,.F.);
#850=ORIENTED_EDGE('',*,*,#645,.F.);
#851=ORIENTED_EDGE('',*,*,#631,.T.);
#852=ORIENTED_EDGE('',*,*,#646,.T.);
#853=ORIENTED_EDGE('',*,*,#647,.F.);
#854=ORIENTED_EDGE('',*,*,#642,.T.);
#855=ORIENTED_EDGE('',*,*,#648,.T.);
#856=ORIENTED_EDGE('',*,*,#649,.T.);
#857=ORIENTED_EDGE('',*,*,#610,.T.);
#858=ORIENTED_EDGE('',*,*,#645,.T.);
#859=ORIENTED_EDGE('',*,*,#650,.F.);
#860=ORIENTED_EDGE('',*,*,#651,.T.);
#861=ORIENTED_EDGE('',*,*,#630,.T.);
#862=ORIENTED_EDGE('',*,*,#652,.F.);
#863=ORIENTED_EDGE('',*,*,#646,.F.);
#864=ORIENTED_EDGE('',*,*,#611,.T.);
#865=ORIENTED_EDGE('',*,*,#651,.F.);
#866=ORIENTED_EDGE('',*,*,#653,.F.);
#867=ORIENTED_EDGE('',*,*,#654,.T.);
#868=ORIENTED_EDGE('',*,*,#655,.F.);
#869=ORIENTED_EDGE('',*,*,#655,.T.);
#870=ORIENTED_EDGE('',*,*,#599,.T.);
#871=ORIENTED_EDGE('',*,*,#600,.T.);
#872=ORIENTED_EDGE('',*,*,#576,.T.);
#873=ORIENTED_EDGE('',*,*,#579,.T.);
#874=ORIENTED_EDGE('',*,*,#602,.T.);
#875=ORIENTED_EDGE('',*,*,#603,.T.);
#876=ORIENTED_EDGE('',*,*,#585,.T.);
#877=ORIENTED_EDGE('',*,*,#588,.T.);
#878=ORIENTED_EDGE('',*,*,#605,.T.);
#879=ORIENTED_EDGE('',*,*,#606,.T.);
#880=ORIENTED_EDGE('',*,*,#594,.T.);
#881=ORIENTED_EDGE('',*,*,#597,.T.);
#882=ORIENTED_EDGE('',*,*,#616,.T.);
#883=ORIENTED_EDGE('',*,*,#639,.T.);
#884=ORIENTED_EDGE('',*,*,#636,.T.);
#885=ORIENTED_EDGE('',*,*,#633,.T.);
#886=ORIENTED_EDGE('',*,*,#625,.T.);
#887=ORIENTED_EDGE('',*,*,#643,.T.);
#888=ORIENTED_EDGE('',*,*,#647,.T.);
#889=ORIENTED_EDGE('',*,*,#652,.T.);
#890=ORIENTED_EDGE('',*,*,#629,.T.);
#891=ORIENTED_EDGE('',*,*,#628,.T.);
#892=ORIENTED_EDGE('',*,*,#622,.T.);
#893=ORIENTED_EDGE('',*,*,#619,.T.);
#894=ORIENTED_EDGE('',*,*,#641,.T.);
#895=ORIENTED_EDGE('',*,*,#612,.T.);
#896=ORIENTED_EDGE('',*,*,#653,.T.);
#897=ORIENTED_EDGE('',*,*,#650,.T.);
#898=ORIENTED_EDGE('',*,*,#644,.T.);
#899=ORIENTED_EDGE('',*,*,#656,.T.);
#900=ORIENTED_EDGE('',*,*,#657,.F.);
#901=ORIENTED_EDGE('',*,*,#658,.T.);
#902=ORIENTED_EDGE('',*,*,#659,.F.);
#903=ORIENTED_EDGE('',*,*,#660,.T.);
#904=ORIENTED_EDGE('',*,*,#661,.F.);
#905=ORIENTED_EDGE('',*,*,#662,.T.);
#906=ORIENTED_EDGE('',*,*,#663,.F.);
#907=ORIENTED_EDGE('',*,*,#648,.F.);
#908=ORIENTED_EDGE('',*,*,#664,.T.);
#909=ORIENTED_EDGE('',*,*,#665,.T.);
#910=ORIENTED_EDGE('',*,*,#664,.F.);
#911=ORIENTED_EDGE('',*,*,#665,.F.);
#912=ORIENTED_EDGE('',*,*,#649,.F.);
#913=ORIENTED_EDGE('',*,*,#666,.T.);
#914=ORIENTED_EDGE('',*,*,#667,.T.);
#915=ORIENTED_EDGE('',*,*,#666,.F.);
#916=ORIENTED_EDGE('',*,*,#667,.F.);
#917=ORIENTED_EDGE('',*,*,#668,.F.);
#918=ORIENTED_EDGE('',*,*,#669,.F.);
#919=ORIENTED_EDGE('',*,*,#669,.T.);
#920=ORIENTED_EDGE('',*,*,#670,.T.);
#921=ORIENTED_EDGE('',*,*,#671,.F.);
#922=ORIENTED_EDGE('',*,*,#672,.T.);
#923=ORIENTED_EDGE('',*,*,#673,.F.);
#924=ORIENTED_EDGE('',*,*,#674,.T.);
#925=ORIENTED_EDGE('',*,*,#675,.F.);
#926=ORIENTED_EDGE('',*,*,#676,.T.);
#927=ORIENTED_EDGE('',*,*,#677,.F.);
#928=ORIENTED_EDGE('',*,*,#671,.T.);
#929=ORIENTED_EDGE('',*,*,#678,.T.);
#930=ORIENTED_EDGE('',*,*,#663,.T.);
#931=ORIENTED_EDGE('',*,*,#679,.T.);
#932=ORIENTED_EDGE('',*,*,#678,.F.);
#933=ORIENTED_EDGE('',*,*,#670,.F.);
#934=ORIENTED_EDGE('',*,*,#680,.F.);
#935=ORIENTED_EDGE('',*,*,#656,.F.);
#936=ORIENTED_EDGE('',*,*,#673,.T.);
#937=ORIENTED_EDGE('',*,*,#681,.T.);
#938=ORIENTED_EDGE('',*,*,#661,.T.);
#939=ORIENTED_EDGE('',*,*,#682,.T.);
#940=ORIENTED_EDGE('',*,*,#679,.F.);
#941=ORIENTED_EDGE('',*,*,#662,.F.);
#942=ORIENTED_EDGE('',*,*,#681,.F.);
#943=ORIENTED_EDGE('',*,*,#672,.F.);
#944=ORIENTED_EDGE('',*,*,#677,.T.);
#945=ORIENTED_EDGE('',*,*,#683,.T.);
#946=ORIENTED_EDGE('',*,*,#657,.T.);
#947=ORIENTED_EDGE('',*,*,#680,.T.);
#948=ORIENTED_EDGE('',*,*,#683,.F.);
#949=ORIENTED_EDGE('',*,*,#676,.F.);
#950=ORIENTED_EDGE('',*,*,#684,.F.);
#951=ORIENTED_EDGE('',*,*,#658,.F.);
#952=ORIENTED_EDGE('',*,*,#675,.T.);
#953=ORIENTED_EDGE('',*,*,#685,.T.);
#954=ORIENTED_EDGE('',*,*,#659,.T.);
#955=ORIENTED_EDGE('',*,*,#684,.T.);
#956=ORIENTED_EDGE('',*,*,#682,.F.);
#957=ORIENTED_EDGE('',*,*,#660,.F.);
#958=ORIENTED_EDGE('',*,*,#685,.F.);
#959=ORIENTED_EDGE('',*,*,#674,.F.);
#960=ORIENTED_EDGE('',*,*,#686,.F.);
#961=ORIENTED_EDGE('',*,*,#687,.T.);
#962=ORIENTED_EDGE('',*,*,#608,.F.);
#963=ORIENTED_EDGE('',*,*,#687,.F.);
#964=ORIENTED_EDGE('',*,*,#654,.F.);
#965=ORIENTED_EDGE('',*,*,#686,.T.);
#966=ORIENTED_EDGE('',*,*,#607,.F.);
#967=ORIENTED_EDGE('',*,*,#688,.T.);
#968=ORIENTED_EDGE('',*,*,#668,.T.);
#969=ORIENTED_EDGE('',*,*,#688,.F.);
#970=ORIENTED_EDGE('',*,*,#689,.T.);
#971=ORIENTED_EDGE('',*,*,#690,.T.);
#972=ORIENTED_EDGE('',*,*,#691,.F.);
#973=ORIENTED_EDGE('',*,*,#689,.F.);
#974=ORIENTED_EDGE('',*,*,#691,.T.);
#975=ORIENTED_EDGE('',*,*,#690,.F.);
#976=ORIENTED_EDGE('',*,*,#692,.F.);
#977=ORIENTED_EDGE('',*,*,#693,.F.);
#978=ORIENTED_EDGE('',*,*,#694,.F.);
#979=ORIENTED_EDGE('',*,*,#695,.F.);
#980=ORIENTED_EDGE('',*,*,#696,.T.);
#981=ORIENTED_EDGE('',*,*,#697,.F.);
#982=ORIENTED_EDGE('',*,*,#698,.F.);
#983=ORIENTED_EDGE('',*,*,#699,.F.);
#984=ORIENTED_EDGE('',*,*,#700,.F.);
#985=ORIENTED_EDGE('',*,*,#701,.T.);
#986=ORIENTED_EDGE('',*,*,#702,.F.);
#987=ORIENTED_EDGE('',*,*,#696,.F.);
#988=ORIENTED_EDGE('',*,*,#703,.F.);
#989=ORIENTED_EDGE('',*,*,#704,.F.);
#990=ORIENTED_EDGE('',*,*,#705,.T.);
#991=ORIENTED_EDGE('',*,*,#706,.F.);
#992=ORIENTED_EDGE('',*,*,#701,.F.);
#993=ORIENTED_EDGE('',*,*,#707,.F.);
#994=ORIENTED_EDGE('',*,*,#708,.F.);
#995=ORIENTED_EDGE('',*,*,#709,.F.);
#996=ORIENTED_EDGE('',*,*,#710,.F.);
#997=ORIENTED_EDGE('',*,*,#698,.T.);
#998=ORIENTED_EDGE('',*,*,#711,.F.);
#999=ORIENTED_EDGE('',*,*,#705,.F.);
#1000=ORIENTED_EDGE('',*,*,#702,.T.);
#1001=ORIENTED_EDGE('',*,*,#706,.T.);
#1002=ORIENTED_EDGE('',*,*,#711,.T.);
#1003=ORIENTED_EDGE('',*,*,#697,.T.);
#1004=ORIENTED_EDGE('',*,*,#703,.T.);
#1005=ORIENTED_EDGE('',*,*,#712,.F.);
#1006=ORIENTED_EDGE('',*,*,#692,.T.);
#1007=ORIENTED_EDGE('',*,*,#713,.F.);
#1008=ORIENTED_EDGE('',*,*,#709,.T.);
#1009=ORIENTED_EDGE('',*,*,#714,.T.);
#1010=ORIENTED_EDGE('',*,*,#693,.T.);
#1011=ORIENTED_EDGE('',*,*,#712,.T.);
#1012=ORIENTED_EDGE('',*,*,#708,.T.);
#1013=ORIENTED_EDGE('',*,*,#715,.F.);
#1014=ORIENTED_EDGE('',*,*,#694,.T.);
#1015=ORIENTED_EDGE('',*,*,#714,.F.);
#1016=ORIENTED_EDGE('',*,*,#707,.T.);
#1017=ORIENTED_EDGE('',*,*,#700,.T.);
#1018=ORIENTED_EDGE('',*,*,#695,.T.);
#1019=ORIENTED_EDGE('',*,*,#715,.T.);
#1020=ORIENTED_EDGE('',*,*,#704,.T.);
#1021=ORIENTED_EDGE('',*,*,#713,.T.);
#1022=ORIENTED_EDGE('',*,*,#699,.T.);
#1023=ORIENTED_EDGE('',*,*,#710,.T.);
#1024=CYLINDRICAL_SURFACE('',#1124,1.5);
#1025=CYLINDRICAL_SURFACE('',#1128,1.5);
#1026=CYLINDRICAL_SURFACE('',#1132,1.49999999999999);
#1027=CYLINDRICAL_SURFACE('',#1171,2.);
#1028=CYLINDRICAL_SURFACE('',#1177,1.99999999999999);
#1029=CYLINDRICAL_SURFACE('',#1181,2.);
#1030=CYLINDRICAL_SURFACE('',#1183,2.00000000000002);
#1031=CYLINDRICAL_SURFACE('',#1207,1.5);
#1032=CYLINDRICAL_SURFACE('',#1210,1.5);
#1033=CYLINDRICAL_SURFACE('',#1220,1.);
#1034=CYLINDRICAL_SURFACE('',#1222,1.);
#1035=CYLINDRICAL_SURFACE('',#1224,1.);
#1036=CYLINDRICAL_SURFACE('',#1226,1.);
#1037=CYLINDRICAL_SURFACE('',#1228,68.9860132084762);
#1038=CYLINDRICAL_SURFACE('',#1231,75.);
#1039=CYLINDRICAL_SURFACE('',#1235,71.9860132084762);
#1040=ADVANCED_FACE('',(#93),#1024,.F.);
#1041=ADVANCED_FACE('',(#94),#47,.T.);
#1042=ADVANCED_FACE('',(#95),#1025,.F.);
#1043=ADVANCED_FACE('',(#96),#48,.T.);
#1044=ADVANCED_FACE('',(#97),#1026,.F.);
#1045=ADVANCED_FACE('',(#98),#49,.T.);
#1046=ADVANCED_FACE('',(#99,#34),#50,.F.);
#1047=ADVANCED_FACE('',(#100),#51,.T.);
#1048=ADVANCED_FACE('',(#101),#52,.T.);
#1049=ADVANCED_FACE('',(#102,#35),#53,.F.);
#1050=ADVANCED_FACE('',(#103),#54,.T.);
#1051=ADVANCED_FACE('',(#104),#55,.T.);
#1052=ADVANCED_FACE('',(#105,#36),#56,.F.);
#1053=ADVANCED_FACE('',(#106),#57,.T.);
#1054=ADVANCED_FACE('',(#107),#58,.T.);
#1055=ADVANCED_FACE('',(#108),#59,.T.);
#1056=ADVANCED_FACE('',(#109),#60,.T.);
#1057=ADVANCED_FACE('',(#110),#61,.T.);
#1058=ADVANCED_FACE('',(#111),#62,.T.);
#1059=ADVANCED_FACE('',(#112),#63,.T.);
#1060=ADVANCED_FACE('',(#113),#64,.T.);
#1061=ADVANCED_FACE('',(#114,#37),#65,.T.);
#1062=ADVANCED_FACE('',(#115),#66,.T.);
#1063=ADVANCED_FACE('',(#116),#67,.T.);
#1064=ADVANCED_FACE('',(#117),#1027,.T.);
#1065=ADVANCED_FACE('',(#118),#68,.T.);
#1066=ADVANCED_FACE('',(#119),#1028,.T.);
#1067=ADVANCED_FACE('',(#120),#69,.T.);
#1068=ADVANCED_FACE('',(#121),#1029,.T.);
#1069=ADVANCED_FACE('',(#122),#1030,.T.);
#1070=ADVANCED_FACE('',(#123),#70,.F.);
#1071=ADVANCED_FACE('',(#124),#71,.T.);
#1072=ADVANCED_FACE('',(#125),#72,.T.);
#1073=ADVANCED_FACE('',(#126,#38,#39),#73,.F.);
#1074=ADVANCED_FACE('',(#127),#74,.F.);
#1075=ADVANCED_FACE('',(#128),#75,.T.);
#1076=ADVANCED_FACE('',(#129),#76,.T.);
#1077=ADVANCED_FACE('',(#130,#40,#41,#42,#43,#44),#16,.F.);
#1078=ADVANCED_FACE('',(#131),#1031,.F.);
#1079=ADVANCED_FACE('',(#132),#77,.T.);
#1080=ADVANCED_FACE('',(#133),#1032,.F.);
#1081=ADVANCED_FACE('',(#134),#78,.T.);
#1082=ADVANCED_FACE('',(#135,#45),#17,.T.);
#1083=ADVANCED_FACE('',(#136),#1033,.F.);
#1084=ADVANCED_FACE('',(#137),#79,.F.);
#1085=ADVANCED_FACE('',(#138),#1034,.F.);
#1086=ADVANCED_FACE('',(#139),#80,.F.);
#1087=ADVANCED_FACE('',(#140),#1035,.F.);
#1088=ADVANCED_FACE('',(#141),#81,.F.);
#1089=ADVANCED_FACE('',(#142),#1036,.F.);
#1090=ADVANCED_FACE('',(#143),#82,.F.);
#1091=ADVANCED_FACE('',(#144),#1037,.F.);
#1092=ADVANCED_FACE('',(#145,#46),#83,.F.);
#1093=ADVANCED_FACE('',(#146),#1038,.T.);
#1094=ADVANCED_FACE('',(#147),#84,.F.);
#1095=ADVANCED_FACE('',(#148),#1039,.T.);
#1096=ADVANCED_FACE('',(#149),#18,.F.);
#1097=ADVANCED_FACE('',(#150),#85,.F.);
#1098=ADVANCED_FACE('',(#151),#86,.F.);
#1099=ADVANCED_FACE('',(#152),#87,.F.);
#1100=ADVANCED_FACE('',(#153),#88,.F.);
#1101=ADVANCED_FACE('',(#154),#89,.T.);
#1102=ADVANCED_FACE('',(#155),#90,.T.);
#1103=ADVANCED_FACE('',(#156),#91,.F.);
#1104=ADVANCED_FACE('',(#157),#92,.T.);
#1105=ADVANCED_FACE('',(#158),#19,.F.);
#1106=ADVANCED_FACE('',(#159),#20,.F.);
#1107=CLOSED_SHELL('',(#1040,#1041,#1042,#1043,#1044,#1045,#1046,#1047,
#1048,#1049,#1050,#1051,#1052,#1053,#1054,#1055,#1056,#1057,#1058,#1059,
#1060,#1061,#1062,#1063,#1064,#1065,#1066,#1067,#1068,#1069,#1070,#1071,
#1072,#1073,#1074,#1075,#1076,#1077,#1078,#1079,#1080,#1081,#1082,#1083,
#1084,#1085,#1086,#1087,#1088,#1089,#1090,#1091,#1092,#1093));
#1108=CLOSED_SHELL('',(#1094,#1095,#1096));
#1109=CLOSED_SHELL('',(#1097,#1098,#1099,#1100,#1101,#1102,#1103,#1104,
#1105,#1106));
#1110=BREP_WITH_VOIDS('Head',#1107,(#14,#15));
#1111=DERIVED_UNIT_ELEMENT(#1113,1.);
#1112=DERIVED_UNIT_ELEMENT(#2218,-3.);
#1113=(
MASS_UNIT()
NAMED_UNIT(*)
SI_UNIT(.KILO.,.GRAM.)
);
#1114=DERIVED_UNIT((#1111,#1112));
#1115=MEASURE_REPRESENTATION_ITEM('density measure',
POSITIVE_RATIO_MEASURE(7850.),#1114);
#1116=PROPERTY_DEFINITION_REPRESENTATION(#1121,#1118);
#1117=PROPERTY_DEFINITION_REPRESENTATION(#1122,#1119);
#1118=REPRESENTATION('material name',(#1120),#2215);
#1119=REPRESENTATION('density',(#1115),#2215);
#1120=DESCRIPTIVE_REPRESENTATION_ITEM('Steel','Steel');
#1121=PROPERTY_DEFINITION('material property','material name',#2225);
#1122=PROPERTY_DEFINITION('material property','density of part',#2225);
#1123=AXIS2_PLACEMENT_3D('',#1596,#1255,#1256);
#1124=AXIS2_PLACEMENT_3D('',#1597,#1257,#1258);
#1125=AXIS2_PLACEMENT_3D('',#1599,#1259,#1260);
#1126=AXIS2_PLACEMENT_3D('',#1602,#1262,#1263);
#1127=AXIS2_PLACEMENT_3D('',#1603,#1264,#1265);
#1128=AXIS2_PLACEMENT_3D('',#1604,#1266,#1267);
#1129=AXIS2_PLACEMENT_3D('',#1606,#1268,#1269);
#1130=AXIS2_PLACEMENT_3D('',#1609,#1271,#1272);
#1131=AXIS2_PLACEMENT_3D('',#1610,#1273,#1274);
#1132=AXIS2_PLACEMENT_3D('',#1611,#1275,#1276);
#1133=AXIS2_PLACEMENT_3D('',#1613,#1277,#1278);
#1134=AXIS2_PLACEMENT_3D('',#1616,#1280,#1281);
#1135=AXIS2_PLACEMENT_3D('',#1617,#1282,#1283);
#1136=AXIS2_PLACEMENT_3D('',#1618,#1284,#1285);
#1137=AXIS2_PLACEMENT_3D('',#1627,#1290,#1291);
#1138=AXIS2_PLACEMENT_3D('',#1631,#1293,#1294);
#1139=AXIS2_PLACEMENT_3D('',#1633,#1296,#1297);
#1140=AXIS2_PLACEMENT_3D('',#1636,#1299,#1300);
#1141=AXIS2_PLACEMENT_3D('',#1637,#1301,#1302);
#1142=AXIS2_PLACEMENT_3D('',#1646,#1307,#1308);
#1143=AXIS2_PLACEMENT_3D('',#1650,#1310,#1311);
#1144=AXIS2_PLACEMENT_3D('',#1652,#1313,#1314);
#1145=AXIS2_PLACEMENT_3D('',#1655,#1316,#1317);
#1146=AXIS2_PLACEMENT_3D('',#1656,#1318,#1319);
#1147=AXIS2_PLACEMENT_3D('',#1665,#1324,#1325);
#1148=AXIS2_PLACEMENT_3D('',#1669,#1327,#1328);
#1149=AXIS2_PLACEMENT_3D('',#1671,#1330,#1331);
#1150=AXIS2_PLACEMENT_3D('',#1674,#1333,#1334);
#1151=AXIS2_PLACEMENT_3D('',#1675,#1335,#1336);
#1152=AXIS2_PLACEMENT_3D('',#1678,#1338,#1339);
#1153=AXIS2_PLACEMENT_3D('',#1679,#1340,#1341);
#1154=AXIS2_PLACEMENT_3D('',#1680,#1342,#1343);
#1155=AXIS2_PLACEMENT_3D('',#1681,#1344,#1345);
#1156=AXIS2_PLACEMENT_3D('',#1684,#1347,#1348);
#1157=AXIS2_PLACEMENT_3D('',#1685,#1349,#1350);
#1158=AXIS2_PLACEMENT_3D('',#1686,#1351,#1352);
#1159=AXIS2_PLACEMENT_3D('',#1687,#1353,#1354);
#1160=AXIS2_PLACEMENT_3D('',#1690,#1356,#1357);
#1161=AXIS2_PLACEMENT_3D('',#1691,#1358,#1359);
#1162=AXIS2_PLACEMENT_3D('',#1692,#1360,#1361);
#1163=AXIS2_PLACEMENT_3D('',#1693,#1362,#1363);
#1164=AXIS2_PLACEMENT_3D('',#1695,#1364,#1365);
#1165=AXIS2_PLACEMENT_3D('',#1697,#1366,#1367);
#1166=AXIS2_PLACEMENT_3D('',#1698,#1368,#1369);
#1167=AXIS2_PLACEMENT_3D('',#1707,#1373,#1374);
#1168=AXIS2_PLACEMENT_3D('',#1714,#1378,#1379);
#1169=AXIS2_PLACEMENT_3D('',#1715,#1380,#1381);
#1170=AXIS2_PLACEMENT_3D('',#1722,#1384,#1385);
#1171=AXIS2_PLACEMENT_3D('',#1724,#1387,#1388);
#1172=AXIS2_PLACEMENT_3D('',#1726,#1389,#1390);
#1173=AXIS2_PLACEMENT_3D('',#1739,#1392,#1393);
#1174=AXIS2_PLACEMENT_3D('',#1744,#1395,#1396);
#1175=AXIS2_PLACEMENT_3D('',#1749,#1399,#1400);
#1176=AXIS2_PLACEMENT_3D('',#1751,#1401,#1402);
#1177=AXIS2_PLACEMENT_3D('',#1755,#1405,#1406);
#1178=AXIS2_PLACEMENT_3D('',#1757,#1407,#1408);
#1179=AXIS2_PLACEMENT_3D('',#1772,#1410,#1411);
#1180=AXIS2_PLACEMENT_3D('',#1776,#1413,#1414);
#1181=AXIS2_PLACEMENT_3D('',#1778,#1416,#1417);
#1182=AXIS2_PLACEMENT_3D('',#1779,#1418,#1419);
#1183=AXIS2_PLACEMENT_3D('',#1796,#1420,#1421);
#1184=AXIS2_PLACEMENT_3D('',#1797,#1422,#1423);
#1185=AXIS2_PLACEMENT_3D('',#1810,#1424,#1425);
#1186=AXIS2_PLACEMENT_3D('',#1811,#1426,#1427);
#1187=AXIS2_PLACEMENT_3D('',#1814,#1429,#1430);
#1188=AXIS2_PLACEMENT_3D('',#1815,#1431,#1432);
#1189=AXIS2_PLACEMENT_3D('',#1817,#1433,#1434);
#1190=AXIS2_PLACEMENT_3D('',#1819,#1436,#1437);
#1191=AXIS2_PLACEMENT_3D('',#1822,#1439,#1440);
#1192=AXIS2_PLACEMENT_3D('',#1824,#1441,#1442);
#1193=AXIS2_PLACEMENT_3D('',#1826,#1443,#1444);
#1194=AXIS2_PLACEMENT_3D('',#1827,#1445,#1446);
#1195=AXIS2_PLACEMENT_3D('',#1829,#1447,#1448);
#1196=AXIS2_PLACEMENT_3D('',#1831,#1450,#1451);
#1197=AXIS2_PLACEMENT_3D('',#1832,#1452,#1453);
#1198=AXIS2_PLACEMENT_3D('',#1833,#1454,#1455);
#1199=AXIS2_PLACEMENT_3D('',#1834,#1456,#1457);
#1200=AXIS2_PLACEMENT_3D('',#1835,#1458,#1459);
#1201=AXIS2_PLACEMENT_3D('',#1837,#1460,#1461);
#1202=AXIS2_PLACEMENT_3D('',#1839,#1462,#1463);
#1203=AXIS2_PLACEMENT_3D('',#1842,#1464,#1465);
#1204=AXIS2_PLACEMENT_3D('',#1862,#1466,#1467);
#1205=AXIS2_PLACEMENT_3D('',#1882,#1468,#1469);
#1206=AXIS2_PLACEMENT_3D('',#1896,#1470,#1471);
#1207=AXIS2_PLACEMENT_3D('',#1908,#1472,#1473);
#1208=AXIS2_PLACEMENT_3D('',#1911,#1475,#1476);
#1209=AXIS2_PLACEMENT_3D('',#1912,#1477,#1478);
#1210=AXIS2_PLACEMENT_3D('',#1913,#1479,#1480);
#1211=AXIS2_PLACEMENT_3D('',#1916,#1482,#1483);
#1212=AXIS2_PLACEMENT_3D('',#1917,#1484,#1485);
#1213=AXIS2_PLACEMENT_3D('',#1918,#1486,#1487);
#1214=AXIS2_PLACEMENT_3D('',#1920,#1488,#1489);
#1215=AXIS2_PLACEMENT_3D('',#1922,#1490,#1491);
#1216=AXIS2_PLACEMENT_3D('',#1925,#1492,#1493);
#1217=AXIS2_PLACEMENT_3D('',#1939,#1494,#1495);
#1218=AXIS2_PLACEMENT_3D('',#1953,#1496,#1497);
#1219=AXIS2_PLACEMENT_3D('',#1973,#1498,#1499);
#1220=AXIS2_PLACEMENT_3D('',#1991,#1500,#1501);
#1221=AXIS2_PLACEMENT_3D('',#1994,#1504,#1505);
#1222=AXIS2_PLACEMENT_3D('',#1996,#1507,#1508);
#1223=AXIS2_PLACEMENT_3D('',#1999,#1511,#1512);
#1224=AXIS2_PLACEMENT_3D('',#2000,#1513,#1514);
#1225=AXIS2_PLACEMENT_3D('',#2002,#1516,#1517);
#1226=AXIS2_PLACEMENT_3D('',#2004,#1519,#1520);
#1227=AXIS2_PLACEMENT_3D('',#2006,#1522,#1523);
#1228=AXIS2_PLACEMENT_3D('',#2007,#1524,#1525);
#1229=AXIS2_PLACEMENT_3D('',#2009,#1526,#1527);
#1230=AXIS2_PLACEMENT_3D('',#2011,#1529,#1530);
#1231=AXIS2_PLACEMENT_3D('',#2012,#1531,#1532);
#1232=AXIS2_PLACEMENT_3D('',#2014,#1534,#1535);
#1233=AXIS2_PLACEMENT_3D('',#2017,#1536,#1537);
#1234=AXIS2_PLACEMENT_3D('',#2018,#1538,#1539);
#1235=AXIS2_PLACEMENT_3D('',#2019,#1540,#1541);
#1236=AXIS2_PLACEMENT_3D('',#2162,#1542,#1543);
#1237=AXIS2_PLACEMENT_3D('',#2163,#1544,#1545);
#1238=AXIS2_PLACEMENT_3D('',#2172,#1549,#1550);
#1239=AXIS2_PLACEMENT_3D('',#2179,#1554,#1555);
#1240=AXIS2_PLACEMENT_3D('',#2180,#1556,#1557);
#1241=AXIS2_PLACEMENT_3D('',#2182,#1558,#1559);
#1242=AXIS2_PLACEMENT_3D('',#2186,#1562,#1563);
#1243=AXIS2_PLACEMENT_3D('',#2191,#1565,#1566);
#1244=AXIS2_PLACEMENT_3D('',#2196,#1569,#1570);
#1245=AXIS2_PLACEMENT_3D('',#2200,#1573,#1574);
#1246=AXIS2_PLACEMENT_3D('',#2201,#1575,#1576);
#1247=AXIS2_PLACEMENT_3D('',#2203,#1578,#1579);
#1248=AXIS2_PLACEMENT_3D('',#2204,#1580,#1581);
#1249=AXIS2_PLACEMENT_3D('',#2206,#1583,#1584);
#1250=AXIS2_PLACEMENT_3D('',#2207,#1585,#1586);
#1251=AXIS2_PLACEMENT_3D('',#2209,#1588,#1589);
#1252=AXIS2_PLACEMENT_3D('',#2210,#1590,#1591);
#1253=AXIS2_PLACEMENT_3D('',#2211,#1592,#1593);
#1254=AXIS2_PLACEMENT_3D('',#2212,#1594,#1595);
#1255=DIRECTION('axis',(0.,0.,1.));
#1256=DIRECTION('refdir',(1.,0.,0.));
#1257=DIRECTION('center_axis',(0.,0.,1.));
#1258=DIRECTION('ref_axis',(1.,0.,0.));
#1259=DIRECTION('center_axis',(0.,0.,1.));
#1260=DIRECTION('ref_axis',(1.,0.,0.));
#1261=DIRECTION('',(0.,0.,1.));
#1262=DIRECTION('center_axis',(0.,0.,1.));
#1263=DIRECTION('ref_axis',(1.,0.,0.));
#1264=DIRECTION('center_axis',(0.,0.,-1.));
#1265=DIRECTION('ref_axis',(1.,0.,0.));
#1266=DIRECTION('center_axis',(0.,0.,1.));
#1267=DIRECTION('ref_axis',(1.,0.,0.));
#1268=DIRECTION('center_axis',(0.,0.,1.));
#1269=DIRECTION('ref_axis',(1.,0.,0.));
#1270=DIRECTION('',(0.,0.,1.));
#1271=DIRECTION('center_axis',(0.,0.,1.));
#1272=DIRECTION('ref_axis',(1.,0.,0.));
#1273=DIRECTION('center_axis',(0.,0.,-1.));
#1274=DIRECTION('ref_axis',(1.,0.,0.));
#1275=DIRECTION('center_axis',(0.,0.,1.));
#1276=DIRECTION('ref_axis',(1.,0.,0.));
#1277=DIRECTION('center_axis',(0.,0.,1.));
#1278=DIRECTION('ref_axis',(1.,0.,0.));
#1279=DIRECTION('',(0.,0.,1.));
#1280=DIRECTION('center_axis',(0.,0.,1.));
#1281=DIRECTION('ref_axis',(1.,0.,0.));
#1282=DIRECTION('center_axis',(0.,0.,-1.));
#1283=DIRECTION('ref_axis',(1.,0.,0.));
#1284=DIRECTION('center_axis',(0.,0.,1.));
#1285=DIRECTION('ref_axis',(1.,0.,0.));
#1286=DIRECTION('',(0.500073766845014,-0.865982810287501,0.));
#1287=DIRECTION('',(-0.865982810287502,-0.500073766845013,0.));
#1288=DIRECTION('',(-0.500073766845014,0.865982810287501,0.));
#1289=DIRECTION('',(0.865982810287501,0.500073766845014,0.));
#1290=DIRECTION('center_axis',(-0.500073766845013,0.865982810287502,0.));
#1291=DIRECTION('ref_axis',(-0.865982810287502,-0.500073766845013,0.));
#1292=DIRECTION('',(0.,0.,1.));
#1293=DIRECTION('center_axis',(0.500073766845013,-0.865982810287502,0.));
#1294=DIRECTION('ref_axis',(0.,0.,-1.));
#1295=DIRECTION('',(0.,0.,1.));
#1296=DIRECTION('center_axis',(-0.865982810287502,-0.500073766845014,0.));
#1297=DIRECTION('ref_axis',(0.500073766845014,-0.865982810287501,0.));
#1298=DIRECTION('',(0.,0.,1.));
#1299=DIRECTION('center_axis',(0.865982810287502,0.500073766845014,0.));
#1300=DIRECTION('ref_axis',(0.,0.,1.));
#1301=DIRECTION('center_axis',(0.,0.,1.));
#1302=DIRECTION('ref_axis',(1.,0.,0.));
#1303=DIRECTION('',(-0.999999996372123,-8.51807102070379E-5,0.));
#1304=DIRECTION('',(-8.51807102075775E-5,0.999999996372123,0.));
#1305=DIRECTION('',(0.999999996372123,8.51807102070379E-5,0.));
#1306=DIRECTION('',(8.51807102075775E-5,-0.999999996372123,0.));
#1307=DIRECTION('center_axis',(0.999999996372123,8.51807102075775E-5,0.));
#1308=DIRECTION('ref_axis',(-8.51807102075775E-5,0.999999996372123,0.));
#1309=DIRECTION('',(0.,0.,1.));
#1310=DIRECTION('center_axis',(-0.999999996372123,-8.51807102075775E-5,
0.));
#1311=DIRECTION('ref_axis',(0.,0.,1.));
#1312=DIRECTION('',(0.,0.,1.));
#1313=DIRECTION('center_axis',(-8.51807102070379E-5,0.999999996372123,0.));
#1314=DIRECTION('ref_axis',(-0.999999996372123,-8.51807102070379E-5,0.));
#1315=DIRECTION('',(0.,0.,1.));
#1316=DIRECTION('center_axis',(8.51807102070379E-5,-0.999999996372123,0.));
#1317=DIRECTION('ref_axis',(0.,0.,-1.));
#1318=DIRECTION('center_axis',(0.,0.,1.));
#1319=DIRECTION('ref_axis',(1.,0.,0.));
#1320=DIRECTION('',(-0.49992622952711,-0.866067990997709,0.));
#1321=DIRECTION('',(-0.866067990997709,0.49992622952711,0.));
#1322=DIRECTION('',(0.49992622952711,0.866067990997709,0.));
#1323=DIRECTION('',(0.866067990997709,-0.49992622952711,0.));
#1324=DIRECTION('center_axis',(0.49992622952711,0.866067990997709,0.));
#1325=DIRECTION('ref_axis',(-0.866067990997709,0.49992622952711,0.));
#1326=DIRECTION('',(0.,0.,1.));
#1327=DIRECTION('center_axis',(-0.49992622952711,-0.866067990997709,0.));
#1328=DIRECTION('ref_axis',(0.,0.,-1.));
#1329=DIRECTION('',(0.,0.,1.));
#1330=DIRECTION('center_axis',(-0.866067990997709,0.49992622952711,0.));
#1331=DIRECTION('ref_axis',(-0.49992622952711,-0.866067990997709,0.));
#1332=DIRECTION('',(0.,0.,1.));
#1333=DIRECTION('center_axis',(0.866067990997709,-0.49992622952711,0.));
#1334=DIRECTION('ref_axis',(0.,0.,-1.));
#1335=DIRECTION('center_axis',(0.500073766845014,-0.865982810287502,0.));
#1336=DIRECTION('ref_axis',(0.865982810287501,0.500073766845014,0.));
#1337=DIRECTION('',(0.,0.,1.));
#1338=DIRECTION('center_axis',(-0.500073766845014,0.865982810287502,0.));
#1339=DIRECTION('ref_axis',(0.,0.,1.));
#1340=DIRECTION('center_axis',(0.865982810287501,0.500073766845014,0.));
#1341=DIRECTION('ref_axis',(-0.500073766845014,0.865982810287501,0.));
#1342=DIRECTION('center_axis',(-0.865982810287501,-0.500073766845014,0.));
#1343=DIRECTION('ref_axis',(0.,0.,-1.));
#1344=DIRECTION('center_axis',(-0.999999996372123,-8.51807102075775E-5,
0.));
#1345=DIRECTION('ref_axis',(8.51807102075775E-5,-0.999999996372123,0.));
#1346=DIRECTION('',(0.,0.,1.));
#1347=DIRECTION('center_axis',(0.999999996372123,8.51807102075775E-5,0.));
#1348=DIRECTION('ref_axis',(0.,0.,-1.));
#1349=DIRECTION('center_axis',(8.51807102070379E-5,-0.999999996372123,0.));
#1350=DIRECTION('ref_axis',(0.999999996372123,8.51807102070379E-5,0.));
#1351=DIRECTION('center_axis',(-8.51807102070379E-5,0.999999996372123,0.));
#1352=DIRECTION('ref_axis',(0.,0.,1.));
#1353=DIRECTION('center_axis',(-0.49992622952711,-0.866067990997709,0.));
#1354=DIRECTION('ref_axis',(0.866067990997709,-0.49992622952711,0.));
#1355=DIRECTION('',(0.,0.,1.));
#1356=DIRECTION('center_axis',(0.49992622952711,0.866067990997709,0.));
#1357=DIRECTION('ref_axis',(0.,0.,1.));
#1358=DIRECTION('center_axis',(0.866067990997709,-0.49992622952711,0.));
#1359=DIRECTION('ref_axis',(0.49992622952711,0.866067990997709,0.));
#1360=DIRECTION('center_axis',(-0.866067990997709,0.49992622952711,0.));
#1361=DIRECTION('ref_axis',(0.,0.,1.));
#1362=DIRECTION('center_axis',(0.,0.,-1.));
#1363=DIRECTION('ref_axis',(1.,0.,0.));
#1364=DIRECTION('center_axis',(0.,0.,-1.));
#1365=DIRECTION('ref_axis',(1.,0.,0.));
#1366=DIRECTION('center_axis',(0.,0.,1.));
#1367=DIRECTION('ref_axis',(1.,0.,0.));
#1368=DIRECTION('center_axis',(1.77076495008419E-15,-1.,0.));
#1369=DIRECTION('ref_axis',(1.,1.7707649500842E-15,0.));
#1370=DIRECTION('',(0.,0.,1.));
#1371=DIRECTION('',(1.,1.7707649500842E-15,0.));
#1372=DIRECTION('',(0.,0.,-1.));
#1373=DIRECTION('center_axis',(-1.77076495008419E-15,1.,0.));
#1374=DIRECTION('ref_axis',(0.,0.,1.));
#1375=DIRECTION('',(0.,0.,1.));
#1376=DIRECTION('',(1.,1.7707649500842E-15,0.));
#1377=DIRECTION('',(0.,0.,1.));
#1378=DIRECTION('center_axis',(-1.77076495008419E-15,1.,0.));
#1379=DIRECTION('ref_axis',(0.,0.,1.));
#1380=DIRECTION('center_axis',(-1.,-1.40423465565237E-15,0.));
#1381=DIRECTION('ref_axis',(1.40423465565237E-15,-1.,-3.11802729336368E-32));
#1382=DIRECTION('',(1.40423465565237E-15,-1.,-3.11802729336368E-32));
#1383=DIRECTION('',(0.,0.,1.));
#1384=DIRECTION('center_axis',(1.,1.40423465565237E-15,0.));
#1385=DIRECTION('ref_axis',(0.,0.,-1.));
#1386=DIRECTION('',(0.,0.,1.));
#1387=DIRECTION('center_axis',(0.,0.,1.));
#1388=DIRECTION('ref_axis',(-4.44089209850062E-15,1.,0.));
#1389=DIRECTION('center_axis',(3.94430452610505E-31,1.75162308040602E-45,
1.));
#1390=DIRECTION('ref_axis',(-4.44089209850062E-15,1.,0.));
#1391=DIRECTION('',(0.,0.,1.));
#1392=DIRECTION('center_axis',(-1.75401840655955E-15,1.,0.));
#1393=DIRECTION('ref_axis',(-1.,-1.75401840655955E-15,-8.27765902645343E-33));
#1394=DIRECTION('',(0.,0.,-1.));
#1395=DIRECTION('center_axis',(1.75401840655955E-15,-1.,0.));
#1396=DIRECTION('ref_axis',(0.,0.,-1.));
#1397=DIRECTION('',(0.,0.,1.));
#1398=DIRECTION('',(-1.,-1.75401840655955E-15,-8.27765902645343E-33));
#1399=DIRECTION('center_axis',(1.75401840655955E-15,-1.,0.));
#1400=DIRECTION('ref_axis',(0.,0.,-1.));
#1401=DIRECTION('center_axis',(1.75401840655955E-15,-1.,0.));
#1402=DIRECTION('ref_axis',(0.,0.,-1.));
#1403=DIRECTION('',(0.,0.,1.));
#1404=DIRECTION('',(-1.,-1.75401840655955E-15,0.));
#1405=DIRECTION('center_axis',(0.,0.,1.));
#1406=DIRECTION('ref_axis',(1.,1.38777878078145E-16,0.));
#1407=DIRECTION('center_axis',(5.47382212626883E-47,-3.94430452610505E-31,
1.));
#1408=DIRECTION('ref_axis',(1.,1.38777878078145E-16,-6.07716335728629E-63));
#1409=DIRECTION('',(0.,0.,1.));
#1410=DIRECTION('center_axis',(1.,2.10635198347856E-15,0.));
#1411=DIRECTION('ref_axis',(-2.10635198347856E-15,1.,5.5387291080032E-47));
#1412=DIRECTION('',(-2.10635198347856E-15,1.,5.5387291080032E-47));
#1413=DIRECTION('center_axis',(-1.,-2.10635198347856E-15,0.));
#1414=DIRECTION('ref_axis',(0.,0.,1.));
#1415=DIRECTION('',(0.,0.,1.));
#1416=DIRECTION('center_axis',(0.,0.,1.));
#1417=DIRECTION('ref_axis',(0.,-1.,0.));
#1418=DIRECTION('center_axis',(7.08444593151145E-46,0.,1.));
#1419=DIRECTION('ref_axis',(0.,-1.,0.));
#1420=DIRECTION('center_axis',(0.,0.,1.));
#1421=DIRECTION('ref_axis',(-1.,0.,0.));
#1422=DIRECTION('center_axis',(0.,-3.94430452610505E-31,1.));
#1423=DIRECTION('ref_axis',(-1.,0.,0.));
#1424=DIRECTION('center_axis',(7.08444593151145E-46,0.,1.));
#1425=DIRECTION('ref_axis',(-1.,0.,7.08444593151145E-46));
#1426=DIRECTION('center_axis',(1.,0.,0.));
#1427=DIRECTION('ref_axis',(0.,1.,0.));
#1428=DIRECTION('',(-2.34834257299141E-16,-1.,0.));
#1429=DIRECTION('center_axis',(-1.,2.34834257299141E-16,0.));
#1430=DIRECTION('ref_axis',(0.,0.,1.));
#1431=DIRECTION('center_axis',(1.,0.,0.));
#1432=DIRECTION('ref_axis',(0.,1.,0.));
#1433=DIRECTION('center_axis',(-1.,2.34834257299141E-16,0.));
#1434=DIRECTION('ref_axis',(0.,0.,1.));
#1435=DIRECTION('',(-2.34834257299141E-16,-1.,0.));
#1436=DIRECTION('center_axis',(0.,0.,1.));
#1437=DIRECTION('ref_axis',(-1.,0.,0.));
#1438=DIRECTION('',(0.,1.,0.));
#1439=DIRECTION('center_axis',(0.,0.,1.));
#1440=DIRECTION('ref_axis',(0.,-1.,0.));
#1441=DIRECTION('center_axis',(0.,0.,1.));
#1442=DIRECTION('ref_axis',(1.,0.,0.));
#1443=DIRECTION('center_axis',(0.,0.,1.));
#1444=DIRECTION('ref_axis',(1.,0.,0.));
#1445=DIRECTION('center_axis',(0.,0.,1.));
#1446=DIRECTION('ref_axis',(-1.,0.,0.));
#1447=DIRECTION('center_axis',(0.,0.,1.));
#1448=DIRECTION('ref_axis',(0.,-1.,0.));
#1449=DIRECTION('',(0.,1.,0.));
#1450=DIRECTION('center_axis',(-1.,0.,0.));
#1451=DIRECTION('ref_axis',(0.,-1.,0.));
#1452=DIRECTION('center_axis',(1.,-2.34834257299141E-16,0.));
#1453=DIRECTION('ref_axis',(0.,0.,-1.));
#1454=DIRECTION('center_axis',(-1.,0.,0.));
#1455=DIRECTION('ref_axis',(0.,-1.,0.));
#1456=DIRECTION('center_axis',(1.,-2.34834257299141E-16,0.));
#1457=DIRECTION('ref_axis',(0.,0.,-1.));
#1458=DIRECTION('center_axis',(6.12323399573676E-17,0.,1.));
#1459=DIRECTION('ref_axis',(1.,0.,0.));
#1460=DIRECTION('center_axis',(0.,0.,-1.));
#1461=DIRECTION('ref_axis',(0.,1.,0.));
#1462=DIRECTION('center_axis',(1.22454612036835E-16,-1.,0.));
#1463=DIRECTION('ref_axis',(-1.,-1.22454612036835E-16,0.));
#1464=DIRECTION('center_axis',(1.,0.,0.));
#1465=DIRECTION('ref_axis',(0.,0.,-1.));
#1466=DIRECTION('center_axis',(0.,0.,-1.));
#1467=DIRECTION('ref_axis',(0.,1.,0.));
#1468=DIRECTION('center_axis',(-1.,0.,0.));
#1469=DIRECTION('ref_axis',(0.,0.,1.));
#1470=DIRECTION('center_axis',(0.,0.,1.));
#1471=DIRECTION('ref_axis',(0.,-1.,0.));
#1472=DIRECTION('center_axis',(0.,0.,1.));
#1473=DIRECTION('ref_axis',(1.,0.,0.));
#1474=DIRECTION('',(0.,0.,1.));
#1475=DIRECTION('center_axis',(0.,0.,1.));
#1476=DIRECTION('ref_axis',(1.,0.,0.));
#1477=DIRECTION('center_axis',(0.,0.,-1.));
#1478=DIRECTION('ref_axis',(1.,0.,0.));
#1479=DIRECTION('center_axis',(0.,0.,1.));
#1480=DIRECTION('ref_axis',(1.,0.,0.));
#1481=DIRECTION('',(0.,0.,1.));
#1482=DIRECTION('center_axis',(0.,0.,1.));
#1483=DIRECTION('ref_axis',(1.,0.,0.));
#1484=DIRECTION('center_axis',(0.,0.,-1.));
#1485=DIRECTION('ref_axis',(1.,0.,0.));
#1486=DIRECTION('center_axis',(6.12323399573677E-17,0.,1.));
#1487=DIRECTION('ref_axis',(1.,0.,0.));
#1488=DIRECTION('center_axis',(0.,0.,-1.));
#1489=DIRECTION('ref_axis',(0.,-1.,0.));
#1490=DIRECTION('center_axis',(1.22471477403963E-16,-1.,0.));
#1491=DIRECTION('ref_axis',(-1.,-1.22471477403963E-16,0.));
#1492=DIRECTION('center_axis',(-1.,0.,0.));
#1493=DIRECTION('ref_axis',(0.,0.,-1.));
#1494=DIRECTION('center_axis',(0.,0.,-1.));
#1495=DIRECTION('ref_axis',(0.,-1.,0.));
#1496=DIRECTION('center_axis',(1.,0.,0.));
#1497=DIRECTION('ref_axis',(0.,0.,1.));
#1498=DIRECTION('center_axis',(0.,0.,1.));
#1499=DIRECTION('ref_axis',(0.,1.,0.));
#1500=DIRECTION('center_axis',(0.,-1.,0.));
#1501=DIRECTION('ref_axis',(-0.707106781186542,0.,-0.707106781186553));
#1502=DIRECTION('',(0.,-1.,0.));
#1503=DIRECTION('',(0.,1.,0.));
#1504=DIRECTION('center_axis',(-1.,0.,0.));
#1505=DIRECTION('ref_axis',(0.,0.,-1.));
#1506=DIRECTION('',(0.,1.,0.));
#1507=DIRECTION('center_axis',(0.,-1.,0.));
#1508=DIRECTION('ref_axis',(0.707106781186542,0.,-0.707106781186553));
#1509=DIRECTION('',(0.,-1.,0.));
#1510=DIRECTION('',(0.,1.,0.));
#1511=DIRECTION('center_axis',(0.,0.,-1.));
#1512=DIRECTION('ref_axis',(1.,0.,0.));
#1513=DIRECTION('center_axis',(0.,-1.,0.));
#1514=DIRECTION('ref_axis',(-0.707106781186542,0.,0.707106781186553));
#1515=DIRECTION('',(0.,-1.,0.));
#1516=DIRECTION('center_axis',(0.,0.,1.));
#1517=DIRECTION('ref_axis',(-1.,0.,0.));
#1518=DIRECTION('',(0.,1.,0.));
#1519=DIRECTION('center_axis',(0.,-1.,0.));
#1520=DIRECTION('ref_axis',(0.707106781186542,0.,0.707106781186553));
#1521=DIRECTION('',(0.,-1.,0.));
#1522=DIRECTION('center_axis',(1.,0.,0.));
#1523=DIRECTION('ref_axis',(0.,0.,1.));
#1524=DIRECTION('center_axis',(0.,0.,1.));
#1525=DIRECTION('ref_axis',(1.,0.,0.));
#1526=DIRECTION('center_axis',(0.,0.,-1.));
#1527=DIRECTION('ref_axis',(1.,0.,0.));
#1528=DIRECTION('',(0.,0.,-1.));
#1529=DIRECTION('center_axis',(0.,0.,-1.));
#1530=DIRECTION('ref_axis',(1.,0.,0.));
#1531=DIRECTION('center_axis',(0.,0.,-1.));
#1532=DIRECTION('ref_axis',(1.,0.,0.));
#1533=DIRECTION('',(0.,0.,1.));
#1534=DIRECTION('center_axis',(0.,0.,-1.));
#1535=DIRECTION('ref_axis',(1.,0.,0.));
#1536=DIRECTION('center_axis',(0.,0.,-1.));
#1537=DIRECTION('ref_axis',(1.,0.,0.));
#1538=DIRECTION('center_axis',(0.,1.22464679914735E-16,1.));
#1539=DIRECTION('ref_axis',(1.,0.,0.));
#1540=DIRECTION('center_axis',(0.,0.,1.));
#1541=DIRECTION('ref_axis',(-1.75651677047435E-10,1.,0.));
#1542=DIRECTION('center_axis',(-1.07534012551261E-26,6.12453760546256E-17,
1.));
#1543=DIRECTION('ref_axis',(-1.75615904981287E-10,1.,0.));
#1544=DIRECTION('center_axis',(-1.75401840655955E-15,1.,0.));
#1545=DIRECTION('ref_axis',(-1.,-1.75401840655955E-15,-8.27765902645343E-33));
#1546=DIRECTION('',(0.,0.,1.));
#1547=DIRECTION('',(1.,1.75401840655955E-15,0.));
#1548=DIRECTION('',(0.,0.,-1.));
#1549=DIRECTION('center_axis',(-1.75401840655955E-15,1.,0.));
#1550=DIRECTION('ref_axis',(0.,0.,1.));
#1551=DIRECTION('',(0.,0.,-1.));
#1552=DIRECTION('',(-1.,-1.75401840655955E-15,7.08444593151145E-46));
#1553=DIRECTION('',(0.,0.,-1.));
#1554=DIRECTION('center_axis',(-1.75401840655955E-15,1.,0.));
#1555=DIRECTION('ref_axis',(0.,0.,1.));
#1556=DIRECTION('center_axis',(-1.,-1.40423465565237E-15,0.));
#1557=DIRECTION('ref_axis',(1.40423465565237E-15,-1.,-3.11802729336368E-32));
#1558=DIRECTION('center_axis',(-1.,-1.40423465565237E-15,0.));
#1559=DIRECTION('ref_axis',(0.,0.,1.));
#1560=DIRECTION('',(0.,0.,1.));
#1561=DIRECTION('',(1.40423465565237E-15,-1.,-9.94822449312382E-61));
#1562=DIRECTION('center_axis',(1.77076495008419E-15,-1.,0.));
#1563=DIRECTION('ref_axis',(1.,1.7707649500842E-15,0.));
#1564=DIRECTION('',(0.,0.,-1.));
#1565=DIRECTION('center_axis',(1.77076495008419E-15,-1.,0.));
#1566=DIRECTION('ref_axis',(0.,0.,-1.));
#1567=DIRECTION('',(0.,0.,-1.));
#1568=DIRECTION('',(1.,1.7707649500842E-15,-7.08444593151145E-46));
#1569=DIRECTION('center_axis',(1.77076495008419E-15,-1.,0.));
#1570=DIRECTION('ref_axis',(0.,0.,-1.));
#1571=DIRECTION('',(0.,0.,1.));
#1572=DIRECTION('',(-1.,-1.7707649500842E-15,0.));
#1573=DIRECTION('center_axis',(1.,2.10635198347856E-15,0.));
#1574=DIRECTION('ref_axis',(-2.10635198347856E-15,1.,5.5387291080032E-47));
#1575=DIRECTION('center_axis',(1.,2.10635198347856E-15,0.));
#1576=DIRECTION('ref_axis',(0.,0.,-1.));
#1577=DIRECTION('',(-2.10635198347856E-15,1.,1.49223367396857E-60));
#1578=DIRECTION('center_axis',(7.08444593151145E-46,0.,1.));
#1579=DIRECTION('ref_axis',(-1.,0.,7.08444593151145E-46));
#1580=DIRECTION('center_axis',(1.,0.,0.));
#1581=DIRECTION('ref_axis',(0.,1.,0.));
#1582=DIRECTION('',(-2.34834257299141E-16,-1.,0.));
#1583=DIRECTION('center_axis',(-1.,2.34834257299141E-16,0.));
#1584=DIRECTION('ref_axis',(0.,0.,1.));
#1585=DIRECTION('center_axis',(0.,0.,1.));
#1586=DIRECTION('ref_axis',(-1.,0.,0.));
#1587=DIRECTION('',(0.,1.,0.));
#1588=DIRECTION('center_axis',(-1.,0.,0.));
#1589=DIRECTION('ref_axis',(0.,-1.,0.));
#1590=DIRECTION('center_axis',(1.,-2.34834257299141E-16,0.));
#1591=DIRECTION('ref_axis',(0.,0.,-1.));
#1592=DIRECTION('center_axis',(6.12323399573676E-17,0.,1.));
#1593=DIRECTION('ref_axis',(1.,0.,0.));
#1594=DIRECTION('center_axis',(6.12323399573676E-17,0.,1.));
#1595=DIRECTION('ref_axis',(1.,0.,0.));
#1596=CARTESIAN_POINT('',(0.,0.,0.));
#1597=CARTESIAN_POINT('Origin',(-32.3797764032142,56.0975859354034,221.869079225206));
#1598=CARTESIAN_POINT('',(-33.8797764032142,56.0975859354034,223.119079225206));
#1599=CARTESIAN_POINT('Origin',(-32.3797764032142,56.0975859354034,223.119079225206));
#1600=CARTESIAN_POINT('',(-33.8797764032142,56.0975859354034,231.869079225206));
#1601=CARTESIAN_POINT('',(-33.8797764032142,56.0975859354034,221.869079225206));
#1602=CARTESIAN_POINT('Origin',(-32.3797764032142,56.0975859354034,231.869079225206));
#1603=CARTESIAN_POINT('Origin',(-32.3797764032142,56.0975859354034,231.869079225206));
#1604=CARTESIAN_POINT('Origin',(-32.3702233618805,-56.052703447814,221.869079225206));
#1605=CARTESIAN_POINT('',(-33.8702233618805,-56.052703447814,223.119079225206));
#1606=CARTESIAN_POINT('Origin',(-32.3702233618805,-56.052703447814,223.119079225206));
#1607=CARTESIAN_POINT('',(-33.8702233618805,-56.052703447814,231.869079225206));
#1608=CARTESIAN_POINT('',(-33.8702233618805,-56.052703447814,221.869079225206));
#1609=CARTESIAN_POINT('Origin',(-32.3702233618805,-56.052703447814,231.869079225206));
#1610=CARTESIAN_POINT('Origin',(-32.3702233618805,-56.052703447814,231.869079225206));
#1611=CARTESIAN_POINT('Origin',(64.7499997650952,0.0307144202731651,221.869079225206));
#1612=CARTESIAN_POINT('',(63.2499997650952,0.0307144202731649,223.119079225206));
#1613=CARTESIAN_POINT('Origin',(64.7499997650952,0.0307144202731651,223.119079225206));
#1614=CARTESIAN_POINT('',(63.2499997650952,0.0307144202731653,231.869079225206));
#1615=CARTESIAN_POINT('',(63.2499997650952,0.0307144202731649,221.869079225206));
#1616=CARTESIAN_POINT('Origin',(64.7499997650952,0.0307144202731651,231.869079225206));
#1617=CARTESIAN_POINT('Origin',(64.7499997650952,0.0307144202731652,231.869079225206));
#1618=CARTESIAN_POINT('Origin',(-32.3467324991736,56.0403634718767,223.119079225206));
#1619=CARTESIAN_POINT('',(-37.6528964619518,57.230281479548,223.119079225206));
#1620=CARTESIAN_POINT('',(-33.9684310186954,50.8498553294452,223.119079225206));
#1621=CARTESIAN_POINT('',(-36.7317801011377,55.6351749420223,223.119079225206));
#1622=CARTESIAN_POINT('',(-30.7250339796518,61.2308716143081,223.119079225206));
#1623=CARTESIAN_POINT('',(-32.4569996002268,60.2307240806181,223.119079225206));
#1624=CARTESIAN_POINT('',(-27.0405685363954,54.8504454642053,223.119079225206));
#1625=CARTESIAN_POINT('',(-27.9616848972095,56.445552001731,223.119079225206));
#1626=CARTESIAN_POINT('',(-32.2364653981204,51.8500028631352,223.119079225206));
#1627=CARTESIAN_POINT('Origin',(-30.7250339796518,61.2308716143081,221.869079225206));
#1628=CARTESIAN_POINT('',(-37.6528964619518,57.230281479548,250.42822798328));
#1629=CARTESIAN_POINT('',(-37.6528964619518,57.230281479548,221.869079225206));
#1630=CARTESIAN_POINT('',(-30.7250339796518,61.2308716143081,250.42822798328));
#1631=CARTESIAN_POINT('Origin',(-34.188965220802,59.230576546928,228.205763605543));
#1632=CARTESIAN_POINT('',(-30.7250339796518,61.2308716143081,221.869079225206));
#1633=CARTESIAN_POINT('Origin',(-37.6528964619518,57.230281479548,221.869079225206));
#1634=CARTESIAN_POINT('',(-33.9684310186954,50.8498553294452,266.245216808763));
#1635=CARTESIAN_POINT('',(-33.9684310186954,50.8498553294452,221.869079225206));
#1636=CARTESIAN_POINT('Origin',(-3.46393124114957,-1.97509609809237,228.205763605543));
#1637=CARTESIAN_POINT('Origin',(64.6839217059936,0.0307087916971421,223.119079225206));
#1638=CARTESIAN_POINT('',(68.3675029104466,4.03102257627289,223.119079225206));
#1639=CARTESIAN_POINT('',(60.9996590558589,4.03039497809838,223.119079225206));
#1640=CARTESIAN_POINT('',(66.5255419467997,4.03086567672926,223.119079225206));
#1641=CARTESIAN_POINT('',(68.3681843561283,-3.9689773947041,223.119079225206));
#1642=CARTESIAN_POINT('',(68.3680139947079,-1.96897740195985,223.119079225206));
#1643=CARTESIAN_POINT('',(61.0003405015405,-3.9696049928786,223.119079225206));
#1644=CARTESIAN_POINT('',(62.8423014651875,-3.96944809333498,223.119079225206));
#1645=CARTESIAN_POINT('',(60.9998294172793,2.03039498535413,223.119079225206));
#1646=CARTESIAN_POINT('Origin',(68.3681843561283,-3.9689773947041,221.869079225206));
#1647=CARTESIAN_POINT('',(68.3675029104466,4.03102257627289,250.42822798328));
#1648=CARTESIAN_POINT('',(68.3675029104466,4.03102257627289,221.869079225206));
#1649=CARTESIAN_POINT('',(68.3681843561283,-3.9689773947041,250.42822798328));
#1650=CARTESIAN_POINT('Origin',(68.3678436332875,0.0310225907847012,228.205763605543));
#1651=CARTESIAN_POINT('',(68.3681843561283,-3.9689773947041,221.869079225206));
#1652=CARTESIAN_POINT('Origin',(68.3675029104466,4.03102257627289,221.869079225206));
#1653=CARTESIAN_POINT('',(60.9996590558589,4.03039497809838,266.245216808763));
#1654=CARTESIAN_POINT('',(60.9996590558589,4.03039497809838,221.869079225206));
#1655=CARTESIAN_POINT('Origin',(-0.000340722840650493,4.02519895477575,
228.205763605543));
#1656=CARTESIAN_POINT('Origin',(-32.3371892068195,-55.9954753557112,223.119079225206));
#1657=CARTESIAN_POINT('',(-33.9597719651446,-50.8052435634641,223.119079225206));
#1658=CARTESIAN_POINT('',(-37.643150376476,-57.1862973117414,223.119079225206));
#1659=CARTESIAN_POINT('',(-34.8806165679775,-52.4005070005335,223.119079225206));
#1660=CARTESIAN_POINT('',(-27.0312280371629,-54.804653399681,223.119079225206));
#1661=CARTESIAN_POINT('',(-28.7633640191584,-53.8048009406268,223.119079225206));
#1662=CARTESIAN_POINT('',(-30.7146064484943,-61.1857071479583,223.119079225206));
#1663=CARTESIAN_POINT('',(-29.7937618456615,-59.590443710889,223.119079225206));
#1664=CARTESIAN_POINT('',(-35.9110143944806,-58.1861497707957,223.119079225206));
#1665=CARTESIAN_POINT('Origin',(-27.0312280371629,-54.804653399681,221.869079225206));
#1666=CARTESIAN_POINT('',(-33.9597719651446,-50.8052435634641,266.245216808763));
#1667=CARTESIAN_POINT('',(-33.9597719651446,-50.8052435634641,221.869079225206));
#1668=CARTESIAN_POINT('',(-27.0312280371629,-54.804653399681,266.245216808763));
#1669=CARTESIAN_POINT('Origin',(-30.4955000011535,-52.8049484815727,228.205763605543));
#1670=CARTESIAN_POINT('',(-27.0312280371629,-54.804653399681,221.869079225206));
#1671=CARTESIAN_POINT('Origin',(-33.9597719651446,-50.8052435634641,221.869079225206));
#1672=CARTESIAN_POINT('',(-37.643150376476,-57.1862973117414,250.42822798328));
#1673=CARTESIAN_POINT('',(-37.643150376476,-57.1862973117414,221.869079225206));
#1674=CARTESIAN_POINT('Origin',(-3.46427196399091,2.02490388739611,228.205763605543));
#1675=CARTESIAN_POINT('Origin',(-33.9684310186954,50.8498553294452,221.869079225206));
#1676=CARTESIAN_POINT('',(-27.0405685363954,54.8504454642053,266.245216808763));
#1677=CARTESIAN_POINT('',(-27.0405685363954,54.8504454642053,221.869079225206));
#1678=CARTESIAN_POINT('Origin',(-30.5044997775457,52.8501503968251,228.205763605543));
#1679=CARTESIAN_POINT('Origin',(-27.0405685363954,54.8504454642053,221.869079225206));
#1680=CARTESIAN_POINT('Origin',(3.46393124115049,2.02549403666776,228.205763605543));
#1681=CARTESIAN_POINT('Origin',(60.9996590558589,4.03039497809838,221.869079225206));
#1682=CARTESIAN_POINT('',(61.0003405015405,-3.9696049928786,266.245216808763));
#1683=CARTESIAN_POINT('',(61.0003405015405,-3.9696049928786,221.869079225206));
#1684=CARTESIAN_POINT('Origin',(60.9999997786997,0.0303949926101921,228.205763605543));
#1685=CARTESIAN_POINT('Origin',(61.0003405015405,-3.9696049928786,221.869079225206));
#1686=CARTESIAN_POINT('Origin',(0.00034072284100581,-3.97480101620123,228.205763605543));
#1687=CARTESIAN_POINT('Origin',(-37.643150376476,-57.1862973117414,221.869079225206));
#1688=CARTESIAN_POINT('',(-30.7146064484943,-61.1857071479583,250.42822798328));
#1689=CARTESIAN_POINT('',(-30.7146064484943,-61.1857071479583,221.869079225206));
#1690=CARTESIAN_POINT('Origin',(-34.1788784124849,-59.18600222985,228.205763605543));
#1691=CARTESIAN_POINT('Origin',(-30.7146064484943,-61.1857071479583,221.869079225206));
#1692=CARTESIAN_POINT('Origin',(3.46427196399077,-1.97450594882077,228.205763605543));
#1693=CARTESIAN_POINT('Origin',(1.77635683940025E-13,0.0251989692875298,
213.205763605543));
#1694=CARTESIAN_POINT('',(-74.9999999999998,0.0251989692875387,213.205763605543));
#1695=CARTESIAN_POINT('Origin',(1.77635683940025E-13,0.0251989692875298,
213.205763605543));
#1696=CARTESIAN_POINT('',(-68.9860132084762,-8.44835002616975E-15,213.205763605543));
#1697=CARTESIAN_POINT('Origin',(0.,0.,213.205763605543));
#1698=CARTESIAN_POINT('Origin',(-39.6313708498991,-29.6999932188137,251.931377631084));
#1699=CARTESIAN_POINT('',(23.4500000000003,-29.6999932188136,278.482302798403));
#1700=CARTESIAN_POINT('',(23.4500000000003,-29.6999932188136,289.44717483504));
#1701=CARTESIAN_POINT('',(23.4500000000003,-29.6999932188136,265.206840214744));
#1702=CARTESIAN_POINT('',(13.4499999999999,-29.6999932188136,278.482302798403));
#1703=CARTESIAN_POINT('',(-10.5906854249495,-29.6999932188137,278.482302798403));
#1704=CARTESIAN_POINT('',(13.4499999999999,-29.6999932188136,292.389176177487));
#1705=CARTESIAN_POINT('',(13.4499999999999,-29.6999932188136,265.206840214744));
#1706=CARTESIAN_POINT('',(-39.6313708498991,-29.6999932188137,280.452939547771));
#1707=CARTESIAN_POINT('Origin',(2.30272012401231E-13,-29.6999932188136,
228.205763605543));
#1708=CARTESIAN_POINT('',(-39.6313708498991,-29.6999932188137,251.931377631084));
#1709=CARTESIAN_POINT('',(-39.6313708498991,-29.6999932188137,251.931377631084));
#1710=CARTESIAN_POINT('',(55.6686291501009,-29.6999932188135,251.931377631084));
#1711=CARTESIAN_POINT('',(-39.6313708498991,-29.6999932188137,251.931377631084));
#1712=CARTESIAN_POINT('',(55.6686291501009,-29.6999932188135,262.867221710028));
#1713=CARTESIAN_POINT('',(55.6686291501009,-29.6999932188135,251.931377631084));
#1714=CARTESIAN_POINT('Origin',(2.30272012401231E-13,-29.6999932188136,
228.205763605543));
#1715=CARTESIAN_POINT('Origin',(-41.6313708498991,-2.3999932188137,251.931377631084));
#1716=CARTESIAN_POINT('',(-41.6313708498991,-2.3999932188137,251.931377631084));
#1717=CARTESIAN_POINT('',(-41.6313708498991,-27.6999932188137,251.931377631084));
#1718=CARTESIAN_POINT('',(-41.6313708498991,-2.3999932188137,251.931377631084));
#1719=CARTESIAN_POINT('',(-41.6313708498991,-27.6999932188137,279.995170623687));
#1720=CARTESIAN_POINT('',(-41.6313708498991,-27.6999932188137,251.931377631084));
#1721=CARTESIAN_POINT('',(-41.6313708498991,-2.39999321881371,286.899437915547));
#1722=CARTESIAN_POINT('Origin',(-41.6313708498991,0.0251989692874714,228.205763605543));
#1723=CARTESIAN_POINT('',(-41.6313708498991,-2.3999932188137,251.931377631084));
#1724=CARTESIAN_POINT('Origin',(-39.6313708498991,-2.3999932188137,251.931377631084));
#1725=CARTESIAN_POINT('',(-39.6313708498991,-0.399993218813699,251.931377631084));
#1726=CARTESIAN_POINT('Origin',(-39.6313708498991,-2.3999932188137,251.931377631084));
#1727=CARTESIAN_POINT('',(-39.6313708498991,-0.399993218813699,288.315443825628));
#1728=CARTESIAN_POINT('Ctrl Pts',(-39.6313708498991,-0.399993218813699,
288.315443825628));
#1729=CARTESIAN_POINT('Ctrl Pts',(-39.8873392370301,-0.399993218813701,
288.146679359753));
#1730=CARTESIAN_POINT('Ctrl Pts',(-40.1615943463104,-0.451723021257248,
287.962989749608));
#1731=CARTESIAN_POINT('Ctrl Pts',(-40.6716533037093,-0.669471350987973,
287.61486427324));
#1732=CARTESIAN_POINT('Ctrl Pts',(-40.9074602664264,-0.835517072340628,
287.450449980833));
#1733=CARTESIAN_POINT('Ctrl Pts',(-41.2492286698238,-1.20266893560262,287.206243466882));
#1734=CARTESIAN_POINT('Ctrl Pts',(-41.3899051629677,-1.41377081912829,287.102925647242));
#1735=CARTESIAN_POINT('Ctrl Pts',(-41.5811612163567,-1.88677303166323,286.954567635791));
#1736=CARTESIAN_POINT('Ctrl Pts',(-41.6313708498991,-2.14891218704206,286.909812453587));
#1737=CARTESIAN_POINT('Ctrl Pts',(-41.6313708498991,-2.39999321881371,286.899437915547));
#1738=CARTESIAN_POINT('',(-39.6313708498991,-0.399993218813699,251.931377631084));
#1739=CARTESIAN_POINT('Origin',(55.6686291501009,-0.399993218813532,251.931377631084));
#1740=CARTESIAN_POINT('',(23.4500000000003,-0.399993218813589,296.278641549722));
#1741=CARTESIAN_POINT('',(23.4500000000003,-0.399993218813588,278.482302798403));
#1742=CARTESIAN_POINT('',(23.4500000000003,-0.399993218813588,265.206840214744));
#1743=CARTESIAN_POINT('',(55.6686291501009,-0.39999321881353,273.865624973617));
#1744=CARTESIAN_POINT('Origin',(1.7838147886428E-13,-0.39999321881363,228.205763605543));
#1745=CARTESIAN_POINT('',(55.6686291501009,-0.399993218813532,251.931377631084));
#1746=CARTESIAN_POINT('',(55.6686291501009,-0.399993218813532,251.931377631084));
#1747=CARTESIAN_POINT('',(55.6686291501009,-0.399993218813532,251.931377631084));
#1748=CARTESIAN_POINT('',(1.87198782065459E-13,-0.39999321881363,300.204508119618));
#1749=CARTESIAN_POINT('Origin',(1.7838147886428E-13,-0.39999321881363,228.205763605543));
#1750=CARTESIAN_POINT('',(13.4499999999999,-0.399993218813607,298.937062982856));
#1751=CARTESIAN_POINT('Origin',(1.7838147886428E-13,-0.39999321881363,228.205763605543));
#1752=CARTESIAN_POINT('',(13.4499999999999,-0.399993218813606,278.482302798403));
#1753=CARTESIAN_POINT('',(13.4499999999999,-0.399993218813607,265.206840214744));
#1754=CARTESIAN_POINT('',(37.0593145750505,-0.399993218813564,278.482302798403));
#1755=CARTESIAN_POINT('Origin',(55.6686291501009,-2.39999321881353,251.931377631084));
#1756=CARTESIAN_POINT('',(57.6686291501009,-2.39999321881353,251.931377631084));
#1757=CARTESIAN_POINT('Origin',(55.6686291501009,-2.39999321881353,251.931377631084));
#1758=CARTESIAN_POINT('',(57.6686291501009,-2.39999321881353,271.245833944692));
#1759=CARTESIAN_POINT('Ctrl Pts',(57.6686291501009,-2.39999321881353,271.245833944692));
#1760=CARTESIAN_POINT('Ctrl Pts',(57.6686291501009,-2.27336352957238,271.252969187054));
#1761=CARTESIAN_POINT('Ctrl Pts',(57.6564478879612,-2.14720316045055,271.275839097325));
#1762=CARTESIAN_POINT('Ctrl Pts',(57.6100443167739,-1.90370317172596,271.349463577705));
#1763=CARTESIAN_POINT('Ctrl Pts',(57.5758118676699,-1.78636832595085,271.400227544672));
#1764=CARTESIAN_POINT('Ctrl Pts',(57.4479548634957,-1.45684688059584,271.583251259871));
#1765=CARTESIAN_POINT('Ctrl Pts',(57.3282050346975,-1.26735691319964,271.74735924408));
#1766=CARTESIAN_POINT('Ctrl Pts',(57.0023051603755,-0.876349805755547,272.184148807287));
#1767=CARTESIAN_POINT('Ctrl Pts',(56.7515579259969,-0.693263278907379,272.510904886785));
#1768=CARTESIAN_POINT('Ctrl Pts',(56.2170943457647,-0.454524682519594,273.190307923763));
#1769=CARTESIAN_POINT('Ctrl Pts',(55.9331258836073,-0.399993218813538,273.543149825252));
#1770=CARTESIAN_POINT('Ctrl Pts',(55.6686291501008,-0.399993218813538,273.865624973617));
#1771=CARTESIAN_POINT('',(57.6686291501009,-2.39999321881353,251.931377631084));
#1772=CARTESIAN_POINT('Origin',(57.6686291501009,-27.6999932188136,251.931377631084));
#1773=CARTESIAN_POINT('',(57.6686291501009,-27.6999932188136,251.931377631084));
#1774=CARTESIAN_POINT('',(57.6686291501009,-27.6999932188136,251.931377631084));
#1775=CARTESIAN_POINT('',(57.6686291501009,-27.6999932188136,261.21550353304));
#1776=CARTESIAN_POINT('Origin',(57.6686291501009,0.0251989692876513,228.205763605543));
#1777=CARTESIAN_POINT('',(57.6686291501009,-27.6999932188136,251.931377631084));
#1778=CARTESIAN_POINT('Origin',(55.6686291501009,-27.6999932188136,251.931377631084));
#1779=CARTESIAN_POINT('Origin',(55.6686291501009,-27.6999932188136,251.931377631084));
#1780=CARTESIAN_POINT('Ctrl Pts',(55.6686291501009,-29.6999932188135,262.867221710028));
#1781=CARTESIAN_POINT('Ctrl Pts',(55.8947518907634,-29.6999932188135,262.504053404921));
#1782=CARTESIAN_POINT('Ctrl Pts',(56.1520452314832,-29.6610003769737,262.115598112076));
#1783=CARTESIAN_POINT('Ctrl Pts',(56.5439476802586,-29.5037761983338,261.595454816663));
#1784=CARTESIAN_POINT('Ctrl Pts',(56.6751037419247,-29.4354723425293,261.432964505895));
#1785=CARTESIAN_POINT('Ctrl Pts',(56.9347083453302,-29.2562460533461,261.146337082516));
#1786=CARTESIAN_POINT('Ctrl Pts',(57.0630265484344,-29.1468505395288,261.021130192948));
#1787=CARTESIAN_POINT('Ctrl Pts',(57.2542702414692,-28.9230104345182,260.885449500248));
#1788=CARTESIAN_POINT('Ctrl Pts',(57.3223459694738,-28.8308500782075,260.847623448638));
#1789=CARTESIAN_POINT('Ctrl Pts',(57.442637178608,-28.6308595142651,260.812322366715));
#1790=CARTESIAN_POINT('Ctrl Pts',(57.4947257279517,-28.5228912441125,260.815198089777));
#1791=CARTESIAN_POINT('Ctrl Pts',(57.5812848008464,-28.2991531036531,260.857631914486));
#1792=CARTESIAN_POINT('Ctrl Pts',(57.6169999313003,-28.1687665389191,260.907478743937));
#1793=CARTESIAN_POINT('Ctrl Pts',(57.6604451539711,-27.9203701716988,261.043832598501));
#1794=CARTESIAN_POINT('Ctrl Pts',(57.6686291501009,-27.8021088523648,261.129735648414));
#1795=CARTESIAN_POINT('Ctrl Pts',(57.6686291501009,-27.6999932188136,261.21550353304));
#1796=CARTESIAN_POINT('Origin',(-39.6313708498991,-27.6999932188137,251.931377631084));
#1797=CARTESIAN_POINT('Origin',(-39.6313708498991,-27.6999932188137,251.931377631084));
#1798=CARTESIAN_POINT('Ctrl Pts',(-41.6313708498991,-27.6999932188137,279.995170623687));
#1799=CARTESIAN_POINT('Ctrl Pts',(-41.6313708498991,-27.9267771004806,279.873763041202));
#1800=CARTESIAN_POINT('Ctrl Pts',(-41.5897409786767,-28.182840481098,279.768072331136));
#1801=CARTESIAN_POINT('Ctrl Pts',(-41.4472965189506,-28.5482282442273,279.68098871335));
#1802=CARTESIAN_POINT('Ctrl Pts',(-41.3868957153278,-28.6672340089232,279.663383069958));
#1803=CARTESIAN_POINT('Ctrl Pts',(-41.2445535054004,-28.8895578530365,279.653223136127));
#1804=CARTESIAN_POINT('Ctrl Pts',(-41.1626032033707,-28.9928706811399,279.660678569687));
#1805=CARTESIAN_POINT('Ctrl Pts',(-40.8747255905494,-29.2928825564032,279.720731014351));
#1806=CARTESIAN_POINT('Ctrl Pts',(-40.6306473573083,-29.453756040585,279.821994464127));
#1807=CARTESIAN_POINT('Ctrl Pts',(-40.1250980379461,-29.6571521107619,280.10015755133));
#1808=CARTESIAN_POINT('Ctrl Pts',(-39.8636039626045,-29.6999932188137,280.276782340281));
#1809=CARTESIAN_POINT('Ctrl Pts',(-39.6313708498991,-29.6999932188137,280.452939547771));
#1810=CARTESIAN_POINT('Origin',(8.01862915010091,-15.0499932188136,251.931377631084));
#1811=CARTESIAN_POINT('Origin',(23.4500000000003,13.9831567526329,278.482302798403));
#1812=CARTESIAN_POINT('',(23.4500000000003,45.9203741709222,278.482302798403));
#1813=CARTESIAN_POINT('',(23.4500000000003,13.9831567526329,278.482302798403));
#1814=CARTESIAN_POINT('Origin',(23.4500000000003,0.0251989692875243,228.205763605543));
#1815=CARTESIAN_POINT('Origin',(23.4500000000003,13.9831567526329,278.482302798403));
#1816=CARTESIAN_POINT('',(23.4500000000003,-45.8699762323472,278.482302798403));
#1817=CARTESIAN_POINT('Origin',(23.4500000000003,0.0251989692875243,228.205763605543));
#1818=CARTESIAN_POINT('',(23.4500000000003,13.9831567526329,278.482302798403));
#1819=CARTESIAN_POINT('Origin',(18.4500000000001,31.9915788606042,278.482302798403));
#1820=CARTESIAN_POINT('',(13.4499999999999,49.7782602498636,278.482302798403));
#1821=CARTESIAN_POINT('',(13.4499999999999,43.0000009685755,278.482302798403));
#1822=CARTESIAN_POINT('Origin',(1.77635683940025E-13,0.0251989692875298,
278.482302798403));
#1823=CARTESIAN_POINT('',(16.9500000000001,19.408876698821,278.482302798403));
#1824=CARTESIAN_POINT('Origin',(18.4500000000001,19.408876698821,278.482302798403));
#1825=CARTESIAN_POINT('',(16.9500000000001,2.15391790435322,278.482302798403));
#1826=CARTESIAN_POINT('Origin',(18.4500000000001,2.15391790435322,278.482302798403));
#1827=CARTESIAN_POINT('Origin',(18.4500000000001,31.9915788606042,278.482302798403));
#1828=CARTESIAN_POINT('',(13.4499999999998,-49.7278623112885,278.482302798403));
#1829=CARTESIAN_POINT('Origin',(1.77635683940025E-13,0.0251989692875298,
278.482302798403));
#1830=CARTESIAN_POINT('',(13.4499999999999,43.0000009685755,278.482302798403));
#1831=CARTESIAN_POINT('Origin',(13.4499999999999,50.0000009685755,278.482302798403));
#1832=CARTESIAN_POINT('Origin',(13.4499999999998,0.0251989692875267,228.205763605543));
#1833=CARTESIAN_POINT('Origin',(13.4499999999999,50.0000009685755,278.482302798403));
#1834=CARTESIAN_POINT('Origin',(13.4499999999998,0.0251989692875267,228.205763605543));
#1835=CARTESIAN_POINT('Origin',(1.77635683940025E-13,0.0251989692875298,
228.205763605543));
#1836=CARTESIAN_POINT('',(-71.9374728496906,0.025198969287521,231.205763605543));
#1837=CARTESIAN_POINT('Origin',(1.77635683940025E-13,0.0251989692875298,
231.205763605543));
#1838=CARTESIAN_POINT('',(1.73226955463095E-13,0.0251989692875298,300.205763605543));
#1839=CARTESIAN_POINT('Origin',(1.77635683940025E-13,0.0251989692875298,
228.205763605543));
#1840=CARTESIAN_POINT('',(-5.,68.4650357603152,250.));
#1841=CARTESIAN_POINT('',(-5.,49.7882080856488,280.));
#1842=CARTESIAN_POINT('Origin',(-5.,0.0251989692875298,228.205763605543));
#1843=CARTESIAN_POINT('',(-4.,48.8183194221356,281.));
#1844=CARTESIAN_POINT('Ctrl Pts',(-4.00000000000001,48.8183194221356,281.));
#1845=CARTESIAN_POINT('Ctrl Pts',(-4.00363334287972,48.8180215651553,281.));
#1846=CARTESIAN_POINT('Ctrl Pts',(-4.00726780672381,48.81774463384,280.999980197704));
#1847=CARTESIAN_POINT('Ctrl Pts',(-4.07816542019309,48.8127530461827,280.999207149089));
#1848=CARTESIAN_POINT('Ctrl Pts',(-4.14638928516411,48.815285970212,280.991553160206));
#1849=CARTESIAN_POINT('Ctrl Pts',(-4.2791390101358,48.8350770301646,280.962654014145));
#1850=CARTESIAN_POINT('Ctrl Pts',(-4.34366425973743,48.8523367170048,280.941407115236));
#1851=CARTESIAN_POINT('Ctrl Pts',(-4.52471164629678,48.922292829262,280.861444984062));
#1852=CARTESIAN_POINT('Ctrl Pts',(-4.62858003553592,48.9940841379176,280.785633526837));
#1853=CARTESIAN_POINT('Ctrl Pts',(-4.70710678118654,49.0706076280373,280.707106781187));
#1854=CARTESIAN_POINT('Ctrl Pts',(-4.80439170908793,49.1654107700416,280.609821853285));
#1855=CARTESIAN_POINT('Ctrl Pts',(-4.87950924008697,49.2818100658422,280.4935151349));
#1856=CARTESIAN_POINT('Ctrl Pts',(-4.97682478571425,49.5284956557734,280.25081273953));
#1857=CARTESIAN_POINT('Ctrl Pts',(-4.99896525800108,49.6587893803678,280.124401546118));
#1858=CARTESIAN_POINT('Ctrl Pts',(-4.99998758118733,49.7822248068411,280.005749330433));
#1859=CARTESIAN_POINT('Ctrl Pts',(-5.,49.7852133191411,280.002877320015));
#1860=CARTESIAN_POINT('Ctrl Pts',(-5.,49.7882080856488,280.));
#1861=CARTESIAN_POINT('',(4.,48.8183194221357,281.));
#1862=CARTESIAN_POINT('Origin',(1.77635683940025E-13,0.0251989692875298,
281.));
#1863=CARTESIAN_POINT('',(5.,49.7882080856489,280.));
#1864=CARTESIAN_POINT('Ctrl Pts',(5.,49.7882080856489,280.));
#1865=CARTESIAN_POINT('Ctrl Pts',(5.,49.7852133191404,280.002877320015));
#1866=CARTESIAN_POINT('Ctrl Pts',(4.99998758118733,49.7822248068404,280.005749330434));
#1867=CARTESIAN_POINT('Ctrl Pts',(4.99896525800108,49.6587893803679,280.124401546118));
#1868=CARTESIAN_POINT('Ctrl Pts',(4.97682478571425,49.5284956557735,280.25081273953));
#1869=CARTESIAN_POINT('Ctrl Pts',(4.87950924008697,49.2818100658422,280.4935151349));
#1870=CARTESIAN_POINT('Ctrl Pts',(4.80439170908793,49.1654107700417,280.609821853285));
#1871=CARTESIAN_POINT('Ctrl Pts',(4.70710678118654,49.0706076280373,280.707106781187));
#1872=CARTESIAN_POINT('Ctrl Pts',(4.62858003553592,48.9940841379177,280.785633526837));
#1873=CARTESIAN_POINT('Ctrl Pts',(4.52471164629679,48.922292829262,280.861444984062));
#1874=CARTESIAN_POINT('Ctrl Pts',(4.34366425973742,48.8523367170048,280.941407115236));
#1875=CARTESIAN_POINT('Ctrl Pts',(4.2791390101358,48.8350770301646,280.962654014145));
#1876=CARTESIAN_POINT('Ctrl Pts',(4.14638928516411,48.815285970212,280.991553160206));
#1877=CARTESIAN_POINT('Ctrl Pts',(4.07816542019309,48.8127530461827,280.999207149089));
#1878=CARTESIAN_POINT('Ctrl Pts',(4.0072678022292,48.8177446341564,280.999980197753));
#1879=CARTESIAN_POINT('Ctrl Pts',(4.00363333862332,48.8180215655043,281.));
#1880=CARTESIAN_POINT('Ctrl Pts',(4.00000000000001,48.8183194221357,281.));
#1881=CARTESIAN_POINT('',(5.,68.4650357603152,250.));
#1882=CARTESIAN_POINT('Origin',(5.,0.0251989692875298,228.205763605543));
#1883=CARTESIAN_POINT('',(4.,68.8408929116683,249.));
#1884=CARTESIAN_POINT('Ctrl Pts',(4.,68.8408929116683,249.));
#1885=CARTESIAN_POINT('Ctrl Pts',(4.12705901436403,68.8335074443666,249.));
#1886=CARTESIAN_POINT('Ctrl Pts',(4.26130934615064,68.8175780944144,249.025657572376));
#1887=CARTESIAN_POINT('Ctrl Pts',(4.50759304924917,68.7708022840431,249.128051405167));
#1888=CARTESIAN_POINT('Ctrl Pts',(4.61943725645573,68.7398257338469,249.205223694083));
#1889=CARTESIAN_POINT('Ctrl Pts',(4.70710678118654,68.7069003927644,249.292893218813));
#1890=CARTESIAN_POINT('Ctrl Pts',(4.79716042190654,68.673079668339,249.382946859533));
#1891=CARTESIAN_POINT('Ctrl Pts',(4.87422294104789,68.6325667609632,249.496388636584));
#1892=CARTESIAN_POINT('Ctrl Pts',(4.97538523035234,68.5483647265369,249.742723015708));
#1893=CARTESIAN_POINT('Ctrl Pts',(5.,68.5047065957378,249.875422774511));
#1894=CARTESIAN_POINT('Ctrl Pts',(5.,68.4650357603152,250.));
#1895=CARTESIAN_POINT('',(-4.,68.8408929116683,249.));
#1896=CARTESIAN_POINT('Origin',(1.77635683940025E-13,0.0251989692875298,
249.));
#1897=CARTESIAN_POINT('Ctrl Pts',(-5.,68.4650357603152,250.));
#1898=CARTESIAN_POINT('Ctrl Pts',(-5.,68.5047065957378,249.875422774511));
#1899=CARTESIAN_POINT('Ctrl Pts',(-4.97538523035234,68.5483647265369,249.742723015708));
#1900=CARTESIAN_POINT('Ctrl Pts',(-4.87422294104789,68.6325667609632,249.496388636584));
#1901=CARTESIAN_POINT('Ctrl Pts',(-4.79716042190654,68.6730796683389,249.382946859533));
#1902=CARTESIAN_POINT('Ctrl Pts',(-4.70710678118654,68.7069003927644,249.292893218813));
#1903=CARTESIAN_POINT('Ctrl Pts',(-4.61943725645574,68.7398257338469,249.205223694083));
#1904=CARTESIAN_POINT('Ctrl Pts',(-4.5075930492492,68.770802284043,249.128051405167));
#1905=CARTESIAN_POINT('Ctrl Pts',(-4.26130934615067,68.8175780944144,249.025657572376));
#1906=CARTESIAN_POINT('Ctrl Pts',(-4.12705901436403,68.8335074443666,249.));
#1907=CARTESIAN_POINT('Ctrl Pts',(-4.,68.8408929116683,249.));
#1908=CARTESIAN_POINT('Origin',(18.4500000000001,19.408876698821,276.482302798403));
#1909=CARTESIAN_POINT('',(16.9500000000001,19.408876698821,288.482302798403));
#1910=CARTESIAN_POINT('',(16.9500000000001,19.408876698821,276.482302798403));
#1911=CARTESIAN_POINT('Origin',(18.4500000000001,19.408876698821,288.482302798403));
#1912=CARTESIAN_POINT('Origin',(18.4500000000001,19.408876698821,288.482302798403));
#1913=CARTESIAN_POINT('Origin',(18.4500000000001,2.15391790435322,276.482302798403));
#1914=CARTESIAN_POINT('',(16.9500000000001,2.15391790435322,288.482302798403));
#1915=CARTESIAN_POINT('',(16.9500000000001,2.15391790435322,276.482302798403));
#1916=CARTESIAN_POINT('Origin',(18.4500000000001,2.15391790435322,288.482302798403));
#1917=CARTESIAN_POINT('Origin',(18.4500000000001,2.15391790435322,288.482302798403));
#1918=CARTESIAN_POINT('Origin',(1.77635683940025E-13,0.0251989692875298,
228.205763605543));
#1919=CARTESIAN_POINT('',(-74.9999999999998,0.025198969287539,228.205763605543));
#1920=CARTESIAN_POINT('Origin',(1.77635683940025E-13,0.0251989692875298,
228.205763605543));
#1921=CARTESIAN_POINT('',(1.73043258443222E-13,0.0251989692875298,303.205763605543));
#1922=CARTESIAN_POINT('Origin',(1.77635683940025E-13,0.0251989692875298,
228.205763605543));
#1923=CARTESIAN_POINT('',(-5.,54.0377630290973,280.));
#1924=CARTESIAN_POINT('',(-5.,71.6143829287552,250.));
#1925=CARTESIAN_POINT('Origin',(-5.,0.0251989692875298,228.205763605543));
#1926=CARTESIAN_POINT('',(-4.,71.9737898712046,249.));
#1927=CARTESIAN_POINT('Ctrl Pts',(-3.99999999999999,71.9737898712046,249.));
#1928=CARTESIAN_POINT('Ctrl Pts',(-4.12693220246068,71.9667330434964,249.));
#1929=CARTESIAN_POINT('Ctrl Pts',(-4.26115624238991,71.9515131531429,249.025610137583));
#1930=CARTESIAN_POINT('Ctrl Pts',(-4.50744946724231,71.9067848614884,249.127975370512));
#1931=CARTESIAN_POINT('Ctrl Pts',(-4.61934582071387,71.8771617664749,249.205132258341));
#1932=CARTESIAN_POINT('Ctrl Pts',(-4.70710678118654,71.8456425102712,249.292893218813));
#1933=CARTESIAN_POINT('Ctrl Pts',(-4.79705752313734,71.8133367963638,249.382843960764));
#1934=CARTESIAN_POINT('Ctrl Pts',(-4.87411230850473,71.7746214692311,249.496205489612));
#1935=CARTESIAN_POINT('Ctrl Pts',(-4.97534676707216,71.6941058092276,249.742543982859));
#1936=CARTESIAN_POINT('Ctrl Pts',(-5.,71.6523328819079,249.87534290588));
#1937=CARTESIAN_POINT('Ctrl Pts',(-5.,71.6143829287552,250.));
#1938=CARTESIAN_POINT('',(4.,71.9737898712046,249.));
#1939=CARTESIAN_POINT('Origin',(1.77635683940025E-13,0.0251989692875298,
249.));
#1940=CARTESIAN_POINT('',(5.,71.6143829287552,250.));
#1941=CARTESIAN_POINT('Ctrl Pts',(5.,71.6143829287552,250.));
#1942=CARTESIAN_POINT('Ctrl Pts',(5.,71.6523328819078,249.87534290588));
#1943=CARTESIAN_POINT('Ctrl Pts',(4.97534676707216,71.6941058092276,249.742543982859));
#1944=CARTESIAN_POINT('Ctrl Pts',(4.87411230850472,71.7746214692311,249.496205489612));
#1945=CARTESIAN_POINT('Ctrl Pts',(4.79705752313734,71.8133367963638,249.382843960764));
#1946=CARTESIAN_POINT('Ctrl Pts',(4.70710678118654,71.8456425102712,249.292893218813));
#1947=CARTESIAN_POINT('Ctrl Pts',(4.61934582071387,71.877161766475,249.205132258341));
#1948=CARTESIAN_POINT('Ctrl Pts',(4.5074494672423,71.9067848614884,249.127975370512));
#1949=CARTESIAN_POINT('Ctrl Pts',(4.26115624238991,71.9515131531429,249.025610137583));
#1950=CARTESIAN_POINT('Ctrl Pts',(4.12693220246069,71.9667330434964,249.));
#1951=CARTESIAN_POINT('Ctrl Pts',(4.,71.9737898712046,249.));
#1952=CARTESIAN_POINT('',(5.,54.0377630290973,280.));
#1953=CARTESIAN_POINT('Origin',(5.,0.0251989692875298,228.205763605543));
#1954=CARTESIAN_POINT('',(4.,53.1455209141529,281.));
#1955=CARTESIAN_POINT('Ctrl Pts',(4.00000000000113,53.1455209141528,281.));
#1956=CARTESIAN_POINT('Ctrl Pts',(4.00325075335,53.1452761299926,281.));
#1957=CARTESIAN_POINT('Ctrl Pts',(4.0065014005432,53.1450468079442,280.999984148482));
#1958=CARTESIAN_POINT('Ctrl Pts',(4.07630349965676,53.1404543259811,280.999303427269));
#1959=CARTESIAN_POINT('Ctrl Pts',(4.14405279419142,53.1425951821702,280.99187636944));
#1960=CARTESIAN_POINT('Ctrl Pts',(4.27631916292406,53.16035350387,280.963446474705));
#1961=CARTESIAN_POINT('Ctrl Pts',(4.34083605260821,53.1759713702855,280.942443029797));
#1962=CARTESIAN_POINT('Ctrl Pts',(4.52243839218575,53.2398290330115,280.862861729058));
#1963=CARTESIAN_POINT('Ctrl Pts',(4.62742203206439,53.3059671943907,280.786791530309));
#1964=CARTESIAN_POINT('Ctrl Pts',(4.70710678118654,53.3773508518852,280.707106781187));
#1965=CARTESIAN_POINT('Ctrl Pts',(4.8035338603766,53.4637327213134,280.610679701997));
#1966=CARTESIAN_POINT('Ctrl Pts',(4.87889802388913,53.5704765698061,280.494669509039));
#1967=CARTESIAN_POINT('Ctrl Pts',(4.97665570705635,53.7978104026524,280.251601454871));
#1968=CARTESIAN_POINT('Ctrl Pts',(4.99903589807154,53.9183973629979,280.124535405119));
#1969=CARTESIAN_POINT('Ctrl Pts',(4.99998930142143,54.0326460831516,280.00533673911));
#1970=CARTESIAN_POINT('Ctrl Pts',(5.,54.0352020939492,280.002670619037));
#1971=CARTESIAN_POINT('Ctrl Pts',(5.,54.0377630290973,280.));
#1972=CARTESIAN_POINT('',(-4.,53.1455209141528,281.));
#1973=CARTESIAN_POINT('Origin',(1.77635683940025E-13,0.0251989692875298,
281.));
#1974=CARTESIAN_POINT('Ctrl Pts',(-5.,54.0377630290973,280.));
#1975=CARTESIAN_POINT('Ctrl Pts',(-5.,54.0352020939486,280.002670619038));
#1976=CARTESIAN_POINT('Ctrl Pts',(-4.99998930142143,54.0326460831509,280.005336739111));
#1977=CARTESIAN_POINT('Ctrl Pts',(-4.99903589807154,53.9183973629979,280.124535405119));
#1978=CARTESIAN_POINT('Ctrl Pts',(-4.97665570705635,53.7978104026524,280.251601454871));
#1979=CARTESIAN_POINT('Ctrl Pts',(-4.87889802388913,53.5704765698061,280.494669509039));
#1980=CARTESIAN_POINT('Ctrl Pts',(-4.8035338603766,53.4637327213133,280.610679701997));
#1981=CARTESIAN_POINT('Ctrl Pts',(-4.70710678118654,53.3773508518851,280.707106781187));
#1982=CARTESIAN_POINT('Ctrl Pts',(-4.62742203206439,53.3059671943907,280.786791530309));
#1983=CARTESIAN_POINT('Ctrl Pts',(-4.52243839218576,53.2398290330114,280.862861729058));
#1984=CARTESIAN_POINT('Ctrl Pts',(-4.34083605260822,53.1759713702854,280.942443029797));
#1985=CARTESIAN_POINT('Ctrl Pts',(-4.27631916292405,53.16035350387,280.963446474705));
#1986=CARTESIAN_POINT('Ctrl Pts',(-4.14405279419141,53.1425951821703,280.99187636944));
#1987=CARTESIAN_POINT('Ctrl Pts',(-4.07630349965676,53.1404543259811,280.999303427269));
#1988=CARTESIAN_POINT('Ctrl Pts',(-4.00650139729849,53.1450468081577,280.999984148514));
#1989=CARTESIAN_POINT('Ctrl Pts',(-4.0032507502599,53.1452761302253,281.));
#1990=CARTESIAN_POINT('Ctrl Pts',(-4.,53.1455209141528,281.));
#1991=CARTESIAN_POINT('Origin',(-4.,75.0251989692875,250.));
#1992=CARTESIAN_POINT('',(-5.,75.0251989692875,250.));
#1993=CARTESIAN_POINT('',(-4.,75.0251989692875,249.));
#1994=CARTESIAN_POINT('Origin',(-5.,75.0251989692875,281.));
#1995=CARTESIAN_POINT('',(-5.,75.0251989692875,280.));
#1996=CARTESIAN_POINT('Origin',(4.,75.0251989692875,250.));
#1997=CARTESIAN_POINT('',(4.,75.0251989692875,249.));
#1998=CARTESIAN_POINT('',(5.,75.0251989692875,250.));
#1999=CARTESIAN_POINT('Origin',(-5.,75.0251989692875,249.));
#2000=CARTESIAN_POINT('Origin',(-4.,75.0251989692875,280.));
#2001=CARTESIAN_POINT('',(-4.,75.0251989692875,281.));
#2002=CARTESIAN_POINT('Origin',(5.,75.0251989692875,281.));
#2003=CARTESIAN_POINT('',(4.,75.0251989692875,281.));
#2004=CARTESIAN_POINT('Origin',(4.,75.0251989692875,280.));
#2005=CARTESIAN_POINT('',(5.,75.0251989692875,280.));
#2006=CARTESIAN_POINT('Origin',(5.,75.0251989692875,249.));
#2007=CARTESIAN_POINT('Origin',(0.,0.,228.205763605543));
#2008=CARTESIAN_POINT('',(-68.9860132084762,8.44835002616975E-15,231.205763605543));
#2009=CARTESIAN_POINT('Origin',(0.,0.,231.205763605543));
#2010=CARTESIAN_POINT('',(-68.9860132084762,-8.44835002616975E-15,228.205763605543));
#2011=CARTESIAN_POINT('Origin',(0.,0.00560608888187097,231.205763605543));
#2012=CARTESIAN_POINT('Origin',(1.77635683940025E-13,0.0251989692875298,
228.205763605543));
#2013=CARTESIAN_POINT('',(-74.9999999999998,0.025198969287539,228.205763605543));
#2014=CARTESIAN_POINT('Origin',(1.77635683940025E-13,0.0251989692875298,
228.205763605543));
#2015=CARTESIAN_POINT('',(-59.8848072577439,-39.9474149020156,228.205763605543));
#2016=CARTESIAN_POINT('',(59.8848072717776,-39.9474148809778,228.205763605543));
#2017=CARTESIAN_POINT('Origin',(0.,0.,228.205763605543));
#2018=CARTESIAN_POINT('Origin',(1.77635683940025E-13,0.0251989692875298,
228.205763605543));
#2019=CARTESIAN_POINT('Origin',(0.,0.,228.205763605543));
#2020=CARTESIAN_POINT('Ctrl Pts',(59.8848072763476,-39.9474148741269,228.205763605583));
#2021=CARTESIAN_POINT('Ctrl Pts',(59.8848072763519,-39.9474148741205,228.209745749727));
#2022=CARTESIAN_POINT('Ctrl Pts',(59.8853749655025,-39.9465638635058,228.212954737286));
#2023=CARTESIAN_POINT('Ctrl Pts',(59.886936728421,-39.9442224774377,228.218761006999));
#2024=CARTESIAN_POINT('Ctrl Pts',(59.8879411486091,-39.9427165719551,228.221349225166));
#2025=CARTESIAN_POINT('Ctrl Pts',(59.8914854057962,-39.9374021652587,228.22876402151));
#2026=CARTESIAN_POINT('Ctrl Pts',(59.8944865321319,-39.9329014710573,228.233139307283));
#2027=CARTESIAN_POINT('Ctrl Pts',(59.9049719498719,-39.917171658327,228.245676318963));
#2028=CARTESIAN_POINT('Ctrl Pts',(59.9135885072366,-39.9042382344422,228.252779544405));
#2029=CARTESIAN_POINT('Ctrl Pts',(59.943353344837,-39.8595283591665,228.274081842395));
#2030=CARTESIAN_POINT('Ctrl Pts',(59.9702506586407,-39.819050662558,228.286750552551));
#2031=CARTESIAN_POINT('Ctrl Pts',(60.0681201232381,-39.6714711593066,228.327864478182));
#2032=CARTESIAN_POINT('Ctrl Pts',(60.159591096649,-39.5326315809695,228.351449234306));
#2033=CARTESIAN_POINT('Ctrl Pts',(60.3737475762667,-39.205361459227,228.401865248003));
#2034=CARTESIAN_POINT('Ctrl Pts',(60.5250203847631,-38.9716011937725,228.428818364247));
#2035=CARTESIAN_POINT('Ctrl Pts',(60.8250052771448,-38.5017210691712,228.476751325782));
#2036=CARTESIAN_POINT('Ctrl Pts',(60.9737315051341,-38.2655795660878,228.497430002202));
#2037=CARTESIAN_POINT('Ctrl Pts',(61.3575131975473,-37.6492324648317,228.547656806039));
#2038=CARTESIAN_POINT('Ctrl Pts',(61.6157095372882,-37.2256421689011,228.577170960481));
#2039=CARTESIAN_POINT('Ctrl Pts',(62.1348914751691,-36.3524329599023,228.632292974627));
#2040=CARTESIAN_POINT('Ctrl Pts',(62.3958708982482,-35.902809363414,228.657884802539));
#2041=CARTESIAN_POINT('Ctrl Pts',(63.1640072989892,-34.5452687204007,228.729740302118));
#2042=CARTESIAN_POINT('Ctrl Pts',(63.6555228914856,-33.6281973557513,228.771204786318));
#2043=CARTESIAN_POINT('Ctrl Pts',(64.7925866648435,-31.4055843051738,228.864430928517));
#2044=CARTESIAN_POINT('Ctrl Pts',(65.4875744930411,-29.9353653581401,228.917896430888));
#2045=CARTESIAN_POINT('Ctrl Pts',(66.7993821373941,-26.8810538889491,229.018822122193));
#2046=CARTESIAN_POINT('Ctrl Pts',(67.4161474394671,-25.2969351957496,229.066198832075));
#2047=CARTESIAN_POINT('Ctrl Pts',(68.5343732528195,-22.0887199553592,229.155519189116));
#2048=CARTESIAN_POINT('Ctrl Pts',(69.0359523745044,-20.4642832565508,229.197452819158));
#2049=CARTESIAN_POINT('Ctrl Pts',(69.9070233367874,-17.2556569753084,229.275883059706));
#2050=CARTESIAN_POINT('Ctrl Pts',(70.2765739653689,-15.6714832155559,229.312374055441));
#2051=CARTESIAN_POINT('Ctrl Pts',(70.9691174060067,-12.217153667453,229.388714890793));
#2052=CARTESIAN_POINT('Ctrl Pts',(71.2843680426514,-10.2308416675955,229.43021373981));
#2053=CARTESIAN_POINT('Ctrl Pts',(71.7486669291352,-6.1854702618035,229.510813991883));
#2054=CARTESIAN_POINT('Ctrl Pts',(71.8977214078551,-4.12641154753796,229.549914228509));
#2055=CARTESIAN_POINT('Ctrl Pts',(72.0160307464073,0.0305195219589399,229.625707846148));
#2056=CARTESIAN_POINT('Ctrl Pts',(71.9852963754754,2.12855857182649,229.66240382906));
#2057=CARTESIAN_POINT('Ctrl Pts',(71.7380601931772,6.32964261067096,229.733352135247));
#2058=CARTESIAN_POINT('Ctrl Pts',(71.5215616010537,8.43268778724778,229.767604568287));
#2059=CARTESIAN_POINT('Ctrl Pts',(70.9043699049962,12.610088294763,229.833608288354));
#2060=CARTESIAN_POINT('Ctrl Pts',(70.5034580523594,14.685924166485,229.865383671687));
#2061=CARTESIAN_POINT('Ctrl Pts',(69.5252278136579,18.7791550242161,229.926411495518));
#2062=CARTESIAN_POINT('Ctrl Pts',(68.9479062992328,20.7965492574781,229.955664278615));
#2063=CARTESIAN_POINT('Ctrl Pts',(67.6324370076067,24.7419422940602,230.011585312561));
#2064=CARTESIAN_POINT('Ctrl Pts',(66.8942307209358,26.6700975838679,230.038255943584));
#2065=CARTESIAN_POINT('Ctrl Pts',(65.2796946634324,30.4087762583088,230.088965630592));
#2066=CARTESIAN_POINT('Ctrl Pts',(64.4033591496989,32.219297161006,230.113004825221));
#2067=CARTESIAN_POINT('Ctrl Pts',(62.7492886058576,35.3109959521483,230.153372579004));
#2068=CARTESIAN_POINT('Ctrl Pts',(61.9666432997599,36.6694932404624,230.170866423454));
#2069=CARTESIAN_POINT('Ctrl Pts',(60.2862848677703,39.3710613673805,230.205209166061));
#2070=CARTESIAN_POINT('Ctrl Pts',(59.3885696994583,40.7141309314265,230.222058393416));
#2071=CARTESIAN_POINT('Ctrl Pts',(57.4849645836692,43.3603680250006,230.254863301911));
#2072=CARTESIAN_POINT('Ctrl Pts',(56.4790263052506,44.6636016260193,230.270820110822));
#2073=CARTESIAN_POINT('Ctrl Pts',(54.3696858060129,47.2086325575353,230.30164592155));
#2074=CARTESIAN_POINT('Ctrl Pts',(53.266283547058,48.4504298530258,230.316515204035));
#2075=CARTESIAN_POINT('Ctrl Pts',(50.9765611691631,50.854019775747,230.345017718751));
#2076=CARTESIAN_POINT('Ctrl Pts',(49.7897273123659,52.0163516799487,230.358657609252));
#2077=CARTESIAN_POINT('Ctrl Pts',(47.3499526643091,54.246656769054,230.384606273128));
#2078=CARTESIAN_POINT('Ctrl Pts',(46.097011902423,55.3146299838698,230.39691523732));
#2079=CARTESIAN_POINT('Ctrl Pts',(43.5461383190911,57.3443688087997,230.420134876482));
#2080=CARTESIAN_POINT('Ctrl Pts',(42.2481418312926,58.3061858973605,230.4310462712));
#2081=CARTESIAN_POINT('Ctrl Pts',(39.6311381693577,60.1156359817964,230.451442900608));
#2082=CARTESIAN_POINT('Ctrl Pts',(38.3121323587066,60.9632709483969,230.460928248801));
#2083=CARTESIAN_POINT('Ctrl Pts',(34.3640040532138,63.3286309707499,230.487256071554));
#2084=CARTESIAN_POINT('Ctrl Pts',(31.5167260359064,64.8020686630995,230.503448585358));
#2085=CARTESIAN_POINT('Ctrl Pts',(25.5308532921756,67.3853667587659,230.531607358823));
#2086=CARTESIAN_POINT('Ctrl Pts',(22.3922484594478,68.495203699735,230.543577703086));
#2087=CARTESIAN_POINT('Ctrl Pts',(15.9934089955422,70.265329926912,230.562580392841));
#2088=CARTESIAN_POINT('Ctrl Pts',(12.7306259865503,70.9263241242708,230.569622491816));
#2089=CARTESIAN_POINT('Ctrl Pts',(6.26807149824137,71.7866531570018,230.57877596197));
#2090=CARTESIAN_POINT('Ctrl Pts',(3.06830337623699,71.9860132084546,230.580887609249));
#2091=CARTESIAN_POINT('Ctrl Pts',(-3.06830337522209,71.9860132084979,230.580887609249));
#2092=CARTESIAN_POINT('Ctrl Pts',(-6.26807149722928,71.7866531570902,230.57877596197));
#2093=CARTESIAN_POINT('Ctrl Pts',(-12.7306259855503,70.9263241244503,230.569622491816));
#2094=CARTESIAN_POINT('Ctrl Pts',(-15.9934089945516,70.2653299271374,230.562580392841));
#2095=CARTESIAN_POINT('Ctrl Pts',(-22.3922484584821,68.4952037000507,230.543577703086));
#2096=CARTESIAN_POINT('Ctrl Pts',(-25.5308532912256,67.3853667591259,230.531607358823));
#2097=CARTESIAN_POINT('Ctrl Pts',(-31.5167260349928,64.8020686635439,230.503448585358));
#2098=CARTESIAN_POINT('Ctrl Pts',(-34.364004052321,63.3286309712344,230.487256071554));
#2099=CARTESIAN_POINT('Ctrl Pts',(-38.3121323578471,60.9632709489371,230.460928248801));
#2100=CARTESIAN_POINT('Ctrl Pts',(-39.6311381685102,60.1156359823551,230.451442900608));
#2101=CARTESIAN_POINT('Ctrl Pts',(-42.2481418304706,58.3061858979561,230.431046271201));
#2102=CARTESIAN_POINT('Ctrl Pts',(-43.5461383182827,57.3443688094136,230.420134876482));
#2103=CARTESIAN_POINT('Ctrl Pts',(-46.0970119016432,55.3146299845196,230.39691523732));
#2104=CARTESIAN_POINT('Ctrl Pts',(-47.3499526635443,54.2466567697216,230.384606273128));
#2105=CARTESIAN_POINT('Ctrl Pts',(-49.7897273116325,52.0163516806507,230.358657609253));
#2106=CARTESIAN_POINT('Ctrl Pts',(-50.9765611684462,50.8540197764657,230.34501771875));
#2107=CARTESIAN_POINT('Ctrl Pts',(-53.2662835463749,48.4504298537768,230.316515204034));
#2108=CARTESIAN_POINT('Ctrl Pts',(-54.3696858053473,47.2086325583018,230.30164592155));
#2109=CARTESIAN_POINT('Ctrl Pts',(-56.4790263046209,44.6636016268156,230.270820110822));
#2110=CARTESIAN_POINT('Ctrl Pts',(-57.4849645830579,43.3603680258111,230.254863301911));
#2111=CARTESIAN_POINT('Ctrl Pts',(-59.3885696988843,40.7141309322638,230.222058393416));
#2112=CARTESIAN_POINT('Ctrl Pts',(-60.2862848672153,39.3710613682305,230.205209166061));
#2113=CARTESIAN_POINT('Ctrl Pts',(-61.9666432992429,36.6694932413361,230.170866423454));
#2114=CARTESIAN_POINT('Ctrl Pts',(-62.7492886053598,35.3109959530329,230.153372579004));
#2115=CARTESIAN_POINT('Ctrl Pts',(-64.4033591492447,32.219297161914,230.113004825221));
#2116=CARTESIAN_POINT('Ctrl Pts',(-65.2796946630036,30.4087762592292,230.088965630592));
#2117=CARTESIAN_POINT('Ctrl Pts',(-66.8942307205598,26.6700975848111,230.038255943584));
#2118=CARTESIAN_POINT('Ctrl Pts',(-67.6324370072579,24.7419422950137,230.011585312561));
#2119=CARTESIAN_POINT('Ctrl Pts',(-68.9479062989396,20.7965492584502,229.955664278615));
#2120=CARTESIAN_POINT('Ctrl Pts',(-69.5252278133931,18.7791550251963,229.926411495518));
#2121=CARTESIAN_POINT('Ctrl Pts',(-70.5034580521524,14.6859241674789,229.865383671687));
#2122=CARTESIAN_POINT('Ctrl Pts',(-70.9043699048184,12.6100882957625,229.833608288354));
#2123=CARTESIAN_POINT('Ctrl Pts',(-71.5215616009348,8.43268778825607,229.767604568287));
#2124=CARTESIAN_POINT('Ctrl Pts',(-71.738060193088,6.32964261168229,229.733352135247));
#2125=CARTESIAN_POINT('Ctrl Pts',(-71.9852963754453,2.12855857284134,229.66240382906));
#2126=CARTESIAN_POINT('Ctrl Pts',(-72.0160307464068,0.0305195229742533,
229.625707846147));
#2127=CARTESIAN_POINT('Ctrl Pts',(-71.8977214079133,-4.12641154652426,229.549914228509));
#2128=CARTESIAN_POINT('Ctrl Pts',(-71.7486669292224,-6.18547026079189,229.510813991883));
#2129=CARTESIAN_POINT('Ctrl Pts',(-71.2843680427956,-10.2308416665905,229.43021373981));
#2130=CARTESIAN_POINT('Ctrl Pts',(-70.969117406179,-12.2171536664525,229.388714890794));
#2131=CARTESIAN_POINT('Ctrl Pts',(-70.2765739655898,-15.6714832145651,229.312374055442));
#2132=CARTESIAN_POINT('Ctrl Pts',(-69.9070233370307,-17.2556569743228,229.275883059706));
#2133=CARTESIAN_POINT('Ctrl Pts',(-69.035952374793,-20.4642832555775,229.197452819157));
#2134=CARTESIAN_POINT('Ctrl Pts',(-68.534373253131,-22.0887199543929,229.155519189116));
#2135=CARTESIAN_POINT('Ctrl Pts',(-67.4161474398238,-25.2969351947991,229.066198832075));
#2136=CARTESIAN_POINT('Ctrl Pts',(-66.7993821377731,-26.8810538880073,229.018822122192));
#2137=CARTESIAN_POINT('Ctrl Pts',(-65.4875744934632,-29.9353653572167,228.917896430887));
#2138=CARTESIAN_POINT('Ctrl Pts',(-64.7925866652863,-31.4055843042603,228.864430928517));
#2139=CARTESIAN_POINT('Ctrl Pts',(-63.6555228919597,-33.6281973548537,228.771204786318));
#2140=CARTESIAN_POINT('Ctrl Pts',(-63.1640072994763,-34.5452687195101,228.729740302119));
#2141=CARTESIAN_POINT('Ctrl Pts',(-62.3958708987544,-35.9028093625342,228.657884802539));
#2142=CARTESIAN_POINT('Ctrl Pts',(-62.1348914756817,-36.3524329590261,228.632292974626));
#2143=CARTESIAN_POINT('Ctrl Pts',(-61.6157095378131,-37.2256421680322,228.57717096048));
#2144=CARTESIAN_POINT('Ctrl Pts',(-61.3575131980782,-37.6492324639666,228.547656806041));
#2145=CARTESIAN_POINT('Ctrl Pts',(-60.9737315056737,-38.2655795652279,228.497430002204));
#2146=CARTESIAN_POINT('Ctrl Pts',(-60.8250052776879,-38.5017210683132,228.476751325785));
#2147=CARTESIAN_POINT('Ctrl Pts',(-60.5250203853131,-38.9716011929183,228.428818364252));
#2148=CARTESIAN_POINT('Ctrl Pts',(-60.3737475768202,-39.2053614583747,228.401865248007));
#2149=CARTESIAN_POINT('Ctrl Pts',(-60.159591097207,-39.5326315801202,228.351449234311));
#2150=CARTESIAN_POINT('Ctrl Pts',(-60.0681201237988,-39.6714711584577,228.327864478177));
#2151=CARTESIAN_POINT('Ctrl Pts',(-59.9702506592018,-39.8190506617129,228.286750552541));
#2152=CARTESIAN_POINT('Ctrl Pts',(-59.9433533453976,-39.8595283583236,228.274081842377));
#2153=CARTESIAN_POINT('Ctrl Pts',(-59.9135885077989,-39.904238233598,228.252779544376));
#2154=CARTESIAN_POINT('Ctrl Pts',(-59.9049719504315,-39.9171716574871,228.245676318952));
#2155=CARTESIAN_POINT('Ctrl Pts',(-59.8944865326929,-39.9329014702159,228.23313930728));
#2156=CARTESIAN_POINT('Ctrl Pts',(-59.8914854063444,-39.9374021644366,228.228764021528));
#2157=CARTESIAN_POINT('Ctrl Pts',(-59.8879411491582,-39.9427165711318,228.221349225185));
#2158=CARTESIAN_POINT('Ctrl Pts',(-59.8869367289782,-39.9442224766024,228.218761007009));
#2159=CARTESIAN_POINT('Ctrl Pts',(-59.8853749660577,-39.9465638626735,228.212954737294));
#2160=CARTESIAN_POINT('Ctrl Pts',(-59.8848072769339,-39.9474148732481,228.209745749726));
#2161=CARTESIAN_POINT('Ctrl Pts',(-59.8848072769296,-39.9474148732545,228.205763605583));
#2162=CARTESIAN_POINT('Origin',(1.77635683940025E-13,0.0251989692875298,
228.205763605543));
#2163=CARTESIAN_POINT('Origin',(55.6686291501009,-4.39999321881353,252.931377631084));
#2164=CARTESIAN_POINT('',(23.4500000000003,-4.39999321881359,278.482302798403));
#2165=CARTESIAN_POINT('',(23.4500000000003,-4.39999321881359,296.135986438228));
#2166=CARTESIAN_POINT('',(23.4500000000003,-4.39999321881359,265.706840214744));
#2167=CARTESIAN_POINT('',(13.4499999999999,-4.3999932188136,278.482302798403));
#2168=CARTESIAN_POINT('',(37.0593145750505,-4.39999321881357,278.482302798403));
#2169=CARTESIAN_POINT('',(13.4499999999998,-4.39999321881361,298.799780165718));
#2170=CARTESIAN_POINT('',(13.4499999999999,-4.3999932188136,265.706840214744));
#2171=CARTESIAN_POINT('',(-37.6313708498991,-4.3999932188137,289.429105576197));
#2172=CARTESIAN_POINT('Origin',(1.85397552490518E-13,-4.39999321881363,
228.205763605543));
#2173=CARTESIAN_POINT('',(-37.6313708498991,-4.3999932188137,252.931377631084));
#2174=CARTESIAN_POINT('',(-37.6313708498991,-4.3999932188137,252.931377631084));
#2175=CARTESIAN_POINT('',(53.6686291501009,-4.39999321881354,252.931377631084));
#2176=CARTESIAN_POINT('',(31.8436291501009,-4.39999321881358,252.931377631084));
#2177=CARTESIAN_POINT('',(53.6686291501009,-4.39999321881354,275.997979700293));
#2178=CARTESIAN_POINT('',(53.6686291501009,-4.39999321881354,252.931377631084));
#2179=CARTESIAN_POINT('Origin',(1.85397552490518E-13,-4.39999321881363,
228.205763605543));
#2180=CARTESIAN_POINT('Origin',(-37.6313708498991,-2.3999932188137,252.931377631084));
#2181=CARTESIAN_POINT('',(-37.6313708498991,-25.6999932188137,283.938109822462));
#2182=CARTESIAN_POINT('Origin',(-37.6313708498991,0.025198969287477,228.205763605543));
#2183=CARTESIAN_POINT('',(-37.6313708498991,-25.6999932188137,252.931377631084));
#2184=CARTESIAN_POINT('',(-37.6313708498991,-25.6999932188137,252.931377631084));
#2185=CARTESIAN_POINT('',(-37.6313708498991,-8.7249932188137,252.931377631084));
#2186=CARTESIAN_POINT('Origin',(-39.6313708498991,-25.6999932188137,252.931377631084));
#2187=CARTESIAN_POINT('',(23.4500000000003,-25.6999932188136,291.232043734432));
#2188=CARTESIAN_POINT('',(23.4500000000003,-25.6999932188136,278.482302798403));
#2189=CARTESIAN_POINT('',(23.4500000000003,-25.6999932188136,265.706840214744));
#2190=CARTESIAN_POINT('',(53.6686291501009,-25.6999932188136,268.726039172649));
#2191=CARTESIAN_POINT('Origin',(2.23188952600894E-13,-25.6999932188136,
228.205763605543));
#2192=CARTESIAN_POINT('',(53.6686291501009,-25.6999932188136,252.931377631084));
#2193=CARTESIAN_POINT('',(53.6686291501009,-25.6999932188136,252.931377631084));
#2194=CARTESIAN_POINT('',(-15.8063708498991,-25.6999932188137,252.931377631084));
#2195=CARTESIAN_POINT('',(13.4499999999998,-25.6999932188136,294.094396820121));
#2196=CARTESIAN_POINT('Origin',(2.23188952600894E-13,-25.6999932188136,
228.205763605543));
#2197=CARTESIAN_POINT('',(13.4499999999999,-25.6999932188136,278.482302798403));
#2198=CARTESIAN_POINT('',(13.4499999999999,-25.6999932188136,265.706840214744));
#2199=CARTESIAN_POINT('',(-10.5906854249495,-25.6999932188137,278.482302798403));
#2200=CARTESIAN_POINT('Origin',(53.6686291501009,-27.6999932188136,252.931377631084));
#2201=CARTESIAN_POINT('Origin',(53.6686291501008,0.0251989692876429,228.205763605543));
#2202=CARTESIAN_POINT('',(53.6686291501009,-21.3749932188136,252.931377631084));
#2203=CARTESIAN_POINT('Origin',(8.01862915010091,-15.0499932188136,252.931377631084));
#2204=CARTESIAN_POINT('Origin',(23.4500000000003,13.9831567526329,278.482302798403));
#2205=CARTESIAN_POINT('',(23.4500000000003,13.9831567526329,278.482302798403));
#2206=CARTESIAN_POINT('Origin',(23.4500000000003,0.0251989692875243,228.205763605543));
#2207=CARTESIAN_POINT('Origin',(18.4500000000001,31.9915788606042,278.482302798403));
#2208=CARTESIAN_POINT('',(13.4499999999999,43.0000009685755,278.482302798403));
#2209=CARTESIAN_POINT('Origin',(13.4499999999999,50.0000009685755,278.482302798403));
#2210=CARTESIAN_POINT('Origin',(13.4499999999998,0.0251989692875267,228.205763605543));
#2211=CARTESIAN_POINT('Origin',(1.77635683940025E-13,0.0251989692875298,
228.205763605543));
#2212=CARTESIAN_POINT('Origin',(1.77635683940025E-13,0.0251989692875298,
228.205763605543));
#2213=UNCERTAINTY_MEASURE_WITH_UNIT(LENGTH_MEASURE(0.01),#2217,
'DISTANCE_ACCURACY_VALUE',
'Maximum model space distance between geometric entities at asserted c
onnectivities');
#2214=UNCERTAINTY_MEASURE_WITH_UNIT(LENGTH_MEASURE(0.01),#2217,
'DISTANCE_ACCURACY_VALUE',
'Maximum model space distance between geometric entities at asserted c
onnectivities');
#2215=(
GEOMETRIC_REPRESENTATION_CONTEXT(3)
GLOBAL_UNCERTAINTY_ASSIGNED_CONTEXT((#2213))
GLOBAL_UNIT_ASSIGNED_CONTEXT((#2217,#2219,#2220))
REPRESENTATION_CONTEXT('','3D')
);
#2216=(
GEOMETRIC_REPRESENTATION_CONTEXT(3)
GLOBAL_UNCERTAINTY_ASSIGNED_CONTEXT((#2214))
GLOBAL_UNIT_ASSIGNED_CONTEXT((#2217,#2219,#2220))
REPRESENTATION_CONTEXT('','3D')
);
#2217=(
LENGTH_UNIT()
NAMED_UNIT(*)
SI_UNIT(.MILLI.,.METRE.)
);
#2218=(
LENGTH_UNIT()
NAMED_UNIT(*)
SI_UNIT($,.METRE.)
);
#2219=(
NAMED_UNIT(*)
PLANE_ANGLE_UNIT()
SI_UNIT($,.RADIAN.)
);
#2220=(
NAMED_UNIT(*)
SI_UNIT($,.STERADIAN.)
SOLID_ANGLE_UNIT()
);
#2221=SHAPE_DEFINITION_REPRESENTATION(#2222,#2223);
#2222=PRODUCT_DEFINITION_SHAPE('',$,#2225);
#2223=SHAPE_REPRESENTATION('',(#1123),#2215);
#2224=PRODUCT_DEFINITION_CONTEXT('part definition',#2229,'design');
#2225=PRODUCT_DEFINITION('2026-03-24-17-31-42-097','Head',#2226,#2224);
#2226=PRODUCT_DEFINITION_FORMATION('',$,#2231);
#2227=PRODUCT_RELATED_PRODUCT_CATEGORY('Head','Head',(#2231));
#2228=APPLICATION_PROTOCOL_DEFINITION('international standard',
'automotive_design',2009,#2229);
#2229=APPLICATION_CONTEXT(
'Core Data for Automotive Mechanical Design Process');
#2230=PRODUCT_CONTEXT('part definition',#2229,'mechanical');
#2231=PRODUCT('2026-03-24-17-31-42-097','Head',$,(#2230));
#2232=PRESENTATION_STYLE_ASSIGNMENT((#2268));
#2233=PRESENTATION_STYLE_ASSIGNMENT((#2269));
#2234=PRESENTATION_STYLE_ASSIGNMENT((#2270));
#2235=PRESENTATION_STYLE_ASSIGNMENT((#2271));
#2236=PRESENTATION_STYLE_ASSIGNMENT((#2272));
#2237=PRESENTATION_STYLE_ASSIGNMENT((#2273));
#2238=PRESENTATION_STYLE_ASSIGNMENT((#2274));
#2239=PRESENTATION_STYLE_ASSIGNMENT((#2275));
#2240=PRESENTATION_STYLE_ASSIGNMENT((#2276));
#2241=PRESENTATION_STYLE_ASSIGNMENT((#2277));
#2242=PRESENTATION_STYLE_ASSIGNMENT((#2278));
#2243=PRESENTATION_STYLE_ASSIGNMENT((#2279));
#2244=PRESENTATION_STYLE_ASSIGNMENT((#2280));
#2245=PRESENTATION_STYLE_ASSIGNMENT((#2281));
#2246=PRESENTATION_STYLE_ASSIGNMENT((#2282));
#2247=PRESENTATION_STYLE_ASSIGNMENT((#2283));
#2248=PRESENTATION_STYLE_ASSIGNMENT((#2284));
#2249=PRESENTATION_STYLE_ASSIGNMENT((#2285));
#2250=PRESENTATION_STYLE_ASSIGNMENT((#2286));
#2251=PRESENTATION_STYLE_ASSIGNMENT((#2287));
#2252=PRESENTATION_STYLE_ASSIGNMENT((#2288));
#2253=PRESENTATION_STYLE_ASSIGNMENT((#2289));
#2254=PRESENTATION_STYLE_ASSIGNMENT((#2290));
#2255=PRESENTATION_STYLE_ASSIGNMENT((#2291));
#2256=PRESENTATION_STYLE_ASSIGNMENT((#2292));
#2257=PRESENTATION_STYLE_ASSIGNMENT((#2293));
#2258=PRESENTATION_STYLE_ASSIGNMENT((#2294));
#2259=PRESENTATION_STYLE_ASSIGNMENT((#2295));
#2260=PRESENTATION_STYLE_ASSIGNMENT((#2296));
#2261=PRESENTATION_STYLE_ASSIGNMENT((#2297));
#2262=PRESENTATION_STYLE_ASSIGNMENT((#2298));
#2263=PRESENTATION_STYLE_ASSIGNMENT((#2299));
#2264=PRESENTATION_STYLE_ASSIGNMENT((#2300));
#2265=PRESENTATION_STYLE_ASSIGNMENT((#2301));
#2266=PRESENTATION_STYLE_ASSIGNMENT((#2302));
#2267=PRESENTATION_STYLE_ASSIGNMENT((#2303));
#2268=SURFACE_STYLE_USAGE(.BOTH.,#2304);
#2269=SURFACE_STYLE_USAGE(.BOTH.,#2305);
#2270=SURFACE_STYLE_USAGE(.BOTH.,#2306);
#2271=SURFACE_STYLE_USAGE(.BOTH.,#2307);
#2272=SURFACE_STYLE_USAGE(.BOTH.,#2308);
#2273=SURFACE_STYLE_USAGE(.BOTH.,#2309);
#2274=SURFACE_STYLE_USAGE(.BOTH.,#2310);
#2275=SURFACE_STYLE_USAGE(.BOTH.,#2311);
#2276=SURFACE_STYLE_USAGE(.BOTH.,#2312);
#2277=SURFACE_STYLE_USAGE(.BOTH.,#2313);
#2278=SURFACE_STYLE_USAGE(.BOTH.,#2314);
#2279=SURFACE_STYLE_USAGE(.BOTH.,#2315);
#2280=SURFACE_STYLE_USAGE(.BOTH.,#2316);
#2281=SURFACE_STYLE_USAGE(.BOTH.,#2317);
#2282=SURFACE_STYLE_USAGE(.BOTH.,#2318);
#2283=SURFACE_STYLE_USAGE(.BOTH.,#2319);
#2284=SURFACE_STYLE_USAGE(.BOTH.,#2320);
#2285=SURFACE_STYLE_USAGE(.BOTH.,#2321);
#2286=SURFACE_STYLE_USAGE(.BOTH.,#2322);
#2287=SURFACE_STYLE_USAGE(.BOTH.,#2323);
#2288=SURFACE_STYLE_USAGE(.BOTH.,#2324);
#2289=SURFACE_STYLE_USAGE(.BOTH.,#2325);
#2290=SURFACE_STYLE_USAGE(.BOTH.,#2326);
#2291=SURFACE_STYLE_USAGE(.BOTH.,#2327);
#2292=SURFACE_STYLE_USAGE(.BOTH.,#2328);
#2293=SURFACE_STYLE_USAGE(.BOTH.,#2329);
#2294=SURFACE_STYLE_USAGE(.BOTH.,#2330);
#2295=SURFACE_STYLE_USAGE(.BOTH.,#2331);
#2296=SURFACE_STYLE_USAGE(.BOTH.,#2332);
#2297=SURFACE_STYLE_USAGE(.BOTH.,#2333);
#2298=SURFACE_STYLE_USAGE(.BOTH.,#2334);
#2299=SURFACE_STYLE_USAGE(.BOTH.,#2335);
#2300=SURFACE_STYLE_USAGE(.BOTH.,#2336);
#2301=SURFACE_STYLE_USAGE(.BOTH.,#2337);
#2302=SURFACE_STYLE_USAGE(.BOTH.,#2338);
#2303=SURFACE_STYLE_USAGE(.BOTH.,#2339);
#2304=SURFACE_SIDE_STYLE('',(#2340));
#2305=SURFACE_SIDE_STYLE('',(#2341));
#2306=SURFACE_SIDE_STYLE('',(#2342));
#2307=SURFACE_SIDE_STYLE('',(#2343));
#2308=SURFACE_SIDE_STYLE('',(#2344));
#2309=SURFACE_SIDE_STYLE('',(#2345));
#2310=SURFACE_SIDE_STYLE('',(#2346));
#2311=SURFACE_SIDE_STYLE('',(#2347));
#2312=SURFACE_SIDE_STYLE('',(#2348));
#2313=SURFACE_SIDE_STYLE('',(#2349));
#2314=SURFACE_SIDE_STYLE('',(#2350));
#2315=SURFACE_SIDE_STYLE('',(#2351));
#2316=SURFACE_SIDE_STYLE('',(#2352));
#2317=SURFACE_SIDE_STYLE('',(#2353));
#2318=SURFACE_SIDE_STYLE('',(#2354));
#2319=SURFACE_SIDE_STYLE('',(#2355));
#2320=SURFACE_SIDE_STYLE('',(#2356));
#2321=SURFACE_SIDE_STYLE('',(#2357));
#2322=SURFACE_SIDE_STYLE('',(#2358));
#2323=SURFACE_SIDE_STYLE('',(#2359));
#2324=SURFACE_SIDE_STYLE('',(#2360));
#2325=SURFACE_SIDE_STYLE('',(#2361));
#2326=SURFACE_SIDE_STYLE('',(#2362));
#2327=SURFACE_SIDE_STYLE('',(#2363));
#2328=SURFACE_SIDE_STYLE('',(#2364));
#2329=SURFACE_SIDE_STYLE('',(#2365));
#2330=SURFACE_SIDE_STYLE('',(#2366));
#2331=SURFACE_SIDE_STYLE('',(#2367));
#2332=SURFACE_SIDE_STYLE('',(#2368));
#2333=SURFACE_SIDE_STYLE('',(#2369));
#2334=SURFACE_SIDE_STYLE('',(#2370));
#2335=SURFACE_SIDE_STYLE('',(#2371));
#2336=SURFACE_SIDE_STYLE('',(#2372));
#2337=SURFACE_SIDE_STYLE('',(#2373));
#2338=SURFACE_SIDE_STYLE('',(#2374));
#2339=SURFACE_SIDE_STYLE('',(#2375));
#2340=SURFACE_STYLE_FILL_AREA(#2376);
#2341=SURFACE_STYLE_FILL_AREA(#2377);
#2342=SURFACE_STYLE_FILL_AREA(#2378);
#2343=SURFACE_STYLE_FILL_AREA(#2379);
#2344=SURFACE_STYLE_FILL_AREA(#2380);
#2345=SURFACE_STYLE_FILL_AREA(#2381);
#2346=SURFACE_STYLE_FILL_AREA(#2382);
#2347=SURFACE_STYLE_FILL_AREA(#2383);
#2348=SURFACE_STYLE_FILL_AREA(#2384);
#2349=SURFACE_STYLE_FILL_AREA(#2385);
#2350=SURFACE_STYLE_FILL_AREA(#2386);
#2351=SURFACE_STYLE_FILL_AREA(#2387);
#2352=SURFACE_STYLE_FILL_AREA(#2388);
#2353=SURFACE_STYLE_FILL_AREA(#2389);
#2354=SURFACE_STYLE_FILL_AREA(#2390);
#2355=SURFACE_STYLE_FILL_AREA(#2391);
#2356=SURFACE_STYLE_FILL_AREA(#2392);
#2357=SURFACE_STYLE_FILL_AREA(#2393);
#2358=SURFACE_STYLE_FILL_AREA(#2394);
#2359=SURFACE_STYLE_FILL_AREA(#2395);
#2360=SURFACE_STYLE_FILL_AREA(#2396);
#2361=SURFACE_STYLE_FILL_AREA(#2397);
#2362=SURFACE_STYLE_FILL_AREA(#2398);
#2363=SURFACE_STYLE_FILL_AREA(#2399);
#2364=SURFACE_STYLE_FILL_AREA(#2400);
#2365=SURFACE_STYLE_FILL_AREA(#2401);
#2366=SURFACE_STYLE_FILL_AREA(#2402);
#2367=SURFACE_STYLE_FILL_AREA(#2403);
#2368=SURFACE_STYLE_FILL_AREA(#2404);
#2369=SURFACE_STYLE_FILL_AREA(#2405);
#2370=SURFACE_STYLE_FILL_AREA(#2406);
#2371=SURFACE_STYLE_FILL_AREA(#2407);
#2372=SURFACE_STYLE_FILL_AREA(#2408);
#2373=SURFACE_STYLE_FILL_AREA(#2409);
#2374=SURFACE_STYLE_FILL_AREA(#2410);
#2375=SURFACE_STYLE_FILL_AREA(#2411);
#2376=FILL_AREA_STYLE('Steel - Satin',(#2412));
#2377=FILL_AREA_STYLE('Glass - Light Color (Blue)',(#2413));
#2378=FILL_AREA_STYLE('Paint - Enamel Glossy (Blue)',(#2414));
#2379=FILL_AREA_STYLE('Opaque(130,116,95)',(#2415));
#2380=FILL_AREA_STYLE('Opaque(244,229,167)',(#2416));
#2381=FILL_AREA_STYLE('Opaque(25,25,25)',(#2417));
#2382=FILL_AREA_STYLE('Opaque(160,160,160)',(#2418));
#2383=FILL_AREA_STYLE('Opaque(76,76,76)',(#2419));
#2384=FILL_AREA_STYLE('Opaque(251,250,245)',(#2420));
#2385=FILL_AREA_STYLE('Opaque(77,77,77)',(#2421));
#2386=FILL_AREA_STYLE('Opaque(187,197,203)',(#2422));
#2387=FILL_AREA_STYLE('Opaque(63,63,63)',(#2423));
#2388=FILL_AREA_STYLE('Opaque(191,191,191)',(#2424));
#2389=FILL_AREA_STYLE('Opaque(5,5,5)',(#2425));
#2390=FILL_AREA_STYLE('Opaque(188,80,47)',(#2426));
#2391=FILL_AREA_STYLE('Opaque(243,203,124)',(#2427));
#2392=FILL_AREA_STYLE('Opaque(128,128,128)',(#2428));
#2393=FILL_AREA_STYLE('Opaque(255,255,255)',(#2429));
#2394=FILL_AREA_STYLE('Opaque(196,196,196)',(#2430));
#2395=FILL_AREA_STYLE('Opaque(64,64,64)',(#2431));
#2396=FILL_AREA_STYLE('Opaque(215,208,192)',(#2432));
#2397=FILL_AREA_STYLE('Opaque(144,96,0)',(#2433));
#2398=FILL_AREA_STYLE('Opaque(246,246,243)',(#2434));
#2399=FILL_AREA_STYLE('Opaque(153,130,94)',(#2435));
#2400=FILL_AREA_STYLE('Opaque(48,59,150)',(#2436));
#2401=FILL_AREA_STYLE('Opaque(123,129,122)',(#2437));
#2402=FILL_AREA_STYLE('Opaque(245,245,246)',(#2438));
#2403=FILL_AREA_STYLE('Opaque(212,214,212)',(#2439));
#2404=FILL_AREA_STYLE('Opaque(229,234,237)',(#2440));
#2405=FILL_AREA_STYLE('Opaque(73,169,84)',(#2441));
#2406=FILL_AREA_STYLE('Opaque(211,214,211)',(#2442));
#2407=FILL_AREA_STYLE('Opaque(163,169,170)',(#2443));
#2408=FILL_AREA_STYLE('Opaque(73,73,73)',(#2444));
#2409=FILL_AREA_STYLE('Opaque(165,159,143)',(#2445));
#2410=FILL_AREA_STYLE('Opaque(217,196,147)',(#2446));
#2411=FILL_AREA_STYLE('Paint - Enamel Glossy (Red)',(#2447));
#2412=FILL_AREA_STYLE_COLOUR('Steel - Satin',#2448);
#2413=FILL_AREA_STYLE_COLOUR('Glass - Light Color (Blue)',#2449);
#2414=FILL_AREA_STYLE_COLOUR('Paint - Enamel Glossy (Blue)',#2450);
#2415=FILL_AREA_STYLE_COLOUR('Opaque(130,116,95)',#2451);
#2416=FILL_AREA_STYLE_COLOUR('Opaque(244,229,167)',#2452);
#2417=FILL_AREA_STYLE_COLOUR('Opaque(25,25,25)',#2453);
#2418=FILL_AREA_STYLE_COLOUR('Opaque(160,160,160)',#2454);
#2419=FILL_AREA_STYLE_COLOUR('Opaque(76,76,76)',#2455);
#2420=FILL_AREA_STYLE_COLOUR('Opaque(251,250,245)',#2456);
#2421=FILL_AREA_STYLE_COLOUR('Opaque(77,77,77)',#2457);
#2422=FILL_AREA_STYLE_COLOUR('Opaque(187,197,203)',#2458);
#2423=FILL_AREA_STYLE_COLOUR('Opaque(63,63,63)',#2459);
#2424=FILL_AREA_STYLE_COLOUR('Opaque(191,191,191)',#2460);
#2425=FILL_AREA_STYLE_COLOUR('Opaque(5,5,5)',#2461);
#2426=FILL_AREA_STYLE_COLOUR('Opaque(188,80,47)',#2462);
#2427=FILL_AREA_STYLE_COLOUR('Opaque(243,203,124)',#2463);
#2428=FILL_AREA_STYLE_COLOUR('Opaque(128,128,128)',#2464);
#2429=FILL_AREA_STYLE_COLOUR('Opaque(255,255,255)',#2465);
#2430=FILL_AREA_STYLE_COLOUR('Opaque(196,196,196)',#2466);
#2431=FILL_AREA_STYLE_COLOUR('Opaque(64,64,64)',#2467);
#2432=FILL_AREA_STYLE_COLOUR('Opaque(215,208,192)',#2468);
#2433=FILL_AREA_STYLE_COLOUR('Opaque(144,96,0)',#2469);
#2434=FILL_AREA_STYLE_COLOUR('Opaque(246,246,243)',#2470);
#2435=FILL_AREA_STYLE_COLOUR('Opaque(153,130,94)',#2471);
#2436=FILL_AREA_STYLE_COLOUR('Opaque(48,59,150)',#2472);
#2437=FILL_AREA_STYLE_COLOUR('Opaque(123,129,122)',#2473);
#2438=FILL_AREA_STYLE_COLOUR('Opaque(245,245,246)',#2474);
#2439=FILL_AREA_STYLE_COLOUR('Opaque(212,214,212)',#2475);
#2440=FILL_AREA_STYLE_COLOUR('Opaque(229,234,237)',#2476);
#2441=FILL_AREA_STYLE_COLOUR('Opaque(73,169,84)',#2477);
#2442=FILL_AREA_STYLE_COLOUR('Opaque(211,214,211)',#2478);
#2443=FILL_AREA_STYLE_COLOUR('Opaque(163,169,170)',#2479);
#2444=FILL_AREA_STYLE_COLOUR('Opaque(73,73,73)',#2480);
#2445=FILL_AREA_STYLE_COLOUR('Opaque(165,159,143)',#2481);
#2446=FILL_AREA_STYLE_COLOUR('Opaque(217,196,147)',#2482);
#2447=FILL_AREA_STYLE_COLOUR('Paint - Enamel Glossy (Red)',#2483);
#2448=COLOUR_RGB('Steel - Satin',0.627450980392157,0.627450980392157,0.627450980392157);
#2449=COLOUR_RGB('Glass - Light Color (Blue)',0.423529411764706,0.768627450980392,
0.854901960784314);
#2450=COLOUR_RGB('Paint - Enamel Glossy (Blue)',0.188235294117647,0.231372549019608,
0.588235294117647);
#2451=COLOUR_RGB('Opaque(130,116,95)',0.509803921568627,0.454901960784314,
0.372549019607843);
#2452=COLOUR_RGB('Opaque(244,229,167)',0.956862745098039,0.898039215686275,
0.654901960784314);
#2453=COLOUR_RGB('Opaque(25,25,25)',0.0980392156862745,0.0980392156862745,
0.0980392156862745);
#2454=COLOUR_RGB('Opaque(160,160,160)',0.627450980392157,0.627450980392157,
0.627450980392157);
#2455=COLOUR_RGB('Opaque(76,76,76)',0.298039215686275,0.298039215686275,
0.298039215686275);
#2456=COLOUR_RGB('Opaque(251,250,245)',0.984313725490196,0.980392156862745,
0.96078431372549);
#2457=COLOUR_RGB('Opaque(77,77,77)',0.301960784313725,0.301960784313725,
0.301960784313725);
#2458=COLOUR_RGB('Opaque(187,197,203)',0.733333333333333,0.772549019607843,
0.796078431372549);
#2459=COLOUR_RGB('Opaque(63,63,63)',0.250980392156863,0.250980392156863,
0.250980392156863);
#2460=COLOUR_RGB('Opaque(191,191,191)',0.749019607843137,0.749019607843137,
0.749019607843137);
#2461=COLOUR_RGB('Opaque(5,5,5)',0.0196078431372549,0.0196078431372549,
0.0196078431372549);
#2462=COLOUR_RGB('Opaque(188,80,47)',0.737254901960784,0.313725490196078,
0.184313725490196);
#2463=COLOUR_RGB('Opaque(243,203,124)',0.952941176470588,0.796078431372549,
0.486274509803922);
#2464=COLOUR_RGB('Opaque(128,128,128)',0.501960784313725,0.501960784313725,
0.501960784313725);
#2465=COLOUR_RGB('Opaque(255,255,255)',1.,1.,1.);
#2466=COLOUR_RGB('Opaque(196,196,196)',0.768627450980392,0.768627450980392,
0.768627450980392);
#2467=COLOUR_RGB('Opaque(64,64,64)',0.250980392156863,0.250980392156863,
0.250980392156863);
#2468=COLOUR_RGB('Opaque(215,208,192)',0.843137254901961,0.815686274509804,
0.752941176470588);
#2469=COLOUR_RGB('Opaque(144,96,0)',0.564705882352941,0.376470588235294,
0.);
#2470=COLOUR_RGB('Opaque(246,246,243)',0.964705882352941,0.964705882352941,
0.952941176470588);
#2471=COLOUR_RGB('Opaque(153,130,94)',0.6,0.509803921568627,0.368627450980392);
#2472=COLOUR_RGB('Opaque(48,59,150)',0.188235294117647,0.231372549019608,
0.588235294117647);
#2473=COLOUR_RGB('Opaque(123,129,122)',0.482352941176471,0.505882352941176,
0.47843137254902);
#2474=COLOUR_RGB('Opaque(245,245,246)',0.96078431372549,0.96078431372549,
0.964705882352941);
#2475=COLOUR_RGB('Opaque(212,214,212)',0.831372549019608,0.83921568627451,
0.831372549019608);
#2476=COLOUR_RGB('Opaque(229,234,237)',0.898039215686275,0.917647058823529,
0.929411764705882);
#2477=COLOUR_RGB('Opaque(73,169,84)',0.286274509803922,0.662745098039216,
0.329411764705882);
#2478=COLOUR_RGB('Opaque(211,214,211)',0.827450980392157,0.83921568627451,
0.827450980392157);
#2479=COLOUR_RGB('Opaque(163,169,170)',0.63921568627451,0.662745098039216,
0.666666666666667);
#2480=COLOUR_RGB('Opaque(73,73,73)',0.286274509803922,0.286274509803922,
0.286274509803922);
#2481=COLOUR_RGB('Opaque(165,159,143)',0.647058823529412,0.623529411764706,
0.56078431372549);
#2482=COLOUR_RGB('Opaque(217,196,147)',0.850980392156863,0.768627450980392,
0.576470588235294);
#2483=COLOUR_RGB('Paint - Enamel Glossy (Red)',0.768627450980392,0.207843137254902,
0.152941176470588);
ENDSEC;
END-ISO-10303-21;
