ISO-10303-21;
HEADER;
/* Generated by software containing ST-Developer
 * from STEP Tools, Inc. (www.steptools.com) 
 */

FILE_DESCRIPTION(
/* description */ (''),
/* implementation_level */ '2;1');

FILE_NAME(
/* name */ 'BMS Box (Plate).step',
/* time_stamp */ '2026-05-27T22:09:40+02:00',
/* author */ (''),
/* organization */ (''),
/* preprocessor_version */ 'ST-DEVELOPER v20.1',
/* originating_system */ 'Autodesk Translation Framework v15.8.0.0',
/* authorisation */ '');

FILE_SCHEMA (('AUTOMOTIVE_DESIGN { 1 0 10303 214 3 1 1 }'));
ENDSEC;

DATA;
#10=MECHANICAL_DESIGN_GEOMETRIC_PRESENTATION_REPRESENTATION('',(#13),#4633);
#11=SHAPE_REPRESENTATION_RELATIONSHIP('SRR','None',#4640,#12);
#12=ADVANCED_BREP_SHAPE_REPRESENTATION('',(#14),#4632);
#13=STYLED_ITEM('',(#4649),#14);
#14=MANIFOLD_SOLID_BREP('Bottom',#2863);
#15=CYLINDRICAL_SURFACE('',#2898,0.0994423542140613);
#16=CYLINDRICAL_SURFACE('',#2925,0.149163525);
#17=CYLINDRICAL_SURFACE('',#2955,0.149163525);
#18=CYLINDRICAL_SURFACE('',#2957,0.149163525);
#19=CYLINDRICAL_SURFACE('',#2959,0.149163525);
#20=CYLINDRICAL_SURFACE('',#2961,0.149163525);
#21=CYLINDRICAL_SURFACE('',#2963,0.149163525);
#22=CYLINDRICAL_SURFACE('',#2965,0.149163525);
#23=CYLINDRICAL_SURFACE('',#2999,0.149163525);
#24=CYLINDRICAL_SURFACE('',#3003,0.149163525);
#25=CYLINDRICAL_SURFACE('',#3005,0.149163525);
#26=CYLINDRICAL_SURFACE('',#3009,0.149163525);
#27=CYLINDRICAL_SURFACE('',#3011,0.149163525);
#28=CYLINDRICAL_SURFACE('',#3016,0.149163485705158);
#29=CYLINDRICAL_SURFACE('',#3017,0.149163469157701);
#30=CYLINDRICAL_SURFACE('',#3020,0.149163525);
#31=CYLINDRICAL_SURFACE('',#3024,0.149163525);
#32=CYLINDRICAL_SURFACE('',#3026,0.149163525);
#33=CYLINDRICAL_SURFACE('',#3030,0.149163525);
#34=CYLINDRICAL_SURFACE('',#3032,0.149163525);
#35=CYLINDRICAL_SURFACE('',#3036,0.149163525);
#36=CYLINDRICAL_SURFACE('',#3043,0.298327066452293);
#37=CYLINDRICAL_SURFACE('',#3045,0.298327076396705);
#38=CYLINDRICAL_SURFACE('',#3048,0.0994423542140279);
#39=CYLINDRICAL_SURFACE('',#3050,0.298327040234872);
#40=CYLINDRICAL_SURFACE('',#3052,0.298327000986416);
#41=CYLINDRICAL_SURFACE('',#3074,0.149163521407588);
#42=CYLINDRICAL_SURFACE('',#3075,0.149163500731616);
#43=CYLINDRICAL_SURFACE('',#3076,0.149163517278749);
#44=CYLINDRICAL_SURFACE('',#3077,0.149163526931692);
#45=FACE_BOUND('',#225,.T.);
#46=FACE_BOUND('',#226,.T.);
#47=FACE_BOUND('',#227,.T.);
#48=FACE_BOUND('',#228,.T.);
#49=FACE_BOUND('',#229,.T.);
#50=FACE_BOUND('',#230,.T.);
#51=FACE_BOUND('',#231,.T.);
#52=FACE_BOUND('',#232,.T.);
#53=FACE_BOUND('',#233,.T.);
#54=FACE_BOUND('',#234,.T.);
#55=FACE_BOUND('',#261,.T.);
#56=FACE_BOUND('',#262,.T.);
#57=FACE_BOUND('',#263,.T.);
#58=FACE_BOUND('',#264,.T.);
#59=FACE_BOUND('',#265,.T.);
#60=FACE_BOUND('',#266,.T.);
#61=FACE_BOUND('',#267,.T.);
#62=FACE_BOUND('',#268,.T.);
#63=FACE_BOUND('',#269,.T.);
#64=FACE_BOUND('',#270,.T.);
#65=FACE_BOUND('',#271,.T.);
#66=FACE_BOUND('',#272,.T.);
#67=FACE_BOUND('',#273,.T.);
#68=FACE_BOUND('',#274,.T.);
#69=FACE_BOUND('',#275,.T.);
#70=FACE_BOUND('',#276,.T.);
#71=FACE_BOUND('',#277,.T.);
#72=FACE_BOUND('',#278,.T.);
#73=FACE_BOUND('',#279,.T.);
#74=FACE_BOUND('',#280,.T.);
#75=FACE_BOUND('',#379,.T.);
#76=FACE_BOUND('',#381,.T.);
#77=FACE_BOUND('',#383,.T.);
#78=FACE_BOUND('',#386,.T.);
#79=FACE_BOUND('',#390,.T.);
#80=FACE_BOUND('',#392,.T.);
#81=FACE_BOUND('',#394,.T.);
#82=FACE_BOUND('',#396,.T.);
#83=FACE_BOUND('',#398,.T.);
#84=FACE_OUTER_BOUND('',#224,.T.);
#85=FACE_OUTER_BOUND('',#235,.T.);
#86=FACE_OUTER_BOUND('',#236,.T.);
#87=FACE_OUTER_BOUND('',#237,.T.);
#88=FACE_OUTER_BOUND('',#238,.T.);
#89=FACE_OUTER_BOUND('',#239,.T.);
#90=FACE_OUTER_BOUND('',#240,.T.);
#91=FACE_OUTER_BOUND('',#241,.T.);
#92=FACE_OUTER_BOUND('',#242,.T.);
#93=FACE_OUTER_BOUND('',#243,.T.);
#94=FACE_OUTER_BOUND('',#244,.T.);
#95=FACE_OUTER_BOUND('',#245,.T.);
#96=FACE_OUTER_BOUND('',#246,.T.);
#97=FACE_OUTER_BOUND('',#247,.T.);
#98=FACE_OUTER_BOUND('',#248,.T.);
#99=FACE_OUTER_BOUND('',#249,.T.);
#100=FACE_OUTER_BOUND('',#250,.T.);
#101=FACE_OUTER_BOUND('',#251,.T.);
#102=FACE_OUTER_BOUND('',#252,.T.);
#103=FACE_OUTER_BOUND('',#253,.T.);
#104=FACE_OUTER_BOUND('',#254,.T.);
#105=FACE_OUTER_BOUND('',#255,.T.);
#106=FACE_OUTER_BOUND('',#256,.T.);
#107=FACE_OUTER_BOUND('',#257,.T.);
#108=FACE_OUTER_BOUND('',#258,.T.);
#109=FACE_OUTER_BOUND('',#259,.T.);
#110=FACE_OUTER_BOUND('',#260,.T.);
#111=FACE_OUTER_BOUND('',#281,.T.);
#112=FACE_OUTER_BOUND('',#282,.T.);
#113=FACE_OUTER_BOUND('',#283,.T.);
#114=FACE_OUTER_BOUND('',#284,.T.);
#115=FACE_OUTER_BOUND('',#285,.T.);
#116=FACE_OUTER_BOUND('',#286,.T.);
#117=FACE_OUTER_BOUND('',#287,.T.);
#118=FACE_OUTER_BOUND('',#288,.T.);
#119=FACE_OUTER_BOUND('',#289,.T.);
#120=FACE_OUTER_BOUND('',#290,.T.);
#121=FACE_OUTER_BOUND('',#291,.T.);
#122=FACE_OUTER_BOUND('',#292,.T.);
#123=FACE_OUTER_BOUND('',#293,.T.);
#124=FACE_OUTER_BOUND('',#294,.T.);
#125=FACE_OUTER_BOUND('',#295,.T.);
#126=FACE_OUTER_BOUND('',#296,.T.);
#127=FACE_OUTER_BOUND('',#297,.T.);
#128=FACE_OUTER_BOUND('',#298,.T.);
#129=FACE_OUTER_BOUND('',#299,.T.);
#130=FACE_OUTER_BOUND('',#300,.T.);
#131=FACE_OUTER_BOUND('',#301,.T.);
#132=FACE_OUTER_BOUND('',#302,.T.);
#133=FACE_OUTER_BOUND('',#303,.T.);
#134=FACE_OUTER_BOUND('',#304,.T.);
#135=FACE_OUTER_BOUND('',#305,.T.);
#136=FACE_OUTER_BOUND('',#306,.T.);
#137=FACE_OUTER_BOUND('',#307,.T.);
#138=FACE_OUTER_BOUND('',#308,.T.);
#139=FACE_OUTER_BOUND('',#309,.T.);
#140=FACE_OUTER_BOUND('',#310,.T.);
#141=FACE_OUTER_BOUND('',#311,.T.);
#142=FACE_OUTER_BOUND('',#312,.T.);
#143=FACE_OUTER_BOUND('',#313,.T.);
#144=FACE_OUTER_BOUND('',#314,.T.);
#145=FACE_OUTER_BOUND('',#315,.T.);
#146=FACE_OUTER_BOUND('',#316,.T.);
#147=FACE_OUTER_BOUND('',#317,.T.);
#148=FACE_OUTER_BOUND('',#318,.T.);
#149=FACE_OUTER_BOUND('',#319,.T.);
#150=FACE_OUTER_BOUND('',#320,.T.);
#151=FACE_OUTER_BOUND('',#321,.T.);
#152=FACE_OUTER_BOUND('',#322,.T.);
#153=FACE_OUTER_BOUND('',#323,.T.);
#154=FACE_OUTER_BOUND('',#324,.T.);
#155=FACE_OUTER_BOUND('',#325,.T.);
#156=FACE_OUTER_BOUND('',#326,.T.);
#157=FACE_OUTER_BOUND('',#327,.T.);
#158=FACE_OUTER_BOUND('',#328,.T.);
#159=FACE_OUTER_BOUND('',#329,.T.);
#160=FACE_OUTER_BOUND('',#330,.T.);
#161=FACE_OUTER_BOUND('',#331,.T.);
#162=FACE_OUTER_BOUND('',#332,.T.);
#163=FACE_OUTER_BOUND('',#333,.T.);
#164=FACE_OUTER_BOUND('',#334,.T.);
#165=FACE_OUTER_BOUND('',#335,.T.);
#166=FACE_OUTER_BOUND('',#336,.T.);
#167=FACE_OUTER_BOUND('',#337,.T.);
#168=FACE_OUTER_BOUND('',#338,.T.);
#169=FACE_OUTER_BOUND('',#339,.T.);
#170=FACE_OUTER_BOUND('',#340,.T.);
#171=FACE_OUTER_BOUND('',#341,.T.);
#172=FACE_OUTER_BOUND('',#342,.T.);
#173=FACE_OUTER_BOUND('',#343,.T.);
#174=FACE_OUTER_BOUND('',#344,.T.);
#175=FACE_OUTER_BOUND('',#345,.T.);
#176=FACE_OUTER_BOUND('',#346,.T.);
#177=FACE_OUTER_BOUND('',#347,.T.);
#178=FACE_OUTER_BOUND('',#348,.T.);
#179=FACE_OUTER_BOUND('',#349,.T.);
#180=FACE_OUTER_BOUND('',#350,.T.);
#181=FACE_OUTER_BOUND('',#351,.T.);
#182=FACE_OUTER_BOUND('',#352,.T.);
#183=FACE_OUTER_BOUND('',#353,.T.);
#184=FACE_OUTER_BOUND('',#354,.T.);
#185=FACE_OUTER_BOUND('',#355,.T.);
#186=FACE_OUTER_BOUND('',#356,.T.);
#187=FACE_OUTER_BOUND('',#357,.T.);
#188=FACE_OUTER_BOUND('',#358,.T.);
#189=FACE_OUTER_BOUND('',#359,.T.);
#190=FACE_OUTER_BOUND('',#360,.T.);
#191=FACE_OUTER_BOUND('',#361,.T.);
#192=FACE_OUTER_BOUND('',#362,.T.);
#193=FACE_OUTER_BOUND('',#363,.T.);
#194=FACE_OUTER_BOUND('',#364,.T.);
#195=FACE_OUTER_BOUND('',#365,.T.);
#196=FACE_OUTER_BOUND('',#366,.T.);
#197=FACE_OUTER_BOUND('',#367,.T.);
#198=FACE_OUTER_BOUND('',#368,.T.);
#199=FACE_OUTER_BOUND('',#369,.T.);
#200=FACE_OUTER_BOUND('',#370,.T.);
#201=FACE_OUTER_BOUND('',#371,.T.);
#202=FACE_OUTER_BOUND('',#372,.T.);
#203=FACE_OUTER_BOUND('',#373,.T.);
#204=FACE_OUTER_BOUND('',#374,.T.);
#205=FACE_OUTER_BOUND('',#375,.T.);
#206=FACE_OUTER_BOUND('',#376,.T.);
#207=FACE_OUTER_BOUND('',#377,.T.);
#208=FACE_OUTER_BOUND('',#378,.T.);
#209=FACE_OUTER_BOUND('',#380,.T.);
#210=FACE_OUTER_BOUND('',#382,.T.);
#211=FACE_OUTER_BOUND('',#384,.T.);
#212=FACE_OUTER_BOUND('',#385,.T.);
#213=FACE_OUTER_BOUND('',#387,.T.);
#214=FACE_OUTER_BOUND('',#388,.T.);
#215=FACE_OUTER_BOUND('',#389,.T.);
#216=FACE_OUTER_BOUND('',#391,.T.);
#217=FACE_OUTER_BOUND('',#393,.T.);
#218=FACE_OUTER_BOUND('',#395,.T.);
#219=FACE_OUTER_BOUND('',#397,.T.);
#220=FACE_OUTER_BOUND('',#399,.T.);
#221=FACE_OUTER_BOUND('',#400,.T.);
#222=FACE_OUTER_BOUND('',#401,.T.);
#223=FACE_OUTER_BOUND('',#402,.T.);
#224=EDGE_LOOP('',(#1811,#1812,#1813,#1814,#1815,#1816,#1817,#1818,#1819,
#1820,#1821,#1822,#1823,#1824,#1825,#1826,#1827,#1828,#1829,#1830,#1831,
#1832,#1833,#1834,#1835,#1836,#1837,#1838,#1839,#1840,#1841,#1842,#1843,
#1844,#1845,#1846,#1847,#1848,#1849,#1850,#1851,#1852,#1853,#1854,#1855,
#1856,#1857,#1858,#1859,#1860,#1861,#1862,#1863,#1864,#1865,#1866,#1867,
#1868,#1869));
#225=EDGE_LOOP('',(#1870,#1871,#1872,#1873,#1874));
#226=EDGE_LOOP('',(#1875,#1876,#1877,#1878,#1879,#1880));
#227=EDGE_LOOP('',(#1881));
#228=EDGE_LOOP('',(#1882,#1883,#1884,#1885,#1886));
#229=EDGE_LOOP('',(#1887,#1888,#1889,#1890,#1891,#1892));
#230=EDGE_LOOP('',(#1893,#1894,#1895,#1896,#1897,#1898));
#231=EDGE_LOOP('',(#1899,#1900,#1901,#1902,#1903));
#232=EDGE_LOOP('',(#1904));
#233=EDGE_LOOP('',(#1905,#1906,#1907,#1908,#1909));
#234=EDGE_LOOP('',(#1910,#1911,#1912,#1913,#1914,#1915));
#235=EDGE_LOOP('',(#1916,#1917,#1918,#1919));
#236=EDGE_LOOP('',(#1920));
#237=EDGE_LOOP('',(#1921));
#238=EDGE_LOOP('',(#1922,#1923,#1924,#1925));
#239=EDGE_LOOP('',(#1926,#1927,#1928,#1929,#1930));
#240=EDGE_LOOP('',(#1931,#1932,#1933));
#241=EDGE_LOOP('',(#1934,#1935,#1936,#1937,#1938,#1939,#1940));
#242=EDGE_LOOP('',(#1941,#1942,#1943,#1944));
#243=EDGE_LOOP('',(#1945,#1946,#1947,#1948,#1949,#1950,#1951,#1952,#1953,
#1954,#1955));
#244=EDGE_LOOP('',(#1956,#1957,#1958,#1959));
#245=EDGE_LOOP('',(#1960,#1961,#1962,#1963));
#246=EDGE_LOOP('',(#1964,#1965,#1966,#1967));
#247=EDGE_LOOP('',(#1968,#1969,#1970,#1971));
#248=EDGE_LOOP('',(#1972,#1973,#1974,#1975));
#249=EDGE_LOOP('',(#1976,#1977,#1978,#1979,#1980,#1981,#1982,#1983,#1984,
#1985,#1986,#1987));
#250=EDGE_LOOP('',(#1988,#1989,#1990,#1991,#1992,#1993));
#251=EDGE_LOOP('',(#1994,#1995,#1996,#1997,#1998,#1999));
#252=EDGE_LOOP('',(#2000,#2001,#2002,#2003,#2004,#2005));
#253=EDGE_LOOP('',(#2006,#2007,#2008,#2009,#2010));
#254=EDGE_LOOP('',(#2011,#2012,#2013,#2014));
#255=EDGE_LOOP('',(#2015,#2016,#2017,#2018));
#256=EDGE_LOOP('',(#2019,#2020,#2021,#2022,#2023,#2024));
#257=EDGE_LOOP('',(#2025,#2026,#2027,#2028));
#258=EDGE_LOOP('',(#2029,#2030,#2031,#2032));
#259=EDGE_LOOP('',(#2033,#2034,#2035,#2036));
#260=EDGE_LOOP('',(#2037,#2038,#2039,#2040,#2041,#2042,#2043,#2044,#2045,
#2046,#2047,#2048,#2049,#2050,#2051,#2052,#2053,#2054,#2055,#2056,#2057,
#2058,#2059,#2060));
#261=EDGE_LOOP('',(#2061));
#262=EDGE_LOOP('',(#2062));
#263=EDGE_LOOP('',(#2063));
#264=EDGE_LOOP('',(#2064,#2065,#2066,#2067,#2068));
#265=EDGE_LOOP('',(#2069,#2070,#2071,#2072,#2073,#2074));
#266=EDGE_LOOP('',(#2075,#2076,#2077,#2078,#2079,#2080));
#267=EDGE_LOOP('',(#2081,#2082,#2083,#2084,#2085));
#268=EDGE_LOOP('',(#2086));
#269=EDGE_LOOP('',(#2087));
#270=EDGE_LOOP('',(#2088));
#271=EDGE_LOOP('',(#2089,#2090,#2091,#2092,#2093,#2094));
#272=EDGE_LOOP('',(#2095,#2096,#2097,#2098,#2099,#2100));
#273=EDGE_LOOP('',(#2101,#2102,#2103,#2104,#2105,#2106));
#274=EDGE_LOOP('',(#2107));
#275=EDGE_LOOP('',(#2108,#2109,#2110,#2111,#2112));
#276=EDGE_LOOP('',(#2113,#2114,#2115,#2116,#2117,#2118));
#277=EDGE_LOOP('',(#2119,#2120,#2121,#2122,#2123,#2124));
#278=EDGE_LOOP('',(#2125,#2126,#2127,#2128,#2129));
#279=EDGE_LOOP('',(#2130));
#280=EDGE_LOOP('',(#2131));
#281=EDGE_LOOP('',(#2132,#2133,#2134,#2135));
#282=EDGE_LOOP('',(#2136,#2137,#2138,#2139,#2140,#2141));
#283=EDGE_LOOP('',(#2142,#2143,#2144,#2145));
#284=EDGE_LOOP('',(#2146,#2147,#2148,#2149));
#285=EDGE_LOOP('',(#2150,#2151,#2152,#2153));
#286=EDGE_LOOP('',(#2154,#2155,#2156,#2157));
#287=EDGE_LOOP('',(#2158,#2159,#2160,#2161,#2162,#2163));
#288=EDGE_LOOP('',(#2164,#2165,#2166,#2167));
#289=EDGE_LOOP('',(#2168,#2169,#2170,#2171));
#290=EDGE_LOOP('',(#2172,#2173,#2174,#2175));
#291=EDGE_LOOP('',(#2176,#2177,#2178,#2179,#2180));
#292=EDGE_LOOP('',(#2181,#2182,#2183,#2184));
#293=EDGE_LOOP('',(#2185,#2186,#2187,#2188));
#294=EDGE_LOOP('',(#2189,#2190,#2191,#2192));
#295=EDGE_LOOP('',(#2193,#2194,#2195,#2196));
#296=EDGE_LOOP('',(#2197,#2198,#2199,#2200));
#297=EDGE_LOOP('',(#2201,#2202,#2203,#2204));
#298=EDGE_LOOP('',(#2205,#2206,#2207,#2208,#2209,#2210));
#299=EDGE_LOOP('',(#2211,#2212,#2213,#2214));
#300=EDGE_LOOP('',(#2215,#2216,#2217,#2218));
#301=EDGE_LOOP('',(#2219,#2220,#2221,#2222,#2223,#2224));
#302=EDGE_LOOP('',(#2225,#2226,#2227,#2228));
#303=EDGE_LOOP('',(#2229,#2230,#2231,#2232));
#304=EDGE_LOOP('',(#2233,#2234,#2235,#2236));
#305=EDGE_LOOP('',(#2237,#2238,#2239,#2240));
#306=EDGE_LOOP('',(#2241,#2242,#2243,#2244));
#307=EDGE_LOOP('',(#2245,#2246,#2247,#2248,#2249,#2250));
#308=EDGE_LOOP('',(#2251,#2252,#2253,#2254));
#309=EDGE_LOOP('',(#2255,#2256,#2257,#2258,#2259,#2260,#2261,#2262));
#310=EDGE_LOOP('',(#2263,#2264,#2265,#2266));
#311=EDGE_LOOP('',(#2267,#2268,#2269,#2270,#2271,#2272));
#312=EDGE_LOOP('',(#2273,#2274,#2275,#2276,#2277,#2278,#2279,#2280,#2281));
#313=EDGE_LOOP('',(#2282,#2283,#2284,#2285,#2286,#2287));
#314=EDGE_LOOP('',(#2288,#2289,#2290,#2291,#2292,#2293));
#315=EDGE_LOOP('',(#2294,#2295,#2296));
#316=EDGE_LOOP('',(#2297,#2298,#2299,#2300));
#317=EDGE_LOOP('',(#2301,#2302,#2303,#2304));
#318=EDGE_LOOP('',(#2305,#2306,#2307,#2308));
#319=EDGE_LOOP('',(#2309,#2310,#2311,#2312));
#320=EDGE_LOOP('',(#2313,#2314,#2315,#2316));
#321=EDGE_LOOP('',(#2317,#2318,#2319,#2320));
#322=EDGE_LOOP('',(#2321,#2322,#2323,#2324,#2325,#2326));
#323=EDGE_LOOP('',(#2327,#2328,#2329,#2330));
#324=EDGE_LOOP('',(#2331,#2332,#2333,#2334));
#325=EDGE_LOOP('',(#2335,#2336,#2337,#2338,#2339,#2340));
#326=EDGE_LOOP('',(#2341,#2342,#2343,#2344));
#327=EDGE_LOOP('',(#2345,#2346,#2347,#2348));
#328=EDGE_LOOP('',(#2349,#2350,#2351,#2352));
#329=EDGE_LOOP('',(#2353,#2354,#2355,#2356));
#330=EDGE_LOOP('',(#2357,#2358,#2359,#2360));
#331=EDGE_LOOP('',(#2361,#2362,#2363,#2364));
#332=EDGE_LOOP('',(#2365,#2366,#2367,#2368));
#333=EDGE_LOOP('',(#2369,#2370,#2371,#2372));
#334=EDGE_LOOP('',(#2373,#2374,#2375,#2376));
#335=EDGE_LOOP('',(#2377,#2378,#2379,#2380));
#336=EDGE_LOOP('',(#2381,#2382,#2383,#2384));
#337=EDGE_LOOP('',(#2385,#2386,#2387,#2388));
#338=EDGE_LOOP('',(#2389,#2390,#2391,#2392));
#339=EDGE_LOOP('',(#2393,#2394,#2395,#2396));
#340=EDGE_LOOP('',(#2397,#2398,#2399,#2400));
#341=EDGE_LOOP('',(#2401,#2402,#2403,#2404));
#342=EDGE_LOOP('',(#2405,#2406,#2407,#2408));
#343=EDGE_LOOP('',(#2409,#2410,#2411,#2412));
#344=EDGE_LOOP('',(#2413,#2414,#2415,#2416));
#345=EDGE_LOOP('',(#2417,#2418,#2419,#2420));
#346=EDGE_LOOP('',(#2421,#2422,#2423,#2424));
#347=EDGE_LOOP('',(#2425,#2426,#2427,#2428));
#348=EDGE_LOOP('',(#2429,#2430,#2431,#2432));
#349=EDGE_LOOP('',(#2433,#2434,#2435,#2436));
#350=EDGE_LOOP('',(#2437,#2438,#2439,#2440));
#351=EDGE_LOOP('',(#2441,#2442,#2443,#2444));
#352=EDGE_LOOP('',(#2445,#2446,#2447,#2448));
#353=EDGE_LOOP('',(#2449,#2450,#2451,#2452));
#354=EDGE_LOOP('',(#2453,#2454,#2455,#2456));
#355=EDGE_LOOP('',(#2457,#2458,#2459,#2460));
#356=EDGE_LOOP('',(#2461,#2462,#2463,#2464));
#357=EDGE_LOOP('',(#2465,#2466,#2467,#2468));
#358=EDGE_LOOP('',(#2469,#2470,#2471,#2472));
#359=EDGE_LOOP('',(#2473,#2474,#2475,#2476));
#360=EDGE_LOOP('',(#2477,#2478,#2479,#2480));
#361=EDGE_LOOP('',(#2481,#2482,#2483,#2484));
#362=EDGE_LOOP('',(#2485,#2486,#2487,#2488));
#363=EDGE_LOOP('',(#2489,#2490,#2491,#2492));
#364=EDGE_LOOP('',(#2493,#2494,#2495,#2496));
#365=EDGE_LOOP('',(#2497,#2498,#2499,#2500));
#366=EDGE_LOOP('',(#2501,#2502,#2503,#2504));
#367=EDGE_LOOP('',(#2505,#2506,#2507,#2508));
#368=EDGE_LOOP('',(#2509,#2510,#2511,#2512));
#369=EDGE_LOOP('',(#2513,#2514,#2515,#2516,#2517));
#370=EDGE_LOOP('',(#2518,#2519,#2520,#2521));
#371=EDGE_LOOP('',(#2522,#2523,#2524,#2525));
#372=EDGE_LOOP('',(#2526,#2527,#2528,#2529));
#373=EDGE_LOOP('',(#2530,#2531,#2532,#2533));
#374=EDGE_LOOP('',(#2534,#2535,#2536,#2537));
#375=EDGE_LOOP('',(#2538,#2539,#2540,#2541));
#376=EDGE_LOOP('',(#2542,#2543,#2544,#2545));
#377=EDGE_LOOP('',(#2546,#2547,#2548,#2549));
#378=EDGE_LOOP('',(#2550,#2551,#2552,#2553));
#379=EDGE_LOOP('',(#2554));
#380=EDGE_LOOP('',(#2555,#2556,#2557,#2558));
#381=EDGE_LOOP('',(#2559));
#382=EDGE_LOOP('',(#2560,#2561,#2562,#2563));
#383=EDGE_LOOP('',(#2564));
#384=EDGE_LOOP('',(#2565,#2566,#2567,#2568,#2569,#2570));
#385=EDGE_LOOP('',(#2571,#2572,#2573,#2574));
#386=EDGE_LOOP('',(#2575));
#387=EDGE_LOOP('',(#2576,#2577,#2578,#2579));
#388=EDGE_LOOP('',(#2580,#2581,#2582,#2583));
#389=EDGE_LOOP('',(#2584,#2585,#2586,#2587));
#390=EDGE_LOOP('',(#2588));
#391=EDGE_LOOP('',(#2589));
#392=EDGE_LOOP('',(#2590));
#393=EDGE_LOOP('',(#2591));
#394=EDGE_LOOP('',(#2592));
#395=EDGE_LOOP('',(#2593));
#396=EDGE_LOOP('',(#2594));
#397=EDGE_LOOP('',(#2595));
#398=EDGE_LOOP('',(#2596));
#399=EDGE_LOOP('',(#2597,#2598,#2599,#2600));
#400=EDGE_LOOP('',(#2601,#2602,#2603,#2604));
#401=EDGE_LOOP('',(#2605,#2606,#2607,#2608));
#402=EDGE_LOOP('',(#2609,#2610,#2611,#2612));
#403=CIRCLE('',#2878,0.149163525);
#404=CIRCLE('',#2879,0.149163525);
#405=CIRCLE('',#2880,0.149163525);
#406=CIRCLE('',#2881,0.149163525);
#407=CIRCLE('',#2882,0.149163525);
#408=CIRCLE('',#2883,0.149163525);
#409=CIRCLE('',#2884,0.149163525);
#410=CIRCLE('',#2885,0.149163525);
#411=CIRCLE('',#2886,0.149163525);
#412=CIRCLE('',#2887,0.149163485705158);
#413=CIRCLE('',#2888,0.149163525);
#414=CIRCLE('',#2889,0.149163525);
#415=CIRCLE('',#2890,0.149163525);
#416=CIRCLE('',#2891,0.149163525);
#417=CIRCLE('',#2892,0.149163525);
#418=CIRCLE('',#2893,0.149163525);
#419=CIRCLE('',#2894,0.149163469157701);
#420=CIRCLE('',#2895,0.149163525);
#421=CIRCLE('',#2896,0.149163525);
#422=CIRCLE('',#2897,0.149163525);
#423=CIRCLE('',#2899,0.0994423542140613);
#424=CIRCLE('',#2900,0.0994423542140613);
#425=CIRCLE('',#2903,0.099442371060411);
#426=CIRCLE('',#2926,0.149163525);
#427=CIRCLE('',#2928,0.298327000986416);
#428=CIRCLE('',#2929,0.298327040234872);
#429=CIRCLE('',#2930,0.149163525);
#430=CIRCLE('',#2931,0.149163525);
#431=CIRCLE('',#2932,0.149163525);
#432=CIRCLE('',#2933,0.149163525);
#433=CIRCLE('',#2934,0.149163525);
#434=CIRCLE('',#2935,0.149163525);
#435=CIRCLE('',#2936,0.0994423542140279);
#436=CIRCLE('',#2937,0.149163469157701);
#437=CIRCLE('',#2938,0.149163485705158);
#438=CIRCLE('',#2939,0.149163525);
#439=CIRCLE('',#2940,0.149163525);
#440=CIRCLE('',#2941,0.149163525);
#441=CIRCLE('',#2942,0.149163525);
#442=CIRCLE('',#2943,0.149163525);
#443=CIRCLE('',#2944,0.149163525);
#444=CIRCLE('',#2945,0.149163525);
#445=CIRCLE('',#2946,0.149163525);
#446=CIRCLE('',#2947,0.149163525);
#447=CIRCLE('',#2948,0.149163525);
#448=CIRCLE('',#2949,0.149163525);
#449=CIRCLE('',#2950,0.298327076396705);
#450=CIRCLE('',#2951,0.298327066452293);
#451=CIRCLE('',#3044,0.298327066452293);
#452=CIRCLE('',#3046,0.298327076396705);
#453=CIRCLE('',#3049,0.0994423542140279);
#454=CIRCLE('',#3051,0.298327040234872);
#455=CIRCLE('',#3053,0.298327000986416);
#456=CIRCLE('',#3055,0.149163521407588);
#457=CIRCLE('',#3057,0.149163500731616);
#458=CIRCLE('',#3059,0.149163517278749);
#459=CIRCLE('',#3065,0.149163526931692);
#460=CIRCLE('',#3067,0.149163526931692);
#461=CIRCLE('',#3069,0.149163521407588);
#462=CIRCLE('',#3071,0.149163517278749);
#463=CIRCLE('',#3073,0.149163500731616);
#464=LINE('',#3826,#804);
#465=LINE('',#3828,#805);
#466=LINE('',#3830,#806);
#467=LINE('',#3832,#807);
#468=LINE('',#3834,#808);
#469=LINE('',#3836,#809);
#470=LINE('',#3838,#810);
#471=LINE('',#3840,#811);
#472=LINE('',#3842,#812);
#473=LINE('',#3844,#813);
#474=LINE('',#3846,#814);
#475=LINE('',#3848,#815);
#476=LINE('',#3850,#816);
#477=LINE('',#3852,#817);
#478=LINE('',#3854,#818);
#479=LINE('',#3856,#819);
#480=LINE('',#3858,#820);
#481=LINE('',#3860,#821);
#482=LINE('',#3862,#822);
#483=LINE('',#3864,#823);
#484=LINE('',#3866,#824);
#485=LINE('',#3868,#825);
#486=LINE('',#3870,#826);
#487=LINE('',#3872,#827);
#488=LINE('',#3874,#828);
#489=LINE('',#3876,#829);
#490=LINE('',#3880,#830);
#491=LINE('',#3884,#831);
#492=LINE('',#3886,#832);
#493=LINE('',#3888,#833);
#494=LINE('',#3890,#834);
#495=LINE('',#3892,#835);
#496=LINE('',#3896,#836);
#497=LINE('',#3900,#837);
#498=LINE('',#3902,#838);
#499=LINE('',#3904,#839);
#500=LINE('',#3906,#840);
#501=LINE('',#3908,#841);
#502=LINE('',#3912,#842);
#503=LINE('',#3916,#843);
#504=LINE('',#3918,#844);
#505=LINE('',#3920,#845);
#506=LINE('',#3922,#846);
#507=LINE('',#3924,#847);
#508=LINE('',#3926,#848);
#509=LINE('',#3928,#849);
#510=LINE('',#3930,#850);
#511=LINE('',#3932,#851);
#512=LINE('',#3934,#852);
#513=LINE('',#3936,#853);
#514=LINE('',#3938,#854);
#515=LINE('',#3940,#855);
#516=LINE('',#3941,#856);
#517=LINE('',#3944,#857);
#518=LINE('',#3946,#858);
#519=LINE('',#3948,#859);
#520=LINE('',#3951,#860);
#521=LINE('',#3956,#861);
#522=LINE('',#3958,#862);
#523=LINE('',#3960,#863);
#524=LINE('',#3963,#864);
#525=LINE('',#3968,#865);
#526=LINE('',#3970,#866);
#527=LINE('',#3974,#867);
#528=LINE('',#3975,#868);
#529=LINE('',#3978,#869);
#530=LINE('',#3982,#870);
#531=LINE('',#3986,#871);
#532=LINE('',#3987,#872);
#533=LINE('',#3990,#873);
#534=LINE('',#3994,#874);
#535=LINE('',#3998,#875);
#536=LINE('',#3999,#876);
#537=LINE('',#4002,#877);
#538=LINE('',#4006,#878);
#539=LINE('',#4008,#879);
#540=LINE('',#4009,#880);
#541=LINE('',#4016,#881);
#542=LINE('',#4018,#882);
#543=LINE('',#4020,#883);
#544=LINE('',#4021,#884);
#545=LINE('',#4026,#885);
#546=LINE('',#4028,#886);
#547=LINE('',#4030,#887);
#548=LINE('',#4033,#888);
#549=LINE('',#4038,#889);
#550=LINE('',#4046,#890);
#551=LINE('',#4048,#891);
#552=LINE('',#4049,#892);
#553=LINE('',#4053,#893);
#554=LINE('',#4054,#894);
#555=LINE('',#4056,#895);
#556=LINE('',#4057,#896);
#557=LINE('',#4061,#897);
#558=LINE('',#4063,#898);
#559=LINE('',#4064,#899);
#560=LINE('',#4067,#900);
#561=LINE('',#4069,#901);
#562=LINE('',#4070,#902);
#563=LINE('',#4072,#903);
#564=LINE('',#4073,#904);
#565=LINE('',#4075,#905);
#566=LINE('',#4077,#906);
#567=LINE('',#4078,#907);
#568=LINE('',#4081,#908);
#569=LINE('',#4082,#909);
#570=LINE('',#4084,#910);
#571=LINE('',#4086,#911);
#572=LINE('',#4087,#912);
#573=LINE('',#4088,#913);
#574=LINE('',#4091,#914);
#575=LINE('',#4092,#915);
#576=LINE('',#4095,#916);
#577=LINE('',#4096,#917);
#578=LINE('',#4099,#918);
#579=LINE('',#4101,#919);
#580=LINE('',#4102,#920);
#581=LINE('',#4105,#921);
#582=LINE('',#4106,#922);
#583=LINE('',#4109,#923);
#584=LINE('',#4110,#924);
#585=LINE('',#4112,#925);
#586=LINE('',#4114,#926);
#587=LINE('',#4115,#927);
#588=LINE('',#4118,#928);
#589=LINE('',#4120,#929);
#590=LINE('',#4122,#930);
#591=LINE('',#4124,#931);
#592=LINE('',#4125,#932);
#593=LINE('',#4128,#933);
#594=LINE('',#4130,#934);
#595=LINE('',#4131,#935);
#596=LINE('',#4134,#936);
#597=LINE('',#4135,#937);
#598=LINE('',#4138,#938);
#599=LINE('',#4139,#939);
#600=LINE('',#4142,#940);
#601=LINE('',#4143,#941);
#602=LINE('',#4146,#942);
#603=LINE('',#4147,#943);
#604=LINE('',#4150,#944);
#605=LINE('',#4152,#945);
#606=LINE('',#4153,#946);
#607=LINE('',#4156,#947);
#608=LINE('',#4158,#948);
#609=LINE('',#4159,#949);
#610=LINE('',#4162,#950);
#611=LINE('',#4163,#951);
#612=LINE('',#4166,#952);
#613=LINE('',#4170,#953);
#614=LINE('',#4172,#954);
#615=LINE('',#4174,#955);
#616=LINE('',#4176,#956);
#617=LINE('',#4178,#957);
#618=LINE('',#4180,#958);
#619=LINE('',#4182,#959);
#620=LINE('',#4184,#960);
#621=LINE('',#4186,#961);
#622=LINE('',#4188,#962);
#623=LINE('',#4190,#963);
#624=LINE('',#4192,#964);
#625=LINE('',#4194,#965);
#626=LINE('',#4195,#966);
#627=LINE('',#4197,#967);
#628=LINE('',#4199,#968);
#629=LINE('',#4201,#969);
#630=LINE('',#4203,#970);
#631=LINE('',#4205,#971);
#632=LINE('',#4207,#972);
#633=LINE('',#4209,#973);
#634=LINE('',#4210,#974);
#635=LINE('',#4217,#975);
#636=LINE('',#4219,#976);
#637=LINE('',#4221,#977);
#638=LINE('',#4224,#978);
#639=LINE('',#4227,#979);
#640=LINE('',#4229,#980);
#641=LINE('',#4233,#981);
#642=LINE('',#4236,#982);
#643=LINE('',#4239,#983);
#644=LINE('',#4241,#984);
#645=LINE('',#4245,#985);
#646=LINE('',#4248,#986);
#647=LINE('',#4251,#987);
#648=LINE('',#4253,#988);
#649=LINE('',#4257,#989);
#650=LINE('',#4258,#990);
#651=LINE('',#4266,#991);
#652=LINE('',#4270,#992);
#653=LINE('',#4273,#993);
#654=LINE('',#4274,#994);
#655=LINE('',#4278,#995);
#656=LINE('',#4282,#996);
#657=LINE('',#4284,#997);
#658=LINE('',#4288,#998);
#659=LINE('',#4291,#999);
#660=LINE('',#4294,#1000);
#661=LINE('',#4296,#1001);
#662=LINE('',#4298,#1002);
#663=LINE('',#4300,#1003);
#664=LINE('',#4304,#1004);
#665=LINE('',#4308,#1005);
#666=LINE('',#4310,#1006);
#667=LINE('',#4312,#1007);
#668=LINE('',#4316,#1008);
#669=LINE('',#4320,#1009);
#670=LINE('',#4322,#1010);
#671=LINE('',#4324,#1011);
#672=LINE('',#4327,#1012);
#673=LINE('',#4328,#1013);
#674=LINE('',#4334,#1014);
#675=LINE('',#4336,#1015);
#676=LINE('',#4337,#1016);
#677=LINE('',#4339,#1017);
#678=LINE('',#4341,#1018);
#679=LINE('',#4343,#1019);
#680=LINE('',#4345,#1020);
#681=LINE('',#4348,#1021);
#682=LINE('',#4350,#1022);
#683=LINE('',#4353,#1023);
#684=LINE('',#4355,#1024);
#685=LINE('',#4357,#1025);
#686=LINE('',#4359,#1026);
#687=LINE('',#4363,#1027);
#688=LINE('',#4366,#1028);
#689=LINE('',#4368,#1029);
#690=LINE('',#4369,#1030);
#691=LINE('',#4372,#1031);
#692=LINE('',#4373,#1032);
#693=LINE('',#4376,#1033);
#694=LINE('',#4377,#1034);
#695=LINE('',#4379,#1035);
#696=LINE('',#4380,#1036);
#697=LINE('',#4382,#1037);
#698=LINE('',#4384,#1038);
#699=LINE('',#4386,#1039);
#700=LINE('',#4388,#1040);
#701=LINE('',#4392,#1041);
#702=LINE('',#4394,#1042);
#703=LINE('',#4395,#1043);
#704=LINE('',#4398,#1044);
#705=LINE('',#4399,#1045);
#706=LINE('',#4402,#1046);
#707=LINE('',#4404,#1047);
#708=LINE('',#4405,#1048);
#709=LINE('',#4407,#1049);
#710=LINE('',#4408,#1050);
#711=LINE('',#4411,#1051);
#712=LINE('',#4412,#1052);
#713=LINE('',#4414,#1053);
#714=LINE('',#4416,#1054);
#715=LINE('',#4417,#1055);
#716=LINE('',#4419,#1056);
#717=LINE('',#4421,#1057);
#718=LINE('',#4423,#1058);
#719=LINE('',#4425,#1059);
#720=LINE('',#4426,#1060);
#721=LINE('',#4430,#1061);
#722=LINE('',#4431,#1062);
#723=LINE('',#4433,#1063);
#724=LINE('',#4434,#1064);
#725=LINE('',#4437,#1065);
#726=LINE('',#4439,#1066);
#727=LINE('',#4441,#1067);
#728=LINE('',#4442,#1068);
#729=LINE('',#4445,#1069);
#730=LINE('',#4446,#1070);
#731=LINE('',#4448,#1071);
#732=LINE('',#4450,#1072);
#733=LINE('',#4452,#1073);
#734=LINE('',#4454,#1074);
#735=LINE('',#4456,#1075);
#736=LINE('',#4458,#1076);
#737=LINE('',#4461,#1077);
#738=LINE('',#4463,#1078);
#739=LINE('',#4464,#1079);
#740=LINE('',#4467,#1080);
#741=LINE('',#4468,#1081);
#742=LINE('',#4471,#1082);
#743=LINE('',#4472,#1083);
#744=LINE('',#4474,#1084);
#745=LINE('',#4475,#1085);
#746=LINE('',#4479,#1086);
#747=LINE('',#4480,#1087);
#748=LINE('',#4482,#1088);
#749=LINE('',#4484,#1089);
#750=LINE('',#4486,#1090);
#751=LINE('',#4488,#1091);
#752=LINE('',#4491,#1092);
#753=LINE('',#4492,#1093);
#754=LINE('',#4494,#1094);
#755=LINE('',#4496,#1095);
#756=LINE('',#4498,#1096);
#757=LINE('',#4500,#1097);
#758=LINE('',#4503,#1098);
#759=LINE('',#4504,#1099);
#760=LINE('',#4506,#1100);
#761=LINE('',#4508,#1101);
#762=LINE('',#4510,#1102);
#763=LINE('',#4513,#1103);
#764=LINE('',#4515,#1104);
#765=LINE('',#4517,#1105);
#766=LINE('',#4518,#1106);
#767=LINE('',#4520,#1107);
#768=LINE('',#4522,#1108);
#769=LINE('',#4524,#1109);
#770=LINE('',#4527,#1110);
#771=LINE('',#4528,#1111);
#772=LINE('',#4530,#1112);
#773=LINE('',#4532,#1113);
#774=LINE('',#4534,#1114);
#775=LINE('',#4536,#1115);
#776=LINE('',#4539,#1116);
#777=LINE('',#4540,#1117);
#778=LINE('',#4542,#1118);
#779=LINE('',#4544,#1119);
#780=LINE('',#4546,#1120);
#781=LINE('',#4548,#1121);
#782=LINE('',#4551,#1122);
#783=LINE('',#4552,#1123);
#784=LINE('',#4554,#1124);
#785=LINE('',#4556,#1125);
#786=LINE('',#4558,#1126);
#787=LINE('',#4561,#1127);
#788=LINE('',#4563,#1128);
#789=LINE('',#4565,#1129);
#790=LINE('',#4568,#1130);
#791=LINE('',#4572,#1131);
#792=LINE('',#4578,#1132);
#793=LINE('',#4581,#1133);
#794=LINE('',#4585,#1134);
#795=LINE('',#4598,#1135);
#796=LINE('',#4599,#1136);
#797=LINE('',#4602,#1137);
#798=LINE('',#4603,#1138);
#799=LINE('',#4605,#1139);
#800=LINE('',#4623,#1140);
#801=LINE('',#4625,#1141);
#802=LINE('',#4627,#1142);
#803=LINE('',#4629,#1143);
#804=VECTOR('',#3082,0.09944235);
#805=VECTOR('',#3083,0.09944235);
#806=VECTOR('',#3084,0.09944235);
#807=VECTOR('',#3085,0.09944235);
#808=VECTOR('',#3086,0.09944235);
#809=VECTOR('',#3087,0.09944235);
#810=VECTOR('',#3088,0.09944235);
#811=VECTOR('',#3089,0.09944235);
#812=VECTOR('',#3090,0.09944235);
#813=VECTOR('',#3091,0.09944235);
#814=VECTOR('',#3092,0.09944235);
#815=VECTOR('',#3093,0.09944235);
#816=VECTOR('',#3094,0.09944235);
#817=VECTOR('',#3095,0.09944235);
#818=VECTOR('',#3096,0.09944235);
#819=VECTOR('',#3097,0.09944235);
#820=VECTOR('',#3098,0.09944235);
#821=VECTOR('',#3099,0.09944235);
#822=VECTOR('',#3100,0.09944235);
#823=VECTOR('',#3101,0.09944235);
#824=VECTOR('',#3102,0.09944235);
#825=VECTOR('',#3103,0.09944235);
#826=VECTOR('',#3104,0.09944235);
#827=VECTOR('',#3105,0.09944235);
#828=VECTOR('',#3106,0.09944235);
#829=VECTOR('',#3107,0.09944235);
#830=VECTOR('',#3110,0.09944235);
#831=VECTOR('',#3113,0.09944235);
#832=VECTOR('',#3114,0.09944235);
#833=VECTOR('',#3115,0.09944235);
#834=VECTOR('',#3116,0.09944235);
#835=VECTOR('',#3117,0.09944235);
#836=VECTOR('',#3120,0.09944235);
#837=VECTOR('',#3123,0.09944235);
#838=VECTOR('',#3124,0.09944235);
#839=VECTOR('',#3125,0.09944235);
#840=VECTOR('',#3126,0.09944235);
#841=VECTOR('',#3127,0.09944235);
#842=VECTOR('',#3130,0.09944235);
#843=VECTOR('',#3133,0.09944235);
#844=VECTOR('',#3134,0.09944235);
#845=VECTOR('',#3135,0.09944235);
#846=VECTOR('',#3136,0.09944235);
#847=VECTOR('',#3137,0.09944235);
#848=VECTOR('',#3138,0.09944235);
#849=VECTOR('',#3139,0.09944235);
#850=VECTOR('',#3140,0.09944235);
#851=VECTOR('',#3141,0.09944235);
#852=VECTOR('',#3142,0.09944235);
#853=VECTOR('',#3143,0.09944235);
#854=VECTOR('',#3144,0.09944235);
#855=VECTOR('',#3145,0.09944235);
#856=VECTOR('',#3146,0.09944235);
#857=VECTOR('',#3147,0.09944235);
#858=VECTOR('',#3148,0.09944235);
#859=VECTOR('',#3149,0.09944235);
#860=VECTOR('',#3152,0.09944235);
#861=VECTOR('',#3155,0.09944235);
#862=VECTOR('',#3156,0.09944235);
#863=VECTOR('',#3157,0.09944235);
#864=VECTOR('',#3160,0.09944235);
#865=VECTOR('',#3163,0.09944235);
#866=VECTOR('',#3164,0.09944235);
#867=VECTOR('',#3167,0.09944235);
#868=VECTOR('',#3168,0.09944235);
#869=VECTOR('',#3169,0.09944235);
#870=VECTOR('',#3172,0.09944235);
#871=VECTOR('',#3175,0.09944235);
#872=VECTOR('',#3176,0.09944235);
#873=VECTOR('',#3177,0.09944235);
#874=VECTOR('',#3180,0.09944235);
#875=VECTOR('',#3183,0.09944235);
#876=VECTOR('',#3184,0.09944235);
#877=VECTOR('',#3185,0.09944235);
#878=VECTOR('',#3188,0.09944235);
#879=VECTOR('',#3189,0.09944235);
#880=VECTOR('',#3190,0.09944235);
#881=VECTOR('',#3195,0.09944235);
#882=VECTOR('',#3196,0.09944235);
#883=VECTOR('',#3197,0.09944235);
#884=VECTOR('',#3198,0.09944235);
#885=VECTOR('',#3201,0.09944235);
#886=VECTOR('',#3202,0.09944235);
#887=VECTOR('',#3203,0.09944235);
#888=VECTOR('',#3206,0.09944235);
#889=VECTOR('',#3211,0.0994423542140613);
#890=VECTOR('',#3222,0.09944235);
#891=VECTOR('',#3223,0.09944235);
#892=VECTOR('',#3224,0.09944235);
#893=VECTOR('',#3227,0.09944235);
#894=VECTOR('',#3228,0.09944235);
#895=VECTOR('',#3229,1.);
#896=VECTOR('',#3230,1.);
#897=VECTOR('',#3233,0.09944235);
#898=VECTOR('',#3234,1.);
#899=VECTOR('',#3235,1.);
#900=VECTOR('',#3238,0.09944235);
#901=VECTOR('',#3239,0.09944235);
#902=VECTOR('',#3240,0.09944235);
#903=VECTOR('',#3241,0.09944235);
#904=VECTOR('',#3242,0.09944235);
#905=VECTOR('',#3245,1.);
#906=VECTOR('',#3246,0.09944235);
#907=VECTOR('',#3247,0.09944235);
#908=VECTOR('',#3250,0.09944235);
#909=VECTOR('',#3251,1.);
#910=VECTOR('',#3252,0.09944235);
#911=VECTOR('',#3253,0.09944235);
#912=VECTOR('',#3254,0.09944235);
#913=VECTOR('',#3255,0.09944235);
#914=VECTOR('',#3258,1.);
#915=VECTOR('',#3259,1.);
#916=VECTOR('',#3262,1.);
#917=VECTOR('',#3263,1.);
#918=VECTOR('',#3266,1.);
#919=VECTOR('',#3267,1.);
#920=VECTOR('',#3268,1.);
#921=VECTOR('',#3271,1.);
#922=VECTOR('',#3272,1.);
#923=VECTOR('',#3275,1.);
#924=VECTOR('',#3276,1.);
#925=VECTOR('',#3279,0.09944235);
#926=VECTOR('',#3280,0.09944235);
#927=VECTOR('',#3281,1.);
#928=VECTOR('',#3284,1.);
#929=VECTOR('',#3285,1.);
#930=VECTOR('',#3286,0.09944235);
#931=VECTOR('',#3287,0.09944235);
#932=VECTOR('',#3288,0.09944235);
#933=VECTOR('',#3291,0.09944235);
#934=VECTOR('',#3292,0.09944235);
#935=VECTOR('',#3293,1.);
#936=VECTOR('',#3296,1.);
#937=VECTOR('',#3297,0.09944235);
#938=VECTOR('',#3300,1.);
#939=VECTOR('',#3301,0.09944235);
#940=VECTOR('',#3304,1.);
#941=VECTOR('',#3305,0.09944235);
#942=VECTOR('',#3308,0.09944235);
#943=VECTOR('',#3309,1.);
#944=VECTOR('',#3312,0.09944235);
#945=VECTOR('',#3313,0.09944235);
#946=VECTOR('',#3314,0.09944235);
#947=VECTOR('',#3317,0.09944235);
#948=VECTOR('',#3318,0.09944235);
#949=VECTOR('',#3319,0.09944235);
#950=VECTOR('',#3322,0.09944235);
#951=VECTOR('',#3323,0.09944235);
#952=VECTOR('',#3326,0.09944235);
#953=VECTOR('',#3331,0.09944235);
#954=VECTOR('',#3332,0.09944235);
#955=VECTOR('',#3333,0.09944235);
#956=VECTOR('',#3334,0.09944235);
#957=VECTOR('',#3335,0.09944235);
#958=VECTOR('',#3336,0.09944235);
#959=VECTOR('',#3337,0.09944235);
#960=VECTOR('',#3338,0.09944235);
#961=VECTOR('',#3339,0.09944235);
#962=VECTOR('',#3340,0.09944235);
#963=VECTOR('',#3341,0.09944235);
#964=VECTOR('',#3342,0.09944235);
#965=VECTOR('',#3343,0.09944235);
#966=VECTOR('',#3344,0.09944235);
#967=VECTOR('',#3345,0.09944235);
#968=VECTOR('',#3346,0.09944235);
#969=VECTOR('',#3347,0.09944235);
#970=VECTOR('',#3348,0.09944235);
#971=VECTOR('',#3349,0.09944235);
#972=VECTOR('',#3350,0.09944235);
#973=VECTOR('',#3351,0.09944235);
#974=VECTOR('',#3352,0.09944235);
#975=VECTOR('',#3357,0.09944235);
#976=VECTOR('',#3358,0.09944235);
#977=VECTOR('',#3359,0.09944235);
#978=VECTOR('',#3362,0.09944235);
#979=VECTOR('',#3363,0.09944235);
#980=VECTOR('',#3364,0.09944235);
#981=VECTOR('',#3367,0.09944235);
#982=VECTOR('',#3370,0.09944235);
#983=VECTOR('',#3371,0.09944235);
#984=VECTOR('',#3372,0.09944235);
#985=VECTOR('',#3375,0.09944235);
#986=VECTOR('',#3378,0.09944235);
#987=VECTOR('',#3379,0.09944235);
#988=VECTOR('',#3380,0.09944235);
#989=VECTOR('',#3383,0.09944235);
#990=VECTOR('',#3384,0.09944235);
#991=VECTOR('',#3391,0.09944235);
#992=VECTOR('',#3394,0.09944235);
#993=VECTOR('',#3397,0.09944235);
#994=VECTOR('',#3398,0.09944235);
#995=VECTOR('',#3401,0.09944235);
#996=VECTOR('',#3404,0.09944235);
#997=VECTOR('',#3405,0.09944235);
#998=VECTOR('',#3408,0.09944235);
#999=VECTOR('',#3411,0.09944235);
#1000=VECTOR('',#3412,0.09944235);
#1001=VECTOR('',#3413,0.09944235);
#1002=VECTOR('',#3414,0.09944235);
#1003=VECTOR('',#3415,0.09944235);
#1004=VECTOR('',#3418,0.09944235);
#1005=VECTOR('',#3421,0.09944235);
#1006=VECTOR('',#3422,0.09944235);
#1007=VECTOR('',#3423,0.09944235);
#1008=VECTOR('',#3426,0.09944235);
#1009=VECTOR('',#3429,0.09944235);
#1010=VECTOR('',#3430,0.09944235);
#1011=VECTOR('',#3431,0.09944235);
#1012=VECTOR('',#3434,0.09944235);
#1013=VECTOR('',#3435,0.09944235);
#1014=VECTOR('',#3442,0.09944235);
#1015=VECTOR('',#3445,0.09944235);
#1016=VECTOR('',#3446,0.09944235);
#1017=VECTOR('',#3449,0.09944235);
#1018=VECTOR('',#3452,0.09944235);
#1019=VECTOR('',#3455,0.09944235);
#1020=VECTOR('',#3458,0.09944235);
#1021=VECTOR('',#3463,0.09944235);
#1022=VECTOR('',#3466,0.09944235);
#1023=VECTOR('',#3471,0.09944235);
#1024=VECTOR('',#3474,0.09944235);
#1025=VECTOR('',#3477,0.09944235);
#1026=VECTOR('',#3480,0.09944235);
#1027=VECTOR('',#3487,0.09944235);
#1028=VECTOR('',#3490,0.09944235);
#1029=VECTOR('',#3491,0.09944235);
#1030=VECTOR('',#3492,0.09944235);
#1031=VECTOR('',#3495,0.09944235);
#1032=VECTOR('',#3496,0.09944235);
#1033=VECTOR('',#3499,0.09944235);
#1034=VECTOR('',#3500,0.09944235);
#1035=VECTOR('',#3503,0.09944235);
#1036=VECTOR('',#3504,0.09944235);
#1037=VECTOR('',#3507,0.09944235);
#1038=VECTOR('',#3510,0.09944235);
#1039=VECTOR('',#3513,0.09944235);
#1040=VECTOR('',#3516,0.09944235);
#1041=VECTOR('',#3521,0.09944235);
#1042=VECTOR('',#3522,0.09944235);
#1043=VECTOR('',#3523,0.09944235);
#1044=VECTOR('',#3526,0.09944235);
#1045=VECTOR('',#3527,0.09944235);
#1046=VECTOR('',#3530,0.09944235);
#1047=VECTOR('',#3531,0.09944235);
#1048=VECTOR('',#3532,0.09944235);
#1049=VECTOR('',#3533,0.09944235);
#1050=VECTOR('',#3534,0.09944235);
#1051=VECTOR('',#3537,0.09944235);
#1052=VECTOR('',#3538,0.09944235);
#1053=VECTOR('',#3541,0.09944235);
#1054=VECTOR('',#3542,0.09944235);
#1055=VECTOR('',#3543,0.09944235);
#1056=VECTOR('',#3546,0.09944235);
#1057=VECTOR('',#3547,0.09944235);
#1058=VECTOR('',#3548,0.09944235);
#1059=VECTOR('',#3549,0.09944235);
#1060=VECTOR('',#3550,0.09944235);
#1061=VECTOR('',#3553,0.09944235);
#1062=VECTOR('',#3554,0.09944235);
#1063=VECTOR('',#3555,0.09944235);
#1064=VECTOR('',#3556,0.09944235);
#1065=VECTOR('',#3559,0.09944235);
#1066=VECTOR('',#3560,0.09944235);
#1067=VECTOR('',#3561,0.09944235);
#1068=VECTOR('',#3562,0.09944235);
#1069=VECTOR('',#3565,0.09944235);
#1070=VECTOR('',#3566,0.09944235);
#1071=VECTOR('',#3569,0.09944235);
#1072=VECTOR('',#3572,0.09944235);
#1073=VECTOR('',#3575,0.09944235);
#1074=VECTOR('',#3578,0.09944235);
#1075=VECTOR('',#3581,0.09944235);
#1076=VECTOR('',#3584,0.09944235);
#1077=VECTOR('',#3587,0.09944235);
#1078=VECTOR('',#3588,0.09944235);
#1079=VECTOR('',#3589,0.09944235);
#1080=VECTOR('',#3592,0.09944235);
#1081=VECTOR('',#3593,0.09944235);
#1082=VECTOR('',#3596,0.09944235);
#1083=VECTOR('',#3597,0.09944235);
#1084=VECTOR('',#3600,0.09944235);
#1085=VECTOR('',#3601,0.09944235);
#1086=VECTOR('',#3608,0.09944235);
#1087=VECTOR('',#3609,0.09944235);
#1088=VECTOR('',#3612,0.09944235);
#1089=VECTOR('',#3615,0.09944235);
#1090=VECTOR('',#3618,0.09944235);
#1091=VECTOR('',#3621,0.09944235);
#1092=VECTOR('',#3626,0.09944235);
#1093=VECTOR('',#3627,0.09944235);
#1094=VECTOR('',#3630,0.09944235);
#1095=VECTOR('',#3633,0.09944235);
#1096=VECTOR('',#3636,0.09944235);
#1097=VECTOR('',#3639,0.09944235);
#1098=VECTOR('',#3644,0.09944235);
#1099=VECTOR('',#3645,0.09944235);
#1100=VECTOR('',#3648,0.09944235);
#1101=VECTOR('',#3651,0.09944235);
#1102=VECTOR('',#3654,0.09944235);
#1103=VECTOR('',#3659,0.09944235);
#1104=VECTOR('',#3662,0.09944235);
#1105=VECTOR('',#3665,0.09944235);
#1106=VECTOR('',#3666,0.09944235);
#1107=VECTOR('',#3669,0.09944235);
#1108=VECTOR('',#3672,0.09944235);
#1109=VECTOR('',#3675,0.09944235);
#1110=VECTOR('',#3680,0.09944235);
#1111=VECTOR('',#3681,0.09944235);
#1112=VECTOR('',#3684,0.09944235);
#1113=VECTOR('',#3687,0.09944235);
#1114=VECTOR('',#3690,0.09944235);
#1115=VECTOR('',#3693,0.09944235);
#1116=VECTOR('',#3698,0.09944235);
#1117=VECTOR('',#3699,0.09944235);
#1118=VECTOR('',#3702,0.09944235);
#1119=VECTOR('',#3705,0.09944235);
#1120=VECTOR('',#3708,0.09944235);
#1121=VECTOR('',#3711,0.09944235);
#1122=VECTOR('',#3716,0.09944235);
#1123=VECTOR('',#3717,0.09944235);
#1124=VECTOR('',#3720,0.09944235);
#1125=VECTOR('',#3723,0.09944235);
#1126=VECTOR('',#3726,0.09944235);
#1127=VECTOR('',#3731,0.09944235);
#1128=VECTOR('',#3734,0.09944235);
#1129=VECTOR('',#3737,0.09944235);
#1130=VECTOR('',#3740,0.09944235);
#1131=VECTOR('',#3745,0.09944235);
#1132=VECTOR('',#3754,0.09944235);
#1133=VECTOR('',#3757,0.09944235);
#1134=VECTOR('',#3762,0.09944235);
#1135=VECTOR('',#3779,0.09944235);
#1136=VECTOR('',#3780,0.09944235);
#1137=VECTOR('',#3783,0.09944235);
#1138=VECTOR('',#3784,0.09944235);
#1139=VECTOR('',#3787,0.09944235);
#1140=VECTOR('',#3812,0.09944235);
#1141=VECTOR('',#3815,0.09944235);
#1142=VECTOR('',#3818,0.09944235);
#1143=VECTOR('',#3821,0.09944235);
#1144=VERTEX_POINT('',#3824);
#1145=VERTEX_POINT('',#3825);
#1146=VERTEX_POINT('',#3827);
#1147=VERTEX_POINT('',#3829);
#1148=VERTEX_POINT('',#3831);
#1149=VERTEX_POINT('',#3833);
#1150=VERTEX_POINT('',#3835);
#1151=VERTEX_POINT('',#3837);
#1152=VERTEX_POINT('',#3839);
#1153=VERTEX_POINT('',#3841);
#1154=VERTEX_POINT('',#3843);
#1155=VERTEX_POINT('',#3845);
#1156=VERTEX_POINT('',#3847);
#1157=VERTEX_POINT('',#3849);
#1158=VERTEX_POINT('',#3851);
#1159=VERTEX_POINT('',#3853);
#1160=VERTEX_POINT('',#3855);
#1161=VERTEX_POINT('',#3857);
#1162=VERTEX_POINT('',#3859);
#1163=VERTEX_POINT('',#3861);
#1164=VERTEX_POINT('',#3863);
#1165=VERTEX_POINT('',#3865);
#1166=VERTEX_POINT('',#3867);
#1167=VERTEX_POINT('',#3869);
#1168=VERTEX_POINT('',#3871);
#1169=VERTEX_POINT('',#3873);
#1170=VERTEX_POINT('',#3875);
#1171=VERTEX_POINT('',#3877);
#1172=VERTEX_POINT('',#3879);
#1173=VERTEX_POINT('',#3881);
#1174=VERTEX_POINT('',#3883);
#1175=VERTEX_POINT('',#3885);
#1176=VERTEX_POINT('',#3887);
#1177=VERTEX_POINT('',#3889);
#1178=VERTEX_POINT('',#3891);
#1179=VERTEX_POINT('',#3893);
#1180=VERTEX_POINT('',#3895);
#1181=VERTEX_POINT('',#3897);
#1182=VERTEX_POINT('',#3899);
#1183=VERTEX_POINT('',#3901);
#1184=VERTEX_POINT('',#3903);
#1185=VERTEX_POINT('',#3905);
#1186=VERTEX_POINT('',#3907);
#1187=VERTEX_POINT('',#3909);
#1188=VERTEX_POINT('',#3911);
#1189=VERTEX_POINT('',#3913);
#1190=VERTEX_POINT('',#3915);
#1191=VERTEX_POINT('',#3917);
#1192=VERTEX_POINT('',#3919);
#1193=VERTEX_POINT('',#3921);
#1194=VERTEX_POINT('',#3923);
#1195=VERTEX_POINT('',#3925);
#1196=VERTEX_POINT('',#3927);
#1197=VERTEX_POINT('',#3929);
#1198=VERTEX_POINT('',#3931);
#1199=VERTEX_POINT('',#3933);
#1200=VERTEX_POINT('',#3935);
#1201=VERTEX_POINT('',#3937);
#1202=VERTEX_POINT('',#3939);
#1203=VERTEX_POINT('',#3942);
#1204=VERTEX_POINT('',#3943);
#1205=VERTEX_POINT('',#3945);
#1206=VERTEX_POINT('',#3947);
#1207=VERTEX_POINT('',#3949);
#1208=VERTEX_POINT('',#3952);
#1209=VERTEX_POINT('',#3953);
#1210=VERTEX_POINT('',#3955);
#1211=VERTEX_POINT('',#3957);
#1212=VERTEX_POINT('',#3959);
#1213=VERTEX_POINT('',#3961);
#1214=VERTEX_POINT('',#3964);
#1215=VERTEX_POINT('',#3966);
#1216=VERTEX_POINT('',#3967);
#1217=VERTEX_POINT('',#3969);
#1218=VERTEX_POINT('',#3971);
#1219=VERTEX_POINT('',#3973);
#1220=VERTEX_POINT('',#3976);
#1221=VERTEX_POINT('',#3977);
#1222=VERTEX_POINT('',#3979);
#1223=VERTEX_POINT('',#3981);
#1224=VERTEX_POINT('',#3983);
#1225=VERTEX_POINT('',#3985);
#1226=VERTEX_POINT('',#3988);
#1227=VERTEX_POINT('',#3989);
#1228=VERTEX_POINT('',#3991);
#1229=VERTEX_POINT('',#3993);
#1230=VERTEX_POINT('',#3995);
#1231=VERTEX_POINT('',#3997);
#1232=VERTEX_POINT('',#4000);
#1233=VERTEX_POINT('',#4001);
#1234=VERTEX_POINT('',#4003);
#1235=VERTEX_POINT('',#4005);
#1236=VERTEX_POINT('',#4007);
#1237=VERTEX_POINT('',#4010);
#1238=VERTEX_POINT('',#4012);
#1239=VERTEX_POINT('',#4013);
#1240=VERTEX_POINT('',#4015);
#1241=VERTEX_POINT('',#4017);
#1242=VERTEX_POINT('',#4019);
#1243=VERTEX_POINT('',#4022);
#1244=VERTEX_POINT('',#4023);
#1245=VERTEX_POINT('',#4025);
#1246=VERTEX_POINT('',#4027);
#1247=VERTEX_POINT('',#4029);
#1248=VERTEX_POINT('',#4031);
#1249=VERTEX_POINT('',#4035);
#1250=VERTEX_POINT('',#4037);
#1251=VERTEX_POINT('',#4042);
#1252=VERTEX_POINT('',#4045);
#1253=VERTEX_POINT('',#4047);
#1254=VERTEX_POINT('',#4051);
#1255=VERTEX_POINT('',#4052);
#1256=VERTEX_POINT('',#4055);
#1257=VERTEX_POINT('',#4059);
#1258=VERTEX_POINT('',#4060);
#1259=VERTEX_POINT('',#4062);
#1260=VERTEX_POINT('',#4066);
#1261=VERTEX_POINT('',#4068);
#1262=VERTEX_POINT('',#4071);
#1263=VERTEX_POINT('',#4076);
#1264=VERTEX_POINT('',#4080);
#1265=VERTEX_POINT('',#4083);
#1266=VERTEX_POINT('',#4085);
#1267=VERTEX_POINT('',#4090);
#1268=VERTEX_POINT('',#4094);
#1269=VERTEX_POINT('',#4098);
#1270=VERTEX_POINT('',#4100);
#1271=VERTEX_POINT('',#4104);
#1272=VERTEX_POINT('',#4108);
#1273=VERTEX_POINT('',#4113);
#1274=VERTEX_POINT('',#4117);
#1275=VERTEX_POINT('',#4119);
#1276=VERTEX_POINT('',#4121);
#1277=VERTEX_POINT('',#4123);
#1278=VERTEX_POINT('',#4127);
#1279=VERTEX_POINT('',#4129);
#1280=VERTEX_POINT('',#4133);
#1281=VERTEX_POINT('',#4137);
#1282=VERTEX_POINT('',#4141);
#1283=VERTEX_POINT('',#4145);
#1284=VERTEX_POINT('',#4149);
#1285=VERTEX_POINT('',#4151);
#1286=VERTEX_POINT('',#4155);
#1287=VERTEX_POINT('',#4157);
#1288=VERTEX_POINT('',#4161);
#1289=VERTEX_POINT('',#4165);
#1290=VERTEX_POINT('',#4169);
#1291=VERTEX_POINT('',#4171);
#1292=VERTEX_POINT('',#4173);
#1293=VERTEX_POINT('',#4175);
#1294=VERTEX_POINT('',#4177);
#1295=VERTEX_POINT('',#4179);
#1296=VERTEX_POINT('',#4181);
#1297=VERTEX_POINT('',#4183);
#1298=VERTEX_POINT('',#4185);
#1299=VERTEX_POINT('',#4187);
#1300=VERTEX_POINT('',#4189);
#1301=VERTEX_POINT('',#4191);
#1302=VERTEX_POINT('',#4193);
#1303=VERTEX_POINT('',#4196);
#1304=VERTEX_POINT('',#4198);
#1305=VERTEX_POINT('',#4200);
#1306=VERTEX_POINT('',#4202);
#1307=VERTEX_POINT('',#4204);
#1308=VERTEX_POINT('',#4206);
#1309=VERTEX_POINT('',#4208);
#1310=VERTEX_POINT('',#4211);
#1311=VERTEX_POINT('',#4213);
#1312=VERTEX_POINT('',#4215);
#1313=VERTEX_POINT('',#4216);
#1314=VERTEX_POINT('',#4218);
#1315=VERTEX_POINT('',#4220);
#1316=VERTEX_POINT('',#4222);
#1317=VERTEX_POINT('',#4225);
#1318=VERTEX_POINT('',#4226);
#1319=VERTEX_POINT('',#4228);
#1320=VERTEX_POINT('',#4230);
#1321=VERTEX_POINT('',#4232);
#1322=VERTEX_POINT('',#4234);
#1323=VERTEX_POINT('',#4237);
#1324=VERTEX_POINT('',#4238);
#1325=VERTEX_POINT('',#4240);
#1326=VERTEX_POINT('',#4242);
#1327=VERTEX_POINT('',#4244);
#1328=VERTEX_POINT('',#4246);
#1329=VERTEX_POINT('',#4249);
#1330=VERTEX_POINT('',#4250);
#1331=VERTEX_POINT('',#4252);
#1332=VERTEX_POINT('',#4254);
#1333=VERTEX_POINT('',#4256);
#1334=VERTEX_POINT('',#4259);
#1335=VERTEX_POINT('',#4261);
#1336=VERTEX_POINT('',#4263);
#1337=VERTEX_POINT('',#4265);
#1338=VERTEX_POINT('',#4267);
#1339=VERTEX_POINT('',#4269);
#1340=VERTEX_POINT('',#4271);
#1341=VERTEX_POINT('',#4275);
#1342=VERTEX_POINT('',#4277);
#1343=VERTEX_POINT('',#4280);
#1344=VERTEX_POINT('',#4281);
#1345=VERTEX_POINT('',#4283);
#1346=VERTEX_POINT('',#4285);
#1347=VERTEX_POINT('',#4287);
#1348=VERTEX_POINT('',#4289);
#1349=VERTEX_POINT('',#4292);
#1350=VERTEX_POINT('',#4293);
#1351=VERTEX_POINT('',#4295);
#1352=VERTEX_POINT('',#4297);
#1353=VERTEX_POINT('',#4299);
#1354=VERTEX_POINT('',#4302);
#1355=VERTEX_POINT('',#4303);
#1356=VERTEX_POINT('',#4305);
#1357=VERTEX_POINT('',#4307);
#1358=VERTEX_POINT('',#4309);
#1359=VERTEX_POINT('',#4311);
#1360=VERTEX_POINT('',#4314);
#1361=VERTEX_POINT('',#4315);
#1362=VERTEX_POINT('',#4317);
#1363=VERTEX_POINT('',#4319);
#1364=VERTEX_POINT('',#4321);
#1365=VERTEX_POINT('',#4323);
#1366=VERTEX_POINT('',#4326);
#1367=VERTEX_POINT('',#4329);
#1368=VERTEX_POINT('',#4331);
#1369=VERTEX_POINT('',#4365);
#1370=VERTEX_POINT('',#4367);
#1371=VERTEX_POINT('',#4371);
#1372=VERTEX_POINT('',#4375);
#1373=VERTEX_POINT('',#4391);
#1374=VERTEX_POINT('',#4393);
#1375=VERTEX_POINT('',#4397);
#1376=VERTEX_POINT('',#4401);
#1377=VERTEX_POINT('',#4403);
#1378=VERTEX_POINT('',#4406);
#1379=VERTEX_POINT('',#4410);
#1380=VERTEX_POINT('',#4415);
#1381=VERTEX_POINT('',#4420);
#1382=VERTEX_POINT('',#4422);
#1383=VERTEX_POINT('',#4424);
#1384=VERTEX_POINT('',#4428);
#1385=VERTEX_POINT('',#4429);
#1386=VERTEX_POINT('',#4432);
#1387=VERTEX_POINT('',#4436);
#1388=VERTEX_POINT('',#4438);
#1389=VERTEX_POINT('',#4440);
#1390=VERTEX_POINT('',#4444);
#1391=VERTEX_POINT('',#4460);
#1392=VERTEX_POINT('',#4462);
#1393=VERTEX_POINT('',#4466);
#1394=VERTEX_POINT('',#4470);
#1395=VERTEX_POINT('',#4567);
#1396=VERTEX_POINT('',#4571);
#1397=VERTEX_POINT('',#4576);
#1398=VERTEX_POINT('',#4580);
#1399=VERTEX_POINT('',#4584);
#1400=VERTEX_POINT('',#4588);
#1401=VERTEX_POINT('',#4591);
#1402=VERTEX_POINT('',#4594);
#1403=VERTEX_POINT('',#4597);
#1404=VERTEX_POINT('',#4601);
#1405=VERTEX_POINT('',#4608);
#1406=VERTEX_POINT('',#4611);
#1407=VERTEX_POINT('',#4614);
#1408=VERTEX_POINT('',#4617);
#1409=VERTEX_POINT('',#4620);
#1410=EDGE_CURVE('',#1144,#1145,#464,.T.);
#1411=EDGE_CURVE('',#1146,#1144,#465,.T.);
#1412=EDGE_CURVE('',#1147,#1146,#466,.T.);
#1413=EDGE_CURVE('',#1148,#1147,#467,.T.);
#1414=EDGE_CURVE('',#1149,#1148,#468,.T.);
#1415=EDGE_CURVE('',#1150,#1149,#469,.T.);
#1416=EDGE_CURVE('',#1151,#1150,#470,.T.);
#1417=EDGE_CURVE('',#1152,#1151,#471,.T.);
#1418=EDGE_CURVE('',#1153,#1152,#472,.T.);
#1419=EDGE_CURVE('',#1153,#1154,#473,.T.);
#1420=EDGE_CURVE('',#1155,#1154,#474,.T.);
#1421=EDGE_CURVE('',#1156,#1155,#475,.T.);
#1422=EDGE_CURVE('',#1157,#1156,#476,.T.);
#1423=EDGE_CURVE('',#1158,#1157,#477,.T.);
#1424=EDGE_CURVE('',#1159,#1158,#478,.T.);
#1425=EDGE_CURVE('',#1160,#1159,#479,.T.);
#1426=EDGE_CURVE('',#1160,#1161,#480,.T.);
#1427=EDGE_CURVE('',#1162,#1161,#481,.T.);
#1428=EDGE_CURVE('',#1163,#1162,#482,.T.);
#1429=EDGE_CURVE('',#1164,#1163,#483,.T.);
#1430=EDGE_CURVE('',#1165,#1164,#484,.T.);
#1431=EDGE_CURVE('',#1165,#1166,#485,.T.);
#1432=EDGE_CURVE('',#1166,#1167,#486,.T.);
#1433=EDGE_CURVE('',#1167,#1168,#487,.T.);
#1434=EDGE_CURVE('',#1168,#1169,#488,.T.);
#1435=EDGE_CURVE('',#1170,#1169,#489,.T.);
#1436=EDGE_CURVE('',#1170,#1171,#403,.T.);
#1437=EDGE_CURVE('',#1171,#1172,#490,.T.);
#1438=EDGE_CURVE('',#1172,#1173,#404,.T.);
#1439=EDGE_CURVE('',#1174,#1173,#491,.T.);
#1440=EDGE_CURVE('',#1175,#1174,#492,.T.);
#1441=EDGE_CURVE('',#1175,#1176,#493,.T.);
#1442=EDGE_CURVE('',#1177,#1176,#494,.T.);
#1443=EDGE_CURVE('',#1178,#1177,#495,.T.);
#1444=EDGE_CURVE('',#1178,#1179,#405,.T.);
#1445=EDGE_CURVE('',#1179,#1180,#496,.T.);
#1446=EDGE_CURVE('',#1180,#1181,#406,.T.);
#1447=EDGE_CURVE('',#1182,#1181,#497,.T.);
#1448=EDGE_CURVE('',#1183,#1182,#498,.T.);
#1449=EDGE_CURVE('',#1183,#1184,#499,.T.);
#1450=EDGE_CURVE('',#1184,#1185,#500,.T.);
#1451=EDGE_CURVE('',#1185,#1186,#501,.T.);
#1452=EDGE_CURVE('',#1186,#1187,#407,.T.);
#1453=EDGE_CURVE('',#1187,#1188,#502,.T.);
#1454=EDGE_CURVE('',#1188,#1189,#408,.T.);
#1455=EDGE_CURVE('',#1189,#1190,#503,.T.);
#1456=EDGE_CURVE('',#1190,#1191,#504,.T.);
#1457=EDGE_CURVE('',#1191,#1192,#505,.T.);
#1458=EDGE_CURVE('',#1192,#1193,#506,.T.);
#1459=EDGE_CURVE('',#1193,#1194,#507,.T.);
#1460=EDGE_CURVE('',#1195,#1194,#508,.T.);
#1461=EDGE_CURVE('',#1196,#1195,#509,.T.);
#1462=EDGE_CURVE('',#1197,#1196,#510,.T.);
#1463=EDGE_CURVE('',#1198,#1197,#511,.T.);
#1464=EDGE_CURVE('',#1199,#1198,#512,.T.);
#1465=EDGE_CURVE('',#1200,#1199,#513,.T.);
#1466=EDGE_CURVE('',#1201,#1200,#514,.T.);
#1467=EDGE_CURVE('',#1202,#1201,#515,.T.);
#1468=EDGE_CURVE('',#1145,#1202,#516,.T.);
#1469=EDGE_CURVE('',#1203,#1204,#517,.T.);
#1470=EDGE_CURVE('',#1205,#1204,#518,.T.);
#1471=EDGE_CURVE('',#1205,#1206,#519,.T.);
#1472=EDGE_CURVE('',#1206,#1207,#409,.T.);
#1473=EDGE_CURVE('',#1207,#1203,#520,.T.);
#1474=EDGE_CURVE('',#1208,#1209,#410,.T.);
#1475=EDGE_CURVE('',#1209,#1210,#521,.T.);
#1476=EDGE_CURVE('',#1211,#1210,#522,.T.);
#1477=EDGE_CURVE('',#1211,#1212,#523,.T.);
#1478=EDGE_CURVE('',#1212,#1213,#411,.T.);
#1479=EDGE_CURVE('',#1213,#1208,#524,.T.);
#1480=EDGE_CURVE('',#1214,#1214,#412,.T.);
#1481=EDGE_CURVE('',#1215,#1216,#525,.T.);
#1482=EDGE_CURVE('',#1216,#1217,#526,.T.);
#1483=EDGE_CURVE('',#1217,#1218,#413,.T.);
#1484=EDGE_CURVE('',#1218,#1219,#527,.T.);
#1485=EDGE_CURVE('',#1215,#1219,#528,.T.);
#1486=EDGE_CURVE('',#1220,#1221,#529,.T.);
#1487=EDGE_CURVE('',#1221,#1222,#414,.T.);
#1488=EDGE_CURVE('',#1222,#1223,#530,.T.);
#1489=EDGE_CURVE('',#1223,#1224,#415,.T.);
#1490=EDGE_CURVE('',#1224,#1225,#531,.T.);
#1491=EDGE_CURVE('',#1220,#1225,#532,.T.);
#1492=EDGE_CURVE('',#1226,#1227,#533,.T.);
#1493=EDGE_CURVE('',#1227,#1228,#416,.T.);
#1494=EDGE_CURVE('',#1228,#1229,#534,.T.);
#1495=EDGE_CURVE('',#1229,#1230,#417,.T.);
#1496=EDGE_CURVE('',#1230,#1231,#535,.T.);
#1497=EDGE_CURVE('',#1226,#1231,#536,.T.);
#1498=EDGE_CURVE('',#1232,#1233,#537,.T.);
#1499=EDGE_CURVE('',#1233,#1234,#418,.T.);
#1500=EDGE_CURVE('',#1234,#1235,#538,.T.);
#1501=EDGE_CURVE('',#1235,#1236,#539,.T.);
#1502=EDGE_CURVE('',#1236,#1232,#540,.T.);
#1503=EDGE_CURVE('',#1237,#1237,#419,.T.);
#1504=EDGE_CURVE('',#1238,#1239,#420,.T.);
#1505=EDGE_CURVE('',#1239,#1240,#541,.T.);
#1506=EDGE_CURVE('',#1240,#1241,#542,.T.);
#1507=EDGE_CURVE('',#1241,#1242,#543,.T.);
#1508=EDGE_CURVE('',#1242,#1238,#544,.T.);
#1509=EDGE_CURVE('',#1243,#1244,#421,.T.);
#1510=EDGE_CURVE('',#1245,#1244,#545,.T.);
#1511=EDGE_CURVE('',#1246,#1245,#546,.T.);
#1512=EDGE_CURVE('',#1247,#1246,#547,.T.);
#1513=EDGE_CURVE('',#1247,#1248,#422,.T.);
#1514=EDGE_CURVE('',#1248,#1243,#548,.T.);
#1515=EDGE_CURVE('',#1249,#1249,#423,.T.);
#1516=EDGE_CURVE('',#1249,#1250,#549,.T.);
#1517=EDGE_CURVE('',#1250,#1250,#424,.T.);
#1518=EDGE_CURVE('',#1251,#1251,#425,.T.);
#1519=EDGE_CURVE('',#1252,#1145,#550,.T.);
#1520=EDGE_CURVE('',#1252,#1253,#551,.T.);
#1521=EDGE_CURVE('',#1144,#1253,#552,.T.);
#1522=EDGE_CURVE('',#1254,#1255,#553,.T.);
#1523=EDGE_CURVE('',#1254,#1185,#554,.T.);
#1524=EDGE_CURVE('',#1184,#1256,#555,.T.);
#1525=EDGE_CURVE('',#1256,#1255,#556,.T.);
#1526=EDGE_CURVE('',#1257,#1258,#557,.T.);
#1527=EDGE_CURVE('',#1259,#1257,#558,.T.);
#1528=EDGE_CURVE('',#1258,#1259,#559,.T.);
#1529=EDGE_CURVE('',#1260,#1254,#560,.T.);
#1530=EDGE_CURVE('',#1255,#1261,#561,.T.);
#1531=EDGE_CURVE('',#1261,#1191,#562,.T.);
#1532=EDGE_CURVE('',#1190,#1262,#563,.T.);
#1533=EDGE_CURVE('',#1260,#1262,#564,.T.);
#1534=EDGE_CURVE('',#1255,#1257,#565,.T.);
#1535=EDGE_CURVE('',#1263,#1257,#566,.T.);
#1536=EDGE_CURVE('',#1261,#1263,#567,.T.);
#1537=EDGE_CURVE('',#1264,#1259,#568,.T.);
#1538=EDGE_CURVE('',#1167,#1264,#569,.T.);
#1539=EDGE_CURVE('',#1166,#1265,#570,.T.);
#1540=EDGE_CURVE('',#1266,#1265,#571,.T.);
#1541=EDGE_CURVE('',#1266,#1193,#572,.T.);
#1542=EDGE_CURVE('',#1263,#1192,#573,.T.);
#1543=EDGE_CURVE('',#1183,#1267,#574,.T.);
#1544=EDGE_CURVE('',#1256,#1267,#575,.T.);
#1545=EDGE_CURVE('',#1182,#1268,#576,.T.);
#1546=EDGE_CURVE('',#1267,#1268,#577,.T.);
#1547=EDGE_CURVE('',#1174,#1269,#578,.T.);
#1548=EDGE_CURVE('',#1270,#1269,#579,.T.);
#1549=EDGE_CURVE('',#1175,#1270,#580,.T.);
#1550=EDGE_CURVE('',#1271,#1270,#581,.T.);
#1551=EDGE_CURVE('',#1176,#1271,#582,.T.);
#1552=EDGE_CURVE('',#1272,#1271,#583,.T.);
#1553=EDGE_CURVE('',#1177,#1272,#584,.T.);
#1554=EDGE_CURVE('',#1268,#1272,#585,.T.);
#1555=EDGE_CURVE('',#1269,#1273,#586,.T.);
#1556=EDGE_CURVE('',#1273,#1264,#587,.T.);
#1557=EDGE_CURVE('',#1177,#1274,#588,.T.);
#1558=EDGE_CURVE('',#1274,#1275,#589,.T.);
#1559=EDGE_CURVE('',#1275,#1276,#590,.T.);
#1560=EDGE_CURVE('',#1276,#1277,#591,.T.);
#1561=EDGE_CURVE('',#1277,#1178,#592,.T.);
#1562=EDGE_CURVE('',#1278,#1168,#593,.T.);
#1563=EDGE_CURVE('',#1279,#1273,#594,.T.);
#1564=EDGE_CURVE('',#1278,#1279,#595,.T.);
#1565=EDGE_CURVE('',#1280,#1182,#596,.T.);
#1566=EDGE_CURVE('',#1280,#1274,#597,.T.);
#1567=EDGE_CURVE('',#1281,#1174,#598,.T.);
#1568=EDGE_CURVE('',#1281,#1279,#599,.T.);
#1569=EDGE_CURVE('',#1282,#1280,#600,.T.);
#1570=EDGE_CURVE('',#1282,#1275,#601,.T.);
#1571=EDGE_CURVE('',#1283,#1278,#602,.T.);
#1572=EDGE_CURVE('',#1283,#1281,#603,.T.);
#1573=EDGE_CURVE('',#1181,#1284,#604,.T.);
#1574=EDGE_CURVE('',#1284,#1285,#605,.T.);
#1575=EDGE_CURVE('',#1285,#1282,#606,.T.);
#1576=EDGE_CURVE('',#1203,#1286,#607,.T.);
#1577=EDGE_CURVE('',#1287,#1207,#608,.T.);
#1578=EDGE_CURVE('',#1286,#1287,#609,.T.);
#1579=EDGE_CURVE('',#1288,#1286,#610,.T.);
#1580=EDGE_CURVE('',#1204,#1288,#611,.T.);
#1581=EDGE_CURVE('',#1289,#1206,#612,.T.);
#1582=EDGE_CURVE('',#1287,#1289,#426,.T.);
#1583=EDGE_CURVE('',#1265,#1290,#613,.T.);
#1584=EDGE_CURVE('',#1291,#1290,#614,.T.);
#1585=EDGE_CURVE('',#1292,#1291,#615,.T.);
#1586=EDGE_CURVE('',#1292,#1293,#616,.T.);
#1587=EDGE_CURVE('',#1294,#1293,#617,.T.);
#1588=EDGE_CURVE('',#1295,#1294,#618,.T.);
#1589=EDGE_CURVE('',#1296,#1295,#619,.T.);
#1590=EDGE_CURVE('',#1297,#1296,#620,.T.);
#1591=EDGE_CURVE('',#1298,#1297,#621,.T.);
#1592=EDGE_CURVE('',#1299,#1298,#622,.T.);
#1593=EDGE_CURVE('',#1300,#1299,#623,.T.);
#1594=EDGE_CURVE('',#1301,#1300,#624,.T.);
#1595=EDGE_CURVE('',#1302,#1301,#625,.T.);
#1596=EDGE_CURVE('',#1253,#1302,#626,.T.);
#1597=EDGE_CURVE('',#1303,#1252,#627,.T.);
#1598=EDGE_CURVE('',#1304,#1303,#628,.T.);
#1599=EDGE_CURVE('',#1305,#1304,#629,.T.);
#1600=EDGE_CURVE('',#1306,#1305,#630,.T.);
#1601=EDGE_CURVE('',#1307,#1306,#631,.T.);
#1602=EDGE_CURVE('',#1308,#1307,#632,.T.);
#1603=EDGE_CURVE('',#1309,#1308,#633,.T.);
#1604=EDGE_CURVE('',#1309,#1266,#634,.T.);
#1605=EDGE_CURVE('',#1310,#1310,#427,.T.);
#1606=EDGE_CURVE('',#1311,#1311,#428,.T.);
#1607=EDGE_CURVE('',#1312,#1313,#635,.T.);
#1608=EDGE_CURVE('',#1313,#1314,#636,.T.);
#1609=EDGE_CURVE('',#1314,#1315,#637,.T.);
#1610=EDGE_CURVE('',#1315,#1316,#429,.T.);
#1611=EDGE_CURVE('',#1316,#1312,#638,.T.);
#1612=EDGE_CURVE('',#1317,#1318,#639,.T.);
#1613=EDGE_CURVE('',#1317,#1319,#640,.T.);
#1614=EDGE_CURVE('',#1319,#1320,#430,.T.);
#1615=EDGE_CURVE('',#1320,#1321,#641,.T.);
#1616=EDGE_CURVE('',#1321,#1322,#431,.T.);
#1617=EDGE_CURVE('',#1322,#1318,#642,.T.);
#1618=EDGE_CURVE('',#1323,#1324,#643,.T.);
#1619=EDGE_CURVE('',#1323,#1325,#644,.T.);
#1620=EDGE_CURVE('',#1325,#1326,#432,.T.);
#1621=EDGE_CURVE('',#1326,#1327,#645,.T.);
#1622=EDGE_CURVE('',#1327,#1328,#433,.T.);
#1623=EDGE_CURVE('',#1328,#1324,#646,.T.);
#1624=EDGE_CURVE('',#1329,#1330,#647,.T.);
#1625=EDGE_CURVE('',#1329,#1331,#648,.T.);
#1626=EDGE_CURVE('',#1331,#1332,#434,.T.);
#1627=EDGE_CURVE('',#1332,#1333,#649,.T.);
#1628=EDGE_CURVE('',#1333,#1330,#650,.T.);
#1629=EDGE_CURVE('',#1334,#1334,#435,.T.);
#1630=EDGE_CURVE('',#1335,#1335,#436,.T.);
#1631=EDGE_CURVE('',#1336,#1336,#437,.T.);
#1632=EDGE_CURVE('',#1262,#1337,#651,.T.);
#1633=EDGE_CURVE('',#1337,#1338,#438,.T.);
#1634=EDGE_CURVE('',#1338,#1339,#652,.T.);
#1635=EDGE_CURVE('',#1339,#1340,#439,.T.);
#1636=EDGE_CURVE('',#1340,#1260,#653,.T.);
#1637=EDGE_CURVE('',#1276,#1285,#654,.T.);
#1638=EDGE_CURVE('',#1284,#1341,#440,.T.);
#1639=EDGE_CURVE('',#1341,#1342,#655,.T.);
#1640=EDGE_CURVE('',#1342,#1277,#441,.T.);
#1641=EDGE_CURVE('',#1343,#1344,#656,.T.);
#1642=EDGE_CURVE('',#1345,#1344,#657,.T.);
#1643=EDGE_CURVE('',#1345,#1346,#442,.T.);
#1644=EDGE_CURVE('',#1346,#1347,#658,.T.);
#1645=EDGE_CURVE('',#1347,#1348,#443,.T.);
#1646=EDGE_CURVE('',#1343,#1348,#659,.T.);
#1647=EDGE_CURVE('',#1349,#1350,#660,.T.);
#1648=EDGE_CURVE('',#1350,#1351,#661,.T.);
#1649=EDGE_CURVE('',#1351,#1352,#662,.T.);
#1650=EDGE_CURVE('',#1352,#1353,#663,.T.);
#1651=EDGE_CURVE('',#1353,#1349,#444,.T.);
#1652=EDGE_CURVE('',#1354,#1355,#664,.T.);
#1653=EDGE_CURVE('',#1355,#1356,#445,.T.);
#1654=EDGE_CURVE('',#1357,#1356,#665,.T.);
#1655=EDGE_CURVE('',#1358,#1357,#666,.T.);
#1656=EDGE_CURVE('',#1359,#1358,#667,.T.);
#1657=EDGE_CURVE('',#1359,#1354,#446,.T.);
#1658=EDGE_CURVE('',#1360,#1361,#668,.T.);
#1659=EDGE_CURVE('',#1361,#1362,#447,.T.);
#1660=EDGE_CURVE('',#1362,#1363,#669,.T.);
#1661=EDGE_CURVE('',#1364,#1363,#670,.T.);
#1662=EDGE_CURVE('',#1364,#1365,#671,.T.);
#1663=EDGE_CURVE('',#1365,#1360,#448,.T.);
#1664=EDGE_CURVE('',#1289,#1366,#672,.T.);
#1665=EDGE_CURVE('',#1288,#1366,#673,.T.);
#1666=EDGE_CURVE('',#1367,#1367,#449,.T.);
#1667=EDGE_CURVE('',#1368,#1368,#450,.T.);
#1668=EDGE_CURVE('',#1366,#1205,#674,.T.);
#1669=EDGE_CURVE('',#1169,#1343,#675,.T.);
#1670=EDGE_CURVE('',#1344,#1283,#676,.T.);
#1671=EDGE_CURVE('',#1348,#1170,#677,.T.);
#1672=EDGE_CURVE('',#1347,#1171,#678,.T.);
#1673=EDGE_CURVE('',#1172,#1346,#679,.T.);
#1674=EDGE_CURVE('',#1173,#1345,#680,.T.);
#1675=EDGE_CURVE('',#1342,#1179,#681,.T.);
#1676=EDGE_CURVE('',#1180,#1341,#682,.T.);
#1677=EDGE_CURVE('',#1340,#1186,#683,.T.);
#1678=EDGE_CURVE('',#1339,#1187,#684,.T.);
#1679=EDGE_CURVE('',#1188,#1338,#685,.T.);
#1680=EDGE_CURVE('',#1189,#1337,#686,.T.);
#1681=EDGE_CURVE('',#1194,#1309,#687,.T.);
#1682=EDGE_CURVE('',#1308,#1369,#688,.T.);
#1683=EDGE_CURVE('',#1370,#1369,#689,.T.);
#1684=EDGE_CURVE('',#1195,#1370,#690,.T.);
#1685=EDGE_CURVE('',#1370,#1371,#691,.T.);
#1686=EDGE_CURVE('',#1371,#1196,#692,.T.);
#1687=EDGE_CURVE('',#1371,#1372,#693,.T.);
#1688=EDGE_CURVE('',#1372,#1197,#694,.T.);
#1689=EDGE_CURVE('',#1307,#1198,#695,.T.);
#1690=EDGE_CURVE('',#1369,#1372,#696,.T.);
#1691=EDGE_CURVE('',#1306,#1199,#697,.T.);
#1692=EDGE_CURVE('',#1200,#1305,#698,.T.);
#1693=EDGE_CURVE('',#1304,#1201,#699,.T.);
#1694=EDGE_CURVE('',#1202,#1303,#700,.T.);
#1695=EDGE_CURVE('',#1373,#1302,#701,.T.);
#1696=EDGE_CURVE('',#1374,#1373,#702,.T.);
#1697=EDGE_CURVE('',#1146,#1374,#703,.T.);
#1698=EDGE_CURVE('',#1374,#1375,#704,.T.);
#1699=EDGE_CURVE('',#1375,#1147,#705,.T.);
#1700=EDGE_CURVE('',#1376,#1300,#706,.T.);
#1701=EDGE_CURVE('',#1377,#1376,#707,.T.);
#1702=EDGE_CURVE('',#1148,#1377,#708,.T.);
#1703=EDGE_CURVE('',#1378,#1375,#709,.T.);
#1704=EDGE_CURVE('',#1301,#1378,#710,.T.);
#1705=EDGE_CURVE('',#1377,#1379,#711,.T.);
#1706=EDGE_CURVE('',#1379,#1149,#712,.T.);
#1707=EDGE_CURVE('',#1298,#1150,#713,.T.);
#1708=EDGE_CURVE('',#1380,#1379,#714,.T.);
#1709=EDGE_CURVE('',#1299,#1380,#715,.T.);
#1710=EDGE_CURVE('',#1297,#1156,#716,.T.);
#1711=EDGE_CURVE('',#1155,#1381,#717,.T.);
#1712=EDGE_CURVE('',#1381,#1382,#718,.T.);
#1713=EDGE_CURVE('',#1382,#1383,#719,.T.);
#1714=EDGE_CURVE('',#1383,#1151,#720,.T.);
#1715=EDGE_CURVE('',#1384,#1385,#721,.T.);
#1716=EDGE_CURVE('',#1152,#1384,#722,.T.);
#1717=EDGE_CURVE('',#1383,#1386,#723,.T.);
#1718=EDGE_CURVE('',#1386,#1385,#724,.T.);
#1719=EDGE_CURVE('',#1384,#1387,#725,.T.);
#1720=EDGE_CURVE('',#1387,#1388,#726,.T.);
#1721=EDGE_CURVE('',#1388,#1389,#727,.T.);
#1722=EDGE_CURVE('',#1389,#1153,#728,.T.);
#1723=EDGE_CURVE('',#1390,#1153,#729,.T.);
#1724=EDGE_CURVE('',#1154,#1390,#730,.T.);
#1725=EDGE_CURVE('',#1390,#1381,#731,.T.);
#1726=EDGE_CURVE('',#1157,#1296,#732,.T.);
#1727=EDGE_CURVE('',#1158,#1295,#733,.T.);
#1728=EDGE_CURVE('',#1294,#1159,#734,.T.);
#1729=EDGE_CURVE('',#1293,#1160,#735,.T.);
#1730=EDGE_CURVE('',#1161,#1292,#736,.T.);
#1731=EDGE_CURVE('',#1391,#1291,#737,.T.);
#1732=EDGE_CURVE('',#1392,#1391,#738,.T.);
#1733=EDGE_CURVE('',#1162,#1392,#739,.T.);
#1734=EDGE_CURVE('',#1392,#1393,#740,.T.);
#1735=EDGE_CURVE('',#1393,#1163,#741,.T.);
#1736=EDGE_CURVE('',#1393,#1394,#742,.T.);
#1737=EDGE_CURVE('',#1394,#1164,#743,.T.);
#1738=EDGE_CURVE('',#1290,#1165,#744,.T.);
#1739=EDGE_CURVE('',#1391,#1394,#745,.T.);
#1740=EDGE_CURVE('',#1209,#1365,#746,.T.);
#1741=EDGE_CURVE('',#1208,#1360,#747,.T.);
#1742=EDGE_CURVE('',#1210,#1364,#748,.T.);
#1743=EDGE_CURVE('',#1363,#1211,#749,.T.);
#1744=EDGE_CURVE('',#1362,#1212,#750,.T.);
#1745=EDGE_CURVE('',#1361,#1213,#751,.T.);
#1746=EDGE_CURVE('',#1244,#1359,#752,.T.);
#1747=EDGE_CURVE('',#1243,#1354,#753,.T.);
#1748=EDGE_CURVE('',#1245,#1358,#754,.T.);
#1749=EDGE_CURVE('',#1357,#1246,#755,.T.);
#1750=EDGE_CURVE('',#1356,#1247,#756,.T.);
#1751=EDGE_CURVE('',#1355,#1248,#757,.T.);
#1752=EDGE_CURVE('',#1239,#1353,#758,.T.);
#1753=EDGE_CURVE('',#1238,#1349,#759,.T.);
#1754=EDGE_CURVE('',#1352,#1240,#760,.T.);
#1755=EDGE_CURVE('',#1241,#1351,#761,.T.);
#1756=EDGE_CURVE('',#1350,#1242,#762,.T.);
#1757=EDGE_CURVE('',#1336,#1214,#763,.T.);
#1758=EDGE_CURVE('',#1335,#1237,#764,.T.);
#1759=EDGE_CURVE('',#1333,#1216,#765,.T.);
#1760=EDGE_CURVE('',#1330,#1215,#766,.T.);
#1761=EDGE_CURVE('',#1217,#1332,#767,.T.);
#1762=EDGE_CURVE('',#1331,#1218,#768,.T.);
#1763=EDGE_CURVE('',#1219,#1329,#769,.T.);
#1764=EDGE_CURVE('',#1221,#1328,#770,.T.);
#1765=EDGE_CURVE('',#1324,#1220,#771,.T.);
#1766=EDGE_CURVE('',#1327,#1222,#772,.T.);
#1767=EDGE_CURVE('',#1223,#1326,#773,.T.);
#1768=EDGE_CURVE('',#1325,#1224,#774,.T.);
#1769=EDGE_CURVE('',#1225,#1323,#775,.T.);
#1770=EDGE_CURVE('',#1227,#1322,#776,.T.);
#1771=EDGE_CURVE('',#1318,#1226,#777,.T.);
#1772=EDGE_CURVE('',#1321,#1228,#778,.T.);
#1773=EDGE_CURVE('',#1229,#1320,#779,.T.);
#1774=EDGE_CURVE('',#1319,#1230,#780,.T.);
#1775=EDGE_CURVE('',#1231,#1317,#781,.T.);
#1776=EDGE_CURVE('',#1233,#1316,#782,.T.);
#1777=EDGE_CURVE('',#1312,#1232,#783,.T.);
#1778=EDGE_CURVE('',#1315,#1234,#784,.T.);
#1779=EDGE_CURVE('',#1314,#1235,#785,.T.);
#1780=EDGE_CURVE('',#1236,#1313,#786,.T.);
#1781=EDGE_CURVE('',#1382,#1389,#787,.T.);
#1782=EDGE_CURVE('',#1380,#1376,#788,.T.);
#1783=EDGE_CURVE('',#1378,#1373,#789,.T.);
#1784=EDGE_CURVE('',#1368,#1395,#790,.T.);
#1785=EDGE_CURVE('',#1395,#1395,#451,.T.);
#1786=EDGE_CURVE('',#1367,#1396,#791,.T.);
#1787=EDGE_CURVE('',#1396,#1396,#452,.T.);
#1788=EDGE_CURVE('',#1397,#1397,#453,.T.);
#1789=EDGE_CURVE('',#1397,#1334,#792,.T.);
#1790=EDGE_CURVE('',#1311,#1398,#793,.T.);
#1791=EDGE_CURVE('',#1398,#1398,#454,.T.);
#1792=EDGE_CURVE('',#1310,#1399,#794,.T.);
#1793=EDGE_CURVE('',#1399,#1399,#455,.T.);
#1794=EDGE_CURVE('',#1400,#1400,#456,.T.);
#1795=EDGE_CURVE('',#1401,#1401,#457,.T.);
#1796=EDGE_CURVE('',#1402,#1402,#458,.T.);
#1797=EDGE_CURVE('',#1388,#1403,#795,.T.);
#1798=EDGE_CURVE('',#1403,#1386,#796,.T.);
#1799=EDGE_CURVE('',#1404,#1387,#797,.T.);
#1800=EDGE_CURVE('',#1385,#1404,#798,.T.);
#1801=EDGE_CURVE('',#1404,#1403,#799,.T.);
#1802=EDGE_CURVE('',#1405,#1405,#459,.T.);
#1803=EDGE_CURVE('',#1406,#1406,#460,.T.);
#1804=EDGE_CURVE('',#1407,#1407,#461,.T.);
#1805=EDGE_CURVE('',#1408,#1408,#462,.T.);
#1806=EDGE_CURVE('',#1409,#1409,#463,.T.);
#1807=EDGE_CURVE('',#1400,#1407,#800,.T.);
#1808=EDGE_CURVE('',#1401,#1409,#801,.T.);
#1809=EDGE_CURVE('',#1402,#1408,#802,.T.);
#1810=EDGE_CURVE('',#1405,#1406,#803,.T.);
#1811=ORIENTED_EDGE('',*,*,#1410,.F.);
#1812=ORIENTED_EDGE('',*,*,#1411,.F.);
#1813=ORIENTED_EDGE('',*,*,#1412,.F.);
#1814=ORIENTED_EDGE('',*,*,#1413,.F.);
#1815=ORIENTED_EDGE('',*,*,#1414,.F.);
#1816=ORIENTED_EDGE('',*,*,#1415,.F.);
#1817=ORIENTED_EDGE('',*,*,#1416,.F.);
#1818=ORIENTED_EDGE('',*,*,#1417,.F.);
#1819=ORIENTED_EDGE('',*,*,#1418,.F.);
#1820=ORIENTED_EDGE('',*,*,#1419,.T.);
#1821=ORIENTED_EDGE('',*,*,#1420,.F.);
#1822=ORIENTED_EDGE('',*,*,#1421,.F.);
#1823=ORIENTED_EDGE('',*,*,#1422,.F.);
#1824=ORIENTED_EDGE('',*,*,#1423,.F.);
#1825=ORIENTED_EDGE('',*,*,#1424,.F.);
#1826=ORIENTED_EDGE('',*,*,#1425,.F.);
#1827=ORIENTED_EDGE('',*,*,#1426,.T.);
#1828=ORIENTED_EDGE('',*,*,#1427,.F.);
#1829=ORIENTED_EDGE('',*,*,#1428,.F.);
#1830=ORIENTED_EDGE('',*,*,#1429,.F.);
#1831=ORIENTED_EDGE('',*,*,#1430,.F.);
#1832=ORIENTED_EDGE('',*,*,#1431,.T.);
#1833=ORIENTED_EDGE('',*,*,#1432,.T.);
#1834=ORIENTED_EDGE('',*,*,#1433,.T.);
#1835=ORIENTED_EDGE('',*,*,#1434,.T.);
#1836=ORIENTED_EDGE('',*,*,#1435,.F.);
#1837=ORIENTED_EDGE('',*,*,#1436,.T.);
#1838=ORIENTED_EDGE('',*,*,#1437,.T.);
#1839=ORIENTED_EDGE('',*,*,#1438,.T.);
#1840=ORIENTED_EDGE('',*,*,#1439,.F.);
#1841=ORIENTED_EDGE('',*,*,#1440,.F.);
#1842=ORIENTED_EDGE('',*,*,#1441,.T.);
#1843=ORIENTED_EDGE('',*,*,#1442,.F.);
#1844=ORIENTED_EDGE('',*,*,#1443,.F.);
#1845=ORIENTED_EDGE('',*,*,#1444,.T.);
#1846=ORIENTED_EDGE('',*,*,#1445,.T.);
#1847=ORIENTED_EDGE('',*,*,#1446,.T.);
#1848=ORIENTED_EDGE('',*,*,#1447,.F.);
#1849=ORIENTED_EDGE('',*,*,#1448,.F.);
#1850=ORIENTED_EDGE('',*,*,#1449,.T.);
#1851=ORIENTED_EDGE('',*,*,#1450,.T.);
#1852=ORIENTED_EDGE('',*,*,#1451,.T.);
#1853=ORIENTED_EDGE('',*,*,#1452,.T.);
#1854=ORIENTED_EDGE('',*,*,#1453,.T.);
#1855=ORIENTED_EDGE('',*,*,#1454,.T.);
#1856=ORIENTED_EDGE('',*,*,#1455,.T.);
#1857=ORIENTED_EDGE('',*,*,#1456,.T.);
#1858=ORIENTED_EDGE('',*,*,#1457,.T.);
#1859=ORIENTED_EDGE('',*,*,#1458,.T.);
#1860=ORIENTED_EDGE('',*,*,#1459,.T.);
#1861=ORIENTED_EDGE('',*,*,#1460,.F.);
#1862=ORIENTED_EDGE('',*,*,#1461,.F.);
#1863=ORIENTED_EDGE('',*,*,#1462,.F.);
#1864=ORIENTED_EDGE('',*,*,#1463,.F.);
#1865=ORIENTED_EDGE('',*,*,#1464,.F.);
#1866=ORIENTED_EDGE('',*,*,#1465,.F.);
#1867=ORIENTED_EDGE('',*,*,#1466,.F.);
#1868=ORIENTED_EDGE('',*,*,#1467,.F.);
#1869=ORIENTED_EDGE('',*,*,#1468,.F.);
#1870=ORIENTED_EDGE('',*,*,#1469,.T.);
#1871=ORIENTED_EDGE('',*,*,#1470,.F.);
#1872=ORIENTED_EDGE('',*,*,#1471,.T.);
#1873=ORIENTED_EDGE('',*,*,#1472,.T.);
#1874=ORIENTED_EDGE('',*,*,#1473,.T.);
#1875=ORIENTED_EDGE('',*,*,#1474,.T.);
#1876=ORIENTED_EDGE('',*,*,#1475,.T.);
#1877=ORIENTED_EDGE('',*,*,#1476,.F.);
#1878=ORIENTED_EDGE('',*,*,#1477,.T.);
#1879=ORIENTED_EDGE('',*,*,#1478,.T.);
#1880=ORIENTED_EDGE('',*,*,#1479,.T.);
#1881=ORIENTED_EDGE('',*,*,#1480,.T.);
#1882=ORIENTED_EDGE('',*,*,#1481,.T.);
#1883=ORIENTED_EDGE('',*,*,#1482,.T.);
#1884=ORIENTED_EDGE('',*,*,#1483,.T.);
#1885=ORIENTED_EDGE('',*,*,#1484,.T.);
#1886=ORIENTED_EDGE('',*,*,#1485,.F.);
#1887=ORIENTED_EDGE('',*,*,#1486,.T.);
#1888=ORIENTED_EDGE('',*,*,#1487,.T.);
#1889=ORIENTED_EDGE('',*,*,#1488,.T.);
#1890=ORIENTED_EDGE('',*,*,#1489,.T.);
#1891=ORIENTED_EDGE('',*,*,#1490,.T.);
#1892=ORIENTED_EDGE('',*,*,#1491,.F.);
#1893=ORIENTED_EDGE('',*,*,#1492,.T.);
#1894=ORIENTED_EDGE('',*,*,#1493,.T.);
#1895=ORIENTED_EDGE('',*,*,#1494,.T.);
#1896=ORIENTED_EDGE('',*,*,#1495,.T.);
#1897=ORIENTED_EDGE('',*,*,#1496,.T.);
#1898=ORIENTED_EDGE('',*,*,#1497,.F.);
#1899=ORIENTED_EDGE('',*,*,#1498,.T.);
#1900=ORIENTED_EDGE('',*,*,#1499,.T.);
#1901=ORIENTED_EDGE('',*,*,#1500,.T.);
#1902=ORIENTED_EDGE('',*,*,#1501,.T.);
#1903=ORIENTED_EDGE('',*,*,#1502,.T.);
#1904=ORIENTED_EDGE('',*,*,#1503,.T.);
#1905=ORIENTED_EDGE('',*,*,#1504,.T.);
#1906=ORIENTED_EDGE('',*,*,#1505,.T.);
#1907=ORIENTED_EDGE('',*,*,#1506,.T.);
#1908=ORIENTED_EDGE('',*,*,#1507,.T.);
#1909=ORIENTED_EDGE('',*,*,#1508,.T.);
#1910=ORIENTED_EDGE('',*,*,#1509,.T.);
#1911=ORIENTED_EDGE('',*,*,#1510,.F.);
#1912=ORIENTED_EDGE('',*,*,#1511,.F.);
#1913=ORIENTED_EDGE('',*,*,#1512,.F.);
#1914=ORIENTED_EDGE('',*,*,#1513,.T.);
#1915=ORIENTED_EDGE('',*,*,#1514,.T.);
#1916=ORIENTED_EDGE('',*,*,#1515,.F.);
#1917=ORIENTED_EDGE('',*,*,#1516,.T.);
#1918=ORIENTED_EDGE('',*,*,#1517,.F.);
#1919=ORIENTED_EDGE('',*,*,#1516,.F.);
#1920=ORIENTED_EDGE('',*,*,#1515,.T.);
#1921=ORIENTED_EDGE('',*,*,#1518,.F.);
#1922=ORIENTED_EDGE('',*,*,#1410,.T.);
#1923=ORIENTED_EDGE('',*,*,#1519,.F.);
#1924=ORIENTED_EDGE('',*,*,#1520,.T.);
#1925=ORIENTED_EDGE('',*,*,#1521,.F.);
#1926=ORIENTED_EDGE('',*,*,#1522,.F.);
#1927=ORIENTED_EDGE('',*,*,#1523,.T.);
#1928=ORIENTED_EDGE('',*,*,#1450,.F.);
#1929=ORIENTED_EDGE('',*,*,#1524,.T.);
#1930=ORIENTED_EDGE('',*,*,#1525,.T.);
#1931=ORIENTED_EDGE('',*,*,#1526,.F.);
#1932=ORIENTED_EDGE('',*,*,#1527,.F.);
#1933=ORIENTED_EDGE('',*,*,#1528,.F.);
#1934=ORIENTED_EDGE('',*,*,#1529,.T.);
#1935=ORIENTED_EDGE('',*,*,#1522,.T.);
#1936=ORIENTED_EDGE('',*,*,#1530,.T.);
#1937=ORIENTED_EDGE('',*,*,#1531,.T.);
#1938=ORIENTED_EDGE('',*,*,#1456,.F.);
#1939=ORIENTED_EDGE('',*,*,#1532,.T.);
#1940=ORIENTED_EDGE('',*,*,#1533,.F.);
#1941=ORIENTED_EDGE('',*,*,#1534,.T.);
#1942=ORIENTED_EDGE('',*,*,#1535,.F.);
#1943=ORIENTED_EDGE('',*,*,#1536,.F.);
#1944=ORIENTED_EDGE('',*,*,#1530,.F.);
#1945=ORIENTED_EDGE('',*,*,#1526,.T.);
#1946=ORIENTED_EDGE('',*,*,#1528,.T.);
#1947=ORIENTED_EDGE('',*,*,#1537,.F.);
#1948=ORIENTED_EDGE('',*,*,#1538,.F.);
#1949=ORIENTED_EDGE('',*,*,#1432,.F.);
#1950=ORIENTED_EDGE('',*,*,#1539,.T.);
#1951=ORIENTED_EDGE('',*,*,#1540,.F.);
#1952=ORIENTED_EDGE('',*,*,#1541,.T.);
#1953=ORIENTED_EDGE('',*,*,#1458,.F.);
#1954=ORIENTED_EDGE('',*,*,#1542,.F.);
#1955=ORIENTED_EDGE('',*,*,#1535,.T.);
#1956=ORIENTED_EDGE('',*,*,#1449,.F.);
#1957=ORIENTED_EDGE('',*,*,#1543,.T.);
#1958=ORIENTED_EDGE('',*,*,#1544,.F.);
#1959=ORIENTED_EDGE('',*,*,#1524,.F.);
#1960=ORIENTED_EDGE('',*,*,#1448,.T.);
#1961=ORIENTED_EDGE('',*,*,#1545,.T.);
#1962=ORIENTED_EDGE('',*,*,#1546,.F.);
#1963=ORIENTED_EDGE('',*,*,#1543,.F.);
#1964=ORIENTED_EDGE('',*,*,#1440,.T.);
#1965=ORIENTED_EDGE('',*,*,#1547,.T.);
#1966=ORIENTED_EDGE('',*,*,#1548,.F.);
#1967=ORIENTED_EDGE('',*,*,#1549,.F.);
#1968=ORIENTED_EDGE('',*,*,#1441,.F.);
#1969=ORIENTED_EDGE('',*,*,#1549,.T.);
#1970=ORIENTED_EDGE('',*,*,#1550,.F.);
#1971=ORIENTED_EDGE('',*,*,#1551,.F.);
#1972=ORIENTED_EDGE('',*,*,#1442,.T.);
#1973=ORIENTED_EDGE('',*,*,#1551,.T.);
#1974=ORIENTED_EDGE('',*,*,#1552,.F.);
#1975=ORIENTED_EDGE('',*,*,#1553,.F.);
#1976=ORIENTED_EDGE('',*,*,#1537,.T.);
#1977=ORIENTED_EDGE('',*,*,#1527,.T.);
#1978=ORIENTED_EDGE('',*,*,#1534,.F.);
#1979=ORIENTED_EDGE('',*,*,#1525,.F.);
#1980=ORIENTED_EDGE('',*,*,#1544,.T.);
#1981=ORIENTED_EDGE('',*,*,#1546,.T.);
#1982=ORIENTED_EDGE('',*,*,#1554,.T.);
#1983=ORIENTED_EDGE('',*,*,#1552,.T.);
#1984=ORIENTED_EDGE('',*,*,#1550,.T.);
#1985=ORIENTED_EDGE('',*,*,#1548,.T.);
#1986=ORIENTED_EDGE('',*,*,#1555,.T.);
#1987=ORIENTED_EDGE('',*,*,#1556,.T.);
#1988=ORIENTED_EDGE('',*,*,#1557,.T.);
#1989=ORIENTED_EDGE('',*,*,#1558,.T.);
#1990=ORIENTED_EDGE('',*,*,#1559,.T.);
#1991=ORIENTED_EDGE('',*,*,#1560,.T.);
#1992=ORIENTED_EDGE('',*,*,#1561,.T.);
#1993=ORIENTED_EDGE('',*,*,#1443,.T.);
#1994=ORIENTED_EDGE('',*,*,#1562,.T.);
#1995=ORIENTED_EDGE('',*,*,#1433,.F.);
#1996=ORIENTED_EDGE('',*,*,#1538,.T.);
#1997=ORIENTED_EDGE('',*,*,#1556,.F.);
#1998=ORIENTED_EDGE('',*,*,#1563,.F.);
#1999=ORIENTED_EDGE('',*,*,#1564,.F.);
#2000=ORIENTED_EDGE('',*,*,#1557,.F.);
#2001=ORIENTED_EDGE('',*,*,#1553,.T.);
#2002=ORIENTED_EDGE('',*,*,#1554,.F.);
#2003=ORIENTED_EDGE('',*,*,#1545,.F.);
#2004=ORIENTED_EDGE('',*,*,#1565,.F.);
#2005=ORIENTED_EDGE('',*,*,#1566,.T.);
#2006=ORIENTED_EDGE('',*,*,#1567,.F.);
#2007=ORIENTED_EDGE('',*,*,#1568,.T.);
#2008=ORIENTED_EDGE('',*,*,#1563,.T.);
#2009=ORIENTED_EDGE('',*,*,#1555,.F.);
#2010=ORIENTED_EDGE('',*,*,#1547,.F.);
#2011=ORIENTED_EDGE('',*,*,#1558,.F.);
#2012=ORIENTED_EDGE('',*,*,#1566,.F.);
#2013=ORIENTED_EDGE('',*,*,#1569,.F.);
#2014=ORIENTED_EDGE('',*,*,#1570,.T.);
#2015=ORIENTED_EDGE('',*,*,#1571,.T.);
#2016=ORIENTED_EDGE('',*,*,#1564,.T.);
#2017=ORIENTED_EDGE('',*,*,#1568,.F.);
#2018=ORIENTED_EDGE('',*,*,#1572,.F.);
#2019=ORIENTED_EDGE('',*,*,#1565,.T.);
#2020=ORIENTED_EDGE('',*,*,#1447,.T.);
#2021=ORIENTED_EDGE('',*,*,#1573,.T.);
#2022=ORIENTED_EDGE('',*,*,#1574,.T.);
#2023=ORIENTED_EDGE('',*,*,#1575,.T.);
#2024=ORIENTED_EDGE('',*,*,#1569,.T.);
#2025=ORIENTED_EDGE('',*,*,#1576,.F.);
#2026=ORIENTED_EDGE('',*,*,#1473,.F.);
#2027=ORIENTED_EDGE('',*,*,#1577,.F.);
#2028=ORIENTED_EDGE('',*,*,#1578,.F.);
#2029=ORIENTED_EDGE('',*,*,#1579,.F.);
#2030=ORIENTED_EDGE('',*,*,#1580,.F.);
#2031=ORIENTED_EDGE('',*,*,#1469,.F.);
#2032=ORIENTED_EDGE('',*,*,#1576,.T.);
#2033=ORIENTED_EDGE('',*,*,#1577,.T.);
#2034=ORIENTED_EDGE('',*,*,#1472,.F.);
#2035=ORIENTED_EDGE('',*,*,#1581,.F.);
#2036=ORIENTED_EDGE('',*,*,#1582,.F.);
#2037=ORIENTED_EDGE('',*,*,#1583,.T.);
#2038=ORIENTED_EDGE('',*,*,#1584,.F.);
#2039=ORIENTED_EDGE('',*,*,#1585,.F.);
#2040=ORIENTED_EDGE('',*,*,#1586,.T.);
#2041=ORIENTED_EDGE('',*,*,#1587,.F.);
#2042=ORIENTED_EDGE('',*,*,#1588,.F.);
#2043=ORIENTED_EDGE('',*,*,#1589,.F.);
#2044=ORIENTED_EDGE('',*,*,#1590,.F.);
#2045=ORIENTED_EDGE('',*,*,#1591,.F.);
#2046=ORIENTED_EDGE('',*,*,#1592,.F.);
#2047=ORIENTED_EDGE('',*,*,#1593,.F.);
#2048=ORIENTED_EDGE('',*,*,#1594,.F.);
#2049=ORIENTED_EDGE('',*,*,#1595,.F.);
#2050=ORIENTED_EDGE('',*,*,#1596,.F.);
#2051=ORIENTED_EDGE('',*,*,#1520,.F.);
#2052=ORIENTED_EDGE('',*,*,#1597,.F.);
#2053=ORIENTED_EDGE('',*,*,#1598,.F.);
#2054=ORIENTED_EDGE('',*,*,#1599,.F.);
#2055=ORIENTED_EDGE('',*,*,#1600,.F.);
#2056=ORIENTED_EDGE('',*,*,#1601,.F.);
#2057=ORIENTED_EDGE('',*,*,#1602,.F.);
#2058=ORIENTED_EDGE('',*,*,#1603,.F.);
#2059=ORIENTED_EDGE('',*,*,#1604,.T.);
#2060=ORIENTED_EDGE('',*,*,#1540,.T.);
#2061=ORIENTED_EDGE('',*,*,#1518,.T.);
#2062=ORIENTED_EDGE('',*,*,#1605,.T.);
#2063=ORIENTED_EDGE('',*,*,#1606,.T.);
#2064=ORIENTED_EDGE('',*,*,#1607,.T.);
#2065=ORIENTED_EDGE('',*,*,#1608,.T.);
#2066=ORIENTED_EDGE('',*,*,#1609,.T.);
#2067=ORIENTED_EDGE('',*,*,#1610,.T.);
#2068=ORIENTED_EDGE('',*,*,#1611,.T.);
#2069=ORIENTED_EDGE('',*,*,#1612,.F.);
#2070=ORIENTED_EDGE('',*,*,#1613,.T.);
#2071=ORIENTED_EDGE('',*,*,#1614,.T.);
#2072=ORIENTED_EDGE('',*,*,#1615,.T.);
#2073=ORIENTED_EDGE('',*,*,#1616,.T.);
#2074=ORIENTED_EDGE('',*,*,#1617,.T.);
#2075=ORIENTED_EDGE('',*,*,#1618,.F.);
#2076=ORIENTED_EDGE('',*,*,#1619,.T.);
#2077=ORIENTED_EDGE('',*,*,#1620,.T.);
#2078=ORIENTED_EDGE('',*,*,#1621,.T.);
#2079=ORIENTED_EDGE('',*,*,#1622,.T.);
#2080=ORIENTED_EDGE('',*,*,#1623,.T.);
#2081=ORIENTED_EDGE('',*,*,#1624,.F.);
#2082=ORIENTED_EDGE('',*,*,#1625,.T.);
#2083=ORIENTED_EDGE('',*,*,#1626,.T.);
#2084=ORIENTED_EDGE('',*,*,#1627,.T.);
#2085=ORIENTED_EDGE('',*,*,#1628,.T.);
#2086=ORIENTED_EDGE('',*,*,#1629,.T.);
#2087=ORIENTED_EDGE('',*,*,#1630,.T.);
#2088=ORIENTED_EDGE('',*,*,#1631,.T.);
#2089=ORIENTED_EDGE('',*,*,#1533,.T.);
#2090=ORIENTED_EDGE('',*,*,#1632,.T.);
#2091=ORIENTED_EDGE('',*,*,#1633,.T.);
#2092=ORIENTED_EDGE('',*,*,#1634,.T.);
#2093=ORIENTED_EDGE('',*,*,#1635,.T.);
#2094=ORIENTED_EDGE('',*,*,#1636,.T.);
#2095=ORIENTED_EDGE('',*,*,#1637,.T.);
#2096=ORIENTED_EDGE('',*,*,#1574,.F.);
#2097=ORIENTED_EDGE('',*,*,#1638,.T.);
#2098=ORIENTED_EDGE('',*,*,#1639,.T.);
#2099=ORIENTED_EDGE('',*,*,#1640,.T.);
#2100=ORIENTED_EDGE('',*,*,#1560,.F.);
#2101=ORIENTED_EDGE('',*,*,#1641,.T.);
#2102=ORIENTED_EDGE('',*,*,#1642,.F.);
#2103=ORIENTED_EDGE('',*,*,#1643,.T.);
#2104=ORIENTED_EDGE('',*,*,#1644,.T.);
#2105=ORIENTED_EDGE('',*,*,#1645,.T.);
#2106=ORIENTED_EDGE('',*,*,#1646,.F.);
#2107=ORIENTED_EDGE('',*,*,#1517,.T.);
#2108=ORIENTED_EDGE('',*,*,#1647,.T.);
#2109=ORIENTED_EDGE('',*,*,#1648,.T.);
#2110=ORIENTED_EDGE('',*,*,#1649,.T.);
#2111=ORIENTED_EDGE('',*,*,#1650,.T.);
#2112=ORIENTED_EDGE('',*,*,#1651,.T.);
#2113=ORIENTED_EDGE('',*,*,#1652,.T.);
#2114=ORIENTED_EDGE('',*,*,#1653,.T.);
#2115=ORIENTED_EDGE('',*,*,#1654,.F.);
#2116=ORIENTED_EDGE('',*,*,#1655,.F.);
#2117=ORIENTED_EDGE('',*,*,#1656,.F.);
#2118=ORIENTED_EDGE('',*,*,#1657,.T.);
#2119=ORIENTED_EDGE('',*,*,#1658,.T.);
#2120=ORIENTED_EDGE('',*,*,#1659,.T.);
#2121=ORIENTED_EDGE('',*,*,#1660,.T.);
#2122=ORIENTED_EDGE('',*,*,#1661,.F.);
#2123=ORIENTED_EDGE('',*,*,#1662,.T.);
#2124=ORIENTED_EDGE('',*,*,#1663,.T.);
#2125=ORIENTED_EDGE('',*,*,#1578,.T.);
#2126=ORIENTED_EDGE('',*,*,#1582,.T.);
#2127=ORIENTED_EDGE('',*,*,#1664,.T.);
#2128=ORIENTED_EDGE('',*,*,#1665,.F.);
#2129=ORIENTED_EDGE('',*,*,#1579,.T.);
#2130=ORIENTED_EDGE('',*,*,#1666,.T.);
#2131=ORIENTED_EDGE('',*,*,#1667,.T.);
#2132=ORIENTED_EDGE('',*,*,#1665,.T.);
#2133=ORIENTED_EDGE('',*,*,#1668,.T.);
#2134=ORIENTED_EDGE('',*,*,#1470,.T.);
#2135=ORIENTED_EDGE('',*,*,#1580,.T.);
#2136=ORIENTED_EDGE('',*,*,#1669,.F.);
#2137=ORIENTED_EDGE('',*,*,#1434,.F.);
#2138=ORIENTED_EDGE('',*,*,#1562,.F.);
#2139=ORIENTED_EDGE('',*,*,#1571,.F.);
#2140=ORIENTED_EDGE('',*,*,#1670,.F.);
#2141=ORIENTED_EDGE('',*,*,#1641,.F.);
#2142=ORIENTED_EDGE('',*,*,#1646,.T.);
#2143=ORIENTED_EDGE('',*,*,#1671,.T.);
#2144=ORIENTED_EDGE('',*,*,#1435,.T.);
#2145=ORIENTED_EDGE('',*,*,#1669,.T.);
#2146=ORIENTED_EDGE('',*,*,#1645,.F.);
#2147=ORIENTED_EDGE('',*,*,#1672,.T.);
#2148=ORIENTED_EDGE('',*,*,#1436,.F.);
#2149=ORIENTED_EDGE('',*,*,#1671,.F.);
#2150=ORIENTED_EDGE('',*,*,#1644,.F.);
#2151=ORIENTED_EDGE('',*,*,#1673,.F.);
#2152=ORIENTED_EDGE('',*,*,#1437,.F.);
#2153=ORIENTED_EDGE('',*,*,#1672,.F.);
#2154=ORIENTED_EDGE('',*,*,#1674,.F.);
#2155=ORIENTED_EDGE('',*,*,#1438,.F.);
#2156=ORIENTED_EDGE('',*,*,#1673,.T.);
#2157=ORIENTED_EDGE('',*,*,#1643,.F.);
#2158=ORIENTED_EDGE('',*,*,#1567,.T.);
#2159=ORIENTED_EDGE('',*,*,#1439,.T.);
#2160=ORIENTED_EDGE('',*,*,#1674,.T.);
#2161=ORIENTED_EDGE('',*,*,#1642,.T.);
#2162=ORIENTED_EDGE('',*,*,#1670,.T.);
#2163=ORIENTED_EDGE('',*,*,#1572,.T.);
#2164=ORIENTED_EDGE('',*,*,#1640,.F.);
#2165=ORIENTED_EDGE('',*,*,#1675,.T.);
#2166=ORIENTED_EDGE('',*,*,#1444,.F.);
#2167=ORIENTED_EDGE('',*,*,#1561,.F.);
#2168=ORIENTED_EDGE('',*,*,#1639,.F.);
#2169=ORIENTED_EDGE('',*,*,#1676,.F.);
#2170=ORIENTED_EDGE('',*,*,#1445,.F.);
#2171=ORIENTED_EDGE('',*,*,#1675,.F.);
#2172=ORIENTED_EDGE('',*,*,#1573,.F.);
#2173=ORIENTED_EDGE('',*,*,#1446,.F.);
#2174=ORIENTED_EDGE('',*,*,#1676,.T.);
#2175=ORIENTED_EDGE('',*,*,#1638,.F.);
#2176=ORIENTED_EDGE('',*,*,#1636,.F.);
#2177=ORIENTED_EDGE('',*,*,#1677,.T.);
#2178=ORIENTED_EDGE('',*,*,#1451,.F.);
#2179=ORIENTED_EDGE('',*,*,#1523,.F.);
#2180=ORIENTED_EDGE('',*,*,#1529,.F.);
#2181=ORIENTED_EDGE('',*,*,#1635,.F.);
#2182=ORIENTED_EDGE('',*,*,#1678,.T.);
#2183=ORIENTED_EDGE('',*,*,#1452,.F.);
#2184=ORIENTED_EDGE('',*,*,#1677,.F.);
#2185=ORIENTED_EDGE('',*,*,#1634,.F.);
#2186=ORIENTED_EDGE('',*,*,#1679,.F.);
#2187=ORIENTED_EDGE('',*,*,#1453,.F.);
#2188=ORIENTED_EDGE('',*,*,#1678,.F.);
#2189=ORIENTED_EDGE('',*,*,#1680,.F.);
#2190=ORIENTED_EDGE('',*,*,#1454,.F.);
#2191=ORIENTED_EDGE('',*,*,#1679,.T.);
#2192=ORIENTED_EDGE('',*,*,#1633,.F.);
#2193=ORIENTED_EDGE('',*,*,#1532,.F.);
#2194=ORIENTED_EDGE('',*,*,#1455,.F.);
#2195=ORIENTED_EDGE('',*,*,#1680,.T.);
#2196=ORIENTED_EDGE('',*,*,#1632,.F.);
#2197=ORIENTED_EDGE('',*,*,#1457,.F.);
#2198=ORIENTED_EDGE('',*,*,#1531,.F.);
#2199=ORIENTED_EDGE('',*,*,#1536,.T.);
#2200=ORIENTED_EDGE('',*,*,#1542,.T.);
#2201=ORIENTED_EDGE('',*,*,#1604,.F.);
#2202=ORIENTED_EDGE('',*,*,#1681,.F.);
#2203=ORIENTED_EDGE('',*,*,#1459,.F.);
#2204=ORIENTED_EDGE('',*,*,#1541,.F.);
#2205=ORIENTED_EDGE('',*,*,#1603,.T.);
#2206=ORIENTED_EDGE('',*,*,#1682,.T.);
#2207=ORIENTED_EDGE('',*,*,#1683,.F.);
#2208=ORIENTED_EDGE('',*,*,#1684,.F.);
#2209=ORIENTED_EDGE('',*,*,#1460,.T.);
#2210=ORIENTED_EDGE('',*,*,#1681,.T.);
#2211=ORIENTED_EDGE('',*,*,#1684,.T.);
#2212=ORIENTED_EDGE('',*,*,#1685,.T.);
#2213=ORIENTED_EDGE('',*,*,#1686,.T.);
#2214=ORIENTED_EDGE('',*,*,#1461,.T.);
#2215=ORIENTED_EDGE('',*,*,#1686,.F.);
#2216=ORIENTED_EDGE('',*,*,#1687,.T.);
#2217=ORIENTED_EDGE('',*,*,#1688,.T.);
#2218=ORIENTED_EDGE('',*,*,#1462,.T.);
#2219=ORIENTED_EDGE('',*,*,#1602,.T.);
#2220=ORIENTED_EDGE('',*,*,#1689,.T.);
#2221=ORIENTED_EDGE('',*,*,#1463,.T.);
#2222=ORIENTED_EDGE('',*,*,#1688,.F.);
#2223=ORIENTED_EDGE('',*,*,#1690,.F.);
#2224=ORIENTED_EDGE('',*,*,#1682,.F.);
#2225=ORIENTED_EDGE('',*,*,#1601,.T.);
#2226=ORIENTED_EDGE('',*,*,#1691,.T.);
#2227=ORIENTED_EDGE('',*,*,#1464,.T.);
#2228=ORIENTED_EDGE('',*,*,#1689,.F.);
#2229=ORIENTED_EDGE('',*,*,#1600,.T.);
#2230=ORIENTED_EDGE('',*,*,#1692,.F.);
#2231=ORIENTED_EDGE('',*,*,#1465,.T.);
#2232=ORIENTED_EDGE('',*,*,#1691,.F.);
#2233=ORIENTED_EDGE('',*,*,#1599,.T.);
#2234=ORIENTED_EDGE('',*,*,#1693,.T.);
#2235=ORIENTED_EDGE('',*,*,#1466,.T.);
#2236=ORIENTED_EDGE('',*,*,#1692,.T.);
#2237=ORIENTED_EDGE('',*,*,#1598,.T.);
#2238=ORIENTED_EDGE('',*,*,#1694,.F.);
#2239=ORIENTED_EDGE('',*,*,#1467,.T.);
#2240=ORIENTED_EDGE('',*,*,#1693,.F.);
#2241=ORIENTED_EDGE('',*,*,#1519,.T.);
#2242=ORIENTED_EDGE('',*,*,#1468,.T.);
#2243=ORIENTED_EDGE('',*,*,#1694,.T.);
#2244=ORIENTED_EDGE('',*,*,#1597,.T.);
#2245=ORIENTED_EDGE('',*,*,#1596,.T.);
#2246=ORIENTED_EDGE('',*,*,#1695,.F.);
#2247=ORIENTED_EDGE('',*,*,#1696,.F.);
#2248=ORIENTED_EDGE('',*,*,#1697,.F.);
#2249=ORIENTED_EDGE('',*,*,#1411,.T.);
#2250=ORIENTED_EDGE('',*,*,#1521,.T.);
#2251=ORIENTED_EDGE('',*,*,#1697,.T.);
#2252=ORIENTED_EDGE('',*,*,#1698,.T.);
#2253=ORIENTED_EDGE('',*,*,#1699,.T.);
#2254=ORIENTED_EDGE('',*,*,#1412,.T.);
#2255=ORIENTED_EDGE('',*,*,#1700,.F.);
#2256=ORIENTED_EDGE('',*,*,#1701,.F.);
#2257=ORIENTED_EDGE('',*,*,#1702,.F.);
#2258=ORIENTED_EDGE('',*,*,#1413,.T.);
#2259=ORIENTED_EDGE('',*,*,#1699,.F.);
#2260=ORIENTED_EDGE('',*,*,#1703,.F.);
#2261=ORIENTED_EDGE('',*,*,#1704,.F.);
#2262=ORIENTED_EDGE('',*,*,#1594,.T.);
#2263=ORIENTED_EDGE('',*,*,#1414,.T.);
#2264=ORIENTED_EDGE('',*,*,#1702,.T.);
#2265=ORIENTED_EDGE('',*,*,#1705,.T.);
#2266=ORIENTED_EDGE('',*,*,#1706,.T.);
#2267=ORIENTED_EDGE('',*,*,#1707,.T.);
#2268=ORIENTED_EDGE('',*,*,#1415,.T.);
#2269=ORIENTED_EDGE('',*,*,#1706,.F.);
#2270=ORIENTED_EDGE('',*,*,#1708,.F.);
#2271=ORIENTED_EDGE('',*,*,#1709,.F.);
#2272=ORIENTED_EDGE('',*,*,#1592,.T.);
#2273=ORIENTED_EDGE('',*,*,#1710,.T.);
#2274=ORIENTED_EDGE('',*,*,#1421,.T.);
#2275=ORIENTED_EDGE('',*,*,#1711,.T.);
#2276=ORIENTED_EDGE('',*,*,#1712,.T.);
#2277=ORIENTED_EDGE('',*,*,#1713,.T.);
#2278=ORIENTED_EDGE('',*,*,#1714,.T.);
#2279=ORIENTED_EDGE('',*,*,#1416,.T.);
#2280=ORIENTED_EDGE('',*,*,#1707,.F.);
#2281=ORIENTED_EDGE('',*,*,#1591,.T.);
#2282=ORIENTED_EDGE('',*,*,#1715,.F.);
#2283=ORIENTED_EDGE('',*,*,#1716,.F.);
#2284=ORIENTED_EDGE('',*,*,#1417,.T.);
#2285=ORIENTED_EDGE('',*,*,#1714,.F.);
#2286=ORIENTED_EDGE('',*,*,#1717,.T.);
#2287=ORIENTED_EDGE('',*,*,#1718,.T.);
#2288=ORIENTED_EDGE('',*,*,#1418,.T.);
#2289=ORIENTED_EDGE('',*,*,#1716,.T.);
#2290=ORIENTED_EDGE('',*,*,#1719,.T.);
#2291=ORIENTED_EDGE('',*,*,#1720,.T.);
#2292=ORIENTED_EDGE('',*,*,#1721,.T.);
#2293=ORIENTED_EDGE('',*,*,#1722,.T.);
#2294=ORIENTED_EDGE('',*,*,#1419,.F.);
#2295=ORIENTED_EDGE('',*,*,#1723,.F.);
#2296=ORIENTED_EDGE('',*,*,#1724,.F.);
#2297=ORIENTED_EDGE('',*,*,#1420,.T.);
#2298=ORIENTED_EDGE('',*,*,#1724,.T.);
#2299=ORIENTED_EDGE('',*,*,#1725,.T.);
#2300=ORIENTED_EDGE('',*,*,#1711,.F.);
#2301=ORIENTED_EDGE('',*,*,#1726,.F.);
#2302=ORIENTED_EDGE('',*,*,#1422,.T.);
#2303=ORIENTED_EDGE('',*,*,#1710,.F.);
#2304=ORIENTED_EDGE('',*,*,#1590,.T.);
#2305=ORIENTED_EDGE('',*,*,#1727,.F.);
#2306=ORIENTED_EDGE('',*,*,#1423,.T.);
#2307=ORIENTED_EDGE('',*,*,#1726,.T.);
#2308=ORIENTED_EDGE('',*,*,#1589,.T.);
#2309=ORIENTED_EDGE('',*,*,#1588,.T.);
#2310=ORIENTED_EDGE('',*,*,#1728,.T.);
#2311=ORIENTED_EDGE('',*,*,#1424,.T.);
#2312=ORIENTED_EDGE('',*,*,#1727,.T.);
#2313=ORIENTED_EDGE('',*,*,#1729,.T.);
#2314=ORIENTED_EDGE('',*,*,#1425,.T.);
#2315=ORIENTED_EDGE('',*,*,#1728,.F.);
#2316=ORIENTED_EDGE('',*,*,#1587,.T.);
#2317=ORIENTED_EDGE('',*,*,#1586,.F.);
#2318=ORIENTED_EDGE('',*,*,#1730,.F.);
#2319=ORIENTED_EDGE('',*,*,#1426,.F.);
#2320=ORIENTED_EDGE('',*,*,#1729,.F.);
#2321=ORIENTED_EDGE('',*,*,#1731,.F.);
#2322=ORIENTED_EDGE('',*,*,#1732,.F.);
#2323=ORIENTED_EDGE('',*,*,#1733,.F.);
#2324=ORIENTED_EDGE('',*,*,#1427,.T.);
#2325=ORIENTED_EDGE('',*,*,#1730,.T.);
#2326=ORIENTED_EDGE('',*,*,#1585,.T.);
#2327=ORIENTED_EDGE('',*,*,#1733,.T.);
#2328=ORIENTED_EDGE('',*,*,#1734,.T.);
#2329=ORIENTED_EDGE('',*,*,#1735,.T.);
#2330=ORIENTED_EDGE('',*,*,#1428,.T.);
#2331=ORIENTED_EDGE('',*,*,#1429,.T.);
#2332=ORIENTED_EDGE('',*,*,#1735,.F.);
#2333=ORIENTED_EDGE('',*,*,#1736,.T.);
#2334=ORIENTED_EDGE('',*,*,#1737,.T.);
#2335=ORIENTED_EDGE('',*,*,#1584,.T.);
#2336=ORIENTED_EDGE('',*,*,#1738,.T.);
#2337=ORIENTED_EDGE('',*,*,#1430,.T.);
#2338=ORIENTED_EDGE('',*,*,#1737,.F.);
#2339=ORIENTED_EDGE('',*,*,#1739,.F.);
#2340=ORIENTED_EDGE('',*,*,#1731,.T.);
#2341=ORIENTED_EDGE('',*,*,#1539,.F.);
#2342=ORIENTED_EDGE('',*,*,#1431,.F.);
#2343=ORIENTED_EDGE('',*,*,#1738,.F.);
#2344=ORIENTED_EDGE('',*,*,#1583,.F.);
#2345=ORIENTED_EDGE('',*,*,#1581,.T.);
#2346=ORIENTED_EDGE('',*,*,#1471,.F.);
#2347=ORIENTED_EDGE('',*,*,#1668,.F.);
#2348=ORIENTED_EDGE('',*,*,#1664,.F.);
#2349=ORIENTED_EDGE('',*,*,#1663,.F.);
#2350=ORIENTED_EDGE('',*,*,#1740,.F.);
#2351=ORIENTED_EDGE('',*,*,#1474,.F.);
#2352=ORIENTED_EDGE('',*,*,#1741,.T.);
#2353=ORIENTED_EDGE('',*,*,#1662,.F.);
#2354=ORIENTED_EDGE('',*,*,#1742,.F.);
#2355=ORIENTED_EDGE('',*,*,#1475,.F.);
#2356=ORIENTED_EDGE('',*,*,#1740,.T.);
#2357=ORIENTED_EDGE('',*,*,#1661,.T.);
#2358=ORIENTED_EDGE('',*,*,#1743,.T.);
#2359=ORIENTED_EDGE('',*,*,#1476,.T.);
#2360=ORIENTED_EDGE('',*,*,#1742,.T.);
#2361=ORIENTED_EDGE('',*,*,#1744,.T.);
#2362=ORIENTED_EDGE('',*,*,#1477,.F.);
#2363=ORIENTED_EDGE('',*,*,#1743,.F.);
#2364=ORIENTED_EDGE('',*,*,#1660,.F.);
#2365=ORIENTED_EDGE('',*,*,#1745,.T.);
#2366=ORIENTED_EDGE('',*,*,#1478,.F.);
#2367=ORIENTED_EDGE('',*,*,#1744,.F.);
#2368=ORIENTED_EDGE('',*,*,#1659,.F.);
#2369=ORIENTED_EDGE('',*,*,#1741,.F.);
#2370=ORIENTED_EDGE('',*,*,#1479,.F.);
#2371=ORIENTED_EDGE('',*,*,#1745,.F.);
#2372=ORIENTED_EDGE('',*,*,#1658,.F.);
#2373=ORIENTED_EDGE('',*,*,#1657,.F.);
#2374=ORIENTED_EDGE('',*,*,#1746,.F.);
#2375=ORIENTED_EDGE('',*,*,#1509,.F.);
#2376=ORIENTED_EDGE('',*,*,#1747,.T.);
#2377=ORIENTED_EDGE('',*,*,#1656,.T.);
#2378=ORIENTED_EDGE('',*,*,#1748,.F.);
#2379=ORIENTED_EDGE('',*,*,#1510,.T.);
#2380=ORIENTED_EDGE('',*,*,#1746,.T.);
#2381=ORIENTED_EDGE('',*,*,#1655,.T.);
#2382=ORIENTED_EDGE('',*,*,#1749,.T.);
#2383=ORIENTED_EDGE('',*,*,#1511,.T.);
#2384=ORIENTED_EDGE('',*,*,#1748,.T.);
#2385=ORIENTED_EDGE('',*,*,#1750,.T.);
#2386=ORIENTED_EDGE('',*,*,#1512,.T.);
#2387=ORIENTED_EDGE('',*,*,#1749,.F.);
#2388=ORIENTED_EDGE('',*,*,#1654,.T.);
#2389=ORIENTED_EDGE('',*,*,#1751,.T.);
#2390=ORIENTED_EDGE('',*,*,#1513,.F.);
#2391=ORIENTED_EDGE('',*,*,#1750,.F.);
#2392=ORIENTED_EDGE('',*,*,#1653,.F.);
#2393=ORIENTED_EDGE('',*,*,#1747,.F.);
#2394=ORIENTED_EDGE('',*,*,#1514,.F.);
#2395=ORIENTED_EDGE('',*,*,#1751,.F.);
#2396=ORIENTED_EDGE('',*,*,#1652,.F.);
#2397=ORIENTED_EDGE('',*,*,#1651,.F.);
#2398=ORIENTED_EDGE('',*,*,#1752,.F.);
#2399=ORIENTED_EDGE('',*,*,#1504,.F.);
#2400=ORIENTED_EDGE('',*,*,#1753,.T.);
#2401=ORIENTED_EDGE('',*,*,#1650,.F.);
#2402=ORIENTED_EDGE('',*,*,#1754,.T.);
#2403=ORIENTED_EDGE('',*,*,#1505,.F.);
#2404=ORIENTED_EDGE('',*,*,#1752,.T.);
#2405=ORIENTED_EDGE('',*,*,#1649,.F.);
#2406=ORIENTED_EDGE('',*,*,#1755,.F.);
#2407=ORIENTED_EDGE('',*,*,#1506,.F.);
#2408=ORIENTED_EDGE('',*,*,#1754,.F.);
#2409=ORIENTED_EDGE('',*,*,#1756,.T.);
#2410=ORIENTED_EDGE('',*,*,#1507,.F.);
#2411=ORIENTED_EDGE('',*,*,#1755,.T.);
#2412=ORIENTED_EDGE('',*,*,#1648,.F.);
#2413=ORIENTED_EDGE('',*,*,#1753,.F.);
#2414=ORIENTED_EDGE('',*,*,#1508,.F.);
#2415=ORIENTED_EDGE('',*,*,#1756,.F.);
#2416=ORIENTED_EDGE('',*,*,#1647,.F.);
#2417=ORIENTED_EDGE('',*,*,#1631,.F.);
#2418=ORIENTED_EDGE('',*,*,#1757,.T.);
#2419=ORIENTED_EDGE('',*,*,#1480,.F.);
#2420=ORIENTED_EDGE('',*,*,#1757,.F.);
#2421=ORIENTED_EDGE('',*,*,#1630,.F.);
#2422=ORIENTED_EDGE('',*,*,#1758,.T.);
#2423=ORIENTED_EDGE('',*,*,#1503,.F.);
#2424=ORIENTED_EDGE('',*,*,#1758,.F.);
#2425=ORIENTED_EDGE('',*,*,#1628,.F.);
#2426=ORIENTED_EDGE('',*,*,#1759,.T.);
#2427=ORIENTED_EDGE('',*,*,#1481,.F.);
#2428=ORIENTED_EDGE('',*,*,#1760,.F.);
#2429=ORIENTED_EDGE('',*,*,#1627,.F.);
#2430=ORIENTED_EDGE('',*,*,#1761,.F.);
#2431=ORIENTED_EDGE('',*,*,#1482,.F.);
#2432=ORIENTED_EDGE('',*,*,#1759,.F.);
#2433=ORIENTED_EDGE('',*,*,#1762,.T.);
#2434=ORIENTED_EDGE('',*,*,#1483,.F.);
#2435=ORIENTED_EDGE('',*,*,#1761,.T.);
#2436=ORIENTED_EDGE('',*,*,#1626,.F.);
#2437=ORIENTED_EDGE('',*,*,#1763,.F.);
#2438=ORIENTED_EDGE('',*,*,#1484,.F.);
#2439=ORIENTED_EDGE('',*,*,#1762,.F.);
#2440=ORIENTED_EDGE('',*,*,#1625,.F.);
#2441=ORIENTED_EDGE('',*,*,#1760,.T.);
#2442=ORIENTED_EDGE('',*,*,#1485,.T.);
#2443=ORIENTED_EDGE('',*,*,#1763,.T.);
#2444=ORIENTED_EDGE('',*,*,#1624,.T.);
#2445=ORIENTED_EDGE('',*,*,#1623,.F.);
#2446=ORIENTED_EDGE('',*,*,#1764,.F.);
#2447=ORIENTED_EDGE('',*,*,#1486,.F.);
#2448=ORIENTED_EDGE('',*,*,#1765,.F.);
#2449=ORIENTED_EDGE('',*,*,#1622,.F.);
#2450=ORIENTED_EDGE('',*,*,#1766,.T.);
#2451=ORIENTED_EDGE('',*,*,#1487,.F.);
#2452=ORIENTED_EDGE('',*,*,#1764,.T.);
#2453=ORIENTED_EDGE('',*,*,#1621,.F.);
#2454=ORIENTED_EDGE('',*,*,#1767,.F.);
#2455=ORIENTED_EDGE('',*,*,#1488,.F.);
#2456=ORIENTED_EDGE('',*,*,#1766,.F.);
#2457=ORIENTED_EDGE('',*,*,#1768,.T.);
#2458=ORIENTED_EDGE('',*,*,#1489,.F.);
#2459=ORIENTED_EDGE('',*,*,#1767,.T.);
#2460=ORIENTED_EDGE('',*,*,#1620,.F.);
#2461=ORIENTED_EDGE('',*,*,#1769,.F.);
#2462=ORIENTED_EDGE('',*,*,#1490,.F.);
#2463=ORIENTED_EDGE('',*,*,#1768,.F.);
#2464=ORIENTED_EDGE('',*,*,#1619,.F.);
#2465=ORIENTED_EDGE('',*,*,#1765,.T.);
#2466=ORIENTED_EDGE('',*,*,#1491,.T.);
#2467=ORIENTED_EDGE('',*,*,#1769,.T.);
#2468=ORIENTED_EDGE('',*,*,#1618,.T.);
#2469=ORIENTED_EDGE('',*,*,#1617,.F.);
#2470=ORIENTED_EDGE('',*,*,#1770,.F.);
#2471=ORIENTED_EDGE('',*,*,#1492,.F.);
#2472=ORIENTED_EDGE('',*,*,#1771,.F.);
#2473=ORIENTED_EDGE('',*,*,#1616,.F.);
#2474=ORIENTED_EDGE('',*,*,#1772,.T.);
#2475=ORIENTED_EDGE('',*,*,#1493,.F.);
#2476=ORIENTED_EDGE('',*,*,#1770,.T.);
#2477=ORIENTED_EDGE('',*,*,#1615,.F.);
#2478=ORIENTED_EDGE('',*,*,#1773,.F.);
#2479=ORIENTED_EDGE('',*,*,#1494,.F.);
#2480=ORIENTED_EDGE('',*,*,#1772,.F.);
#2481=ORIENTED_EDGE('',*,*,#1774,.T.);
#2482=ORIENTED_EDGE('',*,*,#1495,.F.);
#2483=ORIENTED_EDGE('',*,*,#1773,.T.);
#2484=ORIENTED_EDGE('',*,*,#1614,.F.);
#2485=ORIENTED_EDGE('',*,*,#1775,.F.);
#2486=ORIENTED_EDGE('',*,*,#1496,.F.);
#2487=ORIENTED_EDGE('',*,*,#1774,.F.);
#2488=ORIENTED_EDGE('',*,*,#1613,.F.);
#2489=ORIENTED_EDGE('',*,*,#1771,.T.);
#2490=ORIENTED_EDGE('',*,*,#1497,.T.);
#2491=ORIENTED_EDGE('',*,*,#1775,.T.);
#2492=ORIENTED_EDGE('',*,*,#1612,.T.);
#2493=ORIENTED_EDGE('',*,*,#1611,.F.);
#2494=ORIENTED_EDGE('',*,*,#1776,.F.);
#2495=ORIENTED_EDGE('',*,*,#1498,.F.);
#2496=ORIENTED_EDGE('',*,*,#1777,.F.);
#2497=ORIENTED_EDGE('',*,*,#1610,.F.);
#2498=ORIENTED_EDGE('',*,*,#1778,.T.);
#2499=ORIENTED_EDGE('',*,*,#1499,.F.);
#2500=ORIENTED_EDGE('',*,*,#1776,.T.);
#2501=ORIENTED_EDGE('',*,*,#1609,.F.);
#2502=ORIENTED_EDGE('',*,*,#1779,.T.);
#2503=ORIENTED_EDGE('',*,*,#1500,.F.);
#2504=ORIENTED_EDGE('',*,*,#1778,.F.);
#2505=ORIENTED_EDGE('',*,*,#1780,.F.);
#2506=ORIENTED_EDGE('',*,*,#1501,.F.);
#2507=ORIENTED_EDGE('',*,*,#1779,.F.);
#2508=ORIENTED_EDGE('',*,*,#1608,.F.);
#2509=ORIENTED_EDGE('',*,*,#1777,.T.);
#2510=ORIENTED_EDGE('',*,*,#1502,.F.);
#2511=ORIENTED_EDGE('',*,*,#1780,.T.);
#2512=ORIENTED_EDGE('',*,*,#1607,.F.);
#2513=ORIENTED_EDGE('',*,*,#1725,.F.);
#2514=ORIENTED_EDGE('',*,*,#1723,.T.);
#2515=ORIENTED_EDGE('',*,*,#1722,.F.);
#2516=ORIENTED_EDGE('',*,*,#1781,.F.);
#2517=ORIENTED_EDGE('',*,*,#1712,.F.);
#2518=ORIENTED_EDGE('',*,*,#1709,.T.);
#2519=ORIENTED_EDGE('',*,*,#1782,.T.);
#2520=ORIENTED_EDGE('',*,*,#1700,.T.);
#2521=ORIENTED_EDGE('',*,*,#1593,.T.);
#2522=ORIENTED_EDGE('',*,*,#1595,.T.);
#2523=ORIENTED_EDGE('',*,*,#1704,.T.);
#2524=ORIENTED_EDGE('',*,*,#1783,.T.);
#2525=ORIENTED_EDGE('',*,*,#1695,.T.);
#2526=ORIENTED_EDGE('',*,*,#1667,.F.);
#2527=ORIENTED_EDGE('',*,*,#1784,.T.);
#2528=ORIENTED_EDGE('',*,*,#1785,.F.);
#2529=ORIENTED_EDGE('',*,*,#1784,.F.);
#2530=ORIENTED_EDGE('',*,*,#1666,.F.);
#2531=ORIENTED_EDGE('',*,*,#1786,.T.);
#2532=ORIENTED_EDGE('',*,*,#1787,.F.);
#2533=ORIENTED_EDGE('',*,*,#1786,.F.);
#2534=ORIENTED_EDGE('',*,*,#1559,.F.);
#2535=ORIENTED_EDGE('',*,*,#1570,.F.);
#2536=ORIENTED_EDGE('',*,*,#1575,.F.);
#2537=ORIENTED_EDGE('',*,*,#1637,.F.);
#2538=ORIENTED_EDGE('',*,*,#1788,.F.);
#2539=ORIENTED_EDGE('',*,*,#1789,.T.);
#2540=ORIENTED_EDGE('',*,*,#1629,.F.);
#2541=ORIENTED_EDGE('',*,*,#1789,.F.);
#2542=ORIENTED_EDGE('',*,*,#1606,.F.);
#2543=ORIENTED_EDGE('',*,*,#1790,.T.);
#2544=ORIENTED_EDGE('',*,*,#1791,.F.);
#2545=ORIENTED_EDGE('',*,*,#1790,.F.);
#2546=ORIENTED_EDGE('',*,*,#1605,.F.);
#2547=ORIENTED_EDGE('',*,*,#1792,.T.);
#2548=ORIENTED_EDGE('',*,*,#1793,.F.);
#2549=ORIENTED_EDGE('',*,*,#1792,.F.);
#2550=ORIENTED_EDGE('',*,*,#1683,.T.);
#2551=ORIENTED_EDGE('',*,*,#1690,.T.);
#2552=ORIENTED_EDGE('',*,*,#1687,.F.);
#2553=ORIENTED_EDGE('',*,*,#1685,.F.);
#2554=ORIENTED_EDGE('',*,*,#1794,.T.);
#2555=ORIENTED_EDGE('',*,*,#1696,.T.);
#2556=ORIENTED_EDGE('',*,*,#1783,.F.);
#2557=ORIENTED_EDGE('',*,*,#1703,.T.);
#2558=ORIENTED_EDGE('',*,*,#1698,.F.);
#2559=ORIENTED_EDGE('',*,*,#1795,.T.);
#2560=ORIENTED_EDGE('',*,*,#1708,.T.);
#2561=ORIENTED_EDGE('',*,*,#1705,.F.);
#2562=ORIENTED_EDGE('',*,*,#1701,.T.);
#2563=ORIENTED_EDGE('',*,*,#1782,.F.);
#2564=ORIENTED_EDGE('',*,*,#1796,.T.);
#2565=ORIENTED_EDGE('',*,*,#1781,.T.);
#2566=ORIENTED_EDGE('',*,*,#1721,.F.);
#2567=ORIENTED_EDGE('',*,*,#1797,.T.);
#2568=ORIENTED_EDGE('',*,*,#1798,.T.);
#2569=ORIENTED_EDGE('',*,*,#1717,.F.);
#2570=ORIENTED_EDGE('',*,*,#1713,.F.);
#2571=ORIENTED_EDGE('',*,*,#1799,.T.);
#2572=ORIENTED_EDGE('',*,*,#1719,.F.);
#2573=ORIENTED_EDGE('',*,*,#1715,.T.);
#2574=ORIENTED_EDGE('',*,*,#1800,.T.);
#2575=ORIENTED_EDGE('',*,*,#1788,.T.);
#2576=ORIENTED_EDGE('',*,*,#1800,.F.);
#2577=ORIENTED_EDGE('',*,*,#1718,.F.);
#2578=ORIENTED_EDGE('',*,*,#1798,.F.);
#2579=ORIENTED_EDGE('',*,*,#1801,.F.);
#2580=ORIENTED_EDGE('',*,*,#1801,.T.);
#2581=ORIENTED_EDGE('',*,*,#1797,.F.);
#2582=ORIENTED_EDGE('',*,*,#1720,.F.);
#2583=ORIENTED_EDGE('',*,*,#1799,.F.);
#2584=ORIENTED_EDGE('',*,*,#1739,.T.);
#2585=ORIENTED_EDGE('',*,*,#1736,.F.);
#2586=ORIENTED_EDGE('',*,*,#1734,.F.);
#2587=ORIENTED_EDGE('',*,*,#1732,.T.);
#2588=ORIENTED_EDGE('',*,*,#1802,.T.);
#2589=ORIENTED_EDGE('',*,*,#1785,.T.);
#2590=ORIENTED_EDGE('',*,*,#1803,.T.);
#2591=ORIENTED_EDGE('',*,*,#1787,.T.);
#2592=ORIENTED_EDGE('',*,*,#1804,.T.);
#2593=ORIENTED_EDGE('',*,*,#1791,.T.);
#2594=ORIENTED_EDGE('',*,*,#1805,.T.);
#2595=ORIENTED_EDGE('',*,*,#1793,.T.);
#2596=ORIENTED_EDGE('',*,*,#1806,.T.);
#2597=ORIENTED_EDGE('',*,*,#1794,.F.);
#2598=ORIENTED_EDGE('',*,*,#1807,.T.);
#2599=ORIENTED_EDGE('',*,*,#1804,.F.);
#2600=ORIENTED_EDGE('',*,*,#1807,.F.);
#2601=ORIENTED_EDGE('',*,*,#1795,.F.);
#2602=ORIENTED_EDGE('',*,*,#1808,.T.);
#2603=ORIENTED_EDGE('',*,*,#1806,.F.);
#2604=ORIENTED_EDGE('',*,*,#1808,.F.);
#2605=ORIENTED_EDGE('',*,*,#1796,.F.);
#2606=ORIENTED_EDGE('',*,*,#1809,.T.);
#2607=ORIENTED_EDGE('',*,*,#1805,.F.);
#2608=ORIENTED_EDGE('',*,*,#1809,.F.);
#2609=ORIENTED_EDGE('',*,*,#1802,.F.);
#2610=ORIENTED_EDGE('',*,*,#1810,.T.);
#2611=ORIENTED_EDGE('',*,*,#1803,.F.);
#2612=ORIENTED_EDGE('',*,*,#1810,.F.);
#2613=PLANE('',#2877);
#2614=PLANE('',#2901);
#2615=PLANE('',#2902);
#2616=PLANE('',#2904);
#2617=PLANE('',#2905);
#2618=PLANE('',#2906);
#2619=PLANE('',#2907);
#2620=PLANE('',#2908);
#2621=PLANE('',#2909);
#2622=PLANE('',#2910);
#2623=PLANE('',#2911);
#2624=PLANE('',#2912);
#2625=PLANE('',#2913);
#2626=PLANE('',#2914);
#2627=PLANE('',#2915);
#2628=PLANE('',#2916);
#2629=PLANE('',#2917);
#2630=PLANE('',#2918);
#2631=PLANE('',#2919);
#2632=PLANE('',#2920);
#2633=PLANE('',#2921);
#2634=PLANE('',#2922);
#2635=PLANE('',#2923);
#2636=PLANE('',#2924);
#2637=PLANE('',#2927);
#2638=PLANE('',#2952);
#2639=PLANE('',#2953);
#2640=PLANE('',#2954);
#2641=PLANE('',#2956);
#2642=PLANE('',#2958);
#2643=PLANE('',#2960);
#2644=PLANE('',#2962);
#2645=PLANE('',#2964);
#2646=PLANE('',#2966);
#2647=PLANE('',#2967);
#2648=PLANE('',#2968);
#2649=PLANE('',#2969);
#2650=PLANE('',#2970);
#2651=PLANE('',#2971);
#2652=PLANE('',#2972);
#2653=PLANE('',#2973);
#2654=PLANE('',#2974);
#2655=PLANE('',#2975);
#2656=PLANE('',#2976);
#2657=PLANE('',#2977);
#2658=PLANE('',#2978);
#2659=PLANE('',#2979);
#2660=PLANE('',#2980);
#2661=PLANE('',#2981);
#2662=PLANE('',#2982);
#2663=PLANE('',#2983);
#2664=PLANE('',#2984);
#2665=PLANE('',#2985);
#2666=PLANE('',#2986);
#2667=PLANE('',#2987);
#2668=PLANE('',#2988);
#2669=PLANE('',#2989);
#2670=PLANE('',#2990);
#2671=PLANE('',#2991);
#2672=PLANE('',#2992);
#2673=PLANE('',#2993);
#2674=PLANE('',#2994);
#2675=PLANE('',#2995);
#2676=PLANE('',#2996);
#2677=PLANE('',#2997);
#2678=PLANE('',#2998);
#2679=PLANE('',#3000);
#2680=PLANE('',#3001);
#2681=PLANE('',#3002);
#2682=PLANE('',#3004);
#2683=PLANE('',#3006);
#2684=PLANE('',#3007);
#2685=PLANE('',#3008);
#2686=PLANE('',#3010);
#2687=PLANE('',#3012);
#2688=PLANE('',#3013);
#2689=PLANE('',#3014);
#2690=PLANE('',#3015);
#2691=PLANE('',#3018);
#2692=PLANE('',#3019);
#2693=PLANE('',#3021);
#2694=PLANE('',#3022);
#2695=PLANE('',#3023);
#2696=PLANE('',#3025);
#2697=PLANE('',#3027);
#2698=PLANE('',#3028);
#2699=PLANE('',#3029);
#2700=PLANE('',#3031);
#2701=PLANE('',#3033);
#2702=PLANE('',#3034);
#2703=PLANE('',#3035);
#2704=PLANE('',#3037);
#2705=PLANE('',#3038);
#2706=PLANE('',#3039);
#2707=PLANE('',#3040);
#2708=PLANE('',#3041);
#2709=PLANE('',#3042);
#2710=PLANE('',#3047);
#2711=PLANE('',#3054);
#2712=PLANE('',#3056);
#2713=PLANE('',#3058);
#2714=PLANE('',#3060);
#2715=PLANE('',#3061);
#2716=PLANE('',#3062);
#2717=PLANE('',#3063);
#2718=PLANE('',#3064);
#2719=PLANE('',#3066);
#2720=PLANE('',#3068);
#2721=PLANE('',#3070);
#2722=PLANE('',#3072);
#2723=ADVANCED_FACE('',(#84,#45,#46,#47,#48,#49,#50,#51,#52,#53,#54),#2613,
 .F.);
#2724=ADVANCED_FACE('',(#85),#15,.T.);
#2725=ADVANCED_FACE('',(#86),#2614,.T.);
#2726=ADVANCED_FACE('',(#87),#2615,.T.);
#2727=ADVANCED_FACE('',(#88),#2616,.T.);
#2728=ADVANCED_FACE('',(#89),#2617,.T.);
#2729=ADVANCED_FACE('',(#90),#2618,.T.);
#2730=ADVANCED_FACE('',(#91),#2619,.T.);
#2731=ADVANCED_FACE('',(#92),#2620,.F.);
#2732=ADVANCED_FACE('',(#93),#2621,.F.);
#2733=ADVANCED_FACE('',(#94),#2622,.T.);
#2734=ADVANCED_FACE('',(#95),#2623,.T.);
#2735=ADVANCED_FACE('',(#96),#2624,.T.);
#2736=ADVANCED_FACE('',(#97),#2625,.T.);
#2737=ADVANCED_FACE('',(#98),#2626,.T.);
#2738=ADVANCED_FACE('',(#99),#2627,.T.);
#2739=ADVANCED_FACE('',(#100),#2628,.T.);
#2740=ADVANCED_FACE('',(#101),#2629,.T.);
#2741=ADVANCED_FACE('',(#102),#2630,.T.);
#2742=ADVANCED_FACE('',(#103),#2631,.T.);
#2743=ADVANCED_FACE('',(#104),#2632,.T.);
#2744=ADVANCED_FACE('',(#105),#2633,.T.);
#2745=ADVANCED_FACE('',(#106),#2634,.F.);
#2746=ADVANCED_FACE('',(#107),#2635,.T.);
#2747=ADVANCED_FACE('',(#108),#2636,.T.);
#2748=ADVANCED_FACE('',(#109),#16,.F.);
#2749=ADVANCED_FACE('',(#110,#55,#56,#57,#58,#59,#60,#61,#62,#63,#64,#65,
#66,#67,#68,#69,#70,#71,#72,#73,#74),#2637,.F.);
#2750=ADVANCED_FACE('',(#111),#2638,.F.);
#2751=ADVANCED_FACE('',(#112),#2639,.T.);
#2752=ADVANCED_FACE('',(#113),#2640,.T.);
#2753=ADVANCED_FACE('',(#114),#17,.F.);
#2754=ADVANCED_FACE('',(#115),#2641,.F.);
#2755=ADVANCED_FACE('',(#116),#18,.F.);
#2756=ADVANCED_FACE('',(#117),#2642,.F.);
#2757=ADVANCED_FACE('',(#118),#19,.F.);
#2758=ADVANCED_FACE('',(#119),#2643,.F.);
#2759=ADVANCED_FACE('',(#120),#20,.F.);
#2760=ADVANCED_FACE('',(#121),#2644,.T.);
#2761=ADVANCED_FACE('',(#122),#21,.F.);
#2762=ADVANCED_FACE('',(#123),#2645,.F.);
#2763=ADVANCED_FACE('',(#124),#22,.F.);
#2764=ADVANCED_FACE('',(#125),#2646,.F.);
#2765=ADVANCED_FACE('',(#126),#2647,.T.);
#2766=ADVANCED_FACE('',(#127),#2648,.T.);
#2767=ADVANCED_FACE('',(#128),#2649,.F.);
#2768=ADVANCED_FACE('',(#129),#2650,.F.);
#2769=ADVANCED_FACE('',(#130),#2651,.T.);
#2770=ADVANCED_FACE('',(#131),#2652,.T.);
#2771=ADVANCED_FACE('',(#132),#2653,.F.);
#2772=ADVANCED_FACE('',(#133),#2654,.T.);
#2773=ADVANCED_FACE('',(#134),#2655,.F.);
#2774=ADVANCED_FACE('',(#135),#2656,.T.);
#2775=ADVANCED_FACE('',(#136),#2657,.T.);
#2776=ADVANCED_FACE('',(#137),#2658,.F.);
#2777=ADVANCED_FACE('',(#138),#2659,.F.);
#2778=ADVANCED_FACE('',(#139),#2660,.T.);
#2779=ADVANCED_FACE('',(#140),#2661,.T.);
#2780=ADVANCED_FACE('',(#141),#2662,.T.);
#2781=ADVANCED_FACE('',(#142),#2663,.F.);
#2782=ADVANCED_FACE('',(#143),#2664,.F.);
#2783=ADVANCED_FACE('',(#144),#2665,.F.);
#2784=ADVANCED_FACE('',(#145),#2666,.T.);
#2785=ADVANCED_FACE('',(#146),#2667,.F.);
#2786=ADVANCED_FACE('',(#147),#2668,.T.);
#2787=ADVANCED_FACE('',(#148),#2669,.F.);
#2788=ADVANCED_FACE('',(#149),#2670,.F.);
#2789=ADVANCED_FACE('',(#150),#2671,.F.);
#2790=ADVANCED_FACE('',(#151),#2672,.F.);
#2791=ADVANCED_FACE('',(#152),#2673,.F.);
#2792=ADVANCED_FACE('',(#153),#2674,.T.);
#2793=ADVANCED_FACE('',(#154),#2675,.T.);
#2794=ADVANCED_FACE('',(#155),#2676,.F.);
#2795=ADVANCED_FACE('',(#156),#2677,.F.);
#2796=ADVANCED_FACE('',(#157),#2678,.F.);
#2797=ADVANCED_FACE('',(#158),#23,.F.);
#2798=ADVANCED_FACE('',(#159),#2679,.T.);
#2799=ADVANCED_FACE('',(#160),#2680,.F.);
#2800=ADVANCED_FACE('',(#161),#2681,.F.);
#2801=ADVANCED_FACE('',(#162),#24,.F.);
#2802=ADVANCED_FACE('',(#163),#2682,.T.);
#2803=ADVANCED_FACE('',(#164),#25,.F.);
#2804=ADVANCED_FACE('',(#165),#2683,.T.);
#2805=ADVANCED_FACE('',(#166),#2684,.F.);
#2806=ADVANCED_FACE('',(#167),#2685,.F.);
#2807=ADVANCED_FACE('',(#168),#26,.F.);
#2808=ADVANCED_FACE('',(#169),#2686,.T.);
#2809=ADVANCED_FACE('',(#170),#27,.F.);
#2810=ADVANCED_FACE('',(#171),#2687,.T.);
#2811=ADVANCED_FACE('',(#172),#2688,.F.);
#2812=ADVANCED_FACE('',(#173),#2689,.F.);
#2813=ADVANCED_FACE('',(#174),#2690,.T.);
#2814=ADVANCED_FACE('',(#175),#28,.F.);
#2815=ADVANCED_FACE('',(#176),#29,.F.);
#2816=ADVANCED_FACE('',(#177),#2691,.T.);
#2817=ADVANCED_FACE('',(#178),#2692,.F.);
#2818=ADVANCED_FACE('',(#179),#30,.F.);
#2819=ADVANCED_FACE('',(#180),#2693,.F.);
#2820=ADVANCED_FACE('',(#181),#2694,.T.);
#2821=ADVANCED_FACE('',(#182),#2695,.T.);
#2822=ADVANCED_FACE('',(#183),#31,.F.);
#2823=ADVANCED_FACE('',(#184),#2696,.F.);
#2824=ADVANCED_FACE('',(#185),#32,.F.);
#2825=ADVANCED_FACE('',(#186),#2697,.F.);
#2826=ADVANCED_FACE('',(#187),#2698,.T.);
#2827=ADVANCED_FACE('',(#188),#2699,.T.);
#2828=ADVANCED_FACE('',(#189),#33,.F.);
#2829=ADVANCED_FACE('',(#190),#2700,.F.);
#2830=ADVANCED_FACE('',(#191),#34,.F.);
#2831=ADVANCED_FACE('',(#192),#2701,.F.);
#2832=ADVANCED_FACE('',(#193),#2702,.T.);
#2833=ADVANCED_FACE('',(#194),#2703,.T.);
#2834=ADVANCED_FACE('',(#195),#35,.F.);
#2835=ADVANCED_FACE('',(#196),#2704,.F.);
#2836=ADVANCED_FACE('',(#197),#2705,.F.);
#2837=ADVANCED_FACE('',(#198),#2706,.T.);
#2838=ADVANCED_FACE('',(#199),#2707,.T.);
#2839=ADVANCED_FACE('',(#200),#2708,.F.);
#2840=ADVANCED_FACE('',(#201),#2709,.T.);
#2841=ADVANCED_FACE('',(#202),#36,.F.);
#2842=ADVANCED_FACE('',(#203),#37,.F.);
#2843=ADVANCED_FACE('',(#204),#2710,.T.);
#2844=ADVANCED_FACE('',(#205),#38,.F.);
#2845=ADVANCED_FACE('',(#206),#39,.F.);
#2846=ADVANCED_FACE('',(#207),#40,.F.);
#2847=ADVANCED_FACE('',(#208,#75),#2711,.T.);
#2848=ADVANCED_FACE('',(#209,#76),#2712,.T.);
#2849=ADVANCED_FACE('',(#210,#77),#2713,.T.);
#2850=ADVANCED_FACE('',(#211),#2714,.T.);
#2851=ADVANCED_FACE('',(#212,#78),#2715,.T.);
#2852=ADVANCED_FACE('',(#213),#2716,.T.);
#2853=ADVANCED_FACE('',(#214),#2717,.T.);
#2854=ADVANCED_FACE('',(#215,#79),#2718,.F.);
#2855=ADVANCED_FACE('',(#216,#80),#2719,.T.);
#2856=ADVANCED_FACE('',(#217,#81),#2720,.T.);
#2857=ADVANCED_FACE('',(#218,#82),#2721,.F.);
#2858=ADVANCED_FACE('',(#219,#83),#2722,.F.);
#2859=ADVANCED_FACE('',(#220),#41,.F.);
#2860=ADVANCED_FACE('',(#221),#42,.F.);
#2861=ADVANCED_FACE('',(#222),#43,.F.);
#2862=ADVANCED_FACE('',(#223),#44,.F.);
#2863=CLOSED_SHELL('',(#2723,#2724,#2725,#2726,#2727,#2728,#2729,#2730,
#2731,#2732,#2733,#2734,#2735,#2736,#2737,#2738,#2739,#2740,#2741,#2742,
#2743,#2744,#2745,#2746,#2747,#2748,#2749,#2750,#2751,#2752,#2753,#2754,
#2755,#2756,#2757,#2758,#2759,#2760,#2761,#2762,#2763,#2764,#2765,#2766,
#2767,#2768,#2769,#2770,#2771,#2772,#2773,#2774,#2775,#2776,#2777,#2778,
#2779,#2780,#2781,#2782,#2783,#2784,#2785,#2786,#2787,#2788,#2789,#2790,
#2791,#2792,#2793,#2794,#2795,#2796,#2797,#2798,#2799,#2800,#2801,#2802,
#2803,#2804,#2805,#2806,#2807,#2808,#2809,#2810,#2811,#2812,#2813,#2814,
#2815,#2816,#2817,#2818,#2819,#2820,#2821,#2822,#2823,#2824,#2825,#2826,
#2827,#2828,#2829,#2830,#2831,#2832,#2833,#2834,#2835,#2836,#2837,#2838,
#2839,#2840,#2841,#2842,#2843,#2844,#2845,#2846,#2847,#2848,#2849,#2850,
#2851,#2852,#2853,#2854,#2855,#2856,#2857,#2858,#2859,#2860,#2861,#2862));
#2864=DERIVED_UNIT_ELEMENT(#2866,1.);
#2865=DERIVED_UNIT_ELEMENT(#4635,-3.);
#2866=(
MASS_UNIT()
NAMED_UNIT(*)
SI_UNIT(.KILO.,.GRAM.)
);
#2867=DERIVED_UNIT((#2864,#2865));
#2868=MEASURE_REPRESENTATION_ITEM('density measure',
POSITIVE_RATIO_MEASURE(7850.),#2867);
#2869=PROPERTY_DEFINITION_REPRESENTATION(#2874,#2871);
#2870=PROPERTY_DEFINITION_REPRESENTATION(#2875,#2872);
#2871=REPRESENTATION('material name',(#2873),#4632);
#2872=REPRESENTATION('density',(#2868),#4632);
#2873=DESCRIPTIVE_REPRESENTATION_ITEM('Steel','Steel');
#2874=PROPERTY_DEFINITION('material property','material name',#4642);
#2875=PROPERTY_DEFINITION('material property','density of part',#4642);
#2876=AXIS2_PLACEMENT_3D('',#3822,#3078,#3079);
#2877=AXIS2_PLACEMENT_3D('',#3823,#3080,#3081);
#2878=AXIS2_PLACEMENT_3D('',#3878,#3108,#3109);
#2879=AXIS2_PLACEMENT_3D('',#3882,#3111,#3112);
#2880=AXIS2_PLACEMENT_3D('',#3894,#3118,#3119);
#2881=AXIS2_PLACEMENT_3D('',#3898,#3121,#3122);
#2882=AXIS2_PLACEMENT_3D('',#3910,#3128,#3129);
#2883=AXIS2_PLACEMENT_3D('',#3914,#3131,#3132);
#2884=AXIS2_PLACEMENT_3D('',#3950,#3150,#3151);
#2885=AXIS2_PLACEMENT_3D('',#3954,#3153,#3154);
#2886=AXIS2_PLACEMENT_3D('',#3962,#3158,#3159);
#2887=AXIS2_PLACEMENT_3D('',#3965,#3161,#3162);
#2888=AXIS2_PLACEMENT_3D('',#3972,#3165,#3166);
#2889=AXIS2_PLACEMENT_3D('',#3980,#3170,#3171);
#2890=AXIS2_PLACEMENT_3D('',#3984,#3173,#3174);
#2891=AXIS2_PLACEMENT_3D('',#3992,#3178,#3179);
#2892=AXIS2_PLACEMENT_3D('',#3996,#3181,#3182);
#2893=AXIS2_PLACEMENT_3D('',#4004,#3186,#3187);
#2894=AXIS2_PLACEMENT_3D('',#4011,#3191,#3192);
#2895=AXIS2_PLACEMENT_3D('',#4014,#3193,#3194);
#2896=AXIS2_PLACEMENT_3D('',#4024,#3199,#3200);
#2897=AXIS2_PLACEMENT_3D('',#4032,#3204,#3205);
#2898=AXIS2_PLACEMENT_3D('',#4034,#3207,#3208);
#2899=AXIS2_PLACEMENT_3D('',#4036,#3209,#3210);
#2900=AXIS2_PLACEMENT_3D('',#4039,#3212,#3213);
#2901=AXIS2_PLACEMENT_3D('',#4040,#3214,#3215);
#2902=AXIS2_PLACEMENT_3D('',#4041,#3216,#3217);
#2903=AXIS2_PLACEMENT_3D('',#4043,#3218,#3219);
#2904=AXIS2_PLACEMENT_3D('',#4044,#3220,#3221);
#2905=AXIS2_PLACEMENT_3D('',#4050,#3225,#3226);
#2906=AXIS2_PLACEMENT_3D('',#4058,#3231,#3232);
#2907=AXIS2_PLACEMENT_3D('',#4065,#3236,#3237);
#2908=AXIS2_PLACEMENT_3D('',#4074,#3243,#3244);
#2909=AXIS2_PLACEMENT_3D('',#4079,#3248,#3249);
#2910=AXIS2_PLACEMENT_3D('',#4089,#3256,#3257);
#2911=AXIS2_PLACEMENT_3D('',#4093,#3260,#3261);
#2912=AXIS2_PLACEMENT_3D('',#4097,#3264,#3265);
#2913=AXIS2_PLACEMENT_3D('',#4103,#3269,#3270);
#2914=AXIS2_PLACEMENT_3D('',#4107,#3273,#3274);
#2915=AXIS2_PLACEMENT_3D('',#4111,#3277,#3278);
#2916=AXIS2_PLACEMENT_3D('',#4116,#3282,#3283);
#2917=AXIS2_PLACEMENT_3D('',#4126,#3289,#3290);
#2918=AXIS2_PLACEMENT_3D('',#4132,#3294,#3295);
#2919=AXIS2_PLACEMENT_3D('',#4136,#3298,#3299);
#2920=AXIS2_PLACEMENT_3D('',#4140,#3302,#3303);
#2921=AXIS2_PLACEMENT_3D('',#4144,#3306,#3307);
#2922=AXIS2_PLACEMENT_3D('',#4148,#3310,#3311);
#2923=AXIS2_PLACEMENT_3D('',#4154,#3315,#3316);
#2924=AXIS2_PLACEMENT_3D('',#4160,#3320,#3321);
#2925=AXIS2_PLACEMENT_3D('',#4164,#3324,#3325);
#2926=AXIS2_PLACEMENT_3D('',#4167,#3327,#3328);
#2927=AXIS2_PLACEMENT_3D('',#4168,#3329,#3330);
#2928=AXIS2_PLACEMENT_3D('',#4212,#3353,#3354);
#2929=AXIS2_PLACEMENT_3D('',#4214,#3355,#3356);
#2930=AXIS2_PLACEMENT_3D('',#4223,#3360,#3361);
#2931=AXIS2_PLACEMENT_3D('',#4231,#3365,#3366);
#2932=AXIS2_PLACEMENT_3D('',#4235,#3368,#3369);
#2933=AXIS2_PLACEMENT_3D('',#4243,#3373,#3374);
#2934=AXIS2_PLACEMENT_3D('',#4247,#3376,#3377);
#2935=AXIS2_PLACEMENT_3D('',#4255,#3381,#3382);
#2936=AXIS2_PLACEMENT_3D('',#4260,#3385,#3386);
#2937=AXIS2_PLACEMENT_3D('',#4262,#3387,#3388);
#2938=AXIS2_PLACEMENT_3D('',#4264,#3389,#3390);
#2939=AXIS2_PLACEMENT_3D('',#4268,#3392,#3393);
#2940=AXIS2_PLACEMENT_3D('',#4272,#3395,#3396);
#2941=AXIS2_PLACEMENT_3D('',#4276,#3399,#3400);
#2942=AXIS2_PLACEMENT_3D('',#4279,#3402,#3403);
#2943=AXIS2_PLACEMENT_3D('',#4286,#3406,#3407);
#2944=AXIS2_PLACEMENT_3D('',#4290,#3409,#3410);
#2945=AXIS2_PLACEMENT_3D('',#4301,#3416,#3417);
#2946=AXIS2_PLACEMENT_3D('',#4306,#3419,#3420);
#2947=AXIS2_PLACEMENT_3D('',#4313,#3424,#3425);
#2948=AXIS2_PLACEMENT_3D('',#4318,#3427,#3428);
#2949=AXIS2_PLACEMENT_3D('',#4325,#3432,#3433);
#2950=AXIS2_PLACEMENT_3D('',#4330,#3436,#3437);
#2951=AXIS2_PLACEMENT_3D('',#4332,#3438,#3439);
#2952=AXIS2_PLACEMENT_3D('',#4333,#3440,#3441);
#2953=AXIS2_PLACEMENT_3D('',#4335,#3443,#3444);
#2954=AXIS2_PLACEMENT_3D('',#4338,#3447,#3448);
#2955=AXIS2_PLACEMENT_3D('',#4340,#3450,#3451);
#2956=AXIS2_PLACEMENT_3D('',#4342,#3453,#3454);
#2957=AXIS2_PLACEMENT_3D('',#4344,#3456,#3457);
#2958=AXIS2_PLACEMENT_3D('',#4346,#3459,#3460);
#2959=AXIS2_PLACEMENT_3D('',#4347,#3461,#3462);
#2960=AXIS2_PLACEMENT_3D('',#4349,#3464,#3465);
#2961=AXIS2_PLACEMENT_3D('',#4351,#3467,#3468);
#2962=AXIS2_PLACEMENT_3D('',#4352,#3469,#3470);
#2963=AXIS2_PLACEMENT_3D('',#4354,#3472,#3473);
#2964=AXIS2_PLACEMENT_3D('',#4356,#3475,#3476);
#2965=AXIS2_PLACEMENT_3D('',#4358,#3478,#3479);
#2966=AXIS2_PLACEMENT_3D('',#4360,#3481,#3482);
#2967=AXIS2_PLACEMENT_3D('',#4361,#3483,#3484);
#2968=AXIS2_PLACEMENT_3D('',#4362,#3485,#3486);
#2969=AXIS2_PLACEMENT_3D('',#4364,#3488,#3489);
#2970=AXIS2_PLACEMENT_3D('',#4370,#3493,#3494);
#2971=AXIS2_PLACEMENT_3D('',#4374,#3497,#3498);
#2972=AXIS2_PLACEMENT_3D('',#4378,#3501,#3502);
#2973=AXIS2_PLACEMENT_3D('',#4381,#3505,#3506);
#2974=AXIS2_PLACEMENT_3D('',#4383,#3508,#3509);
#2975=AXIS2_PLACEMENT_3D('',#4385,#3511,#3512);
#2976=AXIS2_PLACEMENT_3D('',#4387,#3514,#3515);
#2977=AXIS2_PLACEMENT_3D('',#4389,#3517,#3518);
#2978=AXIS2_PLACEMENT_3D('',#4390,#3519,#3520);
#2979=AXIS2_PLACEMENT_3D('',#4396,#3524,#3525);
#2980=AXIS2_PLACEMENT_3D('',#4400,#3528,#3529);
#2981=AXIS2_PLACEMENT_3D('',#4409,#3535,#3536);
#2982=AXIS2_PLACEMENT_3D('',#4413,#3539,#3540);
#2983=AXIS2_PLACEMENT_3D('',#4418,#3544,#3545);
#2984=AXIS2_PLACEMENT_3D('',#4427,#3551,#3552);
#2985=AXIS2_PLACEMENT_3D('',#4435,#3557,#3558);
#2986=AXIS2_PLACEMENT_3D('',#4443,#3563,#3564);
#2987=AXIS2_PLACEMENT_3D('',#4447,#3567,#3568);
#2988=AXIS2_PLACEMENT_3D('',#4449,#3570,#3571);
#2989=AXIS2_PLACEMENT_3D('',#4451,#3573,#3574);
#2990=AXIS2_PLACEMENT_3D('',#4453,#3576,#3577);
#2991=AXIS2_PLACEMENT_3D('',#4455,#3579,#3580);
#2992=AXIS2_PLACEMENT_3D('',#4457,#3582,#3583);
#2993=AXIS2_PLACEMENT_3D('',#4459,#3585,#3586);
#2994=AXIS2_PLACEMENT_3D('',#4465,#3590,#3591);
#2995=AXIS2_PLACEMENT_3D('',#4469,#3594,#3595);
#2996=AXIS2_PLACEMENT_3D('',#4473,#3598,#3599);
#2997=AXIS2_PLACEMENT_3D('',#4476,#3602,#3603);
#2998=AXIS2_PLACEMENT_3D('',#4477,#3604,#3605);
#2999=AXIS2_PLACEMENT_3D('',#4478,#3606,#3607);
#3000=AXIS2_PLACEMENT_3D('',#4481,#3610,#3611);
#3001=AXIS2_PLACEMENT_3D('',#4483,#3613,#3614);
#3002=AXIS2_PLACEMENT_3D('',#4485,#3616,#3617);
#3003=AXIS2_PLACEMENT_3D('',#4487,#3619,#3620);
#3004=AXIS2_PLACEMENT_3D('',#4489,#3622,#3623);
#3005=AXIS2_PLACEMENT_3D('',#4490,#3624,#3625);
#3006=AXIS2_PLACEMENT_3D('',#4493,#3628,#3629);
#3007=AXIS2_PLACEMENT_3D('',#4495,#3631,#3632);
#3008=AXIS2_PLACEMENT_3D('',#4497,#3634,#3635);
#3009=AXIS2_PLACEMENT_3D('',#4499,#3637,#3638);
#3010=AXIS2_PLACEMENT_3D('',#4501,#3640,#3641);
#3011=AXIS2_PLACEMENT_3D('',#4502,#3642,#3643);
#3012=AXIS2_PLACEMENT_3D('',#4505,#3646,#3647);
#3013=AXIS2_PLACEMENT_3D('',#4507,#3649,#3650);
#3014=AXIS2_PLACEMENT_3D('',#4509,#3652,#3653);
#3015=AXIS2_PLACEMENT_3D('',#4511,#3655,#3656);
#3016=AXIS2_PLACEMENT_3D('',#4512,#3657,#3658);
#3017=AXIS2_PLACEMENT_3D('',#4514,#3660,#3661);
#3018=AXIS2_PLACEMENT_3D('',#4516,#3663,#3664);
#3019=AXIS2_PLACEMENT_3D('',#4519,#3667,#3668);
#3020=AXIS2_PLACEMENT_3D('',#4521,#3670,#3671);
#3021=AXIS2_PLACEMENT_3D('',#4523,#3673,#3674);
#3022=AXIS2_PLACEMENT_3D('',#4525,#3676,#3677);
#3023=AXIS2_PLACEMENT_3D('',#4526,#3678,#3679);
#3024=AXIS2_PLACEMENT_3D('',#4529,#3682,#3683);
#3025=AXIS2_PLACEMENT_3D('',#4531,#3685,#3686);
#3026=AXIS2_PLACEMENT_3D('',#4533,#3688,#3689);
#3027=AXIS2_PLACEMENT_3D('',#4535,#3691,#3692);
#3028=AXIS2_PLACEMENT_3D('',#4537,#3694,#3695);
#3029=AXIS2_PLACEMENT_3D('',#4538,#3696,#3697);
#3030=AXIS2_PLACEMENT_3D('',#4541,#3700,#3701);
#3031=AXIS2_PLACEMENT_3D('',#4543,#3703,#3704);
#3032=AXIS2_PLACEMENT_3D('',#4545,#3706,#3707);
#3033=AXIS2_PLACEMENT_3D('',#4547,#3709,#3710);
#3034=AXIS2_PLACEMENT_3D('',#4549,#3712,#3713);
#3035=AXIS2_PLACEMENT_3D('',#4550,#3714,#3715);
#3036=AXIS2_PLACEMENT_3D('',#4553,#3718,#3719);
#3037=AXIS2_PLACEMENT_3D('',#4555,#3721,#3722);
#3038=AXIS2_PLACEMENT_3D('',#4557,#3724,#3725);
#3039=AXIS2_PLACEMENT_3D('',#4559,#3727,#3728);
#3040=AXIS2_PLACEMENT_3D('',#4560,#3729,#3730);
#3041=AXIS2_PLACEMENT_3D('',#4562,#3732,#3733);
#3042=AXIS2_PLACEMENT_3D('',#4564,#3735,#3736);
#3043=AXIS2_PLACEMENT_3D('',#4566,#3738,#3739);
#3044=AXIS2_PLACEMENT_3D('',#4569,#3741,#3742);
#3045=AXIS2_PLACEMENT_3D('',#4570,#3743,#3744);
#3046=AXIS2_PLACEMENT_3D('',#4573,#3746,#3747);
#3047=AXIS2_PLACEMENT_3D('',#4574,#3748,#3749);
#3048=AXIS2_PLACEMENT_3D('',#4575,#3750,#3751);
#3049=AXIS2_PLACEMENT_3D('',#4577,#3752,#3753);
#3050=AXIS2_PLACEMENT_3D('',#4579,#3755,#3756);
#3051=AXIS2_PLACEMENT_3D('',#4582,#3758,#3759);
#3052=AXIS2_PLACEMENT_3D('',#4583,#3760,#3761);
#3053=AXIS2_PLACEMENT_3D('',#4586,#3763,#3764);
#3054=AXIS2_PLACEMENT_3D('',#4587,#3765,#3766);
#3055=AXIS2_PLACEMENT_3D('',#4589,#3767,#3768);
#3056=AXIS2_PLACEMENT_3D('',#4590,#3769,#3770);
#3057=AXIS2_PLACEMENT_3D('',#4592,#3771,#3772);
#3058=AXIS2_PLACEMENT_3D('',#4593,#3773,#3774);
#3059=AXIS2_PLACEMENT_3D('',#4595,#3775,#3776);
#3060=AXIS2_PLACEMENT_3D('',#4596,#3777,#3778);
#3061=AXIS2_PLACEMENT_3D('',#4600,#3781,#3782);
#3062=AXIS2_PLACEMENT_3D('',#4604,#3785,#3786);
#3063=AXIS2_PLACEMENT_3D('',#4606,#3788,#3789);
#3064=AXIS2_PLACEMENT_3D('',#4607,#3790,#3791);
#3065=AXIS2_PLACEMENT_3D('',#4609,#3792,#3793);
#3066=AXIS2_PLACEMENT_3D('',#4610,#3794,#3795);
#3067=AXIS2_PLACEMENT_3D('',#4612,#3796,#3797);
#3068=AXIS2_PLACEMENT_3D('',#4613,#3798,#3799);
#3069=AXIS2_PLACEMENT_3D('',#4615,#3800,#3801);
#3070=AXIS2_PLACEMENT_3D('',#4616,#3802,#3803);
#3071=AXIS2_PLACEMENT_3D('',#4618,#3804,#3805);
#3072=AXIS2_PLACEMENT_3D('',#4619,#3806,#3807);
#3073=AXIS2_PLACEMENT_3D('',#4621,#3808,#3809);
#3074=AXIS2_PLACEMENT_3D('',#4622,#3810,#3811);
#3075=AXIS2_PLACEMENT_3D('',#4624,#3813,#3814);
#3076=AXIS2_PLACEMENT_3D('',#4626,#3816,#3817);
#3077=AXIS2_PLACEMENT_3D('',#4628,#3819,#3820);
#3078=DIRECTION('axis',(0.,0.,1.));
#3079=DIRECTION('refdir',(1.,0.,0.));
#3080=DIRECTION('center_axis',(4.36400967821035E-75,1.16753055310142E-18,
-1.));
#3081=DIRECTION('ref_axis',(-5.09511463334084E-93,1.,1.16753055310143E-18));
#3082=DIRECTION('',(-1.,0.,-4.36400967821035E-75));
#3083=DIRECTION('',(-5.09511463334084E-93,1.,1.16753055310143E-18));
#3084=DIRECTION('',(-1.,0.,-4.36400967821035E-75));
#3085=DIRECTION('',(5.09511463334084E-93,-1.,-1.16753055310143E-18));
#3086=DIRECTION('',(1.,0.,4.36400967821035E-75));
#3087=DIRECTION('',(6.37773419668897E-8,0.999999999999998,1.16753055310143E-18));
#3088=DIRECTION('',(1.,0.,4.36400967821035E-75));
#3089=DIRECTION('',(-5.09511463334084E-93,1.,1.16753055310143E-18));
#3090=DIRECTION('',(1.,0.,4.36400967821035E-75));
#3091=DIRECTION('',(-1.,0.,-4.36400967821035E-75));
#3092=DIRECTION('',(5.09511463334084E-93,-1.,-1.16753055310143E-18));
#3093=DIRECTION('',(1.,0.,4.36400967821035E-75));
#3094=DIRECTION('',(5.09511463334084E-93,-1.,-1.16753055310143E-18));
#3095=DIRECTION('',(1.,0.,4.36400967821035E-75));
#3096=DIRECTION('',(-5.09511463334084E-93,1.,1.16753055310143E-18));
#3097=DIRECTION('',(1.,0.,4.36400967821035E-75));
#3098=DIRECTION('',(5.09511463334084E-93,-1.,-1.16753055310143E-18));
#3099=DIRECTION('',(1.,0.,4.36400967821035E-75));
#3100=DIRECTION('',(-5.09511463334084E-93,1.,1.16753055310143E-18));
#3101=DIRECTION('',(1.,0.,4.36400967821035E-75));
#3102=DIRECTION('',(-5.09511463334084E-93,1.,1.16753055310143E-18));
#3103=DIRECTION('',(-1.,0.,-4.36400967821035E-75));
#3104=DIRECTION('',(5.09511463334084E-93,-1.,-1.16753055310143E-18));
#3105=DIRECTION('',(1.,0.,4.36400967821035E-75));
#3106=DIRECTION('',(-5.09511463334084E-93,1.,1.16753055310143E-18));
#3107=DIRECTION('',(-1.,0.,-4.36400967821035E-75));
#3108=DIRECTION('center_axis',(4.36400967821035E-75,1.16753055310142E-18,
-1.));
#3109=DIRECTION('ref_axis',(-5.09511463334098E-93,1.,1.16753055310144E-18));
#3110=DIRECTION('',(5.09511463334084E-93,-1.,-1.16753055310143E-18));
#3111=DIRECTION('center_axis',(4.36400967821035E-75,1.16753055310142E-18,
-1.));
#3112=DIRECTION('ref_axis',(5.09511463334098E-93,-1.,-1.16753055310144E-18));
#3113=DIRECTION('',(1.,0.,4.36400967821035E-75));
#3114=DIRECTION('',(1.,0.,4.36400967821035E-75));
#3115=DIRECTION('',(5.09511463334084E-93,-1.,-1.16753055310143E-18));
#3116=DIRECTION('',(-1.,0.,-4.36400967821035E-75));
#3117=DIRECTION('',(-1.,0.,-4.36400967821035E-75));
#3118=DIRECTION('center_axis',(4.36400967821035E-75,1.16753055310142E-18,
-1.));
#3119=DIRECTION('ref_axis',(-5.09511463334098E-93,1.,1.16753055310144E-18));
#3120=DIRECTION('',(5.09511463334084E-93,-1.,-1.16753055310143E-18));
#3121=DIRECTION('center_axis',(4.36400967821035E-75,1.16753055310142E-18,
-1.));
#3122=DIRECTION('ref_axis',(5.09511463334098E-93,-1.,-1.16753055310144E-18));
#3123=DIRECTION('',(1.,0.,4.36400967821035E-75));
#3124=DIRECTION('',(1.,0.,4.36400967821035E-75));
#3125=DIRECTION('',(5.09511463334084E-93,-1.,-1.16753055310143E-18));
#3126=DIRECTION('',(5.09511463334084E-93,-1.,-1.16753055310143E-18));
#3127=DIRECTION('',(1.,0.,4.36400967821035E-75));
#3128=DIRECTION('center_axis',(4.36400967821035E-75,1.16753055310142E-18,
-1.));
#3129=DIRECTION('ref_axis',(-5.09511463334098E-93,1.,1.16753055310144E-18));
#3130=DIRECTION('',(5.09511463334084E-93,-1.,-1.16753055310143E-18));
#3131=DIRECTION('center_axis',(4.36400967821035E-75,1.16753055310142E-18,
-1.));
#3132=DIRECTION('ref_axis',(5.09511463334098E-93,-1.,-1.16753055310144E-18));
#3133=DIRECTION('',(-1.,0.,-4.36400967821035E-75));
#3134=DIRECTION('',(-5.09511463334084E-93,1.,1.16753055310143E-18));
#3135=DIRECTION('',(-1.,0.,-4.36400967821035E-75));
#3136=DIRECTION('',(5.09511463334084E-93,-1.,-1.16753055310143E-18));
#3137=DIRECTION('',(1.,0.,4.36400967821035E-75));
#3138=DIRECTION('',(-5.09511463334084E-93,1.,1.16753055310143E-18));
#3139=DIRECTION('',(-1.,0.,-4.36400967821035E-75));
#3140=DIRECTION('',(-5.09511463334084E-93,1.,1.16753055310143E-18));
#3141=DIRECTION('',(-1.,0.,-4.36400967821035E-75));
#3142=DIRECTION('',(-5.09511463334084E-93,1.,1.16753055310143E-18));
#3143=DIRECTION('',(-1.,0.,-4.36400967821035E-75));
#3144=DIRECTION('',(-5.09511463334084E-93,1.,1.16753055310143E-18));
#3145=DIRECTION('',(-1.,0.,-4.36400967821035E-75));
#3146=DIRECTION('',(5.09511463334084E-93,-1.,-1.16753055310143E-18));
#3147=DIRECTION('',(1.,0.,4.36400967821035E-75));
#3148=DIRECTION('',(-5.09511463334084E-93,1.,1.16753055310143E-18));
#3149=DIRECTION('',(-1.,0.,-4.36400967821035E-75));
#3150=DIRECTION('center_axis',(4.36400967821035E-75,1.16753055310142E-18,
-1.));
#3151=DIRECTION('ref_axis',(5.09511463334098E-93,-1.,-1.16753055310144E-18));
#3152=DIRECTION('',(-5.09511463334084E-93,1.,1.16753055310143E-18));
#3153=DIRECTION('center_axis',(4.36400967821035E-75,1.16753055310142E-18,
-1.));
#3154=DIRECTION('ref_axis',(-5.09511463334098E-93,1.,1.16753055310144E-18));
#3155=DIRECTION('',(1.,0.,4.36400967821035E-75));
#3156=DIRECTION('',(-5.09511463334084E-93,1.,1.16753055310143E-18));
#3157=DIRECTION('',(-1.,0.,-4.36400967821035E-75));
#3158=DIRECTION('center_axis',(4.36400967821035E-75,1.16753055310142E-18,
-1.));
#3159=DIRECTION('ref_axis',(5.09511463334098E-93,-1.,-1.16753055310144E-18));
#3160=DIRECTION('',(-5.09511463334084E-93,1.,1.16753055310143E-18));
#3161=DIRECTION('center_axis',(4.36400967821035E-75,1.16753055310142E-18,
-1.));
#3162=DIRECTION('ref_axis',(1.92246561939308E-106,1.,0.));
#3163=DIRECTION('',(1.,0.,4.36400967821035E-75));
#3164=DIRECTION('',(5.09511463334084E-93,-1.,-1.16753055310143E-18));
#3165=DIRECTION('center_axis',(4.36400967821035E-75,1.16753055310142E-18,
-1.));
#3166=DIRECTION('ref_axis',(1.,0.,4.36400967821035E-75));
#3167=DIRECTION('',(-1.,0.,-4.36400967821035E-75));
#3168=DIRECTION('',(5.09511463334084E-93,-1.,-1.16753055310143E-18));
#3169=DIRECTION('',(1.,0.,4.36400967821035E-75));
#3170=DIRECTION('center_axis',(4.36400967821035E-75,1.16753055310142E-18,
-1.));
#3171=DIRECTION('ref_axis',(-5.09511463334098E-93,1.,1.16753055310144E-18));
#3172=DIRECTION('',(5.09511463334084E-93,-1.,-1.16753055310143E-18));
#3173=DIRECTION('center_axis',(4.36400967821035E-75,1.16753055310142E-18,
-1.));
#3174=DIRECTION('ref_axis',(1.,0.,4.36400967821035E-75));
#3175=DIRECTION('',(-1.,0.,-4.36400967821035E-75));
#3176=DIRECTION('',(5.09511463334084E-93,-1.,-1.16753055310143E-18));
#3177=DIRECTION('',(1.,0.,4.36400967821035E-75));
#3178=DIRECTION('center_axis',(4.36400967821035E-75,1.16753055310142E-18,
-1.));
#3179=DIRECTION('ref_axis',(-5.09511463334098E-93,1.,1.16753055310144E-18));
#3180=DIRECTION('',(5.09511463334084E-93,-1.,-1.16753055310143E-18));
#3181=DIRECTION('center_axis',(4.36400967821035E-75,1.16753055310142E-18,
-1.));
#3182=DIRECTION('ref_axis',(1.,0.,4.36400967821035E-75));
#3183=DIRECTION('',(-1.,0.,-4.36400967821035E-75));
#3184=DIRECTION('',(5.09511463334084E-93,-1.,-1.16753055310143E-18));
#3185=DIRECTION('',(1.,0.,4.36400967821035E-75));
#3186=DIRECTION('center_axis',(4.36400967821035E-75,1.16753055310142E-18,
-1.));
#3187=DIRECTION('ref_axis',(-5.09511463334098E-93,1.,1.16753055310144E-18));
#3188=DIRECTION('',(5.09511463334084E-93,-1.,-1.16753055310143E-18));
#3189=DIRECTION('',(-1.,0.,-4.36400967821035E-75));
#3190=DIRECTION('',(-5.09511463334084E-93,1.,1.16753055310143E-18));
#3191=DIRECTION('center_axis',(4.36400967821035E-75,1.16753055310142E-18,
-1.));
#3192=DIRECTION('ref_axis',(-5.09511463258769E-93,1.,1.16753055292882E-18));
#3193=DIRECTION('center_axis',(4.36400967821035E-75,1.16753055310142E-18,
-1.));
#3194=DIRECTION('ref_axis',(-5.09511463334098E-93,1.,1.16753055310144E-18));
#3195=DIRECTION('',(1.,0.,4.36400967821035E-75));
#3196=DIRECTION('',(5.09511463334084E-93,-1.,-1.16753055310143E-18));
#3197=DIRECTION('',(-1.,0.,-4.36400967821035E-75));
#3198=DIRECTION('',(-5.09511463334084E-93,1.,1.16753055310143E-18));
#3199=DIRECTION('center_axis',(4.36400967821035E-75,1.16753055310142E-18,
-1.));
#3200=DIRECTION('ref_axis',(-5.09511463334098E-93,1.,1.16753055310144E-18));
#3201=DIRECTION('',(-1.,0.,-4.36400967821035E-75));
#3202=DIRECTION('',(-5.09511463334084E-93,1.,1.16753055310143E-18));
#3203=DIRECTION('',(1.,0.,4.36400967821035E-75));
#3204=DIRECTION('center_axis',(4.36400967821035E-75,1.16753055310142E-18,
-1.));
#3205=DIRECTION('ref_axis',(5.09511463334098E-93,-1.,-1.16753055310144E-18));
#3206=DIRECTION('',(-5.09511463334084E-93,1.,1.16753055310143E-18));
#3207=DIRECTION('center_axis',(0.,0.,-1.));
#3208=DIRECTION('ref_axis',(5.65605663315879E-94,-1.,0.));
#3209=DIRECTION('center_axis',(4.36400967821035E-75,1.16753055310142E-18,
-1.));
#3210=DIRECTION('ref_axis',(5.65605663315879E-94,-1.,-1.29606876478789E-19));
#3211=DIRECTION('',(0.,0.,1.));
#3212=DIRECTION('center_axis',(-4.36400967821035E-75,-1.16753055310142E-18,
1.));
#3213=DIRECTION('ref_axis',(5.65605663315879E-94,-1.,-1.29606876478789E-19));
#3214=DIRECTION('center_axis',(0.,1.16753055310143E-18,-1.));
#3215=DIRECTION('ref_axis',(-5.09511463334084E-93,1.,1.16753055310143E-18));
#3216=DIRECTION('center_axis',(-6.39522899194078E-7,0.,-0.999999999999795));
#3217=DIRECTION('ref_axis',(-0.999999999999795,0.,6.39522899194078E-7));
#3218=DIRECTION('center_axis',(-4.36400967821035E-75,-1.16753055310142E-18,
1.));
#3219=DIRECTION('ref_axis',(5.0951146334042E-93,-1.,-1.16753055311593E-18));
#3220=DIRECTION('center_axis',(5.09511463334085E-93,-1.,-1.16753055310142E-18));
#3221=DIRECTION('ref_axis',(1.,0.,4.36400967821035E-75));
#3222=DIRECTION('',(-4.36400967821035E-75,-1.16753055310143E-18,1.));
#3223=DIRECTION('',(1.,0.,4.36400967821035E-75));
#3224=DIRECTION('',(4.36400967821035E-75,1.16753055310143E-18,-1.));
#3225=DIRECTION('center_axis',(1.,1.69681857453696E-8,4.36400967821035E-75));
#3226=DIRECTION('ref_axis',(-4.36400967821035E-75,-7.40493269575334E-83,
1.));
#3227=DIRECTION('',(-2.6607844256976E-75,-0.79262385435895,0.609710936018998));
#3228=DIRECTION('',(-4.36400967821035E-75,-1.16753055310143E-18,1.));
#3229=DIRECTION('',(0.,0.,1.));
#3230=DIRECTION('',(1.69681857453696E-8,-1.,0.));
#3231=DIRECTION('center_axis',(-1.,-1.69681857453696E-8,0.));
#3232=DIRECTION('ref_axis',(0.,0.,-1.));
#3233=DIRECTION('',(2.6607844256976E-75,0.79262385435895,-0.609710936018998));
#3234=DIRECTION('',(1.69681857453696E-8,-1.,0.));
#3235=DIRECTION('',(0.,0.,1.));
#3236=DIRECTION('center_axis',(1.,0.,4.36400967821035E-75));
#3237=DIRECTION('ref_axis',(-5.09511463334084E-93,1.,1.16753055310143E-18));
#3238=DIRECTION('',(-4.36400967821035E-75,-1.16753055310143E-18,1.));
#3239=DIRECTION('',(-2.6607844256976E-75,-0.79262385435895,0.609710936018998));
#3240=DIRECTION('',(4.36400967821035E-75,1.16753055310143E-18,-1.));
#3241=DIRECTION('',(4.36400967821035E-75,1.16753055310143E-18,-1.));
#3242=DIRECTION('',(5.09511463334084E-93,-1.,-1.16753055310143E-18));
#3243=DIRECTION('center_axis',(1.03456884333423E-8,-0.609710936018998,-0.79262385435895));
#3244=DIRECTION('ref_axis',(1.,1.69681857781536E-8,1.98108753266952E-26));
#3245=DIRECTION('',(-1.,-1.69681857781536E-8,-1.98108753266952E-26));
#3246=DIRECTION('',(2.6607844256976E-75,0.79262385435895,-0.609710936018998));
#3247=DIRECTION('',(-1.,1.52391418355233E-26,-1.30524565674465E-8));
#3248=DIRECTION('center_axis',(1.,0.,4.36400967821035E-75));
#3249=DIRECTION('ref_axis',(-5.09511463334084E-93,1.,1.16753055310143E-18));
#3250=DIRECTION('',(5.09511463334084E-93,-1.,-1.16753055310143E-18));
#3251=DIRECTION('',(0.,0.,1.));
#3252=DIRECTION('',(4.36400967821035E-75,1.16753055310143E-18,-1.));
#3253=DIRECTION('',(-5.09511463334084E-93,1.,1.16753055310143E-18));
#3254=DIRECTION('',(-4.36400967821035E-75,-1.16753055310143E-18,1.));
#3255=DIRECTION('',(4.36400967821035E-75,1.16753055310143E-18,-1.));
#3256=DIRECTION('center_axis',(1.,5.0951146333409E-93,0.));
#3257=DIRECTION('ref_axis',(-5.0951146333409E-93,1.,1.16753055310143E-18));
#3258=DIRECTION('',(0.,0.,1.));
#3259=DIRECTION('',(-5.0951146333409E-93,1.,1.16753055310143E-18));
#3260=DIRECTION('center_axis',(5.09511463334085E-93,-1.,0.));
#3261=DIRECTION('ref_axis',(1.,5.09511463334085E-93,5.94870200597961E-111));
#3262=DIRECTION('',(0.,0.,1.));
#3263=DIRECTION('',(1.,5.09511463334085E-93,5.94870200597961E-111));
#3264=DIRECTION('center_axis',(5.09511463334085E-93,-1.,0.));
#3265=DIRECTION('ref_axis',(1.,5.09511463334085E-93,5.94870200597961E-111));
#3266=DIRECTION('',(0.,0.,1.));
#3267=DIRECTION('',(1.,5.09511463334085E-93,5.94870200597961E-111));
#3268=DIRECTION('',(0.,0.,1.));
#3269=DIRECTION('center_axis',(1.,5.0951146333409E-93,0.));
#3270=DIRECTION('ref_axis',(-5.0951146333409E-93,1.,1.16753055310143E-18));
#3271=DIRECTION('',(-5.0951146333409E-93,1.,1.16753055310143E-18));
#3272=DIRECTION('',(0.,0.,1.));
#3273=DIRECTION('center_axis',(-5.09511463334085E-93,1.,0.));
#3274=DIRECTION('ref_axis',(-1.,-5.09511463334085E-93,-5.94870200597961E-111));
#3275=DIRECTION('',(-1.,-5.09511463334085E-93,-5.94870200597961E-111));
#3276=DIRECTION('',(0.,0.,1.));
#3277=DIRECTION('center_axis',(0.,0.,1.));
#3278=DIRECTION('ref_axis',(1.,0.,0.));
#3279=DIRECTION('',(-5.09511463334084E-93,1.,1.16753055310143E-18));
#3280=DIRECTION('',(-5.09511463334084E-93,1.,1.16753055310143E-18));
#3281=DIRECTION('',(-1.,0.,0.));
#3282=DIRECTION('center_axis',(5.09511463334085E-93,-1.,-1.16753055310142E-18));
#3283=DIRECTION('ref_axis',(1.,0.,4.36400967821035E-75));
#3284=DIRECTION('',(-5.94870200597957E-111,1.16753055310142E-18,-1.));
#3285=DIRECTION('',(-1.,-5.09511463334085E-93,-5.94870200597961E-111));
#3286=DIRECTION('',(4.36400967821035E-75,1.16753055310143E-18,-1.));
#3287=DIRECTION('',(1.,0.,4.36400967821035E-75));
#3288=DIRECTION('',(-4.36400967821035E-75,-1.16753055310143E-18,1.));
#3289=DIRECTION('center_axis',(0.,1.,1.16753055310143E-18));
#3290=DIRECTION('ref_axis',(-4.36400967821035E-75,-1.16753055310143E-18,
1.));
#3291=DIRECTION('',(-4.36400967821035E-75,-1.16753055310143E-18,1.));
#3292=DIRECTION('',(-4.36400967821035E-75,-1.16753055310143E-18,1.));
#3293=DIRECTION('',(1.,0.,0.));
#3294=DIRECTION('center_axis',(1.,0.,0.));
#3295=DIRECTION('ref_axis',(0.,0.,-1.));
#3296=DIRECTION('',(5.94870200597957E-111,-1.16753055310142E-18,1.));
#3297=DIRECTION('',(-5.09511463334084E-93,1.,1.16753055310143E-18));
#3298=DIRECTION('center_axis',(1.,0.,0.));
#3299=DIRECTION('ref_axis',(0.,0.,-1.));
#3300=DIRECTION('',(5.94870200597957E-111,-1.16753055310142E-18,1.));
#3301=DIRECTION('',(-5.09511463334084E-93,1.,1.16753055310143E-18));
#3302=DIRECTION('center_axis',(0.,1.16753055310143E-18,-1.));
#3303=DIRECTION('ref_axis',(-5.09511463334084E-93,1.,1.16753055310143E-18));
#3304=DIRECTION('',(1.,5.09511463334085E-93,5.94870200597961E-111));
#3305=DIRECTION('',(-5.09511463334084E-93,1.,1.16753055310143E-18));
#3306=DIRECTION('center_axis',(0.,1.16753055310143E-18,-1.));
#3307=DIRECTION('ref_axis',(-5.09511463334084E-93,1.,1.16753055310143E-18));
#3308=DIRECTION('',(-5.09511463334084E-93,1.,1.16753055310143E-18));
#3309=DIRECTION('',(1.,5.09511463334085E-93,5.94870200597961E-111));
#3310=DIRECTION('center_axis',(5.09511463334085E-93,-1.,-1.16753055310142E-18));
#3311=DIRECTION('ref_axis',(1.,0.,4.36400967821035E-75));
#3312=DIRECTION('',(4.36400967821035E-75,1.16753055310143E-18,-1.));
#3313=DIRECTION('',(-1.,0.,-4.36400967821035E-75));
#3314=DIRECTION('',(-4.36400967821035E-75,-1.16753055310143E-18,1.));
#3315=DIRECTION('center_axis',(1.,0.,4.36400967821035E-75));
#3316=DIRECTION('ref_axis',(-5.09511463334084E-93,1.,1.16753055310143E-18));
#3317=DIRECTION('',(4.36400967821035E-75,1.16753055310143E-18,-1.));
#3318=DIRECTION('',(-4.36400967821035E-75,-1.16753055310143E-18,1.));
#3319=DIRECTION('',(5.09511463334084E-93,-1.,-1.16753055310143E-18));
#3320=DIRECTION('center_axis',(5.09511463334085E-93,-1.,-1.16753055310142E-18));
#3321=DIRECTION('ref_axis',(1.,0.,4.36400967821035E-75));
#3322=DIRECTION('',(-1.,0.,-4.36400967821035E-75));
#3323=DIRECTION('',(4.36400967821035E-75,1.16753055310143E-18,-1.));
#3324=DIRECTION('center_axis',(-4.36400967821035E-75,-1.16753055310142E-18,
1.));
#3325=DIRECTION('ref_axis',(5.09511463334098E-93,-1.,-1.16753055310144E-18));
#3326=DIRECTION('',(-4.36400967821035E-75,-1.16753055310143E-18,1.));
#3327=DIRECTION('center_axis',(-4.36400967821035E-75,-1.16753055310142E-18,
1.));
#3328=DIRECTION('ref_axis',(5.09511463334098E-93,-1.,-1.16753055310144E-18));
#3329=DIRECTION('center_axis',(-4.36400967821035E-75,-1.16753055310142E-18,
1.));
#3330=DIRECTION('ref_axis',(5.09511463334084E-93,-1.,-1.16753055310143E-18));
#3331=DIRECTION('',(1.,0.,4.36400967821035E-75));
#3332=DIRECTION('',(5.09511463334084E-93,-1.,-1.16753055310143E-18));
#3333=DIRECTION('',(-1.,0.,-4.36400967821035E-75));
#3334=DIRECTION('',(-5.09511463334084E-93,1.,1.16753055310143E-18));
#3335=DIRECTION('',(-1.,0.,-4.36400967821035E-75));
#3336=DIRECTION('',(5.09511463334084E-93,-1.,-1.16753055310143E-18));
#3337=DIRECTION('',(-1.,0.,-4.36400967821035E-75));
#3338=DIRECTION('',(-5.09511463334084E-93,1.,1.16753055310143E-18));
#3339=DIRECTION('',(-1.,0.,-4.36400967821035E-75));
#3340=DIRECTION('',(-6.37773419668897E-8,-0.999999999999998,-1.16753055310143E-18));
#3341=DIRECTION('',(-1.,0.,-4.36400967821035E-75));
#3342=DIRECTION('',(-5.09511463334084E-93,1.,1.16753055310143E-18));
#3343=DIRECTION('',(1.,0.,4.36400967821035E-75));
#3344=DIRECTION('',(5.09511463334084E-93,-1.,-1.16753055310143E-18));
#3345=DIRECTION('',(-5.09511463334084E-93,1.,1.16753055310143E-18));
#3346=DIRECTION('',(1.,0.,4.36400967821035E-75));
#3347=DIRECTION('',(5.09511463334084E-93,-1.,-1.16753055310143E-18));
#3348=DIRECTION('',(1.,0.,4.36400967821035E-75));
#3349=DIRECTION('',(5.09511463334084E-93,-1.,-1.16753055310143E-18));
#3350=DIRECTION('',(1.,0.,4.36400967821035E-75));
#3351=DIRECTION('',(5.09511463334084E-93,-1.,-1.16753055310143E-18));
#3352=DIRECTION('',(-1.,0.,-4.36400967821035E-75));
#3353=DIRECTION('center_axis',(-4.36400967821035E-75,-1.16753055310142E-18,
1.));
#3354=DIRECTION('ref_axis',(-5.09511463332806E-93,1.,1.16753055309853E-18));
#3355=DIRECTION('center_axis',(-4.36400967821035E-75,-1.16753055310142E-18,
1.));
#3356=DIRECTION('ref_axis',(3.39983024908132E-91,1.,-7.79061115757097E-17));
#3357=DIRECTION('',(5.09511463334084E-93,-1.,-1.16753055310143E-18));
#3358=DIRECTION('',(1.,0.,4.36400967821035E-75));
#3359=DIRECTION('',(-5.09511463334084E-93,1.,1.16753055310143E-18));
#3360=DIRECTION('center_axis',(-4.36400967821035E-75,-1.16753055310142E-18,
1.));
#3361=DIRECTION('ref_axis',(-5.09511463334098E-93,1.,1.16753055310144E-18));
#3362=DIRECTION('',(-1.,0.,-4.36400967821035E-75));
#3363=DIRECTION('',(-5.09511463334084E-93,1.,1.16753055310143E-18));
#3364=DIRECTION('',(1.,0.,4.36400967821035E-75));
#3365=DIRECTION('center_axis',(-4.36400967821035E-75,-1.16753055310142E-18,
1.));
#3366=DIRECTION('ref_axis',(1.,0.,4.36400967821035E-75));
#3367=DIRECTION('',(-5.09511463334084E-93,1.,1.16753055310143E-18));
#3368=DIRECTION('center_axis',(-4.36400967821035E-75,-1.16753055310142E-18,
1.));
#3369=DIRECTION('ref_axis',(-5.09511463334098E-93,1.,1.16753055310144E-18));
#3370=DIRECTION('',(-1.,0.,-4.36400967821035E-75));
#3371=DIRECTION('',(-5.09511463334084E-93,1.,1.16753055310143E-18));
#3372=DIRECTION('',(1.,0.,4.36400967821035E-75));
#3373=DIRECTION('center_axis',(-4.36400967821035E-75,-1.16753055310142E-18,
1.));
#3374=DIRECTION('ref_axis',(1.,0.,4.36400967821035E-75));
#3375=DIRECTION('',(-5.09511463334084E-93,1.,1.16753055310143E-18));
#3376=DIRECTION('center_axis',(-4.36400967821035E-75,-1.16753055310142E-18,
1.));
#3377=DIRECTION('ref_axis',(-5.09511463334098E-93,1.,1.16753055310144E-18));
#3378=DIRECTION('',(-1.,0.,-4.36400967821035E-75));
#3379=DIRECTION('',(-5.09511463334084E-93,1.,1.16753055310143E-18));
#3380=DIRECTION('',(1.,0.,4.36400967821035E-75));
#3381=DIRECTION('center_axis',(-4.36400967821035E-75,-1.16753055310142E-18,
1.));
#3382=DIRECTION('ref_axis',(1.,0.,4.36400967821035E-75));
#3383=DIRECTION('',(-5.09511463334084E-93,1.,1.16753055310143E-18));
#3384=DIRECTION('',(-1.,0.,-4.36400967821035E-75));
#3385=DIRECTION('center_axis',(-4.36400967821035E-75,-1.16753055310142E-18,
1.));
#3386=DIRECTION('ref_axis',(5.09511463324275E-93,-1.,-1.16753055307894E-18));
#3387=DIRECTION('center_axis',(-4.36400967821035E-75,-1.16753055310142E-18,
1.));
#3388=DIRECTION('ref_axis',(-5.09511463258769E-93,1.,1.16753055292882E-18));
#3389=DIRECTION('center_axis',(-4.36400967821035E-75,-1.16753055310142E-18,
1.));
#3390=DIRECTION('ref_axis',(1.92246561939308E-106,1.,0.));
#3391=DIRECTION('',(1.,0.,4.36400967821035E-75));
#3392=DIRECTION('center_axis',(-4.36400967821035E-75,-1.16753055310142E-18,
1.));
#3393=DIRECTION('ref_axis',(5.09511463334098E-93,-1.,-1.16753055310144E-18));
#3394=DIRECTION('',(-5.09511463334084E-93,1.,1.16753055310143E-18));
#3395=DIRECTION('center_axis',(-4.36400967821035E-75,-1.16753055310142E-18,
1.));
#3396=DIRECTION('ref_axis',(-5.09511463334098E-93,1.,1.16753055310144E-18));
#3397=DIRECTION('',(-1.,0.,-4.36400967821035E-75));
#3398=DIRECTION('',(5.09511463334084E-93,-1.,-1.16753055310143E-18));
#3399=DIRECTION('center_axis',(-4.36400967821035E-75,-1.16753055310142E-18,
1.));
#3400=DIRECTION('ref_axis',(5.09511463334098E-93,-1.,-1.16753055310144E-18));
#3401=DIRECTION('',(-5.09511463334084E-93,1.,1.16753055310143E-18));
#3402=DIRECTION('center_axis',(-4.36400967821035E-75,-1.16753055310142E-18,
1.));
#3403=DIRECTION('ref_axis',(-5.09511463334098E-93,1.,1.16753055310144E-18));
#3404=DIRECTION('',(5.09511463334084E-93,-1.,-1.16753055310143E-18));
#3405=DIRECTION('',(-1.,0.,-4.36400967821035E-75));
#3406=DIRECTION('center_axis',(-4.36400967821035E-75,-1.16753055310142E-18,
1.));
#3407=DIRECTION('ref_axis',(5.09511463334098E-93,-1.,-1.16753055310144E-18));
#3408=DIRECTION('',(-5.09511463334084E-93,1.,1.16753055310143E-18));
#3409=DIRECTION('center_axis',(-4.36400967821035E-75,-1.16753055310142E-18,
1.));
#3410=DIRECTION('ref_axis',(-5.09511463334098E-93,1.,1.16753055310144E-18));
#3411=DIRECTION('',(1.,0.,4.36400967821035E-75));
#3412=DIRECTION('',(5.09511463334084E-93,-1.,-1.16753055310143E-18));
#3413=DIRECTION('',(1.,0.,4.36400967821035E-75));
#3414=DIRECTION('',(-5.09511463334084E-93,1.,1.16753055310143E-18));
#3415=DIRECTION('',(-1.,0.,-4.36400967821035E-75));
#3416=DIRECTION('center_axis',(-4.36400967821035E-75,-1.16753055310142E-18,
1.));
#3417=DIRECTION('ref_axis',(-5.09511463334098E-93,1.,1.16753055310144E-18));
#3418=DIRECTION('',(5.09511463334084E-93,-1.,-1.16753055310143E-18));
#3419=DIRECTION('center_axis',(-4.36400967821035E-75,-1.16753055310142E-18,
1.));
#3420=DIRECTION('ref_axis',(5.09511463334098E-93,-1.,-1.16753055310144E-18));
#3421=DIRECTION('',(-1.,0.,-4.36400967821035E-75));
#3422=DIRECTION('',(5.09511463334084E-93,-1.,-1.16753055310143E-18));
#3423=DIRECTION('',(1.,0.,4.36400967821035E-75));
#3424=DIRECTION('center_axis',(-4.36400967821035E-75,-1.16753055310142E-18,
1.));
#3425=DIRECTION('ref_axis',(-5.09511463334098E-93,1.,1.16753055310144E-18));
#3426=DIRECTION('',(5.09511463334084E-93,-1.,-1.16753055310143E-18));
#3427=DIRECTION('center_axis',(-4.36400967821035E-75,-1.16753055310142E-18,
1.));
#3428=DIRECTION('ref_axis',(5.09511463334098E-93,-1.,-1.16753055310144E-18));
#3429=DIRECTION('',(1.,0.,4.36400967821035E-75));
#3430=DIRECTION('',(5.09511463334084E-93,-1.,-1.16753055310143E-18));
#3431=DIRECTION('',(-1.,0.,-4.36400967821035E-75));
#3432=DIRECTION('center_axis',(-4.36400967821035E-75,-1.16753055310142E-18,
1.));
#3433=DIRECTION('ref_axis',(-5.09511463334098E-93,1.,1.16753055310144E-18));
#3434=DIRECTION('',(1.,0.,4.36400967821035E-75));
#3435=DIRECTION('',(5.09511463334084E-93,-1.,-1.16753055310143E-18));
#3436=DIRECTION('center_axis',(-4.36400967821035E-75,-1.16753055310142E-18,
1.));
#3437=DIRECTION('ref_axis',(3.38966607444517E-92,1.,-7.76732024992954E-18));
#3438=DIRECTION('center_axis',(-4.36400967821035E-75,-1.16753055310142E-18,
1.));
#3439=DIRECTION('ref_axis',(-1.65578509084296E-92,1.,3.7941829027336E-18));
#3440=DIRECTION('center_axis',(1.,0.,4.36400967821035E-75));
#3441=DIRECTION('ref_axis',(-5.09511463334084E-93,1.,1.16753055310143E-18));
#3442=DIRECTION('',(-4.36400967821035E-75,-1.16753055310143E-18,1.));
#3443=DIRECTION('center_axis',(1.,0.,4.36400967821035E-75));
#3444=DIRECTION('ref_axis',(-5.09511463334084E-93,1.,1.16753055310143E-18));
#3445=DIRECTION('',(4.36400967821035E-75,1.16753055310143E-18,-1.));
#3446=DIRECTION('',(-4.36400967821035E-75,-1.16753055310143E-18,1.));
#3447=DIRECTION('center_axis',(5.09511463334085E-93,-1.,-1.16753055310142E-18));
#3448=DIRECTION('ref_axis',(1.,0.,4.36400967821035E-75));
#3449=DIRECTION('',(-4.36400967821035E-75,-1.16753055310143E-18,1.));
#3450=DIRECTION('center_axis',(-4.36400967821035E-75,-1.16753055310142E-18,
1.));
#3451=DIRECTION('ref_axis',(-5.09511463334098E-93,1.,1.16753055310144E-18));
#3452=DIRECTION('',(-4.36400967821035E-75,-1.16753055310143E-18,1.));
#3453=DIRECTION('center_axis',(1.,0.,4.36400967821035E-75));
#3454=DIRECTION('ref_axis',(-5.09511463334084E-93,1.,1.16753055310143E-18));
#3455=DIRECTION('',(4.36400967821035E-75,1.16753055310143E-18,-1.));
#3456=DIRECTION('center_axis',(-4.36400967821035E-75,-1.16753055310142E-18,
1.));
#3457=DIRECTION('ref_axis',(5.09511463334098E-93,-1.,-1.16753055310144E-18));
#3458=DIRECTION('',(4.36400967821035E-75,1.16753055310143E-18,-1.));
#3459=DIRECTION('center_axis',(5.09511463334085E-93,-1.,-1.16753055310142E-18));
#3460=DIRECTION('ref_axis',(1.,0.,4.36400967821035E-75));
#3461=DIRECTION('center_axis',(-4.36400967821035E-75,-1.16753055310142E-18,
1.));
#3462=DIRECTION('ref_axis',(-5.09511463334098E-93,1.,1.16753055310144E-18));
#3463=DIRECTION('',(-4.36400967821035E-75,-1.16753055310143E-18,1.));
#3464=DIRECTION('center_axis',(1.,0.,4.36400967821035E-75));
#3465=DIRECTION('ref_axis',(-5.09511463334084E-93,1.,1.16753055310143E-18));
#3466=DIRECTION('',(4.36400967821035E-75,1.16753055310143E-18,-1.));
#3467=DIRECTION('center_axis',(-4.36400967821035E-75,-1.16753055310142E-18,
1.));
#3468=DIRECTION('ref_axis',(5.09511463334098E-93,-1.,-1.16753055310144E-18));
#3469=DIRECTION('center_axis',(5.09511463334085E-93,-1.,-1.16753055310142E-18));
#3470=DIRECTION('ref_axis',(1.,0.,4.36400967821035E-75));
#3471=DIRECTION('',(-4.36400967821035E-75,-1.16753055310143E-18,1.));
#3472=DIRECTION('center_axis',(-4.36400967821035E-75,-1.16753055310142E-18,
1.));
#3473=DIRECTION('ref_axis',(-5.09511463334098E-93,1.,1.16753055310144E-18));
#3474=DIRECTION('',(-4.36400967821035E-75,-1.16753055310143E-18,1.));
#3475=DIRECTION('center_axis',(1.,0.,4.36400967821035E-75));
#3476=DIRECTION('ref_axis',(-5.09511463334084E-93,1.,1.16753055310143E-18));
#3477=DIRECTION('',(4.36400967821035E-75,1.16753055310143E-18,-1.));
#3478=DIRECTION('center_axis',(4.36400967821035E-75,1.16753055310142E-18,
-1.));
#3479=DIRECTION('ref_axis',(5.09511463334098E-93,-1.,-1.16753055310144E-18));
#3480=DIRECTION('',(4.36400967821035E-75,1.16753055310143E-18,-1.));
#3481=DIRECTION('center_axis',(5.09511463334085E-93,-1.,-1.16753055310142E-18));
#3482=DIRECTION('ref_axis',(1.,0.,4.36400967821035E-75));
#3483=DIRECTION('center_axis',(5.09511463334085E-93,-1.,-1.16753055310142E-18));
#3484=DIRECTION('ref_axis',(1.,0.,4.36400967821035E-75));
#3485=DIRECTION('center_axis',(5.09511463334085E-93,-1.,-1.16753055310142E-18));
#3486=DIRECTION('ref_axis',(1.,0.,4.36400967821035E-75));
#3487=DIRECTION('',(4.36400967821035E-75,1.16753055310143E-18,-1.));
#3488=DIRECTION('center_axis',(1.,0.,4.36400967821035E-75));
#3489=DIRECTION('ref_axis',(-5.09511463334084E-93,1.,1.16753055310143E-18));
#3490=DIRECTION('',(-4.36400967821035E-75,-1.16753055310143E-18,1.));
#3491=DIRECTION('',(5.09511463334084E-93,-1.,-1.16753055310143E-18));
#3492=DIRECTION('',(-4.36400967821035E-75,-1.16753055310143E-18,1.));
#3493=DIRECTION('center_axis',(5.09511463334085E-93,-1.,-1.16753055310142E-18));
#3494=DIRECTION('ref_axis',(1.,0.,4.36400967821035E-75));
#3495=DIRECTION('',(1.,0.,4.36400967821035E-75));
#3496=DIRECTION('',(4.36400967821035E-75,1.16753055310143E-18,-1.));
#3497=DIRECTION('center_axis',(1.,0.,4.36400967821035E-75));
#3498=DIRECTION('ref_axis',(-5.09511463334084E-93,1.,1.16753055310143E-18));
#3499=DIRECTION('',(5.09511463334084E-93,-1.,-1.16753055310143E-18));
#3500=DIRECTION('',(4.36400967821035E-75,1.16753055310143E-18,-1.));
#3501=DIRECTION('center_axis',(5.09511463334085E-93,-1.,-1.16753055310142E-18));
#3502=DIRECTION('ref_axis',(1.,0.,4.36400967821035E-75));
#3503=DIRECTION('',(-4.36400967821035E-75,-1.16753055310143E-18,1.));
#3504=DIRECTION('',(1.,0.,4.36400967821035E-75));
#3505=DIRECTION('center_axis',(1.,0.,4.36400967821035E-75));
#3506=DIRECTION('ref_axis',(-5.09511463334084E-93,1.,1.16753055310143E-18));
#3507=DIRECTION('',(-4.36400967821035E-75,-1.16753055310143E-18,1.));
#3508=DIRECTION('center_axis',(5.09511463334085E-93,-1.,-1.16753055310142E-18));
#3509=DIRECTION('ref_axis',(1.,0.,4.36400967821035E-75));
#3510=DIRECTION('',(4.36400967821035E-75,1.16753055310143E-18,-1.));
#3511=DIRECTION('center_axis',(1.,0.,4.36400967821035E-75));
#3512=DIRECTION('ref_axis',(-5.09511463334084E-93,1.,1.16753055310143E-18));
#3513=DIRECTION('',(-4.36400967821035E-75,-1.16753055310143E-18,1.));
#3514=DIRECTION('center_axis',(5.09511463334085E-93,-1.,-1.16753055310142E-18));
#3515=DIRECTION('ref_axis',(1.,0.,4.36400967821035E-75));
#3516=DIRECTION('',(4.36400967821035E-75,1.16753055310143E-18,-1.));
#3517=DIRECTION('center_axis',(1.,0.,4.36400967821035E-75));
#3518=DIRECTION('ref_axis',(-5.09511463334084E-93,1.,1.16753055310143E-18));
#3519=DIRECTION('center_axis',(1.,0.,4.36400967821035E-75));
#3520=DIRECTION('ref_axis',(-5.09511463334084E-93,1.,1.16753055310143E-18));
#3521=DIRECTION('',(4.36400967821035E-75,1.16753055310143E-18,-1.));
#3522=DIRECTION('',(5.09511463334084E-93,-1.,-1.16753055310143E-18));
#3523=DIRECTION('',(-4.36400967821035E-75,-1.16753055310143E-18,1.));
#3524=DIRECTION('center_axis',(5.09511463334085E-93,-1.,-1.16753055310142E-18));
#3525=DIRECTION('ref_axis',(1.,0.,4.36400967821035E-75));
#3526=DIRECTION('',(1.,0.,4.36400967821035E-75));
#3527=DIRECTION('',(4.36400967821035E-75,1.16753055310143E-18,-1.));
#3528=DIRECTION('center_axis',(1.,0.,4.36400967821035E-75));
#3529=DIRECTION('ref_axis',(-5.09511463334084E-93,1.,1.16753055310143E-18));
#3530=DIRECTION('',(4.36400967821035E-75,1.16753055310143E-18,-1.));
#3531=DIRECTION('',(-5.09511463334084E-93,1.,1.16753055310143E-18));
#3532=DIRECTION('',(-4.36400967821035E-75,-1.16753055310143E-18,1.));
#3533=DIRECTION('',(-5.09511463334084E-93,1.,1.16753055310143E-18));
#3534=DIRECTION('',(-4.36400967821035E-75,-1.16753055310143E-18,1.));
#3535=DIRECTION('center_axis',(5.09511463334085E-93,-1.,-1.16753055310142E-18));
#3536=DIRECTION('ref_axis',(1.,0.,4.36400967821035E-75));
#3537=DIRECTION('',(-1.,0.,-4.36400967821035E-75));
#3538=DIRECTION('',(-9.38804884955766E-8,1.16753055310142E-18,-0.999999999999996));
#3539=DIRECTION('center_axis',(-0.999999999999994,6.37773419668894E-8,9.38804884955764E-8));
#3540=DIRECTION('ref_axis',(-6.37773419668897E-8,-0.999999999999998,-1.16753055310143E-18));
#3541=DIRECTION('',(9.38804884955766E-8,-1.16753055310142E-18,0.999999999999996));
#3542=DIRECTION('',(-6.37773419668897E-8,-0.999999999999998,-1.16753055310143E-18));
#3543=DIRECTION('',(9.38804884955766E-8,-1.16753055310142E-18,0.999999999999996));
#3544=DIRECTION('center_axis',(5.09511463334085E-93,-1.,-1.16753055310142E-18));
#3545=DIRECTION('ref_axis',(1.,0.,4.36400967821035E-75));
#3546=DIRECTION('',(-4.36400967821035E-75,-1.16753055310143E-18,1.));
#3547=DIRECTION('',(-4.36400967821035E-75,-1.16753055310143E-18,1.));
#3548=DIRECTION('',(0.792624177555392,7.11855655817972E-19,-0.609710515863585));
#3549=DIRECTION('',(1.,0.,4.36400967821035E-75));
#3550=DIRECTION('',(-4.36400967821035E-75,-1.16753055310143E-18,1.));
#3551=DIRECTION('center_axis',(1.,0.,4.36400967821035E-75));
#3552=DIRECTION('ref_axis',(-5.09511463334084E-93,1.,1.16753055310143E-18));
#3553=DIRECTION('',(-5.09511463334084E-93,1.,1.16753055310143E-18));
#3554=DIRECTION('',(4.36400967821035E-75,1.16753055310143E-18,-1.));
#3555=DIRECTION('',(5.09511463334084E-93,-1.,-1.16753055310143E-18));
#3556=DIRECTION('',(4.36400967821035E-75,1.16753055310143E-18,-1.));
#3557=DIRECTION('center_axis',(5.09511463334085E-93,-1.,-1.16753055310142E-18));
#3558=DIRECTION('ref_axis',(1.,0.,4.36400967821035E-75));
#3559=DIRECTION('',(-1.,0.,-4.36400967821035E-75));
#3560=DIRECTION('',(-4.36400967821035E-75,-1.16753055310143E-18,1.));
#3561=DIRECTION('',(-1.,0.,-4.36400967821035E-75));
#3562=DIRECTION('',(-0.792624177555392,-7.11855655817972E-19,0.609710515863585));
#3563=DIRECTION('center_axis',(5.09511463334085E-93,-1.,-1.16753055310142E-18));
#3564=DIRECTION('ref_axis',(1.,0.,4.36400967821035E-75));
#3565=DIRECTION('',(0.792624177555392,7.11855655817972E-19,-0.609710515863585));
#3566=DIRECTION('',(-4.36400967821035E-75,-1.16753055310143E-18,1.));
#3567=DIRECTION('center_axis',(1.,0.,4.36400967821035E-75));
#3568=DIRECTION('ref_axis',(-5.09511463334084E-93,1.,1.16753055310143E-18));
#3569=DIRECTION('',(8.20481738836088E-83,1.,-1.88010980574306E-8));
#3570=DIRECTION('center_axis',(1.,0.,4.36400967821035E-75));
#3571=DIRECTION('ref_axis',(-5.09511463334084E-93,1.,1.16753055310143E-18));
#3572=DIRECTION('',(4.36400967821035E-75,1.16753055310143E-18,-1.));
#3573=DIRECTION('center_axis',(5.09511463334085E-93,-1.,-1.16753055310142E-18));
#3574=DIRECTION('ref_axis',(1.,0.,4.36400967821035E-75));
#3575=DIRECTION('',(4.36400967821035E-75,1.16753055310143E-18,-1.));
#3576=DIRECTION('center_axis',(1.,0.,4.36400967821035E-75));
#3577=DIRECTION('ref_axis',(-5.09511463334084E-93,1.,1.16753055310143E-18));
#3578=DIRECTION('',(-4.36400967821035E-75,-1.16753055310143E-18,1.));
#3579=DIRECTION('center_axis',(5.09511463334085E-93,-1.,-1.16753055310142E-18));
#3580=DIRECTION('ref_axis',(1.,0.,4.36400967821035E-75));
#3581=DIRECTION('',(-4.36400967821035E-75,-1.16753055310143E-18,1.));
#3582=DIRECTION('center_axis',(1.,0.,4.36400967821035E-75));
#3583=DIRECTION('ref_axis',(-5.09511463334084E-93,1.,1.16753055310143E-18));
#3584=DIRECTION('',(4.36400967821035E-75,1.16753055310143E-18,-1.));
#3585=DIRECTION('center_axis',(5.09511463334085E-93,-1.,-1.16753055310142E-18));
#3586=DIRECTION('ref_axis',(1.,0.,4.36400967821035E-75));
#3587=DIRECTION('',(4.36400967821035E-75,1.16753055310143E-18,-1.));
#3588=DIRECTION('',(-1.,0.,-4.36400967821035E-75));
#3589=DIRECTION('',(-4.36400967821035E-75,-1.16753055310143E-18,1.));
#3590=DIRECTION('center_axis',(1.,0.,4.36400967821035E-75));
#3591=DIRECTION('ref_axis',(-5.09511463334084E-93,1.,1.16753055310143E-18));
#3592=DIRECTION('',(5.09511463334084E-93,-1.,-1.16753055310143E-18));
#3593=DIRECTION('',(4.36400967821035E-75,1.16753055310143E-18,-1.));
#3594=DIRECTION('center_axis',(5.09511463334085E-93,-1.,-1.16753055310142E-18));
#3595=DIRECTION('ref_axis',(1.,0.,4.36400967821035E-75));
#3596=DIRECTION('',(-1.,0.,-4.36400967821035E-75));
#3597=DIRECTION('',(4.36400967821035E-75,1.16753055310143E-18,-1.));
#3598=DIRECTION('center_axis',(1.,0.,4.36400967821035E-75));
#3599=DIRECTION('ref_axis',(-5.09511463334084E-93,1.,1.16753055310143E-18));
#3600=DIRECTION('',(-4.36400967821035E-75,-1.16753055310143E-18,1.));
#3601=DIRECTION('',(5.09511463334084E-93,-1.,-1.16753055310143E-18));
#3602=DIRECTION('center_axis',(5.09511463334085E-93,-1.,-1.16753055310142E-18));
#3603=DIRECTION('ref_axis',(1.,0.,4.36400967821035E-75));
#3604=DIRECTION('center_axis',(5.09511463334085E-93,-1.,-1.16753055310142E-18));
#3605=DIRECTION('ref_axis',(1.,0.,4.36400967821035E-75));
#3606=DIRECTION('center_axis',(-4.36400967821035E-75,-1.16753055310142E-18,
1.));
#3607=DIRECTION('ref_axis',(-5.09511463334098E-93,1.,1.16753055310144E-18));
#3608=DIRECTION('',(4.36400967821035E-75,1.16753055310143E-18,-1.));
#3609=DIRECTION('',(4.36400967821035E-75,1.16753055310143E-18,-1.));
#3610=DIRECTION('center_axis',(5.09511463334085E-93,-1.,-1.16753055310142E-18));
#3611=DIRECTION('ref_axis',(1.,0.,4.36400967821035E-75));
#3612=DIRECTION('',(4.36400967821035E-75,1.16753055310143E-18,-1.));
#3613=DIRECTION('center_axis',(1.,0.,4.36400967821035E-75));
#3614=DIRECTION('ref_axis',(-5.09511463334084E-93,1.,1.16753055310143E-18));
#3615=DIRECTION('',(-4.36400967821035E-75,-1.16753055310143E-18,1.));
#3616=DIRECTION('center_axis',(5.09511463334085E-93,-1.,-1.16753055310142E-18));
#3617=DIRECTION('ref_axis',(1.,0.,4.36400967821035E-75));
#3618=DIRECTION('',(-4.36400967821035E-75,-1.16753055310143E-18,1.));
#3619=DIRECTION('center_axis',(-4.36400967821035E-75,-1.16753055310142E-18,
1.));
#3620=DIRECTION('ref_axis',(5.09511463334098E-93,-1.,-1.16753055310144E-18));
#3621=DIRECTION('',(-4.36400967821035E-75,-1.16753055310143E-18,1.));
#3622=DIRECTION('center_axis',(1.,0.,4.36400967821035E-75));
#3623=DIRECTION('ref_axis',(-5.09511463334084E-93,1.,1.16753055310143E-18));
#3624=DIRECTION('center_axis',(4.36400967821035E-75,1.16753055310142E-18,
-1.));
#3625=DIRECTION('ref_axis',(-5.09511463334098E-93,1.,1.16753055310144E-18));
#3626=DIRECTION('',(4.36400967821035E-75,1.16753055310143E-18,-1.));
#3627=DIRECTION('',(4.36400967821035E-75,1.16753055310143E-18,-1.));
#3628=DIRECTION('center_axis',(5.09511463334085E-93,-1.,-1.16753055310142E-18));
#3629=DIRECTION('ref_axis',(1.,0.,4.36400967821035E-75));
#3630=DIRECTION('',(4.36400967821035E-75,1.16753055310143E-18,-1.));
#3631=DIRECTION('center_axis',(1.,0.,4.36400967821035E-75));
#3632=DIRECTION('ref_axis',(-5.09511463334084E-93,1.,1.16753055310143E-18));
#3633=DIRECTION('',(-4.36400967821035E-75,-1.16753055310143E-18,1.));
#3634=DIRECTION('center_axis',(5.09511463334085E-93,-1.,-1.16753055310142E-18));
#3635=DIRECTION('ref_axis',(1.,0.,4.36400967821035E-75));
#3636=DIRECTION('',(-4.36400967821035E-75,-1.16753055310143E-18,1.));
#3637=DIRECTION('center_axis',(-4.36400967821035E-75,-1.16753055310142E-18,
1.));
#3638=DIRECTION('ref_axis',(5.09511463334098E-93,-1.,-1.16753055310144E-18));
#3639=DIRECTION('',(-4.36400967821035E-75,-1.16753055310143E-18,1.));
#3640=DIRECTION('center_axis',(1.,0.,4.36400967821035E-75));
#3641=DIRECTION('ref_axis',(-5.09511463334084E-93,1.,1.16753055310143E-18));
#3642=DIRECTION('center_axis',(4.36400967821035E-75,1.16753055310142E-18,
-1.));
#3643=DIRECTION('ref_axis',(-5.09511463334098E-93,1.,1.16753055310144E-18));
#3644=DIRECTION('',(4.36400967821035E-75,1.16753055310143E-18,-1.));
#3645=DIRECTION('',(4.36400967821035E-75,1.16753055310143E-18,-1.));
#3646=DIRECTION('center_axis',(5.09511463334085E-93,-1.,-1.16753055310142E-18));
#3647=DIRECTION('ref_axis',(1.,0.,4.36400967821035E-75));
#3648=DIRECTION('',(-4.36400967821035E-75,-1.16753055310143E-18,1.));
#3649=DIRECTION('center_axis',(1.,0.,4.36400967821035E-75));
#3650=DIRECTION('ref_axis',(-5.09511463334084E-93,1.,1.16753055310143E-18));
#3651=DIRECTION('',(4.36400967821035E-75,1.16753055310143E-18,-1.));
#3652=DIRECTION('center_axis',(5.09511463334085E-93,-1.,-1.16753055310142E-18));
#3653=DIRECTION('ref_axis',(1.,0.,4.36400967821035E-75));
#3654=DIRECTION('',(-4.36400967821035E-75,-1.16753055310143E-18,1.));
#3655=DIRECTION('center_axis',(1.,0.,4.36400967821035E-75));
#3656=DIRECTION('ref_axis',(-5.09511463334084E-93,1.,1.16753055310143E-18));
#3657=DIRECTION('center_axis',(-1.63953841151775E-17,4.93038065763132E-32,
1.));
#3658=DIRECTION('ref_axis',(1.92246561939308E-106,1.,0.));
#3659=DIRECTION('',(-1.63953841151775E-17,4.93038065763132E-32,1.));
#3660=DIRECTION('center_axis',(-1.24760583605021E-15,-1.16753055292881E-18,
1.));
#3661=DIRECTION('ref_axis',(-5.09511463258769E-93,1.,1.16753055292882E-18));
#3662=DIRECTION('',(-1.24760583605021E-15,-1.16753055292881E-18,1.));
#3663=DIRECTION('center_axis',(5.09511463334085E-93,-1.,-1.16753055310142E-18));
#3664=DIRECTION('ref_axis',(1.,0.,4.36400967821035E-75));
#3665=DIRECTION('',(-4.36400967821035E-75,-1.16753055310143E-18,1.));
#3666=DIRECTION('',(-4.36400967821035E-75,-1.16753055310143E-18,1.));
#3667=DIRECTION('center_axis',(1.,0.,4.36400967821035E-75));
#3668=DIRECTION('ref_axis',(-5.09511463334084E-93,1.,1.16753055310143E-18));
#3669=DIRECTION('',(4.36400967821035E-75,1.16753055310143E-18,-1.));
#3670=DIRECTION('center_axis',(-4.36400967821035E-75,-1.16753055310142E-18,
1.));
#3671=DIRECTION('ref_axis',(1.,0.,4.36400967821035E-75));
#3672=DIRECTION('',(-4.36400967821035E-75,-1.16753055310143E-18,1.));
#3673=DIRECTION('center_axis',(5.09511463334085E-93,-1.,-1.16753055310142E-18));
#3674=DIRECTION('ref_axis',(1.,0.,4.36400967821035E-75));
#3675=DIRECTION('',(4.36400967821035E-75,1.16753055310143E-18,-1.));
#3676=DIRECTION('center_axis',(1.,0.,4.36400967821035E-75));
#3677=DIRECTION('ref_axis',(-5.09511463334084E-93,1.,1.16753055310143E-18));
#3678=DIRECTION('center_axis',(5.09511463334085E-93,-1.,-1.16753055310142E-18));
#3679=DIRECTION('ref_axis',(1.,0.,4.36400967821035E-75));
#3680=DIRECTION('',(4.36400967821035E-75,1.16753055310143E-18,-1.));
#3681=DIRECTION('',(-4.36400967821035E-75,-1.16753055310143E-18,1.));
#3682=DIRECTION('center_axis',(-4.36400967821035E-75,-1.16753055310142E-18,
1.));
#3683=DIRECTION('ref_axis',(-5.09511463334098E-93,1.,1.16753055310144E-18));
#3684=DIRECTION('',(-4.36400967821035E-75,-1.16753055310143E-18,1.));
#3685=DIRECTION('center_axis',(1.,0.,4.36400967821035E-75));
#3686=DIRECTION('ref_axis',(-5.09511463334084E-93,1.,1.16753055310143E-18));
#3687=DIRECTION('',(4.36400967821035E-75,1.16753055310143E-18,-1.));
#3688=DIRECTION('center_axis',(-4.36400967821035E-75,-1.16753055310142E-18,
1.));
#3689=DIRECTION('ref_axis',(1.,0.,4.36400967821035E-75));
#3690=DIRECTION('',(-4.36400967821035E-75,-1.16753055310143E-18,1.));
#3691=DIRECTION('center_axis',(5.09511463334085E-93,-1.,-1.16753055310142E-18));
#3692=DIRECTION('ref_axis',(1.,0.,4.36400967821035E-75));
#3693=DIRECTION('',(4.36400967821035E-75,1.16753055310143E-18,-1.));
#3694=DIRECTION('center_axis',(1.,0.,4.36400967821035E-75));
#3695=DIRECTION('ref_axis',(-5.09511463334084E-93,1.,1.16753055310143E-18));
#3696=DIRECTION('center_axis',(5.09511463334085E-93,-1.,-1.16753055310142E-18));
#3697=DIRECTION('ref_axis',(1.,0.,4.36400967821035E-75));
#3698=DIRECTION('',(4.36400967821035E-75,1.16753055310143E-18,-1.));
#3699=DIRECTION('',(-4.36400967821035E-75,-1.16753055310143E-18,1.));
#3700=DIRECTION('center_axis',(-4.36400967821035E-75,-1.16753055310142E-18,
1.));
#3701=DIRECTION('ref_axis',(-5.09511463334098E-93,1.,1.16753055310144E-18));
#3702=DIRECTION('',(-4.36400967821035E-75,-1.16753055310143E-18,1.));
#3703=DIRECTION('center_axis',(1.,0.,4.36400967821035E-75));
#3704=DIRECTION('ref_axis',(-5.09511463334084E-93,1.,1.16753055310143E-18));
#3705=DIRECTION('',(4.36400967821035E-75,1.16753055310143E-18,-1.));
#3706=DIRECTION('center_axis',(4.36400967821035E-75,1.16753055310142E-18,
-1.));
#3707=DIRECTION('ref_axis',(1.,0.,4.36400967821035E-75));
#3708=DIRECTION('',(-4.36400967821035E-75,-1.16753055310143E-18,1.));
#3709=DIRECTION('center_axis',(5.09511463334085E-93,-1.,-1.16753055310142E-18));
#3710=DIRECTION('ref_axis',(1.,0.,4.36400967821035E-75));
#3711=DIRECTION('',(4.36400967821035E-75,1.16753055310143E-18,-1.));
#3712=DIRECTION('center_axis',(1.,0.,4.36400967821035E-75));
#3713=DIRECTION('ref_axis',(-5.09511463334084E-93,1.,1.16753055310143E-18));
#3714=DIRECTION('center_axis',(5.09511463334085E-93,-1.,-1.16753055310142E-18));
#3715=DIRECTION('ref_axis',(1.,0.,4.36400967821035E-75));
#3716=DIRECTION('',(4.36400967821035E-75,1.16753055310143E-18,-1.));
#3717=DIRECTION('',(-4.36400967821035E-75,-1.16753055310143E-18,1.));
#3718=DIRECTION('center_axis',(-4.36400967821035E-75,-1.16753055310142E-18,
1.));
#3719=DIRECTION('ref_axis',(-5.09511463334098E-93,1.,1.16753055310144E-18));
#3720=DIRECTION('',(-4.36400967821035E-75,-1.16753055310143E-18,1.));
#3721=DIRECTION('center_axis',(1.,0.,4.36400967821035E-75));
#3722=DIRECTION('ref_axis',(-5.09511463334084E-93,1.,1.16753055310143E-18));
#3723=DIRECTION('',(-4.36400967821035E-75,-1.16753055310143E-18,1.));
#3724=DIRECTION('center_axis',(5.09511463334085E-93,-1.,-1.16753055310142E-18));
#3725=DIRECTION('ref_axis',(1.,0.,4.36400967821035E-75));
#3726=DIRECTION('',(4.36400967821035E-75,1.16753055310143E-18,-1.));
#3727=DIRECTION('center_axis',(1.,0.,4.36400967821035E-75));
#3728=DIRECTION('ref_axis',(-5.09511463334084E-93,1.,1.16753055310143E-18));
#3729=DIRECTION('center_axis',(0.609710515863585,1.49022048849092E-8,0.792624177555392));
#3730=DIRECTION('ref_axis',(-2.44414431080089E-8,1.,1.16753055310143E-18));
#3731=DIRECTION('',(2.44414431080089E-8,-1.,-1.16753055310143E-18));
#3732=DIRECTION('center_axis',(5.09511463334085E-93,-1.,-1.16753055310142E-18));
#3733=DIRECTION('ref_axis',(1.,0.,4.36400967821035E-75));
#3734=DIRECTION('',(1.,0.,4.36400967821035E-75));
#3735=DIRECTION('center_axis',(5.09511463334085E-93,-1.,-1.16753055310142E-18));
#3736=DIRECTION('ref_axis',(1.,0.,4.36400967821035E-75));
#3737=DIRECTION('',(-1.,0.,-4.36400967821035E-75));
#3738=DIRECTION('center_axis',(-1.32410948213222E-17,-3.79418290273365E-18,
1.));
#3739=DIRECTION('ref_axis',(-1.65578509084296E-92,1.,3.7941829027336E-18));
#3740=DIRECTION('',(-1.32410948213222E-17,-3.79418290273365E-18,1.));
#3741=DIRECTION('center_axis',(4.36400967821035E-75,1.16753055310142E-18,
-1.));
#3742=DIRECTION('ref_axis',(-1.65578509084296E-92,1.,3.7941829027336E-18));
#3743=DIRECTION('center_axis',(-1.73118841496326E-17,7.76732024992954E-18,
1.));
#3744=DIRECTION('ref_axis',(3.38966607444517E-92,1.,-7.76732024992954E-18));
#3745=DIRECTION('',(-1.73118841496326E-17,7.76732024992954E-18,1.));
#3746=DIRECTION('center_axis',(4.36400967821035E-75,1.16753055310142E-18,
-1.));
#3747=DIRECTION('ref_axis',(3.38966607444517E-92,1.,-7.76732024992954E-18));
#3748=DIRECTION('center_axis',(1.,0.,4.36400967821035E-75));
#3749=DIRECTION('ref_axis',(-5.09511463334084E-93,1.,1.16753055310143E-18));
#3750=DIRECTION('center_axis',(-2.36450103833965E-23,1.16753055307894E-18,
-1.));
#3751=DIRECTION('ref_axis',(5.09511463324275E-93,-1.,-1.16753055307894E-18));
#3752=DIRECTION('center_axis',(4.36400967821035E-75,1.16753055310142E-18,
-1.));
#3753=DIRECTION('ref_axis',(5.09511463324275E-93,-1.,-1.16753055307894E-18));
#3754=DIRECTION('',(-2.36450103833965E-23,1.16753055307894E-18,-1.));
#3755=DIRECTION('center_axis',(-2.4746731344242E-17,7.79061115757097E-17,
1.));
#3756=DIRECTION('ref_axis',(3.39983024908132E-91,1.,-7.79061115757097E-17));
#3757=DIRECTION('',(-2.4746731344242E-17,7.79061115757097E-17,1.));
#3758=DIRECTION('center_axis',(4.36400967821035E-75,1.16753055310142E-18,
-1.));
#3759=DIRECTION('ref_axis',(3.39983024908132E-91,1.,-7.79061115757097E-17));
#3760=DIRECTION('center_axis',(-1.59829502339157E-15,-1.16753055309856E-18,
1.));
#3761=DIRECTION('ref_axis',(-5.09511463332806E-93,1.,1.16753055309853E-18));
#3762=DIRECTION('',(-1.59829502339157E-15,-1.16753055309856E-18,1.));
#3763=DIRECTION('center_axis',(4.36400967821035E-75,1.16753055310142E-18,
-1.));
#3764=DIRECTION('ref_axis',(-5.09511463332806E-93,1.,1.16753055309853E-18));
#3765=DIRECTION('center_axis',(-4.36400967821035E-75,-1.16753055310142E-18,
1.));
#3766=DIRECTION('ref_axis',(5.09511463334084E-93,-1.,-1.16753055310143E-18));
#3767=DIRECTION('center_axis',(4.36400967821035E-75,1.16753055310142E-18,
-1.));
#3768=DIRECTION('ref_axis',(2.8613122731552E-91,-1.,-6.55661303283041E-17));
#3769=DIRECTION('center_axis',(-4.36400967821035E-75,-1.16753055310142E-18,
1.));
#3770=DIRECTION('ref_axis',(5.09511463334084E-93,-1.,-1.16753055310143E-18));
#3771=DIRECTION('center_axis',(4.36400967821035E-75,1.16753055310142E-18,
-1.));
#3772=DIRECTION('ref_axis',(5.09511463334077E-93,-1.,-1.16753055310144E-18));
#3773=DIRECTION('center_axis',(-4.36400967821035E-75,-1.16753055310142E-18,
1.));
#3774=DIRECTION('ref_axis',(5.09511463334084E-93,-1.,-1.16753055310143E-18));
#3775=DIRECTION('center_axis',(4.36400967821035E-75,1.16753055310142E-18,
-1.));
#3776=DIRECTION('ref_axis',(1.23851782118082E-90,-1.,-2.8380272100788E-16));
#3777=DIRECTION('center_axis',(-4.36400967821035E-75,-1.16753055310142E-18,
1.));
#3778=DIRECTION('ref_axis',(5.09511463334084E-93,-1.,-1.16753055310143E-18));
#3779=DIRECTION('',(-5.09511463334084E-93,1.,1.16753055310143E-18));
#3780=DIRECTION('',(1.,0.,4.36400967821035E-75));
#3781=DIRECTION('center_axis',(-4.36400967821035E-75,-1.16753055310142E-18,
1.));
#3782=DIRECTION('ref_axis',(5.09511463334084E-93,-1.,-1.16753055310143E-18));
#3783=DIRECTION('',(5.09511463334084E-93,-1.,-1.16753055310143E-18));
#3784=DIRECTION('',(-1.,0.,-4.36400967821035E-75));
#3785=DIRECTION('center_axis',(5.09511463334085E-93,-1.,-1.16753055310142E-18));
#3786=DIRECTION('ref_axis',(1.,0.,4.36400967821035E-75));
#3787=DIRECTION('',(-4.36400967821035E-75,-1.16753055310143E-18,1.));
#3788=DIRECTION('center_axis',(1.,0.,4.36400967821035E-75));
#3789=DIRECTION('ref_axis',(-5.09511463334084E-93,1.,1.16753055310143E-18));
#3790=DIRECTION('center_axis',(4.36400967821035E-75,1.16753055310142E-18,
-1.));
#3791=DIRECTION('ref_axis',(-5.09511463334084E-93,1.,1.16753055310143E-18));
#3792=DIRECTION('center_axis',(4.36400967821035E-75,1.16753055310142E-18,
-1.));
#3793=DIRECTION('ref_axis',(-1.50710838752383E-90,-1.,3.45349460393929E-16));
#3794=DIRECTION('center_axis',(4.36400967821035E-75,1.16753055310142E-18,
-1.));
#3795=DIRECTION('ref_axis',(-5.09511463334084E-93,1.,1.16753055310143E-18));
#3796=DIRECTION('center_axis',(-4.36400967821035E-75,-1.16753055310142E-18,
1.));
#3797=DIRECTION('ref_axis',(-1.50710838752383E-90,-1.,3.45349460393929E-16));
#3798=DIRECTION('center_axis',(4.36400967821035E-75,1.16753055310142E-18,
-1.));
#3799=DIRECTION('ref_axis',(-5.09511463334084E-93,1.,1.16753055310143E-18));
#3800=DIRECTION('center_axis',(-4.36400967821035E-75,-1.16753055310142E-18,
1.));
#3801=DIRECTION('ref_axis',(2.8613122731552E-91,-1.,-6.55661303283041E-17));
#3802=DIRECTION('center_axis',(-4.36400967821035E-75,-1.16753055310142E-18,
1.));
#3803=DIRECTION('ref_axis',(5.09511463334084E-93,-1.,-1.16753055310143E-18));
#3804=DIRECTION('center_axis',(-4.36400967821035E-75,-1.16753055310142E-18,
1.));
#3805=DIRECTION('ref_axis',(1.23851782118082E-90,-1.,-2.8380272100788E-16));
#3806=DIRECTION('center_axis',(-4.36400967821035E-75,-1.16753055310142E-18,
1.));
#3807=DIRECTION('ref_axis',(5.09511463334084E-93,-1.,-1.16753055310143E-18));
#3808=DIRECTION('center_axis',(-4.36400967821035E-75,-1.16753055310142E-18,
1.));
#3809=DIRECTION('ref_axis',(5.09511463334077E-93,-1.,-1.16753055310144E-18));
#3810=DIRECTION('center_axis',(-8.79742359037707E-18,6.55661303283041E-17,
-1.));
#3811=DIRECTION('ref_axis',(2.8613122731552E-91,-1.,-6.55661303283041E-17));
#3812=DIRECTION('',(-8.79742359037707E-18,6.55661303283041E-17,-1.));
#3813=DIRECTION('center_axis',(4.36400967821035E-75,1.16753055310142E-18,
-1.));
#3814=DIRECTION('ref_axis',(5.09511463334077E-93,-1.,-1.16753055310144E-18));
#3815=DIRECTION('',(4.36400967821035E-75,1.16753055310142E-18,-1.));
#3816=DIRECTION('center_axis',(-1.49045558203198E-16,2.8380272100788E-16,
-1.));
#3817=DIRECTION('ref_axis',(1.23851782118082E-90,-1.,-2.8380272100788E-16));
#3818=DIRECTION('',(-1.49045558203198E-16,2.8380272100788E-16,-1.));
#3819=DIRECTION('center_axis',(-1.53920247116482E-14,-3.45349460393929E-16,
-1.));
#3820=DIRECTION('ref_axis',(-1.50710838752383E-90,-1.,3.45349460393929E-16));
#3821=DIRECTION('',(-1.53920247116482E-14,-3.45349460393929E-16,-1.));
#3822=CARTESIAN_POINT('',(0.,0.,0.));
#3823=CARTESIAN_POINT('Origin',(5.35989091057764,2.54225853836712,0.138740271566424));
#3824=CARTESIAN_POINT('',(7.03840709323984,-0.894960497347976,0.138740271566424));
#3825=CARTESIAN_POINT('',(4.64996501281244,-0.894960497347976,0.138740271566424));
#3826=CARTESIAN_POINT('',(5.56663113333887,-0.894960497347976,0.138740271566424));
#3827=CARTESIAN_POINT('',(7.03840709323984,-0.904904580610991,0.138740271566424));
#3828=CARTESIAN_POINT('',(7.03840709323984,0.689401873299069,0.138740271566424));
#3829=CARTESIAN_POINT('',(7.83394589323985,-0.904904580610991,0.138740271566424));
#3830=CARTESIAN_POINT('',(6.39803370190874,-0.904904580610991,0.138740271566424));
#3831=CARTESIAN_POINT('',(7.83394589323985,6.07594822816846,0.138740271566423));
#3832=CARTESIAN_POINT('',(7.83394589323985,2.56389016329125,0.138740271566424));
#3833=CARTESIAN_POINT('',(7.03840714308585,6.07594822816846,0.138740271566423));
#3834=CARTESIAN_POINT('',(6.39803372561765,6.07594822816846,0.138740271566423));
#3835=CARTESIAN_POINT('',(7.03840714245163,6.06600400265202,0.138740271566423));
#3836=CARTESIAN_POINT('',(7.038407038646,4.43837838790333,0.138740271566424));
#3837=CARTESIAN_POINT('',(6.89240794821082,6.06600400265202,0.138740271566423));
#3838=CARTESIAN_POINT('',(5.56204607370366,6.06600400265202,0.138740271566423));
#3839=CARTESIAN_POINT('',(6.89240794821082,3.97771465265202,0.138740271566424));
#3840=CARTESIAN_POINT('',(6.89240794821082,3.72405089550957,0.138740271566424));
#3841=CARTESIAN_POINT('',(4.99504781571606,3.97771465265202,0.138740271566424));
#3842=CARTESIAN_POINT('',(5.53350719203414,3.97771465265202,0.138740271566424));
#3843=CARTESIAN_POINT('',(4.79596406300584,3.97771465265202,0.138740271566424));
#3844=CARTESIAN_POINT('',(5.11110812925705,3.97771465265202,0.138740271566424));
#3845=CARTESIAN_POINT('',(4.79596406300584,6.06600400265202,0.138740271566423));
#3846=CARTESIAN_POINT('',(4.79596406300584,3.78205893300957,0.138740271566424));
#3847=CARTESIAN_POINT('',(4.64996501281244,6.06600400265202,0.138740271566423));
#3848=CARTESIAN_POINT('',(5.56204607370366,6.06600400265202,0.138740271566423));
#3849=CARTESIAN_POINT('',(4.64996501281244,6.86154280265202,0.138740271566425));
#3850=CARTESIAN_POINT('',(4.64996501281244,4.50301597050957,0.138740271566424));
#3851=CARTESIAN_POINT('',(3.85442621281244,6.86154280265202,0.138740271566425));
#3852=CARTESIAN_POINT('',(4.80604326169504,6.86154280265202,0.138740271566425));
#3853=CARTESIAN_POINT('',(3.85442621281244,6.06600400265202,0.138740271566423));
#3854=CARTESIAN_POINT('',(3.85442621281244,4.50301597050957,0.138740271566424));
#3855=CARTESIAN_POINT('',(2.86182848807546,6.06600400265202,0.138740271566423));
#3856=CARTESIAN_POINT('',(4.3590091305108,6.06600400265202,0.138740271566423));
#3857=CARTESIAN_POINT('',(2.86182848807546,4.58928516205339,0.138740271566424));
#3858=CARTESIAN_POINT('',(2.86182848807546,3.93495156035991,0.138740271566424));
#3859=CARTESIAN_POINT('',(2.85188402546999,4.58928516205339,0.138740271566424));
#3860=CARTESIAN_POINT('',(3.9766124888923,4.58928516205339,0.138740271566424));
#3861=CARTESIAN_POINT('',(2.85188402546999,3.80369054015202,0.138740271566424));
#3862=CARTESIAN_POINT('',(2.85188402546999,3.36937319473491,0.138740271566424));
#3863=CARTESIAN_POINT('',(2.06628968807546,3.80369054015202,0.138740271566424));
#3864=CARTESIAN_POINT('',(3.90948888367518,3.80369054015202,0.138740271566424));
#3865=CARTESIAN_POINT('',(2.06628968807546,3.79374626721778,0.138740271566424));
#3866=CARTESIAN_POINT('',(2.06628968807546,3.30224959742076,0.138740271566424));
#3867=CARTESIAN_POINT('',(1.86740498807546,3.79374626721778,0.138740271566424));
#3868=CARTESIAN_POINT('',(3.66336912432655,3.79374626721778,0.138740271566424));
#3869=CARTESIAN_POINT('',(1.86740498807546,3.58310953778739,0.138740271566424));
#3870=CARTESIAN_POINT('',(1.86740498807546,2.49878357791666,0.138740271566424));
#3871=CARTESIAN_POINT('',(3.95569433807546,3.58310953778739,0.138740271566424));
#3872=CARTESIAN_POINT('',(4.19372832432655,3.58310953778739,0.138740271566424));
#3873=CARTESIAN_POINT('',(3.95569433807546,3.77882995265202,0.138740271566424));
#3874=CARTESIAN_POINT('',(3.95569433807546,3.04505555136547,0.138740271566424));
#3875=CARTESIAN_POINT('',(7.31187355573984,3.77882995265202,0.138740271566424));
#3876=CARTESIAN_POINT('',(5.49683742874265,3.77882995265202,0.138740271566424));
#3877=CARTESIAN_POINT('',(7.46103708073984,3.62966642765202,0.138740271566424));
#3878=CARTESIAN_POINT('Origin',(7.31187355573984,3.62966642765202,0.138740271566424));
#3879=CARTESIAN_POINT('',(7.46103708073984,3.43078172765202,0.138740271566424));
#3880=CARTESIAN_POINT('',(7.46103708073984,3.03624130800957,0.138740271566424));
#3881=CARTESIAN_POINT('',(7.31187355573984,3.28161820265202,0.138740271566424));
#3882=CARTESIAN_POINT('Origin',(7.31187355573984,3.43078172765202,0.138740271566424));
#3883=CARTESIAN_POINT('',(3.95959788807546,3.28161820265202,0.138740271566424));
#3884=CARTESIAN_POINT('',(5.32902846785943,3.28161820265202,0.138740271566424));
#3885=CARTESIAN_POINT('',(3.95569433807546,3.28161820265202,0.138740271566424));
#3886=CARTESIAN_POINT('',(5.32902846785943,3.28161820265202,0.138740271566424));
#3887=CARTESIAN_POINT('',(3.95569433807546,2.78440645265202,0.138740271566424));
#3888=CARTESIAN_POINT('',(3.95569433807546,2.78763543300957,0.138740271566424));
#3889=CARTESIAN_POINT('',(3.95959788807546,2.78440645265202,0.138740271566424));
#3890=CARTESIAN_POINT('',(5.32902846785943,2.78440645265202,0.138740271566424));
#3891=CARTESIAN_POINT('',(7.31187355573984,2.78440645265202,0.138740271566424));
#3892=CARTESIAN_POINT('',(5.32902846785943,2.78440645265202,0.138740271566424));
#3893=CARTESIAN_POINT('',(7.46103708073984,2.63524292765202,0.138740271566424));
#3894=CARTESIAN_POINT('Origin',(7.31187355573984,2.63524292765202,0.138740271566424));
#3895=CARTESIAN_POINT('',(7.46103708073984,2.43635822765202,0.138740271566424));
#3896=CARTESIAN_POINT('',(7.46103708073984,2.53902955800957,0.138740271566424));
#3897=CARTESIAN_POINT('',(7.31187355573984,2.28719470265202,0.138740271566424));
#3898=CARTESIAN_POINT('Origin',(7.31187355573984,2.43635822765202,0.138740271566424));
#3899=CARTESIAN_POINT('',(3.95959788807546,2.28719470265202,0.138740271566424));
#3900=CARTESIAN_POINT('',(5.32902846785943,2.28719470265202,0.138740271566424));
#3901=CARTESIAN_POINT('',(3.95569433807546,2.28719470265202,0.138740271566424));
#3902=CARTESIAN_POINT('',(5.32902846785943,2.28719470265202,0.138740271566424));
#3903=CARTESIAN_POINT('',(3.95569433807546,1.81502453695513,0.138740271566424));
#3904=CARTESIAN_POINT('',(3.95569433807546,2.24893908956961,0.138740271566424));
#3905=CARTESIAN_POINT('',(3.95569433807546,1.78998295265202,0.138740271566423));
#3906=CARTESIAN_POINT('',(3.95569433807546,2.24893908956961,0.138740271566424));
#3907=CARTESIAN_POINT('',(7.31187355573984,1.78998295265202,0.138740271566423));
#3908=CARTESIAN_POINT('',(5.32902846785943,1.78998295265202,0.138740271566423));
#3909=CARTESIAN_POINT('',(7.46103708073984,1.64081942765202,0.138740271566423));
#3910=CARTESIAN_POINT('Origin',(7.31187355573984,1.64081942765202,0.138740271566423));
#3911=CARTESIAN_POINT('',(7.46103708073984,1.50157077654557,0.138740271566423));
#3912=CARTESIAN_POINT('',(7.46103708073984,2.05672682023296,0.138740271566424));
#3913=CARTESIAN_POINT('',(7.31187355573984,1.35240725154557,0.138740271566423));
#3914=CARTESIAN_POINT('Origin',(7.31187355573984,1.50157077654557,0.138740271566423));
#3915=CARTESIAN_POINT('',(3.95569433807546,1.35240725154557,0.138740271566423));
#3916=CARTESIAN_POINT('',(5.49683742874265,1.35240725154557,0.138740271566423));
#3917=CARTESIAN_POINT('',(3.95569433807546,1.48666603192487,0.138740271566423));
#3918=CARTESIAN_POINT('',(3.95569433807546,2.04263864187064,0.138740271566424));
#3919=CARTESIAN_POINT('',(1.86740498807546,1.48666603192487,0.138740271566423));
#3920=CARTESIAN_POINT('',(4.13572028682655,1.48666603192487,0.138740271566423));
#3921=CARTESIAN_POINT('',(1.86740498807546,1.27785469841504,0.138740271566425));
#3922=CARTESIAN_POINT('',(1.86740498807546,2.49878357791666,0.138740271566424));
#3923=CARTESIAN_POINT('',(2.06628968807546,1.27785469841504,0.138740271566425));
#3924=CARTESIAN_POINT('',(3.66336912432655,1.27785469841504,0.138740271566425));
#3925=CARTESIAN_POINT('',(2.06628968807546,1.26791061515202,0.138740271566425));
#3926=CARTESIAN_POINT('',(2.06628968807546,1.77580947118058,0.138740271566423));
#3927=CARTESIAN_POINT('',(2.85188402546999,1.26791061515202,0.138740271566425));
#3928=CARTESIAN_POINT('',(3.90948888367518,1.26791061515202,0.138740271566425));
#3929=CARTESIAN_POINT('',(2.85188402546999,0.482315898415039,0.138740271566424));
#3930=CARTESIAN_POINT('',(2.85188402546999,1.70868589757533,0.138740271566423));
#3931=CARTESIAN_POINT('',(2.86182848807546,0.482315898415039,0.138740271566424));
#3932=CARTESIAN_POINT('',(3.9766124888923,0.482315898415039,0.138740271566424));
#3933=CARTESIAN_POINT('',(2.86182848807546,-0.894960497347976,0.138740271566424));
#3934=CARTESIAN_POINT('',(2.86182848807546,1.16796811945033,0.138740271566425));
#3935=CARTESIAN_POINT('',(3.85442621281244,-0.894960497347976,0.138740271566424));
#3936=CARTESIAN_POINT('',(4.3590091305108,-0.894960497347976,0.138740271566424));
#3937=CARTESIAN_POINT('',(3.85442621281244,-1.69049929734798,0.138740271566424));
#3938=CARTESIAN_POINT('',(3.85442621281244,0.624764320509572,0.138740271566424));
#3939=CARTESIAN_POINT('',(4.64996501281244,-1.69049929734798,0.138740271566424));
#3940=CARTESIAN_POINT('',(4.80604326169504,-1.69049929734798,0.138740271566424));
#3941=CARTESIAN_POINT('',(4.64996501281244,0.624764320509572,0.138740271566424));
#3942=CARTESIAN_POINT('',(3.23473730057546,5.69309519015202,0.138740271566423));
#3943=CARTESIAN_POINT('',(4.58715310883848,5.69309519015202,0.138740271566423));
#3944=CARTESIAN_POINT('',(4.6354180576423,5.69309519015202,0.138740271566423));
#3945=CARTESIAN_POINT('',(4.58715310883848,5.27046510781641,0.138740271566424));
#3946=CARTESIAN_POINT('',(4.58715310883848,4.01201934367567,0.138740271566424));
#3947=CARTESIAN_POINT('',(3.38390082557546,5.27046510781641,0.138740271566424));
#3948=CARTESIAN_POINT('',(4.6727089388923,5.27046510781641,0.138740271566424));
#3949=CARTESIAN_POINT('',(3.23473730057546,5.41962863281641,0.138740271566423));
#3950=CARTESIAN_POINT('Origin',(3.38390082557546,5.41962863281641,0.138740271566423));
#3951=CARTESIAN_POINT('',(3.23473730057546,4.04931022492567,0.138740271566424));
#3952=CARTESIAN_POINT('',(3.23473730057546,4.62408983281641,0.138740271566424));
#3953=CARTESIAN_POINT('',(3.38390082557546,4.77325335781641,0.138740271566424));
#3954=CARTESIAN_POINT('Origin',(3.38390082557546,4.62408983281641,0.138740271566424));
#3955=CARTESIAN_POINT('',(4.58715310883848,4.77325335781641,0.138740271566424));
#3956=CARTESIAN_POINT('',(4.6727089388923,4.77325335781641,0.138740271566424));
#3957=CARTESIAN_POINT('',(4.58715310883848,4.27604160781641,0.138740271566424));
#3958=CARTESIAN_POINT('',(4.58715310883848,3.53345301059176,0.138740271566424));
#3959=CARTESIAN_POINT('',(3.38390082557546,4.27604160781641,0.138740271566424));
#3960=CARTESIAN_POINT('',(4.6727089388923,4.27604160781641,0.138740271566424));
#3961=CARTESIAN_POINT('',(3.23473730057546,4.42520513281641,0.138740271566424));
#3962=CARTESIAN_POINT('Origin',(3.38390082557546,4.42520513281641,0.138740271566424));
#3963=CARTESIAN_POINT('',(3.23473730057546,3.53345301059176,0.138740271566424));
#3964=CARTESIAN_POINT('',(4.25219558168303,6.31460991186865,0.138740271566423));
#3965=CARTESIAN_POINT('Origin',(4.25219558168303,6.46377339757381,0.138740271566423));
#3966=CARTESIAN_POINT('',(7.10304467764121,5.69309519015202,0.138740271566423));
#3967=CARTESIAN_POINT('',(7.46103708073984,5.69309519015202,0.138740271566423));
#3968=CARTESIAN_POINT('',(6.32096589488408,5.69309519015202,0.138740271566423));
#3969=CARTESIAN_POINT('',(7.46103708073984,5.41962863281641,0.138740271566423));
#3970=CARTESIAN_POINT('',(7.46103708073984,4.04931022492567,0.138740271566424));
#3971=CARTESIAN_POINT('',(7.31187355573984,5.27046510781641,0.138740271566424));
#3972=CARTESIAN_POINT('Origin',(7.31187355573984,5.41962863281641,0.138740271566423));
#3973=CARTESIAN_POINT('',(7.10304467764121,5.27046510781641,0.138740271566424));
#3974=CARTESIAN_POINT('',(6.28367501363408,5.27046510781641,0.138740271566424));
#3975=CARTESIAN_POINT('',(7.10304467764121,4.01201934367567,0.138740271566424));
#3976=CARTESIAN_POINT('',(7.10304467764121,4.77325335781641,0.138740271566424));
#3977=CARTESIAN_POINT('',(7.31187355573984,4.77325335781641,0.138740271566424));
#3978=CARTESIAN_POINT('',(6.28367501363408,4.77325335781641,0.138740271566424));
#3979=CARTESIAN_POINT('',(7.46103708073984,4.62408983281641,0.138740271566424));
#3980=CARTESIAN_POINT('Origin',(7.31187355573984,4.62408983281641,0.138740271566424));
#3981=CARTESIAN_POINT('',(7.46103708073984,4.42520513281641,0.138740271566424));
#3982=CARTESIAN_POINT('',(7.46103708073984,3.53345301059176,0.138740271566424));
#3983=CARTESIAN_POINT('',(7.31187355573984,4.27604160781641,0.138740271566424));
#3984=CARTESIAN_POINT('Origin',(7.31187355573984,4.42520513281641,0.138740271566424));
#3985=CARTESIAN_POINT('',(7.10304467764121,4.27604160781641,0.138740271566424));
#3986=CARTESIAN_POINT('',(6.28367501363408,4.27604160781641,0.138740271566424));
#3987=CARTESIAN_POINT('',(7.10304467764121,3.53345301059176,0.138740271566424));
#3988=CARTESIAN_POINT('',(7.10304467764121,0.85519550154557,0.138740271566424));
#3989=CARTESIAN_POINT('',(7.31187355573984,0.85519550154557,0.138740271566424));
#3990=CARTESIAN_POINT('',(6.28367501363408,0.85519550154557,0.138740271566424));
#3991=CARTESIAN_POINT('',(7.46103708073984,0.706031976545572,0.138740271566424));
#3992=CARTESIAN_POINT('Origin',(7.31187355573984,0.706031976545572,0.138740271566424));
#3993=CARTESIAN_POINT('',(7.46103708073984,0.447482018282555,0.138740271566423));
#3994=CARTESIAN_POINT('',(7.46103708073984,1.55950776789059,0.138740271566423));
#3995=CARTESIAN_POINT('',(7.31187355573984,0.298318493282556,0.138740271566423));
#3996=CARTESIAN_POINT('Origin',(7.31187355573984,0.447482018282555,0.138740271566423));
#3997=CARTESIAN_POINT('',(7.10304467764121,0.298318493282556,0.138740271566423));
#3998=CARTESIAN_POINT('',(6.28367501363408,0.298318493282556,0.138740271566423));
#3999=CARTESIAN_POINT('',(7.10304467764121,1.55950776789059,0.138740271566423));
#4000=CARTESIAN_POINT('',(7.10304467764121,-0.198893256717444,0.138740271566423));
#4001=CARTESIAN_POINT('',(7.31187355573984,-0.198893256717444,0.138740271566423));
#4002=CARTESIAN_POINT('',(6.28367501363408,-0.198893256717444,0.138740271566423));
#4003=CARTESIAN_POINT('',(7.46103708073984,-0.348056781717445,0.138740271566424));
#4004=CARTESIAN_POINT('Origin',(7.31187355573984,-0.348056781717445,0.138740271566424));
#4005=CARTESIAN_POINT('',(7.46103708073984,-0.522051684847976,0.138740271566424));
#4006=CARTESIAN_POINT('',(7.46103708073984,1.05360215254221,0.138740271566425));
#4007=CARTESIAN_POINT('',(7.10304467764121,-0.522051684847976,0.138740271566424));
#4008=CARTESIAN_POINT('',(6.32096589488408,-0.522051684847976,0.138740271566424));
#4009=CARTESIAN_POINT('',(7.10304467764121,1.0908930337922,0.138740271566425));
#4010=CARTESIAN_POINT('',(4.2521955649774,-1.44189336650568,0.138740271566423));
#4011=CARTESIAN_POINT('Origin',(4.2521955649774,-1.29272989734798,0.138740271566423));
#4012=CARTESIAN_POINT('',(3.23473730057546,-0.348056781717445,0.138740271566424));
#4013=CARTESIAN_POINT('',(3.38390082557546,-0.198893256717444,0.138740271566423));
#4014=CARTESIAN_POINT('Origin',(3.38390082557546,-0.348056781717445,0.138740271566424));
#4015=CARTESIAN_POINT('',(4.58715310883848,-0.198893256717444,0.138740271566423));
#4016=CARTESIAN_POINT('',(4.6727089388923,-0.198893256717444,0.138740271566423));
#4017=CARTESIAN_POINT('',(4.58715310883848,-0.522051684847976,0.138740271566424));
#4018=CARTESIAN_POINT('',(4.58715310883848,1.0908930337922,0.138740271566425));
#4019=CARTESIAN_POINT('',(3.23473730057546,-0.522051684847976,0.138740271566424));
#4020=CARTESIAN_POINT('',(4.6354180576423,-0.522051684847976,0.138740271566424));
#4021=CARTESIAN_POINT('',(3.23473730057546,1.05360215254221,0.138740271566425));
#4022=CARTESIAN_POINT('',(3.23473730057546,0.706031976545572,0.138740271566424));
#4023=CARTESIAN_POINT('',(3.38390082557546,0.85519550154557,0.138740271566424));
#4024=CARTESIAN_POINT('Origin',(3.38390082557546,0.706031976545572,0.138740271566424));
#4025=CARTESIAN_POINT('',(4.58715310883848,0.85519550154557,0.138740271566424));
#4026=CARTESIAN_POINT('',(4.6727089388923,0.85519550154557,0.138740271566424));
#4027=CARTESIAN_POINT('',(4.58715310883848,0.298318493282556,0.138740271566423));
#4028=CARTESIAN_POINT('',(4.58715310883848,1.55950776789059,0.138740271566423));
#4029=CARTESIAN_POINT('',(3.38390082557546,0.298318493282556,0.138740271566423));
#4030=CARTESIAN_POINT('',(4.6727089388923,0.298318493282556,0.138740271566423));
#4031=CARTESIAN_POINT('',(3.23473730057546,0.447482018282555,0.138740271566423));
#4032=CARTESIAN_POINT('Origin',(3.38390082557546,0.447482018282555,0.138740271566423));
#4033=CARTESIAN_POINT('',(3.23473730057546,1.55950776789059,0.138740271566423));
#4034=CARTESIAN_POINT('Origin',(3.60764600666913,2.7215441672575,-0.0112187345735228));
#4035=CARTESIAN_POINT('',(3.60764600666913,2.82098652147156,-0.159828734573523));
#4036=CARTESIAN_POINT('Origin',(3.60764600666913,2.7215441672575,-0.159828734573523));
#4037=CARTESIAN_POINT('',(3.60764600666913,2.82098652147156,-0.159586778433576));
#4038=CARTESIAN_POINT('',(3.60764600666913,2.82098652147156,-0.0112187345735228));
#4039=CARTESIAN_POINT('Origin',(3.60764600666913,2.7215441672575,-0.159586778433576));
#4040=CARTESIAN_POINT('Origin',(3.25959788807546,1.85997884414544,-0.159828734573523));
#4041=CARTESIAN_POINT('Origin',(6.89240785317133,0.497232402652025,-0.159587526788742));
#4042=CARTESIAN_POINT('',(5.93140013549382,0.845280627652024,-0.159586778433576));
#4043=CARTESIAN_POINT('Origin',(6.03084250655423,0.845280627652024,-0.159586778433576));
#4044=CARTESIAN_POINT('Origin',(5.7733713561001,-0.894960497347976,0.0493436264597265));
#4045=CARTESIAN_POINT('',(4.64996501281244,-0.894960497347976,-0.159586778433577));
#4046=CARTESIAN_POINT('',(4.64996501281244,-0.894960497347976,0.0194601865130754));
#4047=CARTESIAN_POINT('',(7.03840709323984,-0.894960497347976,-0.159586778433577));
#4048=CARTESIAN_POINT('',(5.50647972778489,-0.894960497347976,-0.159586778433577));
#4049=CARTESIAN_POINT('',(7.03840709323984,-0.894960497347976,0.0774682240130757));
#4050=CARTESIAN_POINT('Origin',(3.95569433807546,1.81502453695513,0.0392979215664232));
#4051=CARTESIAN_POINT('',(3.95569433807546,1.78998295265202,0.0585606875314919));
#4052=CARTESIAN_POINT('',(3.95569433807546,1.68502459640392,0.139297921566423));
#4053=CARTESIAN_POINT('',(3.95569433807546,1.65846614244927,0.159727510873955));
#4054=CARTESIAN_POINT('',(3.95569433807546,1.78998295265202,0.0297010342000898));
#4055=CARTESIAN_POINT('',(3.95569433807546,1.81502453695513,0.139297921566423));
#4056=CARTESIAN_POINT('',(3.95569433807546,1.81502453695513,0.0392979215664232));
#4057=CARTESIAN_POINT('',(3.95569433807546,1.81502453695513,0.139297921566423));
#4058=CARTESIAN_POINT('Origin',(1.86740498807546,1.81502450152065,0.139297921566423));
#4059=CARTESIAN_POINT('',(1.86740499028133,1.68502456096944,0.139297921566423));
#4060=CARTESIAN_POINT('',(1.86740498807546,1.81502450152065,0.0392979215664232));
#4061=CARTESIAN_POINT('',(1.86740498807546,1.94119725003685,-0.057758083214207));
#4062=CARTESIAN_POINT('',(1.86740498807546,1.81502450152065,0.139297921566423));
#4063=CARTESIAN_POINT('',(1.86740498807546,1.81502450152065,0.139297921566423));
#4064=CARTESIAN_POINT('',(1.86740498807546,1.81502450152065,0.0392979215664232));
#4065=CARTESIAN_POINT('Origin',(3.95569433807546,1.54301874537415,0.0514582025141332));
#4066=CARTESIAN_POINT('',(3.95569433807546,1.78998295265202,-0.159586778433576));
#4067=CARTESIAN_POINT('',(3.95569433807546,1.78998295265202,0.0274158740882464));
#4068=CARTESIAN_POINT('',(3.95569433807546,1.48666603192487,0.291881502480374));
#4069=CARTESIAN_POINT('',(3.95569433807546,1.65846614244927,0.159727510873955));
#4070=CARTESIAN_POINT('',(3.95569433807546,1.48666603192487,0.133384540841922));
#4071=CARTESIAN_POINT('',(3.95569433807546,1.35240725154557,-0.159586778433576));
#4072=CARTESIAN_POINT('',(3.95569433807546,1.35240725154557,0.0205174745402784));
#4073=CARTESIAN_POINT('',(3.95569433807546,2.05648886077139,-0.159586778433576));
#4074=CARTESIAN_POINT('Origin',(3.12037859807546,1.67867279790265,0.14418391174499));
#4075=CARTESIAN_POINT('',(3.5380364691245,1.68502458931702,0.139297921566423));
#4076=CARTESIAN_POINT('',(1.86740498807546,1.48666603192487,0.291881475223069));
#4077=CARTESIAN_POINT('',(1.86740498807546,1.94119725003685,-0.057758083214207));
#4078=CARTESIAN_POINT('',(3.01596412911183,1.48666603192487,0.291881490214586));
#4079=CARTESIAN_POINT('Origin',(1.86740498807546,2.45530861746621,0.0673627621449319));
#4080=CARTESIAN_POINT('',(1.86740498807546,3.58310953778739,0.139297921566424));
#4081=CARTESIAN_POINT('',(1.86740498807546,2.4373397868062,0.139297921566423));
#4082=CARTESIAN_POINT('',(1.86740498807546,3.58310953778739,0.0392979215664236));
#4083=CARTESIAN_POINT('',(1.86740498807546,3.79374626721778,-0.159586778433577));
#4084=CARTESIAN_POINT('',(1.86740498807546,3.79374626721778,0.0284697543556775));
#4085=CARTESIAN_POINT('',(1.86740498807546,1.27785469841504,-0.159586778433576));
#4086=CARTESIAN_POINT('',(1.86740498807546,2.51263379681742,-0.159586778433576));
#4087=CARTESIAN_POINT('',(1.86740498807546,1.27785469841504,0.0284697543556783));
#4088=CARTESIAN_POINT('',(1.86740498807546,1.48666603192487,0.141336820657322));
#4089=CARTESIAN_POINT('Origin',(3.95569433807546,1.81502453695513,0.0392979215664234));
#4090=CARTESIAN_POINT('',(3.95569433807546,2.28719470265202,0.139297921566423));
#4091=CARTESIAN_POINT('',(3.95569433807546,2.28719470265202,0.0392979215664234));
#4092=CARTESIAN_POINT('',(3.95569433807546,2.76936458927975,0.139297921566423));
#4093=CARTESIAN_POINT('Origin',(3.95569433807546,2.28719470265202,0.0392979215664234));
#4094=CARTESIAN_POINT('',(3.95959788807546,2.28719470265202,0.139297921566423));
#4095=CARTESIAN_POINT('',(3.95959788807546,2.28719470265202,0.0392979215664234));
#4096=CARTESIAN_POINT('',(4.27888195660834,2.28719470265202,0.139297921566423));
#4097=CARTESIAN_POINT('Origin',(3.95569433807546,3.28161820265202,0.0392979215664234));
#4098=CARTESIAN_POINT('',(3.95959788807546,3.28161820265202,0.139297921566423));
#4099=CARTESIAN_POINT('',(3.95959788807546,3.28161820265202,0.0392979215664234));
#4100=CARTESIAN_POINT('',(3.95569433807546,3.28161820265202,0.139297921566423));
#4101=CARTESIAN_POINT('',(4.27888195660834,3.28161820265202,0.139297921566423));
#4102=CARTESIAN_POINT('',(3.95569433807546,3.28161820265202,0.0392979215664234));
#4103=CARTESIAN_POINT('Origin',(3.95569433807546,2.78440645265202,0.0392979215664234));
#4104=CARTESIAN_POINT('',(3.95569433807546,2.78440645265202,0.139297921566423));
#4105=CARTESIAN_POINT('',(3.95569433807546,3.30806093271971,0.139297921566423));
#4106=CARTESIAN_POINT('',(3.95569433807546,2.78440645265202,0.0392979215664234));
#4107=CARTESIAN_POINT('Origin',(3.95959788807546,2.78440645265202,0.0392979215664234));
#4108=CARTESIAN_POINT('',(3.95959788807546,2.78440645265202,0.139297921566423));
#4109=CARTESIAN_POINT('',(4.27888195660834,2.78440645265202,0.139297921566423));
#4110=CARTESIAN_POINT('',(3.95959788807546,2.78440645265202,0.0392979215664234));
#4111=CARTESIAN_POINT('Origin',(3.02756573807546,2.41937095614619,0.139297921566424));
#4112=CARTESIAN_POINT('',(3.95959788807546,2.5704575735563,0.139297921566423));
#4113=CARTESIAN_POINT('',(3.95959788807546,3.58310953778739,0.139297921566424));
#4114=CARTESIAN_POINT('',(3.95959788807546,2.5704575735563,0.139297921566423));
#4115=CARTESIAN_POINT('',(3.25959788807546,3.58310953778739,0.139297921566424));
#4116=CARTESIAN_POINT('Origin',(5.29816602514121,2.78440645265202,-0.0105823496615656));
#4117=CARTESIAN_POINT('',(3.95959788807546,2.78440645265202,-0.0112187345735228));
#4118=CARTESIAN_POINT('',(3.95959788807546,2.78440645265202,0.0143577859524289));
#4119=CARTESIAN_POINT('',(3.95569433807546,2.78440645265202,-0.0112187345735228));
#4120=CARTESIAN_POINT('',(4.27888195660834,2.78440645265202,-0.0112187345735228));
#4121=CARTESIAN_POINT('',(3.95569433807546,2.78440645265202,-0.159586778433576));
#4122=CARTESIAN_POINT('',(3.95569433807546,2.78440645265202,-0.047992553082558));
#4123=CARTESIAN_POINT('',(7.31187355573984,2.78440645265202,-0.159586778433576));
#4124=CARTESIAN_POINT('',(5.26887706230545,2.78440645265202,-0.159586778433576));
#4125=CARTESIAN_POINT('',(7.31187355573984,2.78440645265202,-0.159586778433576));
#4126=CARTESIAN_POINT('Origin',(3.25959788807546,3.58310953778739,-0.0112187345735232));
#4127=CARTESIAN_POINT('',(3.95569433807546,3.58310953778739,-0.0112187345735227));
#4128=CARTESIAN_POINT('',(3.95569433807546,3.58310953778739,0.0224590361864411));
#4129=CARTESIAN_POINT('',(3.95959788807546,3.58310953778739,-0.0112187345735227));
#4130=CARTESIAN_POINT('',(3.95959788807546,3.58310953778739,0.0348230398414451));
#4131=CARTESIAN_POINT('',(3.25959788807546,3.58310953778739,-0.0112187345735227));
#4132=CARTESIAN_POINT('Origin',(3.95959788807546,2.72154419096641,0.0140395934964511));
#4133=CARTESIAN_POINT('',(3.95959788807546,2.28719470265202,-0.0112187345735228));
#4134=CARTESIAN_POINT('',(3.95959788807546,2.28719470265202,0.0143577859524289));
#4135=CARTESIAN_POINT('',(3.95959788807546,2.72458590106919,-0.0112187345735228));
#4136=CARTESIAN_POINT('Origin',(3.95959788807546,2.72154419096641,0.0140395934964511));
#4137=CARTESIAN_POINT('',(3.95959788807546,3.28161820265202,-0.0112187345735228));
#4138=CARTESIAN_POINT('',(3.95959788807546,3.28161820265202,0.014357785952429));
#4139=CARTESIAN_POINT('',(3.95959788807546,2.72458590106919,-0.0112187345735228));
#4140=CARTESIAN_POINT('Origin',(3.25959788807546,1.85997884414544,-0.0112187345735229));
#4141=CARTESIAN_POINT('',(3.95569433807546,2.28719470265202,-0.011218734573523));
#4142=CARTESIAN_POINT('',(4.27888195660834,2.28719470265202,-0.0112187345735228));
#4143=CARTESIAN_POINT('',(3.95569433807546,2.63171409441199,-0.0112187345735228));
#4144=CARTESIAN_POINT('Origin',(3.25959788807546,1.85997884414544,-0.0112187345735229));
#4145=CARTESIAN_POINT('',(3.95569433807546,3.28161820265202,-0.0112187345735227));
#4146=CARTESIAN_POINT('',(3.95569433807546,3.13774008776789,-0.0112187345735227));
#4147=CARTESIAN_POINT('',(4.27888195660834,3.28161820265202,-0.0112187345735228));
#4148=CARTESIAN_POINT('Origin',(5.29816602514121,2.28719470265202,-0.0105823496615657));
#4149=CARTESIAN_POINT('',(7.31187355573984,2.28719470265202,-0.159586778433576));
#4150=CARTESIAN_POINT('',(7.31187355573984,2.28719470265202,-0.159586778433576));
#4151=CARTESIAN_POINT('',(3.95569433807546,2.28719470265202,-0.159586778433576));
#4152=CARTESIAN_POINT('',(5.26887706230545,2.28719470265202,-0.159586778433576));
#4153=CARTESIAN_POINT('',(3.95569433807546,2.28719470265202,-0.0479925530825581));
#4154=CARTESIAN_POINT('Origin',(3.23473730057546,5.55636191148422,-0.0104232534335767));
#4155=CARTESIAN_POINT('',(3.23473730057546,5.69309519015202,-0.159586778433576));
#4156=CARTESIAN_POINT('',(3.23473730057546,5.69309519015202,-0.0104232534335767));
#4157=CARTESIAN_POINT('',(3.23473730057546,5.41962863281641,-0.159586778433576));
#4158=CARTESIAN_POINT('',(3.23473730057546,5.41962863281641,-0.159586778433576));
#4159=CARTESIAN_POINT('',(3.23473730057546,4.06316044382642,-0.159586778433577));
#4160=CARTESIAN_POINT('Origin',(3.91094520470697,5.69309519015202,-0.0104232534335767));
#4161=CARTESIAN_POINT('',(4.58715310883848,5.69309519015202,-0.159586778433576));
#4162=CARTESIAN_POINT('',(4.57526665208833,5.69309519015202,-0.159586778433576));
#4163=CARTESIAN_POINT('',(4.58715310883848,5.69309519015202,-0.0104232534335767));
#4164=CARTESIAN_POINT('Origin',(3.38390082557546,5.41962863281641,-0.159586778433576));
#4165=CARTESIAN_POINT('',(3.38390082557546,5.27046510781641,-0.159586778433576));
#4166=CARTESIAN_POINT('',(3.38390082557546,5.27046510781641,-0.159586778433576));
#4167=CARTESIAN_POINT('Origin',(3.38390082557546,5.41962863281641,-0.159586778433576));
#4168=CARTESIAN_POINT('Origin',(5.23958809946968,2.56995897616863,-0.159586778433576));
#4169=CARTESIAN_POINT('',(2.06628968807546,3.79374626721778,-0.159586778433577));
#4170=CARTESIAN_POINT('',(3.60321771877257,3.79374626721778,-0.159586778433577));
#4171=CARTESIAN_POINT('',(2.06628968807546,4.58928516205339,-0.159586778433576));
#4172=CARTESIAN_POINT('',(2.06628968807546,3.31609981632151,-0.159586778433577));
#4173=CARTESIAN_POINT('',(2.86182848807546,4.58928516205339,-0.159586778433576));
#4174=CARTESIAN_POINT('',(3.91646108333833,4.58928516205339,-0.159586778433576));
#4175=CARTESIAN_POINT('',(2.86182848807546,6.06600400265202,-0.159586778433576));
#4176=CARTESIAN_POINT('',(2.86182848807546,3.94880177926067,-0.159586778433577));
#4177=CARTESIAN_POINT('',(3.85442621281244,6.06600400265202,-0.159586778433576));
#4178=CARTESIAN_POINT('',(4.29885772495682,6.06600400265202,-0.159586778433576));
#4179=CARTESIAN_POINT('',(3.85442621281244,6.86154280265202,-0.159586778433576));
#4180=CARTESIAN_POINT('',(3.85442621281244,4.51686618941032,-0.159586778433577));
#4181=CARTESIAN_POINT('',(4.64996501281244,6.86154280265202,-0.159586778433576));
#4182=CARTESIAN_POINT('',(4.74589185614106,6.86154280265202,-0.159586778433576));
#4183=CARTESIAN_POINT('',(4.64996501281244,6.06600400265202,-0.159586778433576));
#4184=CARTESIAN_POINT('',(4.64996501281244,4.51686618941032,-0.159586778433577));
#4185=CARTESIAN_POINT('',(7.03840711444454,6.06600400265202,-0.159586778433576));
#4186=CARTESIAN_POINT('',(5.50189466814968,6.06600400265202,-0.159586778433576));
#4187=CARTESIAN_POINT('',(7.03840716518189,6.86154280265202,-0.159586778433576));
#4188=CARTESIAN_POINT('',(7.03840701152224,4.45222860296779,-0.159586778433577));
#4189=CARTESIAN_POINT('',(7.83394589323985,6.86154280265202,-0.159586778433576));
#4190=CARTESIAN_POINT('',(6.33788232006367,6.86154280265202,-0.159586778433576));
#4191=CARTESIAN_POINT('',(7.83394589323985,-1.69049929734798,-0.159586778433577));
#4192=CARTESIAN_POINT('',(7.83394589323985,2.577740382192,-0.159586778433576));
#4193=CARTESIAN_POINT('',(7.03840709323984,-1.69049929734798,-0.159586778433577));
#4194=CARTESIAN_POINT('',(6.33788229635476,-1.69049929734798,-0.159586778433577));
#4195=CARTESIAN_POINT('',(7.03840709323984,0.703252092199823,-0.159586778433576));
#4196=CARTESIAN_POINT('',(4.64996501281244,-1.69049929734798,-0.159586778433577));
#4197=CARTESIAN_POINT('',(4.64996501281244,0.638614539410326,-0.159586778433576));
#4198=CARTESIAN_POINT('',(3.85442621281244,-1.69049929734798,-0.159586778433577));
#4199=CARTESIAN_POINT('',(4.74589185614106,-1.69049929734798,-0.159586778433577));
#4200=CARTESIAN_POINT('',(3.85442621281244,-0.894960497347976,-0.159586778433577));
#4201=CARTESIAN_POINT('',(3.85442621281244,0.638614539410326,-0.159586778433576));
#4202=CARTESIAN_POINT('',(2.86182848807546,-0.894960497347976,-0.159586778433577));
#4203=CARTESIAN_POINT('',(4.29885772495682,-0.894960497347976,-0.159586778433577));
#4204=CARTESIAN_POINT('',(2.86182848807546,0.482315898415039,-0.159586778433576));
#4205=CARTESIAN_POINT('',(2.86182848807546,1.18181833835108,-0.159586778433576));
#4206=CARTESIAN_POINT('',(2.06628968807546,0.482315898415039,-0.159586778433576));
#4207=CARTESIAN_POINT('',(3.91646108333833,0.482315898415039,-0.159586778433576));
#4208=CARTESIAN_POINT('',(2.06628968807546,1.27785469841504,-0.159586778433576));
#4209=CARTESIAN_POINT('',(2.06628968807546,1.78965969008133,-0.159586778433576));
#4210=CARTESIAN_POINT('',(3.60321771877257,1.27785469841504,-0.159586778433576));
#4211=CARTESIAN_POINT('',(7.43617651066152,-1.59105689833439,-0.159586778433574));
#4212=CARTESIAN_POINT('Origin',(7.43617651066152,-1.29272989734798,-0.159586778433573));
#4213=CARTESIAN_POINT('',(7.43617651066152,6.16544634499548,-0.159586778433576));
#4214=CARTESIAN_POINT('Origin',(7.43617651066152,6.46377338523035,-0.159586778433576));
#4215=CARTESIAN_POINT('',(7.10304467764121,-0.198893256717446,-0.159586778433576));
#4216=CARTESIAN_POINT('',(7.10304467764121,-0.522051684847976,-0.159586778433576));
#4217=CARTESIAN_POINT('',(7.10304467764121,1.10474325269296,-0.159586778433576));
#4218=CARTESIAN_POINT('',(7.46103708073984,-0.522051684847976,-0.159586778433576));
#4219=CARTESIAN_POINT('',(6.26081448933011,-0.522051684847976,-0.159586778433576));
#4220=CARTESIAN_POINT('',(7.46103708073984,-0.348056781717445,-0.159586778433576));
#4221=CARTESIAN_POINT('',(7.46103708073984,1.06745237144296,-0.159586778433576));
#4222=CARTESIAN_POINT('',(7.31187355573984,-0.198893256717446,-0.159586778433576));
#4223=CARTESIAN_POINT('Origin',(7.31187355573984,-0.348056781717445,-0.159586778433576));
#4224=CARTESIAN_POINT('',(6.22352360808011,-0.198893256717446,-0.159586778433576));
#4225=CARTESIAN_POINT('',(7.10304467764121,0.298318493282554,-0.159586778433576));
#4226=CARTESIAN_POINT('',(7.10304467764121,0.855195501545571,-0.159586778433576));
#4227=CARTESIAN_POINT('',(7.10304467764121,1.57335798679134,-0.159586778433576));
#4228=CARTESIAN_POINT('',(7.31187355573984,0.298318493282554,-0.159586778433576));
#4229=CARTESIAN_POINT('',(6.22352360808011,0.298318493282554,-0.159586778433576));
#4230=CARTESIAN_POINT('',(7.46103708073984,0.447482018282555,-0.159586778433576));
#4231=CARTESIAN_POINT('Origin',(7.31187355573984,0.447482018282555,-0.159586778433576));
#4232=CARTESIAN_POINT('',(7.46103708073984,0.70603197654557,-0.159586778433576));
#4233=CARTESIAN_POINT('',(7.46103708073984,1.57335798679134,-0.159586778433576));
#4234=CARTESIAN_POINT('',(7.31187355573984,0.855195501545571,-0.159586778433576));
#4235=CARTESIAN_POINT('Origin',(7.31187355573984,0.70603197654557,-0.159586778433576));
#4236=CARTESIAN_POINT('',(6.22352360808011,0.855195501545571,-0.159586778433576));
#4237=CARTESIAN_POINT('',(7.10304467764121,4.27604160781641,-0.159586778433577));
#4238=CARTESIAN_POINT('',(7.10304467764121,4.77325335781641,-0.159586778433576));
#4239=CARTESIAN_POINT('',(7.10304467764121,3.54730322949252,-0.159586778433577));
#4240=CARTESIAN_POINT('',(7.31187355573984,4.27604160781641,-0.159586778433577));
#4241=CARTESIAN_POINT('',(6.22352360808011,4.27604160781641,-0.159586778433577));
#4242=CARTESIAN_POINT('',(7.46103708073984,4.42520513281641,-0.159586778433577));
#4243=CARTESIAN_POINT('Origin',(7.31187355573984,4.42520513281641,-0.159586778433577));
#4244=CARTESIAN_POINT('',(7.46103708073984,4.62408983281641,-0.159586778433576));
#4245=CARTESIAN_POINT('',(7.46103708073984,3.54730322949252,-0.159586778433577));
#4246=CARTESIAN_POINT('',(7.31187355573984,4.77325335781641,-0.159586778433576));
#4247=CARTESIAN_POINT('Origin',(7.31187355573984,4.62408983281641,-0.159586778433576));
#4248=CARTESIAN_POINT('',(6.22352360808011,4.77325335781641,-0.159586778433576));
#4249=CARTESIAN_POINT('',(7.10304467764121,5.27046510781641,-0.159586778433576));
#4250=CARTESIAN_POINT('',(7.10304467764121,5.69309519015202,-0.159586778433576));
#4251=CARTESIAN_POINT('',(7.10304467764121,4.02586956257642,-0.159586778433577));
#4252=CARTESIAN_POINT('',(7.31187355573984,5.27046510781641,-0.159586778433576));
#4253=CARTESIAN_POINT('',(6.22352360808011,5.27046510781641,-0.159586778433576));
#4254=CARTESIAN_POINT('',(7.46103708073984,5.41962863281641,-0.159586778433576));
#4255=CARTESIAN_POINT('Origin',(7.31187355573984,5.41962863281641,-0.159586778433576));
#4256=CARTESIAN_POINT('',(7.46103708073984,5.69309519015202,-0.159586778433576));
#4257=CARTESIAN_POINT('',(7.46103708073984,4.06316044382642,-0.159586778433577));
#4258=CARTESIAN_POINT('',(6.26081448933011,5.69309519015202,-0.159586778433576));
#4259=CARTESIAN_POINT('',(6.03084250655423,4.42520523186605,-0.159586778433577));
#4260=CARTESIAN_POINT('Origin',(6.03084250655423,4.32576287765202,-0.159586778433577));
#4261=CARTESIAN_POINT('',(4.2521955649774,-1.44189336650568,-0.159586778433578));
#4262=CARTESIAN_POINT('Origin',(4.2521955649774,-1.29272989734798,-0.159586778433578));
#4263=CARTESIAN_POINT('',(4.25219558168303,6.31460991186865,-0.159586778433576));
#4264=CARTESIAN_POINT('Origin',(4.25219558168303,6.46377339757381,-0.159586778433576));
#4265=CARTESIAN_POINT('',(7.31187355573984,1.35240725154557,-0.159586778433576));
#4266=CARTESIAN_POINT('',(5.43668602318867,1.35240725154557,-0.159586778433576));
#4267=CARTESIAN_POINT('',(7.46103708073984,1.50157077654557,-0.159586778433576));
#4268=CARTESIAN_POINT('Origin',(7.31187355573984,1.50157077654557,-0.159586778433576));
#4269=CARTESIAN_POINT('',(7.46103708073984,1.64081942765202,-0.159586778433576));
#4270=CARTESIAN_POINT('',(7.46103708073984,2.07057703913371,-0.159586778433576));
#4271=CARTESIAN_POINT('',(7.31187355573984,1.78998295265202,-0.159586778433576));
#4272=CARTESIAN_POINT('Origin',(7.31187355573984,1.64081942765202,-0.159586778433576));
#4273=CARTESIAN_POINT('',(5.26887706230545,1.78998295265202,-0.159586778433576));
#4274=CARTESIAN_POINT('',(3.95569433807546,2.55287977691033,-0.159586778433576));
#4275=CARTESIAN_POINT('',(7.46103708073984,2.43635822765202,-0.159586778433576));
#4276=CARTESIAN_POINT('Origin',(7.31187355573984,2.43635822765202,-0.159586778433576));
#4277=CARTESIAN_POINT('',(7.46103708073984,2.63524292765202,-0.159586778433576));
#4278=CARTESIAN_POINT('',(7.46103708073984,2.55287977691033,-0.159586778433576));
#4279=CARTESIAN_POINT('Origin',(7.31187355573984,2.63524292765202,-0.159586778433576));
#4280=CARTESIAN_POINT('',(3.95569433807546,3.77882995265202,-0.159586778433577));
#4281=CARTESIAN_POINT('',(3.95569433807546,3.28161820265202,-0.159586778433576));
#4282=CARTESIAN_POINT('',(3.95569433807546,3.05890577026622,-0.159586778433576));
#4283=CARTESIAN_POINT('',(7.31187355573984,3.28161820265202,-0.159586778433576));
#4284=CARTESIAN_POINT('',(5.26887706230545,3.28161820265202,-0.159586778433576));
#4285=CARTESIAN_POINT('',(7.46103708073984,3.43078172765202,-0.159586778433577));
#4286=CARTESIAN_POINT('Origin',(7.31187355573984,3.43078172765202,-0.159586778433577));
#4287=CARTESIAN_POINT('',(7.46103708073984,3.62966642765202,-0.159586778433577));
#4288=CARTESIAN_POINT('',(7.46103708073984,3.05009152691032,-0.159586778433576));
#4289=CARTESIAN_POINT('',(7.31187355573984,3.77882995265202,-0.159586778433577));
#4290=CARTESIAN_POINT('Origin',(7.31187355573984,3.62966642765202,-0.159586778433577));
#4291=CARTESIAN_POINT('',(5.43668602318867,3.77882995265202,-0.159586778433577));
#4292=CARTESIAN_POINT('',(3.23473730057546,-0.348056781717445,-0.159586778433576));
#4293=CARTESIAN_POINT('',(3.23473730057546,-0.522051684847976,-0.159586778433576));
#4294=CARTESIAN_POINT('',(3.23473730057546,1.06745237144296,-0.159586778433576));
#4295=CARTESIAN_POINT('',(4.58715310883848,-0.522051684847976,-0.159586778433576));
#4296=CARTESIAN_POINT('',(4.57526665208833,-0.522051684847976,-0.159586778433576));
#4297=CARTESIAN_POINT('',(4.58715310883848,-0.198893256717446,-0.159586778433576));
#4298=CARTESIAN_POINT('',(4.58715310883848,1.10474325269296,-0.159586778433576));
#4299=CARTESIAN_POINT('',(3.38390082557546,-0.198893256717446,-0.159586778433576));
#4300=CARTESIAN_POINT('',(4.61255753333833,-0.198893256717446,-0.159586778433576));
#4301=CARTESIAN_POINT('Origin',(3.38390082557546,-0.348056781717445,-0.159586778433576));
#4302=CARTESIAN_POINT('',(3.23473730057546,0.70603197654557,-0.159586778433576));
#4303=CARTESIAN_POINT('',(3.23473730057546,0.447482018282555,-0.159586778433576));
#4304=CARTESIAN_POINT('',(3.23473730057546,1.57335798679134,-0.159586778433576));
#4305=CARTESIAN_POINT('',(3.38390082557546,0.298318493282554,-0.159586778433576));
#4306=CARTESIAN_POINT('Origin',(3.38390082557546,0.447482018282555,-0.159586778433576));
#4307=CARTESIAN_POINT('',(4.58715310883848,0.298318493282554,-0.159586778433576));
#4308=CARTESIAN_POINT('',(4.61255753333833,0.298318493282554,-0.159586778433576));
#4309=CARTESIAN_POINT('',(4.58715310883848,0.855195501545571,-0.159586778433576));
#4310=CARTESIAN_POINT('',(4.58715310883848,1.57335798679134,-0.159586778433576));
#4311=CARTESIAN_POINT('',(3.38390082557546,0.855195501545571,-0.159586778433576));
#4312=CARTESIAN_POINT('',(4.61255753333833,0.855195501545571,-0.159586778433576));
#4313=CARTESIAN_POINT('Origin',(3.38390082557546,0.70603197654557,-0.159586778433576));
#4314=CARTESIAN_POINT('',(3.23473730057546,4.62408983281641,-0.159586778433576));
#4315=CARTESIAN_POINT('',(3.23473730057546,4.42520513281641,-0.159586778433577));
#4316=CARTESIAN_POINT('',(3.23473730057546,3.54730322949252,-0.159586778433577));
#4317=CARTESIAN_POINT('',(3.38390082557546,4.27604160781641,-0.159586778433577));
#4318=CARTESIAN_POINT('Origin',(3.38390082557546,4.42520513281641,-0.159586778433577));
#4319=CARTESIAN_POINT('',(4.58715310883848,4.27604160781641,-0.159586778433577));
#4320=CARTESIAN_POINT('',(4.61255753333833,4.27604160781641,-0.159586778433577));
#4321=CARTESIAN_POINT('',(4.58715310883848,4.77325335781641,-0.159586778433576));
#4322=CARTESIAN_POINT('',(4.58715310883848,3.54730322949252,-0.159586778433577));
#4323=CARTESIAN_POINT('',(3.38390082557546,4.77325335781641,-0.159586778433576));
#4324=CARTESIAN_POINT('',(4.61255753333833,4.77325335781641,-0.159586778433576));
#4325=CARTESIAN_POINT('Origin',(3.38390082557546,4.62408983281641,-0.159586778433576));
#4326=CARTESIAN_POINT('',(4.58715310883848,5.27046510781641,-0.159586778433576));
#4327=CARTESIAN_POINT('',(4.61255753333833,5.27046510781641,-0.159586778433576));
#4328=CARTESIAN_POINT('',(4.58715310883848,4.02586956257642,-0.159586778433577));
#4329=CARTESIAN_POINT('',(2.46405900377714,0.58175832373168,-0.159586778433576));
#4330=CARTESIAN_POINT('Origin',(2.46405900377714,0.880085400128383,-0.159586778433576));
#4331=CARTESIAN_POINT('',(2.46405900377715,3.89318867856253,-0.159586778433577));
#4332=CARTESIAN_POINT('Origin',(2.46405900377715,4.19151574501482,-0.159586778433577));
#4333=CARTESIAN_POINT('Origin',(4.58715310883848,5.48178014898422,-0.0104232534335767));
#4334=CARTESIAN_POINT('',(4.58715310883848,5.27046510781641,-0.0104232534335767));
#4335=CARTESIAN_POINT('Origin',(3.95569433807546,3.54785256436381,-0.0106884138135581));
#4336=CARTESIAN_POINT('',(3.95569433807546,3.77882995265202,-0.0105558336235675));
#4337=CARTESIAN_POINT('',(3.95569433807546,3.28161820265202,-0.0106353817375624));
#4338=CARTESIAN_POINT('Origin',(5.63378394690765,3.77882995265202,-0.010423253433577));
#4339=CARTESIAN_POINT('',(7.31187355573984,3.77882995265202,-0.159586778433577));
#4340=CARTESIAN_POINT('Origin',(7.31187355573984,3.62966642765202,-0.159586778433577));
#4341=CARTESIAN_POINT('',(7.46103708073984,3.62966642765202,-0.159586778433577));
#4342=CARTESIAN_POINT('Origin',(7.46103708073984,3.53022407765202,-0.0104232534335759));
#4343=CARTESIAN_POINT('',(7.46103708073984,3.43078172765202,-0.159586778433577));
#4344=CARTESIAN_POINT('Origin',(7.31187355573984,3.43078172765202,-0.159586778433577));
#4345=CARTESIAN_POINT('',(7.31187355573984,3.28161820265202,-0.159586778433576));
#4346=CARTESIAN_POINT('Origin',(5.29816602514121,3.28161820265202,-0.0105823496615655));
#4347=CARTESIAN_POINT('Origin',(7.31187355573984,2.63524292765202,-0.159586778433576));
#4348=CARTESIAN_POINT('',(7.46103708073984,2.63524292765202,-0.159586778433576));
#4349=CARTESIAN_POINT('Origin',(7.46103708073984,2.53580057765202,-0.0104232534335761));
#4350=CARTESIAN_POINT('',(7.46103708073984,2.43635822765202,-0.159586778433576));
#4351=CARTESIAN_POINT('Origin',(7.31187355573984,2.43635822765202,-0.159586778433576));
#4352=CARTESIAN_POINT('Origin',(5.29816602514121,1.78998295265202,0.0033735456623594));
#4353=CARTESIAN_POINT('',(7.31187355573984,1.78998295265202,-0.159586778433576));
#4354=CARTESIAN_POINT('Origin',(7.31187355573984,1.64081942765202,-0.159586778433576));
#4355=CARTESIAN_POINT('',(7.46103708073984,1.64081942765202,-0.159586778433576));
#4356=CARTESIAN_POINT('Origin',(7.46103708073984,1.5711951020988,-0.0104232534335762));
#4357=CARTESIAN_POINT('',(7.46103708073984,1.50157077654557,0.138740271566423));
#4358=CARTESIAN_POINT('Origin',(7.31187355573984,1.50157077654557,0.138740271566423));
#4359=CARTESIAN_POINT('',(7.31187355573984,1.35240725154557,0.138740271566423));
#4360=CARTESIAN_POINT('Origin',(5.63378394690765,1.35240725154557,-0.0104232534335763));
#4361=CARTESIAN_POINT('Origin',(2.91154966307546,1.48666603192487,0.215310879169711));
#4362=CARTESIAN_POINT('Origin',(1.96684733807546,1.27785469841504,-0.0104232534335753));
#4363=CARTESIAN_POINT('',(2.06628968807546,1.27785469841504,0.0475847840664239));
#4364=CARTESIAN_POINT('Origin',(2.06628968807546,1.00936040399404,0.105592821566424));
#4365=CARTESIAN_POINT('',(2.06628968807546,0.482315898415039,0.337624971566425));
#4366=CARTESIAN_POINT('',(2.06628968807546,0.482315898415039,0.105592821566424));
#4367=CARTESIAN_POINT('',(2.06628968807546,1.26791061515202,0.337624971566424));
#4368=CARTESIAN_POINT('',(2.06628968807546,0.944379997564386,0.337624971566424));
#4369=CARTESIAN_POINT('',(2.06628968807546,1.26791061515202,0.171887721566424));
#4370=CARTESIAN_POINT('Origin',(2.45908685677272,1.26791061515202,0.238182621566425));
#4371=CARTESIAN_POINT('',(2.85188402546999,1.26791061515202,0.337624971566424));
#4372=CARTESIAN_POINT('',(2.46123002067813,1.26791061515202,0.337624971566424));
#4373=CARTESIAN_POINT('',(2.85188402546999,1.26791061515202,0.238182621566425));
#4374=CARTESIAN_POINT('Origin',(2.85188402546999,0.875113256783532,0.238182621566425));
#4375=CARTESIAN_POINT('',(2.85188402546999,0.482315898415039,0.337624971566425));
#4376=CARTESIAN_POINT('',(2.85188402546999,0.877256423959135,0.337624971566424));
#4377=CARTESIAN_POINT('',(2.85188402546999,0.482315898415039,0.171887721566424));
#4378=CARTESIAN_POINT('Origin',(2.59333406720697,0.482315898415039,0.105592821566424));
#4379=CARTESIAN_POINT('',(2.86182848807546,0.482315898415039,0.0475847840664238));
#4380=CARTESIAN_POINT('',(2.52835362589525,0.482315898415039,0.337624971566425));
#4381=CARTESIAN_POINT('Origin',(2.86182848807546,-0.206322299466469,-0.0104232534335767));
#4382=CARTESIAN_POINT('',(2.86182848807546,-0.894960497347976,-0.0104232534335768));
#4383=CARTESIAN_POINT('Origin',(3.35812735044395,-0.894960497347976,-0.0104232534335768));
#4384=CARTESIAN_POINT('',(3.85442621281244,-0.894960497347976,-0.0104232534335768));
#4385=CARTESIAN_POINT('Origin',(3.85442621281244,-1.29272989734798,-0.0104232534335759));
#4386=CARTESIAN_POINT('',(3.85442621281244,-1.69049929734798,-0.010423253433576));
#4387=CARTESIAN_POINT('Origin',(4.25219561281244,-1.69049929734798,-0.010423253433576));
#4388=CARTESIAN_POINT('',(4.64996501281244,-1.69049929734798,-0.010423253433576));
#4389=CARTESIAN_POINT('Origin',(4.64996501281244,-1.29272989734798,-0.0104232534335759));
#4390=CARTESIAN_POINT('Origin',(7.03840709323984,-1.16345479176898,0.105592821566425));
#4391=CARTESIAN_POINT('',(7.03840709323984,-1.69049929734798,0.337624971566423));
#4392=CARTESIAN_POINT('',(7.03840709323984,-1.69049929734798,0.0973059590664238));
#4393=CARTESIAN_POINT('',(7.03840709323984,-0.904904580610991,0.337624971566423));
#4394=CARTESIAN_POINT('',(7.03840709323984,-1.22843524398134,0.337624971566423));
#4395=CARTESIAN_POINT('',(7.03840709323984,-0.904904580610991,0.171887721566423));
#4396=CARTESIAN_POINT('Origin',(7.43617649323984,-0.904904580610991,0.238182621566423));
#4397=CARTESIAN_POINT('',(7.83394589323985,-0.904904580610991,0.337624971566423));
#4398=CARTESIAN_POINT('',(7.43617650468552,-0.904904580610991,0.337624971566423));
#4399=CARTESIAN_POINT('',(7.83394589323985,-0.904904580610991,0.200891740316424));
#4400=CARTESIAN_POINT('Origin',(7.83394589323985,2.58552178821538,0.163600859066424));
#4401=CARTESIAN_POINT('',(7.83394589323985,6.86154280265202,0.337624971566424));
#4402=CARTESIAN_POINT('',(7.83394589323985,6.86154280265202,0.126309977816424));
#4403=CARTESIAN_POINT('',(7.83394589323985,6.07594822816846,0.337624971566424));
#4404=CARTESIAN_POINT('',(7.83394589323985,4.52499049730921,0.337624971566423));
#4405=CARTESIAN_POINT('',(7.83394589323985,6.07594822816846,0.200891740316423));
#4406=CARTESIAN_POINT('',(7.83394589323985,-1.69049929734798,0.337624971566423));
#4407=CARTESIAN_POINT('',(7.83394589323985,0.646053046010839,0.337624971566424));
#4408=CARTESIAN_POINT('',(7.83394589323985,-1.69049929734798,0.126309977816423));
#4409=CARTESIAN_POINT('Origin',(7.43617654065765,6.07594822816846,0.238182621566423));
#4410=CARTESIAN_POINT('',(7.03840716175724,6.07594822816846,0.337624971566424));
#4411=CARTESIAN_POINT('',(7.43617653166462,6.07594822816846,0.337624971566424));
#4412=CARTESIAN_POINT('',(7.03840714619775,6.07594822816846,0.171887740237816));
#4413=CARTESIAN_POINT('Origin',(7.03840715646359,6.33449834449083,0.105592821566423));
#4414=CARTESIAN_POINT('',(7.0384071375452,6.06600400265202,0.0864777320441425));
#4415=CARTESIAN_POINT('',(7.03840721186037,6.86154280265202,0.337624971566424));
#4416=CARTESIAN_POINT('',(7.03840718239116,6.39947878813127,0.337624971566424));
#4417=CARTESIAN_POINT('',(7.03840718929911,6.86154280265202,0.0973059777378127));
#4418=CARTESIAN_POINT('Origin',(5.76420123682968,6.06600400265202,0.0673627621449327));
#4419=CARTESIAN_POINT('',(4.64996501281244,6.06600400265202,0.028469754355678));
#4420=CARTESIAN_POINT('',(4.79596406300584,6.06600400265202,0.291881482599454));
#4421=CARTESIAN_POINT('',(4.79596406300584,6.06600400265202,0.141336820657322));
#4422=CARTESIAN_POINT('',(5.12432290235479,6.06600400265202,0.039297921566423));
#4423=CARTESIAN_POINT('',(5.23994493272977,6.06600400265202,-0.0496420449162357));
#4424=CARTESIAN_POINT('',(6.89240794821082,6.06600400265202,0.039297921566423));
#4425=CARTESIAN_POINT('',(5.74643527008778,6.06600400265202,0.039297921566423));
#4426=CARTESIAN_POINT('',(6.89240794821082,6.06600400265202,0.061484624165687));
#4427=CARTESIAN_POINT('Origin',(6.89240794821082,4.90584325265202,0.0556064861864419));
#4428=CARTESIAN_POINT('',(6.89240794821082,3.97771465265202,-0.0112187345735226));
#4429=CARTESIAN_POINT('',(6.89240794821082,4.67381110265202,-0.0112187345735224));
#4430=CARTESIAN_POINT('',(6.89240794821082,4.61580306515202,-0.0112187345735225));
#4431=CARTESIAN_POINT('',(6.89240794821082,3.97771465265202,0.0556064861864417));
#4432=CARTESIAN_POINT('',(6.89240794821082,4.67381110265202,0.0392979215664239));
#4433=CARTESIAN_POINT('',(6.89240794821082,4.90584325265202,0.0392979215664239));
#4434=CARTESIAN_POINT('',(6.89240794821082,4.67381110265202,0.0348230398414467));
#4435=CARTESIAN_POINT('Origin',(5.70712347349063,3.97771465265202,0.0556064861864417));
#4436=CARTESIAN_POINT('',(5.16927706489765,3.97771465265202,-0.0112187345735226));
#4437=CARTESIAN_POINT('',(5.86898299002243,3.97771465265202,-0.0112187345735226));
#4438=CARTESIAN_POINT('',(5.16927706489765,3.97771465265202,0.0392979215664237));
#4439=CARTESIAN_POINT('',(5.16927706489765,3.97771465265202,0.0348230398414464));
#4440=CARTESIAN_POINT('',(5.1243229533956,3.97771465265202,0.0392979215664237));
#4441=CARTESIAN_POINT('',(5.71789638841826,3.97771465265202,0.0392979215664237));
#4442=CARTESIAN_POINT('',(5.22485604656042,3.97771465265202,-0.038035177562511));
#4443=CARTESIAN_POINT('Origin',(4.86232534793645,3.97771465265202,0.189787343301949));
#4444=CARTESIAN_POINT('',(4.79596406300584,3.97771465265202,0.291881521861587));
#4445=CARTESIAN_POINT('',(4.92705965311953,3.97771465265202,0.191038824730929));
#4446=CARTESIAN_POINT('',(4.79596406300584,3.97771465265202,0.20254911123583));
#4447=CARTESIAN_POINT('Origin',(4.79596406300584,5.02185932765202,0.215310879169711));
#4448=CARTESIAN_POINT('',(4.79596406300584,4.91744486210952,0.291881504193627));
#4449=CARTESIAN_POINT('Origin',(4.64996501281244,6.46377340265202,-0.0104232534335764));
#4450=CARTESIAN_POINT('',(4.64996501281244,6.86154280265202,-0.0104232534335763));
#4451=CARTESIAN_POINT('Origin',(4.25219561281244,6.86154280265202,-0.0104232534335763));
#4452=CARTESIAN_POINT('',(3.85442621281244,6.86154280265202,-0.0104232534335763));
#4453=CARTESIAN_POINT('Origin',(3.85442621281244,6.46377340265202,-0.0104232534335764));
#4454=CARTESIAN_POINT('',(3.85442621281244,6.06600400265202,-0.0104232534335766));
#4455=CARTESIAN_POINT('Origin',(3.35812735044395,6.06600400265202,-0.0104232534335766));
#4456=CARTESIAN_POINT('',(2.86182848807546,6.06600400265202,-0.0104232534335766));
#4457=CARTESIAN_POINT('Origin',(2.86182848807546,5.32764458235271,-0.0104232534335767));
#4458=CARTESIAN_POINT('',(2.86182848807546,4.58928516205339,0.0475847840664233));
#4459=CARTESIAN_POINT('Origin',(2.59333406720697,4.58928516205339,0.105592821566424));
#4460=CARTESIAN_POINT('',(2.06628968807546,4.58928516205339,0.337624971566423));
#4461=CARTESIAN_POINT('',(2.06628968807546,4.58928516205339,0.105592821566424));
#4462=CARTESIAN_POINT('',(2.85188402546999,4.58928516205339,0.337624971566423));
#4463=CARTESIAN_POINT('',(2.52835362589525,4.58928516205339,0.337624971566423));
#4464=CARTESIAN_POINT('',(2.85188402546999,4.58928516205339,0.171887721566423));
#4465=CARTESIAN_POINT('Origin',(2.85188402546999,4.19648785110271,0.238182621566423));
#4466=CARTESIAN_POINT('',(2.85188402546999,3.80369054015202,0.337624971566423));
#4467=CARTESIAN_POINT('',(2.85188402546999,4.19434469128504,0.337624971566423));
#4468=CARTESIAN_POINT('',(2.85188402546999,3.80369054015202,0.238182621566423));
#4469=CARTESIAN_POINT('Origin',(2.45908685677272,3.80369054015202,0.238182621566423));
#4470=CARTESIAN_POINT('',(2.06628968807546,3.80369054015202,0.337624971566423));
#4471=CARTESIAN_POINT('',(2.46123002067813,3.80369054015202,0.337624971566423));
#4472=CARTESIAN_POINT('',(2.06628968807546,3.80369054015202,0.171887721566424));
#4473=CARTESIAN_POINT('Origin',(2.06628968807546,4.0622406564744,0.105592821566424));
#4474=CARTESIAN_POINT('',(2.06628968807546,3.79374626721778,0.0475847840664245));
#4475=CARTESIAN_POINT('',(2.06628968807546,4.12722109397089,0.337624971566423));
#4476=CARTESIAN_POINT('Origin',(1.96684733807546,3.79374626721778,-0.010423253433577));
#4477=CARTESIAN_POINT('Origin',(3.98552696720697,5.27046510781641,-0.0104232534335767));
#4478=CARTESIAN_POINT('Origin',(3.38390082557546,4.62408983281641,-0.159586778433576));
#4479=CARTESIAN_POINT('',(3.38390082557546,4.77325335781641,-0.159586778433576));
#4480=CARTESIAN_POINT('',(3.23473730057546,4.62408983281641,-0.159586778433576));
#4481=CARTESIAN_POINT('Origin',(3.98552696720697,4.77325335781641,-0.0104232534335768));
#4482=CARTESIAN_POINT('',(4.58715310883848,4.77325335781641,-0.0104232534335768));
#4483=CARTESIAN_POINT('Origin',(4.58715310883848,4.52464748281641,-0.0104232534335769));
#4484=CARTESIAN_POINT('',(4.58715310883848,4.27604160781641,-0.0104232534335769));
#4485=CARTESIAN_POINT('Origin',(3.98552696720697,4.27604160781641,-0.0104232534335769));
#4486=CARTESIAN_POINT('',(3.38390082557546,4.27604160781641,-0.159586778433577));
#4487=CARTESIAN_POINT('Origin',(3.38390082557546,4.42520513281641,-0.159586778433577));
#4488=CARTESIAN_POINT('',(3.23473730057546,4.42520513281641,-0.159586778433577));
#4489=CARTESIAN_POINT('Origin',(3.23473730057546,4.52464748281641,-0.0104232534335769));
#4490=CARTESIAN_POINT('Origin',(3.38390082557546,0.706031976545572,0.138740271566424));
#4491=CARTESIAN_POINT('',(3.38390082557546,0.85519550154557,0.138740271566424));
#4492=CARTESIAN_POINT('',(3.23473730057546,0.706031976545572,0.138740271566424));
#4493=CARTESIAN_POINT('Origin',(3.98552696720697,0.85519550154557,-0.0104232534335754));
#4494=CARTESIAN_POINT('',(4.58715310883848,0.85519550154557,-0.0104232534335754));
#4495=CARTESIAN_POINT('Origin',(4.58715310883848,0.576756997414062,-0.0104232534335754));
#4496=CARTESIAN_POINT('',(4.58715310883848,0.298318493282556,-0.0104232534335766));
#4497=CARTESIAN_POINT('Origin',(3.98552696720697,0.298318493282556,-0.0104232534335766));
#4498=CARTESIAN_POINT('',(3.38390082557546,0.298318493282554,-0.159586778433576));
#4499=CARTESIAN_POINT('Origin',(3.38390082557546,0.447482018282555,-0.159586778433576));
#4500=CARTESIAN_POINT('',(3.23473730057546,0.447482018282555,-0.159586778433576));
#4501=CARTESIAN_POINT('Origin',(3.23473730057546,0.576756997414062,-0.0104232534335754));
#4502=CARTESIAN_POINT('Origin',(3.38390082557546,-0.348056781717445,0.138740271566424));
#4503=CARTESIAN_POINT('',(3.38390082557546,-0.198893256717444,0.138740271566423));
#4504=CARTESIAN_POINT('',(3.23473730057546,-0.348056781717445,0.138740271566424));
#4505=CARTESIAN_POINT('Origin',(3.98552696720697,-0.198893256717444,-0.0104232534335767));
#4506=CARTESIAN_POINT('',(4.58715310883848,-0.198893256717444,-0.0104232534335767));
#4507=CARTESIAN_POINT('Origin',(4.58715310883848,-0.36047247078271,-0.0104232534335767));
#4508=CARTESIAN_POINT('',(4.58715310883848,-0.522051684847976,-0.0104232534335767));
#4509=CARTESIAN_POINT('Origin',(3.91094520470697,-0.522051684847976,-0.0104232534335767));
#4510=CARTESIAN_POINT('',(3.23473730057546,-0.522051684847976,-0.0104232534335767));
#4511=CARTESIAN_POINT('Origin',(3.23473730057546,-0.43505423328271,-0.0104232534335767));
#4512=CARTESIAN_POINT('Origin',(4.25219558168303,6.46377339757381,0.138740271566423));
#4513=CARTESIAN_POINT('',(4.25219558168303,6.31460991186865,0.138740271566423));
#4514=CARTESIAN_POINT('Origin',(4.2521955649774,-1.29272989734798,0.138740271566424));
#4515=CARTESIAN_POINT('',(4.2521955649774,-1.44189336650568,0.138740271566424));
#4516=CARTESIAN_POINT('Origin',(7.28204087919053,5.69309519015202,-0.0104232534335767));
#4517=CARTESIAN_POINT('',(7.46103708073984,5.69309519015202,-0.0104232534335767));
#4518=CARTESIAN_POINT('',(7.10304467764121,5.69309519015202,-0.0104232534335767));
#4519=CARTESIAN_POINT('Origin',(7.46103708073984,5.55636191148422,-0.0104232534335767));
#4520=CARTESIAN_POINT('',(7.46103708073984,5.41962863281641,-0.159586778433576));
#4521=CARTESIAN_POINT('Origin',(7.31187355573984,5.41962863281641,-0.159586778433576));
#4522=CARTESIAN_POINT('',(7.31187355573984,5.27046510781641,-0.159586778433576));
#4523=CARTESIAN_POINT('Origin',(7.20745911669053,5.27046510781641,-0.0104232534335767));
#4524=CARTESIAN_POINT('',(7.10304467764121,5.27046510781641,-0.0104232534335767));
#4525=CARTESIAN_POINT('Origin',(7.10304467764121,5.48178014898422,-0.0104232534335767));
#4526=CARTESIAN_POINT('Origin',(7.20745911669053,4.77325335781641,-0.0104232534335768));
#4527=CARTESIAN_POINT('',(7.31187355573984,4.77325335781641,-0.159586778433576));
#4528=CARTESIAN_POINT('',(7.10304467764121,4.77325335781641,-0.0104232534335768));
#4529=CARTESIAN_POINT('Origin',(7.31187355573984,4.62408983281641,-0.159586778433576));
#4530=CARTESIAN_POINT('',(7.46103708073984,4.62408983281641,-0.159586778433576));
#4531=CARTESIAN_POINT('Origin',(7.46103708073984,4.52464748281641,-0.0104232534335769));
#4532=CARTESIAN_POINT('',(7.46103708073984,4.42520513281641,-0.159586778433577));
#4533=CARTESIAN_POINT('Origin',(7.31187355573984,4.42520513281641,-0.159586778433577));
#4534=CARTESIAN_POINT('',(7.31187355573984,4.27604160781641,-0.159586778433577));
#4535=CARTESIAN_POINT('Origin',(7.20745911669053,4.27604160781641,-0.0104232534335769));
#4536=CARTESIAN_POINT('',(7.10304467764121,4.27604160781641,-0.0104232534335769));
#4537=CARTESIAN_POINT('Origin',(7.10304467764121,4.52464748281641,-0.0104232534335769));
#4538=CARTESIAN_POINT('Origin',(7.20745911669053,0.85519550154557,-0.0104232534335754));
#4539=CARTESIAN_POINT('',(7.31187355573984,0.855195501545571,-0.159586778433576));
#4540=CARTESIAN_POINT('',(7.10304467764121,0.85519550154557,-0.0104232534335754));
#4541=CARTESIAN_POINT('Origin',(7.31187355573984,0.70603197654557,-0.159586778433576));
#4542=CARTESIAN_POINT('',(7.46103708073984,0.70603197654557,-0.159586778433576));
#4543=CARTESIAN_POINT('Origin',(7.46103708073984,0.576756997414062,-0.0104232534335754));
#4544=CARTESIAN_POINT('',(7.46103708073984,0.447482018282555,0.138740271566423));
#4545=CARTESIAN_POINT('Origin',(7.31187355573984,0.447482018282555,0.138740271566423));
#4546=CARTESIAN_POINT('',(7.31187355573984,0.298318493282556,0.138740271566423));
#4547=CARTESIAN_POINT('Origin',(7.20745911669053,0.298318493282556,-0.0104232534335766));
#4548=CARTESIAN_POINT('',(7.10304467764121,0.298318493282556,-0.0104232534335766));
#4549=CARTESIAN_POINT('Origin',(7.10304467764121,0.576756997414062,-0.0104232534335754));
#4550=CARTESIAN_POINT('Origin',(7.20745911669053,-0.198893256717444,-0.0104232534335767));
#4551=CARTESIAN_POINT('',(7.31187355573984,-0.198893256717446,-0.159586778433576));
#4552=CARTESIAN_POINT('',(7.10304467764121,-0.198893256717444,-0.0104232534335767));
#4553=CARTESIAN_POINT('Origin',(7.31187355573984,-0.348056781717445,-0.159586778433576));
#4554=CARTESIAN_POINT('',(7.46103708073984,-0.348056781717445,-0.159586778433576));
#4555=CARTESIAN_POINT('Origin',(7.46103708073984,-0.43505423328271,-0.0104232534335767));
#4556=CARTESIAN_POINT('',(7.46103708073984,-0.522051684847976,-0.0104232534335767));
#4557=CARTESIAN_POINT('Origin',(7.28204087919053,-0.522051684847976,-0.0104232534335767));
#4558=CARTESIAN_POINT('',(7.10304467764121,-0.522051684847976,-0.0104232534335767));
#4559=CARTESIAN_POINT('Origin',(7.10304467764121,-0.36047247078271,-0.0104232534335767));
#4560=CARTESIAN_POINT('Origin',(4.96712436753355,4.81303039265202,0.160219817649054));
#4561=CARTESIAN_POINT('',(5.12432293184504,4.85943681718755,0.0392979215664239));
#4562=CARTESIAN_POINT('Origin',(7.43617654065765,6.86154280265202,0.089019096566424));
#4563=CARTESIAN_POINT('',(7.43617653166462,6.86154280265202,0.337624971566424));
#4564=CARTESIAN_POINT('Origin',(7.43617649323984,-1.69049929734798,0.0890190965664231));
#4565=CARTESIAN_POINT('',(7.43617650468552,-1.69049929734798,0.337624971566423));
#4566=CARTESIAN_POINT('Origin',(2.46405900377715,4.19151574501482,0.138740271566424));
#4567=CARTESIAN_POINT('',(2.46405900377715,3.89318867856253,0.138740271566424));
#4568=CARTESIAN_POINT('',(2.46405900377715,3.89318867856253,0.138740271566424));
#4569=CARTESIAN_POINT('Origin',(2.46405900377715,4.19151574501482,0.138740271566424));
#4570=CARTESIAN_POINT('Origin',(2.46405900377714,0.880085400128385,0.138740271566424));
#4571=CARTESIAN_POINT('',(2.46405900377714,0.58175832373168,0.138740271566424));
#4572=CARTESIAN_POINT('',(2.46405900377714,0.58175832373168,0.138740271566424));
#4573=CARTESIAN_POINT('Origin',(2.46405900377714,0.880085400128385,0.138740271566424));
#4574=CARTESIAN_POINT('Origin',(3.95569433807546,2.53580057765202,-0.0854027565035493));
#4575=CARTESIAN_POINT('Origin',(6.03084250655423,4.32576287765202,-0.159586778433577));
#4576=CARTESIAN_POINT('',(6.03084250655423,4.42520523186605,-0.0112187345735225));
#4577=CARTESIAN_POINT('Origin',(6.03084250655423,4.32576287765202,-0.0112187345735225));
#4578=CARTESIAN_POINT('',(6.03084250655423,4.42520523186605,-0.159586778433577));
#4579=CARTESIAN_POINT('Origin',(7.43617651066152,6.46377338523035,0.138740271566423));
#4580=CARTESIAN_POINT('',(7.43617651066152,6.16544634499548,0.138740271566423));
#4581=CARTESIAN_POINT('',(7.43617651066152,6.16544634499548,0.138740271566423));
#4582=CARTESIAN_POINT('Origin',(7.43617651066152,6.46377338523035,0.138740271566423));
#4583=CARTESIAN_POINT('Origin',(7.43617651066152,-1.29272989734798,0.138740271566424));
#4584=CARTESIAN_POINT('',(7.43617651066152,-1.59105689833439,0.138740271566424));
#4585=CARTESIAN_POINT('',(7.43617651066152,-1.59105689833439,0.138740271566424));
#4586=CARTESIAN_POINT('Origin',(7.43617651066152,-1.29272989734798,0.138740271566424));
#4587=CARTESIAN_POINT('Origin',(2.46337318458354,0.879399591134737,0.337624971566424));
#4588=CARTESIAN_POINT('',(2.46405897531926,1.02924891726967,0.337624971566424));
#4589=CARTESIAN_POINT('Origin',(2.46405897531926,0.880085395862081,0.337624971566424));
#4590=CARTESIAN_POINT('Origin',(7.4361765161312,-1.2934156961937,0.337624971566423));
#4591=CARTESIAN_POINT('',(7.43617650508928,-1.14356639661636,0.337624971566423));
#4592=CARTESIAN_POINT('Origin',(7.43617650508928,-1.29272989734798,0.337624971566423));
#4593=CARTESIAN_POINT('Origin',(7.43617652267159,6.46445920640304,0.337624971566424));
#4594=CARTESIAN_POINT('',(7.43617652179498,6.61293691485256,0.337624971566424));
#4595=CARTESIAN_POINT('Origin',(7.43617652179498,6.46377339757381,0.337624971566424));
#4596=CARTESIAN_POINT('Origin',(5.72866930334589,4.90584325265202,0.0392979215664239));
#4597=CARTESIAN_POINT('',(5.16927706489765,4.67381110265202,0.0392979215664239));
#4598=CARTESIAN_POINT('',(5.16927706489765,4.61580306515202,0.0392979215664238));
#4599=CARTESIAN_POINT('',(5.87975590495006,4.67381110265202,0.0392979215664239));
#4600=CARTESIAN_POINT('Origin',(6.03084250655423,4.32576287765202,-0.0112187345735225));
#4601=CARTESIAN_POINT('',(5.16927706489765,4.67381110265202,-0.0112187345735224));
#4602=CARTESIAN_POINT('',(5.16927706489765,4.32576287765202,-0.0112187345735225));
#4603=CARTESIAN_POINT('',(6.03084250655423,4.67381110265202,-0.0112187345735224));
#4604=CARTESIAN_POINT('Origin',(6.03084250655423,4.67381110265202,0.0140395934964502));
#4605=CARTESIAN_POINT('',(5.16927706489765,4.67381110265202,0.0140395934964502));
#4606=CARTESIAN_POINT('Origin',(5.16927706489765,4.32576287765202,0.0140395934964501));
#4607=CARTESIAN_POINT('Origin',(2.46337318458354,4.19220153146737,0.337624971566423));
#4608=CARTESIAN_POINT('',(2.46405899126521,4.34067924252522,0.337624971566426));
#4609=CARTESIAN_POINT('Origin',(2.46405899126521,4.19151571559353,0.337624971566423));
#4610=CARTESIAN_POINT('Origin',(2.46405900101326,4.19151573406911,0.138740271566424));
#4611=CARTESIAN_POINT('',(2.46405899126521,4.34067924252522,0.138740271566422));
#4612=CARTESIAN_POINT('Origin',(2.46405899126521,4.19151571559353,0.138740271566424));
#4613=CARTESIAN_POINT('Origin',(2.46405900101326,0.880085404133431,0.138740271566424));
#4614=CARTESIAN_POINT('',(2.46405897531926,1.02924891726967,0.138740271566424));
#4615=CARTESIAN_POINT('Origin',(2.46405897531926,0.880085395862081,0.138740271566424));
#4616=CARTESIAN_POINT('Origin',(7.43617651189603,6.46377339254659,0.138740271566423));
#4617=CARTESIAN_POINT('',(7.43617652179498,6.61293691485256,0.138740271566423));
#4618=CARTESIAN_POINT('Origin',(7.43617652179498,6.46377339757381,0.138740271566423));
#4619=CARTESIAN_POINT('Origin',(7.43617651189603,-1.29272989734798,0.138740271566424));
#4620=CARTESIAN_POINT('',(7.43617650508928,-1.14356639661636,0.138740271566424));
#4621=CARTESIAN_POINT('Origin',(7.43617650508928,-1.29272989734798,0.138740271566424));
#4622=CARTESIAN_POINT('Origin',(2.46405897531926,0.880085395862081,0.138740271566424));
#4623=CARTESIAN_POINT('',(2.46405897531926,1.02924891726967,0.138740271566424));
#4624=CARTESIAN_POINT('Origin',(7.43617650508928,-1.29272989734798,0.138740271566424));
#4625=CARTESIAN_POINT('',(7.43617650508928,-1.14356639661636,0.138740271566424));
#4626=CARTESIAN_POINT('Origin',(7.43617652179498,6.46377339757381,0.138740271566423));
#4627=CARTESIAN_POINT('',(7.43617652179498,6.61293691485256,0.138740271566423));
#4628=CARTESIAN_POINT('Origin',(2.46405899126521,4.19151571559353,0.138740271566424));
#4629=CARTESIAN_POINT('',(2.46405899126521,4.34067924252522,0.138740271566424));
#4630=UNCERTAINTY_MEASURE_WITH_UNIT(LENGTH_MEASURE(0.001),#4634,
'DISTANCE_ACCURACY_VALUE',
'Maximum model space distance between geometric entities at asserted c
onnectivities');
#4631=UNCERTAINTY_MEASURE_WITH_UNIT(LENGTH_MEASURE(0.001),#4634,
'DISTANCE_ACCURACY_VALUE',
'Maximum model space distance between geometric entities at asserted c
onnectivities');
#4632=(
GEOMETRIC_REPRESENTATION_CONTEXT(3)
GLOBAL_UNCERTAINTY_ASSIGNED_CONTEXT((#4630))
GLOBAL_UNIT_ASSIGNED_CONTEXT((#4634,#4636,#4637))
REPRESENTATION_CONTEXT('','3D')
);
#4633=(
GEOMETRIC_REPRESENTATION_CONTEXT(3)
GLOBAL_UNCERTAINTY_ASSIGNED_CONTEXT((#4631))
GLOBAL_UNIT_ASSIGNED_CONTEXT((#4634,#4636,#4637))
REPRESENTATION_CONTEXT('','3D')
);
#4634=(
LENGTH_UNIT()
NAMED_UNIT(*)
SI_UNIT(.CENTI.,.METRE.)
);
#4635=(
LENGTH_UNIT()
NAMED_UNIT(*)
SI_UNIT($,.METRE.)
);
#4636=(
NAMED_UNIT(*)
PLANE_ANGLE_UNIT()
SI_UNIT($,.RADIAN.)
);
#4637=(
NAMED_UNIT(*)
SI_UNIT($,.STERADIAN.)
SOLID_ANGLE_UNIT()
);
#4638=SHAPE_DEFINITION_REPRESENTATION(#4639,#4640);
#4639=PRODUCT_DEFINITION_SHAPE('',$,#4642);
#4640=SHAPE_REPRESENTATION('',(#2876),#4632);
#4641=PRODUCT_DEFINITION_CONTEXT('part definition',#4646,'design');
#4642=PRODUCT_DEFINITION('2026-04-22-12-34-35-407',
'lipo-protection-board-box',#4643,#4641);
#4643=PRODUCT_DEFINITION_FORMATION('',$,#4648);
#4644=PRODUCT_RELATED_PRODUCT_CATEGORY('lipo-protection-board-box',
'lipo-protection-board-box',(#4648));
#4645=APPLICATION_PROTOCOL_DEFINITION('international standard',
'automotive_design',2009,#4646);
#4646=APPLICATION_CONTEXT(
'Core Data for Automotive Mechanical Design Process');
#4647=PRODUCT_CONTEXT('part definition',#4646,'mechanical');
#4648=PRODUCT('2026-04-22-12-34-35-407','lipo-protection-board-box',$,(#4647));
#4649=PRESENTATION_STYLE_ASSIGNMENT((#4651));
#4650=PRESENTATION_STYLE_ASSIGNMENT((#4652));
#4651=SURFACE_STYLE_USAGE(.BOTH.,#4653);
#4652=SURFACE_STYLE_USAGE(.BOTH.,#4654);
#4653=SURFACE_SIDE_STYLE('',(#4655));
#4654=SURFACE_SIDE_STYLE('',(#4656));
#4655=SURFACE_STYLE_FILL_AREA(#4657);
#4656=SURFACE_STYLE_FILL_AREA(#4658);
#4657=FILL_AREA_STYLE('Steel - Satin',(#4659));
#4658=FILL_AREA_STYLE('Opaque(255,190,0)',(#4660));
#4659=FILL_AREA_STYLE_COLOUR('Steel - Satin',#4661);
#4660=FILL_AREA_STYLE_COLOUR('Opaque(255,190,0)',#4662);
#4661=COLOUR_RGB('Steel - Satin',0.627450980392157,0.627450980392157,0.627450980392157);
#4662=COLOUR_RGB('Opaque(255,190,0)',1.,0.745098039215686,0.);
ENDSEC;
END-ISO-10303-21;
