ISO-10303-21;
HEADER;
/* Generated by software containing ST-Developer
 * from STEP Tools, Inc. (www.steptools.com) 
 */

FILE_DESCRIPTION(
/* description */ (''),
/* implementation_level */ '2;1');

FILE_NAME(
/* name */ 'Magnet Holder.step',
/* time_stamp */ '2026-05-27T22:11:15+02:00',
/* author */ (''),
/* organization */ (''),
/* preprocessor_version */ 'ST-DEVELOPER v20.1',
/* originating_system */ 'Autodesk Translation Framework v15.8.0.0',
/* authorisation */ '');

FILE_SCHEMA (('AUTOMOTIVE_DESIGN { 1 0 10303 214 3 1 1 }'));
ENDSEC;

DATA;
#10=MECHANICAL_DESIGN_GEOMETRIC_PRESENTATION_REPRESENTATION('',(#58,#59,
#60,#61,#62,#63,#64,#65,#66,#67),#1763);
#11=SHAPE_REPRESENTATION_RELATIONSHIP('SRR','None',#1770,#12);
#12=ADVANCED_BREP_SHAPE_REPRESENTATION('',(#68,#69,#70,#71,#72,#73,#74),
#1762);
#13=B_SPLINE_SURFACE_WITH_KNOTS('',3,3,((#1278,#1279,#1280,#1281),(#1282,
#1283,#1284,#1285),(#1286,#1287,#1288,#1289),(#1290,#1291,#1292,#1293),
(#1294,#1295,#1296,#1297),(#1298,#1299,#1300,#1301),(#1302,#1303,#1304,
#1305),(#1306,#1307,#1308,#1309),(#1310,#1311,#1312,#1313),(#1314,#1315,
#1316,#1317),(#1318,#1319,#1320,#1321),(#1322,#1323,#1324,#1325),(#1326,
#1327,#1328,#1329),(#1330,#1331,#1332,#1333),(#1334,#1335,#1336,#1337),
(#1338,#1339,#1340,#1341),(#1342,#1343,#1344,#1345)),.UNSPECIFIED.,.T.,
 .F.,.F.,(4,1,1,1,1,1,1,1,1,1,1,1,1,1,4),(4,4),(0.,0.0714285714285714,0.142857142857143,
0.214285714285714,0.285714285714286,0.357142857142857,0.428571428571429,
0.523809523809524,0.571428571428571,0.619047619047619,0.714285714285714,
0.785714285714286,0.857142857142857,0.928571428571429,1.),(0.,1.),
 .UNSPECIFIED.);
#14=B_SPLINE_SURFACE_WITH_KNOTS('',3,3,((#1390,#1391,#1392,#1393),(#1394,
#1395,#1396,#1397),(#1398,#1399,#1400,#1401),(#1402,#1403,#1404,#1405),
(#1406,#1407,#1408,#1409),(#1410,#1411,#1412,#1413),(#1414,#1415,#1416,
#1417),(#1418,#1419,#1420,#1421),(#1422,#1423,#1424,#1425),(#1426,#1427,
#1428,#1429),(#1430,#1431,#1432,#1433),(#1434,#1435,#1436,#1437),(#1438,
#1439,#1440,#1441),(#1442,#1443,#1444,#1445),(#1446,#1447,#1448,#1449),
(#1450,#1451,#1452,#1453),(#1454,#1455,#1456,#1457)),.UNSPECIFIED.,.T.,
 .F.,.F.,(4,1,1,1,1,1,1,1,1,1,1,1,1,1,4),(4,4),(0.,0.0714285714285714,0.142857142857143,
0.214285714285714,0.285714285714286,0.357142857142857,0.428571428571429,
0.523809523809524,0.571428571428571,0.619047619047619,0.714285714285714,
0.785714285714286,0.857142857142857,0.928571428571429,1.),(0.,1.),
 .UNSPECIFIED.);
#15=B_SPLINE_SURFACE_WITH_KNOTS('',3,3,((#1502,#1503,#1504,#1505),(#1506,
#1507,#1508,#1509),(#1510,#1511,#1512,#1513),(#1514,#1515,#1516,#1517),
(#1518,#1519,#1520,#1521),(#1522,#1523,#1524,#1525),(#1526,#1527,#1528,
#1529),(#1530,#1531,#1532,#1533),(#1534,#1535,#1536,#1537),(#1538,#1539,
#1540,#1541),(#1542,#1543,#1544,#1545),(#1546,#1547,#1548,#1549),(#1550,
#1551,#1552,#1553),(#1554,#1555,#1556,#1557),(#1558,#1559,#1560,#1561),
(#1562,#1563,#1564,#1565),(#1566,#1567,#1568,#1569)),.UNSPECIFIED.,.T.,
 .F.,.F.,(4,1,1,1,1,1,1,1,1,1,1,1,1,1,4),(4,4),(0.,0.0714285714285714,0.142857142857143,
0.214285714285714,0.285714285714286,0.357142857142857,0.428571428571429,
0.523809523809524,0.571428571428571,0.619047619047619,0.714285714285714,
0.785714285714286,0.857142857142857,0.928571428571429,1.),(0.,1.),
 .UNSPECIFIED.);
#16=(
BOUNDED_SURFACE()
B_SPLINE_SURFACE(1,2,((#1243,#1244,#1245,#1246,#1247,#1248,#1249,#1250,
#1251),(#1252,#1253,#1254,#1255,#1256,#1257,#1258,#1259,#1260)),
 .UNSPECIFIED.,.F.,.T.,.F.)
B_SPLINE_SURFACE_WITH_KNOTS((2,2),(3,2,2,2,3),(-2.87246649359056E-15,1.566830181457),
(-3.14159265358979,-1.5707963267949,0.,1.5707963267949,3.14159265358979),
 .UNSPECIFIED.)
GEOMETRIC_REPRESENTATION_ITEM()
RATIONAL_B_SPLINE_SURFACE(((1.,0.707106781186548,1.,0.707106781186548,1.,
0.707106781186548,1.,0.707106781186548,1.),(1.,0.707106781186548,1.,0.707106781186548,
1.,0.707106781186548,1.,0.707106781186548,1.)))
REPRESENTATION_ITEM('')
SURFACE()
);
#17=(
BOUNDED_SURFACE()
B_SPLINE_SURFACE(1,2,((#1363,#1364,#1365,#1366,#1367,#1368,#1369,#1370,
#1371),(#1372,#1373,#1374,#1375,#1376,#1377,#1378,#1379,#1380)),
 .UNSPECIFIED.,.F.,.T.,.F.)
B_SPLINE_SURFACE_WITH_KNOTS((2,2),(3,2,2,2,3),(-0.0656217556142131,5.96744875736022E-16),
(-3.14159265358979,-1.5707963267949,0.,1.5707963267949,3.14159265358979),
 .UNSPECIFIED.)
GEOMETRIC_REPRESENTATION_ITEM()
RATIONAL_B_SPLINE_SURFACE(((1.,0.707106781186548,1.,0.707106781186548,1.,
0.707106781186548,1.,0.707106781186548,1.),(1.,0.707106781186548,1.,0.707106781186548,
1.,0.707106781186548,1.,0.707106781186548,1.)))
REPRESENTATION_ITEM('')
SURFACE()
);
#18=(
BOUNDED_SURFACE()
B_SPLINE_SURFACE(1,2,((#1475,#1476,#1477,#1478,#1479,#1480,#1481,#1482,
#1483),(#1484,#1485,#1486,#1487,#1488,#1489,#1490,#1491,#1492)),
 .UNSPECIFIED.,.F.,.T.,.F.)
B_SPLINE_SURFACE_WITH_KNOTS((2,2),(3,2,2,2,3),(-0.0656217556142194,5.68989300120393E-16),
(-3.14159265358979,-1.5707963267949,0.,1.5707963267949,3.14159265358979),
 .UNSPECIFIED.)
GEOMETRIC_REPRESENTATION_ITEM()
RATIONAL_B_SPLINE_SURFACE(((1.,0.707106781186548,1.,0.707106781186548,1.,
0.707106781186548,1.,0.707106781186548,1.),(1.,0.707106781186548,1.,0.707106781186548,
1.,0.707106781186548,1.,0.707106781186548,1.)))
REPRESENTATION_ITEM('')
SURFACE()
);
#19=(
BOUNDED_SURFACE()
B_SPLINE_SURFACE(1,2,((#1587,#1588,#1589,#1590,#1591,#1592,#1593,#1594,
#1595),(#1596,#1597,#1598,#1599,#1600,#1601,#1602,#1603,#1604)),
 .UNSPECIFIED.,.F.,.T.,.F.)
B_SPLINE_SURFACE_WITH_KNOTS((2,2),(3,2,2,2,3),(-0.0656217556142221,5.96744875736022E-16),
(-3.14159265358979,-1.5707963267949,0.,1.5707963267949,3.14159265358979),
 .UNSPECIFIED.)
GEOMETRIC_REPRESENTATION_ITEM()
RATIONAL_B_SPLINE_SURFACE(((1.,0.707106781186548,1.,0.707106781186548,1.,
0.707106781186548,1.,0.707106781186548,1.),(1.,0.707106781186548,1.,0.707106781186548,
1.,0.707106781186548,1.,0.707106781186548,1.)))
REPRESENTATION_ITEM('')
SURFACE()
);
#20=(
BOUNDED_SURFACE()
B_SPLINE_SURFACE(1,2,((#1646,#1647,#1648,#1649,#1650,#1651,#1652,#1653,
#1654),(#1655,#1656,#1657,#1658,#1659,#1660,#1661,#1662,#1663)),
 .UNSPECIFIED.,.F.,.T.,.F.)
B_SPLINE_SURFACE_WITH_KNOTS((2,2),(3,2,2,2,3),(-2.99122120267361E-15,1.5676162249948),
(-3.14159265358979,-1.5707963267949,0.,1.5707963267949,3.14159265358979),
 .UNSPECIFIED.)
GEOMETRIC_REPRESENTATION_ITEM()
RATIONAL_B_SPLINE_SURFACE(((1.,0.707106781186548,1.,0.707106781186548,1.,
0.707106781186548,1.,0.707106781186548,1.),(1.,0.707106781186548,1.,0.707106781186548,
1.,0.707106781186548,1.,0.707106781186548,1.)))
REPRESENTATION_ITEM('')
SURFACE()
);
#21=(
BOUNDED_SURFACE()
B_SPLINE_SURFACE(1,2,((#1725,#1726,#1727,#1728,#1729,#1730,#1731,#1732,
#1733),(#1734,#1735,#1736,#1737,#1738,#1739,#1740,#1741,#1742)),
 .UNSPECIFIED.,.F.,.T.,.F.)
B_SPLINE_SURFACE_WITH_KNOTS((2,2),(3,2,2,2,3),(5.56954645920541E-15,1.57013320793131),
(-3.14159265358979,-1.5707963267949,0.,1.5707963267949,3.14159265358979),
 .UNSPECIFIED.)
GEOMETRIC_REPRESENTATION_ITEM()
RATIONAL_B_SPLINE_SURFACE(((1.,0.707106781186548,1.,0.707106781186548,1.,
0.707106781186548,1.,0.707106781186548,1.),(1.,0.707106781186548,1.,0.707106781186548,
1.,0.707106781186548,1.,0.707106781186548,1.)))
REPRESENTATION_ITEM('')
SURFACE()
);
#22=ELLIPSE('',#730,11.1608344209583,7.5367089420521);
#23=ELLIPSE('',#731,11.1608344209583,7.5367089420521);
#24=ELLIPSE('',#732,10.6066017177982,7.5);
#25=ELLIPSE('',#733,10.6066017177982,7.5);
#26=ELLIPSE('',#734,10.6066017177982,7.5);
#27=ELLIPSE('',#735,10.6066017177982,7.5);
#28=ELLIPSE('',#736,10.6066017177982,7.5);
#29=ELLIPSE('',#738,10.6066017177982,7.5);
#30=ELLIPSE('',#741,10.6066017177982,7.5);
#31=ELLIPSE('',#742,10.6066017177982,7.5);
#32=ELLIPSE('',#743,10.6066017177982,7.5);
#33=ELLIPSE('',#749,10.6066017177982,7.5);
#34=ELLIPSE('',#759,10.6066017177982,7.5);
#35=ELLIPSE('',#760,10.6066017177982,7.5);
#36=ELLIPSE('',#761,10.6066017177982,7.5);
#37=ELLIPSE('',#762,10.6066017177982,7.5);
#38=ELLIPSE('',#767,10.6066017177982,7.5);
#39=ELLIPSE('',#768,10.6066017177982,7.5);
#40=ELLIPSE('',#769,10.6066017177982,7.5);
#41=ELLIPSE('',#775,10.6066017177982,7.5);
#42=ELLIPSE('',#782,11.1608344209583,7.5367089420521);
#43=ELLIPSE('',#783,10.6066017177982,7.5);
#44=ELLIPSE('',#784,10.6066017177982,7.5);
#45=ELLIPSE('',#785,10.6066017177982,7.5);
#46=ELLIPSE('',#786,10.6066017177982,7.5);
#47=ELLIPSE('',#787,10.6066017177982,7.5);
#48=ELLIPSE('',#788,11.1608344209583,7.5367089420521);
#49=ELLIPSE('',#791,10.6066017177982,7.5);
#50=ELLIPSE('',#797,11.1608344209582,7.53670894205204);
#51=ELLIPSE('',#798,11.1608344209582,7.53670894205204);
#52=ELLIPSE('',#799,10.6066017177981,7.49999999999994);
#53=ELLIPSE('',#800,10.6066017177982,7.5);
#54=ELLIPSE('',#801,10.6066017177982,7.5);
#55=ELLIPSE('',#802,10.6066017177982,7.5);
#56=ELLIPSE('',#803,10.6066017177981,7.49999999999994);
#57=ELLIPSE('',#805,10.6066017177982,7.5);
#58=STYLED_ITEM('',(#1780),#68);
#59=STYLED_ITEM('',(#1781),#69);
#60=STYLED_ITEM('',(#1782),#665);
#61=STYLED_ITEM('',(#1781),#70);
#62=STYLED_ITEM('',(#1782),#670);
#63=STYLED_ITEM('',(#1781),#71);
#64=STYLED_ITEM('',(#1782),#675);
#65=STYLED_ITEM('',(#1781),#72);
#66=STYLED_ITEM('',(#1781),#73);
#67=STYLED_ITEM('',(#1781),#74);
#68=MANIFOLD_SOLID_BREP('Corps23',#689);
#69=MANIFOLD_SOLID_BREP('body magnet support',#690);
#70=MANIFOLD_SOLID_BREP('link',#691);
#71=MANIFOLD_SOLID_BREP('link (1)',#692);
#72=MANIFOLD_SOLID_BREP('link (2)',#693);
#73=MANIFOLD_SOLID_BREP('Corps22 (1)',#694);
#74=MANIFOLD_SOLID_BREP('Corps23 (1)',#695);
#75=TOROIDAL_SURFACE('',#716,27.9174243050442,5.);
#76=TOROIDAL_SURFACE('',#722,15.,5.);
#77=PLANE('',#713);
#78=PLANE('',#720);
#79=PLANE('',#726);
#80=PLANE('',#729);
#81=PLANE('',#739);
#82=PLANE('',#740);
#83=PLANE('',#750);
#84=PLANE('',#751);
#85=PLANE('',#763);
#86=PLANE('',#764);
#87=PLANE('',#776);
#88=PLANE('',#777);
#89=PLANE('',#789);
#90=PLANE('',#792);
#91=PLANE('',#793);
#92=PLANE('',#796);
#93=PLANE('',#806);
#94=PLANE('',#807);
#95=FACE_BOUND('',#157,.T.);
#96=FACE_BOUND('',#158,.T.);
#97=FACE_BOUND('',#161,.T.);
#98=FACE_BOUND('',#165,.T.);
#99=FACE_BOUND('',#168,.T.);
#100=FACE_BOUND('',#169,.T.);
#101=FACE_BOUND('',#171,.T.);
#102=B_SPLINE_CURVE_WITH_KNOTS('',3,(#1035,#1036,#1037,#1038,#1039,#1040,
#1041,#1042,#1043,#1044,#1045,#1046,#1047,#1048,#1049,#1050,#1051,#1052,
#1053,#1054,#1055,#1056,#1057,#1058,#1059,#1060,#1061,#1062,#1063,#1064,
#1065,#1066,#1067,#1068),.UNSPECIFIED.,.T.,.F.,(4,2,2,2,2,2,2,2,2,2,2,2,
2,2,2,2,4),(0.,0.0566564003820006,0.113312800764001,0.169966495299327,0.226620189834653,
0.283273884206367,0.33992757857808,0.396583978941015,0.45324037930395,0.509896779666885,
0.56655318002982,0.623206874401534,0.679860568773247,0.736514263308573,
0.793167957843899,0.8498243582259,0.9064807586079),.UNSPECIFIED.);
#103=B_SPLINE_CURVE_WITH_KNOTS('',3,(#1071,#1072,#1073,#1074,#1075,#1076,
#1077,#1078,#1079,#1080,#1081,#1082,#1083,#1084,#1085,#1086,#1087,#1088),
 .UNSPECIFIED.,.F.,.F.,(4,2,2,2,2,2,2,2,4),(0.45324037930395,0.509896779685951,
0.566553180067951,0.623206874603277,0.679860569138603,0.736514263510317,
0.79316795788203,0.849824358244965,0.9064807586079),.UNSPECIFIED.);
#104=B_SPLINE_CURVE_WITH_KNOTS('',3,(#1089,#1090,#1091,#1092,#1093,#1094,
#1095,#1096,#1097,#1098,#1099,#1100,#1101,#1102,#1103,#1104,#1105,#1106),
 .UNSPECIFIED.,.F.,.F.,(4,2,2,2,2,2,2,2,4),(0.,0.056656400362935,0.11331280072587,
0.169966495097583,0.226620189469297,0.283273884004623,0.339927578539949,
0.39658397892195,0.45324037930395),.UNSPECIFIED.);
#105=B_SPLINE_CURVE_WITH_KNOTS('',3,(#1111,#1112,#1113,#1114,#1115,#1116,
#1117,#1118,#1119,#1120,#1121,#1122,#1123,#1124,#1125,#1126,#1127,#1128),
 .UNSPECIFIED.,.F.,.F.,(4,2,2,2,2,2,2,2,4),(0.,0.056595343252745,0.11319068650549,
0.169785042914829,0.226379399324169,0.282973755832463,0.339568112340756,
0.396163455604352,0.452758798867948),.UNSPECIFIED.);
#106=B_SPLINE_CURVE_WITH_KNOTS('',3,(#1129,#1130,#1131,#1132,#1133,#1134,
#1135,#1136,#1137,#1138,#1139,#1140,#1141,#1142,#1143,#1144,#1145,#1146),
 .UNSPECIFIED.,.F.,.F.,(4,2,2,2,2,2,2,2,4),(0.452758798867948,0.509354142131544,
0.565949485395139,0.622543841903433,0.679138198411727,0.735732554821066,
0.792326911230405,0.848922254483151,0.905517597735895),.UNSPECIFIED.);
#107=B_SPLINE_CURVE_WITH_KNOTS('',3,(#1153,#1154,#1155,#1156,#1157,#1158,
#1159,#1160,#1161,#1162,#1163,#1164,#1165,#1166,#1167,#1168,#1169,#1170,
#1171,#1172,#1173,#1174,#1175,#1176,#1177,#1178,#1179,#1180,#1181,#1182,
#1183,#1184,#1185,#1186),.UNSPECIFIED.,.T.,.F.,(4,2,2,2,2,2,2,2,2,2,2,2,
2,2,2,2,4),(0.,0.0565953432635957,0.113190686527191,0.169785043035485,0.226379399543779,
0.282973755953118,0.339568112362458,0.396163455615203,0.452758798867948,
0.509354142120693,0.565949485373438,0.622543841782777,0.679138198192116,
0.73573255470041,0.792326911208704,0.8489222544723,0.905517597735895),
 .UNSPECIFIED.);
#108=B_SPLINE_CURVE_WITH_KNOTS('',3,(#1206,#1207,#1208,#1209,#1210,#1211,
#1212,#1213,#1214,#1215,#1216,#1217,#1218,#1219,#1220,#1221,#1222,#1223,
#1224,#1225,#1226,#1227,#1228,#1229,#1230,#1231,#1232,#1233,#1234,#1235),
 .UNSPECIFIED.,.F.,.F.,(4,2,2,2,2,2,2,2,2,2,2,2,2,2,4),(3.26266689681771,
3.30124629701311,3.71940973479619,4.01591322157664,4.16416496496687,4.3124167083571,
4.35647236963222,4.40052803090734,4.44401691004191,4.48750578917648,4.56804282377791,
4.64857985837934,4.8096539275822,5.13180206598791,5.71967548219719),
 .UNSPECIFIED.);
#109=B_SPLINE_CURVE_WITH_KNOTS('',1,(#1264,#1265),.UNSPECIFIED.,.F.,.F.,
(2,2),(-0.942809041582066,2.87246649359056E-15),.UNSPECIFIED.);
#110=B_SPLINE_CURVE_WITH_KNOTS('',3,(#1618,#1619,#1620,#1621,#1622,#1623,
#1624,#1625,#1626,#1627,#1628,#1629,#1630,#1631,#1632,#1633,#1634,#1635,
#1636,#1637,#1638,#1639,#1640,#1641,#1642,#1643,#1644,#1645),
 .UNSPECIFIED.,.F.,.F.,(4,2,2,2,2,2,2,2,2,2,2,2,2,4),(3.26686149583398,
3.64042588765193,3.94181547191789,4.09251026405086,4.24320505618384,4.28768479191273,
4.33216452764162,4.37566083791755,4.41915714819348,4.50088182934798,4.58260651050247,
4.74605587281147,5.07295459742945,5.57841139818945),.UNSPECIFIED.);
#111=B_SPLINE_CURVE_WITH_KNOTS('',1,(#1669,#1670),.UNSPECIFIED.,.F.,.F.,
(2,2),(-0.942809041582062,2.99122120267361E-15),.UNSPECIFIED.);
#112=B_SPLINE_CURVE_WITH_KNOTS('',3,(#1690,#1691,#1692,#1693,#1694,#1695,
#1696,#1697,#1698,#1699,#1700,#1701,#1702,#1703,#1704,#1705,#1706,#1707,
#1708,#1709,#1710,#1711,#1712,#1713,#1714,#1715,#1716,#1717),
 .UNSPECIFIED.,.F.,.F.,(4,2,2,2,2,2,2,2,2,2,2,2,2,4),(3.26571246618058,
3.65977654476919,3.94659150872631,4.08999899070487,4.23340647268343,4.27662880555003,
4.31985113841663,4.36327757250763,4.40670400659864,4.48489110666172,4.5630782067248,
4.71945240685096,5.03220080710328,5.53691189138445),.UNSPECIFIED.);
#113=B_SPLINE_CURVE_WITH_KNOTS('',1,(#1746,#1747),.UNSPECIFIED.,.F.,.F.,
(2,2),(-0.942809041582071,-5.56954645920541E-15),.UNSPECIFIED.);
#114=FACE_OUTER_BOUND('',#156,.T.);
#115=FACE_OUTER_BOUND('',#159,.T.);
#116=FACE_OUTER_BOUND('',#160,.T.);
#117=FACE_OUTER_BOUND('',#162,.T.);
#118=FACE_OUTER_BOUND('',#163,.T.);
#119=FACE_OUTER_BOUND('',#164,.T.);
#120=FACE_OUTER_BOUND('',#166,.T.);
#121=FACE_OUTER_BOUND('',#167,.T.);
#122=FACE_OUTER_BOUND('',#170,.T.);
#123=FACE_OUTER_BOUND('',#172,.T.);
#124=FACE_OUTER_BOUND('',#173,.T.);
#125=FACE_OUTER_BOUND('',#174,.T.);
#126=FACE_OUTER_BOUND('',#175,.T.);
#127=FACE_OUTER_BOUND('',#176,.T.);
#128=FACE_OUTER_BOUND('',#177,.T.);
#129=FACE_OUTER_BOUND('',#178,.T.);
#130=FACE_OUTER_BOUND('',#179,.T.);
#131=FACE_OUTER_BOUND('',#180,.T.);
#132=FACE_OUTER_BOUND('',#181,.T.);
#133=FACE_OUTER_BOUND('',#182,.T.);
#134=FACE_OUTER_BOUND('',#183,.T.);
#135=FACE_OUTER_BOUND('',#184,.T.);
#136=FACE_OUTER_BOUND('',#185,.T.);
#137=FACE_OUTER_BOUND('',#186,.T.);
#138=FACE_OUTER_BOUND('',#187,.T.);
#139=FACE_OUTER_BOUND('',#188,.T.);
#140=FACE_OUTER_BOUND('',#189,.T.);
#141=FACE_OUTER_BOUND('',#190,.T.);
#142=FACE_OUTER_BOUND('',#191,.T.);
#143=FACE_OUTER_BOUND('',#192,.T.);
#144=FACE_OUTER_BOUND('',#193,.T.);
#145=FACE_OUTER_BOUND('',#194,.T.);
#146=FACE_OUTER_BOUND('',#195,.T.);
#147=FACE_OUTER_BOUND('',#196,.T.);
#148=FACE_OUTER_BOUND('',#197,.T.);
#149=FACE_OUTER_BOUND('',#198,.T.);
#150=FACE_OUTER_BOUND('',#199,.T.);
#151=FACE_OUTER_BOUND('',#200,.T.);
#152=FACE_OUTER_BOUND('',#201,.T.);
#153=FACE_OUTER_BOUND('',#202,.T.);
#154=FACE_OUTER_BOUND('',#203,.T.);
#155=FACE_OUTER_BOUND('',#204,.T.);
#156=EDGE_LOOP('',(#440,#441,#442,#443));
#157=EDGE_LOOP('',(#444));
#158=EDGE_LOOP('',(#445,#446));
#159=EDGE_LOOP('',(#447,#448,#449,#450,#451));
#160=EDGE_LOOP('',(#452));
#161=EDGE_LOOP('',(#453));
#162=EDGE_LOOP('',(#454,#455,#456,#457,#458));
#163=EDGE_LOOP('',(#459,#460,#461,#462));
#164=EDGE_LOOP('',(#463));
#165=EDGE_LOOP('',(#464));
#166=EDGE_LOOP('',(#465,#466,#467,#468));
#167=EDGE_LOOP('',(#469,#470,#471,#472));
#168=EDGE_LOOP('',(#473,#474));
#169=EDGE_LOOP('',(#475));
#170=EDGE_LOOP('',(#476));
#171=EDGE_LOOP('',(#477));
#172=EDGE_LOOP('',(#478,#479));
#173=EDGE_LOOP('',(#480,#481,#482,#483));
#174=EDGE_LOOP('',(#484,#485,#486,#487,#488,#489,#490,#491,#492,#493));
#175=EDGE_LOOP('',(#494,#495,#496,#497,#498,#499));
#176=EDGE_LOOP('',(#500));
#177=EDGE_LOOP('',(#501,#502,#503));
#178=EDGE_LOOP('',(#504,#505,#506,#507,#508,#509,#510,#511,#512,#513));
#179=EDGE_LOOP('',(#514,#515,#516,#517,#518,#519));
#180=EDGE_LOOP('',(#520));
#181=EDGE_LOOP('',(#521));
#182=EDGE_LOOP('',(#522,#523,#524,#525,#526,#527,#528,#529));
#183=EDGE_LOOP('',(#530,#531,#532,#533,#534,#535,#536,#537,#538,#539));
#184=EDGE_LOOP('',(#540,#541,#542,#543,#544,#545));
#185=EDGE_LOOP('',(#546));
#186=EDGE_LOOP('',(#547));
#187=EDGE_LOOP('',(#548,#549,#550,#551,#552,#553,#554,#555));
#188=EDGE_LOOP('',(#556,#557,#558,#559,#560,#561,#562,#563,#564,#565));
#189=EDGE_LOOP('',(#566,#567,#568,#569,#570,#571));
#190=EDGE_LOOP('',(#572));
#191=EDGE_LOOP('',(#573));
#192=EDGE_LOOP('',(#574,#575,#576,#577,#578,#579,#580,#581));
#193=EDGE_LOOP('',(#582,#583));
#194=EDGE_LOOP('',(#584,#585,#586,#587,#588,#589,#590,#591,#592,#593));
#195=EDGE_LOOP('',(#594,#595,#596,#597));
#196=EDGE_LOOP('',(#598,#599,#600,#601,#602,#603));
#197=EDGE_LOOP('',(#604));
#198=EDGE_LOOP('',(#605,#606,#607));
#199=EDGE_LOOP('',(#608,#609));
#200=EDGE_LOOP('',(#610,#611,#612,#613));
#201=EDGE_LOOP('',(#614,#615,#616,#617,#618,#619,#620,#621,#622,#623));
#202=EDGE_LOOP('',(#624,#625,#626,#627,#628,#629));
#203=EDGE_LOOP('',(#630));
#204=EDGE_LOOP('',(#631,#632,#633));
#205=LINE('',#1032,#224);
#206=LINE('',#1109,#225);
#207=LINE('',#1152,#226);
#208=LINE('',#1201,#227);
#209=LINE('',#1241,#228);
#210=LINE('',#1275,#229);
#211=LINE('',#1353,#230);
#212=LINE('',#1382,#231);
#213=LINE('',#1389,#232);
#214=LINE('',#1469,#233);
#215=LINE('',#1494,#234);
#216=LINE('',#1501,#235);
#217=LINE('',#1577,#236);
#218=LINE('',#1606,#237);
#219=LINE('',#1613,#238);
#220=LINE('',#1680,#239);
#221=LINE('',#1684,#240);
#222=LINE('',#1723,#241);
#223=LINE('',#1757,#242);
#224=VECTOR('',#814,7.8);
#225=VECTOR('',#819,1.50000000000001);
#226=VECTOR('',#826,1.50000000000001);
#227=VECTOR('',#847,10.);
#228=VECTOR('',#858,10.);
#229=VECTOR('',#875,7.5);
#230=VECTOR('',#886,4.19274663401643);
#231=VECTOR('',#897,10.6066017177982);
#232=VECTOR('',#908,10.);
#233=VECTOR('',#919,4.19274663401643);
#234=VECTOR('',#926,10.6066017177982);
#235=VECTOR('',#937,10.);
#236=VECTOR('',#944,4.19274663401647);
#237=VECTOR('',#955,10.6066017177982);
#238=VECTOR('',#966,10.);
#239=VECTOR('',#987,10.);
#240=VECTOR('',#992,7.5);
#241=VECTOR('',#1005,10.);
#242=VECTOR('',#1022,7.5);
#243=CIRCLE('',#710,7.8);
#244=CIRCLE('',#711,7.8);
#245=CIRCLE('',#714,10.);
#246=CIRCLE('',#717,27.9174243050442);
#247=CIRCLE('',#718,5.);
#248=CIRCLE('',#719,32.5);
#249=CIRCLE('',#721,15.);
#250=CIRCLE('',#723,5.);
#251=CIRCLE('',#724,10.);
#252=CIRCLE('',#728,7.8);
#253=CIRCLE('',#744,10.);
#254=CIRCLE('',#745,10.);
#255=CIRCLE('',#746,10.);
#256=CIRCLE('',#747,10.);
#257=CIRCLE('',#748,10.);
#258=CIRCLE('',#752,10.);
#259=CIRCLE('',#754,10.);
#260=CIRCLE('',#755,10.);
#261=CIRCLE('',#756,10.);
#262=CIRCLE('',#757,10.);
#263=CIRCLE('',#758,10.);
#264=CIRCLE('',#765,10.);
#265=CIRCLE('',#770,10.);
#266=CIRCLE('',#771,10.);
#267=CIRCLE('',#772,10.);
#268=CIRCLE('',#773,10.);
#269=CIRCLE('',#774,10.);
#270=CIRCLE('',#778,10.);
#271=CIRCLE('',#781,7.8);
#272=CIRCLE('',#795,7.8);
#273=VERTEX_POINT('',#1029);
#274=VERTEX_POINT('',#1031);
#275=VERTEX_POINT('',#1034);
#276=VERTEX_POINT('',#1069);
#277=VERTEX_POINT('',#1070);
#278=VERTEX_POINT('',#1108);
#279=VERTEX_POINT('',#1110);
#280=VERTEX_POINT('',#1148);
#281=VERTEX_POINT('',#1151);
#282=VERTEX_POINT('',#1188);
#283=VERTEX_POINT('',#1190);
#284=VERTEX_POINT('',#1194);
#285=VERTEX_POINT('',#1197);
#286=VERTEX_POINT('',#1204);
#287=VERTEX_POINT('',#1205);
#288=VERTEX_POINT('',#1238);
#289=VERTEX_POINT('',#1240);
#290=VERTEX_POINT('',#1261);
#291=VERTEX_POINT('',#1263);
#292=VERTEX_POINT('',#1266);
#293=VERTEX_POINT('',#1268);
#294=VERTEX_POINT('',#1273);
#295=VERTEX_POINT('',#1346);
#296=VERTEX_POINT('',#1347);
#297=VERTEX_POINT('',#1349);
#298=VERTEX_POINT('',#1352);
#299=VERTEX_POINT('',#1354);
#300=VERTEX_POINT('',#1356);
#301=VERTEX_POINT('',#1358);
#302=VERTEX_POINT('',#1360);
#303=VERTEX_POINT('',#1381);
#304=VERTEX_POINT('',#1386);
#305=VERTEX_POINT('',#1458);
#306=VERTEX_POINT('',#1459);
#307=VERTEX_POINT('',#1461);
#308=VERTEX_POINT('',#1463);
#309=VERTEX_POINT('',#1465);
#310=VERTEX_POINT('',#1468);
#311=VERTEX_POINT('',#1470);
#312=VERTEX_POINT('',#1472);
#313=VERTEX_POINT('',#1493);
#314=VERTEX_POINT('',#1498);
#315=VERTEX_POINT('',#1570);
#316=VERTEX_POINT('',#1571);
#317=VERTEX_POINT('',#1573);
#318=VERTEX_POINT('',#1576);
#319=VERTEX_POINT('',#1578);
#320=VERTEX_POINT('',#1580);
#321=VERTEX_POINT('',#1582);
#322=VERTEX_POINT('',#1584);
#323=VERTEX_POINT('',#1605);
#324=VERTEX_POINT('',#1610);
#325=VERTEX_POINT('',#1615);
#326=VERTEX_POINT('',#1616);
#327=VERTEX_POINT('',#1664);
#328=VERTEX_POINT('',#1666);
#329=VERTEX_POINT('',#1668);
#330=VERTEX_POINT('',#1671);
#331=VERTEX_POINT('',#1673);
#332=VERTEX_POINT('',#1676);
#333=VERTEX_POINT('',#1682);
#334=VERTEX_POINT('',#1688);
#335=VERTEX_POINT('',#1689);
#336=VERTEX_POINT('',#1720);
#337=VERTEX_POINT('',#1722);
#338=VERTEX_POINT('',#1743);
#339=VERTEX_POINT('',#1745);
#340=VERTEX_POINT('',#1748);
#341=VERTEX_POINT('',#1750);
#342=VERTEX_POINT('',#1755);
#343=EDGE_CURVE('',#273,#273,#243,.F.);
#344=EDGE_CURVE('',#273,#274,#205,.T.);
#345=EDGE_CURVE('',#274,#274,#244,.T.);
#346=EDGE_CURVE('',#275,#275,#102,.F.);
#347=EDGE_CURVE('',#276,#277,#103,.F.);
#348=EDGE_CURVE('',#277,#276,#104,.F.);
#349=EDGE_CURVE('',#275,#278,#206,.T.);
#350=EDGE_CURVE('',#279,#278,#105,.T.);
#351=EDGE_CURVE('',#278,#279,#106,.T.);
#352=EDGE_CURVE('',#280,#280,#245,.T.);
#353=EDGE_CURVE('',#277,#281,#207,.T.);
#354=EDGE_CURVE('',#281,#281,#107,.T.);
#355=EDGE_CURVE('',#282,#282,#246,.T.);
#356=EDGE_CURVE('',#282,#283,#247,.T.);
#357=EDGE_CURVE('',#283,#283,#248,.T.);
#358=EDGE_CURVE('',#284,#284,#249,.T.);
#359=EDGE_CURVE('',#284,#285,#250,.T.);
#360=EDGE_CURVE('',#285,#285,#251,.T.);
#361=EDGE_CURVE('',#280,#285,#208,.T.);
#362=EDGE_CURVE('',#286,#287,#108,.T.);
#363=EDGE_CURVE('',#287,#286,#252,.F.);
#364=EDGE_CURVE('',#286,#288,#22,.T.);
#365=EDGE_CURVE('',#289,#288,#209,.T.);
#366=EDGE_CURVE('',#289,#287,#23,.T.);
#367=EDGE_CURVE('',#290,#289,#24,.T.);
#368=EDGE_CURVE('',#290,#291,#109,.T.);
#369=EDGE_CURVE('',#291,#292,#25,.T.);
#370=EDGE_CURVE('',#292,#293,#26,.T.);
#371=EDGE_CURVE('',#293,#291,#27,.T.);
#372=EDGE_CURVE('',#288,#290,#28,.T.);
#373=EDGE_CURVE('',#294,#294,#29,.T.);
#374=EDGE_CURVE('',#294,#291,#210,.T.);
#375=EDGE_CURVE('',#295,#296,#30,.T.);
#376=EDGE_CURVE('',#296,#297,#31,.T.);
#377=EDGE_CURVE('',#297,#295,#32,.T.);
#378=EDGE_CURVE('',#295,#298,#211,.T.);
#379=EDGE_CURVE('',#299,#298,#253,.T.);
#380=EDGE_CURVE('',#300,#299,#254,.T.);
#381=EDGE_CURVE('',#301,#300,#255,.T.);
#382=EDGE_CURVE('',#302,#301,#256,.T.);
#383=EDGE_CURVE('',#298,#302,#257,.T.);
#384=EDGE_CURVE('',#295,#303,#212,.T.);
#385=EDGE_CURVE('',#303,#303,#33,.T.);
#386=EDGE_CURVE('',#304,#304,#258,.T.);
#387=EDGE_CURVE('',#304,#298,#213,.T.);
#388=EDGE_CURVE('',#305,#306,#259,.T.);
#389=EDGE_CURVE('',#307,#305,#260,.T.);
#390=EDGE_CURVE('',#308,#307,#261,.T.);
#391=EDGE_CURVE('',#309,#308,#262,.T.);
#392=EDGE_CURVE('',#306,#309,#263,.T.);
#393=EDGE_CURVE('',#306,#310,#214,.T.);
#394=EDGE_CURVE('',#310,#311,#34,.T.);
#395=EDGE_CURVE('',#311,#312,#35,.T.);
#396=EDGE_CURVE('',#312,#310,#36,.T.);
#397=EDGE_CURVE('',#310,#313,#215,.T.);
#398=EDGE_CURVE('',#313,#313,#37,.T.);
#399=EDGE_CURVE('',#314,#314,#264,.T.);
#400=EDGE_CURVE('',#314,#306,#216,.T.);
#401=EDGE_CURVE('',#315,#316,#38,.T.);
#402=EDGE_CURVE('',#316,#317,#39,.T.);
#403=EDGE_CURVE('',#317,#315,#40,.T.);
#404=EDGE_CURVE('',#315,#318,#217,.T.);
#405=EDGE_CURVE('',#319,#318,#265,.T.);
#406=EDGE_CURVE('',#320,#319,#266,.T.);
#407=EDGE_CURVE('',#321,#320,#267,.T.);
#408=EDGE_CURVE('',#322,#321,#268,.T.);
#409=EDGE_CURVE('',#318,#322,#269,.T.);
#410=EDGE_CURVE('',#315,#323,#218,.T.);
#411=EDGE_CURVE('',#323,#323,#41,.T.);
#412=EDGE_CURVE('',#324,#324,#270,.T.);
#413=EDGE_CURVE('',#324,#318,#219,.T.);
#414=EDGE_CURVE('',#325,#326,#271,.F.);
#415=EDGE_CURVE('',#326,#325,#110,.T.);
#416=EDGE_CURVE('',#327,#325,#42,.T.);
#417=EDGE_CURVE('',#328,#327,#43,.T.);
#418=EDGE_CURVE('',#328,#329,#111,.T.);
#419=EDGE_CURVE('',#329,#330,#44,.T.);
#420=EDGE_CURVE('',#330,#331,#45,.T.);
#421=EDGE_CURVE('',#331,#329,#46,.T.);
#422=EDGE_CURVE('',#332,#328,#47,.T.);
#423=EDGE_CURVE('',#326,#332,#48,.T.);
#424=EDGE_CURVE('',#327,#332,#220,.T.);
#425=EDGE_CURVE('',#333,#333,#49,.T.);
#426=EDGE_CURVE('',#333,#329,#221,.T.);
#427=EDGE_CURVE('',#334,#335,#112,.T.);
#428=EDGE_CURVE('',#335,#334,#272,.F.);
#429=EDGE_CURVE('',#334,#336,#50,.T.);
#430=EDGE_CURVE('',#337,#336,#222,.T.);
#431=EDGE_CURVE('',#337,#335,#51,.T.);
#432=EDGE_CURVE('',#338,#337,#52,.T.);
#433=EDGE_CURVE('',#338,#339,#113,.T.);
#434=EDGE_CURVE('',#339,#340,#53,.T.);
#435=EDGE_CURVE('',#340,#341,#54,.T.);
#436=EDGE_CURVE('',#341,#339,#55,.T.);
#437=EDGE_CURVE('',#336,#338,#56,.T.);
#438=EDGE_CURVE('',#342,#342,#57,.T.);
#439=EDGE_CURVE('',#342,#339,#223,.T.);
#440=ORIENTED_EDGE('',*,*,#343,.F.);
#441=ORIENTED_EDGE('',*,*,#344,.T.);
#442=ORIENTED_EDGE('',*,*,#345,.F.);
#443=ORIENTED_EDGE('',*,*,#344,.F.);
#444=ORIENTED_EDGE('',*,*,#346,.F.);
#445=ORIENTED_EDGE('',*,*,#347,.F.);
#446=ORIENTED_EDGE('',*,*,#348,.F.);
#447=ORIENTED_EDGE('',*,*,#346,.T.);
#448=ORIENTED_EDGE('',*,*,#349,.T.);
#449=ORIENTED_EDGE('',*,*,#350,.F.);
#450=ORIENTED_EDGE('',*,*,#351,.F.);
#451=ORIENTED_EDGE('',*,*,#349,.F.);
#452=ORIENTED_EDGE('',*,*,#352,.T.);
#453=ORIENTED_EDGE('',*,*,#343,.T.);
#454=ORIENTED_EDGE('',*,*,#347,.T.);
#455=ORIENTED_EDGE('',*,*,#353,.T.);
#456=ORIENTED_EDGE('',*,*,#354,.F.);
#457=ORIENTED_EDGE('',*,*,#353,.F.);
#458=ORIENTED_EDGE('',*,*,#348,.T.);
#459=ORIENTED_EDGE('',*,*,#355,.T.);
#460=ORIENTED_EDGE('',*,*,#356,.T.);
#461=ORIENTED_EDGE('',*,*,#357,.F.);
#462=ORIENTED_EDGE('',*,*,#356,.F.);
#463=ORIENTED_EDGE('',*,*,#355,.F.);
#464=ORIENTED_EDGE('',*,*,#358,.F.);
#465=ORIENTED_EDGE('',*,*,#358,.T.);
#466=ORIENTED_EDGE('',*,*,#359,.T.);
#467=ORIENTED_EDGE('',*,*,#360,.T.);
#468=ORIENTED_EDGE('',*,*,#359,.F.);
#469=ORIENTED_EDGE('',*,*,#352,.F.);
#470=ORIENTED_EDGE('',*,*,#361,.T.);
#471=ORIENTED_EDGE('',*,*,#360,.F.);
#472=ORIENTED_EDGE('',*,*,#361,.F.);
#473=ORIENTED_EDGE('',*,*,#350,.T.);
#474=ORIENTED_EDGE('',*,*,#351,.T.);
#475=ORIENTED_EDGE('',*,*,#354,.T.);
#476=ORIENTED_EDGE('',*,*,#357,.T.);
#477=ORIENTED_EDGE('',*,*,#345,.T.);
#478=ORIENTED_EDGE('',*,*,#362,.F.);
#479=ORIENTED_EDGE('',*,*,#363,.F.);
#480=ORIENTED_EDGE('',*,*,#363,.T.);
#481=ORIENTED_EDGE('',*,*,#364,.T.);
#482=ORIENTED_EDGE('',*,*,#365,.F.);
#483=ORIENTED_EDGE('',*,*,#366,.T.);
#484=ORIENTED_EDGE('',*,*,#362,.T.);
#485=ORIENTED_EDGE('',*,*,#366,.F.);
#486=ORIENTED_EDGE('',*,*,#367,.F.);
#487=ORIENTED_EDGE('',*,*,#368,.T.);
#488=ORIENTED_EDGE('',*,*,#369,.T.);
#489=ORIENTED_EDGE('',*,*,#370,.T.);
#490=ORIENTED_EDGE('',*,*,#371,.T.);
#491=ORIENTED_EDGE('',*,*,#368,.F.);
#492=ORIENTED_EDGE('',*,*,#372,.F.);
#493=ORIENTED_EDGE('',*,*,#364,.F.);
#494=ORIENTED_EDGE('',*,*,#373,.F.);
#495=ORIENTED_EDGE('',*,*,#374,.T.);
#496=ORIENTED_EDGE('',*,*,#371,.F.);
#497=ORIENTED_EDGE('',*,*,#370,.F.);
#498=ORIENTED_EDGE('',*,*,#369,.F.);
#499=ORIENTED_EDGE('',*,*,#374,.F.);
#500=ORIENTED_EDGE('',*,*,#373,.T.);
#501=ORIENTED_EDGE('',*,*,#365,.T.);
#502=ORIENTED_EDGE('',*,*,#372,.T.);
#503=ORIENTED_EDGE('',*,*,#367,.T.);
#504=ORIENTED_EDGE('',*,*,#375,.T.);
#505=ORIENTED_EDGE('',*,*,#376,.T.);
#506=ORIENTED_EDGE('',*,*,#377,.T.);
#507=ORIENTED_EDGE('',*,*,#378,.T.);
#508=ORIENTED_EDGE('',*,*,#379,.F.);
#509=ORIENTED_EDGE('',*,*,#380,.F.);
#510=ORIENTED_EDGE('',*,*,#381,.F.);
#511=ORIENTED_EDGE('',*,*,#382,.F.);
#512=ORIENTED_EDGE('',*,*,#383,.F.);
#513=ORIENTED_EDGE('',*,*,#378,.F.);
#514=ORIENTED_EDGE('',*,*,#375,.F.);
#515=ORIENTED_EDGE('',*,*,#384,.T.);
#516=ORIENTED_EDGE('',*,*,#385,.T.);
#517=ORIENTED_EDGE('',*,*,#384,.F.);
#518=ORIENTED_EDGE('',*,*,#377,.F.);
#519=ORIENTED_EDGE('',*,*,#376,.F.);
#520=ORIENTED_EDGE('',*,*,#385,.F.);
#521=ORIENTED_EDGE('',*,*,#386,.T.);
#522=ORIENTED_EDGE('',*,*,#386,.F.);
#523=ORIENTED_EDGE('',*,*,#387,.T.);
#524=ORIENTED_EDGE('',*,*,#383,.T.);
#525=ORIENTED_EDGE('',*,*,#382,.T.);
#526=ORIENTED_EDGE('',*,*,#381,.T.);
#527=ORIENTED_EDGE('',*,*,#380,.T.);
#528=ORIENTED_EDGE('',*,*,#379,.T.);
#529=ORIENTED_EDGE('',*,*,#387,.F.);
#530=ORIENTED_EDGE('',*,*,#388,.F.);
#531=ORIENTED_EDGE('',*,*,#389,.F.);
#532=ORIENTED_EDGE('',*,*,#390,.F.);
#533=ORIENTED_EDGE('',*,*,#391,.F.);
#534=ORIENTED_EDGE('',*,*,#392,.F.);
#535=ORIENTED_EDGE('',*,*,#393,.T.);
#536=ORIENTED_EDGE('',*,*,#394,.T.);
#537=ORIENTED_EDGE('',*,*,#395,.T.);
#538=ORIENTED_EDGE('',*,*,#396,.T.);
#539=ORIENTED_EDGE('',*,*,#393,.F.);
#540=ORIENTED_EDGE('',*,*,#394,.F.);
#541=ORIENTED_EDGE('',*,*,#397,.T.);
#542=ORIENTED_EDGE('',*,*,#398,.T.);
#543=ORIENTED_EDGE('',*,*,#397,.F.);
#544=ORIENTED_EDGE('',*,*,#396,.F.);
#545=ORIENTED_EDGE('',*,*,#395,.F.);
#546=ORIENTED_EDGE('',*,*,#398,.F.);
#547=ORIENTED_EDGE('',*,*,#399,.T.);
#548=ORIENTED_EDGE('',*,*,#399,.F.);
#549=ORIENTED_EDGE('',*,*,#400,.T.);
#550=ORIENTED_EDGE('',*,*,#392,.T.);
#551=ORIENTED_EDGE('',*,*,#391,.T.);
#552=ORIENTED_EDGE('',*,*,#390,.T.);
#553=ORIENTED_EDGE('',*,*,#389,.T.);
#554=ORIENTED_EDGE('',*,*,#388,.T.);
#555=ORIENTED_EDGE('',*,*,#400,.F.);
#556=ORIENTED_EDGE('',*,*,#401,.T.);
#557=ORIENTED_EDGE('',*,*,#402,.T.);
#558=ORIENTED_EDGE('',*,*,#403,.T.);
#559=ORIENTED_EDGE('',*,*,#404,.T.);
#560=ORIENTED_EDGE('',*,*,#405,.F.);
#561=ORIENTED_EDGE('',*,*,#406,.F.);
#562=ORIENTED_EDGE('',*,*,#407,.F.);
#563=ORIENTED_EDGE('',*,*,#408,.F.);
#564=ORIENTED_EDGE('',*,*,#409,.F.);
#565=ORIENTED_EDGE('',*,*,#404,.F.);
#566=ORIENTED_EDGE('',*,*,#401,.F.);
#567=ORIENTED_EDGE('',*,*,#410,.T.);
#568=ORIENTED_EDGE('',*,*,#411,.T.);
#569=ORIENTED_EDGE('',*,*,#410,.F.);
#570=ORIENTED_EDGE('',*,*,#403,.F.);
#571=ORIENTED_EDGE('',*,*,#402,.F.);
#572=ORIENTED_EDGE('',*,*,#411,.F.);
#573=ORIENTED_EDGE('',*,*,#412,.T.);
#574=ORIENTED_EDGE('',*,*,#412,.F.);
#575=ORIENTED_EDGE('',*,*,#413,.T.);
#576=ORIENTED_EDGE('',*,*,#409,.T.);
#577=ORIENTED_EDGE('',*,*,#408,.T.);
#578=ORIENTED_EDGE('',*,*,#407,.T.);
#579=ORIENTED_EDGE('',*,*,#406,.T.);
#580=ORIENTED_EDGE('',*,*,#405,.T.);
#581=ORIENTED_EDGE('',*,*,#413,.F.);
#582=ORIENTED_EDGE('',*,*,#414,.F.);
#583=ORIENTED_EDGE('',*,*,#415,.F.);
#584=ORIENTED_EDGE('',*,*,#415,.T.);
#585=ORIENTED_EDGE('',*,*,#416,.F.);
#586=ORIENTED_EDGE('',*,*,#417,.F.);
#587=ORIENTED_EDGE('',*,*,#418,.T.);
#588=ORIENTED_EDGE('',*,*,#419,.T.);
#589=ORIENTED_EDGE('',*,*,#420,.T.);
#590=ORIENTED_EDGE('',*,*,#421,.T.);
#591=ORIENTED_EDGE('',*,*,#418,.F.);
#592=ORIENTED_EDGE('',*,*,#422,.F.);
#593=ORIENTED_EDGE('',*,*,#423,.F.);
#594=ORIENTED_EDGE('',*,*,#414,.T.);
#595=ORIENTED_EDGE('',*,*,#423,.T.);
#596=ORIENTED_EDGE('',*,*,#424,.F.);
#597=ORIENTED_EDGE('',*,*,#416,.T.);
#598=ORIENTED_EDGE('',*,*,#425,.F.);
#599=ORIENTED_EDGE('',*,*,#426,.T.);
#600=ORIENTED_EDGE('',*,*,#421,.F.);
#601=ORIENTED_EDGE('',*,*,#420,.F.);
#602=ORIENTED_EDGE('',*,*,#419,.F.);
#603=ORIENTED_EDGE('',*,*,#426,.F.);
#604=ORIENTED_EDGE('',*,*,#425,.T.);
#605=ORIENTED_EDGE('',*,*,#424,.T.);
#606=ORIENTED_EDGE('',*,*,#422,.T.);
#607=ORIENTED_EDGE('',*,*,#417,.T.);
#608=ORIENTED_EDGE('',*,*,#427,.F.);
#609=ORIENTED_EDGE('',*,*,#428,.F.);
#610=ORIENTED_EDGE('',*,*,#428,.T.);
#611=ORIENTED_EDGE('',*,*,#429,.T.);
#612=ORIENTED_EDGE('',*,*,#430,.F.);
#613=ORIENTED_EDGE('',*,*,#431,.T.);
#614=ORIENTED_EDGE('',*,*,#427,.T.);
#615=ORIENTED_EDGE('',*,*,#431,.F.);
#616=ORIENTED_EDGE('',*,*,#432,.F.);
#617=ORIENTED_EDGE('',*,*,#433,.T.);
#618=ORIENTED_EDGE('',*,*,#434,.T.);
#619=ORIENTED_EDGE('',*,*,#435,.T.);
#620=ORIENTED_EDGE('',*,*,#436,.T.);
#621=ORIENTED_EDGE('',*,*,#433,.F.);
#622=ORIENTED_EDGE('',*,*,#437,.F.);
#623=ORIENTED_EDGE('',*,*,#429,.F.);
#624=ORIENTED_EDGE('',*,*,#438,.F.);
#625=ORIENTED_EDGE('',*,*,#439,.T.);
#626=ORIENTED_EDGE('',*,*,#436,.F.);
#627=ORIENTED_EDGE('',*,*,#435,.F.);
#628=ORIENTED_EDGE('',*,*,#434,.F.);
#629=ORIENTED_EDGE('',*,*,#439,.F.);
#630=ORIENTED_EDGE('',*,*,#438,.T.);
#631=ORIENTED_EDGE('',*,*,#430,.T.);
#632=ORIENTED_EDGE('',*,*,#437,.T.);
#633=ORIENTED_EDGE('',*,*,#432,.T.);
#634=CYLINDRICAL_SURFACE('',#709,7.8);
#635=CYLINDRICAL_SURFACE('',#712,1.50000000000001);
#636=CYLINDRICAL_SURFACE('',#715,1.50000000000001);
#637=CYLINDRICAL_SURFACE('',#725,10.);
#638=CYLINDRICAL_SURFACE('',#727,7.8);
#639=CYLINDRICAL_SURFACE('',#737,7.5);
#640=CYLINDRICAL_SURFACE('',#753,10.);
#641=CYLINDRICAL_SURFACE('',#766,10.);
#642=CYLINDRICAL_SURFACE('',#779,10.);
#643=CYLINDRICAL_SURFACE('',#780,7.8);
#644=CYLINDRICAL_SURFACE('',#790,7.5);
#645=CYLINDRICAL_SURFACE('',#794,7.8);
#646=CYLINDRICAL_SURFACE('',#804,7.5);
#647=ADVANCED_FACE('',(#114,#95,#96),#634,.F.);
#648=ADVANCED_FACE('',(#115),#635,.F.);
#649=ADVANCED_FACE('',(#116,#97),#77,.F.);
#650=ADVANCED_FACE('',(#117),#636,.F.);
#651=ADVANCED_FACE('',(#118),#75,.T.);
#652=ADVANCED_FACE('',(#119,#98),#78,.F.);
#653=ADVANCED_FACE('',(#120),#76,.F.);
#654=ADVANCED_FACE('',(#121,#99,#100),#637,.T.);
#655=ADVANCED_FACE('',(#122,#101),#79,.T.);
#656=ADVANCED_FACE('',(#123),#638,.F.);
#657=ADVANCED_FACE('',(#124),#80,.F.);
#658=ADVANCED_FACE('',(#125),#16,.F.);
#659=ADVANCED_FACE('',(#126),#639,.T.);
#660=ADVANCED_FACE('',(#127),#81,.T.);
#661=ADVANCED_FACE('',(#128),#82,.F.);
#662=ADVANCED_FACE('',(#129),#13,.T.);
#663=ADVANCED_FACE('',(#130),#17,.T.);
#664=ADVANCED_FACE('',(#131),#83,.F.);
#665=ADVANCED_FACE('',(#132),#84,.T.);
#666=ADVANCED_FACE('',(#133),#640,.T.);
#667=ADVANCED_FACE('',(#134),#14,.T.);
#668=ADVANCED_FACE('',(#135),#18,.T.);
#669=ADVANCED_FACE('',(#136),#85,.F.);
#670=ADVANCED_FACE('',(#137),#86,.T.);
#671=ADVANCED_FACE('',(#138),#641,.T.);
#672=ADVANCED_FACE('',(#139),#15,.T.);
#673=ADVANCED_FACE('',(#140),#19,.T.);
#674=ADVANCED_FACE('',(#141),#87,.F.);
#675=ADVANCED_FACE('',(#142),#88,.T.);
#676=ADVANCED_FACE('',(#143),#642,.T.);
#677=ADVANCED_FACE('',(#144),#643,.F.);
#678=ADVANCED_FACE('',(#145),#20,.F.);
#679=ADVANCED_FACE('',(#146),#89,.F.);
#680=ADVANCED_FACE('',(#147),#644,.T.);
#681=ADVANCED_FACE('',(#148),#90,.T.);
#682=ADVANCED_FACE('',(#149),#91,.F.);
#683=ADVANCED_FACE('',(#150),#645,.F.);
#684=ADVANCED_FACE('',(#151),#92,.F.);
#685=ADVANCED_FACE('',(#152),#21,.F.);
#686=ADVANCED_FACE('',(#153),#646,.T.);
#687=ADVANCED_FACE('',(#154),#93,.T.);
#688=ADVANCED_FACE('',(#155),#94,.T.);
#689=CLOSED_SHELL('',(#647,#648,#649,#650,#651,#652,#653,#654,#655));
#690=CLOSED_SHELL('',(#656,#657,#658,#659,#660,#661));
#691=CLOSED_SHELL('',(#662,#663,#664,#665,#666));
#692=CLOSED_SHELL('',(#667,#668,#669,#670,#671));
#693=CLOSED_SHELL('',(#672,#673,#674,#675,#676));
#694=CLOSED_SHELL('',(#677,#678,#679,#680,#681,#682));
#695=CLOSED_SHELL('',(#683,#684,#685,#686,#687,#688));
#696=DERIVED_UNIT_ELEMENT(#698,1.);
#697=DERIVED_UNIT_ELEMENT(#1765,-3.);
#698=(
MASS_UNIT()
NAMED_UNIT(*)
SI_UNIT(.KILO.,.GRAM.)
);
#699=DERIVED_UNIT((#696,#697));
#700=MEASURE_REPRESENTATION_ITEM('density measure',
POSITIVE_RATIO_MEASURE(7850.),#699);
#701=PROPERTY_DEFINITION_REPRESENTATION(#706,#703);
#702=PROPERTY_DEFINITION_REPRESENTATION(#707,#704);
#703=REPRESENTATION('material name',(#705),#1762);
#704=REPRESENTATION('density',(#700),#1762);
#705=DESCRIPTIVE_REPRESENTATION_ITEM('Steel','Steel');
#706=PROPERTY_DEFINITION('material property','material name',#1772);
#707=PROPERTY_DEFINITION('material property','density of part',#1772);
#708=AXIS2_PLACEMENT_3D('',#1027,#808,#809);
#709=AXIS2_PLACEMENT_3D('',#1028,#810,#811);
#710=AXIS2_PLACEMENT_3D('',#1030,#812,#813);
#711=AXIS2_PLACEMENT_3D('',#1033,#815,#816);
#712=AXIS2_PLACEMENT_3D('',#1107,#817,#818);
#713=AXIS2_PLACEMENT_3D('',#1147,#820,#821);
#714=AXIS2_PLACEMENT_3D('',#1149,#822,#823);
#715=AXIS2_PLACEMENT_3D('',#1150,#824,#825);
#716=AXIS2_PLACEMENT_3D('',#1187,#827,#828);
#717=AXIS2_PLACEMENT_3D('',#1189,#829,#830);
#718=AXIS2_PLACEMENT_3D('',#1191,#831,#832);
#719=AXIS2_PLACEMENT_3D('',#1192,#833,#834);
#720=AXIS2_PLACEMENT_3D('',#1193,#835,#836);
#721=AXIS2_PLACEMENT_3D('',#1195,#837,#838);
#722=AXIS2_PLACEMENT_3D('',#1196,#839,#840);
#723=AXIS2_PLACEMENT_3D('',#1198,#841,#842);
#724=AXIS2_PLACEMENT_3D('',#1199,#843,#844);
#725=AXIS2_PLACEMENT_3D('',#1200,#845,#846);
#726=AXIS2_PLACEMENT_3D('',#1202,#848,#849);
#727=AXIS2_PLACEMENT_3D('',#1203,#850,#851);
#728=AXIS2_PLACEMENT_3D('',#1236,#852,#853);
#729=AXIS2_PLACEMENT_3D('',#1237,#854,#855);
#730=AXIS2_PLACEMENT_3D('',#1239,#856,#857);
#731=AXIS2_PLACEMENT_3D('',#1242,#859,#860);
#732=AXIS2_PLACEMENT_3D('',#1262,#861,#862);
#733=AXIS2_PLACEMENT_3D('',#1267,#863,#864);
#734=AXIS2_PLACEMENT_3D('',#1269,#865,#866);
#735=AXIS2_PLACEMENT_3D('',#1270,#867,#868);
#736=AXIS2_PLACEMENT_3D('',#1271,#869,#870);
#737=AXIS2_PLACEMENT_3D('',#1272,#871,#872);
#738=AXIS2_PLACEMENT_3D('',#1274,#873,#874);
#739=AXIS2_PLACEMENT_3D('',#1276,#876,#877);
#740=AXIS2_PLACEMENT_3D('',#1277,#878,#879);
#741=AXIS2_PLACEMENT_3D('',#1348,#880,#881);
#742=AXIS2_PLACEMENT_3D('',#1350,#882,#883);
#743=AXIS2_PLACEMENT_3D('',#1351,#884,#885);
#744=AXIS2_PLACEMENT_3D('',#1355,#887,#888);
#745=AXIS2_PLACEMENT_3D('',#1357,#889,#890);
#746=AXIS2_PLACEMENT_3D('',#1359,#891,#892);
#747=AXIS2_PLACEMENT_3D('',#1361,#893,#894);
#748=AXIS2_PLACEMENT_3D('',#1362,#895,#896);
#749=AXIS2_PLACEMENT_3D('',#1383,#898,#899);
#750=AXIS2_PLACEMENT_3D('',#1384,#900,#901);
#751=AXIS2_PLACEMENT_3D('',#1385,#902,#903);
#752=AXIS2_PLACEMENT_3D('',#1387,#904,#905);
#753=AXIS2_PLACEMENT_3D('',#1388,#906,#907);
#754=AXIS2_PLACEMENT_3D('',#1460,#909,#910);
#755=AXIS2_PLACEMENT_3D('',#1462,#911,#912);
#756=AXIS2_PLACEMENT_3D('',#1464,#913,#914);
#757=AXIS2_PLACEMENT_3D('',#1466,#915,#916);
#758=AXIS2_PLACEMENT_3D('',#1467,#917,#918);
#759=AXIS2_PLACEMENT_3D('',#1471,#920,#921);
#760=AXIS2_PLACEMENT_3D('',#1473,#922,#923);
#761=AXIS2_PLACEMENT_3D('',#1474,#924,#925);
#762=AXIS2_PLACEMENT_3D('',#1495,#927,#928);
#763=AXIS2_PLACEMENT_3D('',#1496,#929,#930);
#764=AXIS2_PLACEMENT_3D('',#1497,#931,#932);
#765=AXIS2_PLACEMENT_3D('',#1499,#933,#934);
#766=AXIS2_PLACEMENT_3D('',#1500,#935,#936);
#767=AXIS2_PLACEMENT_3D('',#1572,#938,#939);
#768=AXIS2_PLACEMENT_3D('',#1574,#940,#941);
#769=AXIS2_PLACEMENT_3D('',#1575,#942,#943);
#770=AXIS2_PLACEMENT_3D('',#1579,#945,#946);
#771=AXIS2_PLACEMENT_3D('',#1581,#947,#948);
#772=AXIS2_PLACEMENT_3D('',#1583,#949,#950);
#773=AXIS2_PLACEMENT_3D('',#1585,#951,#952);
#774=AXIS2_PLACEMENT_3D('',#1586,#953,#954);
#775=AXIS2_PLACEMENT_3D('',#1607,#956,#957);
#776=AXIS2_PLACEMENT_3D('',#1608,#958,#959);
#777=AXIS2_PLACEMENT_3D('',#1609,#960,#961);
#778=AXIS2_PLACEMENT_3D('',#1611,#962,#963);
#779=AXIS2_PLACEMENT_3D('',#1612,#964,#965);
#780=AXIS2_PLACEMENT_3D('',#1614,#967,#968);
#781=AXIS2_PLACEMENT_3D('',#1617,#969,#970);
#782=AXIS2_PLACEMENT_3D('',#1665,#971,#972);
#783=AXIS2_PLACEMENT_3D('',#1667,#973,#974);
#784=AXIS2_PLACEMENT_3D('',#1672,#975,#976);
#785=AXIS2_PLACEMENT_3D('',#1674,#977,#978);
#786=AXIS2_PLACEMENT_3D('',#1675,#979,#980);
#787=AXIS2_PLACEMENT_3D('',#1677,#981,#982);
#788=AXIS2_PLACEMENT_3D('',#1678,#983,#984);
#789=AXIS2_PLACEMENT_3D('',#1679,#985,#986);
#790=AXIS2_PLACEMENT_3D('',#1681,#988,#989);
#791=AXIS2_PLACEMENT_3D('',#1683,#990,#991);
#792=AXIS2_PLACEMENT_3D('',#1685,#993,#994);
#793=AXIS2_PLACEMENT_3D('',#1686,#995,#996);
#794=AXIS2_PLACEMENT_3D('',#1687,#997,#998);
#795=AXIS2_PLACEMENT_3D('',#1718,#999,#1000);
#796=AXIS2_PLACEMENT_3D('',#1719,#1001,#1002);
#797=AXIS2_PLACEMENT_3D('',#1721,#1003,#1004);
#798=AXIS2_PLACEMENT_3D('',#1724,#1006,#1007);
#799=AXIS2_PLACEMENT_3D('',#1744,#1008,#1009);
#800=AXIS2_PLACEMENT_3D('',#1749,#1010,#1011);
#801=AXIS2_PLACEMENT_3D('',#1751,#1012,#1013);
#802=AXIS2_PLACEMENT_3D('',#1752,#1014,#1015);
#803=AXIS2_PLACEMENT_3D('',#1753,#1016,#1017);
#804=AXIS2_PLACEMENT_3D('',#1754,#1018,#1019);
#805=AXIS2_PLACEMENT_3D('',#1756,#1020,#1021);
#806=AXIS2_PLACEMENT_3D('',#1758,#1023,#1024);
#807=AXIS2_PLACEMENT_3D('',#1759,#1025,#1026);
#808=DIRECTION('axis',(0.,0.,1.));
#809=DIRECTION('refdir',(1.,0.,0.));
#810=DIRECTION('center_axis',(0.,0.,1.));
#811=DIRECTION('ref_axis',(-1.,0.,0.));
#812=DIRECTION('center_axis',(0.,0.,-1.));
#813=DIRECTION('ref_axis',(-1.,0.,0.));
#814=DIRECTION('',(0.,0.,1.));
#815=DIRECTION('center_axis',(1.38777878078239E-17,-1.15555796663313E-33,
-1.));
#816=DIRECTION('ref_axis',(-1.,0.,0.));
#817=DIRECTION('center_axis',(0.,1.,0.));
#818=DIRECTION('ref_axis',(1.,0.,0.));
#819=DIRECTION('',(0.,1.,0.));
#820=DIRECTION('center_axis',(0.,0.,1.));
#821=DIRECTION('ref_axis',(-1.,0.,0.));
#822=DIRECTION('center_axis',(0.,0.,-1.));
#823=DIRECTION('ref_axis',(-1.,0.,0.));
#824=DIRECTION('center_axis',(0.,-1.,0.));
#825=DIRECTION('ref_axis',(1.,0.,0.));
#826=DIRECTION('',(0.,-1.,0.));
#827=DIRECTION('center_axis',(1.38777878078239E-17,-1.15555796663313E-33,
-1.));
#828=DIRECTION('ref_axis',(1.,0.,0.));
#829=DIRECTION('center_axis',(-1.38777878078239E-17,1.15555796663313E-33,
1.));
#830=DIRECTION('ref_axis',(1.,2.06959989217978E-34,0.));
#831=DIRECTION('center_axis',(-1.18046313410755E-16,1.,-2.79377965564346E-33));
#832=DIRECTION('ref_axis',(-1.,-1.18046313410755E-16,0.));
#833=DIRECTION('center_axis',(-1.38777878078239E-17,1.15555796663313E-33,
1.));
#834=DIRECTION('ref_axis',(-1.,2.7369110631344E-48,-1.38777878078239E-17));
#835=DIRECTION('center_axis',(-1.38777878078239E-17,1.15555796663313E-33,
1.));
#836=DIRECTION('ref_axis',(-1.,2.7369110631344E-48,-1.38777878078239E-17));
#837=DIRECTION('center_axis',(1.38777878078239E-17,-1.15555796663313E-33,
-1.));
#838=DIRECTION('ref_axis',(-1.,-5.77778983316569E-34,-1.38777878078239E-17));
#839=DIRECTION('center_axis',(1.38777878078239E-17,-1.15555796663313E-33,
-1.));
#840=DIRECTION('ref_axis',(-1.,0.,0.));
#841=DIRECTION('center_axis',(-1.11022302462516E-16,-1.,-3.85185988877704E-34));
#842=DIRECTION('ref_axis',(1.,-1.11022302462516E-16,0.));
#843=DIRECTION('center_axis',(-1.38777878078239E-17,1.15555796663313E-33,
1.));
#844=DIRECTION('ref_axis',(-1.,-5.77778983316569E-34,0.));
#845=DIRECTION('center_axis',(0.,0.,-1.));
#846=DIRECTION('ref_axis',(-1.,0.,0.));
#847=DIRECTION('',(0.,0.,1.));
#848=DIRECTION('center_axis',(-1.38777878078239E-17,1.15555796663313E-33,
1.));
#849=DIRECTION('ref_axis',(-1.,2.7369110631344E-48,-1.38777878078239E-17));
#850=DIRECTION('center_axis',(0.,0.,1.));
#851=DIRECTION('ref_axis',(-1.,0.,0.));
#852=DIRECTION('center_axis',(-3.69778549322349E-32,1.59527703592447E-45,
-1.));
#853=DIRECTION('ref_axis',(-1.,0.,0.));
#854=DIRECTION('center_axis',(3.69778549322349E-32,-1.59527703592447E-45,
1.));
#855=DIRECTION('ref_axis',(1.,6.10622663543835E-16,-3.69778549322349E-32));
#856=DIRECTION('center_axis',(-3.69778549322349E-32,1.59527703592447E-45,
-1.));
#857=DIRECTION('ref_axis',(-0.460817077062322,0.887495138853018,-1.99847550427756E-18));
#858=DIRECTION('',(0.979999742736691,0.198998754357959,-3.69778549322349E-32));
#859=DIRECTION('center_axis',(-3.69778549322349E-32,1.59527703592447E-45,
-1.));
#860=DIRECTION('ref_axis',(-0.460817077062322,0.887495138853018,-1.99847550427756E-18));
#861=DIRECTION('center_axis',(-0.0646754901282951,0.318504323766203,-0.945712470425815));
#862=DIRECTION('ref_axis',(-0.489756408693315,0.815579274723784,0.308170580660863));
#863=DIRECTION('center_axis',(-0.0646754901282951,0.318504323766203,-0.945712470425815));
#864=DIRECTION('ref_axis',(-0.489756408693315,0.815579274723784,0.308170580660863));
#865=DIRECTION('center_axis',(-0.0646754901282951,0.318504323766203,-0.945712470425815));
#866=DIRECTION('ref_axis',(-0.489756408693315,0.815579274723784,0.308170580660863));
#867=DIRECTION('center_axis',(-0.0646754901282951,0.318504323766203,-0.945712470425815));
#868=DIRECTION('ref_axis',(-0.489756408693315,0.815579274723784,0.308170580660863));
#869=DIRECTION('center_axis',(-0.0646754901282951,0.318504323766203,-0.945712470425815));
#870=DIRECTION('ref_axis',(-0.489756408693315,0.815579274723784,0.308170580660863));
#871=DIRECTION('center_axis',(-0.392042555362894,0.801918202924711,-0.450810193543284));
#872=DIRECTION('ref_axis',(-0.300577600070332,0.351485068580076,0.886629208238268));
#873=DIRECTION('center_axis',(0.064675490128295,-0.318504323766203,0.945712470425815));
#874=DIRECTION('ref_axis',(-0.489756408693315,0.815579274723784,0.308170580660863));
#875=DIRECTION('',(-0.392042555362894,0.801918202924711,-0.450810193543284));
#876=DIRECTION('center_axis',(0.064675490128295,-0.318504323766203,0.945712470425815));
#877=DIRECTION('ref_axis',(0.489756408693315,-0.815579274723784,-0.308170580660863));
#878=DIRECTION('center_axis',(0.0646754901282951,-0.318504323766203,0.945712470425815));
#879=DIRECTION('ref_axis',(-0.997850186455134,-0.0105870849679313,0.0646754901282949));
#880=DIRECTION('center_axis',(0.064675490128295,-0.318504323766203,0.945712470425815));
#881=DIRECTION('ref_axis',(-0.489756408693315,0.815579274723784,0.308170580660863));
#882=DIRECTION('center_axis',(0.064675490128295,-0.318504323766203,0.945712470425815));
#883=DIRECTION('ref_axis',(-0.489756408693315,0.815579274723784,0.308170580660863));
#884=DIRECTION('center_axis',(0.064675490128295,-0.318504323766203,0.945712470425815));
#885=DIRECTION('ref_axis',(-0.489756408693315,0.815579274723784,0.308170580660863));
#886=DIRECTION('',(-0.0585161479668649,-0.189899516408445,0.98005817893376));
#887=DIRECTION('center_axis',(0.032785770883613,-0.161458533421618,0.98633474805104));
#888=DIRECTION('ref_axis',(-0.493844170297569,0.855363193977086,0.15643446504023));
#889=DIRECTION('center_axis',(0.032785770883613,-0.161458533421618,0.98633474805104));
#890=DIRECTION('ref_axis',(-0.493844170297569,0.855363193977086,0.15643446504023));
#891=DIRECTION('center_axis',(0.032785770883613,-0.161458533421618,0.98633474805104));
#892=DIRECTION('ref_axis',(-0.493844170297569,0.855363193977086,0.15643446504023));
#893=DIRECTION('center_axis',(0.032785770883613,-0.161458533421618,0.98633474805104));
#894=DIRECTION('ref_axis',(-0.493844170297569,0.855363193977086,0.15643446504023));
#895=DIRECTION('center_axis',(0.032785770883613,-0.161458533421618,0.98633474805104));
#896=DIRECTION('ref_axis',(-0.493844170297569,0.855363193977086,0.15643446504023));
#897=DIRECTION('',(-0.064675490128295,0.318504323766203,-0.945712470425815));
#898=DIRECTION('center_axis',(0.064675490128295,-0.318504323766203,0.945712470425815));
#899=DIRECTION('ref_axis',(-0.489756408693315,0.815579274723784,0.308170580660863));
#900=DIRECTION('center_axis',(0.064675490128295,-0.318504323766203,0.945712470425815));
#901=DIRECTION('ref_axis',(0.489756408693315,-0.815579274723784,-0.308170580660863));
#902=DIRECTION('center_axis',(0.032785770883613,-0.161458533421618,0.98633474805104));
#903=DIRECTION('ref_axis',(-0.493844170297569,0.855363193977086,0.156434465040231));
#904=DIRECTION('center_axis',(0.032785770883613,-0.161458533421618,0.98633474805104));
#905=DIRECTION('ref_axis',(-0.493844170297569,0.855363193977086,0.15643446504023));
#906=DIRECTION('center_axis',(0.032785770883613,-0.161458533421618,0.98633474805104));
#907=DIRECTION('ref_axis',(-0.493844170297569,0.855363193977086,0.15643446504023));
#908=DIRECTION('',(-0.032785770883613,0.161458533421618,-0.986334748051039));
#909=DIRECTION('center_axis',(0.123434306159093,0.109122577178674,0.98633474805104));
#910=DIRECTION('ref_axis',(-0.493844170297569,-0.855363193977086,0.15643446504023));
#911=DIRECTION('center_axis',(0.123434306159093,0.109122577178674,0.98633474805104));
#912=DIRECTION('ref_axis',(-0.493844170297569,-0.855363193977086,0.15643446504023));
#913=DIRECTION('center_axis',(0.123434306159093,0.109122577178674,0.98633474805104));
#914=DIRECTION('ref_axis',(-0.493844170297569,-0.855363193977086,0.15643446504023));
#915=DIRECTION('center_axis',(0.123434306159093,0.109122577178674,0.98633474805104));
#916=DIRECTION('ref_axis',(-0.493844170297569,-0.855363193977086,0.15643446504023));
#917=DIRECTION('center_axis',(0.123434306159093,0.109122577178674,0.98633474805104));
#918=DIRECTION('ref_axis',(-0.493844170297569,-0.855363193977086,0.15643446504023));
#919=DIRECTION('',(-0.193715879359526,-0.0442732875333084,-0.98005817893376));
#920=DIRECTION('center_axis',(0.243495090532568,0.215262779336415,0.945712470425815));
#921=DIRECTION('ref_axis',(-0.461434166364227,-0.831931128956537,0.308170580660863));
#922=DIRECTION('center_axis',(0.243495090532568,0.215262779336415,0.945712470425815));
#923=DIRECTION('ref_axis',(-0.461434166364227,-0.831931128956537,0.308170580660863));
#924=DIRECTION('center_axis',(0.243495090532568,0.215262779336415,0.945712470425815));
#925=DIRECTION('ref_axis',(-0.461434166364227,-0.831931128956537,0.308170580660863));
#926=DIRECTION('',(-0.243495090532568,-0.215262779336415,-0.945712470425815));
#927=DIRECTION('center_axis',(0.243495090532568,0.215262779336415,0.945712470425815));
#928=DIRECTION('ref_axis',(-0.461434166364227,-0.831931128956537,0.308170580660863));
#929=DIRECTION('center_axis',(0.243495090532568,0.215262779336415,0.945712470425815));
#930=DIRECTION('ref_axis',(0.461434166364227,0.831931128956537,-0.308170580660863));
#931=DIRECTION('center_axis',(0.123434306159093,0.109122577178674,0.98633474805104));
#932=DIRECTION('ref_axis',(-0.493844170297569,-0.855363193977086,0.15643446504023));
#933=DIRECTION('center_axis',(0.123434306159093,0.109122577178674,0.98633474805104));
#934=DIRECTION('ref_axis',(-0.493844170297569,-0.855363193977086,0.15643446504023));
#935=DIRECTION('center_axis',(0.123434306159093,0.109122577178674,0.98633474805104));
#936=DIRECTION('ref_axis',(-0.493844170297569,-0.855363193977086,0.15643446504023));
#937=DIRECTION('',(-0.123434306159093,-0.109122577178674,-0.986334748051039));
#938=DIRECTION('center_axis',(-0.308170580660863,0.103241544429788,0.945712470425815));
#939=DIRECTION('ref_axis',(0.951190575057542,0.0163518542327534,0.308170580660863));
#940=DIRECTION('center_axis',(-0.308170580660863,0.103241544429788,0.945712470425815));
#941=DIRECTION('ref_axis',(0.951190575057542,0.0163518542327534,0.308170580660863));
#942=DIRECTION('center_axis',(-0.308170580660863,0.103241544429788,0.945712470425815));
#943=DIRECTION('ref_axis',(0.951190575057542,0.0163518542327534,0.308170580660863));
#944=DIRECTION('',(-0.135199731392661,0.145626228875134,0.980058178933761));
#945=DIRECTION('center_axis',(-0.156220077042706,0.0523359562429438,0.98633474805104));
#946=DIRECTION('ref_axis',(0.987688340595138,6.37616233227272E-16,0.15643446504023));
#947=DIRECTION('center_axis',(-0.156220077042706,0.0523359562429438,0.98633474805104));
#948=DIRECTION('ref_axis',(0.987688340595138,6.37616233227272E-16,0.15643446504023));
#949=DIRECTION('center_axis',(-0.156220077042706,0.0523359562429438,0.98633474805104));
#950=DIRECTION('ref_axis',(0.987688340595138,6.37616233227272E-16,0.15643446504023));
#951=DIRECTION('center_axis',(-0.156220077042706,0.0523359562429438,0.98633474805104));
#952=DIRECTION('ref_axis',(0.987688340595138,6.37616233227272E-16,0.15643446504023));
#953=DIRECTION('center_axis',(-0.156220077042706,0.0523359562429438,0.98633474805104));
#954=DIRECTION('ref_axis',(0.987688340595138,6.37616233227272E-16,0.15643446504023));
#955=DIRECTION('',(0.308170580660863,-0.103241544429788,-0.945712470425815));
#956=DIRECTION('center_axis',(-0.308170580660863,0.103241544429788,0.945712470425815));
#957=DIRECTION('ref_axis',(0.951190575057542,0.0163518542327534,0.308170580660863));
#958=DIRECTION('center_axis',(-0.308170580660863,0.103241544429788,0.945712470425815));
#959=DIRECTION('ref_axis',(-0.951190575057542,-0.0163518542327534,-0.308170580660863));
#960=DIRECTION('center_axis',(-0.156220077042706,0.0523359562429438,0.98633474805104));
#961=DIRECTION('ref_axis',(0.987688340595138,6.37616233227272E-16,0.15643446504023));
#962=DIRECTION('center_axis',(-0.156220077042706,0.0523359562429438,0.98633474805104));
#963=DIRECTION('ref_axis',(0.987688340595138,6.37616233227272E-16,0.15643446504023));
#964=DIRECTION('center_axis',(-0.156220077042706,0.0523359562429438,0.98633474805104));
#965=DIRECTION('ref_axis',(0.987688340595138,6.37616233227272E-16,0.15643446504023));
#966=DIRECTION('',(0.156220077042706,-0.0523359562429438,-0.986334748051039));
#967=DIRECTION('center_axis',(0.,0.,1.));
#968=DIRECTION('ref_axis',(0.943568479887226,0.331177480761161,0.));
#969=DIRECTION('center_axis',(-3.69778549322349E-32,1.59527703592447E-45,
-1.));
#970=DIRECTION('ref_axis',(-1.,0.,0.));
#971=DIRECTION('center_axis',(-3.69778549322349E-32,1.59527703592447E-45,
-1.));
#972=DIRECTION('ref_axis',(-0.538184797450751,-0.842826864660171,-2.3340045063791E-18));
#973=DIRECTION('center_axis',(-0.243495090532568,-0.215262779336415,-0.945712470425815));
#974=DIRECTION('ref_axis',(-0.461434166364227,-0.831931128956537,0.308170580660863));
#975=DIRECTION('center_axis',(-0.243495090532568,-0.215262779336415,-0.945712470425815));
#976=DIRECTION('ref_axis',(-0.461434166364227,-0.831931128956537,0.308170580660863));
#977=DIRECTION('center_axis',(-0.243495090532568,-0.215262779336415,-0.945712470425815));
#978=DIRECTION('ref_axis',(-0.461434166364227,-0.831931128956537,0.308170580660863));
#979=DIRECTION('center_axis',(-0.243495090532568,-0.215262779336415,-0.945712470425815));
#980=DIRECTION('ref_axis',(-0.461434166364227,-0.831931128956537,0.308170580660863));
#981=DIRECTION('center_axis',(-0.243495090532568,-0.215262779336415,-0.945712470425815));
#982=DIRECTION('ref_axis',(-0.461434166364227,-0.831931128956537,0.308170580660863));
#983=DIRECTION('center_axis',(-3.69778549322349E-32,1.59527703592447E-45,
-1.));
#984=DIRECTION('ref_axis',(-0.538184797450751,-0.842826864660171,-2.3340045063791E-18));
#985=DIRECTION('center_axis',(3.69778549322349E-32,-1.59527703592447E-45,
1.));
#986=DIRECTION('ref_axis',(1.,6.10622663543835E-16,-3.69778549322349E-32));
#987=DIRECTION('',(-0.662337847963797,0.749205295733209,2.46519032881566E-32));
#988=DIRECTION('center_axis',(-0.498460257808518,-0.740477913771189,-0.450810193543284));
#989=DIRECTION('ref_axis',(-0.154106198406095,-0.436050371759505,0.886629208238268));
#990=DIRECTION('center_axis',(0.243495090532568,0.215262779336415,0.945712470425815));
#991=DIRECTION('ref_axis',(-0.461434166364227,-0.831931128956537,0.308170580660863));
#992=DIRECTION('',(-0.498460257808517,-0.740477913771189,-0.450810193543284));
#993=DIRECTION('center_axis',(0.243495090532568,0.215262779336415,0.945712470425815));
#994=DIRECTION('ref_axis',(0.461434166364227,0.831931128956537,-0.308170580660863));
#995=DIRECTION('center_axis',(0.243495090532568,0.215262779336415,0.945712470425815));
#996=DIRECTION('ref_axis',(-0.969527944126046,0.0269389392006828,0.243495090532568));
#997=DIRECTION('center_axis',(0.,0.,1.));
#998=DIRECTION('ref_axis',(-1.,0.,0.));
#999=DIRECTION('center_axis',(-3.69778549322349E-32,1.59527703592447E-45,
-1.));
#1000=DIRECTION('ref_axis',(-1.,0.,0.));
#1001=DIRECTION('center_axis',(3.69778549322349E-32,-1.59527703592447E-45,
1.));
#1002=DIRECTION('ref_axis',(1.,6.10622663543835E-16,-3.69778549322349E-32));
#1003=DIRECTION('center_axis',(-3.69778549322349E-32,1.59527703592447E-45,
-1.));
#1004=DIRECTION('ref_axis',(0.999001874513073,-0.0446682741928466,4.33248001065666E-18));
#1005=DIRECTION('',(-0.317661894772894,-0.948204050091168,1.17481726607621E-32));
#1006=DIRECTION('center_axis',(-3.69778549322349E-32,1.59527703592447E-45,
-1.));
#1007=DIRECTION('ref_axis',(0.999001874513073,-0.0446682741928466,4.33248001065666E-18));
#1008=DIRECTION('center_axis',(0.308170580660863,-0.103241544429788,-0.945712470425815));
#1009=DIRECTION('ref_axis',(0.951190575057542,0.0163518542327531,0.308170580660863));
#1010=DIRECTION('center_axis',(0.308170580660863,-0.103241544429788,-0.945712470425815));
#1011=DIRECTION('ref_axis',(0.951190575057542,0.0163518542327535,0.308170580660863));
#1012=DIRECTION('center_axis',(0.308170580660863,-0.103241544429788,-0.945712470425815));
#1013=DIRECTION('ref_axis',(0.951190575057542,0.0163518542327535,0.308170580660863));
#1014=DIRECTION('center_axis',(0.308170580660863,-0.103241544429788,-0.945712470425815));
#1015=DIRECTION('ref_axis',(0.951190575057542,0.0163518542327535,0.308170580660863));
#1016=DIRECTION('center_axis',(0.308170580660863,-0.103241544429788,-0.945712470425815));
#1017=DIRECTION('ref_axis',(0.951190575057542,0.0163518542327531,0.308170580660863));
#1018=DIRECTION('center_axis',(0.890502813171412,-0.0614402891535217,-0.450810193543284));
#1019=DIRECTION('ref_axis',(0.454683798476427,0.0845653031794295,0.886629208238268));
#1020=DIRECTION('center_axis',(-0.308170580660863,0.103241544429788,0.945712470425815));
#1021=DIRECTION('ref_axis',(0.951190575057542,0.0163518542327534,0.308170580660863));
#1022=DIRECTION('',(0.890502813171412,-0.0614402891535217,-0.450810193543284));
#1023=DIRECTION('center_axis',(-0.308170580660863,0.103241544429788,0.945712470425815));
#1024=DIRECTION('ref_axis',(-0.951190575057542,-0.0163518542327534,-0.308170580660863));
#1025=DIRECTION('center_axis',(0.308170580660863,-0.103241544429788,-0.945712470425815));
#1026=DIRECTION('ref_axis',(0.317661894772894,0.948204050091168,2.22859990123781E-17));
#1027=CARTESIAN_POINT('',(0.,0.,0.));
#1028=CARTESIAN_POINT('Origin',(-10.,3.85273388626099,226.000000000001));
#1029=CARTESIAN_POINT('',(-2.20000000000001,3.85273388626099,245.000000000001));
#1030=CARTESIAN_POINT('Origin',(-10.,3.85273388626099,245.000000000001));
#1031=CARTESIAN_POINT('',(-2.20000000000001,3.85273388626099,272.000000000001));
#1032=CARTESIAN_POINT('',(-2.20000000000001,3.85273388626099,226.000000000001));
#1033=CARTESIAN_POINT('Origin',(-10.,3.85273388626099,272.000000000001));
#1034=CARTESIAN_POINT('',(-11.5000001490116,11.5071443503637,260.000003874302));
#1035=CARTESIAN_POINT('Ctrl Pts',(-11.5000001490116,11.5071443503637,260.000003874302));
#1036=CARTESIAN_POINT('Ctrl Pts',(-11.5000001490116,11.5071443503637,260.188858542242));
#1037=CARTESIAN_POINT('Ctrl Pts',(-11.4621609406981,11.5148580108066,260.389970159799));
#1038=CARTESIAN_POINT('Ctrl Pts',(-11.3089365397225,11.5425157917172,260.75939410691));
#1039=CARTESIAN_POINT('Ctrl Pts',(-11.1935761879306,11.562038351746,260.927748178846));
#1040=CARTESIAN_POINT('Ctrl Pts',(-10.9277508023368,11.5985247553381,261.193573564633));
#1041=CARTESIAN_POINT('Ctrl Pts',(-10.7593940273333,11.6178885646656,261.308938890966));
#1042=CARTESIAN_POINT('Ctrl Pts',(-10.389960711904,11.6451813265439,261.462166901457));
#1043=CARTESIAN_POINT('Ctrl Pts',(-10.1888457974627,11.6527338826533,261.500003874302));
#1044=CARTESIAN_POINT('Ctrl Pts',(-9.8111545011059,11.6527338898687,261.500003874302));
#1045=CARTESIAN_POINT('Ctrl Pts',(-9.6100395869172,11.6451813414838,261.462166901653));
#1046=CARTESIAN_POINT('Ctrl Pts',(-9.24060627162505,11.6178885938881,261.30893889149));
#1047=CARTESIAN_POINT('Ctrl Pts',(-9.07224949652474,11.598524791123,261.193573565278));
#1048=CARTESIAN_POINT('Ctrl Pts',(-8.80642411045623,11.5620383979378,260.927748179403));
#1049=CARTESIAN_POINT('Ctrl Pts',(-8.6910637584506,11.5425158424669,260.759394107215));
#1050=CARTESIAN_POINT('Ctrl Pts',(-8.53783935729777,11.5148580676685,260.389970159788));
#1051=CARTESIAN_POINT('Ctrl Pts',(-8.5000001490116,11.507144408766,260.188858542178));
#1052=CARTESIAN_POINT('Ctrl Pts',(-8.5000001490116,11.507144408766,259.811149206425));
#1053=CARTESIAN_POINT('Ctrl Pts',(-8.53783935729779,11.5148580676685,259.610037588815));
#1054=CARTESIAN_POINT('Ctrl Pts',(-8.69106375845063,11.5425158424669,259.240613641388));
#1055=CARTESIAN_POINT('Ctrl Pts',(-8.80642411045623,11.5620383979378,259.072259569201));
#1056=CARTESIAN_POINT('Ctrl Pts',(-9.07224949652474,11.598524791123,258.806434183326));
#1057=CARTESIAN_POINT('Ctrl Pts',(-9.24060627162506,11.6178885938881,258.691068857114));
#1058=CARTESIAN_POINT('Ctrl Pts',(-9.6100395869172,11.6451813414838,258.537840846951));
#1059=CARTESIAN_POINT('Ctrl Pts',(-9.8111545011059,11.6527338898687,258.500003874302));
#1060=CARTESIAN_POINT('Ctrl Pts',(-10.1888457974627,11.6527338826533,258.500003874302));
#1061=CARTESIAN_POINT('Ctrl Pts',(-10.389960711904,11.6451813265439,258.537840847147));
#1062=CARTESIAN_POINT('Ctrl Pts',(-10.7593940273333,11.6178885646656,258.691068857637));
#1063=CARTESIAN_POINT('Ctrl Pts',(-10.9277508023368,11.5985247553381,258.806434183971));
#1064=CARTESIAN_POINT('Ctrl Pts',(-11.1935761879306,11.562038351746,259.072259569758));
#1065=CARTESIAN_POINT('Ctrl Pts',(-11.3089365397225,11.5425157917172,259.240613641694));
#1066=CARTESIAN_POINT('Ctrl Pts',(-11.4621609406981,11.5148580108066,259.610037588805));
#1067=CARTESIAN_POINT('Ctrl Pts',(-11.5000001490116,11.5071443503637,259.811149206362));
#1068=CARTESIAN_POINT('Ctrl Pts',(-11.5000001490116,11.5071443503637,260.000003874302));
#1069=CARTESIAN_POINT('',(-8.5000001490116,-3.80167663624398,260.000003874302));
#1070=CARTESIAN_POINT('',(-11.5000001490116,-3.80167657784173,260.000003874302));
#1071=CARTESIAN_POINT('Ctrl Pts',(-11.5000001490116,-3.80167657784173,260.000003874302));
#1072=CARTESIAN_POINT('Ctrl Pts',(-11.5000001490116,-3.80167657784173,259.811149206362));
#1073=CARTESIAN_POINT('Ctrl Pts',(-11.4621609406981,-3.80939023828466,259.610037588805));
#1074=CARTESIAN_POINT('Ctrl Pts',(-11.3089365397225,-3.83704801919523,259.240613641694));
#1075=CARTESIAN_POINT('Ctrl Pts',(-11.1935761879306,-3.85657057922403,259.072259569758));
#1076=CARTESIAN_POINT('Ctrl Pts',(-10.9277508023368,-3.89305698281613,258.806434183971));
#1077=CARTESIAN_POINT('Ctrl Pts',(-10.7593940273333,-3.91242079214367,258.691068857637));
#1078=CARTESIAN_POINT('Ctrl Pts',(-10.389960711904,-3.93971355402196,258.537840847147));
#1079=CARTESIAN_POINT('Ctrl Pts',(-10.1888457974627,-3.9472661101313,258.500003874302));
#1080=CARTESIAN_POINT('Ctrl Pts',(-9.8111545011059,-3.94726611734673,258.500003874302));
#1081=CARTESIAN_POINT('Ctrl Pts',(-9.6100395869172,-3.93971356896185,258.537840846951));
#1082=CARTESIAN_POINT('Ctrl Pts',(-9.24060627162505,-3.91242082136614,258.691068857114));
#1083=CARTESIAN_POINT('Ctrl Pts',(-9.07224949652474,-3.89305701860107,258.806434183326));
#1084=CARTESIAN_POINT('Ctrl Pts',(-8.80642411045623,-3.85657062541587,259.072259569201));
#1085=CARTESIAN_POINT('Ctrl Pts',(-8.6910637584506,-3.83704806994492,259.240613641388));
#1086=CARTESIAN_POINT('Ctrl Pts',(-8.53783935729777,-3.80939029514648,259.610037588815));
#1087=CARTESIAN_POINT('Ctrl Pts',(-8.5000001490116,-3.80167663624398,259.811149206426));
#1088=CARTESIAN_POINT('Ctrl Pts',(-8.5000001490116,-3.80167663624398,260.000003874302));
#1089=CARTESIAN_POINT('Ctrl Pts',(-8.5000001490116,-3.80167663624398,260.000003874302));
#1090=CARTESIAN_POINT('Ctrl Pts',(-8.5000001490116,-3.80167663624398,260.188858542178));
#1091=CARTESIAN_POINT('Ctrl Pts',(-8.53783935729777,-3.80939029514648,260.389970159788));
#1092=CARTESIAN_POINT('Ctrl Pts',(-8.6910637584506,-3.83704806994492,260.759394107215));
#1093=CARTESIAN_POINT('Ctrl Pts',(-8.80642411045623,-3.85657062541587,260.927748179403));
#1094=CARTESIAN_POINT('Ctrl Pts',(-9.07224949652474,-3.89305701860107,261.193573565278));
#1095=CARTESIAN_POINT('Ctrl Pts',(-9.24060627162505,-3.91242082136614,261.30893889149));
#1096=CARTESIAN_POINT('Ctrl Pts',(-9.6100395869172,-3.93971356896185,261.462166901653));
#1097=CARTESIAN_POINT('Ctrl Pts',(-9.8111545011059,-3.94726611734673,261.500003874302));
#1098=CARTESIAN_POINT('Ctrl Pts',(-10.1888457974627,-3.9472661101313,261.500003874302));
#1099=CARTESIAN_POINT('Ctrl Pts',(-10.389960711904,-3.93971355402196,261.462166901457));
#1100=CARTESIAN_POINT('Ctrl Pts',(-10.7593940273333,-3.91242079214366,261.308938890966));
#1101=CARTESIAN_POINT('Ctrl Pts',(-10.9277508023368,-3.89305698281613,261.193573564633));
#1102=CARTESIAN_POINT('Ctrl Pts',(-11.1935761879306,-3.85657057922403,260.927748178846));
#1103=CARTESIAN_POINT('Ctrl Pts',(-11.3089365397225,-3.83704801919522,260.75939410691));
#1104=CARTESIAN_POINT('Ctrl Pts',(-11.4621609406981,-3.80939023828466,260.389970159799));
#1105=CARTESIAN_POINT('Ctrl Pts',(-11.5000001490116,-3.80167657784173,260.188858542242));
#1106=CARTESIAN_POINT('Ctrl Pts',(-11.5000001490116,-3.80167657784173,260.000003874302));
#1107=CARTESIAN_POINT('Origin',(-10.0000001490116,0.,260.000003874302));
#1108=CARTESIAN_POINT('',(-11.5000001490116,13.7395938302961,260.000003874302));
#1109=CARTESIAN_POINT('',(-11.5000001490116,0.,260.000003874302));
#1110=CARTESIAN_POINT('',(-8.50000014901161,13.7395938755111,260.000003874302));
#1111=CARTESIAN_POINT('Ctrl Pts',(-8.50000014901161,13.7395938755111,260.000003874302));
#1112=CARTESIAN_POINT('Ctrl Pts',(-8.50000014901161,13.7395938755111,260.188655018478));
#1113=CARTESIAN_POINT('Ctrl Pts',(-8.53776051249013,13.7455512632792,260.389682871565));
#1114=CARTESIAN_POINT('Ctrl Pts',(-8.6909287500682,13.7669818344377,260.75916566005));
#1115=CARTESIAN_POINT('Ctrl Pts',(-8.80632130907597,13.782136006777,260.927645377985));
#1116=CARTESIAN_POINT('Ctrl Pts',(-9.07235632643111,13.810513351528,261.193680395222));
#1117=CARTESIAN_POINT('Ctrl Pts',(-9.24083704507868,13.8255927848129,261.309074773425));
#1118=CARTESIAN_POINT('Ctrl Pts',(-9.61032325208205,13.8468519080438,261.462244334882));
#1119=CARTESIAN_POINT('Ctrl Pts',(-9.81135229431381,13.8527338890721,261.500003874302));
#1120=CARTESIAN_POINT('Ctrl Pts',(-10.1886480040393,13.8527338834499,261.500003874302));
#1121=CARTESIAN_POINT('Ctrl Pts',(-10.3896770464236,13.8468518964116,261.462244334764));
#1122=CARTESIAN_POINT('Ctrl Pts',(-10.75916325351,13.8255927620901,261.309074773109));
#1123=CARTESIAN_POINT('Ctrl Pts',(-10.9276439720995,13.8105133237228,261.193680394832));
#1124=CARTESIAN_POINT('Ctrl Pts',(-11.1936789891678,13.7821359709256,260.927645377647));
#1125=CARTESIAN_POINT('Ctrl Pts',(-11.3090715480466,13.7669817950769,260.759165659864));
#1126=CARTESIAN_POINT('Ctrl Pts',(-11.4622397855172,13.7455512192334,260.389682871569));
#1127=CARTESIAN_POINT('Ctrl Pts',(-11.5000001490116,13.7395938302961,260.188655018514));
#1128=CARTESIAN_POINT('Ctrl Pts',(-11.5000001490116,13.7395938302961,260.000003874302));
#1129=CARTESIAN_POINT('Ctrl Pts',(-11.5000001490116,13.7395938302961,260.000003874302));
#1130=CARTESIAN_POINT('Ctrl Pts',(-11.5000001490116,13.7395938302961,259.81135273009));
#1131=CARTESIAN_POINT('Ctrl Pts',(-11.4622397855172,13.7455512192334,259.610324877035));
#1132=CARTESIAN_POINT('Ctrl Pts',(-11.3090715480466,13.7669817950769,259.24084208874));
#1133=CARTESIAN_POINT('Ctrl Pts',(-11.1936789891678,13.7821359709256,259.072362370957));
#1134=CARTESIAN_POINT('Ctrl Pts',(-10.9276439720995,13.8105133237228,258.806327353772));
#1135=CARTESIAN_POINT('Ctrl Pts',(-10.75916325351,13.8255927620901,258.690932975495));
#1136=CARTESIAN_POINT('Ctrl Pts',(-10.3896770464236,13.8468518964116,258.53776341384));
#1137=CARTESIAN_POINT('Ctrl Pts',(-10.1886480040393,13.8527338834499,258.500003874302));
#1138=CARTESIAN_POINT('Ctrl Pts',(-9.81135229431381,13.8527338890721,258.500003874302));
#1139=CARTESIAN_POINT('Ctrl Pts',(-9.61032325208205,13.8468519080438,258.537763413722));
#1140=CARTESIAN_POINT('Ctrl Pts',(-9.24083704507868,13.8255927848129,258.690932975179));
#1141=CARTESIAN_POINT('Ctrl Pts',(-9.07235632643111,13.810513351528,258.806327353381));
#1142=CARTESIAN_POINT('Ctrl Pts',(-8.80632130907597,13.782136006777,259.072362370619));
#1143=CARTESIAN_POINT('Ctrl Pts',(-8.6909287500682,13.7669818344377,259.240842088553));
#1144=CARTESIAN_POINT('Ctrl Pts',(-8.53776051249012,13.7455512632792,259.610324877039));
#1145=CARTESIAN_POINT('Ctrl Pts',(-8.5000001490116,13.7395938755111,259.811352730126));
#1146=CARTESIAN_POINT('Ctrl Pts',(-8.5000001490116,13.7395938755111,260.000003874302));
#1147=CARTESIAN_POINT('Origin',(-10.,3.85273388626099,245.000000000001));
#1148=CARTESIAN_POINT('',(-8.88178419700125E-15,3.85273388626099,245.000000000001));
#1149=CARTESIAN_POINT('Origin',(-10.,3.85273388626099,245.000000000001));
#1150=CARTESIAN_POINT('Origin',(-10.0000001490116,0.,260.000003874302));
#1151=CARTESIAN_POINT('',(-11.5000001490116,-6.03412605777408,260.000003874302));
#1152=CARTESIAN_POINT('',(-11.5000001490116,0.,260.000003874302));
#1153=CARTESIAN_POINT('Ctrl Pts',(-11.5000001490116,-6.03412605777408,260.000003874302));
#1154=CARTESIAN_POINT('Ctrl Pts',(-11.5000001490116,-6.03412605777408,260.188655018514));
#1155=CARTESIAN_POINT('Ctrl Pts',(-11.4622397855172,-6.04008344671144,260.389682871569));
#1156=CARTESIAN_POINT('Ctrl Pts',(-11.3090715480466,-6.06151402255495,260.759165659864));
#1157=CARTESIAN_POINT('Ctrl Pts',(-11.1936789891678,-6.07666819840362,260.927645377647));
#1158=CARTESIAN_POINT('Ctrl Pts',(-10.9276439720995,-6.10504555120081,261.193680394832));
#1159=CARTESIAN_POINT('Ctrl Pts',(-10.75916325351,-6.12012498956814,261.309074773109));
#1160=CARTESIAN_POINT('Ctrl Pts',(-10.3896770464236,-6.1413841238896,261.462244334764));
#1161=CARTESIAN_POINT('Ctrl Pts',(-10.1886480040393,-6.14726611092794,261.500003874302));
#1162=CARTESIAN_POINT('Ctrl Pts',(-9.81135229431381,-6.14726611655008,261.500003874302));
#1163=CARTESIAN_POINT('Ctrl Pts',(-9.61032325208205,-6.14138413552186,261.462244334882));
#1164=CARTESIAN_POINT('Ctrl Pts',(-9.24083704507868,-6.1201250122909,261.309074773425));
#1165=CARTESIAN_POINT('Ctrl Pts',(-9.07235632643111,-6.10504557900601,261.193680395222));
#1166=CARTESIAN_POINT('Ctrl Pts',(-8.80632130907597,-6.07666823425504,260.927645377985));
#1167=CARTESIAN_POINT('Ctrl Pts',(-8.6909287500682,-6.06151406191573,260.75916566005));
#1168=CARTESIAN_POINT('Ctrl Pts',(-8.53776051249012,-6.04008349075725,260.389682871565));
#1169=CARTESIAN_POINT('Ctrl Pts',(-8.5000001490116,-6.03412610298913,260.188655018478));
#1170=CARTESIAN_POINT('Ctrl Pts',(-8.5000001490116,-6.03412610298913,259.811352730126));
#1171=CARTESIAN_POINT('Ctrl Pts',(-8.53776051249012,-6.04008349075725,259.610324877039));
#1172=CARTESIAN_POINT('Ctrl Pts',(-8.6909287500682,-6.06151406191573,259.240842088553));
#1173=CARTESIAN_POINT('Ctrl Pts',(-8.80632130907597,-6.07666823425504,259.072362370619));
#1174=CARTESIAN_POINT('Ctrl Pts',(-9.07235632643111,-6.10504557900601,258.806327353381));
#1175=CARTESIAN_POINT('Ctrl Pts',(-9.24083704507868,-6.1201250122909,258.690932975179));
#1176=CARTESIAN_POINT('Ctrl Pts',(-9.61032325208205,-6.14138413552186,258.537763413722));
#1177=CARTESIAN_POINT('Ctrl Pts',(-9.81135229431381,-6.14726611655008,258.500003874302));
#1178=CARTESIAN_POINT('Ctrl Pts',(-10.1886480040393,-6.14726611092794,258.500003874302));
#1179=CARTESIAN_POINT('Ctrl Pts',(-10.3896770464236,-6.1413841238896,258.53776341384));
#1180=CARTESIAN_POINT('Ctrl Pts',(-10.75916325351,-6.12012498956814,258.690932975495));
#1181=CARTESIAN_POINT('Ctrl Pts',(-10.9276439720995,-6.10504555120081,258.806327353772));
#1182=CARTESIAN_POINT('Ctrl Pts',(-11.1936789891678,-6.07666819840362,259.072362370957));
#1183=CARTESIAN_POINT('Ctrl Pts',(-11.3090715480466,-6.06151402255495,259.24084208874));
#1184=CARTESIAN_POINT('Ctrl Pts',(-11.4622397855172,-6.04008344671144,259.610324877035));
#1185=CARTESIAN_POINT('Ctrl Pts',(-11.5000001490116,-6.03412605777408,259.81135273009));
#1186=CARTESIAN_POINT('Ctrl Pts',(-11.5000001490116,-6.03412605777408,260.000003874302));
#1187=CARTESIAN_POINT('Origin',(-10.,3.85273388626099,274.000000000001));
#1188=CARTESIAN_POINT('',(-37.9174243050442,3.85273388626098,269.000000000001));
#1189=CARTESIAN_POINT('Origin',(-10.,3.85273388626099,269.000000000001));
#1190=CARTESIAN_POINT('',(-42.5,3.85273388626098,272.000000000001));
#1191=CARTESIAN_POINT('Origin',(-37.9174243050442,3.85273388626098,274.000000000001));
#1192=CARTESIAN_POINT('Origin',(-10.,3.85273388626099,272.000000000001));
#1193=CARTESIAN_POINT('Origin',(-10.,3.85273388626099,269.000000000001));
#1194=CARTESIAN_POINT('',(4.99999999999999,3.85273388626098,269.000000000001));
#1195=CARTESIAN_POINT('Origin',(-10.,3.85273388626099,269.000000000001));
#1196=CARTESIAN_POINT('Origin',(-10.,3.85273388626099,264.000000000001));
#1197=CARTESIAN_POINT('',(-8.88178419700125E-15,3.85273388626099,264.000000000001));
#1198=CARTESIAN_POINT('Origin',(4.99999999999999,3.85273388626098,264.000000000001));
#1199=CARTESIAN_POINT('Origin',(-10.,3.85273388626099,264.000000000001));
#1200=CARTESIAN_POINT('Origin',(-10.,3.85273388626099,269.000000000001));
#1201=CARTESIAN_POINT('',(-8.88178419700125E-15,3.85273388626099,269.000000000001));
#1202=CARTESIAN_POINT('Origin',(-10.,3.85273388626099,272.000000000001));
#1203=CARTESIAN_POINT('Origin',(-10.,3.85273388626099,226.000000000001));
#1204=CARTESIAN_POINT('',(-6.5957157460898,-3.16516100598263,272.000000000001));
#1205=CARTESIAN_POINT('',(-15.8585503928374,-1.29676971064857,272.000000000001));
#1206=CARTESIAN_POINT('Ctrl Pts',(-6.59571574608979,-3.16516100598263,272.000000000001));
#1207=CARTESIAN_POINT('Ctrl Pts',(-6.62085704314739,-3.17735670326938,272.130708200295));
#1208=CARTESIAN_POINT('Ctrl Pts',(-6.64629590590523,-3.18952990843974,272.261159050945));
#1209=CARTESIAN_POINT('Ctrl Pts',(-6.95113922801313,-3.33334138270914,273.802427162214));
#1210=CARTESIAN_POINT('Ctrl Pts',(-7.26394839262065,-3.46237068719461,275.182805366026));
#1211=CARTESIAN_POINT('Ctrl Pts',(-7.90888088657807,-3.66697497289955,277.466921382419));
#1212=CARTESIAN_POINT('Ctrl Pts',(-8.23567255056389,-3.75637727199613,278.490671725169));
#1213=CARTESIAN_POINT('Ctrl Pts',(-8.84840523491081,-3.86459526596549,279.92346321194));
#1214=CARTESIAN_POINT('Ctrl Pts',(-9.07175455709064,-3.89616007983257,280.381473884484));
#1215=CARTESIAN_POINT('Ctrl Pts',(-9.58761780149315,-3.94066018826354,281.223082740547));
#1216=CARTESIAN_POINT('Ctrl Pts',(-9.86949510065832,-3.95611505286428,281.613019978488));
#1217=CARTESIAN_POINT('Ctrl Pts',(-10.3801521777786,-3.93887607042487,282.0001179122));
#1218=CARTESIAN_POINT('Ctrl Pts',(-10.5172538419394,-3.93147104297333,282.084558881911));
#1219=CARTESIAN_POINT('Ctrl Pts',(-10.808756297784,-3.90660315888594,282.202190602368));
#1220=CARTESIAN_POINT('Ctrl Pts',(-10.9635486380314,-3.88891541593986,282.234360870446));
#1221=CARTESIAN_POINT('Ctrl Pts',(-11.2523617819316,-3.84743485797027,282.239094163212));
#1222=CARTESIAN_POINT('Ctrl Pts',(-11.4049921243831,-3.82109083764083,282.212790946636));
#1223=CARTESIAN_POINT('Ctrl Pts',(-11.6930006828542,-3.76273308586768,282.108827684125));
#1224=CARTESIAN_POINT('Ctrl Pts',(-11.8287545220937,-3.73080500985951,282.032162881854));
#1225=CARTESIAN_POINT('Ctrl Pts',(-12.1602329163927,-3.645452371188,281.800316251881));
#1226=CARTESIAN_POINT('Ctrl Pts',(-12.3308409019292,-3.59261427762244,281.627272115217));
#1227=CARTESIAN_POINT('Ctrl Pts',(-12.6367044752384,-3.4898688872183,281.27150016329));
#1228=CARTESIAN_POINT('Ctrl Pts',(-12.7701897497753,-3.43998659130963,281.087246995266));
#1229=CARTESIAN_POINT('Ctrl Pts',(-13.1406777226861,-3.29197117017771,280.523185468466));
#1230=CARTESIAN_POINT('Ctrl Pts',(-13.346702802639,-3.19604525364789,280.134545899202));
#1231=CARTESIAN_POINT('Ctrl Pts',(-13.9183331337808,-2.90518675275613,278.930381232896));
#1232=CARTESIAN_POINT('Ctrl Pts',(-14.2292186053434,-2.71072700859204,278.089784684275));
#1233=CARTESIAN_POINT('Ctrl Pts',(-15.0443102229535,-2.13158881416828,275.578289513765));
#1234=CARTESIAN_POINT('Ctrl Pts',(-15.4744964829133,-1.73370487197305,273.837665164666));
#1235=CARTESIAN_POINT('Ctrl Pts',(-15.8585503928375,-1.29676971064855,272.000000000001));
#1236=CARTESIAN_POINT('Origin',(-10.,3.85273388626099,272.000000000001));
#1237=CARTESIAN_POINT('Origin',(-10.1274110756174,-10.8443216484964,272.000000000001));
#1238=CARTESIAN_POINT('',(-3.47135037556843,-19.5621275962643,272.000000000001));
#1239=CARTESIAN_POINT('Origin',(-10.1274110756174,-10.8443216484965,272.000000000001));
#1240=CARTESIAN_POINT('',(-9.95491762142928,-20.8786808048594,272.000000000001));
#1241=CARTESIAN_POINT('',(-11.9656624671998,-21.2869826667786,272.000000000001));
#1242=CARTESIAN_POINT('Origin',(-10.1274110756174,-10.8443216484965,272.000000000001));
#1243=CARTESIAN_POINT('Ctrl Pts',(-4.07858147115441,-23.7013782954558,281.221517106523));
#1244=CARTESIAN_POINT('Ctrl Pts',(-10.599510119593,-27.3246269943528,280.4472055233));
#1245=CARTESIAN_POINT('Ctrl Pts',(-15.7941612853423,-18.6741024580669,283.715848133512));
#1246=CARTESIAN_POINT('Ctrl Pts',(-20.9888124510914,-10.023577921781,286.984490743725));
#1247=CARTESIAN_POINT('Ctrl Pts',(-14.4678838026528,-6.40032922288404,287.758802326948));
#1248=CARTESIAN_POINT('Ctrl Pts',(-7.94695515421418,-2.77708052398709,288.533113910171));
#1249=CARTESIAN_POINT('Ctrl Pts',(-2.75230398846498,-11.427605060273,285.264471299959));
#1250=CARTESIAN_POINT('Ctrl Pts',(2.44234717728422,-20.0781295965589,281.995828689747));
#1251=CARTESIAN_POINT('Ctrl Pts',(-4.07858147115441,-23.7013782954558,281.221517106523));
#1252=CARTESIAN_POINT('Ctrl Pts',(-5.15340686488943,-18.4082365733099,265.504963952165));
#1253=CARTESIAN_POINT('Ctrl Pts',(-11.6743355133281,-22.0314852722069,264.730652368941));
#1254=CARTESIAN_POINT('Ctrl Pts',(-16.8689866790773,-13.380960735921,267.999294979154));
#1255=CARTESIAN_POINT('Ctrl Pts',(-22.0636378448265,-4.7304361996351,271.267937589366));
#1256=CARTESIAN_POINT('Ctrl Pts',(-15.5427091963878,-1.10718750073814,272.042249172589));
#1257=CARTESIAN_POINT('Ctrl Pts',(-9.0217805479492,2.5160611981588,272.816560755813));
#1258=CARTESIAN_POINT('Ctrl Pts',(-3.8271293822,-6.13446333812709,269.5479181456));
#1259=CARTESIAN_POINT('Ctrl Pts',(1.3675217835492,-14.784987874413,266.279275535388));
#1260=CARTESIAN_POINT('Ctrl Pts',(-5.15340686488943,-18.4082365733099,265.504963952165));
#1261=CARTESIAN_POINT('',(-4.72533637243736,-20.5163350577938,271.764392402265));
#1262=CARTESIAN_POINT('Origin',(-9.91998753818657,-11.8658105215079,275.033035012477));
#1263=CARTESIAN_POINT('',(-4.07858147115441,-23.7013782954558,281.221517106523));
#1264=CARTESIAN_POINT('Ctrl Pts',(-4.72533637243737,-20.5163350577938,271.764392402265));
#1265=CARTESIAN_POINT('Ctrl Pts',(-4.07858147115441,-23.7013782954558,281.221517106523));
#1266=CARTESIAN_POINT('',(-15.7941612853423,-18.6741024580669,283.715848133512));
#1267=CARTESIAN_POINT('Origin',(-9.27323263690362,-15.0508537591699,284.490159716735));
#1268=CARTESIAN_POINT('',(-2.75230398846498,-11.427605060273,285.264471299959));
#1269=CARTESIAN_POINT('Origin',(-9.27323263690362,-15.0508537591699,284.490159716735));
#1270=CARTESIAN_POINT('Origin',(-9.27323263690362,-15.0508537591699,284.490159716735));
#1271=CARTESIAN_POINT('Origin',(-9.91998753818657,-11.8658105215079,275.033035012477));
#1272=CARTESIAN_POINT('Origin',(-24.7293221801125,16.5643864263259,266.717184249961));
#1273=CARTESIAN_POINT('',(0.359812859978077,-32.7800590590745,286.325231945814));
#1274=CARTESIAN_POINT('Origin',(-4.83483830577112,-24.1295345227886,289.593874556027));
#1275=CARTESIAN_POINT('',(-22.474990179585,13.9282484119753,260.067465188174));
#1276=CARTESIAN_POINT('Origin',(-35.1496820085605,-4.250917232194,298.36192318761));
#1277=CARTESIAN_POINT('Origin',(-12.1343017916431,-39.9519031737962,265.725417355867));
#1278=CARTESIAN_POINT('Ctrl Pts',(0.404828542054136,-33.0017456570433,286.983470357608));
#1279=CARTESIAN_POINT('Ctrl Pts',(0.323047414579577,-33.2671458431176,288.353182234563));
#1280=CARTESIAN_POINT('Ctrl Pts',(0.241266287105017,-33.5325460291919,289.722894111518));
#1281=CARTESIAN_POINT('Ctrl Pts',(0.159485159630458,-33.7979462152662,291.092605988473));
#1282=CARTESIAN_POINT('Ctrl Pts',(1.38035718665023,-32.459708919206,287.099307099582));
#1283=CARTESIAN_POINT('Ctrl Pts',(1.40668762293749,-32.6603315705079,288.456267824912));
#1284=CARTESIAN_POINT('Ctrl Pts',(1.43307413467553,-32.8609574491437,289.812975736518));
#1285=CARTESIAN_POINT('Ctrl Pts',(1.45940457096278,-33.0615801004457,291.169936461848));
#1286=CARTESIAN_POINT('Ctrl Pts',(2.97609446830299,-30.7856354275673,287.553984993793));
#1287=CARTESIAN_POINT('Ctrl Pts',(3.22446317510859,-30.8589533281229,288.846419198853));
#1288=CARTESIAN_POINT('Ctrl Pts',(3.47278643937506,-30.9322961791267,290.138873989693));
#1289=CARTESIAN_POINT('Ctrl Pts',(3.72115514618066,-31.0056140796824,291.431308194753));
#1290=CARTESIAN_POINT('Ctrl Pts',(3.83274078057273,-26.9990551228639,288.770674225675));
#1291=CARTESIAN_POINT('Ctrl Pts',(4.36573536246662,-26.9258125471584,289.869223481946));
#1292=CARTESIAN_POINT('Ctrl Pts',(4.89887062346275,-26.8524892712856,290.967732138733));
#1293=CARTESIAN_POINT('Ctrl Pts',(5.43186520535664,-26.7792466955801,292.066281395005));
#1294=CARTESIAN_POINT('Ctrl Pts',(2.97982505807644,-22.689152621899,290.280525653684));
#1295=CARTESIAN_POINT('Ctrl Pts',(3.69254897879989,-22.5428455455122,291.126396648371));
#1296=CARTESIAN_POINT('Ctrl Pts',(4.40510722011392,-22.3966492760286,291.972210058876));
#1297=CARTESIAN_POINT('Ctrl Pts',(5.11783114083738,-22.2503421996418,292.818081053564));
#1298=CARTESIAN_POINT('Ctrl Pts',(0.588466520854729,-18.7062406416077,291.785461896863));
#1299=CARTESIAN_POINT('Ctrl Pts',(1.34054581428524,-18.5747839924588,292.369761907047));
#1300=CARTESIAN_POINT('Ctrl Pts',(2.09244968479,-18.4434392354245,292.954037257123));
#1301=CARTESIAN_POINT('Ctrl Pts',(2.84452897822052,-18.3119825862756,293.538337267306));
#1302=CARTESIAN_POINT('Ctrl Pts',(-2.86642745194701,-15.8460166558998,292.985023817527));
#1303=CARTESIAN_POINT('Ctrl Pts',(-2.22336707830213,-15.8144489385676,293.351081137785));
#1304=CARTESIAN_POINT('Ctrl Pts',(-1.58045073528951,-15.7829688505678,293.717146553598));
#1305=CARTESIAN_POINT('Ctrl Pts',(-0.937390361644625,-15.7514011332356,
294.083203873855));
#1306=CARTESIAN_POINT('Ctrl Pts',(-7.13261795424246,-14.5289603510612,293.720348888517));
#1307=CARTESIAN_POINT('Ctrl Pts',(-6.75114039840638,-14.6807694162446,293.93913524968));
#1308=CARTESIAN_POINT('Ctrl Pts',(-6.36968075488801,-14.8325987631405,294.157859883237));
#1309=CARTESIAN_POINT('Ctrl Pts',(-5.98820319905193,-14.9844078283239,294.3766462444));
#1310=CARTESIAN_POINT('Ctrl Pts',(-10.5207567475044,-15.6035673958444,293.590142872537));
#1311=CARTESIAN_POINT('Ctrl Pts',(-10.4685364552491,-15.9584730826277,293.808890430197));
#1312=CARTESIAN_POINT('Ctrl Pts',(-10.4162984831802,-16.3133565782756,294.027713439586));
#1313=CARTESIAN_POINT('Ctrl Pts',(-10.364078190925,-16.6682622650589,294.246460997246));
#1314=CARTESIAN_POINT('Ctrl Pts',(-12.4100667021931,-18.0377698889744,292.899539764209));
#1315=CARTESIAN_POINT('Ctrl Pts',(-12.6465605401137,-18.5556014224167,293.219621083281));
#1316=CARTESIAN_POINT('Ctrl Pts',(-12.8831751646994,-19.0735413919622,293.539475544459));
#1317=CARTESIAN_POINT('Ctrl Pts',(-13.1196690026201,-19.5913729254045,293.859556863531));
#1318=CARTESIAN_POINT('Ctrl Pts',(-13.412183272554,-21.2070177792139,291.900708929982));
#1319=CARTESIAN_POINT('Ctrl Pts',(-13.9095242565634,-21.8622297701752,292.377991746278));
#1320=CARTESIAN_POINT('Ctrl Pts',(-14.4068436978986,-22.5174162820925,292.855356066228));
#1321=CARTESIAN_POINT('Ctrl Pts',(-14.904184681908,-23.1726282730538,293.332638882524));
#1322=CARTESIAN_POINT('Ctrl Pts',(-12.8303407094347,-25.5708537034129,290.391231570158));
#1323=CARTESIAN_POINT('Ctrl Pts',(-13.531794267149,-26.3144275780106,291.119471558771));
#1324=CARTESIAN_POINT('Ctrl Pts',(-14.2332864099204,-27.0580311665832,291.847672008741));
#1325=CARTESIAN_POINT('Ctrl Pts',(-14.9347399676347,-27.8016050411809,292.575911997354));
#1326=CARTESIAN_POINT('Ctrl Pts',(-10.1672383918961,-29.9948006983409,288.719176116629));
#1327=CARTESIAN_POINT('Ctrl Pts',(-10.9118859848576,-30.7215423393596,289.738065795612));
#1328=CARTESIAN_POINT('Ctrl Pts',(-11.6564732463694,-31.4482550050261,290.756900399919));
#1329=CARTESIAN_POINT('Ctrl Pts',(-12.401120839331,-32.1749966460448,291.775790078902));
#1330=CARTESIAN_POINT('Ctrl Pts',(-6.7140295696155,-32.8581883474013,287.518663957337));
#1331=CARTESIAN_POINT('Ctrl Pts',(-7.3500047936965,-33.4852302766271,288.755960372289));
#1332=CARTESIAN_POINT('Ctrl Pts',(-7.98585474101372,-34.1122165965532,289.993111958419));
#1333=CARTESIAN_POINT('Ctrl Pts',(-8.62182996509472,-34.739258525779,291.230408373371));
#1334=CARTESIAN_POINT('Ctrl Pts',(-2.87518411150518,-34.0369598992027,286.859136810327));
#1335=CARTESIAN_POINT('Ctrl Pts',(-3.27538797209256,-34.4988098516538,288.228568902487));
#1336=CARTESIAN_POINT('Ctrl Pts',(-3.67566142696631,-34.9607003937468,289.598016619596));
#1337=CARTESIAN_POINT('Ctrl Pts',(-4.0758652875537,-35.422550346198,290.967448711756));
#1338=CARTESIAN_POINT('Ctrl Pts',(-0.570700102541961,-33.5437823948806,
286.867633615635));
#1339=CARTESIAN_POINT('Ctrl Pts',(-0.76065457743473,-33.8739734031958,288.250262587898));
#1340=CARTESIAN_POINT('Ctrl Pts',(-0.950479776809098,-34.2041213217715,
289.632646542835));
#1341=CARTESIAN_POINT('Ctrl Pts',(-1.14043425170187,-34.5343123300867,291.015275515098));
#1342=CARTESIAN_POINT('Ctrl Pts',(0.404828542054134,-33.0017456570433,286.983470357608));
#1343=CARTESIAN_POINT('Ctrl Pts',(0.323047414579575,-33.2671458431176,288.353182234563));
#1344=CARTESIAN_POINT('Ctrl Pts',(0.241266287105015,-33.5325460291919,289.722894111518));
#1345=CARTESIAN_POINT('Ctrl Pts',(0.159485159630455,-33.7979462152662,291.092605988473));
#1346=CARTESIAN_POINT('',(0.40482854205413,-33.0017456570433,286.983470357608));
#1347=CARTESIAN_POINT('',(2.73302792644904,-30.5470771111119,287.650951361328));
#1348=CARTESIAN_POINT('Origin',(-4.78982262369507,-24.3512211207574,290.252112967821));
#1349=CARTESIAN_POINT('',(-2.60991829573275,-33.7292762388088,286.944619853077));
#1350=CARTESIAN_POINT('Origin',(-4.78982262369507,-24.3512211207574,290.252112967821));
#1351=CARTESIAN_POINT('Origin',(-4.78982262369507,-24.3512211207574,290.252112967821));
#1352=CARTESIAN_POINT('',(0.15948515963045,-33.7979462152661,291.092605988473));
#1353=CARTESIAN_POINT('',(0.404828542054134,-33.0017456570433,286.983470357608));
#1354=CARTESIAN_POINT('',(-0.881076730674307,-34.3108704868042,291.043230888377));
#1355=CARTESIAN_POINT('Origin',(-4.77895654334523,-25.2443142754953,292.656950638875));
#1356=CARTESIAN_POINT('',(-13.3222656080858,-20.1680198076004,293.771896691177));
#1357=CARTESIAN_POINT('Origin',(-4.77895654334523,-25.2443142754953,292.656950638875));
#1358=CARTESIAN_POINT('',(-4.01818374077685,-15.4002608347386,294.243089535189));
#1359=CARTESIAN_POINT('Origin',(-4.77895654334523,-25.2443142754953,292.656950638875));
#1360=CARTESIAN_POINT('',(2.22014953117532,-32.2520740351099,291.277161774905));
#1361=CARTESIAN_POINT('Origin',(-4.77895654334523,-25.2443142754953,292.656950638875));
#1362=CARTESIAN_POINT('Origin',(-4.77895654334523,-25.2443142754953,292.656950638875));
#1363=CARTESIAN_POINT('Ctrl Pts',(0.404828542054131,-33.0017456570433,286.983470357608));
#1364=CARTESIAN_POINT('Ctrl Pts',(6.92575719049275,-29.3784969581463,287.757781940832));
#1365=CARTESIAN_POINT('Ctrl Pts',(1.73110602474356,-20.7279724218604,291.026424551044));
#1366=CARTESIAN_POINT('Ctrl Pts',(-3.46354514100565,-12.0774478855745,294.295067161256));
#1367=CARTESIAN_POINT('Ctrl Pts',(-9.98447378944427,-15.7006965844715,293.520755578033));
#1368=CARTESIAN_POINT('Ctrl Pts',(-16.5054024378829,-19.3239452833684,292.74644399481));
#1369=CARTESIAN_POINT('Ctrl Pts',(-11.3107512721337,-27.9744698196543,289.477801384597));
#1370=CARTESIAN_POINT('Ctrl Pts',(-6.11610010638449,-36.6249943559402,286.209158774385));
#1371=CARTESIAN_POINT('Ctrl Pts',(0.404828542054131,-33.0017456570433,286.983470357608));
#1372=CARTESIAN_POINT('Ctrl Pts',(0.359812859978082,-32.7800590590745,286.325231945814));
#1373=CARTESIAN_POINT('Ctrl Pts',(6.88074150841671,-29.1568103601775,287.099543529038));
#1374=CARTESIAN_POINT('Ctrl Pts',(1.68609034266751,-20.5062858238916,290.36818613925));
#1375=CARTESIAN_POINT('Ctrl Pts',(-3.50856082308169,-11.8557612876057,293.636828749463));
#1376=CARTESIAN_POINT('Ctrl Pts',(-10.0294894715203,-15.4790099865027,292.862517166239));
#1377=CARTESIAN_POINT('Ctrl Pts',(-16.550418119959,-19.1022586853996,292.088205583016));
#1378=CARTESIAN_POINT('Ctrl Pts',(-11.3557669542098,-27.7527832216855,288.819562972803));
#1379=CARTESIAN_POINT('Ctrl Pts',(-6.16111578846055,-36.4033077579714,285.550920362591));
#1380=CARTESIAN_POINT('Ctrl Pts',(0.359812859978082,-32.7800590590745,286.325231945814));
#1381=CARTESIAN_POINT('',(0.359812859978082,-32.7800590590745,286.325231945814));
#1382=CARTESIAN_POINT('',(0.359812859978083,-32.7800590590745,286.325231945814));
#1383=CARTESIAN_POINT('Origin',(-4.83483830577112,-24.1295345227886,289.593874556027));
#1384=CARTESIAN_POINT('Origin',(-35.1496820085605,-4.250917232194,298.36192318761));
#1385=CARTESIAN_POINT('Origin',(-4.75613686566228,-25.3566932616391,293.343463123756));
#1386=CARTESIAN_POINT('',(0.182304837313407,-33.91032520141,291.779118473354));
#1387=CARTESIAN_POINT('Origin',(-4.75613686566228,-25.3566932616391,293.343463123756));
#1388=CARTESIAN_POINT('Origin',(-4.75613686566228,-25.3566932616391,293.343463123756));
#1389=CARTESIAN_POINT('',(0.182304837313416,-33.91032520141,291.779118473353));
#1390=CARTESIAN_POINT('Ctrl Pts',(17.6760620010356,31.7351437991751,291.092605988473));
#1391=CARTESIAN_POINT('Ctrl Pts',(17.4053281339889,31.673268240081,289.722894111518));
#1392=CARTESIAN_POINT('Ctrl Pts',(17.1345942669422,31.611392680987,288.353182234563));
#1393=CARTESIAN_POINT('Ctrl Pts',(16.8638603998955,31.5495171218929,286.983470357608));
#1394=CARTESIAN_POINT('Ctrl Pts',(18.9637334686224,30.977563623499,291.015275515098));
#1395=CARTESIAN_POINT('Ctrl Pts',(18.5828404963512,30.9769531604051,289.632645399966));
#1396=CARTESIAN_POINT('Ctrl Pts',(18.2019352792163,30.9763133655659,288.250263730767));
#1397=CARTESIAN_POINT('Ctrl Pts',(17.8210423069451,30.975702902472,286.867633615635));
#1398=CARTESIAN_POINT('Ctrl Pts',(21.2009970373853,28.8791858164899,290.967447247663));
#1399=CARTESIAN_POINT('Ctrl Pts',(20.6008512728647,28.994885005944,289.598017302778));
#1400=CARTESIAN_POINT('Ctrl Pts',(20.0007491437238,29.1105621452732,288.228577141675));
#1401=CARTESIAN_POINT('Ctrl Pts',(19.4006033792033,29.2262613347273,286.859147196789));
#1402=CARTESIAN_POINT('Ctrl Pts',(22.882235585112,24.6017736049151,291.230278635352));
#1403=CARTESIAN_POINT('Ctrl Pts',(22.0213055292434,24.8389742750785,289.992979246898));
#1404=CARTESIAN_POINT('Ctrl Pts',(21.160236764609,25.0762485369165,288.755688146));
#1405=CARTESIAN_POINT('Ctrl Pts',(20.2993067087404,25.3134492070799,287.518388757546));
#1406=CARTESIAN_POINT('Ctrl Pts',(22.5518656952901,20.0445756832275,291.775805558252));
#1407=CARTESIAN_POINT('Ctrl Pts',(21.5500109591463,20.3261708497367,290.756922083434));
#1408=CARTESIAN_POINT('Ctrl Pts',(20.5483394786153,20.6076527410895,289.73813862296));
#1409=CARTESIAN_POINT('Ctrl Pts',(19.5464847424715,20.8892479075987,288.719255148142));
#1410=CARTESIAN_POINT('Ctrl Pts',(20.2785594380619,16.1062098782338,292.496016022768));
#1411=CARTESIAN_POINT('Ctrl Pts',(19.2834529833265,16.34633519952,291.738695544602));
#1412=CARTESIAN_POINT('Ctrl Pts',(18.2885340186679,16.5863495511915,290.981443354631));
#1413=CARTESIAN_POINT('Ctrl Pts',(17.2934275639325,16.8264748724778,290.224122876465));
#1414=CARTESIAN_POINT('Ctrl Pts',(16.5129952704055,13.5739566191245,293.247409810221));
#1415=CARTESIAN_POINT('Ctrl Pts',(15.6711118724743,13.6949415660246,292.742614620535));
#1416=CARTESIAN_POINT('Ctrl Pts',(14.8293773533024,13.815842364906,292.23784621625));
#1417=CARTESIAN_POINT('Ctrl Pts',(13.9874939553711,13.936827311806,291.733051026563));
#1418=CARTESIAN_POINT('Ctrl Pts',(11.4948994187056,12.8636301826263,293.95398314393));
#1419=CARTESIAN_POINT('Ctrl Pts',(10.9520323470553,12.7921687173036,293.66504029977));
#1420=CARTESIAN_POINT('Ctrl Pts',(10.4091955991636,12.7206809702878,293.376166120958));
#1421=CARTESIAN_POINT('Ctrl Pts',(9.86632852751329,12.6492195049651,293.087223276798));
#1422=CARTESIAN_POINT('Ctrl Pts',(7.15699574690545,14.6132524161272,294.303279205319));
#1423=CARTESIAN_POINT('Ctrl Pts',(6.95670994850116,14.3455575657887,294.093964687729));
#1424=CARTESIAN_POINT('Ctrl Pts',(6.75639237846382,14.0778917188065,293.884568084941));
#1425=CARTESIAN_POINT('Ctrl Pts',(6.55610658005953,13.810196868468,293.675253567351));
#1426=CARTESIAN_POINT('Ctrl Pts',(4.4329520808885,17.5910040413048,294.31473627742));
#1427=CARTESIAN_POINT('Ctrl Pts',(4.51458015581605,17.1763993287878,294.07019374077));
#1428=CARTESIAN_POINT('Ctrl Pts',(4.59637561791544,16.7616660769232,293.825915910581));
#1429=CARTESIAN_POINT('Ctrl Pts',(4.67800369284298,16.3470613644062,293.581373373931));
#1430=CARTESIAN_POINT('Ctrl Pts',(2.67578712228452,21.2196315547413,294.133184579309));
#1431=CARTESIAN_POINT('Ctrl Pts',(3.00014795670817,20.6885913755107,293.788780147763));
#1432=CARTESIAN_POINT('Ctrl Pts',(3.32447178984487,20.1575840642157,293.44428640731));
#1433=CARTESIAN_POINT('Ctrl Pts',(3.64883262426853,19.6265438849851,293.099881975764));
#1434=CARTESIAN_POINT('Ctrl Pts',(2.66442427453487,25.8818497987797,293.618804744335));
#1435=CARTESIAN_POINT('Ctrl Pts',(3.1553930402302,25.2914565323335,293.063661948608));
#1436=CARTESIAN_POINT('Ctrl Pts',(3.64640934589329,24.7010303106113,292.508569778226));
#1437=CARTESIAN_POINT('Ctrl Pts',(4.13737811158861,24.1106370441651,291.953426982499));
#1438=CARTESIAN_POINT('Ctrl Pts',(5.19798238120208,30.2551349419725,292.817908158127));
#1439=CARTESIAN_POINT('Ctrl Pts',(5.68089451251375,29.7111414051043,291.971994876363));
#1440=CARTESIAN_POINT('Ctrl Pts',(6.16375401443527,29.1671700538792,291.126124402863));
#1441=CARTESIAN_POINT('Ctrl Pts',(6.64666614574694,28.623176517011,290.2802111211));
#1442=CARTESIAN_POINT('Ctrl Pts',(8.96095212602735,32.7911272455272,292.066425381226));
#1443=CARTESIAN_POINT('Ctrl Pts',(9.29097185532536,32.3661082705433,290.967900572149));
#1444=CARTESIAN_POINT('Ctrl Pts',(9.62088768617675,31.9411279545752,289.869495802679));
#1445=CARTESIAN_POINT('Ctrl Pts',(9.95090741547477,31.5161089795913,288.770970993602));
#1446=CARTESIAN_POINT('Ctrl Pts',(13.4774416249698,33.4233663899827,291.431264434447));
#1447=CARTESIAN_POINT('Ctrl Pts',(13.5380602350613,33.1716545658222,290.138811697901));
#1448=CARTESIAN_POINT('Ctrl Pts',(13.5987484215182,32.9199051122593,288.846359753263));
#1449=CARTESIAN_POINT('Ctrl Pts',(13.6593670316097,32.6681932880988,287.553907016717));
#1450=CARTESIAN_POINT('Ctrl Pts',(16.3883905334489,32.4927239748511,291.169936461848));
#1451=CARTESIAN_POINT('Ctrl Pts',(16.2278497956302,32.3695876878035,289.81298578366));
#1452=CARTESIAN_POINT('Ctrl Pts',(16.0672192306645,32.2464676283615,288.45625777777));
#1453=CARTESIAN_POINT('Ctrl Pts',(15.9066784928459,32.1233313413139,287.099307099582));
#1454=CARTESIAN_POINT('Ctrl Pts',(17.6760620010356,31.7351437991751,291.092605988473));
#1455=CARTESIAN_POINT('Ctrl Pts',(17.4053281339889,31.673268240081,289.722894111518));
#1456=CARTESIAN_POINT('Ctrl Pts',(17.1345942669422,31.611392680987,288.353182234563));
#1457=CARTESIAN_POINT('Ctrl Pts',(16.8638603998955,31.5495171218929,286.983470357608));
#1458=CARTESIAN_POINT('',(18.6405483955576,31.0904529037302,291.043230888377));
#1459=CARTESIAN_POINT('',(17.6760620010356,31.7351437991751,291.092605988473));
#1460=CARTESIAN_POINT('Origin',(12.73762029806,23.1815118594042,292.656950638875));
#1461=CARTESIAN_POINT('',(12.6130748641428,13.2446419430096,293.771896691177));
#1462=CARTESIAN_POINT('Origin',(12.73762029806,23.1815118594042,292.656950638875));
#1463=CARTESIAN_POINT('',(3.83203354086882,18.9183337125583,294.243089535189));
#1464=CARTESIAN_POINT('Origin',(12.73762029806,23.1815118594042,292.656950638875));
#1465=CARTESIAN_POINT('',(15.3069652362442,32.7467954035283,291.277161774905));
#1466=CARTESIAN_POINT('Origin',(12.73762029806,23.1815118594042,292.656950638875));
#1467=CARTESIAN_POINT('Origin',(12.73762029806,23.1815118594042,292.656950638875));
#1468=CARTESIAN_POINT('',(16.8638603998955,31.549517121893,286.983470357608));
#1469=CARTESIAN_POINT('',(17.6760620010356,31.7351437991751,291.092605988473));
#1470=CARTESIAN_POINT('',(13.5739553890508,32.3384626608885,287.650951361328));
#1471=CARTESIAN_POINT('Origin',(11.9696119782859,22.7255549804127,290.252112967821));
#1472=CARTESIAN_POINT('',(19.0012937846279,29.3024350652734,286.944619853077));
#1473=CARTESIAN_POINT('Origin',(11.9696119782859,22.7255549804127,290.252112967821));
#1474=CARTESIAN_POINT('Origin',(11.9696119782859,22.7255549804127,290.252112967821));
#1475=CARTESIAN_POINT('Ctrl Pts',(16.8638603998955,31.5495171218929,286.983470357608));
#1476=CARTESIAN_POINT('Ctrl Pts',(10.4655706582025,35.3851826382581,287.757781940832));
#1477=CARTESIAN_POINT('Ctrl Pts',(5.57132223659287,26.5612204967778,291.026424551044));
#1478=CARTESIAN_POINT('Ctrl Pts',(0.67707381498328,17.7372583552976,294.295067161256));
#1479=CARTESIAN_POINT('Ctrl Pts',(7.07536355667626,13.9015928389325,293.520755578033));
#1480=CARTESIAN_POINT('Ctrl Pts',(13.4736532983692,10.0659273225674,292.74644399481));
#1481=CARTESIAN_POINT('Ctrl Pts',(18.3679017199788,18.8898894640476,289.477801384597));
#1482=CARTESIAN_POINT('Ctrl Pts',(23.2621501415884,27.7138516055278,286.209158774385));
#1483=CARTESIAN_POINT('Ctrl Pts',(16.8638603998955,31.5495171218929,286.983470357608));
#1484=CARTESIAN_POINT('Ctrl Pts',(16.6943820154139,31.399689098662,286.325231945814));
#1485=CARTESIAN_POINT('Ctrl Pts',(10.2960922737209,35.2353546150271,287.099543529038));
#1486=CARTESIAN_POINT('Ctrl Pts',(5.40184385211135,26.4113924735469,290.36818613925));
#1487=CARTESIAN_POINT('Ctrl Pts',(0.507595430501753,17.5874303320667,293.636828749462));
#1488=CARTESIAN_POINT('Ctrl Pts',(6.90588517219474,13.7517648157016,292.862517166239));
#1489=CARTESIAN_POINT('Ctrl Pts',(13.3041749138877,9.91609929933646,292.088205583016));
#1490=CARTESIAN_POINT('Ctrl Pts',(18.1984233354973,18.7400614408167,288.819562972803));
#1491=CARTESIAN_POINT('Ctrl Pts',(23.0926717571069,27.5640235822969,285.550920362591));
#1492=CARTESIAN_POINT('Ctrl Pts',(16.6943820154139,31.399689098662,286.325231945814));
#1493=CARTESIAN_POINT('',(16.6943820154139,31.399689098662,286.325231945814));
#1494=CARTESIAN_POINT('',(16.6943820154139,31.399689098662,286.325231945814));
#1495=CARTESIAN_POINT('Origin',(11.8001335938043,22.5757269571818,289.593874556027));
#1496=CARTESIAN_POINT('Origin',(9.74216787943552,-13.6170064464858,298.36192318761));
#1497=CARTESIAN_POINT('Origin',(12.8235335160706,23.2574637730557,293.343463123756));
#1498=CARTESIAN_POINT('',(17.7619752190462,31.8110957128266,291.779118473353));
#1499=CARTESIAN_POINT('Origin',(12.8235335160706,23.2574637730557,293.343463123756));
#1500=CARTESIAN_POINT('Origin',(12.8235335160706,23.2574637730557,293.343463123756));
#1501=CARTESIAN_POINT('',(17.7619752190463,31.8110957128266,291.779118473353));
#1502=CARTESIAN_POINT('Ctrl Pts',(-47.2686889419489,13.5278254430128,286.983470357608));
#1503=CARTESIAN_POINT('Ctrl Pts',(-47.457641681521,13.731350069993,288.353182234563));
#1504=CARTESIAN_POINT('Ctrl Pts',(-47.6465944210932,13.9348746969733,289.722894111518));
#1505=CARTESIAN_POINT('Ctrl Pts',(-47.8355471606654,14.1383993239535,291.092605988473));
#1506=CARTESIAN_POINT('Ctrl Pts',(-47.2870356794953,12.4119744857545,287.099307099582));
#1507=CARTESIAN_POINT('Ctrl Pts',(-47.473945210241,12.489482984688,288.456267824912));
#1508=CARTESIAN_POINT('Ctrl Pts',(-47.6608855736652,12.5669445345235,289.812975736518));
#1509=CARTESIAN_POINT('Ctrl Pts',(-47.8477951044109,12.644453033457,291.169936461848));
#1510=CARTESIAN_POINT('Ctrl Pts',(-46.6351033560315,10.1929943616322,287.553987894426));
#1511=CARTESIAN_POINT('Ctrl Pts',(-46.8227828738676,10.0145597023112,288.846422099486));
#1512=CARTESIAN_POINT('Ctrl Pts',(-47.0104615329258,9.83617853915048,290.138875270764));
#1513=CARTESIAN_POINT('Ctrl Pts',(-47.1981410507619,9.65774387982955,291.431309475824));
#1514=CARTESIAN_POINT('Ctrl Pts',(-43.7841453673611,7.55783430741539,288.770678388215));
#1515=CARTESIAN_POINT('Ctrl Pts',(-43.9872127271085,7.05962617156309,289.869227644487));
#1516=CARTESIAN_POINT('Ctrl Pts',(-44.1902809656217,6.56125993971825,290.967733877412));
#1517=CARTESIAN_POINT('Ctrl Pts',(-44.3933483253691,6.06305180386594,292.066283133684));
#1518=CARTESIAN_POINT('Ctrl Pts',(-39.6251971631671,6.14153561317578,290.280530898619));
#1519=CARTESIAN_POINT('Ctrl Pts',(-39.8548534786244,5.45114505375102,291.126401893306));
#1520=CARTESIAN_POINT('Ctrl Pts',(-40.0845234843472,4.76095933667623,291.972212202103));
#1521=CARTESIAN_POINT('Ctrl Pts',(-40.3141797998046,4.07056877725147,292.818083196791));
#1522=CARTESIAN_POINT('Ctrl Pts',(-34.9802121156865,6.22106192049697,291.785467509861));
#1523=CARTESIAN_POINT('Ctrl Pts',(-35.2424069647424,5.50401382215144,292.369767520045));
#1524=CARTESIAN_POINT('Ctrl Pts',(-35.5046116570881,4.78718119654583,292.954039478258));
#1525=CARTESIAN_POINT('Ctrl Pts',(-35.7668065061441,4.07013309820029,293.538339488441));
#1526=CARTESIAN_POINT('Ctrl Pts',(-30.775735687509,7.78297721942321,292.98503019936));
#1527=CARTESIAN_POINT('Ctrl Pts',(-31.0699274291823,7.21028674101354,293.351087519618));
#1528=CARTESIAN_POINT('Ctrl Pts',(-31.3641237637861,6.63777280863826,293.717149117264));
#1529=CARTESIAN_POINT('Ctrl Pts',(-31.6583155054594,6.0650823302286,294.083206437521));
#1530=CARTESIAN_POINT('Ctrl Pts',(-27.5020350766299,10.8190752146366,293.720355992183));
#1531=CARTESIAN_POINT('Ctrl Pts',(-27.8242443615216,10.5646104929006,293.939142353346));
#1532=CARTESIAN_POINT('Ctrl Pts',(-28.1464629812266,10.3101783083361,294.157862855643));
#1533=CARTESIAN_POINT('Ctrl Pts',(-28.4686722661182,10.0557135866002,294.376649216806));
#1534=CARTESIAN_POINT('Ctrl Pts',(-26.7386006992582,14.2905905876379,293.590150885346));
#1535=CARTESIAN_POINT('Ctrl Pts',(-27.0720681860877,14.4228193313435,293.808898443005));
#1536=CARTESIAN_POINT('Ctrl Pts',(-27.4055260503056,14.5550276869883,294.02771689518));
#1537=CARTESIAN_POINT('Ctrl Pts',(-27.7389935371352,14.6872564306939,294.246464452839));
#1538=CARTESIAN_POINT('Ctrl Pts',(-27.9020244810516,17.1438806176526,292.899548749688));
#1539=CARTESIAN_POINT('Ctrl Pts',(-28.232232824933,17.6076060558515,293.219630068759));
#1540=CARTESIAN_POINT('Ctrl Pts',(-28.562475482124,18.0714957250496,293.539479498433));
#1541=CARTESIAN_POINT('Ctrl Pts',(-28.8926838260054,18.5352211632485,293.859560817504));
#1542=CARTESIAN_POINT('Ctrl Pts',(-30.1456185013904,19.5963592562994,291.900717303672));
#1543=CARTESIAN_POINT('Ctrl Pts',(-30.4643782384223,20.3546751782753,292.378000119968));
#1544=CARTESIAN_POINT('Ctrl Pts',(-30.7831273951665,21.1129639248771,292.855359799237));
#1545=CARTESIAN_POINT('Ctrl Pts',(-31.1018871321983,21.871279846853,293.332642615532));
#1546=CARTESIAN_POINT('Ctrl Pts',(-34.2157354411995,21.2743822673868,290.391239494514));
#1547=CARTESIAN_POINT('Ctrl Pts',(-34.5089625273344,22.2536458052412,291.119479483126));
#1548=CARTESIAN_POINT('Ctrl Pts',(-34.8021966842952,23.2329603729121,291.847675614241));
#1549=CARTESIAN_POINT('Ctrl Pts',(-35.0954237704301,24.2122239107665,292.575915602854));
#1550=CARTESIAN_POINT('Ctrl Pts',(-39.3785372150375,21.180037258564,288.719184461393));
#1551=CARTESIAN_POINT('Ctrl Pts',(-39.635590141667,22.188291811445,289.738074140376));
#1552=CARTESIAN_POINT('Ctrl Pts',(-39.8926487464073,23.1964809478546,290.756904289913));
#1553=CARTESIAN_POINT('Ctrl Pts',(-40.1497016730367,24.2047355007355,291.775793968895));
#1554=CARTESIAN_POINT('Ctrl Pts',(-43.5849153842338,19.6211611477519,287.518670287023));
#1555=CARTESIAN_POINT('Ctrl Pts',(-43.8099620121408,20.4854528125964,288.755966701975));
#1556=CARTESIAN_POINT('Ctrl Pts',(-44.0350235548385,21.3496085246724,289.993114947694));
#1557=CARTESIAN_POINT('Ctrl Pts',(-44.2600701827455,22.2139001895169,291.230411362646));
#1558=CARTESIAN_POINT('Ctrl Pts',(-46.5251902671534,16.8860079781714,286.859141307552));
#1559=CARTESIAN_POINT('Ctrl Pts',(-46.725062128419,17.4635196643583,288.228573399712));
#1560=CARTESIAN_POINT('Ctrl Pts',(-46.92493464674,18.0411119731055,289.598018754511));
#1561=CARTESIAN_POINT('Ctrl Pts',(-47.1248065080056,18.6186236592923,290.967450846671));
#1562=CARTESIAN_POINT('Ctrl Pts',(-47.2503422044024,14.6436764002711,286.867633615635));
#1563=CARTESIAN_POINT('Ctrl Pts',(-47.4413187682581,14.9732773052483,288.250262587898));
#1564=CARTESIAN_POINT('Ctrl Pts',(-47.632322653064,15.3027447094728,289.632646542835));
#1565=CARTESIAN_POINT('Ctrl Pts',(-47.8232992169198,15.6323456144501,291.015275515098));
#1566=CARTESIAN_POINT('Ctrl Pts',(-47.2686889419489,13.5278254430128,286.983470357608));
#1567=CARTESIAN_POINT('Ctrl Pts',(-47.457641681521,13.731350069993,288.353182234563));
#1568=CARTESIAN_POINT('Ctrl Pts',(-47.6465944210932,13.9348746969733,289.722894111518));
#1569=CARTESIAN_POINT('Ctrl Pts',(-47.8355471606654,14.1383993239535,291.092605988473));
#1570=CARTESIAN_POINT('',(-47.2686889419489,13.5278254430128,286.983470357608));
#1571=CARTESIAN_POINT('',(-46.3069833154991,10.2842113580858,287.650951361328));
#1572=CARTESIAN_POINT('Origin',(-37.1797893545901,13.7012630482071,290.252112967821));
#1573=CARTESIAN_POINT('',(-46.3913754888944,16.5024380813978,286.944619853077));
#1574=CARTESIAN_POINT('Origin',(-37.1797893545901,13.7012630482071,290.252112967821));
#1575=CARTESIAN_POINT('Origin',(-37.1797893545901,13.7012630482071,290.252112967821));
#1576=CARTESIAN_POINT('',(-47.8355471606653,14.1383993239535,291.092605988473));
#1577=CARTESIAN_POINT('',(-47.2686889419489,13.5278254430128,286.983470357608));
#1578=CARTESIAN_POINT('',(-47.7594716648825,15.2960144909365,291.043230888377));
#1579=CARTESIAN_POINT('Origin',(-37.958663754714,14.1383993239535,292.656950638876));
#1580=CARTESIAN_POINT('',(-29.2908092560563,18.9989747724533,293.771896691177));
#1581=CARTESIAN_POINT('Origin',(-37.958663754714,14.1383993239535,292.656950638876));
#1582=CARTESIAN_POINT('',(-29.8138498000912,8.55752403004267,294.243089535189));
#1583=CARTESIAN_POINT('Origin',(-37.958663754714,14.1383993239535,292.656950638876));
#1584=CARTESIAN_POINT('',(-47.5271147674188,11.580875539444,291.277161774905));
#1585=CARTESIAN_POINT('Origin',(-37.958663754714,14.1383993239535,292.656950638876));
#1586=CARTESIAN_POINT('Origin',(-37.958663754714,14.1383993239535,292.656950638876));
#1587=CARTESIAN_POINT('Ctrl Pts',(-47.2686889419489,13.5278254430128,286.983470357608));
#1588=CARTESIAN_POINT('Ctrl Pts',(-47.3913278486945,6.06891122775074,287.757781940832));
#1589=CARTESIAN_POINT('Ctrl Pts',(-37.3024282613357,6.24234883294504,291.026424551044));
#1590=CARTESIAN_POINT('Ctrl Pts',(-27.2135286739769,6.41578643813935,294.295067161257));
#1591=CARTESIAN_POINT('Ctrl Pts',(-27.0908897672313,13.8747006534014,293.520755578033));
#1592=CARTESIAN_POINT('Ctrl Pts',(-26.9682508604856,21.3336148686635,292.74644399481));
#1593=CARTESIAN_POINT('Ctrl Pts',(-37.0571504478444,21.1601772634692,289.477801384597));
#1594=CARTESIAN_POINT('Ctrl Pts',(-47.1460500352032,20.9867396582748,286.209158774385));
#1595=CARTESIAN_POINT('Ctrl Pts',(-47.2686889419489,13.5278254430128,286.983470357608));
#1596=CARTESIAN_POINT('Ctrl Pts',(-47.0541948753913,13.4559668682749,286.325231945814));
#1597=CARTESIAN_POINT('Ctrl Pts',(-47.1768337821369,5.99705265301287,287.099543529038));
#1598=CARTESIAN_POINT('Ctrl Pts',(-37.0879341947781,6.17049025820718,290.36818613925));
#1599=CARTESIAN_POINT('Ctrl Pts',(-26.9990346074193,6.34392786340149,293.636828749463));
#1600=CARTESIAN_POINT('Ctrl Pts',(-26.8763957006737,13.8028420786635,292.862517166239));
#1601=CARTESIAN_POINT('Ctrl Pts',(-26.753756793928,21.2617562939256,292.088205583016));
#1602=CARTESIAN_POINT('Ctrl Pts',(-36.8426563812868,21.0883186887313,288.819562972803));
#1603=CARTESIAN_POINT('Ctrl Pts',(-46.9315559686456,20.914881083537,285.550920362591));
#1604=CARTESIAN_POINT('Ctrl Pts',(-47.0541948753913,13.4559668682749,286.325231945814));
#1605=CARTESIAN_POINT('',(-47.0541948753913,13.4559668682749,286.325231945814));
#1606=CARTESIAN_POINT('',(-47.0541948753913,13.4559668682749,286.325231945814));
#1607=CARTESIAN_POINT('Origin',(-36.9652952880325,13.6294044734692,289.593874556027));
#1608=CARTESIAN_POINT('Origin',(-4.59248587087431,29.9435205865423,298.36192318761));
#1609=CARTESIAN_POINT('Origin',(-38.0673966504076,14.1748263964458,293.343463123756));
#1610=CARTESIAN_POINT('',(-47.9442800563589,14.1748263964458,291.779118473354));
#1611=CARTESIAN_POINT('Origin',(-38.0673966504076,14.1748263964458,293.343463123756));
#1612=CARTESIAN_POINT('Origin',(-38.0673966504076,14.1748263964458,293.343463123756));
#1613=CARTESIAN_POINT('',(-47.9442800563589,14.1748263964458,291.779118473354));
#1614=CARTESIAN_POINT('Origin',(-10.,3.85273388626099,226.000000000001));
#1615=CARTESIAN_POINT('',(-2.52040277969317,1.6401278612357,272.000000000001));
#1616=CARTESIAN_POINT('',(-5.54393360287722,10.254567394283,272.000000000001));
#1617=CARTESIAN_POINT('Origin',(-10.,3.85273388626099,272.000000000001));
#1618=CARTESIAN_POINT('Ctrl Pts',(-5.54393360287722,10.254567394283,272.000000000001));
#1619=CARTESIAN_POINT('Ctrl Pts',(-5.31312993707328,10.0939139723792,273.254713914927));
#1620=CARTESIAN_POINT('Ctrl Pts',(-5.07027687913819,9.90757776961987,274.484125635342));
#1621=CARTESIAN_POINT('Ctrl Pts',(-4.59678801840617,9.48527871630597,276.642662517845));
#1622=CARTESIAN_POINT('Ctrl Pts',(-4.35114360500141,9.24762024123635,277.684217889036));
#1623=CARTESIAN_POINT('Ctrl Pts',(-3.94258806076998,8.77125533589176,279.143805011532));
#1624=CARTESIAN_POINT('Ctrl Pts',(-3.80055735769061,8.59352359508033,279.61074181028));
#1625=CARTESIAN_POINT('Ctrl Pts',(-3.49733301690807,8.16823542030005,280.469852818773));
#1626=CARTESIAN_POINT('Ctrl Pts',(-3.33943800160826,7.93137579669706,280.868438130556));
#1627=CARTESIAN_POINT('Ctrl Pts',(-3.09299486245457,7.47862421512676,281.265349216815));
#1628=CARTESIAN_POINT('Ctrl Pts',(-3.02954168716032,7.35621168166952,281.351821010238));
#1629=CARTESIAN_POINT('Ctrl Pts',(-2.90238009675025,7.09085644284532,281.473264026691));
#1630=CARTESIAN_POINT('Ctrl Pts',(-2.83866224777981,6.94744101318717,281.507189749934));
#1631=CARTESIAN_POINT('Ctrl Pts',(-2.72749909692122,6.67616095962991,281.514081330649));
#1632=CARTESIAN_POINT('Ctrl Pts',(-2.67277198653781,6.53105339332672,281.488843403279));
#1633=CARTESIAN_POINT('Ctrl Pts',(-2.57694048369467,6.25270324348659,281.386487010261));
#1634=CARTESIAN_POINT('Ctrl Pts',(-2.53557283552292,6.11918391228131,281.310370420061));
#1635=CARTESIAN_POINT('Ctrl Pts',(-2.44008473563809,5.78632085633765,281.077325944479));
#1636=CARTESIAN_POINT('Ctrl Pts',(-2.39889245494228,5.61049263481465,280.901941832468));
#1637=CARTESIAN_POINT('Ctrl Pts',(-2.33211657619073,5.29152246142095,280.541655219969));
#1638=CARTESIAN_POINT('Ctrl Pts',(-2.30747175409674,5.15003590466328,280.355117534133));
#1639=CARTESIAN_POINT('Ctrl Pts',(-2.2474688046276,4.75270224623985,279.784152820026));
#1640=CARTESIAN_POINT('Ctrl Pts',(-2.22607507912912,4.52524983721013,279.390988956966));
#1641=CARTESIAN_POINT('Ctrl Pts',(-2.18821993427893,3.88163451049918,278.172518767162));
#1642=CARTESIAN_POINT('Ctrl Pts',(-2.19926809610628,3.51359533754542,277.322101432722));
#1643=CARTESIAN_POINT('Ctrl Pts',(-2.2797349762103,2.61188996624625,275.03027218189));
#1644=CARTESIAN_POINT('Ctrl Pts',(-2.37933921109193,2.11698576710005,273.551778763413));
#1645=CARTESIAN_POINT('Ctrl Pts',(-2.52040277969316,1.64012786123571,272.000000000001));
#1646=CARTESIAN_POINT('Ctrl Pts',(11.0512110068373,23.0165864740791,281.221517106523));
#1647=CARTESIAN_POINT('Ctrl Pts',(17.4495007485303,19.180920957714,280.4472055233));
#1648=CARTESIAN_POINT('Ctrl Pts',(12.5552523269207,10.3569588162337,283.715848133512));
#1649=CARTESIAN_POINT('Ctrl Pts',(7.66100390531112,1.53299667475354,286.984490743724));
#1650=CARTESIAN_POINT('Ctrl Pts',(1.26271416361814,5.36866219111864,287.758802326948));
#1651=CARTESIAN_POINT('Ctrl Pts',(-5.13557557807485,9.20432770748375,288.533113910171));
#1652=CARTESIAN_POINT('Ctrl Pts',(-0.241327156465257,18.028289848964,285.264471299959));
#1653=CARTESIAN_POINT('Ctrl Pts',(4.65292126514434,26.8522519904442,281.995828689746));
#1654=CARTESIAN_POINT('Ctrl Pts',(11.0512110068373,23.0165864740791,281.221517106523));
#1655=CARTESIAN_POINT('Ctrl Pts',(7.00259842687186,19.437394817633,265.497079310172));
#1656=CARTESIAN_POINT('Ctrl Pts',(13.4008881685648,15.6017293012679,264.722767726949));
#1657=CARTESIAN_POINT('Ctrl Pts',(8.50663974695525,6.77776715978772,267.991410337161));
#1658=CARTESIAN_POINT('Ctrl Pts',(3.61239132534566,-2.04619498169248,271.260052947374));
#1659=CARTESIAN_POINT('Ctrl Pts',(-2.78589841634732,1.78947053467262,272.034364530597));
#1660=CARTESIAN_POINT('Ctrl Pts',(-9.18418815804031,5.62513605103773,272.808676113821));
#1661=CARTESIAN_POINT('Ctrl Pts',(-4.28993973643072,14.4490981925179,269.540033503608));
#1662=CARTESIAN_POINT('Ctrl Pts',(0.604308685178874,23.2730603339981,266.271390893396));
#1663=CARTESIAN_POINT('Ctrl Pts',(7.00259842687186,19.437394817633,265.497079310172));
#1664=CARTESIAN_POINT('',(11.5448513479197,16.5161813414657,272.000000000001));
#1665=CARTESIAN_POINT('Origin',(2.94108813490644,11.349618049971,272.000000000001));
#1666=CARTESIAN_POINT('',(8.61626010151164,20.8639586807149,271.764392402265));
#1667=CARTESIAN_POINT('Origin',(3.72201167990204,12.0399965392347,275.033035012477));
#1668=CARTESIAN_POINT('',(11.0512110068373,23.016586474079,281.221517106523));
#1669=CARTESIAN_POINT('Ctrl Pts',(8.61626010151163,20.8639586807149,271.764392402265));
#1670=CARTESIAN_POINT('Ctrl Pts',(11.0512110068373,23.0165864740791,281.221517106523));
#1671=CARTESIAN_POINT('',(12.5552523269207,10.3569588162337,283.715848133512));
#1672=CARTESIAN_POINT('Origin',(6.15696258522772,14.1926243325988,284.490159716735));
#1673=CARTESIAN_POINT('',(-0.241327156465266,18.028289848964,285.264471299959));
#1674=CARTESIAN_POINT('Origin',(6.15696258522772,14.1926243325988,284.490159716735));
#1675=CARTESIAN_POINT('Origin',(6.15696258522772,14.1926243325988,284.490159716735));
#1676=CARTESIAN_POINT('',(7.1628992009117,21.4728386792287,272.000000000001));
#1677=CARTESIAN_POINT('Origin',(3.72201167990204,12.0399965392347,275.033035012477));
#1678=CARTESIAN_POINT('Origin',(2.94108813490644,11.349618049971,272.000000000001));
#1679=CARTESIAN_POINT('Origin',(3.00271152893371,11.349618049971,272.000000000001));
#1680=CARTESIAN_POINT('',(22.852891689369,3.72506011198487,272.000000000001));
#1681=CARTESIAN_POINT('Origin',(-13.4945937905539,-15.0003619477349,266.717184249961));
#1682=CARTESIAN_POINT('',(16.6943820154139,31.399689098662,286.325231945814));
#1683=CARTESIAN_POINT('Origin',(11.8001335938043,22.5757269571818,289.593874556027));
#1684=CARTESIAN_POINT('',(-12.3387973025082,-11.7299841595386,260.067465188174));
#1685=CARTESIAN_POINT('Origin',(9.74216787943552,-13.6170064464858,298.36192318761));
#1686=CARTESIAN_POINT('Origin',(-14.4080838848976,-54.3888365953281,294.821549063804));
#1687=CARTESIAN_POINT('Origin',(-10.,3.85273388626099,226.000000000001));
#1688=CARTESIAN_POINT('',(-17.7507431796318,4.72793681323936,272.000000000001));
#1689=CARTESIAN_POINT('',(-11.6618828858377,11.473635753741,272.000000000001));
#1690=CARTESIAN_POINT('Ctrl Pts',(-17.7507431796318,4.72793681323937,272.000000000001));
#1691=CARTESIAN_POINT('Ctrl Pts',(-17.7175843500889,5.02158936398178,273.325985314788));
#1692=CARTESIAN_POINT('Ctrl Pts',(-17.6659759522624,5.34139022811092,274.623765621739));
#1693=CARTESIAN_POINT('Ctrl Pts',(-17.5103222339756,5.97663713022541,276.797081743804));
#1694=CARTESIAN_POINT('Ctrl Pts',(-17.4184645582727,6.29648762825796,277.785563520252));
#1695=CARTESIAN_POINT('Ctrl Pts',(-17.1971719408465,6.86646183899132,279.165400929858));
#1696=CARTESIAN_POINT('Ctrl Pts',(-17.1100059573943,7.07025760346709,279.605801229909));
#1697=CARTESIAN_POINT('Ctrl Pts',(-16.885335006325,7.52654032500192,280.412936166715));
#1698=CARTESIAN_POINT('Ctrl Pts',(-16.7550759812421,7.77160044711758,280.785841092387));
#1699=CARTESIAN_POINT('Ctrl Pts',(-16.4822547616112,8.19253444202208,281.1537959757));
#1700=CARTESIAN_POINT('Ctrl Pts',(-16.4059513570247,8.30522558192387,281.234289683397));
#1701=CARTESIAN_POINT('Ctrl Pts',(-16.2365798652676,8.53952029630011,281.344607121461));
#1702=CARTESIAN_POINT('Ctrl Pts',(-16.1431501057039,8.66131622380642,281.373464552406));
#1703=CARTESIAN_POINT('Ctrl Pts',(-15.960952230718,8.88542723290818,281.374178779067));
#1704=CARTESIAN_POINT('Ctrl Pts',(-15.8602462328409,9.00238595939992,281.345950144756));
#1705=CARTESIAN_POINT('Ctrl Pts',(-15.6630210537859,9.2185138556469,281.239221925651));
#1706=CARTESIAN_POINT('Ctrl Pts',(-15.5663781051023,9.31805188378595,281.161700598967));
#1707=CARTESIAN_POINT('Ctrl Pts',(-15.3284097512062,9.55311058646975,280.932680612339));
#1708=CARTESIAN_POINT('Ctrl Pts',(-15.1985878740102,9.66992228781951,280.764420420228));
#1709=CARTESIAN_POINT('Ctrl Pts',(-14.9585941639586,9.87580110050762,280.417956012402));
#1710=CARTESIAN_POINT('Ctrl Pts',(-14.8492253781051,9.96356127265486,280.238421885451));
#1711=CARTESIAN_POINT('Ctrl Pts',(-14.5372558375911,10.2026880340468,279.688620457826));
#1712=CARTESIAN_POINT('Ctrl Pts',(-14.351653833336,10.3294479110526,279.309366683088));
#1713=CARTESIAN_POINT('Ctrl Pts',(-13.8156963511036,10.6688414509233,278.134728483276));
#1714=CARTESIAN_POINT('Ctrl Pts',(-13.4928161595532,10.8357999616356,277.314377162267));
#1715=CARTESIAN_POINT('Ctrl Pts',(-12.6555090359349,11.2085799114186,275.049340131669));
#1716=CARTESIAN_POINT('Ctrl Pts',(-12.1611629321888,11.3647582247162,273.561489263699));
#1717=CARTESIAN_POINT('Ctrl Pts',(-11.6618828858377,11.473635753741,272.000000000001));
#1718=CARTESIAN_POINT('Origin',(-10.,3.85273388626099,272.000000000001));
#1719=CARTESIAN_POINT('Origin',(-22.813677059288,11.5703005063878,272.000000000001));
#1720=CARTESIAN_POINT('',(-33.6915488253428,10.1648858248989,272.000000000001));
#1721=CARTESIAN_POINT('Origin',(-22.813677059288,11.5703005063878,272.000000000001));
#1722=CARTESIAN_POINT('',(-31.5899337264901,16.4380963712551,272.000000000001));
#1723=CARTESIAN_POINT('',(-32.1705502394633,14.7049866145924,272.000000000001));
#1724=CARTESIAN_POINT('Origin',(-22.813677059288,11.5703005063878,272.000000000001));
#1725=CARTESIAN_POINT('Ctrl Pts',(-36.9726295356819,12.7603887292391,281.221517106523));
#1726=CARTESIAN_POINT('Ctrl Pts',(-36.8499906289363,20.2193029445011,280.4472055233));
#1727=CARTESIAN_POINT('Ctrl Pts',(-26.7610910415775,20.3927405496954,283.715848133512));
#1728=CARTESIAN_POINT('Ctrl Pts',(-16.6721914542188,20.5661781548897,286.984490743725));
#1729=CARTESIAN_POINT('Ctrl Pts',(-16.7948303609645,13.1072639396277,287.758802326948));
#1730=CARTESIAN_POINT('Ctrl Pts',(-16.9174692677101,5.64834972436576,288.533113910171));
#1731=CARTESIAN_POINT('Ctrl Pts',(-27.0063688550688,5.47491211917145,285.264471299959));
#1732=CARTESIAN_POINT('Ctrl Pts',(-37.0952684424275,5.30147451397715,281.995828689747));
#1733=CARTESIAN_POINT('Ctrl Pts',(-36.9726295356819,12.7603887292391,281.221517106523));
#1734=CARTESIAN_POINT('Ctrl Pts',(-31.8404252285282,11.0410270112468,265.471831969026));
#1735=CARTESIAN_POINT('Ctrl Pts',(-31.7177863217826,18.4999412265088,264.697520385802));
#1736=CARTESIAN_POINT('Ctrl Pts',(-21.6288867344239,18.6733788317031,267.966162996015));
#1737=CARTESIAN_POINT('Ctrl Pts',(-11.5399871470652,18.8468164368974,271.234805606227));
#1738=CARTESIAN_POINT('Ctrl Pts',(-11.6626260538108,11.3879022216354,272.009117189451));
#1739=CARTESIAN_POINT('Ctrl Pts',(-11.7852649605564,3.92898800637342,272.783428772674));
#1740=CARTESIAN_POINT('Ctrl Pts',(-21.8741645479152,3.75555040117911,269.514786162462));
#1741=CARTESIAN_POINT('Ctrl Pts',(-31.9630641352739,3.58211279598481,266.246143552249));
#1742=CARTESIAN_POINT('Ctrl Pts',(-31.8404252285282,11.0410270112468,265.471831969026));
#1743=CARTESIAN_POINT('',(-33.8909237290733,11.7279732849413,271.764392402265));
#1744=CARTESIAN_POINT('Origin',(-23.8020241417146,11.9014108901356,275.033035012477));
#1745=CARTESIAN_POINT('',(-36.9726295356819,12.7603887292391,281.221517106523));
#1746=CARTESIAN_POINT('Ctrl Pts',(-33.8909237290733,11.7279732849413,271.764392402265));
#1747=CARTESIAN_POINT('Ctrl Pts',(-36.9726295356819,12.7603887292391,281.221517106523));
#1748=CARTESIAN_POINT('',(-26.7610910415776,20.3927405496955,283.715848133512));
#1749=CARTESIAN_POINT('Origin',(-26.8837299483233,12.9338263344335,284.490159716735));
#1750=CARTESIAN_POINT('',(-27.0063688550688,5.47491211917144,285.264471299959));
#1751=CARTESIAN_POINT('Origin',(-26.8837299483233,12.9338263344335,284.490159716735));
#1752=CARTESIAN_POINT('Origin',(-26.8837299483233,12.9338263344335,284.490159716735));
#1753=CARTESIAN_POINT('Origin',(-23.8020241417146,11.9014108901356,275.033035012477));
#1754=CARTESIAN_POINT('Origin',(8.22391597066708,10.5115724292715,266.717184249961));
#1755=CARTESIAN_POINT('',(-47.0541948753913,13.4559668682749,286.325231945814));
#1756=CARTESIAN_POINT('Origin',(-36.9652952880325,13.6294044734692,289.593874556027));
#1757=CARTESIAN_POINT('',(4.81378748209387,9.87733265542574,260.067465188174));
#1758=CARTESIAN_POINT('Origin',(-4.59248587087431,29.9435205865423,298.36192318761));
#1759=CARTESIAN_POINT('Origin',(-23.8020241417146,11.9014108901356,275.033035012477));
#1760=UNCERTAINTY_MEASURE_WITH_UNIT(LENGTH_MEASURE(0.01),#1764,
'DISTANCE_ACCURACY_VALUE',
'Maximum model space distance between geometric entities at asserted c
onnectivities');
#1761=UNCERTAINTY_MEASURE_WITH_UNIT(LENGTH_MEASURE(0.01),#1764,
'DISTANCE_ACCURACY_VALUE',
'Maximum model space distance between geometric entities at asserted c
onnectivities');
#1762=(
GEOMETRIC_REPRESENTATION_CONTEXT(3)
GLOBAL_UNCERTAINTY_ASSIGNED_CONTEXT((#1760))
GLOBAL_UNIT_ASSIGNED_CONTEXT((#1764,#1766,#1767))
REPRESENTATION_CONTEXT('','3D')
);
#1763=(
GEOMETRIC_REPRESENTATION_CONTEXT(3)
GLOBAL_UNCERTAINTY_ASSIGNED_CONTEXT((#1761))
GLOBAL_UNIT_ASSIGNED_CONTEXT((#1764,#1766,#1767))
REPRESENTATION_CONTEXT('','3D')
);
#1764=(
LENGTH_UNIT()
NAMED_UNIT(*)
SI_UNIT(.MILLI.,.METRE.)
);
#1765=(
LENGTH_UNIT()
NAMED_UNIT(*)
SI_UNIT($,.METRE.)
);
#1766=(
NAMED_UNIT(*)
PLANE_ANGLE_UNIT()
SI_UNIT($,.RADIAN.)
);
#1767=(
NAMED_UNIT(*)
SI_UNIT($,.STERADIAN.)
SOLID_ANGLE_UNIT()
);
#1768=SHAPE_DEFINITION_REPRESENTATION(#1769,#1770);
#1769=PRODUCT_DEFINITION_SHAPE('',$,#1772);
#1770=SHAPE_REPRESENTATION('',(#708),#1762);
#1771=PRODUCT_DEFINITION_CONTEXT('part definition',#1776,'design');
#1772=PRODUCT_DEFINITION('2026-05-19-18-58-51-832','Vincent Print',#1773,
#1771);
#1773=PRODUCT_DEFINITION_FORMATION('',$,#1778);
#1774=PRODUCT_RELATED_PRODUCT_CATEGORY('Vincent Print','Vincent Print',
(#1778));
#1775=APPLICATION_PROTOCOL_DEFINITION('international standard',
'automotive_design',2009,#1776);
#1776=APPLICATION_CONTEXT(
'Core Data for Automotive Mechanical Design Process');
#1777=PRODUCT_CONTEXT('part definition',#1776,'mechanical');
#1778=PRODUCT('2026-05-19-18-58-51-832','Vincent Print',$,(#1777));
#1779=PRESENTATION_STYLE_ASSIGNMENT((#1783));
#1780=PRESENTATION_STYLE_ASSIGNMENT((#1784));
#1781=PRESENTATION_STYLE_ASSIGNMENT((#1785));
#1782=PRESENTATION_STYLE_ASSIGNMENT((#1786));
#1783=SURFACE_STYLE_USAGE(.BOTH.,#1787);
#1784=SURFACE_STYLE_USAGE(.BOTH.,#1788);
#1785=SURFACE_STYLE_USAGE(.BOTH.,#1789);
#1786=SURFACE_STYLE_USAGE(.BOTH.,#1790);
#1787=SURFACE_SIDE_STYLE('',(#1791));
#1788=SURFACE_SIDE_STYLE('',(#1792));
#1789=SURFACE_SIDE_STYLE('',(#1793));
#1790=SURFACE_SIDE_STYLE('',(#1794));
#1791=SURFACE_STYLE_FILL_AREA(#1795);
#1792=SURFACE_STYLE_FILL_AREA(#1796);
#1793=SURFACE_STYLE_FILL_AREA(#1797);
#1794=SURFACE_STYLE_FILL_AREA(#1798);
#1795=FILL_AREA_STYLE('Steel - Satin',(#1799));
#1796=FILL_AREA_STYLE('Opaque(25,25,25)',(#1800));
#1797=FILL_AREA_STYLE('Opaque(251,250,245)',(#1801));
#1798=FILL_AREA_STYLE('Paint - Enamel Glossy (Blue)',(#1802));
#1799=FILL_AREA_STYLE_COLOUR('Steel - Satin',#1803);
#1800=FILL_AREA_STYLE_COLOUR('Opaque(25,25,25)',#1804);
#1801=FILL_AREA_STYLE_COLOUR('Opaque(251,250,245)',#1805);
#1802=FILL_AREA_STYLE_COLOUR('Paint - Enamel Glossy (Blue)',#1806);
#1803=COLOUR_RGB('Steel - Satin',0.627450980392157,0.627450980392157,0.627450980392157);
#1804=COLOUR_RGB('Opaque(25,25,25)',0.0980392156862745,0.0980392156862745,
0.0980392156862745);
#1805=COLOUR_RGB('Opaque(251,250,245)',0.984313725490196,0.980392156862745,
0.96078431372549);
#1806=COLOUR_RGB('Paint - Enamel Glossy (Blue)',0.188235294117647,0.231372549019608,
0.588235294117647);
ENDSEC;
END-ISO-10303-21;
