ISO-10303-21;
HEADER;
/* Generated by software containing ST-Developer
 * from STEP Tools, Inc. (www.steptools.com) 
 */

FILE_DESCRIPTION(
/* description */ (''),
/* implementation_level */ '2;1');

FILE_NAME(
/* name */ 'Sphere Shell (Hemisphere).step',
/* time_stamp */ '2026-05-27T22:12:57+02:00',
/* author */ (''),
/* organization */ (''),
/* preprocessor_version */ 'ST-DEVELOPER v20.1',
/* originating_system */ 'Autodesk Translation Framework v15.8.0.0',
/* authorisation */ '');

FILE_SCHEMA (('AUTOMOTIVE_DESIGN { 1 0 10303 214 3 1 1 }'));
ENDSEC;

DATA;
#10=MECHANICAL_DESIGN_GEOMETRIC_PRESENTATION_REPRESENTATION('',(#13),#13813);
#11=SHAPE_REPRESENTATION_RELATIONSHIP('SRR','None',#13820,#12);
#12=ADVANCED_BREP_SHAPE_REPRESENTATION('',(#14),#13812);
#13=STYLED_ITEM('',(#13830),#14);
#14=MANIFOLD_SOLID_BREP('Rect',#7869);
#15=CYLINDRICAL_SURFACE('',#8187,0.1);
#16=CYLINDRICAL_SURFACE('',#8190,0.1);
#17=CYLINDRICAL_SURFACE('',#8192,177.);
#18=CYLINDRICAL_SURFACE('',#8194,0.1);
#19=CYLINDRICAL_SURFACE('',#8197,0.1);
#20=CYLINDRICAL_SURFACE('',#8199,176.);
#21=CYLINDRICAL_SURFACE('',#8202,2.10000000000004);
#22=CYLINDRICAL_SURFACE('',#8205,2.10000000000004);
#23=CYLINDRICAL_SURFACE('',#8208,1.10000000000003);
#24=CYLINDRICAL_SURFACE('',#8211,1.10000000000003);
#25=CYLINDRICAL_SURFACE('',#8214,1.10000000000003);
#26=CYLINDRICAL_SURFACE('',#8217,1.10000000000003);
#27=CYLINDRICAL_SURFACE('',#8220,1.10000000000003);
#28=CYLINDRICAL_SURFACE('',#8223,1.10000000000003);
#29=CYLINDRICAL_SURFACE('',#8226,1.10000000000003);
#30=CYLINDRICAL_SURFACE('',#8229,1.10000000000003);
#31=CYLINDRICAL_SURFACE('',#8232,1.10000000000003);
#32=CYLINDRICAL_SURFACE('',#8235,1.10000000000003);
#33=CYLINDRICAL_SURFACE('',#8238,1.10000000000003);
#34=CYLINDRICAL_SURFACE('',#8241,1.10000000000003);
#35=CYLINDRICAL_SURFACE('',#8244,1.10000000000003);
#36=CYLINDRICAL_SURFACE('',#8247,1.10000000000003);
#37=CYLINDRICAL_SURFACE('',#8250,1.10000000000003);
#38=CYLINDRICAL_SURFACE('',#8253,1.10000000000003);
#39=CYLINDRICAL_SURFACE('',#8256,1.10000000000003);
#40=CYLINDRICAL_SURFACE('',#8259,1.10000000000003);
#41=CYLINDRICAL_SURFACE('',#8262,1.10000000000003);
#42=CYLINDRICAL_SURFACE('',#8265,1.10000000000003);
#43=CYLINDRICAL_SURFACE('',#8268,1.10000000000003);
#44=CYLINDRICAL_SURFACE('',#8271,1.10000000000003);
#45=CYLINDRICAL_SURFACE('',#8274,1.10000000000003);
#46=CYLINDRICAL_SURFACE('',#8277,1.10000000000003);
#47=CYLINDRICAL_SURFACE('',#8280,1.10000000000003);
#48=CYLINDRICAL_SURFACE('',#8283,1.10000000000003);
#49=CYLINDRICAL_SURFACE('',#8286,1.10000000000003);
#50=CYLINDRICAL_SURFACE('',#8289,1.10000000000003);
#51=CYLINDRICAL_SURFACE('',#8292,1.10000000000003);
#52=CYLINDRICAL_SURFACE('',#8295,1.10000000000003);
#53=CYLINDRICAL_SURFACE('',#8298,0.1);
#54=CYLINDRICAL_SURFACE('',#8301,0.1);
#55=CYLINDRICAL_SURFACE('',#8303,177.);
#56=CYLINDRICAL_SURFACE('',#8305,0.1);
#57=CYLINDRICAL_SURFACE('',#8308,0.1);
#58=CYLINDRICAL_SURFACE('',#8310,176.);
#59=CYLINDRICAL_SURFACE('',#8313,2.10000000000004);
#60=CYLINDRICAL_SURFACE('',#8316,2.10000000000004);
#61=CYLINDRICAL_SURFACE('',#8319,0.1);
#62=CYLINDRICAL_SURFACE('',#8322,0.1);
#63=CYLINDRICAL_SURFACE('',#8324,177.);
#64=CYLINDRICAL_SURFACE('',#8326,0.1);
#65=CYLINDRICAL_SURFACE('',#8329,0.1);
#66=CYLINDRICAL_SURFACE('',#8331,176.);
#67=CYLINDRICAL_SURFACE('',#8334,2.10000000000004);
#68=CYLINDRICAL_SURFACE('',#8337,2.10000000000004);
#69=CYLINDRICAL_SURFACE('',#8340,0.1);
#70=CYLINDRICAL_SURFACE('',#8343,0.1);
#71=CYLINDRICAL_SURFACE('',#8345,177.);
#72=CYLINDRICAL_SURFACE('',#8347,0.1);
#73=CYLINDRICAL_SURFACE('',#8350,0.1);
#74=CYLINDRICAL_SURFACE('',#8352,176.);
#75=CYLINDRICAL_SURFACE('',#8355,2.10000000000004);
#76=CYLINDRICAL_SURFACE('',#8358,2.10000000000004);
#77=CYLINDRICAL_SURFACE('',#8361,0.1);
#78=CYLINDRICAL_SURFACE('',#8364,0.1);
#79=CYLINDRICAL_SURFACE('',#8366,177.);
#80=CYLINDRICAL_SURFACE('',#8368,0.1);
#81=CYLINDRICAL_SURFACE('',#8371,0.1);
#82=CYLINDRICAL_SURFACE('',#8373,176.);
#83=CYLINDRICAL_SURFACE('',#8376,2.10000000000004);
#84=CYLINDRICAL_SURFACE('',#8379,2.10000000000004);
#85=CYLINDRICAL_SURFACE('',#8382,0.1);
#86=CYLINDRICAL_SURFACE('',#8385,0.1);
#87=CYLINDRICAL_SURFACE('',#8387,177.);
#88=CYLINDRICAL_SURFACE('',#8389,0.1);
#89=CYLINDRICAL_SURFACE('',#8392,0.1);
#90=CYLINDRICAL_SURFACE('',#8394,176.);
#91=CYLINDRICAL_SURFACE('',#8397,2.10000000000004);
#92=CYLINDRICAL_SURFACE('',#8400,2.10000000000004);
#93=CYLINDRICAL_SURFACE('',#8403,0.1);
#94=CYLINDRICAL_SURFACE('',#8406,0.1);
#95=CYLINDRICAL_SURFACE('',#8408,177.);
#96=CYLINDRICAL_SURFACE('',#8410,0.1);
#97=CYLINDRICAL_SURFACE('',#8413,0.1);
#98=CYLINDRICAL_SURFACE('',#8415,176.);
#99=CYLINDRICAL_SURFACE('',#8418,2.10000000000004);
#100=CYLINDRICAL_SURFACE('',#8421,2.10000000000004);
#101=CYLINDRICAL_SURFACE('',#8424,0.1);
#102=CYLINDRICAL_SURFACE('',#8427,0.1);
#103=CYLINDRICAL_SURFACE('',#8429,177.);
#104=CYLINDRICAL_SURFACE('',#8431,0.1);
#105=CYLINDRICAL_SURFACE('',#8434,0.1);
#106=CYLINDRICAL_SURFACE('',#8436,176.);
#107=CYLINDRICAL_SURFACE('',#8439,2.10000000000004);
#108=CYLINDRICAL_SURFACE('',#8442,2.10000000000004);
#109=CYLINDRICAL_SURFACE('',#8445,0.1);
#110=CYLINDRICAL_SURFACE('',#8448,0.1);
#111=CYLINDRICAL_SURFACE('',#8450,177.);
#112=CYLINDRICAL_SURFACE('',#8452,0.1);
#113=CYLINDRICAL_SURFACE('',#8455,0.1);
#114=CYLINDRICAL_SURFACE('',#8457,176.);
#115=CYLINDRICAL_SURFACE('',#8460,2.10000000000004);
#116=CYLINDRICAL_SURFACE('',#8463,2.10000000000004);
#117=CYLINDRICAL_SURFACE('',#8466,0.1);
#118=CYLINDRICAL_SURFACE('',#8469,0.1);
#119=CYLINDRICAL_SURFACE('',#8471,177.);
#120=CYLINDRICAL_SURFACE('',#8473,0.1);
#121=CYLINDRICAL_SURFACE('',#8476,0.1);
#122=CYLINDRICAL_SURFACE('',#8478,176.);
#123=CYLINDRICAL_SURFACE('',#8481,2.10000000000004);
#124=CYLINDRICAL_SURFACE('',#8484,2.10000000000004);
#125=CYLINDRICAL_SURFACE('',#8487,0.1);
#126=CYLINDRICAL_SURFACE('',#8490,0.1);
#127=CYLINDRICAL_SURFACE('',#8492,177.);
#128=CYLINDRICAL_SURFACE('',#8494,0.1);
#129=CYLINDRICAL_SURFACE('',#8497,0.1);
#130=CYLINDRICAL_SURFACE('',#8499,176.);
#131=CYLINDRICAL_SURFACE('',#8502,2.10000000000004);
#132=CYLINDRICAL_SURFACE('',#8505,2.10000000000004);
#133=CYLINDRICAL_SURFACE('',#8508,0.1);
#134=CYLINDRICAL_SURFACE('',#8511,0.1);
#135=CYLINDRICAL_SURFACE('',#8513,177.);
#136=CYLINDRICAL_SURFACE('',#8515,0.1);
#137=CYLINDRICAL_SURFACE('',#8518,0.1);
#138=CYLINDRICAL_SURFACE('',#8520,176.);
#139=CYLINDRICAL_SURFACE('',#8523,2.10000000000004);
#140=CYLINDRICAL_SURFACE('',#8526,2.10000000000004);
#141=CYLINDRICAL_SURFACE('',#8529,0.1);
#142=CYLINDRICAL_SURFACE('',#8532,0.1);
#143=CYLINDRICAL_SURFACE('',#8534,177.);
#144=CYLINDRICAL_SURFACE('',#8536,0.1);
#145=CYLINDRICAL_SURFACE('',#8539,0.1);
#146=CYLINDRICAL_SURFACE('',#8541,176.);
#147=CYLINDRICAL_SURFACE('',#8544,2.10000000000004);
#148=CYLINDRICAL_SURFACE('',#8547,2.10000000000004);
#149=CYLINDRICAL_SURFACE('',#8550,0.1);
#150=CYLINDRICAL_SURFACE('',#8553,0.1);
#151=CYLINDRICAL_SURFACE('',#8555,177.);
#152=CYLINDRICAL_SURFACE('',#8557,0.1);
#153=CYLINDRICAL_SURFACE('',#8560,0.1);
#154=CYLINDRICAL_SURFACE('',#8562,176.);
#155=CYLINDRICAL_SURFACE('',#8565,2.10000000000004);
#156=CYLINDRICAL_SURFACE('',#8568,2.10000000000004);
#157=CYLINDRICAL_SURFACE('',#8571,0.1);
#158=CYLINDRICAL_SURFACE('',#8574,0.1);
#159=CYLINDRICAL_SURFACE('',#8576,177.);
#160=CYLINDRICAL_SURFACE('',#8578,0.1);
#161=CYLINDRICAL_SURFACE('',#8581,0.1);
#162=CYLINDRICAL_SURFACE('',#8583,176.);
#163=CYLINDRICAL_SURFACE('',#8586,2.10000000000004);
#164=CYLINDRICAL_SURFACE('',#8589,2.10000000000004);
#165=CYLINDRICAL_SURFACE('',#8592,0.1);
#166=CYLINDRICAL_SURFACE('',#8595,0.1);
#167=CYLINDRICAL_SURFACE('',#8597,177.);
#168=CYLINDRICAL_SURFACE('',#8599,0.1);
#169=CYLINDRICAL_SURFACE('',#8602,0.1);
#170=CYLINDRICAL_SURFACE('',#8604,176.);
#171=CYLINDRICAL_SURFACE('',#8607,2.10000000000004);
#172=CYLINDRICAL_SURFACE('',#8610,2.10000000000004);
#173=CYLINDRICAL_SURFACE('',#8613,0.1);
#174=CYLINDRICAL_SURFACE('',#8616,0.1);
#175=CYLINDRICAL_SURFACE('',#8618,177.);
#176=CYLINDRICAL_SURFACE('',#8620,0.1);
#177=CYLINDRICAL_SURFACE('',#8623,0.1);
#178=CYLINDRICAL_SURFACE('',#8625,176.);
#179=CYLINDRICAL_SURFACE('',#8628,2.10000000000004);
#180=CYLINDRICAL_SURFACE('',#8631,2.10000000000004);
#181=CYLINDRICAL_SURFACE('',#8634,0.1);
#182=CYLINDRICAL_SURFACE('',#8637,0.1);
#183=CYLINDRICAL_SURFACE('',#8639,177.);
#184=CYLINDRICAL_SURFACE('',#8641,0.1);
#185=CYLINDRICAL_SURFACE('',#8644,0.1);
#186=CYLINDRICAL_SURFACE('',#8646,176.);
#187=CYLINDRICAL_SURFACE('',#8649,2.10000000000004);
#188=CYLINDRICAL_SURFACE('',#8652,2.10000000000004);
#189=CYLINDRICAL_SURFACE('',#8655,0.1);
#190=CYLINDRICAL_SURFACE('',#8658,0.1);
#191=CYLINDRICAL_SURFACE('',#8660,177.);
#192=CYLINDRICAL_SURFACE('',#8662,0.1);
#193=CYLINDRICAL_SURFACE('',#8665,0.1);
#194=CYLINDRICAL_SURFACE('',#8667,176.);
#195=CYLINDRICAL_SURFACE('',#8670,2.10000000000004);
#196=CYLINDRICAL_SURFACE('',#8673,2.10000000000004);
#197=CYLINDRICAL_SURFACE('',#8676,0.1);
#198=CYLINDRICAL_SURFACE('',#8679,0.1);
#199=CYLINDRICAL_SURFACE('',#8681,177.);
#200=CYLINDRICAL_SURFACE('',#8683,0.1);
#201=CYLINDRICAL_SURFACE('',#8686,0.1);
#202=CYLINDRICAL_SURFACE('',#8688,176.);
#203=CYLINDRICAL_SURFACE('',#8691,2.10000000000004);
#204=CYLINDRICAL_SURFACE('',#8694,2.10000000000004);
#205=CYLINDRICAL_SURFACE('',#8697,0.1);
#206=CYLINDRICAL_SURFACE('',#8700,0.1);
#207=CYLINDRICAL_SURFACE('',#8702,177.);
#208=CYLINDRICAL_SURFACE('',#8704,0.1);
#209=CYLINDRICAL_SURFACE('',#8707,0.1);
#210=CYLINDRICAL_SURFACE('',#8709,176.);
#211=CYLINDRICAL_SURFACE('',#8712,2.10000000000004);
#212=CYLINDRICAL_SURFACE('',#8715,2.10000000000004);
#213=CYLINDRICAL_SURFACE('',#8718,0.1);
#214=CYLINDRICAL_SURFACE('',#8721,0.1);
#215=CYLINDRICAL_SURFACE('',#8723,177.);
#216=CYLINDRICAL_SURFACE('',#8725,0.1);
#217=CYLINDRICAL_SURFACE('',#8728,0.1);
#218=CYLINDRICAL_SURFACE('',#8730,176.);
#219=CYLINDRICAL_SURFACE('',#8733,2.10000000000004);
#220=CYLINDRICAL_SURFACE('',#8736,2.10000000000004);
#221=CYLINDRICAL_SURFACE('',#8739,0.1);
#222=CYLINDRICAL_SURFACE('',#8742,0.1);
#223=CYLINDRICAL_SURFACE('',#8744,177.);
#224=CYLINDRICAL_SURFACE('',#8746,0.1);
#225=CYLINDRICAL_SURFACE('',#8749,0.1);
#226=CYLINDRICAL_SURFACE('',#8751,176.);
#227=CYLINDRICAL_SURFACE('',#8754,2.10000000000004);
#228=CYLINDRICAL_SURFACE('',#8757,2.10000000000004);
#229=CYLINDRICAL_SURFACE('',#8760,0.1);
#230=CYLINDRICAL_SURFACE('',#8763,0.1);
#231=CYLINDRICAL_SURFACE('',#8765,177.);
#232=CYLINDRICAL_SURFACE('',#8767,0.1);
#233=CYLINDRICAL_SURFACE('',#8770,0.1);
#234=CYLINDRICAL_SURFACE('',#8772,176.);
#235=CYLINDRICAL_SURFACE('',#8775,2.10000000000004);
#236=CYLINDRICAL_SURFACE('',#8778,2.10000000000004);
#237=CYLINDRICAL_SURFACE('',#8781,0.1);
#238=CYLINDRICAL_SURFACE('',#8784,0.1);
#239=CYLINDRICAL_SURFACE('',#8786,177.);
#240=CYLINDRICAL_SURFACE('',#8788,0.1);
#241=CYLINDRICAL_SURFACE('',#8791,0.1);
#242=CYLINDRICAL_SURFACE('',#8793,176.);
#243=CYLINDRICAL_SURFACE('',#8796,2.10000000000004);
#244=CYLINDRICAL_SURFACE('',#8799,2.10000000000004);
#245=CYLINDRICAL_SURFACE('',#8802,0.1);
#246=CYLINDRICAL_SURFACE('',#8805,0.1);
#247=CYLINDRICAL_SURFACE('',#8807,177.);
#248=CYLINDRICAL_SURFACE('',#8809,0.1);
#249=CYLINDRICAL_SURFACE('',#8812,0.1);
#250=CYLINDRICAL_SURFACE('',#8814,176.);
#251=CYLINDRICAL_SURFACE('',#8817,2.10000000000004);
#252=CYLINDRICAL_SURFACE('',#8820,2.10000000000004);
#253=CYLINDRICAL_SURFACE('',#8823,0.1);
#254=CYLINDRICAL_SURFACE('',#8826,0.1);
#255=CYLINDRICAL_SURFACE('',#8828,177.);
#256=CYLINDRICAL_SURFACE('',#8830,0.1);
#257=CYLINDRICAL_SURFACE('',#8833,0.1);
#258=CYLINDRICAL_SURFACE('',#8835,176.);
#259=CYLINDRICAL_SURFACE('',#8838,2.10000000000004);
#260=CYLINDRICAL_SURFACE('',#8841,2.10000000000004);
#261=CYLINDRICAL_SURFACE('',#8844,0.1);
#262=CYLINDRICAL_SURFACE('',#8847,0.1);
#263=CYLINDRICAL_SURFACE('',#8849,177.);
#264=CYLINDRICAL_SURFACE('',#8851,0.1);
#265=CYLINDRICAL_SURFACE('',#8854,0.1);
#266=CYLINDRICAL_SURFACE('',#8856,176.);
#267=CYLINDRICAL_SURFACE('',#8859,2.10000000000004);
#268=CYLINDRICAL_SURFACE('',#8862,2.10000000000004);
#269=FACE_BOUND('',#799,.T.);
#270=FACE_BOUND('',#800,.T.);
#271=FACE_BOUND('',#801,.T.);
#272=FACE_BOUND('',#802,.T.);
#273=FACE_BOUND('',#803,.T.);
#274=FACE_BOUND('',#804,.T.);
#275=FACE_BOUND('',#805,.T.);
#276=FACE_BOUND('',#806,.T.);
#277=FACE_BOUND('',#807,.T.);
#278=FACE_BOUND('',#808,.T.);
#279=FACE_BOUND('',#809,.T.);
#280=FACE_BOUND('',#810,.T.);
#281=FACE_BOUND('',#811,.T.);
#282=FACE_BOUND('',#812,.T.);
#283=FACE_BOUND('',#813,.T.);
#284=FACE_BOUND('',#814,.T.);
#285=FACE_BOUND('',#815,.T.);
#286=FACE_BOUND('',#816,.T.);
#287=FACE_BOUND('',#817,.T.);
#288=FACE_BOUND('',#818,.T.);
#289=FACE_BOUND('',#819,.T.);
#290=FACE_BOUND('',#820,.T.);
#291=FACE_BOUND('',#821,.T.);
#292=FACE_BOUND('',#822,.T.);
#293=FACE_BOUND('',#823,.T.);
#294=FACE_BOUND('',#824,.T.);
#295=FACE_BOUND('',#825,.T.);
#296=FACE_BOUND('',#826,.T.);
#297=FACE_BOUND('',#827,.T.);
#298=FACE_BOUND('',#830,.T.);
#299=FACE_BOUND('',#831,.T.);
#300=FACE_BOUND('',#832,.T.);
#301=FACE_BOUND('',#833,.T.);
#302=FACE_BOUND('',#834,.T.);
#303=FACE_BOUND('',#835,.T.);
#304=FACE_BOUND('',#836,.T.);
#305=FACE_BOUND('',#837,.T.);
#306=FACE_BOUND('',#838,.T.);
#307=FACE_BOUND('',#839,.T.);
#308=FACE_BOUND('',#840,.T.);
#309=FACE_BOUND('',#841,.T.);
#310=FACE_BOUND('',#842,.T.);
#311=FACE_BOUND('',#843,.T.);
#312=FACE_BOUND('',#844,.T.);
#313=FACE_BOUND('',#845,.T.);
#314=FACE_BOUND('',#846,.T.);
#315=FACE_BOUND('',#847,.T.);
#316=FACE_BOUND('',#848,.T.);
#317=FACE_BOUND('',#849,.T.);
#318=FACE_BOUND('',#850,.T.);
#319=FACE_BOUND('',#851,.T.);
#320=FACE_BOUND('',#852,.T.);
#321=FACE_BOUND('',#853,.T.);
#322=FACE_BOUND('',#854,.T.);
#323=FACE_BOUND('',#855,.T.);
#324=FACE_BOUND('',#856,.T.);
#325=FACE_BOUND('',#857,.T.);
#326=FACE_BOUND('',#858,.T.);
#327=SPHERICAL_SURFACE('',#7904,174.5);
#328=SPHERICAL_SURFACE('',#7917,178.5);
#329=(
BOUNDED_CURVE()
B_SPLINE_CURVE(2,(#11479,#11480,#11481),.UNSPECIFIED.,.F.,.F.)
B_SPLINE_CURVE_WITH_KNOTS((3,3),(0.28365426311909,0.354057236380254),
 .UNSPECIFIED.)
CURVE()
GEOMETRIC_REPRESENTATION_ITEM()
RATIONAL_B_SPLINE_CURVE((1.0000082910826,1.00000517446444,1.))
REPRESENTATION_ITEM('')
);
#330=(
BOUNDED_CURVE()
B_SPLINE_CURVE(2,(#11485,#11486,#11487),.UNSPECIFIED.,.F.,.F.)
B_SPLINE_CURVE_WITH_KNOTS((3,3),(0.,0.0704029730616987),.UNSPECIFIED.)
CURVE()
GEOMETRIC_REPRESENTATION_ITEM()
RATIONAL_B_SPLINE_CURVE((1.,1.00000517587999,1.00000829335076))
REPRESENTATION_ITEM('')
);
#331=(
BOUNDED_CURVE()
B_SPLINE_CURVE(2,(#11505,#11506,#11507),.UNSPECIFIED.,.F.,.F.)
B_SPLINE_CURVE_WITH_KNOTS((3,3),(0.282436434427805,0.353540217175696),
 .UNSPECIFIED.)
CURVE()
GEOMETRIC_REPRESENTATION_ITEM()
RATIONAL_B_SPLINE_CURVE((1.00000781341816,1.00000489022877,1.))
REPRESENTATION_ITEM('')
);
#332=(
BOUNDED_CURVE()
B_SPLINE_CURVE(2,(#11513,#11514,#11515),.UNSPECIFIED.,.F.,.F.)
B_SPLINE_CURVE_WITH_KNOTS((3,3),(0.,0.0711037827143012),.UNSPECIFIED.)
CURVE()
GEOMETRIC_REPRESENTATION_ITEM()
RATIONAL_B_SPLINE_CURVE((1.,1.00000489042847,1.00000781373724))
REPRESENTATION_ITEM('')
);
#333=(
BOUNDED_CURVE()
B_SPLINE_CURVE(2,(#11530,#11531,#11532),.UNSPECIFIED.,.F.,.F.)
B_SPLINE_CURVE_WITH_KNOTS((3,3),(0.282436434552794,0.353540217175697),
 .UNSPECIFIED.)
CURVE()
GEOMETRIC_REPRESENTATION_ITEM()
RATIONAL_B_SPLINE_CURVE((1.00000781479529,1.00000489109068,1.))
REPRESENTATION_ITEM('')
);
#334=(
BOUNDED_CURVE()
B_SPLINE_CURVE(2,(#11535,#11536,#11537),.UNSPECIFIED.,.F.,.F.)
B_SPLINE_CURVE_WITH_KNOTS((3,3),(0.,0.071103782589755),.UNSPECIFIED.)
CURVE()
GEOMETRIC_REPRESENTATION_ITEM()
RATIONAL_B_SPLINE_CURVE((1.,1.00000489128776,1.00000781511018))
REPRESENTATION_ITEM('')
);
#335=(
BOUNDED_CURVE()
B_SPLINE_CURVE(2,(#11541,#11542,#11543),.UNSPECIFIED.,.F.,.F.)
B_SPLINE_CURVE_WITH_KNOTS((3,3),(0.283654305916707,0.354057236380243),
 .UNSPECIFIED.)
CURVE()
GEOMETRIC_REPRESENTATION_ITEM()
RATIONAL_B_SPLINE_CURVE((1.00000829379206,1.00000517615463,1.))
REPRESENTATION_ITEM('')
);
#336=(
BOUNDED_CURVE()
B_SPLINE_CURVE(2,(#11547,#11548,#11549),.UNSPECIFIED.,.F.,.F.)
B_SPLINE_CURVE_WITH_KNOTS((3,3),(0.,0.0704029301314655),.UNSPECIFIED.)
CURVE()
GEOMETRIC_REPRESENTATION_ITEM()
RATIONAL_B_SPLINE_CURVE((1.,1.00000517833586,1.00000829728708))
REPRESENTATION_ITEM('')
);
#337=CONICAL_SURFACE('',#7901,174.749641833811,0.786114496020747);
#338=CONICAL_SURFACE('',#7914,178.249649859944,0.784697883056454);
#339=CONICAL_SURFACE('',#7924,178.249649859944,0.784697883056454);
#340=CONICAL_SURFACE('',#7927,174.749641833811,0.786114496020704);
#341=FACE_OUTER_BOUND('',#783,.T.);
#342=FACE_OUTER_BOUND('',#784,.T.);
#343=FACE_OUTER_BOUND('',#785,.T.);
#344=FACE_OUTER_BOUND('',#786,.T.);
#345=FACE_OUTER_BOUND('',#787,.T.);
#346=FACE_OUTER_BOUND('',#788,.T.);
#347=FACE_OUTER_BOUND('',#789,.T.);
#348=FACE_OUTER_BOUND('',#790,.T.);
#349=FACE_OUTER_BOUND('',#791,.T.);
#350=FACE_OUTER_BOUND('',#792,.T.);
#351=FACE_OUTER_BOUND('',#793,.T.);
#352=FACE_OUTER_BOUND('',#794,.T.);
#353=FACE_OUTER_BOUND('',#795,.T.);
#354=FACE_OUTER_BOUND('',#796,.T.);
#355=FACE_OUTER_BOUND('',#797,.T.);
#356=FACE_OUTER_BOUND('',#798,.T.);
#357=FACE_OUTER_BOUND('',#828,.T.);
#358=FACE_OUTER_BOUND('',#829,.T.);
#359=FACE_OUTER_BOUND('',#859,.T.);
#360=FACE_OUTER_BOUND('',#860,.T.);
#361=FACE_OUTER_BOUND('',#861,.T.);
#362=FACE_OUTER_BOUND('',#862,.T.);
#363=FACE_OUTER_BOUND('',#863,.T.);
#364=FACE_OUTER_BOUND('',#864,.T.);
#365=FACE_OUTER_BOUND('',#865,.T.);
#366=FACE_OUTER_BOUND('',#866,.T.);
#367=FACE_OUTER_BOUND('',#867,.T.);
#368=FACE_OUTER_BOUND('',#868,.T.);
#369=FACE_OUTER_BOUND('',#869,.T.);
#370=FACE_OUTER_BOUND('',#870,.T.);
#371=FACE_OUTER_BOUND('',#871,.T.);
#372=FACE_OUTER_BOUND('',#872,.T.);
#373=FACE_OUTER_BOUND('',#873,.T.);
#374=FACE_OUTER_BOUND('',#874,.T.);
#375=FACE_OUTER_BOUND('',#875,.T.);
#376=FACE_OUTER_BOUND('',#876,.T.);
#377=FACE_OUTER_BOUND('',#877,.T.);
#378=FACE_OUTER_BOUND('',#878,.T.);
#379=FACE_OUTER_BOUND('',#879,.T.);
#380=FACE_OUTER_BOUND('',#880,.T.);
#381=FACE_OUTER_BOUND('',#881,.T.);
#382=FACE_OUTER_BOUND('',#882,.T.);
#383=FACE_OUTER_BOUND('',#883,.T.);
#384=FACE_OUTER_BOUND('',#884,.T.);
#385=FACE_OUTER_BOUND('',#885,.T.);
#386=FACE_OUTER_BOUND('',#886,.T.);
#387=FACE_OUTER_BOUND('',#887,.T.);
#388=FACE_OUTER_BOUND('',#888,.T.);
#389=FACE_OUTER_BOUND('',#889,.T.);
#390=FACE_OUTER_BOUND('',#890,.T.);
#391=FACE_OUTER_BOUND('',#891,.T.);
#392=FACE_OUTER_BOUND('',#892,.T.);
#393=FACE_OUTER_BOUND('',#893,.T.);
#394=FACE_OUTER_BOUND('',#894,.T.);
#395=FACE_OUTER_BOUND('',#895,.T.);
#396=FACE_OUTER_BOUND('',#896,.T.);
#397=FACE_OUTER_BOUND('',#897,.T.);
#398=FACE_OUTER_BOUND('',#898,.T.);
#399=FACE_OUTER_BOUND('',#899,.T.);
#400=FACE_OUTER_BOUND('',#900,.T.);
#401=FACE_OUTER_BOUND('',#901,.T.);
#402=FACE_OUTER_BOUND('',#902,.T.);
#403=FACE_OUTER_BOUND('',#903,.T.);
#404=FACE_OUTER_BOUND('',#904,.T.);
#405=FACE_OUTER_BOUND('',#905,.T.);
#406=FACE_OUTER_BOUND('',#906,.T.);
#407=FACE_OUTER_BOUND('',#907,.T.);
#408=FACE_OUTER_BOUND('',#908,.T.);
#409=FACE_OUTER_BOUND('',#909,.T.);
#410=FACE_OUTER_BOUND('',#910,.T.);
#411=FACE_OUTER_BOUND('',#911,.T.);
#412=FACE_OUTER_BOUND('',#912,.T.);
#413=FACE_OUTER_BOUND('',#913,.T.);
#414=FACE_OUTER_BOUND('',#914,.T.);
#415=FACE_OUTER_BOUND('',#915,.T.);
#416=FACE_OUTER_BOUND('',#916,.T.);
#417=FACE_OUTER_BOUND('',#917,.T.);
#418=FACE_OUTER_BOUND('',#918,.T.);
#419=FACE_OUTER_BOUND('',#919,.T.);
#420=FACE_OUTER_BOUND('',#920,.T.);
#421=FACE_OUTER_BOUND('',#921,.T.);
#422=FACE_OUTER_BOUND('',#922,.T.);
#423=FACE_OUTER_BOUND('',#923,.T.);
#424=FACE_OUTER_BOUND('',#924,.T.);
#425=FACE_OUTER_BOUND('',#925,.T.);
#426=FACE_OUTER_BOUND('',#926,.T.);
#427=FACE_OUTER_BOUND('',#927,.T.);
#428=FACE_OUTER_BOUND('',#928,.T.);
#429=FACE_OUTER_BOUND('',#929,.T.);
#430=FACE_OUTER_BOUND('',#930,.T.);
#431=FACE_OUTER_BOUND('',#931,.T.);
#432=FACE_OUTER_BOUND('',#932,.T.);
#433=FACE_OUTER_BOUND('',#933,.T.);
#434=FACE_OUTER_BOUND('',#934,.T.);
#435=FACE_OUTER_BOUND('',#935,.T.);
#436=FACE_OUTER_BOUND('',#936,.T.);
#437=FACE_OUTER_BOUND('',#937,.T.);
#438=FACE_OUTER_BOUND('',#938,.T.);
#439=FACE_OUTER_BOUND('',#939,.T.);
#440=FACE_OUTER_BOUND('',#940,.T.);
#441=FACE_OUTER_BOUND('',#941,.T.);
#442=FACE_OUTER_BOUND('',#942,.T.);
#443=FACE_OUTER_BOUND('',#943,.T.);
#444=FACE_OUTER_BOUND('',#944,.T.);
#445=FACE_OUTER_BOUND('',#945,.T.);
#446=FACE_OUTER_BOUND('',#946,.T.);
#447=FACE_OUTER_BOUND('',#947,.T.);
#448=FACE_OUTER_BOUND('',#948,.T.);
#449=FACE_OUTER_BOUND('',#949,.T.);
#450=FACE_OUTER_BOUND('',#950,.T.);
#451=FACE_OUTER_BOUND('',#951,.T.);
#452=FACE_OUTER_BOUND('',#952,.T.);
#453=FACE_OUTER_BOUND('',#953,.T.);
#454=FACE_OUTER_BOUND('',#954,.T.);
#455=FACE_OUTER_BOUND('',#955,.T.);
#456=FACE_OUTER_BOUND('',#956,.T.);
#457=FACE_OUTER_BOUND('',#957,.T.);
#458=FACE_OUTER_BOUND('',#958,.T.);
#459=FACE_OUTER_BOUND('',#959,.T.);
#460=FACE_OUTER_BOUND('',#960,.T.);
#461=FACE_OUTER_BOUND('',#961,.T.);
#462=FACE_OUTER_BOUND('',#962,.T.);
#463=FACE_OUTER_BOUND('',#963,.T.);
#464=FACE_OUTER_BOUND('',#964,.T.);
#465=FACE_OUTER_BOUND('',#965,.T.);
#466=FACE_OUTER_BOUND('',#966,.T.);
#467=FACE_OUTER_BOUND('',#967,.T.);
#468=FACE_OUTER_BOUND('',#968,.T.);
#469=FACE_OUTER_BOUND('',#969,.T.);
#470=FACE_OUTER_BOUND('',#970,.T.);
#471=FACE_OUTER_BOUND('',#971,.T.);
#472=FACE_OUTER_BOUND('',#972,.T.);
#473=FACE_OUTER_BOUND('',#973,.T.);
#474=FACE_OUTER_BOUND('',#974,.T.);
#475=FACE_OUTER_BOUND('',#975,.T.);
#476=FACE_OUTER_BOUND('',#976,.T.);
#477=FACE_OUTER_BOUND('',#977,.T.);
#478=FACE_OUTER_BOUND('',#978,.T.);
#479=FACE_OUTER_BOUND('',#979,.T.);
#480=FACE_OUTER_BOUND('',#980,.T.);
#481=FACE_OUTER_BOUND('',#981,.T.);
#482=FACE_OUTER_BOUND('',#982,.T.);
#483=FACE_OUTER_BOUND('',#983,.T.);
#484=FACE_OUTER_BOUND('',#984,.T.);
#485=FACE_OUTER_BOUND('',#985,.T.);
#486=FACE_OUTER_BOUND('',#986,.T.);
#487=FACE_OUTER_BOUND('',#987,.T.);
#488=FACE_OUTER_BOUND('',#988,.T.);
#489=FACE_OUTER_BOUND('',#989,.T.);
#490=FACE_OUTER_BOUND('',#990,.T.);
#491=FACE_OUTER_BOUND('',#991,.T.);
#492=FACE_OUTER_BOUND('',#992,.T.);
#493=FACE_OUTER_BOUND('',#993,.T.);
#494=FACE_OUTER_BOUND('',#994,.T.);
#495=FACE_OUTER_BOUND('',#995,.T.);
#496=FACE_OUTER_BOUND('',#996,.T.);
#497=FACE_OUTER_BOUND('',#997,.T.);
#498=FACE_OUTER_BOUND('',#998,.T.);
#499=FACE_OUTER_BOUND('',#999,.T.);
#500=FACE_OUTER_BOUND('',#1000,.T.);
#501=FACE_OUTER_BOUND('',#1001,.T.);
#502=FACE_OUTER_BOUND('',#1002,.T.);
#503=FACE_OUTER_BOUND('',#1003,.T.);
#504=FACE_OUTER_BOUND('',#1004,.T.);
#505=FACE_OUTER_BOUND('',#1005,.T.);
#506=FACE_OUTER_BOUND('',#1006,.T.);
#507=FACE_OUTER_BOUND('',#1007,.T.);
#508=FACE_OUTER_BOUND('',#1008,.T.);
#509=FACE_OUTER_BOUND('',#1009,.T.);
#510=FACE_OUTER_BOUND('',#1010,.T.);
#511=FACE_OUTER_BOUND('',#1011,.T.);
#512=FACE_OUTER_BOUND('',#1012,.T.);
#513=FACE_OUTER_BOUND('',#1013,.T.);
#514=FACE_OUTER_BOUND('',#1014,.T.);
#515=FACE_OUTER_BOUND('',#1015,.T.);
#516=FACE_OUTER_BOUND('',#1016,.T.);
#517=FACE_OUTER_BOUND('',#1017,.T.);
#518=FACE_OUTER_BOUND('',#1018,.T.);
#519=FACE_OUTER_BOUND('',#1019,.T.);
#520=FACE_OUTER_BOUND('',#1020,.T.);
#521=FACE_OUTER_BOUND('',#1021,.T.);
#522=FACE_OUTER_BOUND('',#1022,.T.);
#523=FACE_OUTER_BOUND('',#1023,.T.);
#524=FACE_OUTER_BOUND('',#1024,.T.);
#525=FACE_OUTER_BOUND('',#1025,.T.);
#526=FACE_OUTER_BOUND('',#1026,.T.);
#527=FACE_OUTER_BOUND('',#1027,.T.);
#528=FACE_OUTER_BOUND('',#1028,.T.);
#529=FACE_OUTER_BOUND('',#1029,.T.);
#530=FACE_OUTER_BOUND('',#1030,.T.);
#531=FACE_OUTER_BOUND('',#1031,.T.);
#532=FACE_OUTER_BOUND('',#1032,.T.);
#533=FACE_OUTER_BOUND('',#1033,.T.);
#534=FACE_OUTER_BOUND('',#1034,.T.);
#535=FACE_OUTER_BOUND('',#1035,.T.);
#536=FACE_OUTER_BOUND('',#1036,.T.);
#537=FACE_OUTER_BOUND('',#1037,.T.);
#538=FACE_OUTER_BOUND('',#1038,.T.);
#539=FACE_OUTER_BOUND('',#1039,.T.);
#540=FACE_OUTER_BOUND('',#1040,.T.);
#541=FACE_OUTER_BOUND('',#1041,.T.);
#542=FACE_OUTER_BOUND('',#1042,.T.);
#543=FACE_OUTER_BOUND('',#1043,.T.);
#544=FACE_OUTER_BOUND('',#1044,.T.);
#545=FACE_OUTER_BOUND('',#1045,.T.);
#546=FACE_OUTER_BOUND('',#1046,.T.);
#547=FACE_OUTER_BOUND('',#1047,.T.);
#548=FACE_OUTER_BOUND('',#1048,.T.);
#549=FACE_OUTER_BOUND('',#1049,.T.);
#550=FACE_OUTER_BOUND('',#1050,.T.);
#551=FACE_OUTER_BOUND('',#1051,.T.);
#552=FACE_OUTER_BOUND('',#1052,.T.);
#553=FACE_OUTER_BOUND('',#1053,.T.);
#554=FACE_OUTER_BOUND('',#1054,.T.);
#555=FACE_OUTER_BOUND('',#1055,.T.);
#556=FACE_OUTER_BOUND('',#1056,.T.);
#557=FACE_OUTER_BOUND('',#1057,.T.);
#558=FACE_OUTER_BOUND('',#1058,.T.);
#559=FACE_OUTER_BOUND('',#1059,.T.);
#560=FACE_OUTER_BOUND('',#1060,.T.);
#561=FACE_OUTER_BOUND('',#1061,.T.);
#562=FACE_OUTER_BOUND('',#1062,.T.);
#563=FACE_OUTER_BOUND('',#1063,.T.);
#564=FACE_OUTER_BOUND('',#1064,.T.);
#565=FACE_OUTER_BOUND('',#1065,.T.);
#566=FACE_OUTER_BOUND('',#1066,.T.);
#567=FACE_OUTER_BOUND('',#1067,.T.);
#568=FACE_OUTER_BOUND('',#1068,.T.);
#569=FACE_OUTER_BOUND('',#1069,.T.);
#570=FACE_OUTER_BOUND('',#1070,.T.);
#571=FACE_OUTER_BOUND('',#1071,.T.);
#572=FACE_OUTER_BOUND('',#1072,.T.);
#573=FACE_OUTER_BOUND('',#1073,.T.);
#574=FACE_OUTER_BOUND('',#1074,.T.);
#575=FACE_OUTER_BOUND('',#1075,.T.);
#576=FACE_OUTER_BOUND('',#1076,.T.);
#577=FACE_OUTER_BOUND('',#1077,.T.);
#578=FACE_OUTER_BOUND('',#1078,.T.);
#579=FACE_OUTER_BOUND('',#1079,.T.);
#580=FACE_OUTER_BOUND('',#1080,.T.);
#581=FACE_OUTER_BOUND('',#1081,.T.);
#582=FACE_OUTER_BOUND('',#1082,.T.);
#583=FACE_OUTER_BOUND('',#1083,.T.);
#584=FACE_OUTER_BOUND('',#1084,.T.);
#585=FACE_OUTER_BOUND('',#1085,.T.);
#586=FACE_OUTER_BOUND('',#1086,.T.);
#587=FACE_OUTER_BOUND('',#1087,.T.);
#588=FACE_OUTER_BOUND('',#1088,.T.);
#589=FACE_OUTER_BOUND('',#1089,.T.);
#590=FACE_OUTER_BOUND('',#1090,.T.);
#591=FACE_OUTER_BOUND('',#1091,.T.);
#592=FACE_OUTER_BOUND('',#1092,.T.);
#593=FACE_OUTER_BOUND('',#1093,.T.);
#594=FACE_OUTER_BOUND('',#1094,.T.);
#595=FACE_OUTER_BOUND('',#1095,.T.);
#596=FACE_OUTER_BOUND('',#1096,.T.);
#597=FACE_OUTER_BOUND('',#1097,.T.);
#598=FACE_OUTER_BOUND('',#1098,.T.);
#599=FACE_OUTER_BOUND('',#1099,.T.);
#600=FACE_OUTER_BOUND('',#1100,.T.);
#601=FACE_OUTER_BOUND('',#1101,.T.);
#602=FACE_OUTER_BOUND('',#1102,.T.);
#603=FACE_OUTER_BOUND('',#1103,.T.);
#604=FACE_OUTER_BOUND('',#1104,.T.);
#605=FACE_OUTER_BOUND('',#1105,.T.);
#606=FACE_OUTER_BOUND('',#1106,.T.);
#607=FACE_OUTER_BOUND('',#1107,.T.);
#608=FACE_OUTER_BOUND('',#1108,.T.);
#609=FACE_OUTER_BOUND('',#1109,.T.);
#610=FACE_OUTER_BOUND('',#1110,.T.);
#611=FACE_OUTER_BOUND('',#1111,.T.);
#612=FACE_OUTER_BOUND('',#1112,.T.);
#613=FACE_OUTER_BOUND('',#1113,.T.);
#614=FACE_OUTER_BOUND('',#1114,.T.);
#615=FACE_OUTER_BOUND('',#1115,.T.);
#616=FACE_OUTER_BOUND('',#1116,.T.);
#617=FACE_OUTER_BOUND('',#1117,.T.);
#618=FACE_OUTER_BOUND('',#1118,.T.);
#619=FACE_OUTER_BOUND('',#1119,.T.);
#620=FACE_OUTER_BOUND('',#1120,.T.);
#621=FACE_OUTER_BOUND('',#1121,.T.);
#622=FACE_OUTER_BOUND('',#1122,.T.);
#623=FACE_OUTER_BOUND('',#1123,.T.);
#624=FACE_OUTER_BOUND('',#1124,.T.);
#625=FACE_OUTER_BOUND('',#1125,.T.);
#626=FACE_OUTER_BOUND('',#1126,.T.);
#627=FACE_OUTER_BOUND('',#1127,.T.);
#628=FACE_OUTER_BOUND('',#1128,.T.);
#629=FACE_OUTER_BOUND('',#1129,.T.);
#630=FACE_OUTER_BOUND('',#1130,.T.);
#631=FACE_OUTER_BOUND('',#1131,.T.);
#632=FACE_OUTER_BOUND('',#1132,.T.);
#633=FACE_OUTER_BOUND('',#1133,.T.);
#634=FACE_OUTER_BOUND('',#1134,.T.);
#635=FACE_OUTER_BOUND('',#1135,.T.);
#636=FACE_OUTER_BOUND('',#1136,.T.);
#637=FACE_OUTER_BOUND('',#1137,.T.);
#638=FACE_OUTER_BOUND('',#1138,.T.);
#639=FACE_OUTER_BOUND('',#1139,.T.);
#640=FACE_OUTER_BOUND('',#1140,.T.);
#641=FACE_OUTER_BOUND('',#1141,.T.);
#642=FACE_OUTER_BOUND('',#1142,.T.);
#643=FACE_OUTER_BOUND('',#1143,.T.);
#644=FACE_OUTER_BOUND('',#1144,.T.);
#645=FACE_OUTER_BOUND('',#1145,.T.);
#646=FACE_OUTER_BOUND('',#1146,.T.);
#647=FACE_OUTER_BOUND('',#1147,.T.);
#648=FACE_OUTER_BOUND('',#1148,.T.);
#649=FACE_OUTER_BOUND('',#1149,.T.);
#650=FACE_OUTER_BOUND('',#1150,.T.);
#651=FACE_OUTER_BOUND('',#1151,.T.);
#652=FACE_OUTER_BOUND('',#1152,.T.);
#653=FACE_OUTER_BOUND('',#1153,.T.);
#654=FACE_OUTER_BOUND('',#1154,.T.);
#655=FACE_OUTER_BOUND('',#1155,.T.);
#656=FACE_OUTER_BOUND('',#1156,.T.);
#657=FACE_OUTER_BOUND('',#1157,.T.);
#658=FACE_OUTER_BOUND('',#1158,.T.);
#659=FACE_OUTER_BOUND('',#1159,.T.);
#660=FACE_OUTER_BOUND('',#1160,.T.);
#661=FACE_OUTER_BOUND('',#1161,.T.);
#662=FACE_OUTER_BOUND('',#1162,.T.);
#663=FACE_OUTER_BOUND('',#1163,.T.);
#664=FACE_OUTER_BOUND('',#1164,.T.);
#665=FACE_OUTER_BOUND('',#1165,.T.);
#666=FACE_OUTER_BOUND('',#1166,.T.);
#667=FACE_OUTER_BOUND('',#1167,.T.);
#668=FACE_OUTER_BOUND('',#1168,.T.);
#669=FACE_OUTER_BOUND('',#1169,.T.);
#670=FACE_OUTER_BOUND('',#1170,.T.);
#671=FACE_OUTER_BOUND('',#1171,.T.);
#672=FACE_OUTER_BOUND('',#1172,.T.);
#673=FACE_OUTER_BOUND('',#1173,.T.);
#674=FACE_OUTER_BOUND('',#1174,.T.);
#675=FACE_OUTER_BOUND('',#1175,.T.);
#676=FACE_OUTER_BOUND('',#1176,.T.);
#677=FACE_OUTER_BOUND('',#1177,.T.);
#678=FACE_OUTER_BOUND('',#1178,.T.);
#679=FACE_OUTER_BOUND('',#1179,.T.);
#680=FACE_OUTER_BOUND('',#1180,.T.);
#681=FACE_OUTER_BOUND('',#1181,.T.);
#682=FACE_OUTER_BOUND('',#1182,.T.);
#683=FACE_OUTER_BOUND('',#1183,.T.);
#684=FACE_OUTER_BOUND('',#1184,.T.);
#685=FACE_OUTER_BOUND('',#1185,.T.);
#686=FACE_OUTER_BOUND('',#1186,.T.);
#687=FACE_OUTER_BOUND('',#1187,.T.);
#688=FACE_OUTER_BOUND('',#1188,.T.);
#689=FACE_OUTER_BOUND('',#1189,.T.);
#690=FACE_OUTER_BOUND('',#1190,.T.);
#691=FACE_OUTER_BOUND('',#1191,.T.);
#692=FACE_OUTER_BOUND('',#1192,.T.);
#693=FACE_OUTER_BOUND('',#1193,.T.);
#694=FACE_OUTER_BOUND('',#1194,.T.);
#695=FACE_OUTER_BOUND('',#1195,.T.);
#696=FACE_OUTER_BOUND('',#1196,.T.);
#697=FACE_OUTER_BOUND('',#1197,.T.);
#698=FACE_OUTER_BOUND('',#1198,.T.);
#699=FACE_OUTER_BOUND('',#1199,.T.);
#700=FACE_OUTER_BOUND('',#1200,.T.);
#701=FACE_OUTER_BOUND('',#1201,.T.);
#702=FACE_OUTER_BOUND('',#1202,.T.);
#703=FACE_OUTER_BOUND('',#1203,.T.);
#704=FACE_OUTER_BOUND('',#1204,.T.);
#705=FACE_OUTER_BOUND('',#1205,.T.);
#706=FACE_OUTER_BOUND('',#1206,.T.);
#707=FACE_OUTER_BOUND('',#1207,.T.);
#708=FACE_OUTER_BOUND('',#1208,.T.);
#709=FACE_OUTER_BOUND('',#1209,.T.);
#710=FACE_OUTER_BOUND('',#1210,.T.);
#711=FACE_OUTER_BOUND('',#1211,.T.);
#712=FACE_OUTER_BOUND('',#1212,.T.);
#713=FACE_OUTER_BOUND('',#1213,.T.);
#714=FACE_OUTER_BOUND('',#1214,.T.);
#715=FACE_OUTER_BOUND('',#1215,.T.);
#716=FACE_OUTER_BOUND('',#1216,.T.);
#717=FACE_OUTER_BOUND('',#1217,.T.);
#718=FACE_OUTER_BOUND('',#1218,.T.);
#719=FACE_OUTER_BOUND('',#1219,.T.);
#720=FACE_OUTER_BOUND('',#1220,.T.);
#721=FACE_OUTER_BOUND('',#1221,.T.);
#722=FACE_OUTER_BOUND('',#1222,.T.);
#723=FACE_OUTER_BOUND('',#1223,.T.);
#724=FACE_OUTER_BOUND('',#1224,.T.);
#725=FACE_OUTER_BOUND('',#1225,.T.);
#726=FACE_OUTER_BOUND('',#1226,.T.);
#727=FACE_OUTER_BOUND('',#1227,.T.);
#728=FACE_OUTER_BOUND('',#1228,.T.);
#729=FACE_OUTER_BOUND('',#1229,.T.);
#730=FACE_OUTER_BOUND('',#1230,.T.);
#731=FACE_OUTER_BOUND('',#1231,.T.);
#732=FACE_OUTER_BOUND('',#1232,.T.);
#733=FACE_OUTER_BOUND('',#1233,.T.);
#734=FACE_OUTER_BOUND('',#1234,.T.);
#735=FACE_OUTER_BOUND('',#1235,.T.);
#736=FACE_OUTER_BOUND('',#1236,.T.);
#737=FACE_OUTER_BOUND('',#1237,.T.);
#738=FACE_OUTER_BOUND('',#1238,.T.);
#739=FACE_OUTER_BOUND('',#1239,.T.);
#740=FACE_OUTER_BOUND('',#1240,.T.);
#741=FACE_OUTER_BOUND('',#1241,.T.);
#742=FACE_OUTER_BOUND('',#1242,.T.);
#743=FACE_OUTER_BOUND('',#1243,.T.);
#744=FACE_OUTER_BOUND('',#1244,.T.);
#745=FACE_OUTER_BOUND('',#1245,.T.);
#746=FACE_OUTER_BOUND('',#1246,.T.);
#747=FACE_OUTER_BOUND('',#1247,.T.);
#748=FACE_OUTER_BOUND('',#1248,.T.);
#749=FACE_OUTER_BOUND('',#1249,.T.);
#750=FACE_OUTER_BOUND('',#1250,.T.);
#751=FACE_OUTER_BOUND('',#1251,.T.);
#752=FACE_OUTER_BOUND('',#1252,.T.);
#753=FACE_OUTER_BOUND('',#1253,.T.);
#754=FACE_OUTER_BOUND('',#1254,.T.);
#755=FACE_OUTER_BOUND('',#1255,.T.);
#756=FACE_OUTER_BOUND('',#1256,.T.);
#757=FACE_OUTER_BOUND('',#1257,.T.);
#758=FACE_OUTER_BOUND('',#1258,.T.);
#759=FACE_OUTER_BOUND('',#1259,.T.);
#760=FACE_OUTER_BOUND('',#1260,.T.);
#761=FACE_OUTER_BOUND('',#1261,.T.);
#762=FACE_OUTER_BOUND('',#1262,.T.);
#763=FACE_OUTER_BOUND('',#1263,.T.);
#764=FACE_OUTER_BOUND('',#1264,.T.);
#765=FACE_OUTER_BOUND('',#1265,.T.);
#766=FACE_OUTER_BOUND('',#1266,.T.);
#767=FACE_OUTER_BOUND('',#1267,.T.);
#768=FACE_OUTER_BOUND('',#1268,.T.);
#769=FACE_OUTER_BOUND('',#1269,.T.);
#770=FACE_OUTER_BOUND('',#1270,.T.);
#771=FACE_OUTER_BOUND('',#1271,.T.);
#772=FACE_OUTER_BOUND('',#1272,.T.);
#773=FACE_OUTER_BOUND('',#1273,.T.);
#774=FACE_OUTER_BOUND('',#1274,.T.);
#775=FACE_OUTER_BOUND('',#1275,.T.);
#776=FACE_OUTER_BOUND('',#1276,.T.);
#777=FACE_OUTER_BOUND('',#1277,.T.);
#778=FACE_OUTER_BOUND('',#1278,.T.);
#779=FACE_OUTER_BOUND('',#1279,.T.);
#780=FACE_OUTER_BOUND('',#1280,.T.);
#781=FACE_OUTER_BOUND('',#1281,.T.);
#782=FACE_OUTER_BOUND('',#1282,.T.);
#783=EDGE_LOOP('',(#4945,#4946,#4947,#4948));
#784=EDGE_LOOP('',(#4949,#4950,#4951,#4952));
#785=EDGE_LOOP('',(#4953,#4954,#4955,#4956));
#786=EDGE_LOOP('',(#4957,#4958,#4959,#4960));
#787=EDGE_LOOP('',(#4961,#4962,#4963,#4964));
#788=EDGE_LOOP('',(#4965,#4966,#4967,#4968));
#789=EDGE_LOOP('',(#4969,#4970,#4971,#4972));
#790=EDGE_LOOP('',(#4973,#4974,#4975,#4976,#4977,#4978,#4979,#4980,#4981,
#4982,#4983,#4984,#4985,#4986,#4987));
#791=EDGE_LOOP('',(#4988,#4989,#4990,#4991,#4992,#4993));
#792=EDGE_LOOP('',(#4994,#4995,#4996,#4997));
#793=EDGE_LOOP('',(#4998,#4999,#5000,#5001,#5002,#5003,#5004,#5005,#5006,
#5007,#5008,#5009,#5010,#5011,#5012));
#794=EDGE_LOOP('',(#5013,#5014,#5015,#5016,#5017));
#795=EDGE_LOOP('',(#5018,#5019,#5020,#5021,#5022,#5023));
#796=EDGE_LOOP('',(#5024,#5025,#5026,#5027,#5028));
#797=EDGE_LOOP('',(#5029,#5030,#5031,#5032,#5033,#5034));
#798=EDGE_LOOP('',(#5035,#5036,#5037,#5038));
#799=EDGE_LOOP('',(#5039,#5040,#5041,#5042,#5043,#5044,#5045,#5046,#5047,
#5048,#5049,#5050));
#800=EDGE_LOOP('',(#5051,#5052,#5053,#5054,#5055,#5056,#5057,#5058,#5059,
#5060,#5061,#5062));
#801=EDGE_LOOP('',(#5063,#5064,#5065,#5066,#5067,#5068,#5069,#5070,#5071,
#5072,#5073,#5074));
#802=EDGE_LOOP('',(#5075,#5076,#5077,#5078,#5079,#5080,#5081,#5082,#5083,
#5084,#5085,#5086));
#803=EDGE_LOOP('',(#5087,#5088,#5089,#5090,#5091,#5092,#5093,#5094,#5095,
#5096,#5097,#5098));
#804=EDGE_LOOP('',(#5099,#5100,#5101,#5102,#5103,#5104,#5105,#5106,#5107,
#5108,#5109,#5110));
#805=EDGE_LOOP('',(#5111,#5112,#5113,#5114,#5115,#5116,#5117,#5118,#5119,
#5120,#5121,#5122));
#806=EDGE_LOOP('',(#5123,#5124,#5125,#5126,#5127,#5128,#5129,#5130,#5131,
#5132,#5133,#5134));
#807=EDGE_LOOP('',(#5135,#5136,#5137,#5138,#5139,#5140,#5141,#5142,#5143,
#5144,#5145,#5146));
#808=EDGE_LOOP('',(#5147,#5148,#5149,#5150,#5151,#5152,#5153,#5154,#5155,
#5156,#5157,#5158));
#809=EDGE_LOOP('',(#5159,#5160,#5161,#5162,#5163,#5164,#5165,#5166,#5167,
#5168,#5169,#5170));
#810=EDGE_LOOP('',(#5171,#5172,#5173,#5174,#5175,#5176,#5177,#5178,#5179,
#5180,#5181,#5182));
#811=EDGE_LOOP('',(#5183,#5184,#5185,#5186,#5187,#5188,#5189,#5190,#5191,
#5192,#5193,#5194));
#812=EDGE_LOOP('',(#5195,#5196,#5197,#5198,#5199,#5200,#5201,#5202,#5203,
#5204,#5205,#5206));
#813=EDGE_LOOP('',(#5207));
#814=EDGE_LOOP('',(#5208));
#815=EDGE_LOOP('',(#5209));
#816=EDGE_LOOP('',(#5210));
#817=EDGE_LOOP('',(#5211));
#818=EDGE_LOOP('',(#5212));
#819=EDGE_LOOP('',(#5213));
#820=EDGE_LOOP('',(#5214));
#821=EDGE_LOOP('',(#5215));
#822=EDGE_LOOP('',(#5216));
#823=EDGE_LOOP('',(#5217));
#824=EDGE_LOOP('',(#5218));
#825=EDGE_LOOP('',(#5219));
#826=EDGE_LOOP('',(#5220));
#827=EDGE_LOOP('',(#5221));
#828=EDGE_LOOP('',(#5222,#5223,#5224,#5225,#5226,#5227));
#829=EDGE_LOOP('',(#5228,#5229,#5230,#5231));
#830=EDGE_LOOP('',(#5232));
#831=EDGE_LOOP('',(#5233));
#832=EDGE_LOOP('',(#5234));
#833=EDGE_LOOP('',(#5235));
#834=EDGE_LOOP('',(#5236));
#835=EDGE_LOOP('',(#5237));
#836=EDGE_LOOP('',(#5238));
#837=EDGE_LOOP('',(#5239));
#838=EDGE_LOOP('',(#5240));
#839=EDGE_LOOP('',(#5241));
#840=EDGE_LOOP('',(#5242));
#841=EDGE_LOOP('',(#5243));
#842=EDGE_LOOP('',(#5244));
#843=EDGE_LOOP('',(#5245));
#844=EDGE_LOOP('',(#5246));
#845=EDGE_LOOP('',(#5247,#5248,#5249,#5250,#5251,#5252,#5253,#5254,#5255,
#5256,#5257,#5258));
#846=EDGE_LOOP('',(#5259,#5260,#5261,#5262,#5263,#5264,#5265,#5266,#5267,
#5268,#5269,#5270));
#847=EDGE_LOOP('',(#5271,#5272,#5273,#5274,#5275,#5276,#5277,#5278,#5279,
#5280,#5281,#5282));
#848=EDGE_LOOP('',(#5283,#5284,#5285,#5286,#5287,#5288,#5289,#5290,#5291,
#5292,#5293,#5294));
#849=EDGE_LOOP('',(#5295,#5296,#5297,#5298,#5299,#5300,#5301,#5302,#5303,
#5304,#5305,#5306));
#850=EDGE_LOOP('',(#5307,#5308,#5309,#5310,#5311,#5312,#5313,#5314,#5315,
#5316,#5317,#5318));
#851=EDGE_LOOP('',(#5319,#5320,#5321,#5322,#5323,#5324,#5325,#5326,#5327,
#5328,#5329,#5330));
#852=EDGE_LOOP('',(#5331,#5332,#5333,#5334,#5335,#5336,#5337,#5338,#5339,
#5340,#5341,#5342));
#853=EDGE_LOOP('',(#5343,#5344,#5345,#5346,#5347,#5348,#5349,#5350,#5351,
#5352,#5353,#5354));
#854=EDGE_LOOP('',(#5355,#5356,#5357,#5358,#5359,#5360,#5361,#5362,#5363,
#5364,#5365,#5366));
#855=EDGE_LOOP('',(#5367,#5368,#5369,#5370,#5371,#5372,#5373,#5374,#5375,
#5376,#5377,#5378));
#856=EDGE_LOOP('',(#5379,#5380,#5381,#5382,#5383,#5384,#5385,#5386,#5387,
#5388,#5389,#5390));
#857=EDGE_LOOP('',(#5391,#5392,#5393,#5394,#5395,#5396,#5397,#5398,#5399,
#5400,#5401,#5402));
#858=EDGE_LOOP('',(#5403,#5404,#5405,#5406,#5407,#5408,#5409,#5410,#5411,
#5412,#5413,#5414));
#859=EDGE_LOOP('',(#5415,#5416,#5417,#5418));
#860=EDGE_LOOP('',(#5419,#5420,#5421,#5422));
#861=EDGE_LOOP('',(#5423,#5424,#5425,#5426));
#862=EDGE_LOOP('',(#5427,#5428,#5429,#5430));
#863=EDGE_LOOP('',(#5431,#5432,#5433,#5434));
#864=EDGE_LOOP('',(#5435,#5436,#5437,#5438));
#865=EDGE_LOOP('',(#5439,#5440,#5441,#5442));
#866=EDGE_LOOP('',(#5443,#5444,#5445,#5446));
#867=EDGE_LOOP('',(#5447,#5448,#5449,#5450));
#868=EDGE_LOOP('',(#5451,#5452,#5453,#5454));
#869=EDGE_LOOP('',(#5455,#5456,#5457,#5458));
#870=EDGE_LOOP('',(#5459,#5460,#5461,#5462));
#871=EDGE_LOOP('',(#5463,#5464,#5465,#5466,#5467,#5468,#5469,#5470,#5471,
#5472,#5473,#5474));
#872=EDGE_LOOP('',(#5475,#5476,#5477,#5478));
#873=EDGE_LOOP('',(#5479));
#874=EDGE_LOOP('',(#5480,#5481,#5482,#5483));
#875=EDGE_LOOP('',(#5484));
#876=EDGE_LOOP('',(#5485,#5486,#5487,#5488));
#877=EDGE_LOOP('',(#5489));
#878=EDGE_LOOP('',(#5490,#5491,#5492,#5493));
#879=EDGE_LOOP('',(#5494));
#880=EDGE_LOOP('',(#5495,#5496,#5497,#5498));
#881=EDGE_LOOP('',(#5499));
#882=EDGE_LOOP('',(#5500,#5501,#5502,#5503));
#883=EDGE_LOOP('',(#5504));
#884=EDGE_LOOP('',(#5505,#5506,#5507,#5508));
#885=EDGE_LOOP('',(#5509));
#886=EDGE_LOOP('',(#5510,#5511,#5512,#5513));
#887=EDGE_LOOP('',(#5514));
#888=EDGE_LOOP('',(#5515,#5516,#5517,#5518));
#889=EDGE_LOOP('',(#5519));
#890=EDGE_LOOP('',(#5520,#5521,#5522,#5523));
#891=EDGE_LOOP('',(#5524));
#892=EDGE_LOOP('',(#5525,#5526,#5527,#5528));
#893=EDGE_LOOP('',(#5529));
#894=EDGE_LOOP('',(#5530,#5531,#5532,#5533));
#895=EDGE_LOOP('',(#5534));
#896=EDGE_LOOP('',(#5535,#5536,#5537,#5538));
#897=EDGE_LOOP('',(#5539));
#898=EDGE_LOOP('',(#5540,#5541,#5542,#5543));
#899=EDGE_LOOP('',(#5544));
#900=EDGE_LOOP('',(#5545,#5546,#5547,#5548));
#901=EDGE_LOOP('',(#5549));
#902=EDGE_LOOP('',(#5550,#5551,#5552,#5553));
#903=EDGE_LOOP('',(#5554));
#904=EDGE_LOOP('',(#5555,#5556,#5557,#5558));
#905=EDGE_LOOP('',(#5559));
#906=EDGE_LOOP('',(#5560,#5561,#5562,#5563));
#907=EDGE_LOOP('',(#5564));
#908=EDGE_LOOP('',(#5565,#5566,#5567,#5568));
#909=EDGE_LOOP('',(#5569));
#910=EDGE_LOOP('',(#5570,#5571,#5572,#5573));
#911=EDGE_LOOP('',(#5574));
#912=EDGE_LOOP('',(#5575,#5576,#5577,#5578));
#913=EDGE_LOOP('',(#5579));
#914=EDGE_LOOP('',(#5580,#5581,#5582,#5583));
#915=EDGE_LOOP('',(#5584));
#916=EDGE_LOOP('',(#5585,#5586,#5587,#5588));
#917=EDGE_LOOP('',(#5589));
#918=EDGE_LOOP('',(#5590,#5591,#5592,#5593));
#919=EDGE_LOOP('',(#5594));
#920=EDGE_LOOP('',(#5595,#5596,#5597,#5598));
#921=EDGE_LOOP('',(#5599));
#922=EDGE_LOOP('',(#5600,#5601,#5602,#5603));
#923=EDGE_LOOP('',(#5604));
#924=EDGE_LOOP('',(#5605,#5606,#5607,#5608));
#925=EDGE_LOOP('',(#5609));
#926=EDGE_LOOP('',(#5610,#5611,#5612,#5613));
#927=EDGE_LOOP('',(#5614));
#928=EDGE_LOOP('',(#5615,#5616,#5617,#5618));
#929=EDGE_LOOP('',(#5619));
#930=EDGE_LOOP('',(#5620,#5621,#5622,#5623));
#931=EDGE_LOOP('',(#5624));
#932=EDGE_LOOP('',(#5625,#5626,#5627,#5628));
#933=EDGE_LOOP('',(#5629,#5630,#5631,#5632));
#934=EDGE_LOOP('',(#5633,#5634,#5635,#5636));
#935=EDGE_LOOP('',(#5637,#5638,#5639,#5640));
#936=EDGE_LOOP('',(#5641,#5642,#5643,#5644));
#937=EDGE_LOOP('',(#5645,#5646,#5647,#5648));
#938=EDGE_LOOP('',(#5649,#5650,#5651,#5652));
#939=EDGE_LOOP('',(#5653,#5654,#5655,#5656));
#940=EDGE_LOOP('',(#5657,#5658,#5659,#5660));
#941=EDGE_LOOP('',(#5661,#5662,#5663,#5664));
#942=EDGE_LOOP('',(#5665,#5666,#5667,#5668));
#943=EDGE_LOOP('',(#5669,#5670,#5671,#5672));
#944=EDGE_LOOP('',(#5673,#5674,#5675,#5676,#5677,#5678,#5679,#5680,#5681,
#5682,#5683,#5684));
#945=EDGE_LOOP('',(#5685,#5686,#5687,#5688));
#946=EDGE_LOOP('',(#5689,#5690,#5691,#5692));
#947=EDGE_LOOP('',(#5693,#5694,#5695,#5696));
#948=EDGE_LOOP('',(#5697,#5698,#5699,#5700));
#949=EDGE_LOOP('',(#5701,#5702,#5703,#5704));
#950=EDGE_LOOP('',(#5705,#5706,#5707,#5708));
#951=EDGE_LOOP('',(#5709,#5710,#5711,#5712));
#952=EDGE_LOOP('',(#5713,#5714,#5715,#5716));
#953=EDGE_LOOP('',(#5717,#5718,#5719,#5720));
#954=EDGE_LOOP('',(#5721,#5722,#5723,#5724));
#955=EDGE_LOOP('',(#5725,#5726,#5727,#5728));
#956=EDGE_LOOP('',(#5729,#5730,#5731,#5732));
#957=EDGE_LOOP('',(#5733,#5734,#5735,#5736,#5737,#5738,#5739,#5740,#5741,
#5742,#5743,#5744));
#958=EDGE_LOOP('',(#5745,#5746,#5747,#5748));
#959=EDGE_LOOP('',(#5749,#5750,#5751,#5752));
#960=EDGE_LOOP('',(#5753,#5754,#5755,#5756));
#961=EDGE_LOOP('',(#5757,#5758,#5759,#5760));
#962=EDGE_LOOP('',(#5761,#5762,#5763,#5764));
#963=EDGE_LOOP('',(#5765,#5766,#5767,#5768));
#964=EDGE_LOOP('',(#5769,#5770,#5771,#5772));
#965=EDGE_LOOP('',(#5773,#5774,#5775,#5776));
#966=EDGE_LOOP('',(#5777,#5778,#5779,#5780));
#967=EDGE_LOOP('',(#5781,#5782,#5783,#5784));
#968=EDGE_LOOP('',(#5785,#5786,#5787,#5788));
#969=EDGE_LOOP('',(#5789,#5790,#5791,#5792));
#970=EDGE_LOOP('',(#5793,#5794,#5795,#5796,#5797,#5798,#5799,#5800,#5801,
#5802,#5803,#5804));
#971=EDGE_LOOP('',(#5805,#5806,#5807,#5808));
#972=EDGE_LOOP('',(#5809,#5810,#5811,#5812));
#973=EDGE_LOOP('',(#5813,#5814,#5815,#5816));
#974=EDGE_LOOP('',(#5817,#5818,#5819,#5820));
#975=EDGE_LOOP('',(#5821,#5822,#5823,#5824));
#976=EDGE_LOOP('',(#5825,#5826,#5827,#5828));
#977=EDGE_LOOP('',(#5829,#5830,#5831,#5832));
#978=EDGE_LOOP('',(#5833,#5834,#5835,#5836));
#979=EDGE_LOOP('',(#5837,#5838,#5839,#5840));
#980=EDGE_LOOP('',(#5841,#5842,#5843,#5844));
#981=EDGE_LOOP('',(#5845,#5846,#5847,#5848));
#982=EDGE_LOOP('',(#5849,#5850,#5851,#5852));
#983=EDGE_LOOP('',(#5853,#5854,#5855,#5856,#5857,#5858,#5859,#5860,#5861,
#5862,#5863,#5864));
#984=EDGE_LOOP('',(#5865,#5866,#5867,#5868));
#985=EDGE_LOOP('',(#5869,#5870,#5871,#5872));
#986=EDGE_LOOP('',(#5873,#5874,#5875,#5876));
#987=EDGE_LOOP('',(#5877,#5878,#5879,#5880));
#988=EDGE_LOOP('',(#5881,#5882,#5883,#5884));
#989=EDGE_LOOP('',(#5885,#5886,#5887,#5888));
#990=EDGE_LOOP('',(#5889,#5890,#5891,#5892));
#991=EDGE_LOOP('',(#5893,#5894,#5895,#5896));
#992=EDGE_LOOP('',(#5897,#5898,#5899,#5900));
#993=EDGE_LOOP('',(#5901,#5902,#5903,#5904));
#994=EDGE_LOOP('',(#5905,#5906,#5907,#5908));
#995=EDGE_LOOP('',(#5909,#5910,#5911,#5912));
#996=EDGE_LOOP('',(#5913,#5914,#5915,#5916,#5917,#5918,#5919,#5920,#5921,
#5922,#5923,#5924));
#997=EDGE_LOOP('',(#5925,#5926,#5927,#5928));
#998=EDGE_LOOP('',(#5929,#5930,#5931,#5932));
#999=EDGE_LOOP('',(#5933,#5934,#5935,#5936));
#1000=EDGE_LOOP('',(#5937,#5938,#5939,#5940));
#1001=EDGE_LOOP('',(#5941,#5942,#5943,#5944));
#1002=EDGE_LOOP('',(#5945,#5946,#5947,#5948));
#1003=EDGE_LOOP('',(#5949,#5950,#5951,#5952));
#1004=EDGE_LOOP('',(#5953,#5954,#5955,#5956));
#1005=EDGE_LOOP('',(#5957,#5958,#5959,#5960));
#1006=EDGE_LOOP('',(#5961,#5962,#5963,#5964));
#1007=EDGE_LOOP('',(#5965,#5966,#5967,#5968));
#1008=EDGE_LOOP('',(#5969,#5970,#5971,#5972));
#1009=EDGE_LOOP('',(#5973,#5974,#5975,#5976,#5977,#5978,#5979,#5980,#5981,
#5982,#5983,#5984));
#1010=EDGE_LOOP('',(#5985,#5986,#5987,#5988));
#1011=EDGE_LOOP('',(#5989,#5990,#5991,#5992));
#1012=EDGE_LOOP('',(#5993,#5994,#5995,#5996));
#1013=EDGE_LOOP('',(#5997,#5998,#5999,#6000));
#1014=EDGE_LOOP('',(#6001,#6002,#6003,#6004));
#1015=EDGE_LOOP('',(#6005,#6006,#6007,#6008));
#1016=EDGE_LOOP('',(#6009,#6010,#6011,#6012));
#1017=EDGE_LOOP('',(#6013,#6014,#6015,#6016));
#1018=EDGE_LOOP('',(#6017,#6018,#6019,#6020));
#1019=EDGE_LOOP('',(#6021,#6022,#6023,#6024));
#1020=EDGE_LOOP('',(#6025,#6026,#6027,#6028));
#1021=EDGE_LOOP('',(#6029,#6030,#6031,#6032));
#1022=EDGE_LOOP('',(#6033,#6034,#6035,#6036,#6037,#6038,#6039,#6040,#6041,
#6042,#6043,#6044));
#1023=EDGE_LOOP('',(#6045,#6046,#6047,#6048));
#1024=EDGE_LOOP('',(#6049,#6050,#6051,#6052));
#1025=EDGE_LOOP('',(#6053,#6054,#6055,#6056));
#1026=EDGE_LOOP('',(#6057,#6058,#6059,#6060));
#1027=EDGE_LOOP('',(#6061,#6062,#6063,#6064));
#1028=EDGE_LOOP('',(#6065,#6066,#6067,#6068));
#1029=EDGE_LOOP('',(#6069,#6070,#6071,#6072));
#1030=EDGE_LOOP('',(#6073,#6074,#6075,#6076));
#1031=EDGE_LOOP('',(#6077,#6078,#6079,#6080));
#1032=EDGE_LOOP('',(#6081,#6082,#6083,#6084));
#1033=EDGE_LOOP('',(#6085,#6086,#6087,#6088));
#1034=EDGE_LOOP('',(#6089,#6090,#6091,#6092));
#1035=EDGE_LOOP('',(#6093,#6094,#6095,#6096,#6097,#6098,#6099,#6100,#6101,
#6102,#6103,#6104));
#1036=EDGE_LOOP('',(#6105,#6106,#6107,#6108));
#1037=EDGE_LOOP('',(#6109,#6110,#6111,#6112));
#1038=EDGE_LOOP('',(#6113,#6114,#6115,#6116));
#1039=EDGE_LOOP('',(#6117,#6118,#6119,#6120));
#1040=EDGE_LOOP('',(#6121,#6122,#6123,#6124));
#1041=EDGE_LOOP('',(#6125,#6126,#6127,#6128));
#1042=EDGE_LOOP('',(#6129,#6130,#6131,#6132));
#1043=EDGE_LOOP('',(#6133,#6134,#6135,#6136));
#1044=EDGE_LOOP('',(#6137,#6138,#6139,#6140));
#1045=EDGE_LOOP('',(#6141,#6142,#6143,#6144));
#1046=EDGE_LOOP('',(#6145,#6146,#6147,#6148));
#1047=EDGE_LOOP('',(#6149,#6150,#6151,#6152));
#1048=EDGE_LOOP('',(#6153,#6154,#6155,#6156,#6157,#6158,#6159,#6160,#6161,
#6162,#6163,#6164));
#1049=EDGE_LOOP('',(#6165,#6166,#6167,#6168));
#1050=EDGE_LOOP('',(#6169,#6170,#6171,#6172));
#1051=EDGE_LOOP('',(#6173,#6174,#6175,#6176));
#1052=EDGE_LOOP('',(#6177,#6178,#6179,#6180));
#1053=EDGE_LOOP('',(#6181,#6182,#6183,#6184));
#1054=EDGE_LOOP('',(#6185,#6186,#6187,#6188));
#1055=EDGE_LOOP('',(#6189,#6190,#6191,#6192));
#1056=EDGE_LOOP('',(#6193,#6194,#6195,#6196));
#1057=EDGE_LOOP('',(#6197,#6198,#6199,#6200));
#1058=EDGE_LOOP('',(#6201,#6202,#6203,#6204));
#1059=EDGE_LOOP('',(#6205,#6206,#6207,#6208));
#1060=EDGE_LOOP('',(#6209,#6210,#6211,#6212));
#1061=EDGE_LOOP('',(#6213,#6214,#6215,#6216,#6217,#6218,#6219,#6220,#6221,
#6222,#6223,#6224));
#1062=EDGE_LOOP('',(#6225,#6226,#6227,#6228));
#1063=EDGE_LOOP('',(#6229,#6230,#6231,#6232));
#1064=EDGE_LOOP('',(#6233,#6234,#6235,#6236));
#1065=EDGE_LOOP('',(#6237,#6238,#6239,#6240));
#1066=EDGE_LOOP('',(#6241,#6242,#6243,#6244));
#1067=EDGE_LOOP('',(#6245,#6246,#6247,#6248));
#1068=EDGE_LOOP('',(#6249,#6250,#6251,#6252));
#1069=EDGE_LOOP('',(#6253,#6254,#6255,#6256));
#1070=EDGE_LOOP('',(#6257,#6258,#6259,#6260));
#1071=EDGE_LOOP('',(#6261,#6262,#6263,#6264));
#1072=EDGE_LOOP('',(#6265,#6266,#6267,#6268));
#1073=EDGE_LOOP('',(#6269,#6270,#6271,#6272));
#1074=EDGE_LOOP('',(#6273,#6274,#6275,#6276,#6277,#6278,#6279,#6280,#6281,
#6282,#6283,#6284));
#1075=EDGE_LOOP('',(#6285,#6286,#6287,#6288));
#1076=EDGE_LOOP('',(#6289,#6290,#6291,#6292));
#1077=EDGE_LOOP('',(#6293,#6294,#6295,#6296));
#1078=EDGE_LOOP('',(#6297,#6298,#6299,#6300));
#1079=EDGE_LOOP('',(#6301,#6302,#6303,#6304));
#1080=EDGE_LOOP('',(#6305,#6306,#6307,#6308));
#1081=EDGE_LOOP('',(#6309,#6310,#6311,#6312));
#1082=EDGE_LOOP('',(#6313,#6314,#6315,#6316));
#1083=EDGE_LOOP('',(#6317,#6318,#6319,#6320));
#1084=EDGE_LOOP('',(#6321,#6322,#6323,#6324));
#1085=EDGE_LOOP('',(#6325,#6326,#6327,#6328));
#1086=EDGE_LOOP('',(#6329,#6330,#6331,#6332));
#1087=EDGE_LOOP('',(#6333,#6334,#6335,#6336,#6337,#6338,#6339,#6340,#6341,
#6342,#6343,#6344));
#1088=EDGE_LOOP('',(#6345,#6346,#6347,#6348));
#1089=EDGE_LOOP('',(#6349,#6350,#6351,#6352));
#1090=EDGE_LOOP('',(#6353,#6354,#6355,#6356));
#1091=EDGE_LOOP('',(#6357,#6358,#6359,#6360));
#1092=EDGE_LOOP('',(#6361,#6362,#6363,#6364));
#1093=EDGE_LOOP('',(#6365,#6366,#6367,#6368));
#1094=EDGE_LOOP('',(#6369,#6370,#6371,#6372));
#1095=EDGE_LOOP('',(#6373,#6374,#6375,#6376));
#1096=EDGE_LOOP('',(#6377,#6378,#6379,#6380));
#1097=EDGE_LOOP('',(#6381,#6382,#6383,#6384));
#1098=EDGE_LOOP('',(#6385,#6386,#6387,#6388));
#1099=EDGE_LOOP('',(#6389,#6390,#6391,#6392));
#1100=EDGE_LOOP('',(#6393,#6394,#6395,#6396,#6397,#6398,#6399,#6400,#6401,
#6402,#6403,#6404));
#1101=EDGE_LOOP('',(#6405,#6406,#6407,#6408));
#1102=EDGE_LOOP('',(#6409,#6410,#6411,#6412));
#1103=EDGE_LOOP('',(#6413,#6414,#6415,#6416));
#1104=EDGE_LOOP('',(#6417,#6418,#6419,#6420));
#1105=EDGE_LOOP('',(#6421,#6422,#6423,#6424));
#1106=EDGE_LOOP('',(#6425,#6426,#6427,#6428));
#1107=EDGE_LOOP('',(#6429,#6430,#6431,#6432));
#1108=EDGE_LOOP('',(#6433,#6434,#6435,#6436));
#1109=EDGE_LOOP('',(#6437,#6438,#6439,#6440));
#1110=EDGE_LOOP('',(#6441,#6442,#6443,#6444));
#1111=EDGE_LOOP('',(#6445,#6446,#6447,#6448));
#1112=EDGE_LOOP('',(#6449,#6450,#6451,#6452));
#1113=EDGE_LOOP('',(#6453,#6454,#6455,#6456,#6457,#6458,#6459,#6460,#6461,
#6462,#6463,#6464));
#1114=EDGE_LOOP('',(#6465,#6466,#6467,#6468));
#1115=EDGE_LOOP('',(#6469,#6470,#6471,#6472));
#1116=EDGE_LOOP('',(#6473,#6474,#6475,#6476));
#1117=EDGE_LOOP('',(#6477,#6478,#6479,#6480));
#1118=EDGE_LOOP('',(#6481,#6482,#6483,#6484));
#1119=EDGE_LOOP('',(#6485,#6486,#6487,#6488));
#1120=EDGE_LOOP('',(#6489,#6490,#6491,#6492));
#1121=EDGE_LOOP('',(#6493,#6494,#6495,#6496));
#1122=EDGE_LOOP('',(#6497,#6498,#6499,#6500));
#1123=EDGE_LOOP('',(#6501,#6502,#6503,#6504));
#1124=EDGE_LOOP('',(#6505,#6506,#6507,#6508));
#1125=EDGE_LOOP('',(#6509,#6510,#6511,#6512));
#1126=EDGE_LOOP('',(#6513,#6514,#6515,#6516,#6517,#6518,#6519,#6520,#6521,
#6522,#6523,#6524));
#1127=EDGE_LOOP('',(#6525,#6526,#6527,#6528));
#1128=EDGE_LOOP('',(#6529,#6530,#6531,#6532));
#1129=EDGE_LOOP('',(#6533,#6534,#6535,#6536));
#1130=EDGE_LOOP('',(#6537,#6538,#6539,#6540));
#1131=EDGE_LOOP('',(#6541,#6542,#6543,#6544));
#1132=EDGE_LOOP('',(#6545,#6546,#6547,#6548));
#1133=EDGE_LOOP('',(#6549,#6550,#6551,#6552));
#1134=EDGE_LOOP('',(#6553,#6554,#6555,#6556));
#1135=EDGE_LOOP('',(#6557,#6558,#6559,#6560));
#1136=EDGE_LOOP('',(#6561,#6562,#6563,#6564));
#1137=EDGE_LOOP('',(#6565,#6566,#6567,#6568));
#1138=EDGE_LOOP('',(#6569,#6570,#6571,#6572));
#1139=EDGE_LOOP('',(#6573,#6574,#6575,#6576,#6577,#6578,#6579,#6580,#6581,
#6582,#6583,#6584));
#1140=EDGE_LOOP('',(#6585,#6586,#6587,#6588));
#1141=EDGE_LOOP('',(#6589,#6590,#6591,#6592));
#1142=EDGE_LOOP('',(#6593,#6594,#6595,#6596));
#1143=EDGE_LOOP('',(#6597,#6598,#6599,#6600));
#1144=EDGE_LOOP('',(#6601,#6602,#6603,#6604));
#1145=EDGE_LOOP('',(#6605,#6606,#6607,#6608));
#1146=EDGE_LOOP('',(#6609,#6610,#6611,#6612));
#1147=EDGE_LOOP('',(#6613,#6614,#6615,#6616));
#1148=EDGE_LOOP('',(#6617,#6618,#6619,#6620));
#1149=EDGE_LOOP('',(#6621,#6622,#6623,#6624));
#1150=EDGE_LOOP('',(#6625,#6626,#6627,#6628));
#1151=EDGE_LOOP('',(#6629,#6630,#6631,#6632));
#1152=EDGE_LOOP('',(#6633,#6634,#6635,#6636,#6637,#6638,#6639,#6640,#6641,
#6642,#6643,#6644));
#1153=EDGE_LOOP('',(#6645,#6646,#6647,#6648));
#1154=EDGE_LOOP('',(#6649,#6650,#6651,#6652));
#1155=EDGE_LOOP('',(#6653,#6654,#6655,#6656));
#1156=EDGE_LOOP('',(#6657,#6658,#6659,#6660));
#1157=EDGE_LOOP('',(#6661,#6662,#6663,#6664));
#1158=EDGE_LOOP('',(#6665,#6666,#6667,#6668));
#1159=EDGE_LOOP('',(#6669,#6670,#6671,#6672));
#1160=EDGE_LOOP('',(#6673,#6674,#6675,#6676));
#1161=EDGE_LOOP('',(#6677,#6678,#6679,#6680));
#1162=EDGE_LOOP('',(#6681,#6682,#6683,#6684));
#1163=EDGE_LOOP('',(#6685,#6686,#6687,#6688));
#1164=EDGE_LOOP('',(#6689,#6690,#6691,#6692));
#1165=EDGE_LOOP('',(#6693,#6694,#6695,#6696,#6697,#6698,#6699,#6700,#6701,
#6702,#6703,#6704));
#1166=EDGE_LOOP('',(#6705,#6706,#6707,#6708));
#1167=EDGE_LOOP('',(#6709,#6710,#6711,#6712));
#1168=EDGE_LOOP('',(#6713,#6714,#6715,#6716));
#1169=EDGE_LOOP('',(#6717,#6718,#6719,#6720));
#1170=EDGE_LOOP('',(#6721,#6722,#6723,#6724));
#1171=EDGE_LOOP('',(#6725,#6726,#6727,#6728));
#1172=EDGE_LOOP('',(#6729,#6730,#6731,#6732));
#1173=EDGE_LOOP('',(#6733,#6734,#6735,#6736));
#1174=EDGE_LOOP('',(#6737,#6738,#6739,#6740));
#1175=EDGE_LOOP('',(#6741,#6742,#6743,#6744));
#1176=EDGE_LOOP('',(#6745,#6746,#6747,#6748));
#1177=EDGE_LOOP('',(#6749,#6750,#6751,#6752));
#1178=EDGE_LOOP('',(#6753,#6754,#6755,#6756,#6757,#6758,#6759,#6760,#6761,
#6762,#6763,#6764));
#1179=EDGE_LOOP('',(#6765,#6766,#6767,#6768));
#1180=EDGE_LOOP('',(#6769,#6770,#6771,#6772));
#1181=EDGE_LOOP('',(#6773,#6774,#6775,#6776));
#1182=EDGE_LOOP('',(#6777,#6778,#6779,#6780));
#1183=EDGE_LOOP('',(#6781,#6782,#6783,#6784));
#1184=EDGE_LOOP('',(#6785,#6786,#6787,#6788));
#1185=EDGE_LOOP('',(#6789,#6790,#6791,#6792));
#1186=EDGE_LOOP('',(#6793,#6794,#6795,#6796));
#1187=EDGE_LOOP('',(#6797,#6798,#6799,#6800));
#1188=EDGE_LOOP('',(#6801,#6802,#6803,#6804));
#1189=EDGE_LOOP('',(#6805,#6806,#6807,#6808));
#1190=EDGE_LOOP('',(#6809,#6810,#6811,#6812));
#1191=EDGE_LOOP('',(#6813,#6814,#6815,#6816,#6817,#6818,#6819,#6820,#6821,
#6822,#6823,#6824));
#1192=EDGE_LOOP('',(#6825,#6826,#6827,#6828));
#1193=EDGE_LOOP('',(#6829,#6830,#6831,#6832));
#1194=EDGE_LOOP('',(#6833,#6834,#6835,#6836));
#1195=EDGE_LOOP('',(#6837,#6838,#6839,#6840));
#1196=EDGE_LOOP('',(#6841,#6842,#6843,#6844));
#1197=EDGE_LOOP('',(#6845,#6846,#6847,#6848));
#1198=EDGE_LOOP('',(#6849,#6850,#6851,#6852));
#1199=EDGE_LOOP('',(#6853,#6854,#6855,#6856));
#1200=EDGE_LOOP('',(#6857,#6858,#6859,#6860));
#1201=EDGE_LOOP('',(#6861,#6862,#6863,#6864));
#1202=EDGE_LOOP('',(#6865,#6866,#6867,#6868));
#1203=EDGE_LOOP('',(#6869,#6870,#6871,#6872));
#1204=EDGE_LOOP('',(#6873,#6874,#6875,#6876,#6877,#6878,#6879,#6880,#6881,
#6882,#6883,#6884));
#1205=EDGE_LOOP('',(#6885,#6886,#6887,#6888));
#1206=EDGE_LOOP('',(#6889,#6890,#6891,#6892));
#1207=EDGE_LOOP('',(#6893,#6894,#6895,#6896));
#1208=EDGE_LOOP('',(#6897,#6898,#6899,#6900));
#1209=EDGE_LOOP('',(#6901,#6902,#6903,#6904));
#1210=EDGE_LOOP('',(#6905,#6906,#6907,#6908));
#1211=EDGE_LOOP('',(#6909,#6910,#6911,#6912));
#1212=EDGE_LOOP('',(#6913,#6914,#6915,#6916));
#1213=EDGE_LOOP('',(#6917,#6918,#6919,#6920));
#1214=EDGE_LOOP('',(#6921,#6922,#6923,#6924));
#1215=EDGE_LOOP('',(#6925,#6926,#6927,#6928));
#1216=EDGE_LOOP('',(#6929,#6930,#6931,#6932));
#1217=EDGE_LOOP('',(#6933,#6934,#6935,#6936,#6937,#6938,#6939,#6940,#6941,
#6942,#6943,#6944));
#1218=EDGE_LOOP('',(#6945,#6946,#6947,#6948));
#1219=EDGE_LOOP('',(#6949,#6950,#6951,#6952));
#1220=EDGE_LOOP('',(#6953,#6954,#6955,#6956));
#1221=EDGE_LOOP('',(#6957,#6958,#6959,#6960));
#1222=EDGE_LOOP('',(#6961,#6962,#6963,#6964));
#1223=EDGE_LOOP('',(#6965,#6966,#6967,#6968));
#1224=EDGE_LOOP('',(#6969,#6970,#6971,#6972));
#1225=EDGE_LOOP('',(#6973,#6974,#6975,#6976));
#1226=EDGE_LOOP('',(#6977,#6978,#6979,#6980));
#1227=EDGE_LOOP('',(#6981,#6982,#6983,#6984));
#1228=EDGE_LOOP('',(#6985,#6986,#6987,#6988));
#1229=EDGE_LOOP('',(#6989,#6990,#6991,#6992));
#1230=EDGE_LOOP('',(#6993,#6994,#6995,#6996,#6997,#6998,#6999,#7000,#7001,
#7002,#7003,#7004));
#1231=EDGE_LOOP('',(#7005,#7006,#7007,#7008));
#1232=EDGE_LOOP('',(#7009,#7010,#7011,#7012));
#1233=EDGE_LOOP('',(#7013,#7014,#7015,#7016));
#1234=EDGE_LOOP('',(#7017,#7018,#7019,#7020));
#1235=EDGE_LOOP('',(#7021,#7022,#7023,#7024));
#1236=EDGE_LOOP('',(#7025,#7026,#7027,#7028));
#1237=EDGE_LOOP('',(#7029,#7030,#7031,#7032));
#1238=EDGE_LOOP('',(#7033,#7034,#7035,#7036));
#1239=EDGE_LOOP('',(#7037,#7038,#7039,#7040));
#1240=EDGE_LOOP('',(#7041,#7042,#7043,#7044));
#1241=EDGE_LOOP('',(#7045,#7046,#7047,#7048));
#1242=EDGE_LOOP('',(#7049,#7050,#7051,#7052));
#1243=EDGE_LOOP('',(#7053,#7054,#7055,#7056,#7057,#7058,#7059,#7060,#7061,
#7062,#7063,#7064));
#1244=EDGE_LOOP('',(#7065,#7066,#7067,#7068));
#1245=EDGE_LOOP('',(#7069,#7070,#7071,#7072));
#1246=EDGE_LOOP('',(#7073,#7074,#7075,#7076));
#1247=EDGE_LOOP('',(#7077,#7078,#7079,#7080));
#1248=EDGE_LOOP('',(#7081,#7082,#7083,#7084));
#1249=EDGE_LOOP('',(#7085,#7086,#7087,#7088));
#1250=EDGE_LOOP('',(#7089,#7090,#7091,#7092));
#1251=EDGE_LOOP('',(#7093,#7094,#7095,#7096));
#1252=EDGE_LOOP('',(#7097,#7098,#7099,#7100));
#1253=EDGE_LOOP('',(#7101,#7102,#7103,#7104));
#1254=EDGE_LOOP('',(#7105,#7106,#7107,#7108));
#1255=EDGE_LOOP('',(#7109,#7110,#7111,#7112));
#1256=EDGE_LOOP('',(#7113,#7114,#7115,#7116,#7117,#7118,#7119,#7120,#7121,
#7122,#7123,#7124));
#1257=EDGE_LOOP('',(#7125,#7126,#7127,#7128));
#1258=EDGE_LOOP('',(#7129,#7130,#7131,#7132));
#1259=EDGE_LOOP('',(#7133,#7134,#7135,#7136));
#1260=EDGE_LOOP('',(#7137,#7138,#7139,#7140));
#1261=EDGE_LOOP('',(#7141,#7142,#7143,#7144));
#1262=EDGE_LOOP('',(#7145,#7146,#7147,#7148));
#1263=EDGE_LOOP('',(#7149,#7150,#7151,#7152));
#1264=EDGE_LOOP('',(#7153,#7154,#7155,#7156));
#1265=EDGE_LOOP('',(#7157,#7158,#7159,#7160));
#1266=EDGE_LOOP('',(#7161,#7162,#7163,#7164));
#1267=EDGE_LOOP('',(#7165,#7166,#7167,#7168));
#1268=EDGE_LOOP('',(#7169,#7170,#7171,#7172));
#1269=EDGE_LOOP('',(#7173,#7174,#7175,#7176,#7177,#7178,#7179,#7180,#7181,
#7182,#7183,#7184));
#1270=EDGE_LOOP('',(#7185,#7186,#7187,#7188));
#1271=EDGE_LOOP('',(#7189,#7190,#7191,#7192));
#1272=EDGE_LOOP('',(#7193,#7194,#7195,#7196));
#1273=EDGE_LOOP('',(#7197,#7198,#7199,#7200));
#1274=EDGE_LOOP('',(#7201,#7202,#7203,#7204));
#1275=EDGE_LOOP('',(#7205,#7206,#7207,#7208));
#1276=EDGE_LOOP('',(#7209,#7210,#7211,#7212));
#1277=EDGE_LOOP('',(#7213,#7214,#7215,#7216));
#1278=EDGE_LOOP('',(#7217,#7218,#7219,#7220));
#1279=EDGE_LOOP('',(#7221,#7222,#7223,#7224));
#1280=EDGE_LOOP('',(#7225,#7226,#7227,#7228));
#1281=EDGE_LOOP('',(#7229,#7230,#7231,#7232));
#1282=EDGE_LOOP('',(#7233,#7234,#7235,#7236,#7237,#7238,#7239,#7240,#7241,
#7242,#7243,#7244));
#1283=LINE('',#11439,#1885);
#1284=LINE('',#11442,#1886);
#1285=LINE('',#11447,#1887);
#1286=LINE('',#11454,#1888);
#1287=LINE('',#11460,#1889);
#1288=LINE('',#11463,#1890);
#1289=LINE('',#11468,#1891);
#1290=LINE('',#11475,#1892);
#1291=LINE('',#11503,#1893);
#1292=LINE('',#11540,#1894);
#1293=LINE('',#11551,#1895);
#1294=LINE('',#11553,#1896);
#1295=LINE('',#11562,#1897);
#1296=LINE('',#11566,#1898);
#1297=LINE('',#11574,#1899);
#1298=LINE('',#11577,#1900);
#1299=LINE('',#11586,#1901);
#1300=LINE('',#11590,#1902);
#1301=LINE('',#11598,#1903);
#1302=LINE('',#11601,#1904);
#1303=LINE('',#11610,#1905);
#1304=LINE('',#11614,#1906);
#1305=LINE('',#11622,#1907);
#1306=LINE('',#11625,#1908);
#1307=LINE('',#11634,#1909);
#1308=LINE('',#11638,#1910);
#1309=LINE('',#11646,#1911);
#1310=LINE('',#11649,#1912);
#1311=LINE('',#11658,#1913);
#1312=LINE('',#11662,#1914);
#1313=LINE('',#11670,#1915);
#1314=LINE('',#11673,#1916);
#1315=LINE('',#11682,#1917);
#1316=LINE('',#11686,#1918);
#1317=LINE('',#11694,#1919);
#1318=LINE('',#11697,#1920);
#1319=LINE('',#11706,#1921);
#1320=LINE('',#11710,#1922);
#1321=LINE('',#11718,#1923);
#1322=LINE('',#11721,#1924);
#1323=LINE('',#11730,#1925);
#1324=LINE('',#11734,#1926);
#1325=LINE('',#11742,#1927);
#1326=LINE('',#11745,#1928);
#1327=LINE('',#11754,#1929);
#1328=LINE('',#11758,#1930);
#1329=LINE('',#11766,#1931);
#1330=LINE('',#11769,#1932);
#1331=LINE('',#11778,#1933);
#1332=LINE('',#11782,#1934);
#1333=LINE('',#11790,#1935);
#1334=LINE('',#11793,#1936);
#1335=LINE('',#11802,#1937);
#1336=LINE('',#11806,#1938);
#1337=LINE('',#11814,#1939);
#1338=LINE('',#11817,#1940);
#1339=LINE('',#11826,#1941);
#1340=LINE('',#11830,#1942);
#1341=LINE('',#11838,#1943);
#1342=LINE('',#11841,#1944);
#1343=LINE('',#11850,#1945);
#1344=LINE('',#11854,#1946);
#1345=LINE('',#11862,#1947);
#1346=LINE('',#11865,#1948);
#1347=LINE('',#11868,#1949);
#1348=LINE('',#11876,#1950);
#1349=LINE('',#11880,#1951);
#1350=LINE('',#11888,#1952);
#1351=LINE('',#11960,#1953);
#1352=LINE('',#11964,#1954);
#1353=LINE('',#11972,#1955);
#1354=LINE('',#11975,#1956);
#1355=LINE('',#11984,#1957);
#1356=LINE('',#11988,#1958);
#1357=LINE('',#11996,#1959);
#1358=LINE('',#11999,#1960);
#1359=LINE('',#12008,#1961);
#1360=LINE('',#12012,#1962);
#1361=LINE('',#12020,#1963);
#1362=LINE('',#12023,#1964);
#1363=LINE('',#12032,#1965);
#1364=LINE('',#12036,#1966);
#1365=LINE('',#12044,#1967);
#1366=LINE('',#12047,#1968);
#1367=LINE('',#12056,#1969);
#1368=LINE('',#12060,#1970);
#1369=LINE('',#12068,#1971);
#1370=LINE('',#12071,#1972);
#1371=LINE('',#12080,#1973);
#1372=LINE('',#12084,#1974);
#1373=LINE('',#12092,#1975);
#1374=LINE('',#12095,#1976);
#1375=LINE('',#12104,#1977);
#1376=LINE('',#12108,#1978);
#1377=LINE('',#12116,#1979);
#1378=LINE('',#12119,#1980);
#1379=LINE('',#12128,#1981);
#1380=LINE('',#12132,#1982);
#1381=LINE('',#12140,#1983);
#1382=LINE('',#12143,#1984);
#1383=LINE('',#12152,#1985);
#1384=LINE('',#12156,#1986);
#1385=LINE('',#12164,#1987);
#1386=LINE('',#12167,#1988);
#1387=LINE('',#12176,#1989);
#1388=LINE('',#12180,#1990);
#1389=LINE('',#12188,#1991);
#1390=LINE('',#12191,#1992);
#1391=LINE('',#12200,#1993);
#1392=LINE('',#12204,#1994);
#1393=LINE('',#12212,#1995);
#1394=LINE('',#12215,#1996);
#1395=LINE('',#12224,#1997);
#1396=LINE('',#12228,#1998);
#1397=LINE('',#12236,#1999);
#1398=LINE('',#12239,#2000);
#1399=LINE('',#12248,#2001);
#1400=LINE('',#12252,#2002);
#1401=LINE('',#12260,#2003);
#1402=LINE('',#12263,#2004);
#1403=LINE('',#12272,#2005);
#1404=LINE('',#12276,#2006);
#1405=LINE('',#12284,#2007);
#1406=LINE('',#12287,#2008);
#1407=LINE('',#12292,#2009);
#1408=LINE('',#12293,#2010);
#1409=LINE('',#12296,#2011);
#1410=LINE('',#12297,#2012);
#1411=LINE('',#12302,#2013);
#1412=LINE('',#12303,#2014);
#1413=LINE('',#12306,#2015);
#1414=LINE('',#12311,#2016);
#1415=LINE('',#12314,#2017);
#1416=LINE('',#12315,#2018);
#1417=LINE('',#12320,#2019);
#1418=LINE('',#12321,#2020);
#1419=LINE('',#12326,#2021);
#1420=LINE('',#12327,#2022);
#1421=LINE('',#12330,#2023);
#1422=LINE('',#12333,#2024);
#1423=LINE('',#12339,#2025);
#1424=LINE('',#12344,#2026);
#1425=LINE('',#12349,#2027);
#1426=LINE('',#12354,#2028);
#1427=LINE('',#12359,#2029);
#1428=LINE('',#12364,#2030);
#1429=LINE('',#12369,#2031);
#1430=LINE('',#12374,#2032);
#1431=LINE('',#12379,#2033);
#1432=LINE('',#12384,#2034);
#1433=LINE('',#12389,#2035);
#1434=LINE('',#12394,#2036);
#1435=LINE('',#12399,#2037);
#1436=LINE('',#12404,#2038);
#1437=LINE('',#12409,#2039);
#1438=LINE('',#12414,#2040);
#1439=LINE('',#12419,#2041);
#1440=LINE('',#12424,#2042);
#1441=LINE('',#12429,#2043);
#1442=LINE('',#12434,#2044);
#1443=LINE('',#12439,#2045);
#1444=LINE('',#12444,#2046);
#1445=LINE('',#12449,#2047);
#1446=LINE('',#12454,#2048);
#1447=LINE('',#12459,#2049);
#1448=LINE('',#12464,#2050);
#1449=LINE('',#12469,#2051);
#1450=LINE('',#12474,#2052);
#1451=LINE('',#12479,#2053);
#1452=LINE('',#12484,#2054);
#1453=LINE('',#12491,#2055);
#1454=LINE('',#12492,#2056);
#1455=LINE('',#12495,#2057);
#1456=LINE('',#12496,#2058);
#1457=LINE('',#12501,#2059);
#1458=LINE('',#12502,#2060);
#1459=LINE('',#12505,#2061);
#1460=LINE('',#12510,#2062);
#1461=LINE('',#12513,#2063);
#1462=LINE('',#12514,#2064);
#1463=LINE('',#12519,#2065);
#1464=LINE('',#12520,#2066);
#1465=LINE('',#12525,#2067);
#1466=LINE('',#12526,#2068);
#1467=LINE('',#12529,#2069);
#1468=LINE('',#12532,#2070);
#1469=LINE('',#12540,#2071);
#1470=LINE('',#12541,#2072);
#1471=LINE('',#12544,#2073);
#1472=LINE('',#12545,#2074);
#1473=LINE('',#12550,#2075);
#1474=LINE('',#12551,#2076);
#1475=LINE('',#12554,#2077);
#1476=LINE('',#12559,#2078);
#1477=LINE('',#12562,#2079);
#1478=LINE('',#12563,#2080);
#1479=LINE('',#12568,#2081);
#1480=LINE('',#12569,#2082);
#1481=LINE('',#12574,#2083);
#1482=LINE('',#12575,#2084);
#1483=LINE('',#12578,#2085);
#1484=LINE('',#12581,#2086);
#1485=LINE('',#12589,#2087);
#1486=LINE('',#12590,#2088);
#1487=LINE('',#12593,#2089);
#1488=LINE('',#12594,#2090);
#1489=LINE('',#12599,#2091);
#1490=LINE('',#12600,#2092);
#1491=LINE('',#12603,#2093);
#1492=LINE('',#12608,#2094);
#1493=LINE('',#12611,#2095);
#1494=LINE('',#12612,#2096);
#1495=LINE('',#12617,#2097);
#1496=LINE('',#12618,#2098);
#1497=LINE('',#12623,#2099);
#1498=LINE('',#12624,#2100);
#1499=LINE('',#12627,#2101);
#1500=LINE('',#12630,#2102);
#1501=LINE('',#12638,#2103);
#1502=LINE('',#12639,#2104);
#1503=LINE('',#12642,#2105);
#1504=LINE('',#12643,#2106);
#1505=LINE('',#12648,#2107);
#1506=LINE('',#12649,#2108);
#1507=LINE('',#12652,#2109);
#1508=LINE('',#12657,#2110);
#1509=LINE('',#12660,#2111);
#1510=LINE('',#12661,#2112);
#1511=LINE('',#12666,#2113);
#1512=LINE('',#12667,#2114);
#1513=LINE('',#12672,#2115);
#1514=LINE('',#12673,#2116);
#1515=LINE('',#12676,#2117);
#1516=LINE('',#12679,#2118);
#1517=LINE('',#12687,#2119);
#1518=LINE('',#12688,#2120);
#1519=LINE('',#12691,#2121);
#1520=LINE('',#12692,#2122);
#1521=LINE('',#12697,#2123);
#1522=LINE('',#12698,#2124);
#1523=LINE('',#12701,#2125);
#1524=LINE('',#12706,#2126);
#1525=LINE('',#12709,#2127);
#1526=LINE('',#12710,#2128);
#1527=LINE('',#12715,#2129);
#1528=LINE('',#12716,#2130);
#1529=LINE('',#12721,#2131);
#1530=LINE('',#12722,#2132);
#1531=LINE('',#12725,#2133);
#1532=LINE('',#12728,#2134);
#1533=LINE('',#12736,#2135);
#1534=LINE('',#12737,#2136);
#1535=LINE('',#12740,#2137);
#1536=LINE('',#12741,#2138);
#1537=LINE('',#12746,#2139);
#1538=LINE('',#12747,#2140);
#1539=LINE('',#12750,#2141);
#1540=LINE('',#12755,#2142);
#1541=LINE('',#12758,#2143);
#1542=LINE('',#12759,#2144);
#1543=LINE('',#12764,#2145);
#1544=LINE('',#12765,#2146);
#1545=LINE('',#12770,#2147);
#1546=LINE('',#12771,#2148);
#1547=LINE('',#12774,#2149);
#1548=LINE('',#12777,#2150);
#1549=LINE('',#12785,#2151);
#1550=LINE('',#12786,#2152);
#1551=LINE('',#12789,#2153);
#1552=LINE('',#12790,#2154);
#1553=LINE('',#12795,#2155);
#1554=LINE('',#12796,#2156);
#1555=LINE('',#12799,#2157);
#1556=LINE('',#12804,#2158);
#1557=LINE('',#12807,#2159);
#1558=LINE('',#12808,#2160);
#1559=LINE('',#12813,#2161);
#1560=LINE('',#12814,#2162);
#1561=LINE('',#12819,#2163);
#1562=LINE('',#12820,#2164);
#1563=LINE('',#12823,#2165);
#1564=LINE('',#12826,#2166);
#1565=LINE('',#12834,#2167);
#1566=LINE('',#12835,#2168);
#1567=LINE('',#12838,#2169);
#1568=LINE('',#12839,#2170);
#1569=LINE('',#12844,#2171);
#1570=LINE('',#12845,#2172);
#1571=LINE('',#12848,#2173);
#1572=LINE('',#12853,#2174);
#1573=LINE('',#12856,#2175);
#1574=LINE('',#12857,#2176);
#1575=LINE('',#12862,#2177);
#1576=LINE('',#12863,#2178);
#1577=LINE('',#12868,#2179);
#1578=LINE('',#12869,#2180);
#1579=LINE('',#12872,#2181);
#1580=LINE('',#12875,#2182);
#1581=LINE('',#12883,#2183);
#1582=LINE('',#12884,#2184);
#1583=LINE('',#12887,#2185);
#1584=LINE('',#12888,#2186);
#1585=LINE('',#12893,#2187);
#1586=LINE('',#12894,#2188);
#1587=LINE('',#12897,#2189);
#1588=LINE('',#12902,#2190);
#1589=LINE('',#12905,#2191);
#1590=LINE('',#12906,#2192);
#1591=LINE('',#12911,#2193);
#1592=LINE('',#12912,#2194);
#1593=LINE('',#12917,#2195);
#1594=LINE('',#12918,#2196);
#1595=LINE('',#12921,#2197);
#1596=LINE('',#12924,#2198);
#1597=LINE('',#12932,#2199);
#1598=LINE('',#12933,#2200);
#1599=LINE('',#12936,#2201);
#1600=LINE('',#12937,#2202);
#1601=LINE('',#12942,#2203);
#1602=LINE('',#12943,#2204);
#1603=LINE('',#12946,#2205);
#1604=LINE('',#12951,#2206);
#1605=LINE('',#12954,#2207);
#1606=LINE('',#12955,#2208);
#1607=LINE('',#12960,#2209);
#1608=LINE('',#12961,#2210);
#1609=LINE('',#12966,#2211);
#1610=LINE('',#12967,#2212);
#1611=LINE('',#12970,#2213);
#1612=LINE('',#12973,#2214);
#1613=LINE('',#12981,#2215);
#1614=LINE('',#12982,#2216);
#1615=LINE('',#12985,#2217);
#1616=LINE('',#12986,#2218);
#1617=LINE('',#12991,#2219);
#1618=LINE('',#12992,#2220);
#1619=LINE('',#12995,#2221);
#1620=LINE('',#13000,#2222);
#1621=LINE('',#13003,#2223);
#1622=LINE('',#13004,#2224);
#1623=LINE('',#13009,#2225);
#1624=LINE('',#13010,#2226);
#1625=LINE('',#13015,#2227);
#1626=LINE('',#13016,#2228);
#1627=LINE('',#13019,#2229);
#1628=LINE('',#13022,#2230);
#1629=LINE('',#13030,#2231);
#1630=LINE('',#13031,#2232);
#1631=LINE('',#13034,#2233);
#1632=LINE('',#13035,#2234);
#1633=LINE('',#13040,#2235);
#1634=LINE('',#13041,#2236);
#1635=LINE('',#13044,#2237);
#1636=LINE('',#13049,#2238);
#1637=LINE('',#13052,#2239);
#1638=LINE('',#13053,#2240);
#1639=LINE('',#13058,#2241);
#1640=LINE('',#13059,#2242);
#1641=LINE('',#13064,#2243);
#1642=LINE('',#13065,#2244);
#1643=LINE('',#13068,#2245);
#1644=LINE('',#13071,#2246);
#1645=LINE('',#13079,#2247);
#1646=LINE('',#13080,#2248);
#1647=LINE('',#13083,#2249);
#1648=LINE('',#13084,#2250);
#1649=LINE('',#13089,#2251);
#1650=LINE('',#13090,#2252);
#1651=LINE('',#13093,#2253);
#1652=LINE('',#13098,#2254);
#1653=LINE('',#13101,#2255);
#1654=LINE('',#13102,#2256);
#1655=LINE('',#13107,#2257);
#1656=LINE('',#13108,#2258);
#1657=LINE('',#13113,#2259);
#1658=LINE('',#13114,#2260);
#1659=LINE('',#13117,#2261);
#1660=LINE('',#13120,#2262);
#1661=LINE('',#13128,#2263);
#1662=LINE('',#13129,#2264);
#1663=LINE('',#13132,#2265);
#1664=LINE('',#13133,#2266);
#1665=LINE('',#13138,#2267);
#1666=LINE('',#13139,#2268);
#1667=LINE('',#13142,#2269);
#1668=LINE('',#13147,#2270);
#1669=LINE('',#13150,#2271);
#1670=LINE('',#13151,#2272);
#1671=LINE('',#13156,#2273);
#1672=LINE('',#13157,#2274);
#1673=LINE('',#13162,#2275);
#1674=LINE('',#13163,#2276);
#1675=LINE('',#13166,#2277);
#1676=LINE('',#13169,#2278);
#1677=LINE('',#13177,#2279);
#1678=LINE('',#13178,#2280);
#1679=LINE('',#13181,#2281);
#1680=LINE('',#13182,#2282);
#1681=LINE('',#13187,#2283);
#1682=LINE('',#13188,#2284);
#1683=LINE('',#13191,#2285);
#1684=LINE('',#13196,#2286);
#1685=LINE('',#13199,#2287);
#1686=LINE('',#13200,#2288);
#1687=LINE('',#13205,#2289);
#1688=LINE('',#13206,#2290);
#1689=LINE('',#13211,#2291);
#1690=LINE('',#13212,#2292);
#1691=LINE('',#13215,#2293);
#1692=LINE('',#13218,#2294);
#1693=LINE('',#13226,#2295);
#1694=LINE('',#13227,#2296);
#1695=LINE('',#13230,#2297);
#1696=LINE('',#13231,#2298);
#1697=LINE('',#13236,#2299);
#1698=LINE('',#13237,#2300);
#1699=LINE('',#13240,#2301);
#1700=LINE('',#13245,#2302);
#1701=LINE('',#13248,#2303);
#1702=LINE('',#13249,#2304);
#1703=LINE('',#13254,#2305);
#1704=LINE('',#13255,#2306);
#1705=LINE('',#13260,#2307);
#1706=LINE('',#13261,#2308);
#1707=LINE('',#13264,#2309);
#1708=LINE('',#13267,#2310);
#1709=LINE('',#13275,#2311);
#1710=LINE('',#13276,#2312);
#1711=LINE('',#13279,#2313);
#1712=LINE('',#13280,#2314);
#1713=LINE('',#13285,#2315);
#1714=LINE('',#13286,#2316);
#1715=LINE('',#13289,#2317);
#1716=LINE('',#13294,#2318);
#1717=LINE('',#13297,#2319);
#1718=LINE('',#13298,#2320);
#1719=LINE('',#13303,#2321);
#1720=LINE('',#13304,#2322);
#1721=LINE('',#13309,#2323);
#1722=LINE('',#13310,#2324);
#1723=LINE('',#13313,#2325);
#1724=LINE('',#13316,#2326);
#1725=LINE('',#13324,#2327);
#1726=LINE('',#13325,#2328);
#1727=LINE('',#13328,#2329);
#1728=LINE('',#13329,#2330);
#1729=LINE('',#13334,#2331);
#1730=LINE('',#13335,#2332);
#1731=LINE('',#13338,#2333);
#1732=LINE('',#13343,#2334);
#1733=LINE('',#13346,#2335);
#1734=LINE('',#13347,#2336);
#1735=LINE('',#13352,#2337);
#1736=LINE('',#13353,#2338);
#1737=LINE('',#13358,#2339);
#1738=LINE('',#13359,#2340);
#1739=LINE('',#13362,#2341);
#1740=LINE('',#13365,#2342);
#1741=LINE('',#13373,#2343);
#1742=LINE('',#13374,#2344);
#1743=LINE('',#13377,#2345);
#1744=LINE('',#13378,#2346);
#1745=LINE('',#13383,#2347);
#1746=LINE('',#13384,#2348);
#1747=LINE('',#13387,#2349);
#1748=LINE('',#13392,#2350);
#1749=LINE('',#13395,#2351);
#1750=LINE('',#13396,#2352);
#1751=LINE('',#13401,#2353);
#1752=LINE('',#13402,#2354);
#1753=LINE('',#13407,#2355);
#1754=LINE('',#13408,#2356);
#1755=LINE('',#13411,#2357);
#1756=LINE('',#13414,#2358);
#1757=LINE('',#13422,#2359);
#1758=LINE('',#13423,#2360);
#1759=LINE('',#13426,#2361);
#1760=LINE('',#13427,#2362);
#1761=LINE('',#13432,#2363);
#1762=LINE('',#13433,#2364);
#1763=LINE('',#13436,#2365);
#1764=LINE('',#13441,#2366);
#1765=LINE('',#13444,#2367);
#1766=LINE('',#13445,#2368);
#1767=LINE('',#13450,#2369);
#1768=LINE('',#13451,#2370);
#1769=LINE('',#13456,#2371);
#1770=LINE('',#13457,#2372);
#1771=LINE('',#13460,#2373);
#1772=LINE('',#13463,#2374);
#1773=LINE('',#13471,#2375);
#1774=LINE('',#13472,#2376);
#1775=LINE('',#13475,#2377);
#1776=LINE('',#13476,#2378);
#1777=LINE('',#13481,#2379);
#1778=LINE('',#13482,#2380);
#1779=LINE('',#13485,#2381);
#1780=LINE('',#13490,#2382);
#1781=LINE('',#13493,#2383);
#1782=LINE('',#13494,#2384);
#1783=LINE('',#13499,#2385);
#1784=LINE('',#13500,#2386);
#1785=LINE('',#13505,#2387);
#1786=LINE('',#13506,#2388);
#1787=LINE('',#13509,#2389);
#1788=LINE('',#13512,#2390);
#1789=LINE('',#13520,#2391);
#1790=LINE('',#13521,#2392);
#1791=LINE('',#13524,#2393);
#1792=LINE('',#13525,#2394);
#1793=LINE('',#13530,#2395);
#1794=LINE('',#13531,#2396);
#1795=LINE('',#13534,#2397);
#1796=LINE('',#13539,#2398);
#1797=LINE('',#13542,#2399);
#1798=LINE('',#13543,#2400);
#1799=LINE('',#13548,#2401);
#1800=LINE('',#13549,#2402);
#1801=LINE('',#13554,#2403);
#1802=LINE('',#13555,#2404);
#1803=LINE('',#13558,#2405);
#1804=LINE('',#13561,#2406);
#1805=LINE('',#13569,#2407);
#1806=LINE('',#13570,#2408);
#1807=LINE('',#13573,#2409);
#1808=LINE('',#13574,#2410);
#1809=LINE('',#13579,#2411);
#1810=LINE('',#13580,#2412);
#1811=LINE('',#13583,#2413);
#1812=LINE('',#13588,#2414);
#1813=LINE('',#13591,#2415);
#1814=LINE('',#13592,#2416);
#1815=LINE('',#13597,#2417);
#1816=LINE('',#13598,#2418);
#1817=LINE('',#13603,#2419);
#1818=LINE('',#13604,#2420);
#1819=LINE('',#13607,#2421);
#1820=LINE('',#13610,#2422);
#1821=LINE('',#13618,#2423);
#1822=LINE('',#13619,#2424);
#1823=LINE('',#13622,#2425);
#1824=LINE('',#13623,#2426);
#1825=LINE('',#13628,#2427);
#1826=LINE('',#13629,#2428);
#1827=LINE('',#13632,#2429);
#1828=LINE('',#13637,#2430);
#1829=LINE('',#13640,#2431);
#1830=LINE('',#13641,#2432);
#1831=LINE('',#13646,#2433);
#1832=LINE('',#13647,#2434);
#1833=LINE('',#13652,#2435);
#1834=LINE('',#13653,#2436);
#1835=LINE('',#13656,#2437);
#1836=LINE('',#13659,#2438);
#1837=LINE('',#13667,#2439);
#1838=LINE('',#13668,#2440);
#1839=LINE('',#13671,#2441);
#1840=LINE('',#13672,#2442);
#1841=LINE('',#13677,#2443);
#1842=LINE('',#13678,#2444);
#1843=LINE('',#13681,#2445);
#1844=LINE('',#13686,#2446);
#1845=LINE('',#13689,#2447);
#1846=LINE('',#13690,#2448);
#1847=LINE('',#13695,#2449);
#1848=LINE('',#13696,#2450);
#1849=LINE('',#13701,#2451);
#1850=LINE('',#13702,#2452);
#1851=LINE('',#13705,#2453);
#1852=LINE('',#13708,#2454);
#1853=LINE('',#13716,#2455);
#1854=LINE('',#13717,#2456);
#1855=LINE('',#13720,#2457);
#1856=LINE('',#13721,#2458);
#1857=LINE('',#13726,#2459);
#1858=LINE('',#13727,#2460);
#1859=LINE('',#13730,#2461);
#1860=LINE('',#13735,#2462);
#1861=LINE('',#13738,#2463);
#1862=LINE('',#13739,#2464);
#1863=LINE('',#13744,#2465);
#1864=LINE('',#13745,#2466);
#1865=LINE('',#13750,#2467);
#1866=LINE('',#13751,#2468);
#1867=LINE('',#13754,#2469);
#1868=LINE('',#13757,#2470);
#1869=LINE('',#13765,#2471);
#1870=LINE('',#13766,#2472);
#1871=LINE('',#13769,#2473);
#1872=LINE('',#13770,#2474);
#1873=LINE('',#13775,#2475);
#1874=LINE('',#13776,#2476);
#1875=LINE('',#13779,#2477);
#1876=LINE('',#13784,#2478);
#1877=LINE('',#13787,#2479);
#1878=LINE('',#13788,#2480);
#1879=LINE('',#13793,#2481);
#1880=LINE('',#13794,#2482);
#1881=LINE('',#13799,#2483);
#1882=LINE('',#13800,#2484);
#1883=LINE('',#13803,#2485);
#1884=LINE('',#13806,#2486);
#1885=VECTOR('',#8871,10.);
#1886=VECTOR('',#8874,10.);
#1887=VECTOR('',#8879,10.);
#1888=VECTOR('',#8888,10.);
#1889=VECTOR('',#8893,10.);
#1890=VECTOR('',#8896,10.);
#1891=VECTOR('',#8901,10.);
#1892=VECTOR('',#8910,10.);
#1893=VECTOR('',#8935,10.);
#1894=VECTOR('',#8964,10.);
#1895=VECTOR('',#8971,10.);
#1896=VECTOR('',#8974,10.);
#1897=VECTOR('',#8981,10.);
#1898=VECTOR('',#8984,10.);
#1899=VECTOR('',#8991,10.);
#1900=VECTOR('',#8994,10.);
#1901=VECTOR('',#9001,10.);
#1902=VECTOR('',#9004,10.);
#1903=VECTOR('',#9011,10.);
#1904=VECTOR('',#9014,10.);
#1905=VECTOR('',#9021,10.);
#1906=VECTOR('',#9024,10.);
#1907=VECTOR('',#9031,10.);
#1908=VECTOR('',#9034,10.);
#1909=VECTOR('',#9041,10.);
#1910=VECTOR('',#9044,10.);
#1911=VECTOR('',#9051,10.);
#1912=VECTOR('',#9054,10.);
#1913=VECTOR('',#9061,10.);
#1914=VECTOR('',#9064,10.);
#1915=VECTOR('',#9071,10.);
#1916=VECTOR('',#9074,10.);
#1917=VECTOR('',#9081,10.);
#1918=VECTOR('',#9084,10.);
#1919=VECTOR('',#9091,10.);
#1920=VECTOR('',#9094,10.);
#1921=VECTOR('',#9101,10.);
#1922=VECTOR('',#9104,10.);
#1923=VECTOR('',#9111,10.);
#1924=VECTOR('',#9114,10.);
#1925=VECTOR('',#9121,10.);
#1926=VECTOR('',#9124,10.);
#1927=VECTOR('',#9131,10.);
#1928=VECTOR('',#9134,10.);
#1929=VECTOR('',#9141,10.);
#1930=VECTOR('',#9144,10.);
#1931=VECTOR('',#9151,10.);
#1932=VECTOR('',#9154,10.);
#1933=VECTOR('',#9161,10.);
#1934=VECTOR('',#9164,10.);
#1935=VECTOR('',#9171,10.);
#1936=VECTOR('',#9174,10.);
#1937=VECTOR('',#9181,10.);
#1938=VECTOR('',#9184,10.);
#1939=VECTOR('',#9191,10.);
#1940=VECTOR('',#9194,10.);
#1941=VECTOR('',#9201,10.);
#1942=VECTOR('',#9204,10.);
#1943=VECTOR('',#9211,10.);
#1944=VECTOR('',#9214,10.);
#1945=VECTOR('',#9221,10.);
#1946=VECTOR('',#9224,10.);
#1947=VECTOR('',#9231,10.);
#1948=VECTOR('',#9234,10.);
#1949=VECTOR('',#9235,10.);
#1950=VECTOR('',#9242,10.);
#1951=VECTOR('',#9245,10.);
#1952=VECTOR('',#9252,10.);
#1953=VECTOR('',#9325,10.);
#1954=VECTOR('',#9328,10.);
#1955=VECTOR('',#9335,10.);
#1956=VECTOR('',#9338,10.);
#1957=VECTOR('',#9345,10.);
#1958=VECTOR('',#9348,10.);
#1959=VECTOR('',#9355,10.);
#1960=VECTOR('',#9358,10.);
#1961=VECTOR('',#9365,10.);
#1962=VECTOR('',#9368,10.);
#1963=VECTOR('',#9375,10.);
#1964=VECTOR('',#9378,10.);
#1965=VECTOR('',#9385,10.);
#1966=VECTOR('',#9388,10.);
#1967=VECTOR('',#9395,10.);
#1968=VECTOR('',#9398,10.);
#1969=VECTOR('',#9405,10.);
#1970=VECTOR('',#9408,10.);
#1971=VECTOR('',#9415,10.);
#1972=VECTOR('',#9418,10.);
#1973=VECTOR('',#9425,10.);
#1974=VECTOR('',#9428,10.);
#1975=VECTOR('',#9435,10.);
#1976=VECTOR('',#9438,10.);
#1977=VECTOR('',#9445,10.);
#1978=VECTOR('',#9448,10.);
#1979=VECTOR('',#9455,10.);
#1980=VECTOR('',#9458,10.);
#1981=VECTOR('',#9465,10.);
#1982=VECTOR('',#9468,10.);
#1983=VECTOR('',#9475,10.);
#1984=VECTOR('',#9478,10.);
#1985=VECTOR('',#9485,10.);
#1986=VECTOR('',#9488,10.);
#1987=VECTOR('',#9495,10.);
#1988=VECTOR('',#9498,10.);
#1989=VECTOR('',#9505,10.);
#1990=VECTOR('',#9508,10.);
#1991=VECTOR('',#9515,10.);
#1992=VECTOR('',#9518,10.);
#1993=VECTOR('',#9525,10.);
#1994=VECTOR('',#9528,10.);
#1995=VECTOR('',#9535,10.);
#1996=VECTOR('',#9538,10.);
#1997=VECTOR('',#9545,10.);
#1998=VECTOR('',#9548,10.);
#1999=VECTOR('',#9555,10.);
#2000=VECTOR('',#9558,10.);
#2001=VECTOR('',#9565,10.);
#2002=VECTOR('',#9568,10.);
#2003=VECTOR('',#9575,10.);
#2004=VECTOR('',#9578,10.);
#2005=VECTOR('',#9585,10.);
#2006=VECTOR('',#9588,10.);
#2007=VECTOR('',#9595,10.);
#2008=VECTOR('',#9598,10.);
#2009=VECTOR('',#9603,10.);
#2010=VECTOR('',#9604,10.);
#2011=VECTOR('',#9607,10.);
#2012=VECTOR('',#9608,10.);
#2013=VECTOR('',#9613,10.);
#2014=VECTOR('',#9614,10.);
#2015=VECTOR('',#9617,10.);
#2016=VECTOR('',#9624,10.);
#2017=VECTOR('',#9627,10.);
#2018=VECTOR('',#9628,10.);
#2019=VECTOR('',#9633,10.);
#2020=VECTOR('',#9634,10.);
#2021=VECTOR('',#9641,10.);
#2022=VECTOR('',#9642,10.);
#2023=VECTOR('',#9645,10.);
#2024=VECTOR('',#9650,10.);
#2025=VECTOR('',#9659,1.10000000000003);
#2026=VECTOR('',#9666,1.10000000000003);
#2027=VECTOR('',#9673,1.10000000000003);
#2028=VECTOR('',#9680,1.10000000000003);
#2029=VECTOR('',#9687,1.10000000000003);
#2030=VECTOR('',#9694,1.10000000000003);
#2031=VECTOR('',#9701,1.10000000000003);
#2032=VECTOR('',#9708,1.10000000000003);
#2033=VECTOR('',#9715,1.10000000000003);
#2034=VECTOR('',#9722,1.10000000000003);
#2035=VECTOR('',#9729,1.10000000000003);
#2036=VECTOR('',#9736,1.10000000000003);
#2037=VECTOR('',#9743,1.10000000000003);
#2038=VECTOR('',#9750,1.10000000000003);
#2039=VECTOR('',#9757,1.10000000000003);
#2040=VECTOR('',#9764,1.10000000000003);
#2041=VECTOR('',#9771,1.10000000000003);
#2042=VECTOR('',#9778,1.10000000000003);
#2043=VECTOR('',#9785,1.10000000000003);
#2044=VECTOR('',#9792,1.10000000000003);
#2045=VECTOR('',#9799,1.10000000000003);
#2046=VECTOR('',#9806,1.10000000000003);
#2047=VECTOR('',#9813,1.10000000000003);
#2048=VECTOR('',#9820,1.10000000000003);
#2049=VECTOR('',#9827,1.10000000000003);
#2050=VECTOR('',#9834,1.10000000000003);
#2051=VECTOR('',#9841,1.10000000000003);
#2052=VECTOR('',#9848,1.10000000000003);
#2053=VECTOR('',#9855,1.10000000000003);
#2054=VECTOR('',#9862,1.10000000000003);
#2055=VECTOR('',#9871,10.);
#2056=VECTOR('',#9872,10.);
#2057=VECTOR('',#9875,10.);
#2058=VECTOR('',#9876,10.);
#2059=VECTOR('',#9881,10.);
#2060=VECTOR('',#9882,10.);
#2061=VECTOR('',#9885,10.);
#2062=VECTOR('',#9892,10.);
#2063=VECTOR('',#9895,10.);
#2064=VECTOR('',#9896,10.);
#2065=VECTOR('',#9901,10.);
#2066=VECTOR('',#9902,10.);
#2067=VECTOR('',#9909,10.);
#2068=VECTOR('',#9910,10.);
#2069=VECTOR('',#9913,10.);
#2070=VECTOR('',#9918,10.);
#2071=VECTOR('',#9929,10.);
#2072=VECTOR('',#9930,10.);
#2073=VECTOR('',#9933,10.);
#2074=VECTOR('',#9934,10.);
#2075=VECTOR('',#9939,10.);
#2076=VECTOR('',#9940,10.);
#2077=VECTOR('',#9943,10.);
#2078=VECTOR('',#9950,10.);
#2079=VECTOR('',#9953,10.);
#2080=VECTOR('',#9954,10.);
#2081=VECTOR('',#9959,10.);
#2082=VECTOR('',#9960,10.);
#2083=VECTOR('',#9967,10.);
#2084=VECTOR('',#9968,10.);
#2085=VECTOR('',#9971,10.);
#2086=VECTOR('',#9976,10.);
#2087=VECTOR('',#9987,10.);
#2088=VECTOR('',#9988,10.);
#2089=VECTOR('',#9991,10.);
#2090=VECTOR('',#9992,10.);
#2091=VECTOR('',#9997,10.);
#2092=VECTOR('',#9998,10.);
#2093=VECTOR('',#10001,10.);
#2094=VECTOR('',#10008,10.);
#2095=VECTOR('',#10011,10.);
#2096=VECTOR('',#10012,10.);
#2097=VECTOR('',#10017,10.);
#2098=VECTOR('',#10018,10.);
#2099=VECTOR('',#10025,10.);
#2100=VECTOR('',#10026,10.);
#2101=VECTOR('',#10029,10.);
#2102=VECTOR('',#10034,10.);
#2103=VECTOR('',#10045,10.);
#2104=VECTOR('',#10046,10.);
#2105=VECTOR('',#10049,10.);
#2106=VECTOR('',#10050,10.);
#2107=VECTOR('',#10055,10.);
#2108=VECTOR('',#10056,10.);
#2109=VECTOR('',#10059,10.);
#2110=VECTOR('',#10066,10.);
#2111=VECTOR('',#10069,10.);
#2112=VECTOR('',#10070,10.);
#2113=VECTOR('',#10075,10.);
#2114=VECTOR('',#10076,10.);
#2115=VECTOR('',#10083,10.);
#2116=VECTOR('',#10084,10.);
#2117=VECTOR('',#10087,10.);
#2118=VECTOR('',#10092,10.);
#2119=VECTOR('',#10103,10.);
#2120=VECTOR('',#10104,10.);
#2121=VECTOR('',#10107,10.);
#2122=VECTOR('',#10108,10.);
#2123=VECTOR('',#10113,10.);
#2124=VECTOR('',#10114,10.);
#2125=VECTOR('',#10117,10.);
#2126=VECTOR('',#10124,10.);
#2127=VECTOR('',#10127,10.);
#2128=VECTOR('',#10128,10.);
#2129=VECTOR('',#10133,10.);
#2130=VECTOR('',#10134,10.);
#2131=VECTOR('',#10141,10.);
#2132=VECTOR('',#10142,10.);
#2133=VECTOR('',#10145,10.);
#2134=VECTOR('',#10150,10.);
#2135=VECTOR('',#10161,10.);
#2136=VECTOR('',#10162,10.);
#2137=VECTOR('',#10165,10.);
#2138=VECTOR('',#10166,10.);
#2139=VECTOR('',#10171,10.);
#2140=VECTOR('',#10172,10.);
#2141=VECTOR('',#10175,10.);
#2142=VECTOR('',#10182,10.);
#2143=VECTOR('',#10185,10.);
#2144=VECTOR('',#10186,10.);
#2145=VECTOR('',#10191,10.);
#2146=VECTOR('',#10192,10.);
#2147=VECTOR('',#10199,10.);
#2148=VECTOR('',#10200,10.);
#2149=VECTOR('',#10203,10.);
#2150=VECTOR('',#10208,10.);
#2151=VECTOR('',#10219,10.);
#2152=VECTOR('',#10220,10.);
#2153=VECTOR('',#10223,10.);
#2154=VECTOR('',#10224,10.);
#2155=VECTOR('',#10229,10.);
#2156=VECTOR('',#10230,10.);
#2157=VECTOR('',#10233,10.);
#2158=VECTOR('',#10240,10.);
#2159=VECTOR('',#10243,10.);
#2160=VECTOR('',#10244,10.);
#2161=VECTOR('',#10249,10.);
#2162=VECTOR('',#10250,10.);
#2163=VECTOR('',#10257,10.);
#2164=VECTOR('',#10258,10.);
#2165=VECTOR('',#10261,10.);
#2166=VECTOR('',#10266,10.);
#2167=VECTOR('',#10277,10.);
#2168=VECTOR('',#10278,10.);
#2169=VECTOR('',#10281,10.);
#2170=VECTOR('',#10282,10.);
#2171=VECTOR('',#10287,10.);
#2172=VECTOR('',#10288,10.);
#2173=VECTOR('',#10291,10.);
#2174=VECTOR('',#10298,10.);
#2175=VECTOR('',#10301,10.);
#2176=VECTOR('',#10302,10.);
#2177=VECTOR('',#10307,10.);
#2178=VECTOR('',#10308,10.);
#2179=VECTOR('',#10315,10.);
#2180=VECTOR('',#10316,10.);
#2181=VECTOR('',#10319,10.);
#2182=VECTOR('',#10324,10.);
#2183=VECTOR('',#10335,10.);
#2184=VECTOR('',#10336,10.);
#2185=VECTOR('',#10339,10.);
#2186=VECTOR('',#10340,10.);
#2187=VECTOR('',#10345,10.);
#2188=VECTOR('',#10346,10.);
#2189=VECTOR('',#10349,10.);
#2190=VECTOR('',#10356,10.);
#2191=VECTOR('',#10359,10.);
#2192=VECTOR('',#10360,10.);
#2193=VECTOR('',#10365,10.);
#2194=VECTOR('',#10366,10.);
#2195=VECTOR('',#10373,10.);
#2196=VECTOR('',#10374,10.);
#2197=VECTOR('',#10377,10.);
#2198=VECTOR('',#10382,10.);
#2199=VECTOR('',#10393,10.);
#2200=VECTOR('',#10394,10.);
#2201=VECTOR('',#10397,10.);
#2202=VECTOR('',#10398,10.);
#2203=VECTOR('',#10403,10.);
#2204=VECTOR('',#10404,10.);
#2205=VECTOR('',#10407,10.);
#2206=VECTOR('',#10414,10.);
#2207=VECTOR('',#10417,10.);
#2208=VECTOR('',#10418,10.);
#2209=VECTOR('',#10423,10.);
#2210=VECTOR('',#10424,10.);
#2211=VECTOR('',#10431,10.);
#2212=VECTOR('',#10432,10.);
#2213=VECTOR('',#10435,10.);
#2214=VECTOR('',#10440,10.);
#2215=VECTOR('',#10451,10.);
#2216=VECTOR('',#10452,10.);
#2217=VECTOR('',#10455,10.);
#2218=VECTOR('',#10456,10.);
#2219=VECTOR('',#10461,10.);
#2220=VECTOR('',#10462,10.);
#2221=VECTOR('',#10465,10.);
#2222=VECTOR('',#10472,10.);
#2223=VECTOR('',#10475,10.);
#2224=VECTOR('',#10476,10.);
#2225=VECTOR('',#10481,10.);
#2226=VECTOR('',#10482,10.);
#2227=VECTOR('',#10489,10.);
#2228=VECTOR('',#10490,10.);
#2229=VECTOR('',#10493,10.);
#2230=VECTOR('',#10498,10.);
#2231=VECTOR('',#10509,10.);
#2232=VECTOR('',#10510,10.);
#2233=VECTOR('',#10513,10.);
#2234=VECTOR('',#10514,10.);
#2235=VECTOR('',#10519,10.);
#2236=VECTOR('',#10520,10.);
#2237=VECTOR('',#10523,10.);
#2238=VECTOR('',#10530,10.);
#2239=VECTOR('',#10533,10.);
#2240=VECTOR('',#10534,10.);
#2241=VECTOR('',#10539,10.);
#2242=VECTOR('',#10540,10.);
#2243=VECTOR('',#10547,10.);
#2244=VECTOR('',#10548,10.);
#2245=VECTOR('',#10551,10.);
#2246=VECTOR('',#10556,10.);
#2247=VECTOR('',#10567,10.);
#2248=VECTOR('',#10568,10.);
#2249=VECTOR('',#10571,10.);
#2250=VECTOR('',#10572,10.);
#2251=VECTOR('',#10577,10.);
#2252=VECTOR('',#10578,10.);
#2253=VECTOR('',#10581,10.);
#2254=VECTOR('',#10588,10.);
#2255=VECTOR('',#10591,10.);
#2256=VECTOR('',#10592,10.);
#2257=VECTOR('',#10597,10.);
#2258=VECTOR('',#10598,10.);
#2259=VECTOR('',#10605,10.);
#2260=VECTOR('',#10606,10.);
#2261=VECTOR('',#10609,10.);
#2262=VECTOR('',#10614,10.);
#2263=VECTOR('',#10625,10.);
#2264=VECTOR('',#10626,10.);
#2265=VECTOR('',#10629,10.);
#2266=VECTOR('',#10630,10.);
#2267=VECTOR('',#10635,10.);
#2268=VECTOR('',#10636,10.);
#2269=VECTOR('',#10639,10.);
#2270=VECTOR('',#10646,10.);
#2271=VECTOR('',#10649,10.);
#2272=VECTOR('',#10650,10.);
#2273=VECTOR('',#10655,10.);
#2274=VECTOR('',#10656,10.);
#2275=VECTOR('',#10663,10.);
#2276=VECTOR('',#10664,10.);
#2277=VECTOR('',#10667,10.);
#2278=VECTOR('',#10672,10.);
#2279=VECTOR('',#10683,10.);
#2280=VECTOR('',#10684,10.);
#2281=VECTOR('',#10687,10.);
#2282=VECTOR('',#10688,10.);
#2283=VECTOR('',#10693,10.);
#2284=VECTOR('',#10694,10.);
#2285=VECTOR('',#10697,10.);
#2286=VECTOR('',#10704,10.);
#2287=VECTOR('',#10707,10.);
#2288=VECTOR('',#10708,10.);
#2289=VECTOR('',#10713,10.);
#2290=VECTOR('',#10714,10.);
#2291=VECTOR('',#10721,10.);
#2292=VECTOR('',#10722,10.);
#2293=VECTOR('',#10725,10.);
#2294=VECTOR('',#10730,10.);
#2295=VECTOR('',#10741,10.);
#2296=VECTOR('',#10742,10.);
#2297=VECTOR('',#10745,10.);
#2298=VECTOR('',#10746,10.);
#2299=VECTOR('',#10751,10.);
#2300=VECTOR('',#10752,10.);
#2301=VECTOR('',#10755,10.);
#2302=VECTOR('',#10762,10.);
#2303=VECTOR('',#10765,10.);
#2304=VECTOR('',#10766,10.);
#2305=VECTOR('',#10771,10.);
#2306=VECTOR('',#10772,10.);
#2307=VECTOR('',#10779,10.);
#2308=VECTOR('',#10780,10.);
#2309=VECTOR('',#10783,10.);
#2310=VECTOR('',#10788,10.);
#2311=VECTOR('',#10799,10.);
#2312=VECTOR('',#10800,10.);
#2313=VECTOR('',#10803,10.);
#2314=VECTOR('',#10804,10.);
#2315=VECTOR('',#10809,10.);
#2316=VECTOR('',#10810,10.);
#2317=VECTOR('',#10813,10.);
#2318=VECTOR('',#10820,10.);
#2319=VECTOR('',#10823,10.);
#2320=VECTOR('',#10824,10.);
#2321=VECTOR('',#10829,10.);
#2322=VECTOR('',#10830,10.);
#2323=VECTOR('',#10837,10.);
#2324=VECTOR('',#10838,10.);
#2325=VECTOR('',#10841,10.);
#2326=VECTOR('',#10846,10.);
#2327=VECTOR('',#10857,10.);
#2328=VECTOR('',#10858,10.);
#2329=VECTOR('',#10861,10.);
#2330=VECTOR('',#10862,10.);
#2331=VECTOR('',#10867,10.);
#2332=VECTOR('',#10868,10.);
#2333=VECTOR('',#10871,10.);
#2334=VECTOR('',#10878,10.);
#2335=VECTOR('',#10881,10.);
#2336=VECTOR('',#10882,10.);
#2337=VECTOR('',#10887,10.);
#2338=VECTOR('',#10888,10.);
#2339=VECTOR('',#10895,10.);
#2340=VECTOR('',#10896,10.);
#2341=VECTOR('',#10899,10.);
#2342=VECTOR('',#10904,10.);
#2343=VECTOR('',#10915,10.);
#2344=VECTOR('',#10916,10.);
#2345=VECTOR('',#10919,10.);
#2346=VECTOR('',#10920,10.);
#2347=VECTOR('',#10925,10.);
#2348=VECTOR('',#10926,10.);
#2349=VECTOR('',#10929,10.);
#2350=VECTOR('',#10936,10.);
#2351=VECTOR('',#10939,10.);
#2352=VECTOR('',#10940,10.);
#2353=VECTOR('',#10945,10.);
#2354=VECTOR('',#10946,10.);
#2355=VECTOR('',#10953,10.);
#2356=VECTOR('',#10954,10.);
#2357=VECTOR('',#10957,10.);
#2358=VECTOR('',#10962,10.);
#2359=VECTOR('',#10973,10.);
#2360=VECTOR('',#10974,10.);
#2361=VECTOR('',#10977,10.);
#2362=VECTOR('',#10978,10.);
#2363=VECTOR('',#10983,10.);
#2364=VECTOR('',#10984,10.);
#2365=VECTOR('',#10987,10.);
#2366=VECTOR('',#10994,10.);
#2367=VECTOR('',#10997,10.);
#2368=VECTOR('',#10998,10.);
#2369=VECTOR('',#11003,10.);
#2370=VECTOR('',#11004,10.);
#2371=VECTOR('',#11011,10.);
#2372=VECTOR('',#11012,10.);
#2373=VECTOR('',#11015,10.);
#2374=VECTOR('',#11020,10.);
#2375=VECTOR('',#11031,10.);
#2376=VECTOR('',#11032,10.);
#2377=VECTOR('',#11035,10.);
#2378=VECTOR('',#11036,10.);
#2379=VECTOR('',#11041,10.);
#2380=VECTOR('',#11042,10.);
#2381=VECTOR('',#11045,10.);
#2382=VECTOR('',#11052,10.);
#2383=VECTOR('',#11055,10.);
#2384=VECTOR('',#11056,10.);
#2385=VECTOR('',#11061,10.);
#2386=VECTOR('',#11062,10.);
#2387=VECTOR('',#11069,10.);
#2388=VECTOR('',#11070,10.);
#2389=VECTOR('',#11073,10.);
#2390=VECTOR('',#11078,10.);
#2391=VECTOR('',#11089,10.);
#2392=VECTOR('',#11090,10.);
#2393=VECTOR('',#11093,10.);
#2394=VECTOR('',#11094,10.);
#2395=VECTOR('',#11099,10.);
#2396=VECTOR('',#11100,10.);
#2397=VECTOR('',#11103,10.);
#2398=VECTOR('',#11110,10.);
#2399=VECTOR('',#11113,10.);
#2400=VECTOR('',#11114,10.);
#2401=VECTOR('',#11119,10.);
#2402=VECTOR('',#11120,10.);
#2403=VECTOR('',#11127,10.);
#2404=VECTOR('',#11128,10.);
#2405=VECTOR('',#11131,10.);
#2406=VECTOR('',#11136,10.);
#2407=VECTOR('',#11147,10.);
#2408=VECTOR('',#11148,10.);
#2409=VECTOR('',#11151,10.);
#2410=VECTOR('',#11152,10.);
#2411=VECTOR('',#11157,10.);
#2412=VECTOR('',#11158,10.);
#2413=VECTOR('',#11161,10.);
#2414=VECTOR('',#11168,10.);
#2415=VECTOR('',#11171,10.);
#2416=VECTOR('',#11172,10.);
#2417=VECTOR('',#11177,10.);
#2418=VECTOR('',#11178,10.);
#2419=VECTOR('',#11185,10.);
#2420=VECTOR('',#11186,10.);
#2421=VECTOR('',#11189,10.);
#2422=VECTOR('',#11194,10.);
#2423=VECTOR('',#11205,10.);
#2424=VECTOR('',#11206,10.);
#2425=VECTOR('',#11209,10.);
#2426=VECTOR('',#11210,10.);
#2427=VECTOR('',#11215,10.);
#2428=VECTOR('',#11216,10.);
#2429=VECTOR('',#11219,10.);
#2430=VECTOR('',#11226,10.);
#2431=VECTOR('',#11229,10.);
#2432=VECTOR('',#11230,10.);
#2433=VECTOR('',#11235,10.);
#2434=VECTOR('',#11236,10.);
#2435=VECTOR('',#11243,10.);
#2436=VECTOR('',#11244,10.);
#2437=VECTOR('',#11247,10.);
#2438=VECTOR('',#11252,10.);
#2439=VECTOR('',#11263,10.);
#2440=VECTOR('',#11264,10.);
#2441=VECTOR('',#11267,10.);
#2442=VECTOR('',#11268,10.);
#2443=VECTOR('',#11273,10.);
#2444=VECTOR('',#11274,10.);
#2445=VECTOR('',#11277,10.);
#2446=VECTOR('',#11284,10.);
#2447=VECTOR('',#11287,10.);
#2448=VECTOR('',#11288,10.);
#2449=VECTOR('',#11293,10.);
#2450=VECTOR('',#11294,10.);
#2451=VECTOR('',#11301,10.);
#2452=VECTOR('',#11302,10.);
#2453=VECTOR('',#11305,10.);
#2454=VECTOR('',#11310,10.);
#2455=VECTOR('',#11321,10.);
#2456=VECTOR('',#11322,10.);
#2457=VECTOR('',#11325,10.);
#2458=VECTOR('',#11326,10.);
#2459=VECTOR('',#11331,10.);
#2460=VECTOR('',#11332,10.);
#2461=VECTOR('',#11335,10.);
#2462=VECTOR('',#11342,10.);
#2463=VECTOR('',#11345,10.);
#2464=VECTOR('',#11346,10.);
#2465=VECTOR('',#11351,10.);
#2466=VECTOR('',#11352,10.);
#2467=VECTOR('',#11359,10.);
#2468=VECTOR('',#11360,10.);
#2469=VECTOR('',#11363,10.);
#2470=VECTOR('',#11368,10.);
#2471=VECTOR('',#11379,10.);
#2472=VECTOR('',#11380,10.);
#2473=VECTOR('',#11383,10.);
#2474=VECTOR('',#11384,10.);
#2475=VECTOR('',#11389,10.);
#2476=VECTOR('',#11390,10.);
#2477=VECTOR('',#11393,10.);
#2478=VECTOR('',#11400,10.);
#2479=VECTOR('',#11403,10.);
#2480=VECTOR('',#11404,10.);
#2481=VECTOR('',#11409,10.);
#2482=VECTOR('',#11410,10.);
#2483=VECTOR('',#11417,10.);
#2484=VECTOR('',#11418,10.);
#2485=VECTOR('',#11421,10.);
#2486=VECTOR('',#11426,10.);
#2487=CIRCLE('',#7884,174.312904961284);
#2488=CIRCLE('',#7885,178.317101916899);
#2489=CIRCLE('',#7887,174.482090771517);
#2490=CIRCLE('',#7888,178.482492138585);
#2491=CIRCLE('',#7890,178.317101916899);
#2492=CIRCLE('',#7891,174.312904961284);
#2493=CIRCLE('',#7893,178.317101916899);
#2494=CIRCLE('',#7894,174.312904961284);
#2495=CIRCLE('',#7896,178.482492138585);
#2496=CIRCLE('',#7897,174.482090771517);
#2497=CIRCLE('',#7899,174.312904961284);
#2498=CIRCLE('',#7900,178.317101916899);
#2499=CIRCLE('',#7902,175.);
#2500=CIRCLE('',#7903,174.499283667622);
#2501=CIRCLE('',#7905,174.256007283451);
#2502=CIRCLE('',#7906,174.256007283451);
#2503=CIRCLE('',#7907,174.499283667622);
#2504=CIRCLE('',#7908,174.5);
#2505=CIRCLE('',#7909,174.499283667622);
#2506=CIRCLE('',#7910,174.256007283451);
#2507=CIRCLE('',#7911,174.256007283451);
#2508=CIRCLE('',#7913,178.261482307227);
#2509=CIRCLE('',#7915,178.);
#2510=CIRCLE('',#7916,178.499299719888);
#2511=CIRCLE('',#7918,178.261482307227);
#2512=CIRCLE('',#7919,178.261482307227);
#2513=CIRCLE('',#7920,178.499299719888);
#2514=CIRCLE('',#7921,178.5);
#2515=CIRCLE('',#7922,178.499299719888);
#2516=CIRCLE('',#7923,178.261482307227);
#2517=CIRCLE('',#7925,178.);
#2518=CIRCLE('',#7928,175.);
#2519=CIRCLE('',#7931,0.1);
#2520=CIRCLE('',#7932,176.);
#2521=CIRCLE('',#7933,0.1);
#2522=CIRCLE('',#7934,2.10000000000004);
#2523=CIRCLE('',#7935,0.1);
#2524=CIRCLE('',#7936,177.);
#2525=CIRCLE('',#7937,0.1);
#2526=CIRCLE('',#7938,2.10000000000004);
#2527=CIRCLE('',#7939,0.1);
#2528=CIRCLE('',#7940,176.);
#2529=CIRCLE('',#7941,0.1);
#2530=CIRCLE('',#7942,2.10000000000004);
#2531=CIRCLE('',#7943,0.1);
#2532=CIRCLE('',#7944,177.);
#2533=CIRCLE('',#7945,0.1);
#2534=CIRCLE('',#7946,2.10000000000004);
#2535=CIRCLE('',#7947,0.1);
#2536=CIRCLE('',#7948,176.);
#2537=CIRCLE('',#7949,0.1);
#2538=CIRCLE('',#7950,2.10000000000004);
#2539=CIRCLE('',#7951,0.1);
#2540=CIRCLE('',#7952,177.);
#2541=CIRCLE('',#7953,0.1);
#2542=CIRCLE('',#7954,2.10000000000004);
#2543=CIRCLE('',#7955,0.1);
#2544=CIRCLE('',#7956,176.);
#2545=CIRCLE('',#7957,0.1);
#2546=CIRCLE('',#7958,2.10000000000004);
#2547=CIRCLE('',#7959,0.1);
#2548=CIRCLE('',#7960,177.);
#2549=CIRCLE('',#7961,0.1);
#2550=CIRCLE('',#7962,2.10000000000004);
#2551=CIRCLE('',#7963,0.1);
#2552=CIRCLE('',#7964,176.);
#2553=CIRCLE('',#7965,0.1);
#2554=CIRCLE('',#7966,2.10000000000004);
#2555=CIRCLE('',#7967,0.1);
#2556=CIRCLE('',#7968,177.);
#2557=CIRCLE('',#7969,0.1);
#2558=CIRCLE('',#7970,2.10000000000004);
#2559=CIRCLE('',#7971,0.1);
#2560=CIRCLE('',#7972,176.);
#2561=CIRCLE('',#7973,0.1);
#2562=CIRCLE('',#7974,2.10000000000004);
#2563=CIRCLE('',#7975,0.1);
#2564=CIRCLE('',#7976,177.);
#2565=CIRCLE('',#7977,0.1);
#2566=CIRCLE('',#7978,2.10000000000004);
#2567=CIRCLE('',#7979,0.1);
#2568=CIRCLE('',#7980,176.);
#2569=CIRCLE('',#7981,0.1);
#2570=CIRCLE('',#7982,2.10000000000004);
#2571=CIRCLE('',#7983,0.1);
#2572=CIRCLE('',#7984,177.);
#2573=CIRCLE('',#7985,0.1);
#2574=CIRCLE('',#7986,2.10000000000004);
#2575=CIRCLE('',#7987,0.1);
#2576=CIRCLE('',#7988,176.);
#2577=CIRCLE('',#7989,0.1);
#2578=CIRCLE('',#7990,2.10000000000004);
#2579=CIRCLE('',#7991,0.1);
#2580=CIRCLE('',#7992,177.);
#2581=CIRCLE('',#7993,0.1);
#2582=CIRCLE('',#7994,2.10000000000004);
#2583=CIRCLE('',#7995,0.1);
#2584=CIRCLE('',#7996,176.);
#2585=CIRCLE('',#7997,0.1);
#2586=CIRCLE('',#7998,2.10000000000004);
#2587=CIRCLE('',#7999,0.1);
#2588=CIRCLE('',#8000,177.);
#2589=CIRCLE('',#8001,0.1);
#2590=CIRCLE('',#8002,2.10000000000004);
#2591=CIRCLE('',#8003,0.1);
#2592=CIRCLE('',#8004,176.);
#2593=CIRCLE('',#8005,0.1);
#2594=CIRCLE('',#8006,2.10000000000004);
#2595=CIRCLE('',#8007,0.1);
#2596=CIRCLE('',#8008,177.);
#2597=CIRCLE('',#8009,0.1);
#2598=CIRCLE('',#8010,2.10000000000004);
#2599=CIRCLE('',#8011,0.1);
#2600=CIRCLE('',#8012,176.);
#2601=CIRCLE('',#8013,0.1);
#2602=CIRCLE('',#8014,2.10000000000004);
#2603=CIRCLE('',#8015,0.1);
#2604=CIRCLE('',#8016,177.);
#2605=CIRCLE('',#8017,0.1);
#2606=CIRCLE('',#8018,2.10000000000004);
#2607=CIRCLE('',#8019,0.1);
#2608=CIRCLE('',#8020,176.);
#2609=CIRCLE('',#8021,0.1);
#2610=CIRCLE('',#8022,2.10000000000004);
#2611=CIRCLE('',#8023,0.1);
#2612=CIRCLE('',#8024,177.);
#2613=CIRCLE('',#8025,0.1);
#2614=CIRCLE('',#8026,2.10000000000004);
#2615=CIRCLE('',#8027,0.1);
#2616=CIRCLE('',#8028,176.);
#2617=CIRCLE('',#8029,0.1);
#2618=CIRCLE('',#8030,2.10000000000004);
#2619=CIRCLE('',#8031,0.1);
#2620=CIRCLE('',#8032,177.);
#2621=CIRCLE('',#8033,0.1);
#2622=CIRCLE('',#8034,2.10000000000004);
#2623=CIRCLE('',#8035,0.1);
#2624=CIRCLE('',#8036,177.);
#2625=CIRCLE('',#8037,0.1);
#2626=CIRCLE('',#8038,2.10000000000004);
#2627=CIRCLE('',#8039,0.1);
#2628=CIRCLE('',#8040,176.);
#2629=CIRCLE('',#8041,0.1);
#2630=CIRCLE('',#8042,2.10000000000004);
#2631=CIRCLE('',#8043,1.10000000000003);
#2632=CIRCLE('',#8044,1.10000000000003);
#2633=CIRCLE('',#8045,1.10000000000003);
#2634=CIRCLE('',#8046,1.10000000000003);
#2635=CIRCLE('',#8047,1.10000000000003);
#2636=CIRCLE('',#8048,1.10000000000003);
#2637=CIRCLE('',#8049,1.10000000000003);
#2638=CIRCLE('',#8050,1.10000000000003);
#2639=CIRCLE('',#8051,1.10000000000003);
#2640=CIRCLE('',#8052,1.10000000000003);
#2641=CIRCLE('',#8053,1.10000000000003);
#2642=CIRCLE('',#8054,1.10000000000003);
#2643=CIRCLE('',#8055,1.10000000000003);
#2644=CIRCLE('',#8056,1.10000000000003);
#2645=CIRCLE('',#8057,1.10000000000003);
#2646=CIRCLE('',#8060,1.10000000000003);
#2647=CIRCLE('',#8061,1.10000000000003);
#2648=CIRCLE('',#8062,1.10000000000003);
#2649=CIRCLE('',#8063,1.10000000000003);
#2650=CIRCLE('',#8064,1.10000000000003);
#2651=CIRCLE('',#8065,1.10000000000003);
#2652=CIRCLE('',#8066,1.10000000000003);
#2653=CIRCLE('',#8067,1.10000000000003);
#2654=CIRCLE('',#8068,1.10000000000003);
#2655=CIRCLE('',#8069,1.10000000000003);
#2656=CIRCLE('',#8070,1.10000000000003);
#2657=CIRCLE('',#8071,1.10000000000003);
#2658=CIRCLE('',#8072,1.10000000000003);
#2659=CIRCLE('',#8073,1.10000000000003);
#2660=CIRCLE('',#8074,1.10000000000003);
#2661=CIRCLE('',#8075,0.1);
#2662=CIRCLE('',#8076,176.);
#2663=CIRCLE('',#8077,0.1);
#2664=CIRCLE('',#8078,2.10000000000004);
#2665=CIRCLE('',#8079,0.1);
#2666=CIRCLE('',#8080,177.);
#2667=CIRCLE('',#8081,0.1);
#2668=CIRCLE('',#8082,2.10000000000004);
#2669=CIRCLE('',#8083,0.1);
#2670=CIRCLE('',#8084,176.);
#2671=CIRCLE('',#8085,0.1);
#2672=CIRCLE('',#8086,2.10000000000004);
#2673=CIRCLE('',#8087,0.1);
#2674=CIRCLE('',#8088,177.);
#2675=CIRCLE('',#8089,0.1);
#2676=CIRCLE('',#8090,2.10000000000004);
#2677=CIRCLE('',#8091,0.1);
#2678=CIRCLE('',#8092,176.);
#2679=CIRCLE('',#8093,0.1);
#2680=CIRCLE('',#8094,2.10000000000004);
#2681=CIRCLE('',#8095,0.1);
#2682=CIRCLE('',#8096,177.);
#2683=CIRCLE('',#8097,0.1);
#2684=CIRCLE('',#8098,2.10000000000004);
#2685=CIRCLE('',#8099,0.1);
#2686=CIRCLE('',#8100,176.);
#2687=CIRCLE('',#8101,0.1);
#2688=CIRCLE('',#8102,2.10000000000004);
#2689=CIRCLE('',#8103,0.1);
#2690=CIRCLE('',#8104,177.);
#2691=CIRCLE('',#8105,0.1);
#2692=CIRCLE('',#8106,2.10000000000004);
#2693=CIRCLE('',#8107,0.1);
#2694=CIRCLE('',#8108,176.);
#2695=CIRCLE('',#8109,0.1);
#2696=CIRCLE('',#8110,2.10000000000004);
#2697=CIRCLE('',#8111,0.1);
#2698=CIRCLE('',#8112,177.);
#2699=CIRCLE('',#8113,0.1);
#2700=CIRCLE('',#8114,2.10000000000004);
#2701=CIRCLE('',#8115,0.1);
#2702=CIRCLE('',#8116,176.);
#2703=CIRCLE('',#8117,0.1);
#2704=CIRCLE('',#8118,2.10000000000004);
#2705=CIRCLE('',#8119,0.1);
#2706=CIRCLE('',#8120,177.);
#2707=CIRCLE('',#8121,0.1);
#2708=CIRCLE('',#8122,2.10000000000004);
#2709=CIRCLE('',#8123,0.1);
#2710=CIRCLE('',#8124,176.);
#2711=CIRCLE('',#8125,0.1);
#2712=CIRCLE('',#8126,2.10000000000004);
#2713=CIRCLE('',#8127,0.1);
#2714=CIRCLE('',#8128,177.);
#2715=CIRCLE('',#8129,0.1);
#2716=CIRCLE('',#8130,2.10000000000004);
#2717=CIRCLE('',#8131,0.1);
#2718=CIRCLE('',#8132,176.);
#2719=CIRCLE('',#8133,0.1);
#2720=CIRCLE('',#8134,2.10000000000004);
#2721=CIRCLE('',#8135,0.1);
#2722=CIRCLE('',#8136,177.);
#2723=CIRCLE('',#8137,0.1);
#2724=CIRCLE('',#8138,2.10000000000004);
#2725=CIRCLE('',#8139,0.1);
#2726=CIRCLE('',#8140,176.);
#2727=CIRCLE('',#8141,0.1);
#2728=CIRCLE('',#8142,2.10000000000004);
#2729=CIRCLE('',#8143,0.1);
#2730=CIRCLE('',#8144,177.);
#2731=CIRCLE('',#8145,0.1);
#2732=CIRCLE('',#8146,2.10000000000004);
#2733=CIRCLE('',#8147,0.1);
#2734=CIRCLE('',#8148,176.);
#2735=CIRCLE('',#8149,0.1);
#2736=CIRCLE('',#8150,2.10000000000004);
#2737=CIRCLE('',#8151,0.1);
#2738=CIRCLE('',#8152,177.);
#2739=CIRCLE('',#8153,0.1);
#2740=CIRCLE('',#8154,2.10000000000004);
#2741=CIRCLE('',#8155,0.1);
#2742=CIRCLE('',#8156,176.);
#2743=CIRCLE('',#8157,0.1);
#2744=CIRCLE('',#8158,2.10000000000004);
#2745=CIRCLE('',#8159,0.1);
#2746=CIRCLE('',#8160,177.);
#2747=CIRCLE('',#8161,0.1);
#2748=CIRCLE('',#8162,2.10000000000004);
#2749=CIRCLE('',#8163,0.1);
#2750=CIRCLE('',#8164,176.);
#2751=CIRCLE('',#8165,0.1);
#2752=CIRCLE('',#8166,2.10000000000004);
#2753=CIRCLE('',#8167,0.1);
#2754=CIRCLE('',#8168,177.);
#2755=CIRCLE('',#8169,0.1);
#2756=CIRCLE('',#8170,2.10000000000004);
#2757=CIRCLE('',#8171,0.1);
#2758=CIRCLE('',#8172,176.);
#2759=CIRCLE('',#8173,0.1);
#2760=CIRCLE('',#8174,2.10000000000004);
#2761=CIRCLE('',#8175,0.1);
#2762=CIRCLE('',#8176,177.);
#2763=CIRCLE('',#8177,0.1);
#2764=CIRCLE('',#8178,2.10000000000004);
#2765=CIRCLE('',#8179,0.1);
#2766=CIRCLE('',#8180,176.);
#2767=CIRCLE('',#8181,0.1);
#2768=CIRCLE('',#8182,2.10000000000004);
#2769=CIRCLE('',#8183,0.1);
#2770=CIRCLE('',#8184,177.);
#2771=CIRCLE('',#8185,0.1);
#2772=CIRCLE('',#8186,2.10000000000004);
#2773=CIRCLE('',#8188,0.1);
#2774=CIRCLE('',#8191,0.1);
#2775=CIRCLE('',#8193,177.);
#2776=CIRCLE('',#8195,0.1);
#2777=CIRCLE('',#8198,0.1);
#2778=CIRCLE('',#8200,176.);
#2779=CIRCLE('',#8203,2.10000000000004);
#2780=CIRCLE('',#8206,2.10000000000004);
#2781=CIRCLE('',#8209,1.10000000000003);
#2782=CIRCLE('',#8212,1.10000000000003);
#2783=CIRCLE('',#8215,1.10000000000003);
#2784=CIRCLE('',#8218,1.10000000000003);
#2785=CIRCLE('',#8221,1.10000000000003);
#2786=CIRCLE('',#8224,1.10000000000003);
#2787=CIRCLE('',#8227,1.10000000000003);
#2788=CIRCLE('',#8230,1.10000000000003);
#2789=CIRCLE('',#8233,1.10000000000003);
#2790=CIRCLE('',#8236,1.10000000000003);
#2791=CIRCLE('',#8239,1.10000000000003);
#2792=CIRCLE('',#8242,1.10000000000003);
#2793=CIRCLE('',#8245,1.10000000000003);
#2794=CIRCLE('',#8248,1.10000000000003);
#2795=CIRCLE('',#8251,1.10000000000003);
#2796=CIRCLE('',#8254,1.10000000000003);
#2797=CIRCLE('',#8257,1.10000000000003);
#2798=CIRCLE('',#8260,1.10000000000003);
#2799=CIRCLE('',#8263,1.10000000000003);
#2800=CIRCLE('',#8266,1.10000000000003);
#2801=CIRCLE('',#8269,1.10000000000003);
#2802=CIRCLE('',#8272,1.10000000000003);
#2803=CIRCLE('',#8275,1.10000000000003);
#2804=CIRCLE('',#8278,1.10000000000003);
#2805=CIRCLE('',#8281,1.10000000000003);
#2806=CIRCLE('',#8284,1.10000000000003);
#2807=CIRCLE('',#8287,1.10000000000003);
#2808=CIRCLE('',#8290,1.10000000000003);
#2809=CIRCLE('',#8293,1.10000000000003);
#2810=CIRCLE('',#8296,1.10000000000003);
#2811=CIRCLE('',#8299,0.1);
#2812=CIRCLE('',#8302,0.1);
#2813=CIRCLE('',#8304,177.);
#2814=CIRCLE('',#8306,0.1);
#2815=CIRCLE('',#8309,0.1);
#2816=CIRCLE('',#8311,176.);
#2817=CIRCLE('',#8314,2.10000000000004);
#2818=CIRCLE('',#8317,2.10000000000004);
#2819=CIRCLE('',#8320,0.1);
#2820=CIRCLE('',#8323,0.1);
#2821=CIRCLE('',#8325,177.);
#2822=CIRCLE('',#8327,0.1);
#2823=CIRCLE('',#8330,0.1);
#2824=CIRCLE('',#8332,176.);
#2825=CIRCLE('',#8335,2.10000000000004);
#2826=CIRCLE('',#8338,2.10000000000004);
#2827=CIRCLE('',#8341,0.1);
#2828=CIRCLE('',#8344,0.1);
#2829=CIRCLE('',#8346,177.);
#2830=CIRCLE('',#8348,0.1);
#2831=CIRCLE('',#8351,0.1);
#2832=CIRCLE('',#8353,176.);
#2833=CIRCLE('',#8356,2.10000000000004);
#2834=CIRCLE('',#8359,2.10000000000004);
#2835=CIRCLE('',#8362,0.1);
#2836=CIRCLE('',#8365,0.1);
#2837=CIRCLE('',#8367,177.);
#2838=CIRCLE('',#8369,0.1);
#2839=CIRCLE('',#8372,0.1);
#2840=CIRCLE('',#8374,176.);
#2841=CIRCLE('',#8377,2.10000000000004);
#2842=CIRCLE('',#8380,2.10000000000004);
#2843=CIRCLE('',#8383,0.1);
#2844=CIRCLE('',#8386,0.1);
#2845=CIRCLE('',#8388,177.);
#2846=CIRCLE('',#8390,0.1);
#2847=CIRCLE('',#8393,0.1);
#2848=CIRCLE('',#8395,176.);
#2849=CIRCLE('',#8398,2.10000000000004);
#2850=CIRCLE('',#8401,2.10000000000004);
#2851=CIRCLE('',#8404,0.1);
#2852=CIRCLE('',#8407,0.1);
#2853=CIRCLE('',#8409,177.);
#2854=CIRCLE('',#8411,0.1);
#2855=CIRCLE('',#8414,0.1);
#2856=CIRCLE('',#8416,176.);
#2857=CIRCLE('',#8419,2.10000000000004);
#2858=CIRCLE('',#8422,2.10000000000004);
#2859=CIRCLE('',#8425,0.1);
#2860=CIRCLE('',#8428,0.1);
#2861=CIRCLE('',#8430,177.);
#2862=CIRCLE('',#8432,0.1);
#2863=CIRCLE('',#8435,0.1);
#2864=CIRCLE('',#8437,176.);
#2865=CIRCLE('',#8440,2.10000000000004);
#2866=CIRCLE('',#8443,2.10000000000004);
#2867=CIRCLE('',#8446,0.1);
#2868=CIRCLE('',#8449,0.1);
#2869=CIRCLE('',#8451,177.);
#2870=CIRCLE('',#8453,0.1);
#2871=CIRCLE('',#8456,0.1);
#2872=CIRCLE('',#8458,176.);
#2873=CIRCLE('',#8461,2.10000000000004);
#2874=CIRCLE('',#8464,2.10000000000004);
#2875=CIRCLE('',#8467,0.1);
#2876=CIRCLE('',#8470,0.1);
#2877=CIRCLE('',#8472,177.);
#2878=CIRCLE('',#8474,0.1);
#2879=CIRCLE('',#8477,0.1);
#2880=CIRCLE('',#8479,176.);
#2881=CIRCLE('',#8482,2.10000000000004);
#2882=CIRCLE('',#8485,2.10000000000004);
#2883=CIRCLE('',#8488,0.1);
#2884=CIRCLE('',#8491,0.1);
#2885=CIRCLE('',#8493,177.);
#2886=CIRCLE('',#8495,0.1);
#2887=CIRCLE('',#8498,0.1);
#2888=CIRCLE('',#8500,176.);
#2889=CIRCLE('',#8503,2.10000000000004);
#2890=CIRCLE('',#8506,2.10000000000004);
#2891=CIRCLE('',#8509,0.1);
#2892=CIRCLE('',#8512,0.1);
#2893=CIRCLE('',#8514,177.);
#2894=CIRCLE('',#8516,0.1);
#2895=CIRCLE('',#8519,0.1);
#2896=CIRCLE('',#8521,176.);
#2897=CIRCLE('',#8524,2.10000000000004);
#2898=CIRCLE('',#8527,2.10000000000004);
#2899=CIRCLE('',#8530,0.1);
#2900=CIRCLE('',#8533,0.1);
#2901=CIRCLE('',#8535,177.);
#2902=CIRCLE('',#8537,0.1);
#2903=CIRCLE('',#8540,0.1);
#2904=CIRCLE('',#8542,176.);
#2905=CIRCLE('',#8545,2.10000000000004);
#2906=CIRCLE('',#8548,2.10000000000004);
#2907=CIRCLE('',#8551,0.1);
#2908=CIRCLE('',#8554,0.1);
#2909=CIRCLE('',#8556,177.);
#2910=CIRCLE('',#8558,0.1);
#2911=CIRCLE('',#8561,0.1);
#2912=CIRCLE('',#8563,176.);
#2913=CIRCLE('',#8566,2.10000000000004);
#2914=CIRCLE('',#8569,2.10000000000004);
#2915=CIRCLE('',#8572,0.1);
#2916=CIRCLE('',#8575,0.1);
#2917=CIRCLE('',#8577,177.);
#2918=CIRCLE('',#8579,0.1);
#2919=CIRCLE('',#8582,0.1);
#2920=CIRCLE('',#8584,176.);
#2921=CIRCLE('',#8587,2.10000000000004);
#2922=CIRCLE('',#8590,2.10000000000004);
#2923=CIRCLE('',#8593,0.1);
#2924=CIRCLE('',#8596,0.1);
#2925=CIRCLE('',#8598,177.);
#2926=CIRCLE('',#8600,0.1);
#2927=CIRCLE('',#8603,0.1);
#2928=CIRCLE('',#8605,176.);
#2929=CIRCLE('',#8608,2.10000000000004);
#2930=CIRCLE('',#8611,2.10000000000004);
#2931=CIRCLE('',#8614,0.1);
#2932=CIRCLE('',#8617,0.1);
#2933=CIRCLE('',#8619,177.);
#2934=CIRCLE('',#8621,0.1);
#2935=CIRCLE('',#8624,0.1);
#2936=CIRCLE('',#8626,176.);
#2937=CIRCLE('',#8629,2.10000000000004);
#2938=CIRCLE('',#8632,2.10000000000004);
#2939=CIRCLE('',#8635,0.1);
#2940=CIRCLE('',#8638,0.1);
#2941=CIRCLE('',#8640,177.);
#2942=CIRCLE('',#8642,0.1);
#2943=CIRCLE('',#8645,0.1);
#2944=CIRCLE('',#8647,176.);
#2945=CIRCLE('',#8650,2.10000000000004);
#2946=CIRCLE('',#8653,2.10000000000004);
#2947=CIRCLE('',#8656,0.1);
#2948=CIRCLE('',#8659,0.1);
#2949=CIRCLE('',#8661,177.);
#2950=CIRCLE('',#8663,0.1);
#2951=CIRCLE('',#8666,0.1);
#2952=CIRCLE('',#8668,176.);
#2953=CIRCLE('',#8671,2.10000000000004);
#2954=CIRCLE('',#8674,2.10000000000004);
#2955=CIRCLE('',#8677,0.1);
#2956=CIRCLE('',#8680,0.1);
#2957=CIRCLE('',#8682,177.);
#2958=CIRCLE('',#8684,0.1);
#2959=CIRCLE('',#8687,0.1);
#2960=CIRCLE('',#8689,176.);
#2961=CIRCLE('',#8692,2.10000000000004);
#2962=CIRCLE('',#8695,2.10000000000004);
#2963=CIRCLE('',#8698,0.1);
#2964=CIRCLE('',#8701,0.1);
#2965=CIRCLE('',#8703,177.);
#2966=CIRCLE('',#8705,0.1);
#2967=CIRCLE('',#8708,0.1);
#2968=CIRCLE('',#8710,176.);
#2969=CIRCLE('',#8713,2.10000000000004);
#2970=CIRCLE('',#8716,2.10000000000004);
#2971=CIRCLE('',#8719,0.1);
#2972=CIRCLE('',#8722,0.1);
#2973=CIRCLE('',#8724,177.);
#2974=CIRCLE('',#8726,0.1);
#2975=CIRCLE('',#8729,0.1);
#2976=CIRCLE('',#8731,176.);
#2977=CIRCLE('',#8734,2.10000000000004);
#2978=CIRCLE('',#8737,2.10000000000004);
#2979=CIRCLE('',#8740,0.1);
#2980=CIRCLE('',#8743,0.1);
#2981=CIRCLE('',#8745,177.);
#2982=CIRCLE('',#8747,0.1);
#2983=CIRCLE('',#8750,0.1);
#2984=CIRCLE('',#8752,176.);
#2985=CIRCLE('',#8755,2.10000000000004);
#2986=CIRCLE('',#8758,2.10000000000004);
#2987=CIRCLE('',#8761,0.1);
#2988=CIRCLE('',#8764,0.1);
#2989=CIRCLE('',#8766,177.);
#2990=CIRCLE('',#8768,0.1);
#2991=CIRCLE('',#8771,0.1);
#2992=CIRCLE('',#8773,176.);
#2993=CIRCLE('',#8776,2.10000000000004);
#2994=CIRCLE('',#8779,2.10000000000004);
#2995=CIRCLE('',#8782,0.1);
#2996=CIRCLE('',#8785,0.1);
#2997=CIRCLE('',#8787,177.);
#2998=CIRCLE('',#8789,0.1);
#2999=CIRCLE('',#8792,0.1);
#3000=CIRCLE('',#8794,176.);
#3001=CIRCLE('',#8797,2.10000000000004);
#3002=CIRCLE('',#8800,2.10000000000004);
#3003=CIRCLE('',#8803,0.1);
#3004=CIRCLE('',#8806,0.1);
#3005=CIRCLE('',#8808,177.);
#3006=CIRCLE('',#8810,0.1);
#3007=CIRCLE('',#8813,0.1);
#3008=CIRCLE('',#8815,176.);
#3009=CIRCLE('',#8818,2.10000000000004);
#3010=CIRCLE('',#8821,2.10000000000004);
#3011=CIRCLE('',#8824,0.1);
#3012=CIRCLE('',#8827,0.1);
#3013=CIRCLE('',#8829,177.);
#3014=CIRCLE('',#8831,0.1);
#3015=CIRCLE('',#8834,0.1);
#3016=CIRCLE('',#8836,176.);
#3017=CIRCLE('',#8839,2.10000000000004);
#3018=CIRCLE('',#8842,2.10000000000004);
#3019=CIRCLE('',#8845,0.1);
#3020=CIRCLE('',#8848,0.1);
#3021=CIRCLE('',#8850,177.);
#3022=CIRCLE('',#8852,0.1);
#3023=CIRCLE('',#8855,0.1);
#3024=CIRCLE('',#8857,176.);
#3025=CIRCLE('',#8860,2.10000000000004);
#3026=CIRCLE('',#8863,2.10000000000004);
#3027=VERTEX_POINT('',#11435);
#3028=VERTEX_POINT('',#11436);
#3029=VERTEX_POINT('',#11438);
#3030=VERTEX_POINT('',#11440);
#3031=VERTEX_POINT('',#11444);
#3032=VERTEX_POINT('',#11446);
#3033=VERTEX_POINT('',#11450);
#3034=VERTEX_POINT('',#11452);
#3035=VERTEX_POINT('',#11456);
#3036=VERTEX_POINT('',#11457);
#3037=VERTEX_POINT('',#11459);
#3038=VERTEX_POINT('',#11461);
#3039=VERTEX_POINT('',#11465);
#3040=VERTEX_POINT('',#11467);
#3041=VERTEX_POINT('',#11471);
#3042=VERTEX_POINT('',#11473);
#3043=VERTEX_POINT('',#11477);
#3044=VERTEX_POINT('',#11478);
#3045=VERTEX_POINT('',#11482);
#3046=VERTEX_POINT('',#11484);
#3047=VERTEX_POINT('',#11491);
#3048=VERTEX_POINT('',#11493);
#3049=VERTEX_POINT('',#11495);
#3050=VERTEX_POINT('',#11497);
#3051=VERTEX_POINT('',#11502);
#3052=VERTEX_POINT('',#11504);
#3053=VERTEX_POINT('',#11510);
#3054=VERTEX_POINT('',#11512);
#3055=VERTEX_POINT('',#11519);
#3056=VERTEX_POINT('',#11521);
#3057=VERTEX_POINT('',#11523);
#3058=VERTEX_POINT('',#11525);
#3059=VERTEX_POINT('',#11529);
#3060=VERTEX_POINT('',#11533);
#3061=VERTEX_POINT('',#11539);
#3062=VERTEX_POINT('',#11545);
#3063=VERTEX_POINT('',#11554);
#3064=VERTEX_POINT('',#11555);
#3065=VERTEX_POINT('',#11557);
#3066=VERTEX_POINT('',#11559);
#3067=VERTEX_POINT('',#11561);
#3068=VERTEX_POINT('',#11563);
#3069=VERTEX_POINT('',#11565);
#3070=VERTEX_POINT('',#11567);
#3071=VERTEX_POINT('',#11569);
#3072=VERTEX_POINT('',#11571);
#3073=VERTEX_POINT('',#11573);
#3074=VERTEX_POINT('',#11575);
#3075=VERTEX_POINT('',#11578);
#3076=VERTEX_POINT('',#11579);
#3077=VERTEX_POINT('',#11581);
#3078=VERTEX_POINT('',#11583);
#3079=VERTEX_POINT('',#11585);
#3080=VERTEX_POINT('',#11587);
#3081=VERTEX_POINT('',#11589);
#3082=VERTEX_POINT('',#11591);
#3083=VERTEX_POINT('',#11593);
#3084=VERTEX_POINT('',#11595);
#3085=VERTEX_POINT('',#11597);
#3086=VERTEX_POINT('',#11599);
#3087=VERTEX_POINT('',#11602);
#3088=VERTEX_POINT('',#11603);
#3089=VERTEX_POINT('',#11605);
#3090=VERTEX_POINT('',#11607);
#3091=VERTEX_POINT('',#11609);
#3092=VERTEX_POINT('',#11611);
#3093=VERTEX_POINT('',#11613);
#3094=VERTEX_POINT('',#11615);
#3095=VERTEX_POINT('',#11617);
#3096=VERTEX_POINT('',#11619);
#3097=VERTEX_POINT('',#11621);
#3098=VERTEX_POINT('',#11623);
#3099=VERTEX_POINT('',#11626);
#3100=VERTEX_POINT('',#11627);
#3101=VERTEX_POINT('',#11629);
#3102=VERTEX_POINT('',#11631);
#3103=VERTEX_POINT('',#11633);
#3104=VERTEX_POINT('',#11635);
#3105=VERTEX_POINT('',#11637);
#3106=VERTEX_POINT('',#11639);
#3107=VERTEX_POINT('',#11641);
#3108=VERTEX_POINT('',#11643);
#3109=VERTEX_POINT('',#11645);
#3110=VERTEX_POINT('',#11647);
#3111=VERTEX_POINT('',#11650);
#3112=VERTEX_POINT('',#11651);
#3113=VERTEX_POINT('',#11653);
#3114=VERTEX_POINT('',#11655);
#3115=VERTEX_POINT('',#11657);
#3116=VERTEX_POINT('',#11659);
#3117=VERTEX_POINT('',#11661);
#3118=VERTEX_POINT('',#11663);
#3119=VERTEX_POINT('',#11665);
#3120=VERTEX_POINT('',#11667);
#3121=VERTEX_POINT('',#11669);
#3122=VERTEX_POINT('',#11671);
#3123=VERTEX_POINT('',#11674);
#3124=VERTEX_POINT('',#11675);
#3125=VERTEX_POINT('',#11677);
#3126=VERTEX_POINT('',#11679);
#3127=VERTEX_POINT('',#11681);
#3128=VERTEX_POINT('',#11683);
#3129=VERTEX_POINT('',#11685);
#3130=VERTEX_POINT('',#11687);
#3131=VERTEX_POINT('',#11689);
#3132=VERTEX_POINT('',#11691);
#3133=VERTEX_POINT('',#11693);
#3134=VERTEX_POINT('',#11695);
#3135=VERTEX_POINT('',#11698);
#3136=VERTEX_POINT('',#11699);
#3137=VERTEX_POINT('',#11701);
#3138=VERTEX_POINT('',#11703);
#3139=VERTEX_POINT('',#11705);
#3140=VERTEX_POINT('',#11707);
#3141=VERTEX_POINT('',#11709);
#3142=VERTEX_POINT('',#11711);
#3143=VERTEX_POINT('',#11713);
#3144=VERTEX_POINT('',#11715);
#3145=VERTEX_POINT('',#11717);
#3146=VERTEX_POINT('',#11719);
#3147=VERTEX_POINT('',#11722);
#3148=VERTEX_POINT('',#11723);
#3149=VERTEX_POINT('',#11725);
#3150=VERTEX_POINT('',#11727);
#3151=VERTEX_POINT('',#11729);
#3152=VERTEX_POINT('',#11731);
#3153=VERTEX_POINT('',#11733);
#3154=VERTEX_POINT('',#11735);
#3155=VERTEX_POINT('',#11737);
#3156=VERTEX_POINT('',#11739);
#3157=VERTEX_POINT('',#11741);
#3158=VERTEX_POINT('',#11743);
#3159=VERTEX_POINT('',#11746);
#3160=VERTEX_POINT('',#11747);
#3161=VERTEX_POINT('',#11749);
#3162=VERTEX_POINT('',#11751);
#3163=VERTEX_POINT('',#11753);
#3164=VERTEX_POINT('',#11755);
#3165=VERTEX_POINT('',#11757);
#3166=VERTEX_POINT('',#11759);
#3167=VERTEX_POINT('',#11761);
#3168=VERTEX_POINT('',#11763);
#3169=VERTEX_POINT('',#11765);
#3170=VERTEX_POINT('',#11767);
#3171=VERTEX_POINT('',#11770);
#3172=VERTEX_POINT('',#11771);
#3173=VERTEX_POINT('',#11773);
#3174=VERTEX_POINT('',#11775);
#3175=VERTEX_POINT('',#11777);
#3176=VERTEX_POINT('',#11779);
#3177=VERTEX_POINT('',#11781);
#3178=VERTEX_POINT('',#11783);
#3179=VERTEX_POINT('',#11785);
#3180=VERTEX_POINT('',#11787);
#3181=VERTEX_POINT('',#11789);
#3182=VERTEX_POINT('',#11791);
#3183=VERTEX_POINT('',#11794);
#3184=VERTEX_POINT('',#11795);
#3185=VERTEX_POINT('',#11797);
#3186=VERTEX_POINT('',#11799);
#3187=VERTEX_POINT('',#11801);
#3188=VERTEX_POINT('',#11803);
#3189=VERTEX_POINT('',#11805);
#3190=VERTEX_POINT('',#11807);
#3191=VERTEX_POINT('',#11809);
#3192=VERTEX_POINT('',#11811);
#3193=VERTEX_POINT('',#11813);
#3194=VERTEX_POINT('',#11815);
#3195=VERTEX_POINT('',#11818);
#3196=VERTEX_POINT('',#11819);
#3197=VERTEX_POINT('',#11821);
#3198=VERTEX_POINT('',#11823);
#3199=VERTEX_POINT('',#11825);
#3200=VERTEX_POINT('',#11827);
#3201=VERTEX_POINT('',#11829);
#3202=VERTEX_POINT('',#11831);
#3203=VERTEX_POINT('',#11833);
#3204=VERTEX_POINT('',#11835);
#3205=VERTEX_POINT('',#11837);
#3206=VERTEX_POINT('',#11839);
#3207=VERTEX_POINT('',#11842);
#3208=VERTEX_POINT('',#11843);
#3209=VERTEX_POINT('',#11845);
#3210=VERTEX_POINT('',#11847);
#3211=VERTEX_POINT('',#11849);
#3212=VERTEX_POINT('',#11851);
#3213=VERTEX_POINT('',#11853);
#3214=VERTEX_POINT('',#11855);
#3215=VERTEX_POINT('',#11857);
#3216=VERTEX_POINT('',#11859);
#3217=VERTEX_POINT('',#11861);
#3218=VERTEX_POINT('',#11863);
#3219=VERTEX_POINT('',#11866);
#3220=VERTEX_POINT('',#11867);
#3221=VERTEX_POINT('',#11869);
#3222=VERTEX_POINT('',#11871);
#3223=VERTEX_POINT('',#11873);
#3224=VERTEX_POINT('',#11875);
#3225=VERTEX_POINT('',#11877);
#3226=VERTEX_POINT('',#11879);
#3227=VERTEX_POINT('',#11881);
#3228=VERTEX_POINT('',#11883);
#3229=VERTEX_POINT('',#11885);
#3230=VERTEX_POINT('',#11887);
#3231=VERTEX_POINT('',#11890);
#3232=VERTEX_POINT('',#11892);
#3233=VERTEX_POINT('',#11894);
#3234=VERTEX_POINT('',#11896);
#3235=VERTEX_POINT('',#11898);
#3236=VERTEX_POINT('',#11900);
#3237=VERTEX_POINT('',#11902);
#3238=VERTEX_POINT('',#11904);
#3239=VERTEX_POINT('',#11906);
#3240=VERTEX_POINT('',#11908);
#3241=VERTEX_POINT('',#11910);
#3242=VERTEX_POINT('',#11912);
#3243=VERTEX_POINT('',#11914);
#3244=VERTEX_POINT('',#11916);
#3245=VERTEX_POINT('',#11918);
#3246=VERTEX_POINT('',#11922);
#3247=VERTEX_POINT('',#11924);
#3248=VERTEX_POINT('',#11926);
#3249=VERTEX_POINT('',#11928);
#3250=VERTEX_POINT('',#11930);
#3251=VERTEX_POINT('',#11932);
#3252=VERTEX_POINT('',#11934);
#3253=VERTEX_POINT('',#11936);
#3254=VERTEX_POINT('',#11938);
#3255=VERTEX_POINT('',#11940);
#3256=VERTEX_POINT('',#11942);
#3257=VERTEX_POINT('',#11944);
#3258=VERTEX_POINT('',#11946);
#3259=VERTEX_POINT('',#11948);
#3260=VERTEX_POINT('',#11950);
#3261=VERTEX_POINT('',#11952);
#3262=VERTEX_POINT('',#11953);
#3263=VERTEX_POINT('',#11955);
#3264=VERTEX_POINT('',#11957);
#3265=VERTEX_POINT('',#11959);
#3266=VERTEX_POINT('',#11961);
#3267=VERTEX_POINT('',#11963);
#3268=VERTEX_POINT('',#11965);
#3269=VERTEX_POINT('',#11967);
#3270=VERTEX_POINT('',#11969);
#3271=VERTEX_POINT('',#11971);
#3272=VERTEX_POINT('',#11973);
#3273=VERTEX_POINT('',#11976);
#3274=VERTEX_POINT('',#11977);
#3275=VERTEX_POINT('',#11979);
#3276=VERTEX_POINT('',#11981);
#3277=VERTEX_POINT('',#11983);
#3278=VERTEX_POINT('',#11985);
#3279=VERTEX_POINT('',#11987);
#3280=VERTEX_POINT('',#11989);
#3281=VERTEX_POINT('',#11991);
#3282=VERTEX_POINT('',#11993);
#3283=VERTEX_POINT('',#11995);
#3284=VERTEX_POINT('',#11997);
#3285=VERTEX_POINT('',#12000);
#3286=VERTEX_POINT('',#12001);
#3287=VERTEX_POINT('',#12003);
#3288=VERTEX_POINT('',#12005);
#3289=VERTEX_POINT('',#12007);
#3290=VERTEX_POINT('',#12009);
#3291=VERTEX_POINT('',#12011);
#3292=VERTEX_POINT('',#12013);
#3293=VERTEX_POINT('',#12015);
#3294=VERTEX_POINT('',#12017);
#3295=VERTEX_POINT('',#12019);
#3296=VERTEX_POINT('',#12021);
#3297=VERTEX_POINT('',#12024);
#3298=VERTEX_POINT('',#12025);
#3299=VERTEX_POINT('',#12027);
#3300=VERTEX_POINT('',#12029);
#3301=VERTEX_POINT('',#12031);
#3302=VERTEX_POINT('',#12033);
#3303=VERTEX_POINT('',#12035);
#3304=VERTEX_POINT('',#12037);
#3305=VERTEX_POINT('',#12039);
#3306=VERTEX_POINT('',#12041);
#3307=VERTEX_POINT('',#12043);
#3308=VERTEX_POINT('',#12045);
#3309=VERTEX_POINT('',#12048);
#3310=VERTEX_POINT('',#12049);
#3311=VERTEX_POINT('',#12051);
#3312=VERTEX_POINT('',#12053);
#3313=VERTEX_POINT('',#12055);
#3314=VERTEX_POINT('',#12057);
#3315=VERTEX_POINT('',#12059);
#3316=VERTEX_POINT('',#12061);
#3317=VERTEX_POINT('',#12063);
#3318=VERTEX_POINT('',#12065);
#3319=VERTEX_POINT('',#12067);
#3320=VERTEX_POINT('',#12069);
#3321=VERTEX_POINT('',#12072);
#3322=VERTEX_POINT('',#12073);
#3323=VERTEX_POINT('',#12075);
#3324=VERTEX_POINT('',#12077);
#3325=VERTEX_POINT('',#12079);
#3326=VERTEX_POINT('',#12081);
#3327=VERTEX_POINT('',#12083);
#3328=VERTEX_POINT('',#12085);
#3329=VERTEX_POINT('',#12087);
#3330=VERTEX_POINT('',#12089);
#3331=VERTEX_POINT('',#12091);
#3332=VERTEX_POINT('',#12093);
#3333=VERTEX_POINT('',#12096);
#3334=VERTEX_POINT('',#12097);
#3335=VERTEX_POINT('',#12099);
#3336=VERTEX_POINT('',#12101);
#3337=VERTEX_POINT('',#12103);
#3338=VERTEX_POINT('',#12105);
#3339=VERTEX_POINT('',#12107);
#3340=VERTEX_POINT('',#12109);
#3341=VERTEX_POINT('',#12111);
#3342=VERTEX_POINT('',#12113);
#3343=VERTEX_POINT('',#12115);
#3344=VERTEX_POINT('',#12117);
#3345=VERTEX_POINT('',#12120);
#3346=VERTEX_POINT('',#12121);
#3347=VERTEX_POINT('',#12123);
#3348=VERTEX_POINT('',#12125);
#3349=VERTEX_POINT('',#12127);
#3350=VERTEX_POINT('',#12129);
#3351=VERTEX_POINT('',#12131);
#3352=VERTEX_POINT('',#12133);
#3353=VERTEX_POINT('',#12135);
#3354=VERTEX_POINT('',#12137);
#3355=VERTEX_POINT('',#12139);
#3356=VERTEX_POINT('',#12141);
#3357=VERTEX_POINT('',#12144);
#3358=VERTEX_POINT('',#12145);
#3359=VERTEX_POINT('',#12147);
#3360=VERTEX_POINT('',#12149);
#3361=VERTEX_POINT('',#12151);
#3362=VERTEX_POINT('',#12153);
#3363=VERTEX_POINT('',#12155);
#3364=VERTEX_POINT('',#12157);
#3365=VERTEX_POINT('',#12159);
#3366=VERTEX_POINT('',#12161);
#3367=VERTEX_POINT('',#12163);
#3368=VERTEX_POINT('',#12165);
#3369=VERTEX_POINT('',#12168);
#3370=VERTEX_POINT('',#12169);
#3371=VERTEX_POINT('',#12171);
#3372=VERTEX_POINT('',#12173);
#3373=VERTEX_POINT('',#12175);
#3374=VERTEX_POINT('',#12177);
#3375=VERTEX_POINT('',#12179);
#3376=VERTEX_POINT('',#12181);
#3377=VERTEX_POINT('',#12183);
#3378=VERTEX_POINT('',#12185);
#3379=VERTEX_POINT('',#12187);
#3380=VERTEX_POINT('',#12189);
#3381=VERTEX_POINT('',#12192);
#3382=VERTEX_POINT('',#12193);
#3383=VERTEX_POINT('',#12195);
#3384=VERTEX_POINT('',#12197);
#3385=VERTEX_POINT('',#12199);
#3386=VERTEX_POINT('',#12201);
#3387=VERTEX_POINT('',#12203);
#3388=VERTEX_POINT('',#12205);
#3389=VERTEX_POINT('',#12207);
#3390=VERTEX_POINT('',#12209);
#3391=VERTEX_POINT('',#12211);
#3392=VERTEX_POINT('',#12213);
#3393=VERTEX_POINT('',#12216);
#3394=VERTEX_POINT('',#12217);
#3395=VERTEX_POINT('',#12219);
#3396=VERTEX_POINT('',#12221);
#3397=VERTEX_POINT('',#12223);
#3398=VERTEX_POINT('',#12225);
#3399=VERTEX_POINT('',#12227);
#3400=VERTEX_POINT('',#12229);
#3401=VERTEX_POINT('',#12231);
#3402=VERTEX_POINT('',#12233);
#3403=VERTEX_POINT('',#12235);
#3404=VERTEX_POINT('',#12237);
#3405=VERTEX_POINT('',#12240);
#3406=VERTEX_POINT('',#12241);
#3407=VERTEX_POINT('',#12243);
#3408=VERTEX_POINT('',#12245);
#3409=VERTEX_POINT('',#12247);
#3410=VERTEX_POINT('',#12249);
#3411=VERTEX_POINT('',#12251);
#3412=VERTEX_POINT('',#12253);
#3413=VERTEX_POINT('',#12255);
#3414=VERTEX_POINT('',#12257);
#3415=VERTEX_POINT('',#12259);
#3416=VERTEX_POINT('',#12261);
#3417=VERTEX_POINT('',#12264);
#3418=VERTEX_POINT('',#12265);
#3419=VERTEX_POINT('',#12267);
#3420=VERTEX_POINT('',#12269);
#3421=VERTEX_POINT('',#12271);
#3422=VERTEX_POINT('',#12273);
#3423=VERTEX_POINT('',#12275);
#3424=VERTEX_POINT('',#12277);
#3425=VERTEX_POINT('',#12279);
#3426=VERTEX_POINT('',#12281);
#3427=VERTEX_POINT('',#12283);
#3428=VERTEX_POINT('',#12285);
#3429=VERTEX_POINT('',#12289);
#3430=VERTEX_POINT('',#12290);
#3431=VERTEX_POINT('',#12295);
#3432=VERTEX_POINT('',#12299);
#3433=VERTEX_POINT('',#12300);
#3434=VERTEX_POINT('',#12305);
#3435=VERTEX_POINT('',#12309);
#3436=VERTEX_POINT('',#12313);
#3437=VERTEX_POINT('',#12317);
#3438=VERTEX_POINT('',#12318);
#3439=VERTEX_POINT('',#12325);
#3440=VERTEX_POINT('',#12329);
#3441=VERTEX_POINT('',#12338);
#3442=VERTEX_POINT('',#12343);
#3443=VERTEX_POINT('',#12348);
#3444=VERTEX_POINT('',#12353);
#3445=VERTEX_POINT('',#12358);
#3446=VERTEX_POINT('',#12363);
#3447=VERTEX_POINT('',#12368);
#3448=VERTEX_POINT('',#12373);
#3449=VERTEX_POINT('',#12378);
#3450=VERTEX_POINT('',#12383);
#3451=VERTEX_POINT('',#12388);
#3452=VERTEX_POINT('',#12393);
#3453=VERTEX_POINT('',#12398);
#3454=VERTEX_POINT('',#12403);
#3455=VERTEX_POINT('',#12408);
#3456=VERTEX_POINT('',#12413);
#3457=VERTEX_POINT('',#12418);
#3458=VERTEX_POINT('',#12423);
#3459=VERTEX_POINT('',#12428);
#3460=VERTEX_POINT('',#12433);
#3461=VERTEX_POINT('',#12438);
#3462=VERTEX_POINT('',#12443);
#3463=VERTEX_POINT('',#12448);
#3464=VERTEX_POINT('',#12453);
#3465=VERTEX_POINT('',#12458);
#3466=VERTEX_POINT('',#12463);
#3467=VERTEX_POINT('',#12468);
#3468=VERTEX_POINT('',#12473);
#3469=VERTEX_POINT('',#12478);
#3470=VERTEX_POINT('',#12483);
#3471=VERTEX_POINT('',#12488);
#3472=VERTEX_POINT('',#12489);
#3473=VERTEX_POINT('',#12494);
#3474=VERTEX_POINT('',#12498);
#3475=VERTEX_POINT('',#12499);
#3476=VERTEX_POINT('',#12504);
#3477=VERTEX_POINT('',#12508);
#3478=VERTEX_POINT('',#12512);
#3479=VERTEX_POINT('',#12516);
#3480=VERTEX_POINT('',#12517);
#3481=VERTEX_POINT('',#12524);
#3482=VERTEX_POINT('',#12528);
#3483=VERTEX_POINT('',#12537);
#3484=VERTEX_POINT('',#12538);
#3485=VERTEX_POINT('',#12543);
#3486=VERTEX_POINT('',#12547);
#3487=VERTEX_POINT('',#12548);
#3488=VERTEX_POINT('',#12553);
#3489=VERTEX_POINT('',#12557);
#3490=VERTEX_POINT('',#12561);
#3491=VERTEX_POINT('',#12565);
#3492=VERTEX_POINT('',#12566);
#3493=VERTEX_POINT('',#12573);
#3494=VERTEX_POINT('',#12577);
#3495=VERTEX_POINT('',#12586);
#3496=VERTEX_POINT('',#12587);
#3497=VERTEX_POINT('',#12592);
#3498=VERTEX_POINT('',#12596);
#3499=VERTEX_POINT('',#12597);
#3500=VERTEX_POINT('',#12602);
#3501=VERTEX_POINT('',#12606);
#3502=VERTEX_POINT('',#12610);
#3503=VERTEX_POINT('',#12614);
#3504=VERTEX_POINT('',#12615);
#3505=VERTEX_POINT('',#12622);
#3506=VERTEX_POINT('',#12626);
#3507=VERTEX_POINT('',#12635);
#3508=VERTEX_POINT('',#12636);
#3509=VERTEX_POINT('',#12641);
#3510=VERTEX_POINT('',#12645);
#3511=VERTEX_POINT('',#12646);
#3512=VERTEX_POINT('',#12651);
#3513=VERTEX_POINT('',#12655);
#3514=VERTEX_POINT('',#12659);
#3515=VERTEX_POINT('',#12663);
#3516=VERTEX_POINT('',#12664);
#3517=VERTEX_POINT('',#12671);
#3518=VERTEX_POINT('',#12675);
#3519=VERTEX_POINT('',#12684);
#3520=VERTEX_POINT('',#12685);
#3521=VERTEX_POINT('',#12690);
#3522=VERTEX_POINT('',#12694);
#3523=VERTEX_POINT('',#12695);
#3524=VERTEX_POINT('',#12700);
#3525=VERTEX_POINT('',#12704);
#3526=VERTEX_POINT('',#12708);
#3527=VERTEX_POINT('',#12712);
#3528=VERTEX_POINT('',#12713);
#3529=VERTEX_POINT('',#12720);
#3530=VERTEX_POINT('',#12724);
#3531=VERTEX_POINT('',#12733);
#3532=VERTEX_POINT('',#12734);
#3533=VERTEX_POINT('',#12739);
#3534=VERTEX_POINT('',#12743);
#3535=VERTEX_POINT('',#12744);
#3536=VERTEX_POINT('',#12749);
#3537=VERTEX_POINT('',#12753);
#3538=VERTEX_POINT('',#12757);
#3539=VERTEX_POINT('',#12761);
#3540=VERTEX_POINT('',#12762);
#3541=VERTEX_POINT('',#12769);
#3542=VERTEX_POINT('',#12773);
#3543=VERTEX_POINT('',#12782);
#3544=VERTEX_POINT('',#12783);
#3545=VERTEX_POINT('',#12788);
#3546=VERTEX_POINT('',#12792);
#3547=VERTEX_POINT('',#12793);
#3548=VERTEX_POINT('',#12798);
#3549=VERTEX_POINT('',#12802);
#3550=VERTEX_POINT('',#12806);
#3551=VERTEX_POINT('',#12810);
#3552=VERTEX_POINT('',#12811);
#3553=VERTEX_POINT('',#12818);
#3554=VERTEX_POINT('',#12822);
#3555=VERTEX_POINT('',#12831);
#3556=VERTEX_POINT('',#12832);
#3557=VERTEX_POINT('',#12837);
#3558=VERTEX_POINT('',#12841);
#3559=VERTEX_POINT('',#12842);
#3560=VERTEX_POINT('',#12847);
#3561=VERTEX_POINT('',#12851);
#3562=VERTEX_POINT('',#12855);
#3563=VERTEX_POINT('',#12859);
#3564=VERTEX_POINT('',#12860);
#3565=VERTEX_POINT('',#12867);
#3566=VERTEX_POINT('',#12871);
#3567=VERTEX_POINT('',#12880);
#3568=VERTEX_POINT('',#12881);
#3569=VERTEX_POINT('',#12886);
#3570=VERTEX_POINT('',#12890);
#3571=VERTEX_POINT('',#12891);
#3572=VERTEX_POINT('',#12896);
#3573=VERTEX_POINT('',#12900);
#3574=VERTEX_POINT('',#12904);
#3575=VERTEX_POINT('',#12908);
#3576=VERTEX_POINT('',#12909);
#3577=VERTEX_POINT('',#12916);
#3578=VERTEX_POINT('',#12920);
#3579=VERTEX_POINT('',#12929);
#3580=VERTEX_POINT('',#12930);
#3581=VERTEX_POINT('',#12935);
#3582=VERTEX_POINT('',#12939);
#3583=VERTEX_POINT('',#12940);
#3584=VERTEX_POINT('',#12945);
#3585=VERTEX_POINT('',#12949);
#3586=VERTEX_POINT('',#12953);
#3587=VERTEX_POINT('',#12957);
#3588=VERTEX_POINT('',#12958);
#3589=VERTEX_POINT('',#12965);
#3590=VERTEX_POINT('',#12969);
#3591=VERTEX_POINT('',#12978);
#3592=VERTEX_POINT('',#12979);
#3593=VERTEX_POINT('',#12984);
#3594=VERTEX_POINT('',#12988);
#3595=VERTEX_POINT('',#12989);
#3596=VERTEX_POINT('',#12994);
#3597=VERTEX_POINT('',#12998);
#3598=VERTEX_POINT('',#13002);
#3599=VERTEX_POINT('',#13006);
#3600=VERTEX_POINT('',#13007);
#3601=VERTEX_POINT('',#13014);
#3602=VERTEX_POINT('',#13018);
#3603=VERTEX_POINT('',#13027);
#3604=VERTEX_POINT('',#13028);
#3605=VERTEX_POINT('',#13033);
#3606=VERTEX_POINT('',#13037);
#3607=VERTEX_POINT('',#13038);
#3608=VERTEX_POINT('',#13043);
#3609=VERTEX_POINT('',#13047);
#3610=VERTEX_POINT('',#13051);
#3611=VERTEX_POINT('',#13055);
#3612=VERTEX_POINT('',#13056);
#3613=VERTEX_POINT('',#13063);
#3614=VERTEX_POINT('',#13067);
#3615=VERTEX_POINT('',#13076);
#3616=VERTEX_POINT('',#13077);
#3617=VERTEX_POINT('',#13082);
#3618=VERTEX_POINT('',#13086);
#3619=VERTEX_POINT('',#13087);
#3620=VERTEX_POINT('',#13092);
#3621=VERTEX_POINT('',#13096);
#3622=VERTEX_POINT('',#13100);
#3623=VERTEX_POINT('',#13104);
#3624=VERTEX_POINT('',#13105);
#3625=VERTEX_POINT('',#13112);
#3626=VERTEX_POINT('',#13116);
#3627=VERTEX_POINT('',#13125);
#3628=VERTEX_POINT('',#13126);
#3629=VERTEX_POINT('',#13131);
#3630=VERTEX_POINT('',#13135);
#3631=VERTEX_POINT('',#13136);
#3632=VERTEX_POINT('',#13141);
#3633=VERTEX_POINT('',#13145);
#3634=VERTEX_POINT('',#13149);
#3635=VERTEX_POINT('',#13153);
#3636=VERTEX_POINT('',#13154);
#3637=VERTEX_POINT('',#13161);
#3638=VERTEX_POINT('',#13165);
#3639=VERTEX_POINT('',#13174);
#3640=VERTEX_POINT('',#13175);
#3641=VERTEX_POINT('',#13180);
#3642=VERTEX_POINT('',#13184);
#3643=VERTEX_POINT('',#13185);
#3644=VERTEX_POINT('',#13190);
#3645=VERTEX_POINT('',#13194);
#3646=VERTEX_POINT('',#13198);
#3647=VERTEX_POINT('',#13202);
#3648=VERTEX_POINT('',#13203);
#3649=VERTEX_POINT('',#13210);
#3650=VERTEX_POINT('',#13214);
#3651=VERTEX_POINT('',#13223);
#3652=VERTEX_POINT('',#13224);
#3653=VERTEX_POINT('',#13229);
#3654=VERTEX_POINT('',#13233);
#3655=VERTEX_POINT('',#13234);
#3656=VERTEX_POINT('',#13239);
#3657=VERTEX_POINT('',#13243);
#3658=VERTEX_POINT('',#13247);
#3659=VERTEX_POINT('',#13251);
#3660=VERTEX_POINT('',#13252);
#3661=VERTEX_POINT('',#13259);
#3662=VERTEX_POINT('',#13263);
#3663=VERTEX_POINT('',#13272);
#3664=VERTEX_POINT('',#13273);
#3665=VERTEX_POINT('',#13278);
#3666=VERTEX_POINT('',#13282);
#3667=VERTEX_POINT('',#13283);
#3668=VERTEX_POINT('',#13288);
#3669=VERTEX_POINT('',#13292);
#3670=VERTEX_POINT('',#13296);
#3671=VERTEX_POINT('',#13300);
#3672=VERTEX_POINT('',#13301);
#3673=VERTEX_POINT('',#13308);
#3674=VERTEX_POINT('',#13312);
#3675=VERTEX_POINT('',#13321);
#3676=VERTEX_POINT('',#13322);
#3677=VERTEX_POINT('',#13327);
#3678=VERTEX_POINT('',#13331);
#3679=VERTEX_POINT('',#13332);
#3680=VERTEX_POINT('',#13337);
#3681=VERTEX_POINT('',#13341);
#3682=VERTEX_POINT('',#13345);
#3683=VERTEX_POINT('',#13349);
#3684=VERTEX_POINT('',#13350);
#3685=VERTEX_POINT('',#13357);
#3686=VERTEX_POINT('',#13361);
#3687=VERTEX_POINT('',#13370);
#3688=VERTEX_POINT('',#13371);
#3689=VERTEX_POINT('',#13376);
#3690=VERTEX_POINT('',#13380);
#3691=VERTEX_POINT('',#13381);
#3692=VERTEX_POINT('',#13386);
#3693=VERTEX_POINT('',#13390);
#3694=VERTEX_POINT('',#13394);
#3695=VERTEX_POINT('',#13398);
#3696=VERTEX_POINT('',#13399);
#3697=VERTEX_POINT('',#13406);
#3698=VERTEX_POINT('',#13410);
#3699=VERTEX_POINT('',#13419);
#3700=VERTEX_POINT('',#13420);
#3701=VERTEX_POINT('',#13425);
#3702=VERTEX_POINT('',#13429);
#3703=VERTEX_POINT('',#13430);
#3704=VERTEX_POINT('',#13435);
#3705=VERTEX_POINT('',#13439);
#3706=VERTEX_POINT('',#13443);
#3707=VERTEX_POINT('',#13447);
#3708=VERTEX_POINT('',#13448);
#3709=VERTEX_POINT('',#13455);
#3710=VERTEX_POINT('',#13459);
#3711=VERTEX_POINT('',#13468);
#3712=VERTEX_POINT('',#13469);
#3713=VERTEX_POINT('',#13474);
#3714=VERTEX_POINT('',#13478);
#3715=VERTEX_POINT('',#13479);
#3716=VERTEX_POINT('',#13484);
#3717=VERTEX_POINT('',#13488);
#3718=VERTEX_POINT('',#13492);
#3719=VERTEX_POINT('',#13496);
#3720=VERTEX_POINT('',#13497);
#3721=VERTEX_POINT('',#13504);
#3722=VERTEX_POINT('',#13508);
#3723=VERTEX_POINT('',#13517);
#3724=VERTEX_POINT('',#13518);
#3725=VERTEX_POINT('',#13523);
#3726=VERTEX_POINT('',#13527);
#3727=VERTEX_POINT('',#13528);
#3728=VERTEX_POINT('',#13533);
#3729=VERTEX_POINT('',#13537);
#3730=VERTEX_POINT('',#13541);
#3731=VERTEX_POINT('',#13545);
#3732=VERTEX_POINT('',#13546);
#3733=VERTEX_POINT('',#13553);
#3734=VERTEX_POINT('',#13557);
#3735=VERTEX_POINT('',#13566);
#3736=VERTEX_POINT('',#13567);
#3737=VERTEX_POINT('',#13572);
#3738=VERTEX_POINT('',#13576);
#3739=VERTEX_POINT('',#13577);
#3740=VERTEX_POINT('',#13582);
#3741=VERTEX_POINT('',#13586);
#3742=VERTEX_POINT('',#13590);
#3743=VERTEX_POINT('',#13594);
#3744=VERTEX_POINT('',#13595);
#3745=VERTEX_POINT('',#13602);
#3746=VERTEX_POINT('',#13606);
#3747=VERTEX_POINT('',#13615);
#3748=VERTEX_POINT('',#13616);
#3749=VERTEX_POINT('',#13621);
#3750=VERTEX_POINT('',#13625);
#3751=VERTEX_POINT('',#13626);
#3752=VERTEX_POINT('',#13631);
#3753=VERTEX_POINT('',#13635);
#3754=VERTEX_POINT('',#13639);
#3755=VERTEX_POINT('',#13643);
#3756=VERTEX_POINT('',#13644);
#3757=VERTEX_POINT('',#13651);
#3758=VERTEX_POINT('',#13655);
#3759=VERTEX_POINT('',#13664);
#3760=VERTEX_POINT('',#13665);
#3761=VERTEX_POINT('',#13670);
#3762=VERTEX_POINT('',#13674);
#3763=VERTEX_POINT('',#13675);
#3764=VERTEX_POINT('',#13680);
#3765=VERTEX_POINT('',#13684);
#3766=VERTEX_POINT('',#13688);
#3767=VERTEX_POINT('',#13692);
#3768=VERTEX_POINT('',#13693);
#3769=VERTEX_POINT('',#13700);
#3770=VERTEX_POINT('',#13704);
#3771=VERTEX_POINT('',#13713);
#3772=VERTEX_POINT('',#13714);
#3773=VERTEX_POINT('',#13719);
#3774=VERTEX_POINT('',#13723);
#3775=VERTEX_POINT('',#13724);
#3776=VERTEX_POINT('',#13729);
#3777=VERTEX_POINT('',#13733);
#3778=VERTEX_POINT('',#13737);
#3779=VERTEX_POINT('',#13741);
#3780=VERTEX_POINT('',#13742);
#3781=VERTEX_POINT('',#13749);
#3782=VERTEX_POINT('',#13753);
#3783=VERTEX_POINT('',#13762);
#3784=VERTEX_POINT('',#13763);
#3785=VERTEX_POINT('',#13768);
#3786=VERTEX_POINT('',#13772);
#3787=VERTEX_POINT('',#13773);
#3788=VERTEX_POINT('',#13778);
#3789=VERTEX_POINT('',#13782);
#3790=VERTEX_POINT('',#13786);
#3791=VERTEX_POINT('',#13790);
#3792=VERTEX_POINT('',#13791);
#3793=VERTEX_POINT('',#13798);
#3794=VERTEX_POINT('',#13802);
#3795=EDGE_CURVE('',#3027,#3028,#2487,.T.);
#3796=EDGE_CURVE('',#3028,#3029,#1283,.T.);
#3797=EDGE_CURVE('',#3029,#3030,#2488,.T.);
#3798=EDGE_CURVE('',#3030,#3027,#1284,.T.);
#3799=EDGE_CURVE('',#3031,#3028,#2489,.T.);
#3800=EDGE_CURVE('',#3032,#3031,#1285,.T.);
#3801=EDGE_CURVE('',#3029,#3032,#2490,.T.);
#3802=EDGE_CURVE('',#3033,#3032,#2491,.T.);
#3803=EDGE_CURVE('',#3031,#3034,#2492,.T.);
#3804=EDGE_CURVE('',#3034,#3033,#1286,.T.);
#3805=EDGE_CURVE('',#3035,#3036,#2493,.T.);
#3806=EDGE_CURVE('',#3036,#3037,#1287,.T.);
#3807=EDGE_CURVE('',#3037,#3038,#2494,.T.);
#3808=EDGE_CURVE('',#3038,#3035,#1288,.T.);
#3809=EDGE_CURVE('',#3039,#3036,#2495,.T.);
#3810=EDGE_CURVE('',#3040,#3039,#1289,.T.);
#3811=EDGE_CURVE('',#3037,#3040,#2496,.T.);
#3812=EDGE_CURVE('',#3041,#3040,#2497,.T.);
#3813=EDGE_CURVE('',#3039,#3042,#2498,.T.);
#3814=EDGE_CURVE('',#3042,#3041,#1290,.T.);
#3815=EDGE_CURVE('',#3043,#3044,#329,.T.);
#3816=EDGE_CURVE('',#3044,#3045,#2499,.T.);
#3817=EDGE_CURVE('',#3045,#3046,#330,.T.);
#3818=EDGE_CURVE('',#3046,#3043,#2500,.T.);
#3819=EDGE_CURVE('',#3046,#3038,#2501,.T.);
#3820=EDGE_CURVE('',#3041,#3047,#2502,.T.);
#3821=EDGE_CURVE('',#3048,#3047,#2503,.T.);
#3822=EDGE_CURVE('',#3048,#3049,#2504,.T.);
#3823=EDGE_CURVE('',#3050,#3048,#2505,.T.);
#3824=EDGE_CURVE('',#3050,#3034,#2506,.T.);
#3825=EDGE_CURVE('',#3027,#3043,#2507,.T.);
#3826=EDGE_CURVE('',#3051,#3045,#1291,.T.);
#3827=EDGE_CURVE('',#3052,#3051,#331,.T.);
#3828=EDGE_CURVE('',#3035,#3052,#2508,.T.);
#3829=EDGE_CURVE('',#3051,#3053,#2509,.T.);
#3830=EDGE_CURVE('',#3053,#3054,#332,.T.);
#3831=EDGE_CURVE('',#3054,#3052,#2510,.T.);
#3832=EDGE_CURVE('',#3054,#3030,#2511,.T.);
#3833=EDGE_CURVE('',#3033,#3055,#2512,.T.);
#3834=EDGE_CURVE('',#3056,#3055,#2513,.T.);
#3835=EDGE_CURVE('',#3056,#3057,#2514,.T.);
#3836=EDGE_CURVE('',#3058,#3056,#2515,.T.);
#3837=EDGE_CURVE('',#3058,#3042,#2516,.T.);
#3838=EDGE_CURVE('',#3055,#3059,#333,.T.);
#3839=EDGE_CURVE('',#3059,#3060,#2517,.T.);
#3840=EDGE_CURVE('',#3060,#3058,#334,.T.);
#3841=EDGE_CURVE('',#3061,#3060,#1292,.T.);
#3842=EDGE_CURVE('',#3047,#3061,#335,.T.);
#3843=EDGE_CURVE('',#3061,#3062,#2518,.T.);
#3844=EDGE_CURVE('',#3062,#3050,#336,.T.);
#3845=EDGE_CURVE('',#3059,#3062,#1293,.T.);
#3846=EDGE_CURVE('',#3044,#3053,#1294,.T.);
#3847=EDGE_CURVE('',#3063,#3064,#2519,.T.);
#3848=EDGE_CURVE('',#3063,#3065,#2520,.T.);
#3849=EDGE_CURVE('',#3066,#3065,#2521,.T.);
#3850=EDGE_CURVE('',#3066,#3067,#1295,.T.);
#3851=EDGE_CURVE('',#3067,#3068,#2522,.T.);
#3852=EDGE_CURVE('',#3068,#3069,#1296,.T.);
#3853=EDGE_CURVE('',#3070,#3069,#2523,.T.);
#3854=EDGE_CURVE('',#3070,#3071,#2524,.T.);
#3855=EDGE_CURVE('',#3072,#3071,#2525,.T.);
#3856=EDGE_CURVE('',#3072,#3073,#1297,.T.);
#3857=EDGE_CURVE('',#3073,#3074,#2526,.T.);
#3858=EDGE_CURVE('',#3074,#3064,#1298,.T.);
#3859=EDGE_CURVE('',#3075,#3076,#2527,.T.);
#3860=EDGE_CURVE('',#3075,#3077,#2528,.T.);
#3861=EDGE_CURVE('',#3078,#3077,#2529,.T.);
#3862=EDGE_CURVE('',#3078,#3079,#1299,.T.);
#3863=EDGE_CURVE('',#3079,#3080,#2530,.T.);
#3864=EDGE_CURVE('',#3080,#3081,#1300,.T.);
#3865=EDGE_CURVE('',#3082,#3081,#2531,.T.);
#3866=EDGE_CURVE('',#3082,#3083,#2532,.T.);
#3867=EDGE_CURVE('',#3084,#3083,#2533,.T.);
#3868=EDGE_CURVE('',#3084,#3085,#1301,.T.);
#3869=EDGE_CURVE('',#3085,#3086,#2534,.T.);
#3870=EDGE_CURVE('',#3086,#3076,#1302,.T.);
#3871=EDGE_CURVE('',#3087,#3088,#2535,.T.);
#3872=EDGE_CURVE('',#3087,#3089,#2536,.T.);
#3873=EDGE_CURVE('',#3090,#3089,#2537,.T.);
#3874=EDGE_CURVE('',#3090,#3091,#1303,.T.);
#3875=EDGE_CURVE('',#3091,#3092,#2538,.T.);
#3876=EDGE_CURVE('',#3092,#3093,#1304,.T.);
#3877=EDGE_CURVE('',#3094,#3093,#2539,.T.);
#3878=EDGE_CURVE('',#3094,#3095,#2540,.T.);
#3879=EDGE_CURVE('',#3096,#3095,#2541,.T.);
#3880=EDGE_CURVE('',#3096,#3097,#1305,.T.);
#3881=EDGE_CURVE('',#3097,#3098,#2542,.T.);
#3882=EDGE_CURVE('',#3098,#3088,#1306,.T.);
#3883=EDGE_CURVE('',#3099,#3100,#2543,.T.);
#3884=EDGE_CURVE('',#3099,#3101,#2544,.T.);
#3885=EDGE_CURVE('',#3102,#3101,#2545,.T.);
#3886=EDGE_CURVE('',#3102,#3103,#1307,.T.);
#3887=EDGE_CURVE('',#3103,#3104,#2546,.T.);
#3888=EDGE_CURVE('',#3104,#3105,#1308,.T.);
#3889=EDGE_CURVE('',#3106,#3105,#2547,.T.);
#3890=EDGE_CURVE('',#3106,#3107,#2548,.T.);
#3891=EDGE_CURVE('',#3108,#3107,#2549,.T.);
#3892=EDGE_CURVE('',#3108,#3109,#1309,.T.);
#3893=EDGE_CURVE('',#3109,#3110,#2550,.T.);
#3894=EDGE_CURVE('',#3110,#3100,#1310,.T.);
#3895=EDGE_CURVE('',#3111,#3112,#2551,.T.);
#3896=EDGE_CURVE('',#3111,#3113,#2552,.T.);
#3897=EDGE_CURVE('',#3114,#3113,#2553,.T.);
#3898=EDGE_CURVE('',#3114,#3115,#1311,.T.);
#3899=EDGE_CURVE('',#3115,#3116,#2554,.T.);
#3900=EDGE_CURVE('',#3116,#3117,#1312,.T.);
#3901=EDGE_CURVE('',#3118,#3117,#2555,.T.);
#3902=EDGE_CURVE('',#3118,#3119,#2556,.T.);
#3903=EDGE_CURVE('',#3120,#3119,#2557,.T.);
#3904=EDGE_CURVE('',#3120,#3121,#1313,.T.);
#3905=EDGE_CURVE('',#3121,#3122,#2558,.T.);
#3906=EDGE_CURVE('',#3122,#3112,#1314,.T.);
#3907=EDGE_CURVE('',#3123,#3124,#2559,.T.);
#3908=EDGE_CURVE('',#3123,#3125,#2560,.T.);
#3909=EDGE_CURVE('',#3126,#3125,#2561,.T.);
#3910=EDGE_CURVE('',#3126,#3127,#1315,.T.);
#3911=EDGE_CURVE('',#3127,#3128,#2562,.T.);
#3912=EDGE_CURVE('',#3128,#3129,#1316,.T.);
#3913=EDGE_CURVE('',#3130,#3129,#2563,.T.);
#3914=EDGE_CURVE('',#3130,#3131,#2564,.T.);
#3915=EDGE_CURVE('',#3132,#3131,#2565,.T.);
#3916=EDGE_CURVE('',#3132,#3133,#1317,.T.);
#3917=EDGE_CURVE('',#3133,#3134,#2566,.T.);
#3918=EDGE_CURVE('',#3134,#3124,#1318,.T.);
#3919=EDGE_CURVE('',#3135,#3136,#2567,.T.);
#3920=EDGE_CURVE('',#3135,#3137,#2568,.T.);
#3921=EDGE_CURVE('',#3138,#3137,#2569,.T.);
#3922=EDGE_CURVE('',#3138,#3139,#1319,.T.);
#3923=EDGE_CURVE('',#3139,#3140,#2570,.T.);
#3924=EDGE_CURVE('',#3140,#3141,#1320,.T.);
#3925=EDGE_CURVE('',#3142,#3141,#2571,.T.);
#3926=EDGE_CURVE('',#3142,#3143,#2572,.T.);
#3927=EDGE_CURVE('',#3144,#3143,#2573,.T.);
#3928=EDGE_CURVE('',#3144,#3145,#1321,.T.);
#3929=EDGE_CURVE('',#3145,#3146,#2574,.T.);
#3930=EDGE_CURVE('',#3146,#3136,#1322,.T.);
#3931=EDGE_CURVE('',#3147,#3148,#2575,.T.);
#3932=EDGE_CURVE('',#3147,#3149,#2576,.T.);
#3933=EDGE_CURVE('',#3150,#3149,#2577,.T.);
#3934=EDGE_CURVE('',#3150,#3151,#1323,.T.);
#3935=EDGE_CURVE('',#3151,#3152,#2578,.T.);
#3936=EDGE_CURVE('',#3152,#3153,#1324,.T.);
#3937=EDGE_CURVE('',#3154,#3153,#2579,.T.);
#3938=EDGE_CURVE('',#3154,#3155,#2580,.T.);
#3939=EDGE_CURVE('',#3156,#3155,#2581,.T.);
#3940=EDGE_CURVE('',#3156,#3157,#1325,.T.);
#3941=EDGE_CURVE('',#3157,#3158,#2582,.T.);
#3942=EDGE_CURVE('',#3158,#3148,#1326,.T.);
#3943=EDGE_CURVE('',#3159,#3160,#2583,.T.);
#3944=EDGE_CURVE('',#3159,#3161,#2584,.T.);
#3945=EDGE_CURVE('',#3162,#3161,#2585,.T.);
#3946=EDGE_CURVE('',#3162,#3163,#1327,.T.);
#3947=EDGE_CURVE('',#3163,#3164,#2586,.T.);
#3948=EDGE_CURVE('',#3164,#3165,#1328,.T.);
#3949=EDGE_CURVE('',#3166,#3165,#2587,.T.);
#3950=EDGE_CURVE('',#3166,#3167,#2588,.T.);
#3951=EDGE_CURVE('',#3168,#3167,#2589,.T.);
#3952=EDGE_CURVE('',#3168,#3169,#1329,.T.);
#3953=EDGE_CURVE('',#3169,#3170,#2590,.T.);
#3954=EDGE_CURVE('',#3170,#3160,#1330,.T.);
#3955=EDGE_CURVE('',#3171,#3172,#2591,.T.);
#3956=EDGE_CURVE('',#3171,#3173,#2592,.T.);
#3957=EDGE_CURVE('',#3174,#3173,#2593,.T.);
#3958=EDGE_CURVE('',#3174,#3175,#1331,.T.);
#3959=EDGE_CURVE('',#3175,#3176,#2594,.T.);
#3960=EDGE_CURVE('',#3176,#3177,#1332,.T.);
#3961=EDGE_CURVE('',#3178,#3177,#2595,.T.);
#3962=EDGE_CURVE('',#3178,#3179,#2596,.T.);
#3963=EDGE_CURVE('',#3180,#3179,#2597,.T.);
#3964=EDGE_CURVE('',#3180,#3181,#1333,.T.);
#3965=EDGE_CURVE('',#3181,#3182,#2598,.T.);
#3966=EDGE_CURVE('',#3182,#3172,#1334,.T.);
#3967=EDGE_CURVE('',#3183,#3184,#2599,.T.);
#3968=EDGE_CURVE('',#3183,#3185,#2600,.T.);
#3969=EDGE_CURVE('',#3186,#3185,#2601,.T.);
#3970=EDGE_CURVE('',#3186,#3187,#1335,.T.);
#3971=EDGE_CURVE('',#3187,#3188,#2602,.T.);
#3972=EDGE_CURVE('',#3188,#3189,#1336,.T.);
#3973=EDGE_CURVE('',#3190,#3189,#2603,.T.);
#3974=EDGE_CURVE('',#3190,#3191,#2604,.T.);
#3975=EDGE_CURVE('',#3192,#3191,#2605,.T.);
#3976=EDGE_CURVE('',#3192,#3193,#1337,.T.);
#3977=EDGE_CURVE('',#3193,#3194,#2606,.T.);
#3978=EDGE_CURVE('',#3194,#3184,#1338,.T.);
#3979=EDGE_CURVE('',#3195,#3196,#2607,.T.);
#3980=EDGE_CURVE('',#3195,#3197,#2608,.T.);
#3981=EDGE_CURVE('',#3198,#3197,#2609,.T.);
#3982=EDGE_CURVE('',#3198,#3199,#1339,.T.);
#3983=EDGE_CURVE('',#3199,#3200,#2610,.T.);
#3984=EDGE_CURVE('',#3200,#3201,#1340,.T.);
#3985=EDGE_CURVE('',#3202,#3201,#2611,.T.);
#3986=EDGE_CURVE('',#3202,#3203,#2612,.T.);
#3987=EDGE_CURVE('',#3204,#3203,#2613,.T.);
#3988=EDGE_CURVE('',#3204,#3205,#1341,.T.);
#3989=EDGE_CURVE('',#3205,#3206,#2614,.T.);
#3990=EDGE_CURVE('',#3206,#3196,#1342,.T.);
#3991=EDGE_CURVE('',#3207,#3208,#2615,.T.);
#3992=EDGE_CURVE('',#3207,#3209,#2616,.T.);
#3993=EDGE_CURVE('',#3210,#3209,#2617,.T.);
#3994=EDGE_CURVE('',#3210,#3211,#1343,.T.);
#3995=EDGE_CURVE('',#3211,#3212,#2618,.T.);
#3996=EDGE_CURVE('',#3212,#3213,#1344,.T.);
#3997=EDGE_CURVE('',#3214,#3213,#2619,.T.);
#3998=EDGE_CURVE('',#3214,#3215,#2620,.T.);
#3999=EDGE_CURVE('',#3216,#3215,#2621,.T.);
#4000=EDGE_CURVE('',#3216,#3217,#1345,.T.);
#4001=EDGE_CURVE('',#3217,#3218,#2622,.T.);
#4002=EDGE_CURVE('',#3218,#3208,#1346,.T.);
#4003=EDGE_CURVE('',#3219,#3220,#1347,.T.);
#4004=EDGE_CURVE('',#3221,#3220,#2623,.T.);
#4005=EDGE_CURVE('',#3221,#3222,#2624,.T.);
#4006=EDGE_CURVE('',#3223,#3222,#2625,.T.);
#4007=EDGE_CURVE('',#3223,#3224,#1348,.T.);
#4008=EDGE_CURVE('',#3224,#3225,#2626,.T.);
#4009=EDGE_CURVE('',#3225,#3226,#1349,.T.);
#4010=EDGE_CURVE('',#3227,#3226,#2627,.T.);
#4011=EDGE_CURVE('',#3227,#3228,#2628,.T.);
#4012=EDGE_CURVE('',#3229,#3228,#2629,.T.);
#4013=EDGE_CURVE('',#3229,#3230,#1350,.T.);
#4014=EDGE_CURVE('',#3230,#3219,#2630,.T.);
#4015=EDGE_CURVE('',#3231,#3231,#2631,.T.);
#4016=EDGE_CURVE('',#3232,#3232,#2632,.T.);
#4017=EDGE_CURVE('',#3233,#3233,#2633,.T.);
#4018=EDGE_CURVE('',#3234,#3234,#2634,.T.);
#4019=EDGE_CURVE('',#3235,#3235,#2635,.T.);
#4020=EDGE_CURVE('',#3236,#3236,#2636,.T.);
#4021=EDGE_CURVE('',#3237,#3237,#2637,.T.);
#4022=EDGE_CURVE('',#3238,#3238,#2638,.T.);
#4023=EDGE_CURVE('',#3239,#3239,#2639,.T.);
#4024=EDGE_CURVE('',#3240,#3240,#2640,.T.);
#4025=EDGE_CURVE('',#3241,#3241,#2641,.T.);
#4026=EDGE_CURVE('',#3242,#3242,#2642,.T.);
#4027=EDGE_CURVE('',#3243,#3243,#2643,.T.);
#4028=EDGE_CURVE('',#3244,#3244,#2644,.T.);
#4029=EDGE_CURVE('',#3245,#3245,#2645,.T.);
#4030=EDGE_CURVE('',#3246,#3246,#2646,.T.);
#4031=EDGE_CURVE('',#3247,#3247,#2647,.T.);
#4032=EDGE_CURVE('',#3248,#3248,#2648,.T.);
#4033=EDGE_CURVE('',#3249,#3249,#2649,.T.);
#4034=EDGE_CURVE('',#3250,#3250,#2650,.T.);
#4035=EDGE_CURVE('',#3251,#3251,#2651,.T.);
#4036=EDGE_CURVE('',#3252,#3252,#2652,.T.);
#4037=EDGE_CURVE('',#3253,#3253,#2653,.T.);
#4038=EDGE_CURVE('',#3254,#3254,#2654,.T.);
#4039=EDGE_CURVE('',#3255,#3255,#2655,.T.);
#4040=EDGE_CURVE('',#3256,#3256,#2656,.T.);
#4041=EDGE_CURVE('',#3257,#3257,#2657,.T.);
#4042=EDGE_CURVE('',#3258,#3258,#2658,.T.);
#4043=EDGE_CURVE('',#3259,#3259,#2659,.T.);
#4044=EDGE_CURVE('',#3260,#3260,#2660,.T.);
#4045=EDGE_CURVE('',#3261,#3262,#2661,.T.);
#4046=EDGE_CURVE('',#3261,#3263,#2662,.T.);
#4047=EDGE_CURVE('',#3264,#3263,#2663,.T.);
#4048=EDGE_CURVE('',#3264,#3265,#1351,.T.);
#4049=EDGE_CURVE('',#3265,#3266,#2664,.T.);
#4050=EDGE_CURVE('',#3266,#3267,#1352,.T.);
#4051=EDGE_CURVE('',#3268,#3267,#2665,.T.);
#4052=EDGE_CURVE('',#3268,#3269,#2666,.T.);
#4053=EDGE_CURVE('',#3270,#3269,#2667,.T.);
#4054=EDGE_CURVE('',#3270,#3271,#1353,.T.);
#4055=EDGE_CURVE('',#3271,#3272,#2668,.T.);
#4056=EDGE_CURVE('',#3272,#3262,#1354,.T.);
#4057=EDGE_CURVE('',#3273,#3274,#2669,.T.);
#4058=EDGE_CURVE('',#3273,#3275,#2670,.T.);
#4059=EDGE_CURVE('',#3276,#3275,#2671,.T.);
#4060=EDGE_CURVE('',#3276,#3277,#1355,.T.);
#4061=EDGE_CURVE('',#3277,#3278,#2672,.T.);
#4062=EDGE_CURVE('',#3278,#3279,#1356,.T.);
#4063=EDGE_CURVE('',#3280,#3279,#2673,.T.);
#4064=EDGE_CURVE('',#3280,#3281,#2674,.T.);
#4065=EDGE_CURVE('',#3282,#3281,#2675,.T.);
#4066=EDGE_CURVE('',#3282,#3283,#1357,.T.);
#4067=EDGE_CURVE('',#3283,#3284,#2676,.T.);
#4068=EDGE_CURVE('',#3284,#3274,#1358,.T.);
#4069=EDGE_CURVE('',#3285,#3286,#2677,.T.);
#4070=EDGE_CURVE('',#3285,#3287,#2678,.T.);
#4071=EDGE_CURVE('',#3288,#3287,#2679,.T.);
#4072=EDGE_CURVE('',#3288,#3289,#1359,.T.);
#4073=EDGE_CURVE('',#3289,#3290,#2680,.T.);
#4074=EDGE_CURVE('',#3290,#3291,#1360,.T.);
#4075=EDGE_CURVE('',#3292,#3291,#2681,.T.);
#4076=EDGE_CURVE('',#3292,#3293,#2682,.T.);
#4077=EDGE_CURVE('',#3294,#3293,#2683,.T.);
#4078=EDGE_CURVE('',#3294,#3295,#1361,.T.);
#4079=EDGE_CURVE('',#3295,#3296,#2684,.T.);
#4080=EDGE_CURVE('',#3296,#3286,#1362,.T.);
#4081=EDGE_CURVE('',#3297,#3298,#2685,.T.);
#4082=EDGE_CURVE('',#3297,#3299,#2686,.T.);
#4083=EDGE_CURVE('',#3300,#3299,#2687,.T.);
#4084=EDGE_CURVE('',#3300,#3301,#1363,.T.);
#4085=EDGE_CURVE('',#3301,#3302,#2688,.T.);
#4086=EDGE_CURVE('',#3302,#3303,#1364,.T.);
#4087=EDGE_CURVE('',#3304,#3303,#2689,.T.);
#4088=EDGE_CURVE('',#3304,#3305,#2690,.T.);
#4089=EDGE_CURVE('',#3306,#3305,#2691,.T.);
#4090=EDGE_CURVE('',#3306,#3307,#1365,.T.);
#4091=EDGE_CURVE('',#3307,#3308,#2692,.T.);
#4092=EDGE_CURVE('',#3308,#3298,#1366,.T.);
#4093=EDGE_CURVE('',#3309,#3310,#2693,.T.);
#4094=EDGE_CURVE('',#3309,#3311,#2694,.T.);
#4095=EDGE_CURVE('',#3312,#3311,#2695,.T.);
#4096=EDGE_CURVE('',#3312,#3313,#1367,.T.);
#4097=EDGE_CURVE('',#3313,#3314,#2696,.T.);
#4098=EDGE_CURVE('',#3314,#3315,#1368,.T.);
#4099=EDGE_CURVE('',#3316,#3315,#2697,.T.);
#4100=EDGE_CURVE('',#3316,#3317,#2698,.T.);
#4101=EDGE_CURVE('',#3318,#3317,#2699,.T.);
#4102=EDGE_CURVE('',#3318,#3319,#1369,.T.);
#4103=EDGE_CURVE('',#3319,#3320,#2700,.T.);
#4104=EDGE_CURVE('',#3320,#3310,#1370,.T.);
#4105=EDGE_CURVE('',#3321,#3322,#2701,.T.);
#4106=EDGE_CURVE('',#3321,#3323,#2702,.T.);
#4107=EDGE_CURVE('',#3324,#3323,#2703,.T.);
#4108=EDGE_CURVE('',#3324,#3325,#1371,.T.);
#4109=EDGE_CURVE('',#3325,#3326,#2704,.T.);
#4110=EDGE_CURVE('',#3326,#3327,#1372,.T.);
#4111=EDGE_CURVE('',#3328,#3327,#2705,.T.);
#4112=EDGE_CURVE('',#3328,#3329,#2706,.T.);
#4113=EDGE_CURVE('',#3330,#3329,#2707,.T.);
#4114=EDGE_CURVE('',#3330,#3331,#1373,.T.);
#4115=EDGE_CURVE('',#3331,#3332,#2708,.T.);
#4116=EDGE_CURVE('',#3332,#3322,#1374,.T.);
#4117=EDGE_CURVE('',#3333,#3334,#2709,.T.);
#4118=EDGE_CURVE('',#3333,#3335,#2710,.T.);
#4119=EDGE_CURVE('',#3336,#3335,#2711,.T.);
#4120=EDGE_CURVE('',#3336,#3337,#1375,.T.);
#4121=EDGE_CURVE('',#3337,#3338,#2712,.T.);
#4122=EDGE_CURVE('',#3338,#3339,#1376,.T.);
#4123=EDGE_CURVE('',#3340,#3339,#2713,.T.);
#4124=EDGE_CURVE('',#3340,#3341,#2714,.T.);
#4125=EDGE_CURVE('',#3342,#3341,#2715,.T.);
#4126=EDGE_CURVE('',#3342,#3343,#1377,.T.);
#4127=EDGE_CURVE('',#3343,#3344,#2716,.T.);
#4128=EDGE_CURVE('',#3344,#3334,#1378,.T.);
#4129=EDGE_CURVE('',#3345,#3346,#2717,.T.);
#4130=EDGE_CURVE('',#3345,#3347,#2718,.T.);
#4131=EDGE_CURVE('',#3348,#3347,#2719,.T.);
#4132=EDGE_CURVE('',#3348,#3349,#1379,.T.);
#4133=EDGE_CURVE('',#3349,#3350,#2720,.T.);
#4134=EDGE_CURVE('',#3350,#3351,#1380,.T.);
#4135=EDGE_CURVE('',#3352,#3351,#2721,.T.);
#4136=EDGE_CURVE('',#3352,#3353,#2722,.T.);
#4137=EDGE_CURVE('',#3354,#3353,#2723,.T.);
#4138=EDGE_CURVE('',#3354,#3355,#1381,.T.);
#4139=EDGE_CURVE('',#3355,#3356,#2724,.T.);
#4140=EDGE_CURVE('',#3356,#3346,#1382,.T.);
#4141=EDGE_CURVE('',#3357,#3358,#2725,.T.);
#4142=EDGE_CURVE('',#3357,#3359,#2726,.T.);
#4143=EDGE_CURVE('',#3360,#3359,#2727,.T.);
#4144=EDGE_CURVE('',#3360,#3361,#1383,.T.);
#4145=EDGE_CURVE('',#3361,#3362,#2728,.T.);
#4146=EDGE_CURVE('',#3362,#3363,#1384,.T.);
#4147=EDGE_CURVE('',#3364,#3363,#2729,.T.);
#4148=EDGE_CURVE('',#3364,#3365,#2730,.T.);
#4149=EDGE_CURVE('',#3366,#3365,#2731,.T.);
#4150=EDGE_CURVE('',#3366,#3367,#1385,.T.);
#4151=EDGE_CURVE('',#3367,#3368,#2732,.T.);
#4152=EDGE_CURVE('',#3368,#3358,#1386,.T.);
#4153=EDGE_CURVE('',#3369,#3370,#2733,.T.);
#4154=EDGE_CURVE('',#3369,#3371,#2734,.T.);
#4155=EDGE_CURVE('',#3372,#3371,#2735,.T.);
#4156=EDGE_CURVE('',#3372,#3373,#1387,.T.);
#4157=EDGE_CURVE('',#3373,#3374,#2736,.T.);
#4158=EDGE_CURVE('',#3374,#3375,#1388,.T.);
#4159=EDGE_CURVE('',#3376,#3375,#2737,.T.);
#4160=EDGE_CURVE('',#3376,#3377,#2738,.T.);
#4161=EDGE_CURVE('',#3378,#3377,#2739,.T.);
#4162=EDGE_CURVE('',#3378,#3379,#1389,.T.);
#4163=EDGE_CURVE('',#3379,#3380,#2740,.T.);
#4164=EDGE_CURVE('',#3380,#3370,#1390,.T.);
#4165=EDGE_CURVE('',#3381,#3382,#2741,.T.);
#4166=EDGE_CURVE('',#3381,#3383,#2742,.T.);
#4167=EDGE_CURVE('',#3384,#3383,#2743,.T.);
#4168=EDGE_CURVE('',#3384,#3385,#1391,.T.);
#4169=EDGE_CURVE('',#3385,#3386,#2744,.T.);
#4170=EDGE_CURVE('',#3386,#3387,#1392,.T.);
#4171=EDGE_CURVE('',#3388,#3387,#2745,.T.);
#4172=EDGE_CURVE('',#3388,#3389,#2746,.T.);
#4173=EDGE_CURVE('',#3390,#3389,#2747,.T.);
#4174=EDGE_CURVE('',#3390,#3391,#1393,.T.);
#4175=EDGE_CURVE('',#3391,#3392,#2748,.T.);
#4176=EDGE_CURVE('',#3392,#3382,#1394,.T.);
#4177=EDGE_CURVE('',#3393,#3394,#2749,.T.);
#4178=EDGE_CURVE('',#3393,#3395,#2750,.T.);
#4179=EDGE_CURVE('',#3396,#3395,#2751,.T.);
#4180=EDGE_CURVE('',#3396,#3397,#1395,.T.);
#4181=EDGE_CURVE('',#3397,#3398,#2752,.T.);
#4182=EDGE_CURVE('',#3398,#3399,#1396,.T.);
#4183=EDGE_CURVE('',#3400,#3399,#2753,.T.);
#4184=EDGE_CURVE('',#3400,#3401,#2754,.T.);
#4185=EDGE_CURVE('',#3402,#3401,#2755,.T.);
#4186=EDGE_CURVE('',#3402,#3403,#1397,.T.);
#4187=EDGE_CURVE('',#3403,#3404,#2756,.T.);
#4188=EDGE_CURVE('',#3404,#3394,#1398,.T.);
#4189=EDGE_CURVE('',#3405,#3406,#2757,.T.);
#4190=EDGE_CURVE('',#3405,#3407,#2758,.T.);
#4191=EDGE_CURVE('',#3408,#3407,#2759,.T.);
#4192=EDGE_CURVE('',#3408,#3409,#1399,.T.);
#4193=EDGE_CURVE('',#3409,#3410,#2760,.T.);
#4194=EDGE_CURVE('',#3410,#3411,#1400,.T.);
#4195=EDGE_CURVE('',#3412,#3411,#2761,.T.);
#4196=EDGE_CURVE('',#3412,#3413,#2762,.T.);
#4197=EDGE_CURVE('',#3414,#3413,#2763,.T.);
#4198=EDGE_CURVE('',#3414,#3415,#1401,.T.);
#4199=EDGE_CURVE('',#3415,#3416,#2764,.T.);
#4200=EDGE_CURVE('',#3416,#3406,#1402,.T.);
#4201=EDGE_CURVE('',#3417,#3418,#2765,.T.);
#4202=EDGE_CURVE('',#3417,#3419,#2766,.T.);
#4203=EDGE_CURVE('',#3420,#3419,#2767,.T.);
#4204=EDGE_CURVE('',#3420,#3421,#1403,.T.);
#4205=EDGE_CURVE('',#3421,#3422,#2768,.T.);
#4206=EDGE_CURVE('',#3422,#3423,#1404,.T.);
#4207=EDGE_CURVE('',#3424,#3423,#2769,.T.);
#4208=EDGE_CURVE('',#3424,#3425,#2770,.T.);
#4209=EDGE_CURVE('',#3426,#3425,#2771,.T.);
#4210=EDGE_CURVE('',#3426,#3427,#1405,.T.);
#4211=EDGE_CURVE('',#3427,#3428,#2772,.T.);
#4212=EDGE_CURVE('',#3428,#3418,#1406,.T.);
#4213=EDGE_CURVE('',#3429,#3430,#2773,.T.);
#4214=EDGE_CURVE('',#3429,#3227,#1407,.T.);
#4215=EDGE_CURVE('',#3226,#3430,#1408,.T.);
#4216=EDGE_CURVE('',#3225,#3431,#1409,.T.);
#4217=EDGE_CURVE('',#3431,#3430,#1410,.T.);
#4218=EDGE_CURVE('',#3432,#3433,#2774,.T.);
#4219=EDGE_CURVE('',#3432,#3223,#1411,.T.);
#4220=EDGE_CURVE('',#3222,#3433,#1412,.T.);
#4221=EDGE_CURVE('',#3434,#3221,#1413,.T.);
#4222=EDGE_CURVE('',#3434,#3433,#2775,.T.);
#4223=EDGE_CURVE('',#3434,#3435,#2776,.T.);
#4224=EDGE_CURVE('',#3220,#3435,#1414,.T.);
#4225=EDGE_CURVE('',#3219,#3436,#1415,.T.);
#4226=EDGE_CURVE('',#3436,#3435,#1416,.T.);
#4227=EDGE_CURVE('',#3437,#3438,#2777,.T.);
#4228=EDGE_CURVE('',#3437,#3229,#1417,.T.);
#4229=EDGE_CURVE('',#3228,#3438,#1418,.T.);
#4230=EDGE_CURVE('',#3429,#3438,#2778,.T.);
#4231=EDGE_CURVE('',#3432,#3439,#1419,.T.);
#4232=EDGE_CURVE('',#3224,#3439,#1420,.T.);
#4233=EDGE_CURVE('',#3230,#3440,#1421,.T.);
#4234=EDGE_CURVE('',#3440,#3436,#2779,.T.);
#4235=EDGE_CURVE('',#3437,#3440,#1422,.T.);
#4236=EDGE_CURVE('',#3439,#3431,#2780,.T.);
#4237=EDGE_CURVE('',#3246,#3441,#1423,.T.);
#4238=EDGE_CURVE('',#3441,#3441,#2781,.T.);
#4239=EDGE_CURVE('',#3247,#3442,#1424,.T.);
#4240=EDGE_CURVE('',#3442,#3442,#2782,.T.);
#4241=EDGE_CURVE('',#3248,#3443,#1425,.T.);
#4242=EDGE_CURVE('',#3443,#3443,#2783,.T.);
#4243=EDGE_CURVE('',#3249,#3444,#1426,.T.);
#4244=EDGE_CURVE('',#3444,#3444,#2784,.T.);
#4245=EDGE_CURVE('',#3250,#3445,#1427,.T.);
#4246=EDGE_CURVE('',#3445,#3445,#2785,.T.);
#4247=EDGE_CURVE('',#3251,#3446,#1428,.T.);
#4248=EDGE_CURVE('',#3446,#3446,#2786,.T.);
#4249=EDGE_CURVE('',#3252,#3447,#1429,.T.);
#4250=EDGE_CURVE('',#3447,#3447,#2787,.T.);
#4251=EDGE_CURVE('',#3253,#3448,#1430,.T.);
#4252=EDGE_CURVE('',#3448,#3448,#2788,.T.);
#4253=EDGE_CURVE('',#3245,#3449,#1431,.T.);
#4254=EDGE_CURVE('',#3449,#3449,#2789,.T.);
#4255=EDGE_CURVE('',#3244,#3450,#1432,.T.);
#4256=EDGE_CURVE('',#3450,#3450,#2790,.T.);
#4257=EDGE_CURVE('',#3243,#3451,#1433,.T.);
#4258=EDGE_CURVE('',#3451,#3451,#2791,.T.);
#4259=EDGE_CURVE('',#3242,#3452,#1434,.T.);
#4260=EDGE_CURVE('',#3452,#3452,#2792,.T.);
#4261=EDGE_CURVE('',#3241,#3453,#1435,.T.);
#4262=EDGE_CURVE('',#3453,#3453,#2793,.T.);
#4263=EDGE_CURVE('',#3240,#3454,#1436,.T.);
#4264=EDGE_CURVE('',#3454,#3454,#2794,.T.);
#4265=EDGE_CURVE('',#3232,#3455,#1437,.T.);
#4266=EDGE_CURVE('',#3455,#3455,#2795,.T.);
#4267=EDGE_CURVE('',#3231,#3456,#1438,.T.);
#4268=EDGE_CURVE('',#3456,#3456,#2796,.T.);
#4269=EDGE_CURVE('',#3239,#3457,#1439,.T.);
#4270=EDGE_CURVE('',#3457,#3457,#2797,.T.);
#4271=EDGE_CURVE('',#3238,#3458,#1440,.T.);
#4272=EDGE_CURVE('',#3458,#3458,#2798,.T.);
#4273=EDGE_CURVE('',#3237,#3459,#1441,.T.);
#4274=EDGE_CURVE('',#3459,#3459,#2799,.T.);
#4275=EDGE_CURVE('',#3236,#3460,#1442,.T.);
#4276=EDGE_CURVE('',#3460,#3460,#2800,.T.);
#4277=EDGE_CURVE('',#3235,#3461,#1443,.T.);
#4278=EDGE_CURVE('',#3461,#3461,#2801,.T.);
#4279=EDGE_CURVE('',#3234,#3462,#1444,.T.);
#4280=EDGE_CURVE('',#3462,#3462,#2802,.T.);
#4281=EDGE_CURVE('',#3233,#3463,#1445,.T.);
#4282=EDGE_CURVE('',#3463,#3463,#2803,.T.);
#4283=EDGE_CURVE('',#3254,#3464,#1446,.T.);
#4284=EDGE_CURVE('',#3464,#3464,#2804,.T.);
#4285=EDGE_CURVE('',#3255,#3465,#1447,.T.);
#4286=EDGE_CURVE('',#3465,#3465,#2805,.T.);
#4287=EDGE_CURVE('',#3256,#3466,#1448,.T.);
#4288=EDGE_CURVE('',#3466,#3466,#2806,.T.);
#4289=EDGE_CURVE('',#3257,#3467,#1449,.T.);
#4290=EDGE_CURVE('',#3467,#3467,#2807,.T.);
#4291=EDGE_CURVE('',#3258,#3468,#1450,.T.);
#4292=EDGE_CURVE('',#3468,#3468,#2808,.T.);
#4293=EDGE_CURVE('',#3259,#3469,#1451,.T.);
#4294=EDGE_CURVE('',#3469,#3469,#2809,.T.);
#4295=EDGE_CURVE('',#3260,#3470,#1452,.T.);
#4296=EDGE_CURVE('',#3470,#3470,#2810,.T.);
#4297=EDGE_CURVE('',#3471,#3472,#2811,.T.);
#4298=EDGE_CURVE('',#3471,#3207,#1453,.T.);
#4299=EDGE_CURVE('',#3208,#3472,#1454,.T.);
#4300=EDGE_CURVE('',#3218,#3473,#1455,.T.);
#4301=EDGE_CURVE('',#3473,#3472,#1456,.T.);
#4302=EDGE_CURVE('',#3474,#3475,#2812,.T.);
#4303=EDGE_CURVE('',#3474,#3216,#1457,.T.);
#4304=EDGE_CURVE('',#3215,#3475,#1458,.T.);
#4305=EDGE_CURVE('',#3476,#3214,#1459,.T.);
#4306=EDGE_CURVE('',#3476,#3475,#2813,.T.);
#4307=EDGE_CURVE('',#3476,#3477,#2814,.T.);
#4308=EDGE_CURVE('',#3213,#3477,#1460,.T.);
#4309=EDGE_CURVE('',#3212,#3478,#1461,.T.);
#4310=EDGE_CURVE('',#3478,#3477,#1462,.T.);
#4311=EDGE_CURVE('',#3479,#3480,#2815,.T.);
#4312=EDGE_CURVE('',#3479,#3210,#1463,.T.);
#4313=EDGE_CURVE('',#3209,#3480,#1464,.T.);
#4314=EDGE_CURVE('',#3471,#3480,#2816,.T.);
#4315=EDGE_CURVE('',#3474,#3481,#1465,.T.);
#4316=EDGE_CURVE('',#3217,#3481,#1466,.T.);
#4317=EDGE_CURVE('',#3211,#3482,#1467,.T.);
#4318=EDGE_CURVE('',#3482,#3478,#2817,.T.);
#4319=EDGE_CURVE('',#3479,#3482,#1468,.T.);
#4320=EDGE_CURVE('',#3481,#3473,#2818,.T.);
#4321=EDGE_CURVE('',#3483,#3484,#2819,.T.);
#4322=EDGE_CURVE('',#3483,#3195,#1469,.T.);
#4323=EDGE_CURVE('',#3196,#3484,#1470,.T.);
#4324=EDGE_CURVE('',#3206,#3485,#1471,.T.);
#4325=EDGE_CURVE('',#3485,#3484,#1472,.T.);
#4326=EDGE_CURVE('',#3486,#3487,#2820,.T.);
#4327=EDGE_CURVE('',#3486,#3204,#1473,.T.);
#4328=EDGE_CURVE('',#3203,#3487,#1474,.T.);
#4329=EDGE_CURVE('',#3488,#3202,#1475,.T.);
#4330=EDGE_CURVE('',#3488,#3487,#2821,.T.);
#4331=EDGE_CURVE('',#3488,#3489,#2822,.T.);
#4332=EDGE_CURVE('',#3201,#3489,#1476,.T.);
#4333=EDGE_CURVE('',#3200,#3490,#1477,.T.);
#4334=EDGE_CURVE('',#3490,#3489,#1478,.T.);
#4335=EDGE_CURVE('',#3491,#3492,#2823,.T.);
#4336=EDGE_CURVE('',#3491,#3198,#1479,.T.);
#4337=EDGE_CURVE('',#3197,#3492,#1480,.T.);
#4338=EDGE_CURVE('',#3483,#3492,#2824,.T.);
#4339=EDGE_CURVE('',#3486,#3493,#1481,.T.);
#4340=EDGE_CURVE('',#3205,#3493,#1482,.T.);
#4341=EDGE_CURVE('',#3199,#3494,#1483,.T.);
#4342=EDGE_CURVE('',#3494,#3490,#2825,.T.);
#4343=EDGE_CURVE('',#3491,#3494,#1484,.T.);
#4344=EDGE_CURVE('',#3493,#3485,#2826,.T.);
#4345=EDGE_CURVE('',#3495,#3496,#2827,.T.);
#4346=EDGE_CURVE('',#3495,#3183,#1485,.T.);
#4347=EDGE_CURVE('',#3184,#3496,#1486,.T.);
#4348=EDGE_CURVE('',#3194,#3497,#1487,.T.);
#4349=EDGE_CURVE('',#3497,#3496,#1488,.T.);
#4350=EDGE_CURVE('',#3498,#3499,#2828,.T.);
#4351=EDGE_CURVE('',#3498,#3192,#1489,.T.);
#4352=EDGE_CURVE('',#3191,#3499,#1490,.T.);
#4353=EDGE_CURVE('',#3500,#3190,#1491,.T.);
#4354=EDGE_CURVE('',#3500,#3499,#2829,.T.);
#4355=EDGE_CURVE('',#3500,#3501,#2830,.T.);
#4356=EDGE_CURVE('',#3189,#3501,#1492,.T.);
#4357=EDGE_CURVE('',#3188,#3502,#1493,.T.);
#4358=EDGE_CURVE('',#3502,#3501,#1494,.T.);
#4359=EDGE_CURVE('',#3503,#3504,#2831,.T.);
#4360=EDGE_CURVE('',#3503,#3186,#1495,.T.);
#4361=EDGE_CURVE('',#3185,#3504,#1496,.T.);
#4362=EDGE_CURVE('',#3495,#3504,#2832,.T.);
#4363=EDGE_CURVE('',#3498,#3505,#1497,.T.);
#4364=EDGE_CURVE('',#3193,#3505,#1498,.T.);
#4365=EDGE_CURVE('',#3187,#3506,#1499,.T.);
#4366=EDGE_CURVE('',#3506,#3502,#2833,.T.);
#4367=EDGE_CURVE('',#3503,#3506,#1500,.T.);
#4368=EDGE_CURVE('',#3505,#3497,#2834,.T.);
#4369=EDGE_CURVE('',#3507,#3508,#2835,.T.);
#4370=EDGE_CURVE('',#3507,#3171,#1501,.T.);
#4371=EDGE_CURVE('',#3172,#3508,#1502,.T.);
#4372=EDGE_CURVE('',#3182,#3509,#1503,.T.);
#4373=EDGE_CURVE('',#3509,#3508,#1504,.T.);
#4374=EDGE_CURVE('',#3510,#3511,#2836,.T.);
#4375=EDGE_CURVE('',#3510,#3180,#1505,.T.);
#4376=EDGE_CURVE('',#3179,#3511,#1506,.T.);
#4377=EDGE_CURVE('',#3512,#3178,#1507,.T.);
#4378=EDGE_CURVE('',#3512,#3511,#2837,.T.);
#4379=EDGE_CURVE('',#3512,#3513,#2838,.T.);
#4380=EDGE_CURVE('',#3177,#3513,#1508,.T.);
#4381=EDGE_CURVE('',#3176,#3514,#1509,.T.);
#4382=EDGE_CURVE('',#3514,#3513,#1510,.T.);
#4383=EDGE_CURVE('',#3515,#3516,#2839,.T.);
#4384=EDGE_CURVE('',#3515,#3174,#1511,.T.);
#4385=EDGE_CURVE('',#3173,#3516,#1512,.T.);
#4386=EDGE_CURVE('',#3507,#3516,#2840,.T.);
#4387=EDGE_CURVE('',#3510,#3517,#1513,.T.);
#4388=EDGE_CURVE('',#3181,#3517,#1514,.T.);
#4389=EDGE_CURVE('',#3175,#3518,#1515,.T.);
#4390=EDGE_CURVE('',#3518,#3514,#2841,.T.);
#4391=EDGE_CURVE('',#3515,#3518,#1516,.T.);
#4392=EDGE_CURVE('',#3517,#3509,#2842,.T.);
#4393=EDGE_CURVE('',#3519,#3520,#2843,.T.);
#4394=EDGE_CURVE('',#3519,#3159,#1517,.T.);
#4395=EDGE_CURVE('',#3160,#3520,#1518,.T.);
#4396=EDGE_CURVE('',#3170,#3521,#1519,.T.);
#4397=EDGE_CURVE('',#3521,#3520,#1520,.T.);
#4398=EDGE_CURVE('',#3522,#3523,#2844,.T.);
#4399=EDGE_CURVE('',#3522,#3168,#1521,.T.);
#4400=EDGE_CURVE('',#3167,#3523,#1522,.T.);
#4401=EDGE_CURVE('',#3524,#3166,#1523,.T.);
#4402=EDGE_CURVE('',#3524,#3523,#2845,.T.);
#4403=EDGE_CURVE('',#3524,#3525,#2846,.T.);
#4404=EDGE_CURVE('',#3165,#3525,#1524,.T.);
#4405=EDGE_CURVE('',#3164,#3526,#1525,.T.);
#4406=EDGE_CURVE('',#3526,#3525,#1526,.T.);
#4407=EDGE_CURVE('',#3527,#3528,#2847,.T.);
#4408=EDGE_CURVE('',#3527,#3162,#1527,.T.);
#4409=EDGE_CURVE('',#3161,#3528,#1528,.T.);
#4410=EDGE_CURVE('',#3519,#3528,#2848,.T.);
#4411=EDGE_CURVE('',#3522,#3529,#1529,.T.);
#4412=EDGE_CURVE('',#3169,#3529,#1530,.T.);
#4413=EDGE_CURVE('',#3163,#3530,#1531,.T.);
#4414=EDGE_CURVE('',#3530,#3526,#2849,.T.);
#4415=EDGE_CURVE('',#3527,#3530,#1532,.T.);
#4416=EDGE_CURVE('',#3529,#3521,#2850,.T.);
#4417=EDGE_CURVE('',#3531,#3532,#2851,.T.);
#4418=EDGE_CURVE('',#3531,#3147,#1533,.T.);
#4419=EDGE_CURVE('',#3148,#3532,#1534,.T.);
#4420=EDGE_CURVE('',#3158,#3533,#1535,.T.);
#4421=EDGE_CURVE('',#3533,#3532,#1536,.T.);
#4422=EDGE_CURVE('',#3534,#3535,#2852,.T.);
#4423=EDGE_CURVE('',#3534,#3156,#1537,.T.);
#4424=EDGE_CURVE('',#3155,#3535,#1538,.T.);
#4425=EDGE_CURVE('',#3536,#3154,#1539,.T.);
#4426=EDGE_CURVE('',#3536,#3535,#2853,.T.);
#4427=EDGE_CURVE('',#3536,#3537,#2854,.T.);
#4428=EDGE_CURVE('',#3153,#3537,#1540,.T.);
#4429=EDGE_CURVE('',#3152,#3538,#1541,.T.);
#4430=EDGE_CURVE('',#3538,#3537,#1542,.T.);
#4431=EDGE_CURVE('',#3539,#3540,#2855,.T.);
#4432=EDGE_CURVE('',#3539,#3150,#1543,.T.);
#4433=EDGE_CURVE('',#3149,#3540,#1544,.T.);
#4434=EDGE_CURVE('',#3531,#3540,#2856,.T.);
#4435=EDGE_CURVE('',#3534,#3541,#1545,.T.);
#4436=EDGE_CURVE('',#3157,#3541,#1546,.T.);
#4437=EDGE_CURVE('',#3151,#3542,#1547,.T.);
#4438=EDGE_CURVE('',#3542,#3538,#2857,.T.);
#4439=EDGE_CURVE('',#3539,#3542,#1548,.T.);
#4440=EDGE_CURVE('',#3541,#3533,#2858,.T.);
#4441=EDGE_CURVE('',#3543,#3544,#2859,.T.);
#4442=EDGE_CURVE('',#3543,#3135,#1549,.T.);
#4443=EDGE_CURVE('',#3136,#3544,#1550,.T.);
#4444=EDGE_CURVE('',#3146,#3545,#1551,.T.);
#4445=EDGE_CURVE('',#3545,#3544,#1552,.T.);
#4446=EDGE_CURVE('',#3546,#3547,#2860,.T.);
#4447=EDGE_CURVE('',#3546,#3144,#1553,.T.);
#4448=EDGE_CURVE('',#3143,#3547,#1554,.T.);
#4449=EDGE_CURVE('',#3548,#3142,#1555,.T.);
#4450=EDGE_CURVE('',#3548,#3547,#2861,.T.);
#4451=EDGE_CURVE('',#3548,#3549,#2862,.T.);
#4452=EDGE_CURVE('',#3141,#3549,#1556,.T.);
#4453=EDGE_CURVE('',#3140,#3550,#1557,.T.);
#4454=EDGE_CURVE('',#3550,#3549,#1558,.T.);
#4455=EDGE_CURVE('',#3551,#3552,#2863,.T.);
#4456=EDGE_CURVE('',#3551,#3138,#1559,.T.);
#4457=EDGE_CURVE('',#3137,#3552,#1560,.T.);
#4458=EDGE_CURVE('',#3543,#3552,#2864,.T.);
#4459=EDGE_CURVE('',#3546,#3553,#1561,.T.);
#4460=EDGE_CURVE('',#3145,#3553,#1562,.T.);
#4461=EDGE_CURVE('',#3139,#3554,#1563,.T.);
#4462=EDGE_CURVE('',#3554,#3550,#2865,.T.);
#4463=EDGE_CURVE('',#3551,#3554,#1564,.T.);
#4464=EDGE_CURVE('',#3553,#3545,#2866,.T.);
#4465=EDGE_CURVE('',#3555,#3556,#2867,.T.);
#4466=EDGE_CURVE('',#3555,#3261,#1565,.T.);
#4467=EDGE_CURVE('',#3262,#3556,#1566,.T.);
#4468=EDGE_CURVE('',#3272,#3557,#1567,.T.);
#4469=EDGE_CURVE('',#3557,#3556,#1568,.T.);
#4470=EDGE_CURVE('',#3558,#3559,#2868,.T.);
#4471=EDGE_CURVE('',#3558,#3270,#1569,.T.);
#4472=EDGE_CURVE('',#3269,#3559,#1570,.T.);
#4473=EDGE_CURVE('',#3560,#3268,#1571,.T.);
#4474=EDGE_CURVE('',#3560,#3559,#2869,.T.);
#4475=EDGE_CURVE('',#3560,#3561,#2870,.T.);
#4476=EDGE_CURVE('',#3267,#3561,#1572,.T.);
#4477=EDGE_CURVE('',#3266,#3562,#1573,.T.);
#4478=EDGE_CURVE('',#3562,#3561,#1574,.T.);
#4479=EDGE_CURVE('',#3563,#3564,#2871,.T.);
#4480=EDGE_CURVE('',#3563,#3264,#1575,.T.);
#4481=EDGE_CURVE('',#3263,#3564,#1576,.T.);
#4482=EDGE_CURVE('',#3555,#3564,#2872,.T.);
#4483=EDGE_CURVE('',#3558,#3565,#1577,.T.);
#4484=EDGE_CURVE('',#3271,#3565,#1578,.T.);
#4485=EDGE_CURVE('',#3265,#3566,#1579,.T.);
#4486=EDGE_CURVE('',#3566,#3562,#2873,.T.);
#4487=EDGE_CURVE('',#3563,#3566,#1580,.T.);
#4488=EDGE_CURVE('',#3565,#3557,#2874,.T.);
#4489=EDGE_CURVE('',#3567,#3568,#2875,.T.);
#4490=EDGE_CURVE('',#3567,#3273,#1581,.T.);
#4491=EDGE_CURVE('',#3274,#3568,#1582,.T.);
#4492=EDGE_CURVE('',#3284,#3569,#1583,.T.);
#4493=EDGE_CURVE('',#3569,#3568,#1584,.T.);
#4494=EDGE_CURVE('',#3570,#3571,#2876,.T.);
#4495=EDGE_CURVE('',#3570,#3282,#1585,.T.);
#4496=EDGE_CURVE('',#3281,#3571,#1586,.T.);
#4497=EDGE_CURVE('',#3572,#3280,#1587,.T.);
#4498=EDGE_CURVE('',#3572,#3571,#2877,.T.);
#4499=EDGE_CURVE('',#3572,#3573,#2878,.T.);
#4500=EDGE_CURVE('',#3279,#3573,#1588,.T.);
#4501=EDGE_CURVE('',#3278,#3574,#1589,.T.);
#4502=EDGE_CURVE('',#3574,#3573,#1590,.T.);
#4503=EDGE_CURVE('',#3575,#3576,#2879,.T.);
#4504=EDGE_CURVE('',#3575,#3276,#1591,.T.);
#4505=EDGE_CURVE('',#3275,#3576,#1592,.T.);
#4506=EDGE_CURVE('',#3567,#3576,#2880,.T.);
#4507=EDGE_CURVE('',#3570,#3577,#1593,.T.);
#4508=EDGE_CURVE('',#3283,#3577,#1594,.T.);
#4509=EDGE_CURVE('',#3277,#3578,#1595,.T.);
#4510=EDGE_CURVE('',#3578,#3574,#2881,.T.);
#4511=EDGE_CURVE('',#3575,#3578,#1596,.T.);
#4512=EDGE_CURVE('',#3577,#3569,#2882,.T.);
#4513=EDGE_CURVE('',#3579,#3580,#2883,.T.);
#4514=EDGE_CURVE('',#3579,#3285,#1597,.T.);
#4515=EDGE_CURVE('',#3286,#3580,#1598,.T.);
#4516=EDGE_CURVE('',#3296,#3581,#1599,.T.);
#4517=EDGE_CURVE('',#3581,#3580,#1600,.T.);
#4518=EDGE_CURVE('',#3582,#3583,#2884,.T.);
#4519=EDGE_CURVE('',#3582,#3294,#1601,.T.);
#4520=EDGE_CURVE('',#3293,#3583,#1602,.T.);
#4521=EDGE_CURVE('',#3584,#3292,#1603,.T.);
#4522=EDGE_CURVE('',#3584,#3583,#2885,.T.);
#4523=EDGE_CURVE('',#3584,#3585,#2886,.T.);
#4524=EDGE_CURVE('',#3291,#3585,#1604,.T.);
#4525=EDGE_CURVE('',#3290,#3586,#1605,.T.);
#4526=EDGE_CURVE('',#3586,#3585,#1606,.T.);
#4527=EDGE_CURVE('',#3587,#3588,#2887,.T.);
#4528=EDGE_CURVE('',#3587,#3288,#1607,.T.);
#4529=EDGE_CURVE('',#3287,#3588,#1608,.T.);
#4530=EDGE_CURVE('',#3579,#3588,#2888,.T.);
#4531=EDGE_CURVE('',#3582,#3589,#1609,.T.);
#4532=EDGE_CURVE('',#3295,#3589,#1610,.T.);
#4533=EDGE_CURVE('',#3289,#3590,#1611,.T.);
#4534=EDGE_CURVE('',#3590,#3586,#2889,.T.);
#4535=EDGE_CURVE('',#3587,#3590,#1612,.T.);
#4536=EDGE_CURVE('',#3589,#3581,#2890,.T.);
#4537=EDGE_CURVE('',#3591,#3592,#2891,.T.);
#4538=EDGE_CURVE('',#3591,#3297,#1613,.T.);
#4539=EDGE_CURVE('',#3298,#3592,#1614,.T.);
#4540=EDGE_CURVE('',#3308,#3593,#1615,.T.);
#4541=EDGE_CURVE('',#3593,#3592,#1616,.T.);
#4542=EDGE_CURVE('',#3594,#3595,#2892,.T.);
#4543=EDGE_CURVE('',#3594,#3306,#1617,.T.);
#4544=EDGE_CURVE('',#3305,#3595,#1618,.T.);
#4545=EDGE_CURVE('',#3596,#3304,#1619,.T.);
#4546=EDGE_CURVE('',#3596,#3595,#2893,.T.);
#4547=EDGE_CURVE('',#3596,#3597,#2894,.T.);
#4548=EDGE_CURVE('',#3303,#3597,#1620,.T.);
#4549=EDGE_CURVE('',#3302,#3598,#1621,.T.);
#4550=EDGE_CURVE('',#3598,#3597,#1622,.T.);
#4551=EDGE_CURVE('',#3599,#3600,#2895,.T.);
#4552=EDGE_CURVE('',#3599,#3300,#1623,.T.);
#4553=EDGE_CURVE('',#3299,#3600,#1624,.T.);
#4554=EDGE_CURVE('',#3591,#3600,#2896,.T.);
#4555=EDGE_CURVE('',#3594,#3601,#1625,.T.);
#4556=EDGE_CURVE('',#3307,#3601,#1626,.T.);
#4557=EDGE_CURVE('',#3301,#3602,#1627,.T.);
#4558=EDGE_CURVE('',#3602,#3598,#2897,.T.);
#4559=EDGE_CURVE('',#3599,#3602,#1628,.T.);
#4560=EDGE_CURVE('',#3601,#3593,#2898,.T.);
#4561=EDGE_CURVE('',#3603,#3604,#2899,.T.);
#4562=EDGE_CURVE('',#3603,#3309,#1629,.T.);
#4563=EDGE_CURVE('',#3310,#3604,#1630,.T.);
#4564=EDGE_CURVE('',#3320,#3605,#1631,.T.);
#4565=EDGE_CURVE('',#3605,#3604,#1632,.T.);
#4566=EDGE_CURVE('',#3606,#3607,#2900,.T.);
#4567=EDGE_CURVE('',#3606,#3318,#1633,.T.);
#4568=EDGE_CURVE('',#3317,#3607,#1634,.T.);
#4569=EDGE_CURVE('',#3608,#3316,#1635,.T.);
#4570=EDGE_CURVE('',#3608,#3607,#2901,.T.);
#4571=EDGE_CURVE('',#3608,#3609,#2902,.T.);
#4572=EDGE_CURVE('',#3315,#3609,#1636,.T.);
#4573=EDGE_CURVE('',#3314,#3610,#1637,.T.);
#4574=EDGE_CURVE('',#3610,#3609,#1638,.T.);
#4575=EDGE_CURVE('',#3611,#3612,#2903,.T.);
#4576=EDGE_CURVE('',#3611,#3312,#1639,.T.);
#4577=EDGE_CURVE('',#3311,#3612,#1640,.T.);
#4578=EDGE_CURVE('',#3603,#3612,#2904,.T.);
#4579=EDGE_CURVE('',#3606,#3613,#1641,.T.);
#4580=EDGE_CURVE('',#3319,#3613,#1642,.T.);
#4581=EDGE_CURVE('',#3313,#3614,#1643,.T.);
#4582=EDGE_CURVE('',#3614,#3610,#2905,.T.);
#4583=EDGE_CURVE('',#3611,#3614,#1644,.T.);
#4584=EDGE_CURVE('',#3613,#3605,#2906,.T.);
#4585=EDGE_CURVE('',#3615,#3616,#2907,.T.);
#4586=EDGE_CURVE('',#3615,#3321,#1645,.T.);
#4587=EDGE_CURVE('',#3322,#3616,#1646,.T.);
#4588=EDGE_CURVE('',#3332,#3617,#1647,.T.);
#4589=EDGE_CURVE('',#3617,#3616,#1648,.T.);
#4590=EDGE_CURVE('',#3618,#3619,#2908,.T.);
#4591=EDGE_CURVE('',#3618,#3330,#1649,.T.);
#4592=EDGE_CURVE('',#3329,#3619,#1650,.T.);
#4593=EDGE_CURVE('',#3620,#3328,#1651,.T.);
#4594=EDGE_CURVE('',#3620,#3619,#2909,.T.);
#4595=EDGE_CURVE('',#3620,#3621,#2910,.T.);
#4596=EDGE_CURVE('',#3327,#3621,#1652,.T.);
#4597=EDGE_CURVE('',#3326,#3622,#1653,.T.);
#4598=EDGE_CURVE('',#3622,#3621,#1654,.T.);
#4599=EDGE_CURVE('',#3623,#3624,#2911,.T.);
#4600=EDGE_CURVE('',#3623,#3324,#1655,.T.);
#4601=EDGE_CURVE('',#3323,#3624,#1656,.T.);
#4602=EDGE_CURVE('',#3615,#3624,#2912,.T.);
#4603=EDGE_CURVE('',#3618,#3625,#1657,.T.);
#4604=EDGE_CURVE('',#3331,#3625,#1658,.T.);
#4605=EDGE_CURVE('',#3325,#3626,#1659,.T.);
#4606=EDGE_CURVE('',#3626,#3622,#2913,.T.);
#4607=EDGE_CURVE('',#3623,#3626,#1660,.T.);
#4608=EDGE_CURVE('',#3625,#3617,#2914,.T.);
#4609=EDGE_CURVE('',#3627,#3628,#2915,.T.);
#4610=EDGE_CURVE('',#3627,#3333,#1661,.T.);
#4611=EDGE_CURVE('',#3334,#3628,#1662,.T.);
#4612=EDGE_CURVE('',#3344,#3629,#1663,.T.);
#4613=EDGE_CURVE('',#3629,#3628,#1664,.T.);
#4614=EDGE_CURVE('',#3630,#3631,#2916,.T.);
#4615=EDGE_CURVE('',#3630,#3342,#1665,.T.);
#4616=EDGE_CURVE('',#3341,#3631,#1666,.T.);
#4617=EDGE_CURVE('',#3632,#3340,#1667,.T.);
#4618=EDGE_CURVE('',#3632,#3631,#2917,.T.);
#4619=EDGE_CURVE('',#3632,#3633,#2918,.T.);
#4620=EDGE_CURVE('',#3339,#3633,#1668,.T.);
#4621=EDGE_CURVE('',#3338,#3634,#1669,.T.);
#4622=EDGE_CURVE('',#3634,#3633,#1670,.T.);
#4623=EDGE_CURVE('',#3635,#3636,#2919,.T.);
#4624=EDGE_CURVE('',#3635,#3336,#1671,.T.);
#4625=EDGE_CURVE('',#3335,#3636,#1672,.T.);
#4626=EDGE_CURVE('',#3627,#3636,#2920,.T.);
#4627=EDGE_CURVE('',#3630,#3637,#1673,.T.);
#4628=EDGE_CURVE('',#3343,#3637,#1674,.T.);
#4629=EDGE_CURVE('',#3337,#3638,#1675,.T.);
#4630=EDGE_CURVE('',#3638,#3634,#2921,.T.);
#4631=EDGE_CURVE('',#3635,#3638,#1676,.T.);
#4632=EDGE_CURVE('',#3637,#3629,#2922,.T.);
#4633=EDGE_CURVE('',#3639,#3640,#2923,.T.);
#4634=EDGE_CURVE('',#3639,#3345,#1677,.T.);
#4635=EDGE_CURVE('',#3346,#3640,#1678,.T.);
#4636=EDGE_CURVE('',#3356,#3641,#1679,.T.);
#4637=EDGE_CURVE('',#3641,#3640,#1680,.T.);
#4638=EDGE_CURVE('',#3642,#3643,#2924,.T.);
#4639=EDGE_CURVE('',#3642,#3354,#1681,.T.);
#4640=EDGE_CURVE('',#3353,#3643,#1682,.T.);
#4641=EDGE_CURVE('',#3644,#3352,#1683,.T.);
#4642=EDGE_CURVE('',#3644,#3643,#2925,.T.);
#4643=EDGE_CURVE('',#3644,#3645,#2926,.T.);
#4644=EDGE_CURVE('',#3351,#3645,#1684,.T.);
#4645=EDGE_CURVE('',#3350,#3646,#1685,.T.);
#4646=EDGE_CURVE('',#3646,#3645,#1686,.T.);
#4647=EDGE_CURVE('',#3647,#3648,#2927,.T.);
#4648=EDGE_CURVE('',#3647,#3348,#1687,.T.);
#4649=EDGE_CURVE('',#3347,#3648,#1688,.T.);
#4650=EDGE_CURVE('',#3639,#3648,#2928,.T.);
#4651=EDGE_CURVE('',#3642,#3649,#1689,.T.);
#4652=EDGE_CURVE('',#3355,#3649,#1690,.T.);
#4653=EDGE_CURVE('',#3349,#3650,#1691,.T.);
#4654=EDGE_CURVE('',#3650,#3646,#2929,.T.);
#4655=EDGE_CURVE('',#3647,#3650,#1692,.T.);
#4656=EDGE_CURVE('',#3649,#3641,#2930,.T.);
#4657=EDGE_CURVE('',#3651,#3652,#2931,.T.);
#4658=EDGE_CURVE('',#3651,#3357,#1693,.T.);
#4659=EDGE_CURVE('',#3358,#3652,#1694,.T.);
#4660=EDGE_CURVE('',#3368,#3653,#1695,.T.);
#4661=EDGE_CURVE('',#3653,#3652,#1696,.T.);
#4662=EDGE_CURVE('',#3654,#3655,#2932,.T.);
#4663=EDGE_CURVE('',#3654,#3366,#1697,.T.);
#4664=EDGE_CURVE('',#3365,#3655,#1698,.T.);
#4665=EDGE_CURVE('',#3656,#3364,#1699,.T.);
#4666=EDGE_CURVE('',#3656,#3655,#2933,.T.);
#4667=EDGE_CURVE('',#3656,#3657,#2934,.T.);
#4668=EDGE_CURVE('',#3363,#3657,#1700,.T.);
#4669=EDGE_CURVE('',#3362,#3658,#1701,.T.);
#4670=EDGE_CURVE('',#3658,#3657,#1702,.T.);
#4671=EDGE_CURVE('',#3659,#3660,#2935,.T.);
#4672=EDGE_CURVE('',#3659,#3360,#1703,.T.);
#4673=EDGE_CURVE('',#3359,#3660,#1704,.T.);
#4674=EDGE_CURVE('',#3651,#3660,#2936,.T.);
#4675=EDGE_CURVE('',#3654,#3661,#1705,.T.);
#4676=EDGE_CURVE('',#3367,#3661,#1706,.T.);
#4677=EDGE_CURVE('',#3361,#3662,#1707,.T.);
#4678=EDGE_CURVE('',#3662,#3658,#2937,.T.);
#4679=EDGE_CURVE('',#3659,#3662,#1708,.T.);
#4680=EDGE_CURVE('',#3661,#3653,#2938,.T.);
#4681=EDGE_CURVE('',#3663,#3664,#2939,.T.);
#4682=EDGE_CURVE('',#3663,#3369,#1709,.T.);
#4683=EDGE_CURVE('',#3370,#3664,#1710,.T.);
#4684=EDGE_CURVE('',#3380,#3665,#1711,.T.);
#4685=EDGE_CURVE('',#3665,#3664,#1712,.T.);
#4686=EDGE_CURVE('',#3666,#3667,#2940,.T.);
#4687=EDGE_CURVE('',#3666,#3378,#1713,.T.);
#4688=EDGE_CURVE('',#3377,#3667,#1714,.T.);
#4689=EDGE_CURVE('',#3668,#3376,#1715,.T.);
#4690=EDGE_CURVE('',#3668,#3667,#2941,.T.);
#4691=EDGE_CURVE('',#3668,#3669,#2942,.T.);
#4692=EDGE_CURVE('',#3375,#3669,#1716,.T.);
#4693=EDGE_CURVE('',#3374,#3670,#1717,.T.);
#4694=EDGE_CURVE('',#3670,#3669,#1718,.T.);
#4695=EDGE_CURVE('',#3671,#3672,#2943,.T.);
#4696=EDGE_CURVE('',#3671,#3372,#1719,.T.);
#4697=EDGE_CURVE('',#3371,#3672,#1720,.T.);
#4698=EDGE_CURVE('',#3663,#3672,#2944,.T.);
#4699=EDGE_CURVE('',#3666,#3673,#1721,.T.);
#4700=EDGE_CURVE('',#3379,#3673,#1722,.T.);
#4701=EDGE_CURVE('',#3373,#3674,#1723,.T.);
#4702=EDGE_CURVE('',#3674,#3670,#2945,.T.);
#4703=EDGE_CURVE('',#3671,#3674,#1724,.T.);
#4704=EDGE_CURVE('',#3673,#3665,#2946,.T.);
#4705=EDGE_CURVE('',#3675,#3676,#2947,.T.);
#4706=EDGE_CURVE('',#3675,#3381,#1725,.T.);
#4707=EDGE_CURVE('',#3382,#3676,#1726,.T.);
#4708=EDGE_CURVE('',#3392,#3677,#1727,.T.);
#4709=EDGE_CURVE('',#3677,#3676,#1728,.T.);
#4710=EDGE_CURVE('',#3678,#3679,#2948,.T.);
#4711=EDGE_CURVE('',#3678,#3390,#1729,.T.);
#4712=EDGE_CURVE('',#3389,#3679,#1730,.T.);
#4713=EDGE_CURVE('',#3680,#3388,#1731,.T.);
#4714=EDGE_CURVE('',#3680,#3679,#2949,.T.);
#4715=EDGE_CURVE('',#3680,#3681,#2950,.T.);
#4716=EDGE_CURVE('',#3387,#3681,#1732,.T.);
#4717=EDGE_CURVE('',#3386,#3682,#1733,.T.);
#4718=EDGE_CURVE('',#3682,#3681,#1734,.T.);
#4719=EDGE_CURVE('',#3683,#3684,#2951,.T.);
#4720=EDGE_CURVE('',#3683,#3384,#1735,.T.);
#4721=EDGE_CURVE('',#3383,#3684,#1736,.T.);
#4722=EDGE_CURVE('',#3675,#3684,#2952,.T.);
#4723=EDGE_CURVE('',#3678,#3685,#1737,.T.);
#4724=EDGE_CURVE('',#3391,#3685,#1738,.T.);
#4725=EDGE_CURVE('',#3385,#3686,#1739,.T.);
#4726=EDGE_CURVE('',#3686,#3682,#2953,.T.);
#4727=EDGE_CURVE('',#3683,#3686,#1740,.T.);
#4728=EDGE_CURVE('',#3685,#3677,#2954,.T.);
#4729=EDGE_CURVE('',#3687,#3688,#2955,.T.);
#4730=EDGE_CURVE('',#3687,#3393,#1741,.T.);
#4731=EDGE_CURVE('',#3394,#3688,#1742,.T.);
#4732=EDGE_CURVE('',#3404,#3689,#1743,.T.);
#4733=EDGE_CURVE('',#3689,#3688,#1744,.T.);
#4734=EDGE_CURVE('',#3690,#3691,#2956,.T.);
#4735=EDGE_CURVE('',#3690,#3402,#1745,.T.);
#4736=EDGE_CURVE('',#3401,#3691,#1746,.T.);
#4737=EDGE_CURVE('',#3692,#3400,#1747,.T.);
#4738=EDGE_CURVE('',#3692,#3691,#2957,.T.);
#4739=EDGE_CURVE('',#3692,#3693,#2958,.T.);
#4740=EDGE_CURVE('',#3399,#3693,#1748,.T.);
#4741=EDGE_CURVE('',#3398,#3694,#1749,.T.);
#4742=EDGE_CURVE('',#3694,#3693,#1750,.T.);
#4743=EDGE_CURVE('',#3695,#3696,#2959,.T.);
#4744=EDGE_CURVE('',#3695,#3396,#1751,.T.);
#4745=EDGE_CURVE('',#3395,#3696,#1752,.T.);
#4746=EDGE_CURVE('',#3687,#3696,#2960,.T.);
#4747=EDGE_CURVE('',#3690,#3697,#1753,.T.);
#4748=EDGE_CURVE('',#3403,#3697,#1754,.T.);
#4749=EDGE_CURVE('',#3397,#3698,#1755,.T.);
#4750=EDGE_CURVE('',#3698,#3694,#2961,.T.);
#4751=EDGE_CURVE('',#3695,#3698,#1756,.T.);
#4752=EDGE_CURVE('',#3697,#3689,#2962,.T.);
#4753=EDGE_CURVE('',#3699,#3700,#2963,.T.);
#4754=EDGE_CURVE('',#3699,#3405,#1757,.T.);
#4755=EDGE_CURVE('',#3406,#3700,#1758,.T.);
#4756=EDGE_CURVE('',#3416,#3701,#1759,.T.);
#4757=EDGE_CURVE('',#3701,#3700,#1760,.T.);
#4758=EDGE_CURVE('',#3702,#3703,#2964,.T.);
#4759=EDGE_CURVE('',#3702,#3414,#1761,.T.);
#4760=EDGE_CURVE('',#3413,#3703,#1762,.T.);
#4761=EDGE_CURVE('',#3704,#3412,#1763,.T.);
#4762=EDGE_CURVE('',#3704,#3703,#2965,.T.);
#4763=EDGE_CURVE('',#3704,#3705,#2966,.T.);
#4764=EDGE_CURVE('',#3411,#3705,#1764,.T.);
#4765=EDGE_CURVE('',#3410,#3706,#1765,.T.);
#4766=EDGE_CURVE('',#3706,#3705,#1766,.T.);
#4767=EDGE_CURVE('',#3707,#3708,#2967,.T.);
#4768=EDGE_CURVE('',#3707,#3408,#1767,.T.);
#4769=EDGE_CURVE('',#3407,#3708,#1768,.T.);
#4770=EDGE_CURVE('',#3699,#3708,#2968,.T.);
#4771=EDGE_CURVE('',#3702,#3709,#1769,.T.);
#4772=EDGE_CURVE('',#3415,#3709,#1770,.T.);
#4773=EDGE_CURVE('',#3409,#3710,#1771,.T.);
#4774=EDGE_CURVE('',#3710,#3706,#2969,.T.);
#4775=EDGE_CURVE('',#3707,#3710,#1772,.T.);
#4776=EDGE_CURVE('',#3709,#3701,#2970,.T.);
#4777=EDGE_CURVE('',#3711,#3712,#2971,.T.);
#4778=EDGE_CURVE('',#3711,#3417,#1773,.T.);
#4779=EDGE_CURVE('',#3418,#3712,#1774,.T.);
#4780=EDGE_CURVE('',#3428,#3713,#1775,.T.);
#4781=EDGE_CURVE('',#3713,#3712,#1776,.T.);
#4782=EDGE_CURVE('',#3714,#3715,#2972,.T.);
#4783=EDGE_CURVE('',#3714,#3426,#1777,.T.);
#4784=EDGE_CURVE('',#3425,#3715,#1778,.T.);
#4785=EDGE_CURVE('',#3716,#3424,#1779,.T.);
#4786=EDGE_CURVE('',#3716,#3715,#2973,.T.);
#4787=EDGE_CURVE('',#3716,#3717,#2974,.T.);
#4788=EDGE_CURVE('',#3423,#3717,#1780,.T.);
#4789=EDGE_CURVE('',#3422,#3718,#1781,.T.);
#4790=EDGE_CURVE('',#3718,#3717,#1782,.T.);
#4791=EDGE_CURVE('',#3719,#3720,#2975,.T.);
#4792=EDGE_CURVE('',#3719,#3420,#1783,.T.);
#4793=EDGE_CURVE('',#3419,#3720,#1784,.T.);
#4794=EDGE_CURVE('',#3711,#3720,#2976,.T.);
#4795=EDGE_CURVE('',#3714,#3721,#1785,.T.);
#4796=EDGE_CURVE('',#3427,#3721,#1786,.T.);
#4797=EDGE_CURVE('',#3421,#3722,#1787,.T.);
#4798=EDGE_CURVE('',#3722,#3718,#2977,.T.);
#4799=EDGE_CURVE('',#3719,#3722,#1788,.T.);
#4800=EDGE_CURVE('',#3721,#3713,#2978,.T.);
#4801=EDGE_CURVE('',#3723,#3724,#2979,.T.);
#4802=EDGE_CURVE('',#3723,#3123,#1789,.T.);
#4803=EDGE_CURVE('',#3124,#3724,#1790,.T.);
#4804=EDGE_CURVE('',#3134,#3725,#1791,.T.);
#4805=EDGE_CURVE('',#3725,#3724,#1792,.T.);
#4806=EDGE_CURVE('',#3726,#3727,#2980,.T.);
#4807=EDGE_CURVE('',#3726,#3132,#1793,.T.);
#4808=EDGE_CURVE('',#3131,#3727,#1794,.T.);
#4809=EDGE_CURVE('',#3728,#3130,#1795,.T.);
#4810=EDGE_CURVE('',#3728,#3727,#2981,.T.);
#4811=EDGE_CURVE('',#3728,#3729,#2982,.T.);
#4812=EDGE_CURVE('',#3129,#3729,#1796,.T.);
#4813=EDGE_CURVE('',#3128,#3730,#1797,.T.);
#4814=EDGE_CURVE('',#3730,#3729,#1798,.T.);
#4815=EDGE_CURVE('',#3731,#3732,#2983,.T.);
#4816=EDGE_CURVE('',#3731,#3126,#1799,.T.);
#4817=EDGE_CURVE('',#3125,#3732,#1800,.T.);
#4818=EDGE_CURVE('',#3723,#3732,#2984,.T.);
#4819=EDGE_CURVE('',#3726,#3733,#1801,.T.);
#4820=EDGE_CURVE('',#3133,#3733,#1802,.T.);
#4821=EDGE_CURVE('',#3127,#3734,#1803,.T.);
#4822=EDGE_CURVE('',#3734,#3730,#2985,.T.);
#4823=EDGE_CURVE('',#3731,#3734,#1804,.T.);
#4824=EDGE_CURVE('',#3733,#3725,#2986,.T.);
#4825=EDGE_CURVE('',#3735,#3736,#2987,.T.);
#4826=EDGE_CURVE('',#3735,#3111,#1805,.T.);
#4827=EDGE_CURVE('',#3112,#3736,#1806,.T.);
#4828=EDGE_CURVE('',#3122,#3737,#1807,.T.);
#4829=EDGE_CURVE('',#3737,#3736,#1808,.T.);
#4830=EDGE_CURVE('',#3738,#3739,#2988,.T.);
#4831=EDGE_CURVE('',#3738,#3120,#1809,.T.);
#4832=EDGE_CURVE('',#3119,#3739,#1810,.T.);
#4833=EDGE_CURVE('',#3740,#3118,#1811,.T.);
#4834=EDGE_CURVE('',#3740,#3739,#2989,.T.);
#4835=EDGE_CURVE('',#3740,#3741,#2990,.T.);
#4836=EDGE_CURVE('',#3117,#3741,#1812,.T.);
#4837=EDGE_CURVE('',#3116,#3742,#1813,.T.);
#4838=EDGE_CURVE('',#3742,#3741,#1814,.T.);
#4839=EDGE_CURVE('',#3743,#3744,#2991,.T.);
#4840=EDGE_CURVE('',#3743,#3114,#1815,.T.);
#4841=EDGE_CURVE('',#3113,#3744,#1816,.T.);
#4842=EDGE_CURVE('',#3735,#3744,#2992,.T.);
#4843=EDGE_CURVE('',#3738,#3745,#1817,.T.);
#4844=EDGE_CURVE('',#3121,#3745,#1818,.T.);
#4845=EDGE_CURVE('',#3115,#3746,#1819,.T.);
#4846=EDGE_CURVE('',#3746,#3742,#2993,.T.);
#4847=EDGE_CURVE('',#3743,#3746,#1820,.T.);
#4848=EDGE_CURVE('',#3745,#3737,#2994,.T.);
#4849=EDGE_CURVE('',#3747,#3748,#2995,.T.);
#4850=EDGE_CURVE('',#3747,#3099,#1821,.T.);
#4851=EDGE_CURVE('',#3100,#3748,#1822,.T.);
#4852=EDGE_CURVE('',#3110,#3749,#1823,.T.);
#4853=EDGE_CURVE('',#3749,#3748,#1824,.T.);
#4854=EDGE_CURVE('',#3750,#3751,#2996,.T.);
#4855=EDGE_CURVE('',#3750,#3108,#1825,.T.);
#4856=EDGE_CURVE('',#3107,#3751,#1826,.T.);
#4857=EDGE_CURVE('',#3752,#3106,#1827,.T.);
#4858=EDGE_CURVE('',#3752,#3751,#2997,.T.);
#4859=EDGE_CURVE('',#3752,#3753,#2998,.T.);
#4860=EDGE_CURVE('',#3105,#3753,#1828,.T.);
#4861=EDGE_CURVE('',#3104,#3754,#1829,.T.);
#4862=EDGE_CURVE('',#3754,#3753,#1830,.T.);
#4863=EDGE_CURVE('',#3755,#3756,#2999,.T.);
#4864=EDGE_CURVE('',#3755,#3102,#1831,.T.);
#4865=EDGE_CURVE('',#3101,#3756,#1832,.T.);
#4866=EDGE_CURVE('',#3747,#3756,#3000,.T.);
#4867=EDGE_CURVE('',#3750,#3757,#1833,.T.);
#4868=EDGE_CURVE('',#3109,#3757,#1834,.T.);
#4869=EDGE_CURVE('',#3103,#3758,#1835,.T.);
#4870=EDGE_CURVE('',#3758,#3754,#3001,.T.);
#4871=EDGE_CURVE('',#3755,#3758,#1836,.T.);
#4872=EDGE_CURVE('',#3757,#3749,#3002,.T.);
#4873=EDGE_CURVE('',#3759,#3760,#3003,.T.);
#4874=EDGE_CURVE('',#3759,#3087,#1837,.T.);
#4875=EDGE_CURVE('',#3088,#3760,#1838,.T.);
#4876=EDGE_CURVE('',#3098,#3761,#1839,.T.);
#4877=EDGE_CURVE('',#3761,#3760,#1840,.T.);
#4878=EDGE_CURVE('',#3762,#3763,#3004,.T.);
#4879=EDGE_CURVE('',#3762,#3096,#1841,.T.);
#4880=EDGE_CURVE('',#3095,#3763,#1842,.T.);
#4881=EDGE_CURVE('',#3764,#3094,#1843,.T.);
#4882=EDGE_CURVE('',#3764,#3763,#3005,.T.);
#4883=EDGE_CURVE('',#3764,#3765,#3006,.T.);
#4884=EDGE_CURVE('',#3093,#3765,#1844,.T.);
#4885=EDGE_CURVE('',#3092,#3766,#1845,.T.);
#4886=EDGE_CURVE('',#3766,#3765,#1846,.T.);
#4887=EDGE_CURVE('',#3767,#3768,#3007,.T.);
#4888=EDGE_CURVE('',#3767,#3090,#1847,.T.);
#4889=EDGE_CURVE('',#3089,#3768,#1848,.T.);
#4890=EDGE_CURVE('',#3759,#3768,#3008,.T.);
#4891=EDGE_CURVE('',#3762,#3769,#1849,.T.);
#4892=EDGE_CURVE('',#3097,#3769,#1850,.T.);
#4893=EDGE_CURVE('',#3091,#3770,#1851,.T.);
#4894=EDGE_CURVE('',#3770,#3766,#3009,.T.);
#4895=EDGE_CURVE('',#3767,#3770,#1852,.T.);
#4896=EDGE_CURVE('',#3769,#3761,#3010,.T.);
#4897=EDGE_CURVE('',#3771,#3772,#3011,.T.);
#4898=EDGE_CURVE('',#3771,#3075,#1853,.T.);
#4899=EDGE_CURVE('',#3076,#3772,#1854,.T.);
#4900=EDGE_CURVE('',#3086,#3773,#1855,.T.);
#4901=EDGE_CURVE('',#3773,#3772,#1856,.T.);
#4902=EDGE_CURVE('',#3774,#3775,#3012,.T.);
#4903=EDGE_CURVE('',#3774,#3084,#1857,.T.);
#4904=EDGE_CURVE('',#3083,#3775,#1858,.T.);
#4905=EDGE_CURVE('',#3776,#3082,#1859,.T.);
#4906=EDGE_CURVE('',#3776,#3775,#3013,.T.);
#4907=EDGE_CURVE('',#3776,#3777,#3014,.T.);
#4908=EDGE_CURVE('',#3081,#3777,#1860,.T.);
#4909=EDGE_CURVE('',#3080,#3778,#1861,.T.);
#4910=EDGE_CURVE('',#3778,#3777,#1862,.T.);
#4911=EDGE_CURVE('',#3779,#3780,#3015,.T.);
#4912=EDGE_CURVE('',#3779,#3078,#1863,.T.);
#4913=EDGE_CURVE('',#3077,#3780,#1864,.T.);
#4914=EDGE_CURVE('',#3771,#3780,#3016,.T.);
#4915=EDGE_CURVE('',#3774,#3781,#1865,.T.);
#4916=EDGE_CURVE('',#3085,#3781,#1866,.T.);
#4917=EDGE_CURVE('',#3079,#3782,#1867,.T.);
#4918=EDGE_CURVE('',#3782,#3778,#3017,.T.);
#4919=EDGE_CURVE('',#3779,#3782,#1868,.T.);
#4920=EDGE_CURVE('',#3781,#3773,#3018,.T.);
#4921=EDGE_CURVE('',#3783,#3784,#3019,.T.);
#4922=EDGE_CURVE('',#3783,#3063,#1869,.T.);
#4923=EDGE_CURVE('',#3064,#3784,#1870,.T.);
#4924=EDGE_CURVE('',#3074,#3785,#1871,.T.);
#4925=EDGE_CURVE('',#3785,#3784,#1872,.T.);
#4926=EDGE_CURVE('',#3786,#3787,#3020,.T.);
#4927=EDGE_CURVE('',#3786,#3072,#1873,.T.);
#4928=EDGE_CURVE('',#3071,#3787,#1874,.T.);
#4929=EDGE_CURVE('',#3788,#3070,#1875,.T.);
#4930=EDGE_CURVE('',#3788,#3787,#3021,.T.);
#4931=EDGE_CURVE('',#3788,#3789,#3022,.T.);
#4932=EDGE_CURVE('',#3069,#3789,#1876,.T.);
#4933=EDGE_CURVE('',#3068,#3790,#1877,.T.);
#4934=EDGE_CURVE('',#3790,#3789,#1878,.T.);
#4935=EDGE_CURVE('',#3791,#3792,#3023,.T.);
#4936=EDGE_CURVE('',#3791,#3066,#1879,.T.);
#4937=EDGE_CURVE('',#3065,#3792,#1880,.T.);
#4938=EDGE_CURVE('',#3783,#3792,#3024,.T.);
#4939=EDGE_CURVE('',#3786,#3793,#1881,.T.);
#4940=EDGE_CURVE('',#3073,#3793,#1882,.T.);
#4941=EDGE_CURVE('',#3067,#3794,#1883,.T.);
#4942=EDGE_CURVE('',#3794,#3790,#3025,.T.);
#4943=EDGE_CURVE('',#3791,#3794,#1884,.T.);
#4944=EDGE_CURVE('',#3793,#3785,#3026,.T.);
#4945=ORIENTED_EDGE('',*,*,#3795,.T.);
#4946=ORIENTED_EDGE('',*,*,#3796,.T.);
#4947=ORIENTED_EDGE('',*,*,#3797,.T.);
#4948=ORIENTED_EDGE('',*,*,#3798,.T.);
#4949=ORIENTED_EDGE('',*,*,#3796,.F.);
#4950=ORIENTED_EDGE('',*,*,#3799,.F.);
#4951=ORIENTED_EDGE('',*,*,#3800,.F.);
#4952=ORIENTED_EDGE('',*,*,#3801,.F.);
#4953=ORIENTED_EDGE('',*,*,#3802,.T.);
#4954=ORIENTED_EDGE('',*,*,#3800,.T.);
#4955=ORIENTED_EDGE('',*,*,#3803,.T.);
#4956=ORIENTED_EDGE('',*,*,#3804,.T.);
#4957=ORIENTED_EDGE('',*,*,#3805,.T.);
#4958=ORIENTED_EDGE('',*,*,#3806,.T.);
#4959=ORIENTED_EDGE('',*,*,#3807,.T.);
#4960=ORIENTED_EDGE('',*,*,#3808,.T.);
#4961=ORIENTED_EDGE('',*,*,#3806,.F.);
#4962=ORIENTED_EDGE('',*,*,#3809,.F.);
#4963=ORIENTED_EDGE('',*,*,#3810,.F.);
#4964=ORIENTED_EDGE('',*,*,#3811,.F.);
#4965=ORIENTED_EDGE('',*,*,#3812,.T.);
#4966=ORIENTED_EDGE('',*,*,#3810,.T.);
#4967=ORIENTED_EDGE('',*,*,#3813,.T.);
#4968=ORIENTED_EDGE('',*,*,#3814,.T.);
#4969=ORIENTED_EDGE('',*,*,#3815,.T.);
#4970=ORIENTED_EDGE('',*,*,#3816,.T.);
#4971=ORIENTED_EDGE('',*,*,#3817,.T.);
#4972=ORIENTED_EDGE('',*,*,#3818,.T.);
#4973=ORIENTED_EDGE('',*,*,#3818,.F.);
#4974=ORIENTED_EDGE('',*,*,#3819,.T.);
#4975=ORIENTED_EDGE('',*,*,#3807,.F.);
#4976=ORIENTED_EDGE('',*,*,#3811,.T.);
#4977=ORIENTED_EDGE('',*,*,#3812,.F.);
#4978=ORIENTED_EDGE('',*,*,#3820,.T.);
#4979=ORIENTED_EDGE('',*,*,#3821,.F.);
#4980=ORIENTED_EDGE('',*,*,#3822,.T.);
#4981=ORIENTED_EDGE('',*,*,#3822,.F.);
#4982=ORIENTED_EDGE('',*,*,#3823,.F.);
#4983=ORIENTED_EDGE('',*,*,#3824,.T.);
#4984=ORIENTED_EDGE('',*,*,#3803,.F.);
#4985=ORIENTED_EDGE('',*,*,#3799,.T.);
#4986=ORIENTED_EDGE('',*,*,#3795,.F.);
#4987=ORIENTED_EDGE('',*,*,#3825,.T.);
#4988=ORIENTED_EDGE('',*,*,#3808,.F.);
#4989=ORIENTED_EDGE('',*,*,#3819,.F.);
#4990=ORIENTED_EDGE('',*,*,#3817,.F.);
#4991=ORIENTED_EDGE('',*,*,#3826,.F.);
#4992=ORIENTED_EDGE('',*,*,#3827,.F.);
#4993=ORIENTED_EDGE('',*,*,#3828,.F.);
#4994=ORIENTED_EDGE('',*,*,#3827,.T.);
#4995=ORIENTED_EDGE('',*,*,#3829,.T.);
#4996=ORIENTED_EDGE('',*,*,#3830,.T.);
#4997=ORIENTED_EDGE('',*,*,#3831,.T.);
#4998=ORIENTED_EDGE('',*,*,#3831,.F.);
#4999=ORIENTED_EDGE('',*,*,#3832,.T.);
#5000=ORIENTED_EDGE('',*,*,#3797,.F.);
#5001=ORIENTED_EDGE('',*,*,#3801,.T.);
#5002=ORIENTED_EDGE('',*,*,#3802,.F.);
#5003=ORIENTED_EDGE('',*,*,#3833,.T.);
#5004=ORIENTED_EDGE('',*,*,#3834,.F.);
#5005=ORIENTED_EDGE('',*,*,#3835,.T.);
#5006=ORIENTED_EDGE('',*,*,#3835,.F.);
#5007=ORIENTED_EDGE('',*,*,#3836,.F.);
#5008=ORIENTED_EDGE('',*,*,#3837,.T.);
#5009=ORIENTED_EDGE('',*,*,#3813,.F.);
#5010=ORIENTED_EDGE('',*,*,#3809,.T.);
#5011=ORIENTED_EDGE('',*,*,#3805,.F.);
#5012=ORIENTED_EDGE('',*,*,#3828,.T.);
#5013=ORIENTED_EDGE('',*,*,#3838,.T.);
#5014=ORIENTED_EDGE('',*,*,#3839,.T.);
#5015=ORIENTED_EDGE('',*,*,#3840,.T.);
#5016=ORIENTED_EDGE('',*,*,#3836,.T.);
#5017=ORIENTED_EDGE('',*,*,#3834,.T.);
#5018=ORIENTED_EDGE('',*,*,#3814,.F.);
#5019=ORIENTED_EDGE('',*,*,#3837,.F.);
#5020=ORIENTED_EDGE('',*,*,#3840,.F.);
#5021=ORIENTED_EDGE('',*,*,#3841,.F.);
#5022=ORIENTED_EDGE('',*,*,#3842,.F.);
#5023=ORIENTED_EDGE('',*,*,#3820,.F.);
#5024=ORIENTED_EDGE('',*,*,#3842,.T.);
#5025=ORIENTED_EDGE('',*,*,#3843,.T.);
#5026=ORIENTED_EDGE('',*,*,#3844,.T.);
#5027=ORIENTED_EDGE('',*,*,#3823,.T.);
#5028=ORIENTED_EDGE('',*,*,#3821,.T.);
#5029=ORIENTED_EDGE('',*,*,#3804,.F.);
#5030=ORIENTED_EDGE('',*,*,#3824,.F.);
#5031=ORIENTED_EDGE('',*,*,#3844,.F.);
#5032=ORIENTED_EDGE('',*,*,#3845,.F.);
#5033=ORIENTED_EDGE('',*,*,#3838,.F.);
#5034=ORIENTED_EDGE('',*,*,#3833,.F.);
#5035=ORIENTED_EDGE('',*,*,#3816,.F.);
#5036=ORIENTED_EDGE('',*,*,#3846,.T.);
#5037=ORIENTED_EDGE('',*,*,#3829,.F.);
#5038=ORIENTED_EDGE('',*,*,#3826,.T.);
#5039=ORIENTED_EDGE('',*,*,#3847,.F.);
#5040=ORIENTED_EDGE('',*,*,#3848,.T.);
#5041=ORIENTED_EDGE('',*,*,#3849,.F.);
#5042=ORIENTED_EDGE('',*,*,#3850,.T.);
#5043=ORIENTED_EDGE('',*,*,#3851,.T.);
#5044=ORIENTED_EDGE('',*,*,#3852,.T.);
#5045=ORIENTED_EDGE('',*,*,#3853,.F.);
#5046=ORIENTED_EDGE('',*,*,#3854,.T.);
#5047=ORIENTED_EDGE('',*,*,#3855,.F.);
#5048=ORIENTED_EDGE('',*,*,#3856,.T.);
#5049=ORIENTED_EDGE('',*,*,#3857,.T.);
#5050=ORIENTED_EDGE('',*,*,#3858,.T.);
#5051=ORIENTED_EDGE('',*,*,#3859,.F.);
#5052=ORIENTED_EDGE('',*,*,#3860,.T.);
#5053=ORIENTED_EDGE('',*,*,#3861,.F.);
#5054=ORIENTED_EDGE('',*,*,#3862,.T.);
#5055=ORIENTED_EDGE('',*,*,#3863,.T.);
#5056=ORIENTED_EDGE('',*,*,#3864,.T.);
#5057=ORIENTED_EDGE('',*,*,#3865,.F.);
#5058=ORIENTED_EDGE('',*,*,#3866,.T.);
#5059=ORIENTED_EDGE('',*,*,#3867,.F.);
#5060=ORIENTED_EDGE('',*,*,#3868,.T.);
#5061=ORIENTED_EDGE('',*,*,#3869,.T.);
#5062=ORIENTED_EDGE('',*,*,#3870,.T.);
#5063=ORIENTED_EDGE('',*,*,#3871,.F.);
#5064=ORIENTED_EDGE('',*,*,#3872,.T.);
#5065=ORIENTED_EDGE('',*,*,#3873,.F.);
#5066=ORIENTED_EDGE('',*,*,#3874,.T.);
#5067=ORIENTED_EDGE('',*,*,#3875,.T.);
#5068=ORIENTED_EDGE('',*,*,#3876,.T.);
#5069=ORIENTED_EDGE('',*,*,#3877,.F.);
#5070=ORIENTED_EDGE('',*,*,#3878,.T.);
#5071=ORIENTED_EDGE('',*,*,#3879,.F.);
#5072=ORIENTED_EDGE('',*,*,#3880,.T.);
#5073=ORIENTED_EDGE('',*,*,#3881,.T.);
#5074=ORIENTED_EDGE('',*,*,#3882,.T.);
#5075=ORIENTED_EDGE('',*,*,#3883,.F.);
#5076=ORIENTED_EDGE('',*,*,#3884,.T.);
#5077=ORIENTED_EDGE('',*,*,#3885,.F.);
#5078=ORIENTED_EDGE('',*,*,#3886,.T.);
#5079=ORIENTED_EDGE('',*,*,#3887,.T.);
#5080=ORIENTED_EDGE('',*,*,#3888,.T.);
#5081=ORIENTED_EDGE('',*,*,#3889,.F.);
#5082=ORIENTED_EDGE('',*,*,#3890,.T.);
#5083=ORIENTED_EDGE('',*,*,#3891,.F.);
#5084=ORIENTED_EDGE('',*,*,#3892,.T.);
#5085=ORIENTED_EDGE('',*,*,#3893,.T.);
#5086=ORIENTED_EDGE('',*,*,#3894,.T.);
#5087=ORIENTED_EDGE('',*,*,#3895,.F.);
#5088=ORIENTED_EDGE('',*,*,#3896,.T.);
#5089=ORIENTED_EDGE('',*,*,#3897,.F.);
#5090=ORIENTED_EDGE('',*,*,#3898,.T.);
#5091=ORIENTED_EDGE('',*,*,#3899,.T.);
#5092=ORIENTED_EDGE('',*,*,#3900,.T.);
#5093=ORIENTED_EDGE('',*,*,#3901,.F.);
#5094=ORIENTED_EDGE('',*,*,#3902,.T.);
#5095=ORIENTED_EDGE('',*,*,#3903,.F.);
#5096=ORIENTED_EDGE('',*,*,#3904,.T.);
#5097=ORIENTED_EDGE('',*,*,#3905,.T.);
#5098=ORIENTED_EDGE('',*,*,#3906,.T.);
#5099=ORIENTED_EDGE('',*,*,#3907,.F.);
#5100=ORIENTED_EDGE('',*,*,#3908,.T.);
#5101=ORIENTED_EDGE('',*,*,#3909,.F.);
#5102=ORIENTED_EDGE('',*,*,#3910,.T.);
#5103=ORIENTED_EDGE('',*,*,#3911,.T.);
#5104=ORIENTED_EDGE('',*,*,#3912,.T.);
#5105=ORIENTED_EDGE('',*,*,#3913,.F.);
#5106=ORIENTED_EDGE('',*,*,#3914,.T.);
#5107=ORIENTED_EDGE('',*,*,#3915,.F.);
#5108=ORIENTED_EDGE('',*,*,#3916,.T.);
#5109=ORIENTED_EDGE('',*,*,#3917,.T.);
#5110=ORIENTED_EDGE('',*,*,#3918,.T.);
#5111=ORIENTED_EDGE('',*,*,#3919,.F.);
#5112=ORIENTED_EDGE('',*,*,#3920,.T.);
#5113=ORIENTED_EDGE('',*,*,#3921,.F.);
#5114=ORIENTED_EDGE('',*,*,#3922,.T.);
#5115=ORIENTED_EDGE('',*,*,#3923,.T.);
#5116=ORIENTED_EDGE('',*,*,#3924,.T.);
#5117=ORIENTED_EDGE('',*,*,#3925,.F.);
#5118=ORIENTED_EDGE('',*,*,#3926,.T.);
#5119=ORIENTED_EDGE('',*,*,#3927,.F.);
#5120=ORIENTED_EDGE('',*,*,#3928,.T.);
#5121=ORIENTED_EDGE('',*,*,#3929,.T.);
#5122=ORIENTED_EDGE('',*,*,#3930,.T.);
#5123=ORIENTED_EDGE('',*,*,#3931,.F.);
#5124=ORIENTED_EDGE('',*,*,#3932,.T.);
#5125=ORIENTED_EDGE('',*,*,#3933,.F.);
#5126=ORIENTED_EDGE('',*,*,#3934,.T.);
#5127=ORIENTED_EDGE('',*,*,#3935,.T.);
#5128=ORIENTED_EDGE('',*,*,#3936,.T.);
#5129=ORIENTED_EDGE('',*,*,#3937,.F.);
#5130=ORIENTED_EDGE('',*,*,#3938,.T.);
#5131=ORIENTED_EDGE('',*,*,#3939,.F.);
#5132=ORIENTED_EDGE('',*,*,#3940,.T.);
#5133=ORIENTED_EDGE('',*,*,#3941,.T.);
#5134=ORIENTED_EDGE('',*,*,#3942,.T.);
#5135=ORIENTED_EDGE('',*,*,#3943,.F.);
#5136=ORIENTED_EDGE('',*,*,#3944,.T.);
#5137=ORIENTED_EDGE('',*,*,#3945,.F.);
#5138=ORIENTED_EDGE('',*,*,#3946,.T.);
#5139=ORIENTED_EDGE('',*,*,#3947,.T.);
#5140=ORIENTED_EDGE('',*,*,#3948,.T.);
#5141=ORIENTED_EDGE('',*,*,#3949,.F.);
#5142=ORIENTED_EDGE('',*,*,#3950,.T.);
#5143=ORIENTED_EDGE('',*,*,#3951,.F.);
#5144=ORIENTED_EDGE('',*,*,#3952,.T.);
#5145=ORIENTED_EDGE('',*,*,#3953,.T.);
#5146=ORIENTED_EDGE('',*,*,#3954,.T.);
#5147=ORIENTED_EDGE('',*,*,#3955,.F.);
#5148=ORIENTED_EDGE('',*,*,#3956,.T.);
#5149=ORIENTED_EDGE('',*,*,#3957,.F.);
#5150=ORIENTED_EDGE('',*,*,#3958,.T.);
#5151=ORIENTED_EDGE('',*,*,#3959,.T.);
#5152=ORIENTED_EDGE('',*,*,#3960,.T.);
#5153=ORIENTED_EDGE('',*,*,#3961,.F.);
#5154=ORIENTED_EDGE('',*,*,#3962,.T.);
#5155=ORIENTED_EDGE('',*,*,#3963,.F.);
#5156=ORIENTED_EDGE('',*,*,#3964,.T.);
#5157=ORIENTED_EDGE('',*,*,#3965,.T.);
#5158=ORIENTED_EDGE('',*,*,#3966,.T.);
#5159=ORIENTED_EDGE('',*,*,#3967,.F.);
#5160=ORIENTED_EDGE('',*,*,#3968,.T.);
#5161=ORIENTED_EDGE('',*,*,#3969,.F.);
#5162=ORIENTED_EDGE('',*,*,#3970,.T.);
#5163=ORIENTED_EDGE('',*,*,#3971,.T.);
#5164=ORIENTED_EDGE('',*,*,#3972,.T.);
#5165=ORIENTED_EDGE('',*,*,#3973,.F.);
#5166=ORIENTED_EDGE('',*,*,#3974,.T.);
#5167=ORIENTED_EDGE('',*,*,#3975,.F.);
#5168=ORIENTED_EDGE('',*,*,#3976,.T.);
#5169=ORIENTED_EDGE('',*,*,#3977,.T.);
#5170=ORIENTED_EDGE('',*,*,#3978,.T.);
#5171=ORIENTED_EDGE('',*,*,#3979,.F.);
#5172=ORIENTED_EDGE('',*,*,#3980,.T.);
#5173=ORIENTED_EDGE('',*,*,#3981,.F.);
#5174=ORIENTED_EDGE('',*,*,#3982,.T.);
#5175=ORIENTED_EDGE('',*,*,#3983,.T.);
#5176=ORIENTED_EDGE('',*,*,#3984,.T.);
#5177=ORIENTED_EDGE('',*,*,#3985,.F.);
#5178=ORIENTED_EDGE('',*,*,#3986,.T.);
#5179=ORIENTED_EDGE('',*,*,#3987,.F.);
#5180=ORIENTED_EDGE('',*,*,#3988,.T.);
#5181=ORIENTED_EDGE('',*,*,#3989,.T.);
#5182=ORIENTED_EDGE('',*,*,#3990,.T.);
#5183=ORIENTED_EDGE('',*,*,#3991,.F.);
#5184=ORIENTED_EDGE('',*,*,#3992,.T.);
#5185=ORIENTED_EDGE('',*,*,#3993,.F.);
#5186=ORIENTED_EDGE('',*,*,#3994,.T.);
#5187=ORIENTED_EDGE('',*,*,#3995,.T.);
#5188=ORIENTED_EDGE('',*,*,#3996,.T.);
#5189=ORIENTED_EDGE('',*,*,#3997,.F.);
#5190=ORIENTED_EDGE('',*,*,#3998,.T.);
#5191=ORIENTED_EDGE('',*,*,#3999,.F.);
#5192=ORIENTED_EDGE('',*,*,#4000,.T.);
#5193=ORIENTED_EDGE('',*,*,#4001,.T.);
#5194=ORIENTED_EDGE('',*,*,#4002,.T.);
#5195=ORIENTED_EDGE('',*,*,#4003,.T.);
#5196=ORIENTED_EDGE('',*,*,#4004,.F.);
#5197=ORIENTED_EDGE('',*,*,#4005,.T.);
#5198=ORIENTED_EDGE('',*,*,#4006,.F.);
#5199=ORIENTED_EDGE('',*,*,#4007,.T.);
#5200=ORIENTED_EDGE('',*,*,#4008,.T.);
#5201=ORIENTED_EDGE('',*,*,#4009,.T.);
#5202=ORIENTED_EDGE('',*,*,#4010,.F.);
#5203=ORIENTED_EDGE('',*,*,#4011,.T.);
#5204=ORIENTED_EDGE('',*,*,#4012,.F.);
#5205=ORIENTED_EDGE('',*,*,#4013,.T.);
#5206=ORIENTED_EDGE('',*,*,#4014,.T.);
#5207=ORIENTED_EDGE('',*,*,#4015,.T.);
#5208=ORIENTED_EDGE('',*,*,#4016,.T.);
#5209=ORIENTED_EDGE('',*,*,#4017,.T.);
#5210=ORIENTED_EDGE('',*,*,#4018,.T.);
#5211=ORIENTED_EDGE('',*,*,#4019,.T.);
#5212=ORIENTED_EDGE('',*,*,#4020,.T.);
#5213=ORIENTED_EDGE('',*,*,#4021,.T.);
#5214=ORIENTED_EDGE('',*,*,#4022,.T.);
#5215=ORIENTED_EDGE('',*,*,#4023,.T.);
#5216=ORIENTED_EDGE('',*,*,#4024,.T.);
#5217=ORIENTED_EDGE('',*,*,#4025,.T.);
#5218=ORIENTED_EDGE('',*,*,#4026,.T.);
#5219=ORIENTED_EDGE('',*,*,#4027,.T.);
#5220=ORIENTED_EDGE('',*,*,#4028,.T.);
#5221=ORIENTED_EDGE('',*,*,#4029,.T.);
#5222=ORIENTED_EDGE('',*,*,#3798,.F.);
#5223=ORIENTED_EDGE('',*,*,#3832,.F.);
#5224=ORIENTED_EDGE('',*,*,#3830,.F.);
#5225=ORIENTED_EDGE('',*,*,#3846,.F.);
#5226=ORIENTED_EDGE('',*,*,#3815,.F.);
#5227=ORIENTED_EDGE('',*,*,#3825,.F.);
#5228=ORIENTED_EDGE('',*,*,#3839,.F.);
#5229=ORIENTED_EDGE('',*,*,#3845,.T.);
#5230=ORIENTED_EDGE('',*,*,#3843,.F.);
#5231=ORIENTED_EDGE('',*,*,#3841,.T.);
#5232=ORIENTED_EDGE('',*,*,#4030,.T.);
#5233=ORIENTED_EDGE('',*,*,#4031,.T.);
#5234=ORIENTED_EDGE('',*,*,#4032,.T.);
#5235=ORIENTED_EDGE('',*,*,#4033,.T.);
#5236=ORIENTED_EDGE('',*,*,#4034,.T.);
#5237=ORIENTED_EDGE('',*,*,#4035,.T.);
#5238=ORIENTED_EDGE('',*,*,#4036,.T.);
#5239=ORIENTED_EDGE('',*,*,#4037,.T.);
#5240=ORIENTED_EDGE('',*,*,#4038,.T.);
#5241=ORIENTED_EDGE('',*,*,#4039,.T.);
#5242=ORIENTED_EDGE('',*,*,#4040,.T.);
#5243=ORIENTED_EDGE('',*,*,#4041,.T.);
#5244=ORIENTED_EDGE('',*,*,#4042,.T.);
#5245=ORIENTED_EDGE('',*,*,#4043,.T.);
#5246=ORIENTED_EDGE('',*,*,#4044,.T.);
#5247=ORIENTED_EDGE('',*,*,#4045,.F.);
#5248=ORIENTED_EDGE('',*,*,#4046,.T.);
#5249=ORIENTED_EDGE('',*,*,#4047,.F.);
#5250=ORIENTED_EDGE('',*,*,#4048,.T.);
#5251=ORIENTED_EDGE('',*,*,#4049,.T.);
#5252=ORIENTED_EDGE('',*,*,#4050,.T.);
#5253=ORIENTED_EDGE('',*,*,#4051,.F.);
#5254=ORIENTED_EDGE('',*,*,#4052,.T.);
#5255=ORIENTED_EDGE('',*,*,#4053,.F.);
#5256=ORIENTED_EDGE('',*,*,#4054,.T.);
#5257=ORIENTED_EDGE('',*,*,#4055,.T.);
#5258=ORIENTED_EDGE('',*,*,#4056,.T.);
#5259=ORIENTED_EDGE('',*,*,#4057,.F.);
#5260=ORIENTED_EDGE('',*,*,#4058,.T.);
#5261=ORIENTED_EDGE('',*,*,#4059,.F.);
#5262=ORIENTED_EDGE('',*,*,#4060,.T.);
#5263=ORIENTED_EDGE('',*,*,#4061,.T.);
#5264=ORIENTED_EDGE('',*,*,#4062,.T.);
#5265=ORIENTED_EDGE('',*,*,#4063,.F.);
#5266=ORIENTED_EDGE('',*,*,#4064,.T.);
#5267=ORIENTED_EDGE('',*,*,#4065,.F.);
#5268=ORIENTED_EDGE('',*,*,#4066,.T.);
#5269=ORIENTED_EDGE('',*,*,#4067,.T.);
#5270=ORIENTED_EDGE('',*,*,#4068,.T.);
#5271=ORIENTED_EDGE('',*,*,#4069,.F.);
#5272=ORIENTED_EDGE('',*,*,#4070,.T.);
#5273=ORIENTED_EDGE('',*,*,#4071,.F.);
#5274=ORIENTED_EDGE('',*,*,#4072,.T.);
#5275=ORIENTED_EDGE('',*,*,#4073,.T.);
#5276=ORIENTED_EDGE('',*,*,#4074,.T.);
#5277=ORIENTED_EDGE('',*,*,#4075,.F.);
#5278=ORIENTED_EDGE('',*,*,#4076,.T.);
#5279=ORIENTED_EDGE('',*,*,#4077,.F.);
#5280=ORIENTED_EDGE('',*,*,#4078,.T.);
#5281=ORIENTED_EDGE('',*,*,#4079,.T.);
#5282=ORIENTED_EDGE('',*,*,#4080,.T.);
#5283=ORIENTED_EDGE('',*,*,#4081,.F.);
#5284=ORIENTED_EDGE('',*,*,#4082,.T.);
#5285=ORIENTED_EDGE('',*,*,#4083,.F.);
#5286=ORIENTED_EDGE('',*,*,#4084,.T.);
#5287=ORIENTED_EDGE('',*,*,#4085,.T.);
#5288=ORIENTED_EDGE('',*,*,#4086,.T.);
#5289=ORIENTED_EDGE('',*,*,#4087,.F.);
#5290=ORIENTED_EDGE('',*,*,#4088,.T.);
#5291=ORIENTED_EDGE('',*,*,#4089,.F.);
#5292=ORIENTED_EDGE('',*,*,#4090,.T.);
#5293=ORIENTED_EDGE('',*,*,#4091,.T.);
#5294=ORIENTED_EDGE('',*,*,#4092,.T.);
#5295=ORIENTED_EDGE('',*,*,#4093,.F.);
#5296=ORIENTED_EDGE('',*,*,#4094,.T.);
#5297=ORIENTED_EDGE('',*,*,#4095,.F.);
#5298=ORIENTED_EDGE('',*,*,#4096,.T.);
#5299=ORIENTED_EDGE('',*,*,#4097,.T.);
#5300=ORIENTED_EDGE('',*,*,#4098,.T.);
#5301=ORIENTED_EDGE('',*,*,#4099,.F.);
#5302=ORIENTED_EDGE('',*,*,#4100,.T.);
#5303=ORIENTED_EDGE('',*,*,#4101,.F.);
#5304=ORIENTED_EDGE('',*,*,#4102,.T.);
#5305=ORIENTED_EDGE('',*,*,#4103,.T.);
#5306=ORIENTED_EDGE('',*,*,#4104,.T.);
#5307=ORIENTED_EDGE('',*,*,#4105,.F.);
#5308=ORIENTED_EDGE('',*,*,#4106,.T.);
#5309=ORIENTED_EDGE('',*,*,#4107,.F.);
#5310=ORIENTED_EDGE('',*,*,#4108,.T.);
#5311=ORIENTED_EDGE('',*,*,#4109,.T.);
#5312=ORIENTED_EDGE('',*,*,#4110,.T.);
#5313=ORIENTED_EDGE('',*,*,#4111,.F.);
#5314=ORIENTED_EDGE('',*,*,#4112,.T.);
#5315=ORIENTED_EDGE('',*,*,#4113,.F.);
#5316=ORIENTED_EDGE('',*,*,#4114,.T.);
#5317=ORIENTED_EDGE('',*,*,#4115,.T.);
#5318=ORIENTED_EDGE('',*,*,#4116,.T.);
#5319=ORIENTED_EDGE('',*,*,#4117,.F.);
#5320=ORIENTED_EDGE('',*,*,#4118,.T.);
#5321=ORIENTED_EDGE('',*,*,#4119,.F.);
#5322=ORIENTED_EDGE('',*,*,#4120,.T.);
#5323=ORIENTED_EDGE('',*,*,#4121,.T.);
#5324=ORIENTED_EDGE('',*,*,#4122,.T.);
#5325=ORIENTED_EDGE('',*,*,#4123,.F.);
#5326=ORIENTED_EDGE('',*,*,#4124,.T.);
#5327=ORIENTED_EDGE('',*,*,#4125,.F.);
#5328=ORIENTED_EDGE('',*,*,#4126,.T.);
#5329=ORIENTED_EDGE('',*,*,#4127,.T.);
#5330=ORIENTED_EDGE('',*,*,#4128,.T.);
#5331=ORIENTED_EDGE('',*,*,#4129,.F.);
#5332=ORIENTED_EDGE('',*,*,#4130,.T.);
#5333=ORIENTED_EDGE('',*,*,#4131,.F.);
#5334=ORIENTED_EDGE('',*,*,#4132,.T.);
#5335=ORIENTED_EDGE('',*,*,#4133,.T.);
#5336=ORIENTED_EDGE('',*,*,#4134,.T.);
#5337=ORIENTED_EDGE('',*,*,#4135,.F.);
#5338=ORIENTED_EDGE('',*,*,#4136,.T.);
#5339=ORIENTED_EDGE('',*,*,#4137,.F.);
#5340=ORIENTED_EDGE('',*,*,#4138,.T.);
#5341=ORIENTED_EDGE('',*,*,#4139,.T.);
#5342=ORIENTED_EDGE('',*,*,#4140,.T.);
#5343=ORIENTED_EDGE('',*,*,#4141,.F.);
#5344=ORIENTED_EDGE('',*,*,#4142,.T.);
#5345=ORIENTED_EDGE('',*,*,#4143,.F.);
#5346=ORIENTED_EDGE('',*,*,#4144,.T.);
#5347=ORIENTED_EDGE('',*,*,#4145,.T.);
#5348=ORIENTED_EDGE('',*,*,#4146,.T.);
#5349=ORIENTED_EDGE('',*,*,#4147,.F.);
#5350=ORIENTED_EDGE('',*,*,#4148,.T.);
#5351=ORIENTED_EDGE('',*,*,#4149,.F.);
#5352=ORIENTED_EDGE('',*,*,#4150,.T.);
#5353=ORIENTED_EDGE('',*,*,#4151,.T.);
#5354=ORIENTED_EDGE('',*,*,#4152,.T.);
#5355=ORIENTED_EDGE('',*,*,#4153,.F.);
#5356=ORIENTED_EDGE('',*,*,#4154,.T.);
#5357=ORIENTED_EDGE('',*,*,#4155,.F.);
#5358=ORIENTED_EDGE('',*,*,#4156,.T.);
#5359=ORIENTED_EDGE('',*,*,#4157,.T.);
#5360=ORIENTED_EDGE('',*,*,#4158,.T.);
#5361=ORIENTED_EDGE('',*,*,#4159,.F.);
#5362=ORIENTED_EDGE('',*,*,#4160,.T.);
#5363=ORIENTED_EDGE('',*,*,#4161,.F.);
#5364=ORIENTED_EDGE('',*,*,#4162,.T.);
#5365=ORIENTED_EDGE('',*,*,#4163,.T.);
#5366=ORIENTED_EDGE('',*,*,#4164,.T.);
#5367=ORIENTED_EDGE('',*,*,#4165,.F.);
#5368=ORIENTED_EDGE('',*,*,#4166,.T.);
#5369=ORIENTED_EDGE('',*,*,#4167,.F.);
#5370=ORIENTED_EDGE('',*,*,#4168,.T.);
#5371=ORIENTED_EDGE('',*,*,#4169,.T.);
#5372=ORIENTED_EDGE('',*,*,#4170,.T.);
#5373=ORIENTED_EDGE('',*,*,#4171,.F.);
#5374=ORIENTED_EDGE('',*,*,#4172,.T.);
#5375=ORIENTED_EDGE('',*,*,#4173,.F.);
#5376=ORIENTED_EDGE('',*,*,#4174,.T.);
#5377=ORIENTED_EDGE('',*,*,#4175,.T.);
#5378=ORIENTED_EDGE('',*,*,#4176,.T.);
#5379=ORIENTED_EDGE('',*,*,#4177,.F.);
#5380=ORIENTED_EDGE('',*,*,#4178,.T.);
#5381=ORIENTED_EDGE('',*,*,#4179,.F.);
#5382=ORIENTED_EDGE('',*,*,#4180,.T.);
#5383=ORIENTED_EDGE('',*,*,#4181,.T.);
#5384=ORIENTED_EDGE('',*,*,#4182,.T.);
#5385=ORIENTED_EDGE('',*,*,#4183,.F.);
#5386=ORIENTED_EDGE('',*,*,#4184,.T.);
#5387=ORIENTED_EDGE('',*,*,#4185,.F.);
#5388=ORIENTED_EDGE('',*,*,#4186,.T.);
#5389=ORIENTED_EDGE('',*,*,#4187,.T.);
#5390=ORIENTED_EDGE('',*,*,#4188,.T.);
#5391=ORIENTED_EDGE('',*,*,#4189,.F.);
#5392=ORIENTED_EDGE('',*,*,#4190,.T.);
#5393=ORIENTED_EDGE('',*,*,#4191,.F.);
#5394=ORIENTED_EDGE('',*,*,#4192,.T.);
#5395=ORIENTED_EDGE('',*,*,#4193,.T.);
#5396=ORIENTED_EDGE('',*,*,#4194,.T.);
#5397=ORIENTED_EDGE('',*,*,#4195,.F.);
#5398=ORIENTED_EDGE('',*,*,#4196,.T.);
#5399=ORIENTED_EDGE('',*,*,#4197,.F.);
#5400=ORIENTED_EDGE('',*,*,#4198,.T.);
#5401=ORIENTED_EDGE('',*,*,#4199,.T.);
#5402=ORIENTED_EDGE('',*,*,#4200,.T.);
#5403=ORIENTED_EDGE('',*,*,#4201,.F.);
#5404=ORIENTED_EDGE('',*,*,#4202,.T.);
#5405=ORIENTED_EDGE('',*,*,#4203,.F.);
#5406=ORIENTED_EDGE('',*,*,#4204,.T.);
#5407=ORIENTED_EDGE('',*,*,#4205,.T.);
#5408=ORIENTED_EDGE('',*,*,#4206,.T.);
#5409=ORIENTED_EDGE('',*,*,#4207,.F.);
#5410=ORIENTED_EDGE('',*,*,#4208,.T.);
#5411=ORIENTED_EDGE('',*,*,#4209,.F.);
#5412=ORIENTED_EDGE('',*,*,#4210,.T.);
#5413=ORIENTED_EDGE('',*,*,#4211,.T.);
#5414=ORIENTED_EDGE('',*,*,#4212,.T.);
#5415=ORIENTED_EDGE('',*,*,#4213,.F.);
#5416=ORIENTED_EDGE('',*,*,#4214,.T.);
#5417=ORIENTED_EDGE('',*,*,#4010,.T.);
#5418=ORIENTED_EDGE('',*,*,#4215,.T.);
#5419=ORIENTED_EDGE('',*,*,#4215,.F.);
#5420=ORIENTED_EDGE('',*,*,#4009,.F.);
#5421=ORIENTED_EDGE('',*,*,#4216,.T.);
#5422=ORIENTED_EDGE('',*,*,#4217,.T.);
#5423=ORIENTED_EDGE('',*,*,#4218,.F.);
#5424=ORIENTED_EDGE('',*,*,#4219,.T.);
#5425=ORIENTED_EDGE('',*,*,#4006,.T.);
#5426=ORIENTED_EDGE('',*,*,#4220,.T.);
#5427=ORIENTED_EDGE('',*,*,#4220,.F.);
#5428=ORIENTED_EDGE('',*,*,#4005,.F.);
#5429=ORIENTED_EDGE('',*,*,#4221,.F.);
#5430=ORIENTED_EDGE('',*,*,#4222,.T.);
#5431=ORIENTED_EDGE('',*,*,#4223,.F.);
#5432=ORIENTED_EDGE('',*,*,#4221,.T.);
#5433=ORIENTED_EDGE('',*,*,#4004,.T.);
#5434=ORIENTED_EDGE('',*,*,#4224,.T.);
#5435=ORIENTED_EDGE('',*,*,#4224,.F.);
#5436=ORIENTED_EDGE('',*,*,#4003,.F.);
#5437=ORIENTED_EDGE('',*,*,#4225,.T.);
#5438=ORIENTED_EDGE('',*,*,#4226,.T.);
#5439=ORIENTED_EDGE('',*,*,#4227,.F.);
#5440=ORIENTED_EDGE('',*,*,#4228,.T.);
#5441=ORIENTED_EDGE('',*,*,#4012,.T.);
#5442=ORIENTED_EDGE('',*,*,#4229,.T.);
#5443=ORIENTED_EDGE('',*,*,#4214,.F.);
#5444=ORIENTED_EDGE('',*,*,#4230,.T.);
#5445=ORIENTED_EDGE('',*,*,#4229,.F.);
#5446=ORIENTED_EDGE('',*,*,#4011,.F.);
#5447=ORIENTED_EDGE('',*,*,#4219,.F.);
#5448=ORIENTED_EDGE('',*,*,#4231,.T.);
#5449=ORIENTED_EDGE('',*,*,#4232,.F.);
#5450=ORIENTED_EDGE('',*,*,#4007,.F.);
#5451=ORIENTED_EDGE('',*,*,#4014,.F.);
#5452=ORIENTED_EDGE('',*,*,#4233,.T.);
#5453=ORIENTED_EDGE('',*,*,#4234,.T.);
#5454=ORIENTED_EDGE('',*,*,#4225,.F.);
#5455=ORIENTED_EDGE('',*,*,#4228,.F.);
#5456=ORIENTED_EDGE('',*,*,#4235,.T.);
#5457=ORIENTED_EDGE('',*,*,#4233,.F.);
#5458=ORIENTED_EDGE('',*,*,#4013,.F.);
#5459=ORIENTED_EDGE('',*,*,#4008,.F.);
#5460=ORIENTED_EDGE('',*,*,#4232,.T.);
#5461=ORIENTED_EDGE('',*,*,#4236,.T.);
#5462=ORIENTED_EDGE('',*,*,#4216,.F.);
#5463=ORIENTED_EDGE('',*,*,#4213,.T.);
#5464=ORIENTED_EDGE('',*,*,#4217,.F.);
#5465=ORIENTED_EDGE('',*,*,#4236,.F.);
#5466=ORIENTED_EDGE('',*,*,#4231,.F.);
#5467=ORIENTED_EDGE('',*,*,#4218,.T.);
#5468=ORIENTED_EDGE('',*,*,#4222,.F.);
#5469=ORIENTED_EDGE('',*,*,#4223,.T.);
#5470=ORIENTED_EDGE('',*,*,#4226,.F.);
#5471=ORIENTED_EDGE('',*,*,#4234,.F.);
#5472=ORIENTED_EDGE('',*,*,#4235,.F.);
#5473=ORIENTED_EDGE('',*,*,#4227,.T.);
#5474=ORIENTED_EDGE('',*,*,#4230,.F.);
#5475=ORIENTED_EDGE('',*,*,#4030,.F.);
#5476=ORIENTED_EDGE('',*,*,#4237,.T.);
#5477=ORIENTED_EDGE('',*,*,#4238,.T.);
#5478=ORIENTED_EDGE('',*,*,#4237,.F.);
#5479=ORIENTED_EDGE('',*,*,#4238,.F.);
#5480=ORIENTED_EDGE('',*,*,#4031,.F.);
#5481=ORIENTED_EDGE('',*,*,#4239,.T.);
#5482=ORIENTED_EDGE('',*,*,#4240,.T.);
#5483=ORIENTED_EDGE('',*,*,#4239,.F.);
#5484=ORIENTED_EDGE('',*,*,#4240,.F.);
#5485=ORIENTED_EDGE('',*,*,#4032,.F.);
#5486=ORIENTED_EDGE('',*,*,#4241,.T.);
#5487=ORIENTED_EDGE('',*,*,#4242,.T.);
#5488=ORIENTED_EDGE('',*,*,#4241,.F.);
#5489=ORIENTED_EDGE('',*,*,#4242,.F.);
#5490=ORIENTED_EDGE('',*,*,#4033,.F.);
#5491=ORIENTED_EDGE('',*,*,#4243,.T.);
#5492=ORIENTED_EDGE('',*,*,#4244,.T.);
#5493=ORIENTED_EDGE('',*,*,#4243,.F.);
#5494=ORIENTED_EDGE('',*,*,#4244,.F.);
#5495=ORIENTED_EDGE('',*,*,#4034,.F.);
#5496=ORIENTED_EDGE('',*,*,#4245,.T.);
#5497=ORIENTED_EDGE('',*,*,#4246,.T.);
#5498=ORIENTED_EDGE('',*,*,#4245,.F.);
#5499=ORIENTED_EDGE('',*,*,#4246,.F.);
#5500=ORIENTED_EDGE('',*,*,#4035,.F.);
#5501=ORIENTED_EDGE('',*,*,#4247,.T.);
#5502=ORIENTED_EDGE('',*,*,#4248,.T.);
#5503=ORIENTED_EDGE('',*,*,#4247,.F.);
#5504=ORIENTED_EDGE('',*,*,#4248,.F.);
#5505=ORIENTED_EDGE('',*,*,#4036,.F.);
#5506=ORIENTED_EDGE('',*,*,#4249,.T.);
#5507=ORIENTED_EDGE('',*,*,#4250,.T.);
#5508=ORIENTED_EDGE('',*,*,#4249,.F.);
#5509=ORIENTED_EDGE('',*,*,#4250,.F.);
#5510=ORIENTED_EDGE('',*,*,#4037,.F.);
#5511=ORIENTED_EDGE('',*,*,#4251,.T.);
#5512=ORIENTED_EDGE('',*,*,#4252,.T.);
#5513=ORIENTED_EDGE('',*,*,#4251,.F.);
#5514=ORIENTED_EDGE('',*,*,#4252,.F.);
#5515=ORIENTED_EDGE('',*,*,#4029,.F.);
#5516=ORIENTED_EDGE('',*,*,#4253,.T.);
#5517=ORIENTED_EDGE('',*,*,#4254,.T.);
#5518=ORIENTED_EDGE('',*,*,#4253,.F.);
#5519=ORIENTED_EDGE('',*,*,#4254,.F.);
#5520=ORIENTED_EDGE('',*,*,#4028,.F.);
#5521=ORIENTED_EDGE('',*,*,#4255,.T.);
#5522=ORIENTED_EDGE('',*,*,#4256,.T.);
#5523=ORIENTED_EDGE('',*,*,#4255,.F.);
#5524=ORIENTED_EDGE('',*,*,#4256,.F.);
#5525=ORIENTED_EDGE('',*,*,#4027,.F.);
#5526=ORIENTED_EDGE('',*,*,#4257,.T.);
#5527=ORIENTED_EDGE('',*,*,#4258,.T.);
#5528=ORIENTED_EDGE('',*,*,#4257,.F.);
#5529=ORIENTED_EDGE('',*,*,#4258,.F.);
#5530=ORIENTED_EDGE('',*,*,#4026,.F.);
#5531=ORIENTED_EDGE('',*,*,#4259,.T.);
#5532=ORIENTED_EDGE('',*,*,#4260,.T.);
#5533=ORIENTED_EDGE('',*,*,#4259,.F.);
#5534=ORIENTED_EDGE('',*,*,#4260,.F.);
#5535=ORIENTED_EDGE('',*,*,#4025,.F.);
#5536=ORIENTED_EDGE('',*,*,#4261,.T.);
#5537=ORIENTED_EDGE('',*,*,#4262,.T.);
#5538=ORIENTED_EDGE('',*,*,#4261,.F.);
#5539=ORIENTED_EDGE('',*,*,#4262,.F.);
#5540=ORIENTED_EDGE('',*,*,#4024,.F.);
#5541=ORIENTED_EDGE('',*,*,#4263,.T.);
#5542=ORIENTED_EDGE('',*,*,#4264,.T.);
#5543=ORIENTED_EDGE('',*,*,#4263,.F.);
#5544=ORIENTED_EDGE('',*,*,#4264,.F.);
#5545=ORIENTED_EDGE('',*,*,#4016,.F.);
#5546=ORIENTED_EDGE('',*,*,#4265,.T.);
#5547=ORIENTED_EDGE('',*,*,#4266,.T.);
#5548=ORIENTED_EDGE('',*,*,#4265,.F.);
#5549=ORIENTED_EDGE('',*,*,#4266,.F.);
#5550=ORIENTED_EDGE('',*,*,#4015,.F.);
#5551=ORIENTED_EDGE('',*,*,#4267,.T.);
#5552=ORIENTED_EDGE('',*,*,#4268,.T.);
#5553=ORIENTED_EDGE('',*,*,#4267,.F.);
#5554=ORIENTED_EDGE('',*,*,#4268,.F.);
#5555=ORIENTED_EDGE('',*,*,#4023,.F.);
#5556=ORIENTED_EDGE('',*,*,#4269,.T.);
#5557=ORIENTED_EDGE('',*,*,#4270,.T.);
#5558=ORIENTED_EDGE('',*,*,#4269,.F.);
#5559=ORIENTED_EDGE('',*,*,#4270,.F.);
#5560=ORIENTED_EDGE('',*,*,#4022,.F.);
#5561=ORIENTED_EDGE('',*,*,#4271,.T.);
#5562=ORIENTED_EDGE('',*,*,#4272,.T.);
#5563=ORIENTED_EDGE('',*,*,#4271,.F.);
#5564=ORIENTED_EDGE('',*,*,#4272,.F.);
#5565=ORIENTED_EDGE('',*,*,#4021,.F.);
#5566=ORIENTED_EDGE('',*,*,#4273,.T.);
#5567=ORIENTED_EDGE('',*,*,#4274,.T.);
#5568=ORIENTED_EDGE('',*,*,#4273,.F.);
#5569=ORIENTED_EDGE('',*,*,#4274,.F.);
#5570=ORIENTED_EDGE('',*,*,#4020,.F.);
#5571=ORIENTED_EDGE('',*,*,#4275,.T.);
#5572=ORIENTED_EDGE('',*,*,#4276,.T.);
#5573=ORIENTED_EDGE('',*,*,#4275,.F.);
#5574=ORIENTED_EDGE('',*,*,#4276,.F.);
#5575=ORIENTED_EDGE('',*,*,#4019,.F.);
#5576=ORIENTED_EDGE('',*,*,#4277,.T.);
#5577=ORIENTED_EDGE('',*,*,#4278,.T.);
#5578=ORIENTED_EDGE('',*,*,#4277,.F.);
#5579=ORIENTED_EDGE('',*,*,#4278,.F.);
#5580=ORIENTED_EDGE('',*,*,#4018,.F.);
#5581=ORIENTED_EDGE('',*,*,#4279,.T.);
#5582=ORIENTED_EDGE('',*,*,#4280,.T.);
#5583=ORIENTED_EDGE('',*,*,#4279,.F.);
#5584=ORIENTED_EDGE('',*,*,#4280,.F.);
#5585=ORIENTED_EDGE('',*,*,#4017,.F.);
#5586=ORIENTED_EDGE('',*,*,#4281,.T.);
#5587=ORIENTED_EDGE('',*,*,#4282,.T.);
#5588=ORIENTED_EDGE('',*,*,#4281,.F.);
#5589=ORIENTED_EDGE('',*,*,#4282,.F.);
#5590=ORIENTED_EDGE('',*,*,#4038,.F.);
#5591=ORIENTED_EDGE('',*,*,#4283,.T.);
#5592=ORIENTED_EDGE('',*,*,#4284,.T.);
#5593=ORIENTED_EDGE('',*,*,#4283,.F.);
#5594=ORIENTED_EDGE('',*,*,#4284,.F.);
#5595=ORIENTED_EDGE('',*,*,#4039,.F.);
#5596=ORIENTED_EDGE('',*,*,#4285,.T.);
#5597=ORIENTED_EDGE('',*,*,#4286,.T.);
#5598=ORIENTED_EDGE('',*,*,#4285,.F.);
#5599=ORIENTED_EDGE('',*,*,#4286,.F.);
#5600=ORIENTED_EDGE('',*,*,#4040,.F.);
#5601=ORIENTED_EDGE('',*,*,#4287,.T.);
#5602=ORIENTED_EDGE('',*,*,#4288,.T.);
#5603=ORIENTED_EDGE('',*,*,#4287,.F.);
#5604=ORIENTED_EDGE('',*,*,#4288,.F.);
#5605=ORIENTED_EDGE('',*,*,#4041,.F.);
#5606=ORIENTED_EDGE('',*,*,#4289,.T.);
#5607=ORIENTED_EDGE('',*,*,#4290,.T.);
#5608=ORIENTED_EDGE('',*,*,#4289,.F.);
#5609=ORIENTED_EDGE('',*,*,#4290,.F.);
#5610=ORIENTED_EDGE('',*,*,#4042,.F.);
#5611=ORIENTED_EDGE('',*,*,#4291,.T.);
#5612=ORIENTED_EDGE('',*,*,#4292,.T.);
#5613=ORIENTED_EDGE('',*,*,#4291,.F.);
#5614=ORIENTED_EDGE('',*,*,#4292,.F.);
#5615=ORIENTED_EDGE('',*,*,#4043,.F.);
#5616=ORIENTED_EDGE('',*,*,#4293,.T.);
#5617=ORIENTED_EDGE('',*,*,#4294,.T.);
#5618=ORIENTED_EDGE('',*,*,#4293,.F.);
#5619=ORIENTED_EDGE('',*,*,#4294,.F.);
#5620=ORIENTED_EDGE('',*,*,#4044,.F.);
#5621=ORIENTED_EDGE('',*,*,#4295,.T.);
#5622=ORIENTED_EDGE('',*,*,#4296,.T.);
#5623=ORIENTED_EDGE('',*,*,#4295,.F.);
#5624=ORIENTED_EDGE('',*,*,#4296,.F.);
#5625=ORIENTED_EDGE('',*,*,#4297,.F.);
#5626=ORIENTED_EDGE('',*,*,#4298,.T.);
#5627=ORIENTED_EDGE('',*,*,#3991,.T.);
#5628=ORIENTED_EDGE('',*,*,#4299,.T.);
#5629=ORIENTED_EDGE('',*,*,#4299,.F.);
#5630=ORIENTED_EDGE('',*,*,#4002,.F.);
#5631=ORIENTED_EDGE('',*,*,#4300,.T.);
#5632=ORIENTED_EDGE('',*,*,#4301,.T.);
#5633=ORIENTED_EDGE('',*,*,#4302,.F.);
#5634=ORIENTED_EDGE('',*,*,#4303,.T.);
#5635=ORIENTED_EDGE('',*,*,#3999,.T.);
#5636=ORIENTED_EDGE('',*,*,#4304,.T.);
#5637=ORIENTED_EDGE('',*,*,#4304,.F.);
#5638=ORIENTED_EDGE('',*,*,#3998,.F.);
#5639=ORIENTED_EDGE('',*,*,#4305,.F.);
#5640=ORIENTED_EDGE('',*,*,#4306,.T.);
#5641=ORIENTED_EDGE('',*,*,#4307,.F.);
#5642=ORIENTED_EDGE('',*,*,#4305,.T.);
#5643=ORIENTED_EDGE('',*,*,#3997,.T.);
#5644=ORIENTED_EDGE('',*,*,#4308,.T.);
#5645=ORIENTED_EDGE('',*,*,#4308,.F.);
#5646=ORIENTED_EDGE('',*,*,#3996,.F.);
#5647=ORIENTED_EDGE('',*,*,#4309,.T.);
#5648=ORIENTED_EDGE('',*,*,#4310,.T.);
#5649=ORIENTED_EDGE('',*,*,#4311,.F.);
#5650=ORIENTED_EDGE('',*,*,#4312,.T.);
#5651=ORIENTED_EDGE('',*,*,#3993,.T.);
#5652=ORIENTED_EDGE('',*,*,#4313,.T.);
#5653=ORIENTED_EDGE('',*,*,#4298,.F.);
#5654=ORIENTED_EDGE('',*,*,#4314,.T.);
#5655=ORIENTED_EDGE('',*,*,#4313,.F.);
#5656=ORIENTED_EDGE('',*,*,#3992,.F.);
#5657=ORIENTED_EDGE('',*,*,#4303,.F.);
#5658=ORIENTED_EDGE('',*,*,#4315,.T.);
#5659=ORIENTED_EDGE('',*,*,#4316,.F.);
#5660=ORIENTED_EDGE('',*,*,#4000,.F.);
#5661=ORIENTED_EDGE('',*,*,#3995,.F.);
#5662=ORIENTED_EDGE('',*,*,#4317,.T.);
#5663=ORIENTED_EDGE('',*,*,#4318,.T.);
#5664=ORIENTED_EDGE('',*,*,#4309,.F.);
#5665=ORIENTED_EDGE('',*,*,#4312,.F.);
#5666=ORIENTED_EDGE('',*,*,#4319,.T.);
#5667=ORIENTED_EDGE('',*,*,#4317,.F.);
#5668=ORIENTED_EDGE('',*,*,#3994,.F.);
#5669=ORIENTED_EDGE('',*,*,#4001,.F.);
#5670=ORIENTED_EDGE('',*,*,#4316,.T.);
#5671=ORIENTED_EDGE('',*,*,#4320,.T.);
#5672=ORIENTED_EDGE('',*,*,#4300,.F.);
#5673=ORIENTED_EDGE('',*,*,#4297,.T.);
#5674=ORIENTED_EDGE('',*,*,#4301,.F.);
#5675=ORIENTED_EDGE('',*,*,#4320,.F.);
#5676=ORIENTED_EDGE('',*,*,#4315,.F.);
#5677=ORIENTED_EDGE('',*,*,#4302,.T.);
#5678=ORIENTED_EDGE('',*,*,#4306,.F.);
#5679=ORIENTED_EDGE('',*,*,#4307,.T.);
#5680=ORIENTED_EDGE('',*,*,#4310,.F.);
#5681=ORIENTED_EDGE('',*,*,#4318,.F.);
#5682=ORIENTED_EDGE('',*,*,#4319,.F.);
#5683=ORIENTED_EDGE('',*,*,#4311,.T.);
#5684=ORIENTED_EDGE('',*,*,#4314,.F.);
#5685=ORIENTED_EDGE('',*,*,#4321,.F.);
#5686=ORIENTED_EDGE('',*,*,#4322,.T.);
#5687=ORIENTED_EDGE('',*,*,#3979,.T.);
#5688=ORIENTED_EDGE('',*,*,#4323,.T.);
#5689=ORIENTED_EDGE('',*,*,#4323,.F.);
#5690=ORIENTED_EDGE('',*,*,#3990,.F.);
#5691=ORIENTED_EDGE('',*,*,#4324,.T.);
#5692=ORIENTED_EDGE('',*,*,#4325,.T.);
#5693=ORIENTED_EDGE('',*,*,#4326,.F.);
#5694=ORIENTED_EDGE('',*,*,#4327,.T.);
#5695=ORIENTED_EDGE('',*,*,#3987,.T.);
#5696=ORIENTED_EDGE('',*,*,#4328,.T.);
#5697=ORIENTED_EDGE('',*,*,#4328,.F.);
#5698=ORIENTED_EDGE('',*,*,#3986,.F.);
#5699=ORIENTED_EDGE('',*,*,#4329,.F.);
#5700=ORIENTED_EDGE('',*,*,#4330,.T.);
#5701=ORIENTED_EDGE('',*,*,#4331,.F.);
#5702=ORIENTED_EDGE('',*,*,#4329,.T.);
#5703=ORIENTED_EDGE('',*,*,#3985,.T.);
#5704=ORIENTED_EDGE('',*,*,#4332,.T.);
#5705=ORIENTED_EDGE('',*,*,#4332,.F.);
#5706=ORIENTED_EDGE('',*,*,#3984,.F.);
#5707=ORIENTED_EDGE('',*,*,#4333,.T.);
#5708=ORIENTED_EDGE('',*,*,#4334,.T.);
#5709=ORIENTED_EDGE('',*,*,#4335,.F.);
#5710=ORIENTED_EDGE('',*,*,#4336,.T.);
#5711=ORIENTED_EDGE('',*,*,#3981,.T.);
#5712=ORIENTED_EDGE('',*,*,#4337,.T.);
#5713=ORIENTED_EDGE('',*,*,#4322,.F.);
#5714=ORIENTED_EDGE('',*,*,#4338,.T.);
#5715=ORIENTED_EDGE('',*,*,#4337,.F.);
#5716=ORIENTED_EDGE('',*,*,#3980,.F.);
#5717=ORIENTED_EDGE('',*,*,#4327,.F.);
#5718=ORIENTED_EDGE('',*,*,#4339,.T.);
#5719=ORIENTED_EDGE('',*,*,#4340,.F.);
#5720=ORIENTED_EDGE('',*,*,#3988,.F.);
#5721=ORIENTED_EDGE('',*,*,#3983,.F.);
#5722=ORIENTED_EDGE('',*,*,#4341,.T.);
#5723=ORIENTED_EDGE('',*,*,#4342,.T.);
#5724=ORIENTED_EDGE('',*,*,#4333,.F.);
#5725=ORIENTED_EDGE('',*,*,#4336,.F.);
#5726=ORIENTED_EDGE('',*,*,#4343,.T.);
#5727=ORIENTED_EDGE('',*,*,#4341,.F.);
#5728=ORIENTED_EDGE('',*,*,#3982,.F.);
#5729=ORIENTED_EDGE('',*,*,#3989,.F.);
#5730=ORIENTED_EDGE('',*,*,#4340,.T.);
#5731=ORIENTED_EDGE('',*,*,#4344,.T.);
#5732=ORIENTED_EDGE('',*,*,#4324,.F.);
#5733=ORIENTED_EDGE('',*,*,#4321,.T.);
#5734=ORIENTED_EDGE('',*,*,#4325,.F.);
#5735=ORIENTED_EDGE('',*,*,#4344,.F.);
#5736=ORIENTED_EDGE('',*,*,#4339,.F.);
#5737=ORIENTED_EDGE('',*,*,#4326,.T.);
#5738=ORIENTED_EDGE('',*,*,#4330,.F.);
#5739=ORIENTED_EDGE('',*,*,#4331,.T.);
#5740=ORIENTED_EDGE('',*,*,#4334,.F.);
#5741=ORIENTED_EDGE('',*,*,#4342,.F.);
#5742=ORIENTED_EDGE('',*,*,#4343,.F.);
#5743=ORIENTED_EDGE('',*,*,#4335,.T.);
#5744=ORIENTED_EDGE('',*,*,#4338,.F.);
#5745=ORIENTED_EDGE('',*,*,#4345,.F.);
#5746=ORIENTED_EDGE('',*,*,#4346,.T.);
#5747=ORIENTED_EDGE('',*,*,#3967,.T.);
#5748=ORIENTED_EDGE('',*,*,#4347,.T.);
#5749=ORIENTED_EDGE('',*,*,#4347,.F.);
#5750=ORIENTED_EDGE('',*,*,#3978,.F.);
#5751=ORIENTED_EDGE('',*,*,#4348,.T.);
#5752=ORIENTED_EDGE('',*,*,#4349,.T.);
#5753=ORIENTED_EDGE('',*,*,#4350,.F.);
#5754=ORIENTED_EDGE('',*,*,#4351,.T.);
#5755=ORIENTED_EDGE('',*,*,#3975,.T.);
#5756=ORIENTED_EDGE('',*,*,#4352,.T.);
#5757=ORIENTED_EDGE('',*,*,#4352,.F.);
#5758=ORIENTED_EDGE('',*,*,#3974,.F.);
#5759=ORIENTED_EDGE('',*,*,#4353,.F.);
#5760=ORIENTED_EDGE('',*,*,#4354,.T.);
#5761=ORIENTED_EDGE('',*,*,#4355,.F.);
#5762=ORIENTED_EDGE('',*,*,#4353,.T.);
#5763=ORIENTED_EDGE('',*,*,#3973,.T.);
#5764=ORIENTED_EDGE('',*,*,#4356,.T.);
#5765=ORIENTED_EDGE('',*,*,#4356,.F.);
#5766=ORIENTED_EDGE('',*,*,#3972,.F.);
#5767=ORIENTED_EDGE('',*,*,#4357,.T.);
#5768=ORIENTED_EDGE('',*,*,#4358,.T.);
#5769=ORIENTED_EDGE('',*,*,#4359,.F.);
#5770=ORIENTED_EDGE('',*,*,#4360,.T.);
#5771=ORIENTED_EDGE('',*,*,#3969,.T.);
#5772=ORIENTED_EDGE('',*,*,#4361,.T.);
#5773=ORIENTED_EDGE('',*,*,#4346,.F.);
#5774=ORIENTED_EDGE('',*,*,#4362,.T.);
#5775=ORIENTED_EDGE('',*,*,#4361,.F.);
#5776=ORIENTED_EDGE('',*,*,#3968,.F.);
#5777=ORIENTED_EDGE('',*,*,#4351,.F.);
#5778=ORIENTED_EDGE('',*,*,#4363,.T.);
#5779=ORIENTED_EDGE('',*,*,#4364,.F.);
#5780=ORIENTED_EDGE('',*,*,#3976,.F.);
#5781=ORIENTED_EDGE('',*,*,#3971,.F.);
#5782=ORIENTED_EDGE('',*,*,#4365,.T.);
#5783=ORIENTED_EDGE('',*,*,#4366,.T.);
#5784=ORIENTED_EDGE('',*,*,#4357,.F.);
#5785=ORIENTED_EDGE('',*,*,#4360,.F.);
#5786=ORIENTED_EDGE('',*,*,#4367,.T.);
#5787=ORIENTED_EDGE('',*,*,#4365,.F.);
#5788=ORIENTED_EDGE('',*,*,#3970,.F.);
#5789=ORIENTED_EDGE('',*,*,#3977,.F.);
#5790=ORIENTED_EDGE('',*,*,#4364,.T.);
#5791=ORIENTED_EDGE('',*,*,#4368,.T.);
#5792=ORIENTED_EDGE('',*,*,#4348,.F.);
#5793=ORIENTED_EDGE('',*,*,#4345,.T.);
#5794=ORIENTED_EDGE('',*,*,#4349,.F.);
#5795=ORIENTED_EDGE('',*,*,#4368,.F.);
#5796=ORIENTED_EDGE('',*,*,#4363,.F.);
#5797=ORIENTED_EDGE('',*,*,#4350,.T.);
#5798=ORIENTED_EDGE('',*,*,#4354,.F.);
#5799=ORIENTED_EDGE('',*,*,#4355,.T.);
#5800=ORIENTED_EDGE('',*,*,#4358,.F.);
#5801=ORIENTED_EDGE('',*,*,#4366,.F.);
#5802=ORIENTED_EDGE('',*,*,#4367,.F.);
#5803=ORIENTED_EDGE('',*,*,#4359,.T.);
#5804=ORIENTED_EDGE('',*,*,#4362,.F.);
#5805=ORIENTED_EDGE('',*,*,#4369,.F.);
#5806=ORIENTED_EDGE('',*,*,#4370,.T.);
#5807=ORIENTED_EDGE('',*,*,#3955,.T.);
#5808=ORIENTED_EDGE('',*,*,#4371,.T.);
#5809=ORIENTED_EDGE('',*,*,#4371,.F.);
#5810=ORIENTED_EDGE('',*,*,#3966,.F.);
#5811=ORIENTED_EDGE('',*,*,#4372,.T.);
#5812=ORIENTED_EDGE('',*,*,#4373,.T.);
#5813=ORIENTED_EDGE('',*,*,#4374,.F.);
#5814=ORIENTED_EDGE('',*,*,#4375,.T.);
#5815=ORIENTED_EDGE('',*,*,#3963,.T.);
#5816=ORIENTED_EDGE('',*,*,#4376,.T.);
#5817=ORIENTED_EDGE('',*,*,#4376,.F.);
#5818=ORIENTED_EDGE('',*,*,#3962,.F.);
#5819=ORIENTED_EDGE('',*,*,#4377,.F.);
#5820=ORIENTED_EDGE('',*,*,#4378,.T.);
#5821=ORIENTED_EDGE('',*,*,#4379,.F.);
#5822=ORIENTED_EDGE('',*,*,#4377,.T.);
#5823=ORIENTED_EDGE('',*,*,#3961,.T.);
#5824=ORIENTED_EDGE('',*,*,#4380,.T.);
#5825=ORIENTED_EDGE('',*,*,#4380,.F.);
#5826=ORIENTED_EDGE('',*,*,#3960,.F.);
#5827=ORIENTED_EDGE('',*,*,#4381,.T.);
#5828=ORIENTED_EDGE('',*,*,#4382,.T.);
#5829=ORIENTED_EDGE('',*,*,#4383,.F.);
#5830=ORIENTED_EDGE('',*,*,#4384,.T.);
#5831=ORIENTED_EDGE('',*,*,#3957,.T.);
#5832=ORIENTED_EDGE('',*,*,#4385,.T.);
#5833=ORIENTED_EDGE('',*,*,#4370,.F.);
#5834=ORIENTED_EDGE('',*,*,#4386,.T.);
#5835=ORIENTED_EDGE('',*,*,#4385,.F.);
#5836=ORIENTED_EDGE('',*,*,#3956,.F.);
#5837=ORIENTED_EDGE('',*,*,#4375,.F.);
#5838=ORIENTED_EDGE('',*,*,#4387,.T.);
#5839=ORIENTED_EDGE('',*,*,#4388,.F.);
#5840=ORIENTED_EDGE('',*,*,#3964,.F.);
#5841=ORIENTED_EDGE('',*,*,#3959,.F.);
#5842=ORIENTED_EDGE('',*,*,#4389,.T.);
#5843=ORIENTED_EDGE('',*,*,#4390,.T.);
#5844=ORIENTED_EDGE('',*,*,#4381,.F.);
#5845=ORIENTED_EDGE('',*,*,#4384,.F.);
#5846=ORIENTED_EDGE('',*,*,#4391,.T.);
#5847=ORIENTED_EDGE('',*,*,#4389,.F.);
#5848=ORIENTED_EDGE('',*,*,#3958,.F.);
#5849=ORIENTED_EDGE('',*,*,#3965,.F.);
#5850=ORIENTED_EDGE('',*,*,#4388,.T.);
#5851=ORIENTED_EDGE('',*,*,#4392,.T.);
#5852=ORIENTED_EDGE('',*,*,#4372,.F.);
#5853=ORIENTED_EDGE('',*,*,#4369,.T.);
#5854=ORIENTED_EDGE('',*,*,#4373,.F.);
#5855=ORIENTED_EDGE('',*,*,#4392,.F.);
#5856=ORIENTED_EDGE('',*,*,#4387,.F.);
#5857=ORIENTED_EDGE('',*,*,#4374,.T.);
#5858=ORIENTED_EDGE('',*,*,#4378,.F.);
#5859=ORIENTED_EDGE('',*,*,#4379,.T.);
#5860=ORIENTED_EDGE('',*,*,#4382,.F.);
#5861=ORIENTED_EDGE('',*,*,#4390,.F.);
#5862=ORIENTED_EDGE('',*,*,#4391,.F.);
#5863=ORIENTED_EDGE('',*,*,#4383,.T.);
#5864=ORIENTED_EDGE('',*,*,#4386,.F.);
#5865=ORIENTED_EDGE('',*,*,#4393,.F.);
#5866=ORIENTED_EDGE('',*,*,#4394,.T.);
#5867=ORIENTED_EDGE('',*,*,#3943,.T.);
#5868=ORIENTED_EDGE('',*,*,#4395,.T.);
#5869=ORIENTED_EDGE('',*,*,#4395,.F.);
#5870=ORIENTED_EDGE('',*,*,#3954,.F.);
#5871=ORIENTED_EDGE('',*,*,#4396,.T.);
#5872=ORIENTED_EDGE('',*,*,#4397,.T.);
#5873=ORIENTED_EDGE('',*,*,#4398,.F.);
#5874=ORIENTED_EDGE('',*,*,#4399,.T.);
#5875=ORIENTED_EDGE('',*,*,#3951,.T.);
#5876=ORIENTED_EDGE('',*,*,#4400,.T.);
#5877=ORIENTED_EDGE('',*,*,#4400,.F.);
#5878=ORIENTED_EDGE('',*,*,#3950,.F.);
#5879=ORIENTED_EDGE('',*,*,#4401,.F.);
#5880=ORIENTED_EDGE('',*,*,#4402,.T.);
#5881=ORIENTED_EDGE('',*,*,#4403,.F.);
#5882=ORIENTED_EDGE('',*,*,#4401,.T.);
#5883=ORIENTED_EDGE('',*,*,#3949,.T.);
#5884=ORIENTED_EDGE('',*,*,#4404,.T.);
#5885=ORIENTED_EDGE('',*,*,#4404,.F.);
#5886=ORIENTED_EDGE('',*,*,#3948,.F.);
#5887=ORIENTED_EDGE('',*,*,#4405,.T.);
#5888=ORIENTED_EDGE('',*,*,#4406,.T.);
#5889=ORIENTED_EDGE('',*,*,#4407,.F.);
#5890=ORIENTED_EDGE('',*,*,#4408,.T.);
#5891=ORIENTED_EDGE('',*,*,#3945,.T.);
#5892=ORIENTED_EDGE('',*,*,#4409,.T.);
#5893=ORIENTED_EDGE('',*,*,#4394,.F.);
#5894=ORIENTED_EDGE('',*,*,#4410,.T.);
#5895=ORIENTED_EDGE('',*,*,#4409,.F.);
#5896=ORIENTED_EDGE('',*,*,#3944,.F.);
#5897=ORIENTED_EDGE('',*,*,#4399,.F.);
#5898=ORIENTED_EDGE('',*,*,#4411,.T.);
#5899=ORIENTED_EDGE('',*,*,#4412,.F.);
#5900=ORIENTED_EDGE('',*,*,#3952,.F.);
#5901=ORIENTED_EDGE('',*,*,#3947,.F.);
#5902=ORIENTED_EDGE('',*,*,#4413,.T.);
#5903=ORIENTED_EDGE('',*,*,#4414,.T.);
#5904=ORIENTED_EDGE('',*,*,#4405,.F.);
#5905=ORIENTED_EDGE('',*,*,#4408,.F.);
#5906=ORIENTED_EDGE('',*,*,#4415,.T.);
#5907=ORIENTED_EDGE('',*,*,#4413,.F.);
#5908=ORIENTED_EDGE('',*,*,#3946,.F.);
#5909=ORIENTED_EDGE('',*,*,#3953,.F.);
#5910=ORIENTED_EDGE('',*,*,#4412,.T.);
#5911=ORIENTED_EDGE('',*,*,#4416,.T.);
#5912=ORIENTED_EDGE('',*,*,#4396,.F.);
#5913=ORIENTED_EDGE('',*,*,#4393,.T.);
#5914=ORIENTED_EDGE('',*,*,#4397,.F.);
#5915=ORIENTED_EDGE('',*,*,#4416,.F.);
#5916=ORIENTED_EDGE('',*,*,#4411,.F.);
#5917=ORIENTED_EDGE('',*,*,#4398,.T.);
#5918=ORIENTED_EDGE('',*,*,#4402,.F.);
#5919=ORIENTED_EDGE('',*,*,#4403,.T.);
#5920=ORIENTED_EDGE('',*,*,#4406,.F.);
#5921=ORIENTED_EDGE('',*,*,#4414,.F.);
#5922=ORIENTED_EDGE('',*,*,#4415,.F.);
#5923=ORIENTED_EDGE('',*,*,#4407,.T.);
#5924=ORIENTED_EDGE('',*,*,#4410,.F.);
#5925=ORIENTED_EDGE('',*,*,#4417,.F.);
#5926=ORIENTED_EDGE('',*,*,#4418,.T.);
#5927=ORIENTED_EDGE('',*,*,#3931,.T.);
#5928=ORIENTED_EDGE('',*,*,#4419,.T.);
#5929=ORIENTED_EDGE('',*,*,#4419,.F.);
#5930=ORIENTED_EDGE('',*,*,#3942,.F.);
#5931=ORIENTED_EDGE('',*,*,#4420,.T.);
#5932=ORIENTED_EDGE('',*,*,#4421,.T.);
#5933=ORIENTED_EDGE('',*,*,#4422,.F.);
#5934=ORIENTED_EDGE('',*,*,#4423,.T.);
#5935=ORIENTED_EDGE('',*,*,#3939,.T.);
#5936=ORIENTED_EDGE('',*,*,#4424,.T.);
#5937=ORIENTED_EDGE('',*,*,#4424,.F.);
#5938=ORIENTED_EDGE('',*,*,#3938,.F.);
#5939=ORIENTED_EDGE('',*,*,#4425,.F.);
#5940=ORIENTED_EDGE('',*,*,#4426,.T.);
#5941=ORIENTED_EDGE('',*,*,#4427,.F.);
#5942=ORIENTED_EDGE('',*,*,#4425,.T.);
#5943=ORIENTED_EDGE('',*,*,#3937,.T.);
#5944=ORIENTED_EDGE('',*,*,#4428,.T.);
#5945=ORIENTED_EDGE('',*,*,#4428,.F.);
#5946=ORIENTED_EDGE('',*,*,#3936,.F.);
#5947=ORIENTED_EDGE('',*,*,#4429,.T.);
#5948=ORIENTED_EDGE('',*,*,#4430,.T.);
#5949=ORIENTED_EDGE('',*,*,#4431,.F.);
#5950=ORIENTED_EDGE('',*,*,#4432,.T.);
#5951=ORIENTED_EDGE('',*,*,#3933,.T.);
#5952=ORIENTED_EDGE('',*,*,#4433,.T.);
#5953=ORIENTED_EDGE('',*,*,#4418,.F.);
#5954=ORIENTED_EDGE('',*,*,#4434,.T.);
#5955=ORIENTED_EDGE('',*,*,#4433,.F.);
#5956=ORIENTED_EDGE('',*,*,#3932,.F.);
#5957=ORIENTED_EDGE('',*,*,#4423,.F.);
#5958=ORIENTED_EDGE('',*,*,#4435,.T.);
#5959=ORIENTED_EDGE('',*,*,#4436,.F.);
#5960=ORIENTED_EDGE('',*,*,#3940,.F.);
#5961=ORIENTED_EDGE('',*,*,#3935,.F.);
#5962=ORIENTED_EDGE('',*,*,#4437,.T.);
#5963=ORIENTED_EDGE('',*,*,#4438,.T.);
#5964=ORIENTED_EDGE('',*,*,#4429,.F.);
#5965=ORIENTED_EDGE('',*,*,#4432,.F.);
#5966=ORIENTED_EDGE('',*,*,#4439,.T.);
#5967=ORIENTED_EDGE('',*,*,#4437,.F.);
#5968=ORIENTED_EDGE('',*,*,#3934,.F.);
#5969=ORIENTED_EDGE('',*,*,#3941,.F.);
#5970=ORIENTED_EDGE('',*,*,#4436,.T.);
#5971=ORIENTED_EDGE('',*,*,#4440,.T.);
#5972=ORIENTED_EDGE('',*,*,#4420,.F.);
#5973=ORIENTED_EDGE('',*,*,#4417,.T.);
#5974=ORIENTED_EDGE('',*,*,#4421,.F.);
#5975=ORIENTED_EDGE('',*,*,#4440,.F.);
#5976=ORIENTED_EDGE('',*,*,#4435,.F.);
#5977=ORIENTED_EDGE('',*,*,#4422,.T.);
#5978=ORIENTED_EDGE('',*,*,#4426,.F.);
#5979=ORIENTED_EDGE('',*,*,#4427,.T.);
#5980=ORIENTED_EDGE('',*,*,#4430,.F.);
#5981=ORIENTED_EDGE('',*,*,#4438,.F.);
#5982=ORIENTED_EDGE('',*,*,#4439,.F.);
#5983=ORIENTED_EDGE('',*,*,#4431,.T.);
#5984=ORIENTED_EDGE('',*,*,#4434,.F.);
#5985=ORIENTED_EDGE('',*,*,#4441,.F.);
#5986=ORIENTED_EDGE('',*,*,#4442,.T.);
#5987=ORIENTED_EDGE('',*,*,#3919,.T.);
#5988=ORIENTED_EDGE('',*,*,#4443,.T.);
#5989=ORIENTED_EDGE('',*,*,#4443,.F.);
#5990=ORIENTED_EDGE('',*,*,#3930,.F.);
#5991=ORIENTED_EDGE('',*,*,#4444,.T.);
#5992=ORIENTED_EDGE('',*,*,#4445,.T.);
#5993=ORIENTED_EDGE('',*,*,#4446,.F.);
#5994=ORIENTED_EDGE('',*,*,#4447,.T.);
#5995=ORIENTED_EDGE('',*,*,#3927,.T.);
#5996=ORIENTED_EDGE('',*,*,#4448,.T.);
#5997=ORIENTED_EDGE('',*,*,#4448,.F.);
#5998=ORIENTED_EDGE('',*,*,#3926,.F.);
#5999=ORIENTED_EDGE('',*,*,#4449,.F.);
#6000=ORIENTED_EDGE('',*,*,#4450,.T.);
#6001=ORIENTED_EDGE('',*,*,#4451,.F.);
#6002=ORIENTED_EDGE('',*,*,#4449,.T.);
#6003=ORIENTED_EDGE('',*,*,#3925,.T.);
#6004=ORIENTED_EDGE('',*,*,#4452,.T.);
#6005=ORIENTED_EDGE('',*,*,#4452,.F.);
#6006=ORIENTED_EDGE('',*,*,#3924,.F.);
#6007=ORIENTED_EDGE('',*,*,#4453,.T.);
#6008=ORIENTED_EDGE('',*,*,#4454,.T.);
#6009=ORIENTED_EDGE('',*,*,#4455,.F.);
#6010=ORIENTED_EDGE('',*,*,#4456,.T.);
#6011=ORIENTED_EDGE('',*,*,#3921,.T.);
#6012=ORIENTED_EDGE('',*,*,#4457,.T.);
#6013=ORIENTED_EDGE('',*,*,#4442,.F.);
#6014=ORIENTED_EDGE('',*,*,#4458,.T.);
#6015=ORIENTED_EDGE('',*,*,#4457,.F.);
#6016=ORIENTED_EDGE('',*,*,#3920,.F.);
#6017=ORIENTED_EDGE('',*,*,#4447,.F.);
#6018=ORIENTED_EDGE('',*,*,#4459,.T.);
#6019=ORIENTED_EDGE('',*,*,#4460,.F.);
#6020=ORIENTED_EDGE('',*,*,#3928,.F.);
#6021=ORIENTED_EDGE('',*,*,#3923,.F.);
#6022=ORIENTED_EDGE('',*,*,#4461,.T.);
#6023=ORIENTED_EDGE('',*,*,#4462,.T.);
#6024=ORIENTED_EDGE('',*,*,#4453,.F.);
#6025=ORIENTED_EDGE('',*,*,#4456,.F.);
#6026=ORIENTED_EDGE('',*,*,#4463,.T.);
#6027=ORIENTED_EDGE('',*,*,#4461,.F.);
#6028=ORIENTED_EDGE('',*,*,#3922,.F.);
#6029=ORIENTED_EDGE('',*,*,#3929,.F.);
#6030=ORIENTED_EDGE('',*,*,#4460,.T.);
#6031=ORIENTED_EDGE('',*,*,#4464,.T.);
#6032=ORIENTED_EDGE('',*,*,#4444,.F.);
#6033=ORIENTED_EDGE('',*,*,#4441,.T.);
#6034=ORIENTED_EDGE('',*,*,#4445,.F.);
#6035=ORIENTED_EDGE('',*,*,#4464,.F.);
#6036=ORIENTED_EDGE('',*,*,#4459,.F.);
#6037=ORIENTED_EDGE('',*,*,#4446,.T.);
#6038=ORIENTED_EDGE('',*,*,#4450,.F.);
#6039=ORIENTED_EDGE('',*,*,#4451,.T.);
#6040=ORIENTED_EDGE('',*,*,#4454,.F.);
#6041=ORIENTED_EDGE('',*,*,#4462,.F.);
#6042=ORIENTED_EDGE('',*,*,#4463,.F.);
#6043=ORIENTED_EDGE('',*,*,#4455,.T.);
#6044=ORIENTED_EDGE('',*,*,#4458,.F.);
#6045=ORIENTED_EDGE('',*,*,#4465,.F.);
#6046=ORIENTED_EDGE('',*,*,#4466,.T.);
#6047=ORIENTED_EDGE('',*,*,#4045,.T.);
#6048=ORIENTED_EDGE('',*,*,#4467,.T.);
#6049=ORIENTED_EDGE('',*,*,#4467,.F.);
#6050=ORIENTED_EDGE('',*,*,#4056,.F.);
#6051=ORIENTED_EDGE('',*,*,#4468,.T.);
#6052=ORIENTED_EDGE('',*,*,#4469,.T.);
#6053=ORIENTED_EDGE('',*,*,#4470,.F.);
#6054=ORIENTED_EDGE('',*,*,#4471,.T.);
#6055=ORIENTED_EDGE('',*,*,#4053,.T.);
#6056=ORIENTED_EDGE('',*,*,#4472,.T.);
#6057=ORIENTED_EDGE('',*,*,#4472,.F.);
#6058=ORIENTED_EDGE('',*,*,#4052,.F.);
#6059=ORIENTED_EDGE('',*,*,#4473,.F.);
#6060=ORIENTED_EDGE('',*,*,#4474,.T.);
#6061=ORIENTED_EDGE('',*,*,#4475,.F.);
#6062=ORIENTED_EDGE('',*,*,#4473,.T.);
#6063=ORIENTED_EDGE('',*,*,#4051,.T.);
#6064=ORIENTED_EDGE('',*,*,#4476,.T.);
#6065=ORIENTED_EDGE('',*,*,#4476,.F.);
#6066=ORIENTED_EDGE('',*,*,#4050,.F.);
#6067=ORIENTED_EDGE('',*,*,#4477,.T.);
#6068=ORIENTED_EDGE('',*,*,#4478,.T.);
#6069=ORIENTED_EDGE('',*,*,#4479,.F.);
#6070=ORIENTED_EDGE('',*,*,#4480,.T.);
#6071=ORIENTED_EDGE('',*,*,#4047,.T.);
#6072=ORIENTED_EDGE('',*,*,#4481,.T.);
#6073=ORIENTED_EDGE('',*,*,#4466,.F.);
#6074=ORIENTED_EDGE('',*,*,#4482,.T.);
#6075=ORIENTED_EDGE('',*,*,#4481,.F.);
#6076=ORIENTED_EDGE('',*,*,#4046,.F.);
#6077=ORIENTED_EDGE('',*,*,#4471,.F.);
#6078=ORIENTED_EDGE('',*,*,#4483,.T.);
#6079=ORIENTED_EDGE('',*,*,#4484,.F.);
#6080=ORIENTED_EDGE('',*,*,#4054,.F.);
#6081=ORIENTED_EDGE('',*,*,#4049,.F.);
#6082=ORIENTED_EDGE('',*,*,#4485,.T.);
#6083=ORIENTED_EDGE('',*,*,#4486,.T.);
#6084=ORIENTED_EDGE('',*,*,#4477,.F.);
#6085=ORIENTED_EDGE('',*,*,#4480,.F.);
#6086=ORIENTED_EDGE('',*,*,#4487,.T.);
#6087=ORIENTED_EDGE('',*,*,#4485,.F.);
#6088=ORIENTED_EDGE('',*,*,#4048,.F.);
#6089=ORIENTED_EDGE('',*,*,#4055,.F.);
#6090=ORIENTED_EDGE('',*,*,#4484,.T.);
#6091=ORIENTED_EDGE('',*,*,#4488,.T.);
#6092=ORIENTED_EDGE('',*,*,#4468,.F.);
#6093=ORIENTED_EDGE('',*,*,#4465,.T.);
#6094=ORIENTED_EDGE('',*,*,#4469,.F.);
#6095=ORIENTED_EDGE('',*,*,#4488,.F.);
#6096=ORIENTED_EDGE('',*,*,#4483,.F.);
#6097=ORIENTED_EDGE('',*,*,#4470,.T.);
#6098=ORIENTED_EDGE('',*,*,#4474,.F.);
#6099=ORIENTED_EDGE('',*,*,#4475,.T.);
#6100=ORIENTED_EDGE('',*,*,#4478,.F.);
#6101=ORIENTED_EDGE('',*,*,#4486,.F.);
#6102=ORIENTED_EDGE('',*,*,#4487,.F.);
#6103=ORIENTED_EDGE('',*,*,#4479,.T.);
#6104=ORIENTED_EDGE('',*,*,#4482,.F.);
#6105=ORIENTED_EDGE('',*,*,#4489,.F.);
#6106=ORIENTED_EDGE('',*,*,#4490,.T.);
#6107=ORIENTED_EDGE('',*,*,#4057,.T.);
#6108=ORIENTED_EDGE('',*,*,#4491,.T.);
#6109=ORIENTED_EDGE('',*,*,#4491,.F.);
#6110=ORIENTED_EDGE('',*,*,#4068,.F.);
#6111=ORIENTED_EDGE('',*,*,#4492,.T.);
#6112=ORIENTED_EDGE('',*,*,#4493,.T.);
#6113=ORIENTED_EDGE('',*,*,#4494,.F.);
#6114=ORIENTED_EDGE('',*,*,#4495,.T.);
#6115=ORIENTED_EDGE('',*,*,#4065,.T.);
#6116=ORIENTED_EDGE('',*,*,#4496,.T.);
#6117=ORIENTED_EDGE('',*,*,#4496,.F.);
#6118=ORIENTED_EDGE('',*,*,#4064,.F.);
#6119=ORIENTED_EDGE('',*,*,#4497,.F.);
#6120=ORIENTED_EDGE('',*,*,#4498,.T.);
#6121=ORIENTED_EDGE('',*,*,#4499,.F.);
#6122=ORIENTED_EDGE('',*,*,#4497,.T.);
#6123=ORIENTED_EDGE('',*,*,#4063,.T.);
#6124=ORIENTED_EDGE('',*,*,#4500,.T.);
#6125=ORIENTED_EDGE('',*,*,#4500,.F.);
#6126=ORIENTED_EDGE('',*,*,#4062,.F.);
#6127=ORIENTED_EDGE('',*,*,#4501,.T.);
#6128=ORIENTED_EDGE('',*,*,#4502,.T.);
#6129=ORIENTED_EDGE('',*,*,#4503,.F.);
#6130=ORIENTED_EDGE('',*,*,#4504,.T.);
#6131=ORIENTED_EDGE('',*,*,#4059,.T.);
#6132=ORIENTED_EDGE('',*,*,#4505,.T.);
#6133=ORIENTED_EDGE('',*,*,#4490,.F.);
#6134=ORIENTED_EDGE('',*,*,#4506,.T.);
#6135=ORIENTED_EDGE('',*,*,#4505,.F.);
#6136=ORIENTED_EDGE('',*,*,#4058,.F.);
#6137=ORIENTED_EDGE('',*,*,#4495,.F.);
#6138=ORIENTED_EDGE('',*,*,#4507,.T.);
#6139=ORIENTED_EDGE('',*,*,#4508,.F.);
#6140=ORIENTED_EDGE('',*,*,#4066,.F.);
#6141=ORIENTED_EDGE('',*,*,#4061,.F.);
#6142=ORIENTED_EDGE('',*,*,#4509,.T.);
#6143=ORIENTED_EDGE('',*,*,#4510,.T.);
#6144=ORIENTED_EDGE('',*,*,#4501,.F.);
#6145=ORIENTED_EDGE('',*,*,#4504,.F.);
#6146=ORIENTED_EDGE('',*,*,#4511,.T.);
#6147=ORIENTED_EDGE('',*,*,#4509,.F.);
#6148=ORIENTED_EDGE('',*,*,#4060,.F.);
#6149=ORIENTED_EDGE('',*,*,#4067,.F.);
#6150=ORIENTED_EDGE('',*,*,#4508,.T.);
#6151=ORIENTED_EDGE('',*,*,#4512,.T.);
#6152=ORIENTED_EDGE('',*,*,#4492,.F.);
#6153=ORIENTED_EDGE('',*,*,#4489,.T.);
#6154=ORIENTED_EDGE('',*,*,#4493,.F.);
#6155=ORIENTED_EDGE('',*,*,#4512,.F.);
#6156=ORIENTED_EDGE('',*,*,#4507,.F.);
#6157=ORIENTED_EDGE('',*,*,#4494,.T.);
#6158=ORIENTED_EDGE('',*,*,#4498,.F.);
#6159=ORIENTED_EDGE('',*,*,#4499,.T.);
#6160=ORIENTED_EDGE('',*,*,#4502,.F.);
#6161=ORIENTED_EDGE('',*,*,#4510,.F.);
#6162=ORIENTED_EDGE('',*,*,#4511,.F.);
#6163=ORIENTED_EDGE('',*,*,#4503,.T.);
#6164=ORIENTED_EDGE('',*,*,#4506,.F.);
#6165=ORIENTED_EDGE('',*,*,#4513,.F.);
#6166=ORIENTED_EDGE('',*,*,#4514,.T.);
#6167=ORIENTED_EDGE('',*,*,#4069,.T.);
#6168=ORIENTED_EDGE('',*,*,#4515,.T.);
#6169=ORIENTED_EDGE('',*,*,#4515,.F.);
#6170=ORIENTED_EDGE('',*,*,#4080,.F.);
#6171=ORIENTED_EDGE('',*,*,#4516,.T.);
#6172=ORIENTED_EDGE('',*,*,#4517,.T.);
#6173=ORIENTED_EDGE('',*,*,#4518,.F.);
#6174=ORIENTED_EDGE('',*,*,#4519,.T.);
#6175=ORIENTED_EDGE('',*,*,#4077,.T.);
#6176=ORIENTED_EDGE('',*,*,#4520,.T.);
#6177=ORIENTED_EDGE('',*,*,#4520,.F.);
#6178=ORIENTED_EDGE('',*,*,#4076,.F.);
#6179=ORIENTED_EDGE('',*,*,#4521,.F.);
#6180=ORIENTED_EDGE('',*,*,#4522,.T.);
#6181=ORIENTED_EDGE('',*,*,#4523,.F.);
#6182=ORIENTED_EDGE('',*,*,#4521,.T.);
#6183=ORIENTED_EDGE('',*,*,#4075,.T.);
#6184=ORIENTED_EDGE('',*,*,#4524,.T.);
#6185=ORIENTED_EDGE('',*,*,#4524,.F.);
#6186=ORIENTED_EDGE('',*,*,#4074,.F.);
#6187=ORIENTED_EDGE('',*,*,#4525,.T.);
#6188=ORIENTED_EDGE('',*,*,#4526,.T.);
#6189=ORIENTED_EDGE('',*,*,#4527,.F.);
#6190=ORIENTED_EDGE('',*,*,#4528,.T.);
#6191=ORIENTED_EDGE('',*,*,#4071,.T.);
#6192=ORIENTED_EDGE('',*,*,#4529,.T.);
#6193=ORIENTED_EDGE('',*,*,#4514,.F.);
#6194=ORIENTED_EDGE('',*,*,#4530,.T.);
#6195=ORIENTED_EDGE('',*,*,#4529,.F.);
#6196=ORIENTED_EDGE('',*,*,#4070,.F.);
#6197=ORIENTED_EDGE('',*,*,#4519,.F.);
#6198=ORIENTED_EDGE('',*,*,#4531,.T.);
#6199=ORIENTED_EDGE('',*,*,#4532,.F.);
#6200=ORIENTED_EDGE('',*,*,#4078,.F.);
#6201=ORIENTED_EDGE('',*,*,#4073,.F.);
#6202=ORIENTED_EDGE('',*,*,#4533,.T.);
#6203=ORIENTED_EDGE('',*,*,#4534,.T.);
#6204=ORIENTED_EDGE('',*,*,#4525,.F.);
#6205=ORIENTED_EDGE('',*,*,#4528,.F.);
#6206=ORIENTED_EDGE('',*,*,#4535,.T.);
#6207=ORIENTED_EDGE('',*,*,#4533,.F.);
#6208=ORIENTED_EDGE('',*,*,#4072,.F.);
#6209=ORIENTED_EDGE('',*,*,#4079,.F.);
#6210=ORIENTED_EDGE('',*,*,#4532,.T.);
#6211=ORIENTED_EDGE('',*,*,#4536,.T.);
#6212=ORIENTED_EDGE('',*,*,#4516,.F.);
#6213=ORIENTED_EDGE('',*,*,#4513,.T.);
#6214=ORIENTED_EDGE('',*,*,#4517,.F.);
#6215=ORIENTED_EDGE('',*,*,#4536,.F.);
#6216=ORIENTED_EDGE('',*,*,#4531,.F.);
#6217=ORIENTED_EDGE('',*,*,#4518,.T.);
#6218=ORIENTED_EDGE('',*,*,#4522,.F.);
#6219=ORIENTED_EDGE('',*,*,#4523,.T.);
#6220=ORIENTED_EDGE('',*,*,#4526,.F.);
#6221=ORIENTED_EDGE('',*,*,#4534,.F.);
#6222=ORIENTED_EDGE('',*,*,#4535,.F.);
#6223=ORIENTED_EDGE('',*,*,#4527,.T.);
#6224=ORIENTED_EDGE('',*,*,#4530,.F.);
#6225=ORIENTED_EDGE('',*,*,#4537,.F.);
#6226=ORIENTED_EDGE('',*,*,#4538,.T.);
#6227=ORIENTED_EDGE('',*,*,#4081,.T.);
#6228=ORIENTED_EDGE('',*,*,#4539,.T.);
#6229=ORIENTED_EDGE('',*,*,#4539,.F.);
#6230=ORIENTED_EDGE('',*,*,#4092,.F.);
#6231=ORIENTED_EDGE('',*,*,#4540,.T.);
#6232=ORIENTED_EDGE('',*,*,#4541,.T.);
#6233=ORIENTED_EDGE('',*,*,#4542,.F.);
#6234=ORIENTED_EDGE('',*,*,#4543,.T.);
#6235=ORIENTED_EDGE('',*,*,#4089,.T.);
#6236=ORIENTED_EDGE('',*,*,#4544,.T.);
#6237=ORIENTED_EDGE('',*,*,#4544,.F.);
#6238=ORIENTED_EDGE('',*,*,#4088,.F.);
#6239=ORIENTED_EDGE('',*,*,#4545,.F.);
#6240=ORIENTED_EDGE('',*,*,#4546,.T.);
#6241=ORIENTED_EDGE('',*,*,#4547,.F.);
#6242=ORIENTED_EDGE('',*,*,#4545,.T.);
#6243=ORIENTED_EDGE('',*,*,#4087,.T.);
#6244=ORIENTED_EDGE('',*,*,#4548,.T.);
#6245=ORIENTED_EDGE('',*,*,#4548,.F.);
#6246=ORIENTED_EDGE('',*,*,#4086,.F.);
#6247=ORIENTED_EDGE('',*,*,#4549,.T.);
#6248=ORIENTED_EDGE('',*,*,#4550,.T.);
#6249=ORIENTED_EDGE('',*,*,#4551,.F.);
#6250=ORIENTED_EDGE('',*,*,#4552,.T.);
#6251=ORIENTED_EDGE('',*,*,#4083,.T.);
#6252=ORIENTED_EDGE('',*,*,#4553,.T.);
#6253=ORIENTED_EDGE('',*,*,#4538,.F.);
#6254=ORIENTED_EDGE('',*,*,#4554,.T.);
#6255=ORIENTED_EDGE('',*,*,#4553,.F.);
#6256=ORIENTED_EDGE('',*,*,#4082,.F.);
#6257=ORIENTED_EDGE('',*,*,#4543,.F.);
#6258=ORIENTED_EDGE('',*,*,#4555,.T.);
#6259=ORIENTED_EDGE('',*,*,#4556,.F.);
#6260=ORIENTED_EDGE('',*,*,#4090,.F.);
#6261=ORIENTED_EDGE('',*,*,#4085,.F.);
#6262=ORIENTED_EDGE('',*,*,#4557,.T.);
#6263=ORIENTED_EDGE('',*,*,#4558,.T.);
#6264=ORIENTED_EDGE('',*,*,#4549,.F.);
#6265=ORIENTED_EDGE('',*,*,#4552,.F.);
#6266=ORIENTED_EDGE('',*,*,#4559,.T.);
#6267=ORIENTED_EDGE('',*,*,#4557,.F.);
#6268=ORIENTED_EDGE('',*,*,#4084,.F.);
#6269=ORIENTED_EDGE('',*,*,#4091,.F.);
#6270=ORIENTED_EDGE('',*,*,#4556,.T.);
#6271=ORIENTED_EDGE('',*,*,#4560,.T.);
#6272=ORIENTED_EDGE('',*,*,#4540,.F.);
#6273=ORIENTED_EDGE('',*,*,#4537,.T.);
#6274=ORIENTED_EDGE('',*,*,#4541,.F.);
#6275=ORIENTED_EDGE('',*,*,#4560,.F.);
#6276=ORIENTED_EDGE('',*,*,#4555,.F.);
#6277=ORIENTED_EDGE('',*,*,#4542,.T.);
#6278=ORIENTED_EDGE('',*,*,#4546,.F.);
#6279=ORIENTED_EDGE('',*,*,#4547,.T.);
#6280=ORIENTED_EDGE('',*,*,#4550,.F.);
#6281=ORIENTED_EDGE('',*,*,#4558,.F.);
#6282=ORIENTED_EDGE('',*,*,#4559,.F.);
#6283=ORIENTED_EDGE('',*,*,#4551,.T.);
#6284=ORIENTED_EDGE('',*,*,#4554,.F.);
#6285=ORIENTED_EDGE('',*,*,#4561,.F.);
#6286=ORIENTED_EDGE('',*,*,#4562,.T.);
#6287=ORIENTED_EDGE('',*,*,#4093,.T.);
#6288=ORIENTED_EDGE('',*,*,#4563,.T.);
#6289=ORIENTED_EDGE('',*,*,#4563,.F.);
#6290=ORIENTED_EDGE('',*,*,#4104,.F.);
#6291=ORIENTED_EDGE('',*,*,#4564,.T.);
#6292=ORIENTED_EDGE('',*,*,#4565,.T.);
#6293=ORIENTED_EDGE('',*,*,#4566,.F.);
#6294=ORIENTED_EDGE('',*,*,#4567,.T.);
#6295=ORIENTED_EDGE('',*,*,#4101,.T.);
#6296=ORIENTED_EDGE('',*,*,#4568,.T.);
#6297=ORIENTED_EDGE('',*,*,#4568,.F.);
#6298=ORIENTED_EDGE('',*,*,#4100,.F.);
#6299=ORIENTED_EDGE('',*,*,#4569,.F.);
#6300=ORIENTED_EDGE('',*,*,#4570,.T.);
#6301=ORIENTED_EDGE('',*,*,#4571,.F.);
#6302=ORIENTED_EDGE('',*,*,#4569,.T.);
#6303=ORIENTED_EDGE('',*,*,#4099,.T.);
#6304=ORIENTED_EDGE('',*,*,#4572,.T.);
#6305=ORIENTED_EDGE('',*,*,#4572,.F.);
#6306=ORIENTED_EDGE('',*,*,#4098,.F.);
#6307=ORIENTED_EDGE('',*,*,#4573,.T.);
#6308=ORIENTED_EDGE('',*,*,#4574,.T.);
#6309=ORIENTED_EDGE('',*,*,#4575,.F.);
#6310=ORIENTED_EDGE('',*,*,#4576,.T.);
#6311=ORIENTED_EDGE('',*,*,#4095,.T.);
#6312=ORIENTED_EDGE('',*,*,#4577,.T.);
#6313=ORIENTED_EDGE('',*,*,#4562,.F.);
#6314=ORIENTED_EDGE('',*,*,#4578,.T.);
#6315=ORIENTED_EDGE('',*,*,#4577,.F.);
#6316=ORIENTED_EDGE('',*,*,#4094,.F.);
#6317=ORIENTED_EDGE('',*,*,#4567,.F.);
#6318=ORIENTED_EDGE('',*,*,#4579,.T.);
#6319=ORIENTED_EDGE('',*,*,#4580,.F.);
#6320=ORIENTED_EDGE('',*,*,#4102,.F.);
#6321=ORIENTED_EDGE('',*,*,#4097,.F.);
#6322=ORIENTED_EDGE('',*,*,#4581,.T.);
#6323=ORIENTED_EDGE('',*,*,#4582,.T.);
#6324=ORIENTED_EDGE('',*,*,#4573,.F.);
#6325=ORIENTED_EDGE('',*,*,#4576,.F.);
#6326=ORIENTED_EDGE('',*,*,#4583,.T.);
#6327=ORIENTED_EDGE('',*,*,#4581,.F.);
#6328=ORIENTED_EDGE('',*,*,#4096,.F.);
#6329=ORIENTED_EDGE('',*,*,#4103,.F.);
#6330=ORIENTED_EDGE('',*,*,#4580,.T.);
#6331=ORIENTED_EDGE('',*,*,#4584,.T.);
#6332=ORIENTED_EDGE('',*,*,#4564,.F.);
#6333=ORIENTED_EDGE('',*,*,#4561,.T.);
#6334=ORIENTED_EDGE('',*,*,#4565,.F.);
#6335=ORIENTED_EDGE('',*,*,#4584,.F.);
#6336=ORIENTED_EDGE('',*,*,#4579,.F.);
#6337=ORIENTED_EDGE('',*,*,#4566,.T.);
#6338=ORIENTED_EDGE('',*,*,#4570,.F.);
#6339=ORIENTED_EDGE('',*,*,#4571,.T.);
#6340=ORIENTED_EDGE('',*,*,#4574,.F.);
#6341=ORIENTED_EDGE('',*,*,#4582,.F.);
#6342=ORIENTED_EDGE('',*,*,#4583,.F.);
#6343=ORIENTED_EDGE('',*,*,#4575,.T.);
#6344=ORIENTED_EDGE('',*,*,#4578,.F.);
#6345=ORIENTED_EDGE('',*,*,#4585,.F.);
#6346=ORIENTED_EDGE('',*,*,#4586,.T.);
#6347=ORIENTED_EDGE('',*,*,#4105,.T.);
#6348=ORIENTED_EDGE('',*,*,#4587,.T.);
#6349=ORIENTED_EDGE('',*,*,#4587,.F.);
#6350=ORIENTED_EDGE('',*,*,#4116,.F.);
#6351=ORIENTED_EDGE('',*,*,#4588,.T.);
#6352=ORIENTED_EDGE('',*,*,#4589,.T.);
#6353=ORIENTED_EDGE('',*,*,#4590,.F.);
#6354=ORIENTED_EDGE('',*,*,#4591,.T.);
#6355=ORIENTED_EDGE('',*,*,#4113,.T.);
#6356=ORIENTED_EDGE('',*,*,#4592,.T.);
#6357=ORIENTED_EDGE('',*,*,#4592,.F.);
#6358=ORIENTED_EDGE('',*,*,#4112,.F.);
#6359=ORIENTED_EDGE('',*,*,#4593,.F.);
#6360=ORIENTED_EDGE('',*,*,#4594,.T.);
#6361=ORIENTED_EDGE('',*,*,#4595,.F.);
#6362=ORIENTED_EDGE('',*,*,#4593,.T.);
#6363=ORIENTED_EDGE('',*,*,#4111,.T.);
#6364=ORIENTED_EDGE('',*,*,#4596,.T.);
#6365=ORIENTED_EDGE('',*,*,#4596,.F.);
#6366=ORIENTED_EDGE('',*,*,#4110,.F.);
#6367=ORIENTED_EDGE('',*,*,#4597,.T.);
#6368=ORIENTED_EDGE('',*,*,#4598,.T.);
#6369=ORIENTED_EDGE('',*,*,#4599,.F.);
#6370=ORIENTED_EDGE('',*,*,#4600,.T.);
#6371=ORIENTED_EDGE('',*,*,#4107,.T.);
#6372=ORIENTED_EDGE('',*,*,#4601,.T.);
#6373=ORIENTED_EDGE('',*,*,#4586,.F.);
#6374=ORIENTED_EDGE('',*,*,#4602,.T.);
#6375=ORIENTED_EDGE('',*,*,#4601,.F.);
#6376=ORIENTED_EDGE('',*,*,#4106,.F.);
#6377=ORIENTED_EDGE('',*,*,#4591,.F.);
#6378=ORIENTED_EDGE('',*,*,#4603,.T.);
#6379=ORIENTED_EDGE('',*,*,#4604,.F.);
#6380=ORIENTED_EDGE('',*,*,#4114,.F.);
#6381=ORIENTED_EDGE('',*,*,#4109,.F.);
#6382=ORIENTED_EDGE('',*,*,#4605,.T.);
#6383=ORIENTED_EDGE('',*,*,#4606,.T.);
#6384=ORIENTED_EDGE('',*,*,#4597,.F.);
#6385=ORIENTED_EDGE('',*,*,#4600,.F.);
#6386=ORIENTED_EDGE('',*,*,#4607,.T.);
#6387=ORIENTED_EDGE('',*,*,#4605,.F.);
#6388=ORIENTED_EDGE('',*,*,#4108,.F.);
#6389=ORIENTED_EDGE('',*,*,#4115,.F.);
#6390=ORIENTED_EDGE('',*,*,#4604,.T.);
#6391=ORIENTED_EDGE('',*,*,#4608,.T.);
#6392=ORIENTED_EDGE('',*,*,#4588,.F.);
#6393=ORIENTED_EDGE('',*,*,#4585,.T.);
#6394=ORIENTED_EDGE('',*,*,#4589,.F.);
#6395=ORIENTED_EDGE('',*,*,#4608,.F.);
#6396=ORIENTED_EDGE('',*,*,#4603,.F.);
#6397=ORIENTED_EDGE('',*,*,#4590,.T.);
#6398=ORIENTED_EDGE('',*,*,#4594,.F.);
#6399=ORIENTED_EDGE('',*,*,#4595,.T.);
#6400=ORIENTED_EDGE('',*,*,#4598,.F.);
#6401=ORIENTED_EDGE('',*,*,#4606,.F.);
#6402=ORIENTED_EDGE('',*,*,#4607,.F.);
#6403=ORIENTED_EDGE('',*,*,#4599,.T.);
#6404=ORIENTED_EDGE('',*,*,#4602,.F.);
#6405=ORIENTED_EDGE('',*,*,#4609,.F.);
#6406=ORIENTED_EDGE('',*,*,#4610,.T.);
#6407=ORIENTED_EDGE('',*,*,#4117,.T.);
#6408=ORIENTED_EDGE('',*,*,#4611,.T.);
#6409=ORIENTED_EDGE('',*,*,#4611,.F.);
#6410=ORIENTED_EDGE('',*,*,#4128,.F.);
#6411=ORIENTED_EDGE('',*,*,#4612,.T.);
#6412=ORIENTED_EDGE('',*,*,#4613,.T.);
#6413=ORIENTED_EDGE('',*,*,#4614,.F.);
#6414=ORIENTED_EDGE('',*,*,#4615,.T.);
#6415=ORIENTED_EDGE('',*,*,#4125,.T.);
#6416=ORIENTED_EDGE('',*,*,#4616,.T.);
#6417=ORIENTED_EDGE('',*,*,#4616,.F.);
#6418=ORIENTED_EDGE('',*,*,#4124,.F.);
#6419=ORIENTED_EDGE('',*,*,#4617,.F.);
#6420=ORIENTED_EDGE('',*,*,#4618,.T.);
#6421=ORIENTED_EDGE('',*,*,#4619,.F.);
#6422=ORIENTED_EDGE('',*,*,#4617,.T.);
#6423=ORIENTED_EDGE('',*,*,#4123,.T.);
#6424=ORIENTED_EDGE('',*,*,#4620,.T.);
#6425=ORIENTED_EDGE('',*,*,#4620,.F.);
#6426=ORIENTED_EDGE('',*,*,#4122,.F.);
#6427=ORIENTED_EDGE('',*,*,#4621,.T.);
#6428=ORIENTED_EDGE('',*,*,#4622,.T.);
#6429=ORIENTED_EDGE('',*,*,#4623,.F.);
#6430=ORIENTED_EDGE('',*,*,#4624,.T.);
#6431=ORIENTED_EDGE('',*,*,#4119,.T.);
#6432=ORIENTED_EDGE('',*,*,#4625,.T.);
#6433=ORIENTED_EDGE('',*,*,#4610,.F.);
#6434=ORIENTED_EDGE('',*,*,#4626,.T.);
#6435=ORIENTED_EDGE('',*,*,#4625,.F.);
#6436=ORIENTED_EDGE('',*,*,#4118,.F.);
#6437=ORIENTED_EDGE('',*,*,#4615,.F.);
#6438=ORIENTED_EDGE('',*,*,#4627,.T.);
#6439=ORIENTED_EDGE('',*,*,#4628,.F.);
#6440=ORIENTED_EDGE('',*,*,#4126,.F.);
#6441=ORIENTED_EDGE('',*,*,#4121,.F.);
#6442=ORIENTED_EDGE('',*,*,#4629,.T.);
#6443=ORIENTED_EDGE('',*,*,#4630,.T.);
#6444=ORIENTED_EDGE('',*,*,#4621,.F.);
#6445=ORIENTED_EDGE('',*,*,#4624,.F.);
#6446=ORIENTED_EDGE('',*,*,#4631,.T.);
#6447=ORIENTED_EDGE('',*,*,#4629,.F.);
#6448=ORIENTED_EDGE('',*,*,#4120,.F.);
#6449=ORIENTED_EDGE('',*,*,#4127,.F.);
#6450=ORIENTED_EDGE('',*,*,#4628,.T.);
#6451=ORIENTED_EDGE('',*,*,#4632,.T.);
#6452=ORIENTED_EDGE('',*,*,#4612,.F.);
#6453=ORIENTED_EDGE('',*,*,#4609,.T.);
#6454=ORIENTED_EDGE('',*,*,#4613,.F.);
#6455=ORIENTED_EDGE('',*,*,#4632,.F.);
#6456=ORIENTED_EDGE('',*,*,#4627,.F.);
#6457=ORIENTED_EDGE('',*,*,#4614,.T.);
#6458=ORIENTED_EDGE('',*,*,#4618,.F.);
#6459=ORIENTED_EDGE('',*,*,#4619,.T.);
#6460=ORIENTED_EDGE('',*,*,#4622,.F.);
#6461=ORIENTED_EDGE('',*,*,#4630,.F.);
#6462=ORIENTED_EDGE('',*,*,#4631,.F.);
#6463=ORIENTED_EDGE('',*,*,#4623,.T.);
#6464=ORIENTED_EDGE('',*,*,#4626,.F.);
#6465=ORIENTED_EDGE('',*,*,#4633,.F.);
#6466=ORIENTED_EDGE('',*,*,#4634,.T.);
#6467=ORIENTED_EDGE('',*,*,#4129,.T.);
#6468=ORIENTED_EDGE('',*,*,#4635,.T.);
#6469=ORIENTED_EDGE('',*,*,#4635,.F.);
#6470=ORIENTED_EDGE('',*,*,#4140,.F.);
#6471=ORIENTED_EDGE('',*,*,#4636,.T.);
#6472=ORIENTED_EDGE('',*,*,#4637,.T.);
#6473=ORIENTED_EDGE('',*,*,#4638,.F.);
#6474=ORIENTED_EDGE('',*,*,#4639,.T.);
#6475=ORIENTED_EDGE('',*,*,#4137,.T.);
#6476=ORIENTED_EDGE('',*,*,#4640,.T.);
#6477=ORIENTED_EDGE('',*,*,#4640,.F.);
#6478=ORIENTED_EDGE('',*,*,#4136,.F.);
#6479=ORIENTED_EDGE('',*,*,#4641,.F.);
#6480=ORIENTED_EDGE('',*,*,#4642,.T.);
#6481=ORIENTED_EDGE('',*,*,#4643,.F.);
#6482=ORIENTED_EDGE('',*,*,#4641,.T.);
#6483=ORIENTED_EDGE('',*,*,#4135,.T.);
#6484=ORIENTED_EDGE('',*,*,#4644,.T.);
#6485=ORIENTED_EDGE('',*,*,#4644,.F.);
#6486=ORIENTED_EDGE('',*,*,#4134,.F.);
#6487=ORIENTED_EDGE('',*,*,#4645,.T.);
#6488=ORIENTED_EDGE('',*,*,#4646,.T.);
#6489=ORIENTED_EDGE('',*,*,#4647,.F.);
#6490=ORIENTED_EDGE('',*,*,#4648,.T.);
#6491=ORIENTED_EDGE('',*,*,#4131,.T.);
#6492=ORIENTED_EDGE('',*,*,#4649,.T.);
#6493=ORIENTED_EDGE('',*,*,#4634,.F.);
#6494=ORIENTED_EDGE('',*,*,#4650,.T.);
#6495=ORIENTED_EDGE('',*,*,#4649,.F.);
#6496=ORIENTED_EDGE('',*,*,#4130,.F.);
#6497=ORIENTED_EDGE('',*,*,#4639,.F.);
#6498=ORIENTED_EDGE('',*,*,#4651,.T.);
#6499=ORIENTED_EDGE('',*,*,#4652,.F.);
#6500=ORIENTED_EDGE('',*,*,#4138,.F.);
#6501=ORIENTED_EDGE('',*,*,#4133,.F.);
#6502=ORIENTED_EDGE('',*,*,#4653,.T.);
#6503=ORIENTED_EDGE('',*,*,#4654,.T.);
#6504=ORIENTED_EDGE('',*,*,#4645,.F.);
#6505=ORIENTED_EDGE('',*,*,#4648,.F.);
#6506=ORIENTED_EDGE('',*,*,#4655,.T.);
#6507=ORIENTED_EDGE('',*,*,#4653,.F.);
#6508=ORIENTED_EDGE('',*,*,#4132,.F.);
#6509=ORIENTED_EDGE('',*,*,#4139,.F.);
#6510=ORIENTED_EDGE('',*,*,#4652,.T.);
#6511=ORIENTED_EDGE('',*,*,#4656,.T.);
#6512=ORIENTED_EDGE('',*,*,#4636,.F.);
#6513=ORIENTED_EDGE('',*,*,#4633,.T.);
#6514=ORIENTED_EDGE('',*,*,#4637,.F.);
#6515=ORIENTED_EDGE('',*,*,#4656,.F.);
#6516=ORIENTED_EDGE('',*,*,#4651,.F.);
#6517=ORIENTED_EDGE('',*,*,#4638,.T.);
#6518=ORIENTED_EDGE('',*,*,#4642,.F.);
#6519=ORIENTED_EDGE('',*,*,#4643,.T.);
#6520=ORIENTED_EDGE('',*,*,#4646,.F.);
#6521=ORIENTED_EDGE('',*,*,#4654,.F.);
#6522=ORIENTED_EDGE('',*,*,#4655,.F.);
#6523=ORIENTED_EDGE('',*,*,#4647,.T.);
#6524=ORIENTED_EDGE('',*,*,#4650,.F.);
#6525=ORIENTED_EDGE('',*,*,#4657,.F.);
#6526=ORIENTED_EDGE('',*,*,#4658,.T.);
#6527=ORIENTED_EDGE('',*,*,#4141,.T.);
#6528=ORIENTED_EDGE('',*,*,#4659,.T.);
#6529=ORIENTED_EDGE('',*,*,#4659,.F.);
#6530=ORIENTED_EDGE('',*,*,#4152,.F.);
#6531=ORIENTED_EDGE('',*,*,#4660,.T.);
#6532=ORIENTED_EDGE('',*,*,#4661,.T.);
#6533=ORIENTED_EDGE('',*,*,#4662,.F.);
#6534=ORIENTED_EDGE('',*,*,#4663,.T.);
#6535=ORIENTED_EDGE('',*,*,#4149,.T.);
#6536=ORIENTED_EDGE('',*,*,#4664,.T.);
#6537=ORIENTED_EDGE('',*,*,#4664,.F.);
#6538=ORIENTED_EDGE('',*,*,#4148,.F.);
#6539=ORIENTED_EDGE('',*,*,#4665,.F.);
#6540=ORIENTED_EDGE('',*,*,#4666,.T.);
#6541=ORIENTED_EDGE('',*,*,#4667,.F.);
#6542=ORIENTED_EDGE('',*,*,#4665,.T.);
#6543=ORIENTED_EDGE('',*,*,#4147,.T.);
#6544=ORIENTED_EDGE('',*,*,#4668,.T.);
#6545=ORIENTED_EDGE('',*,*,#4668,.F.);
#6546=ORIENTED_EDGE('',*,*,#4146,.F.);
#6547=ORIENTED_EDGE('',*,*,#4669,.T.);
#6548=ORIENTED_EDGE('',*,*,#4670,.T.);
#6549=ORIENTED_EDGE('',*,*,#4671,.F.);
#6550=ORIENTED_EDGE('',*,*,#4672,.T.);
#6551=ORIENTED_EDGE('',*,*,#4143,.T.);
#6552=ORIENTED_EDGE('',*,*,#4673,.T.);
#6553=ORIENTED_EDGE('',*,*,#4658,.F.);
#6554=ORIENTED_EDGE('',*,*,#4674,.T.);
#6555=ORIENTED_EDGE('',*,*,#4673,.F.);
#6556=ORIENTED_EDGE('',*,*,#4142,.F.);
#6557=ORIENTED_EDGE('',*,*,#4663,.F.);
#6558=ORIENTED_EDGE('',*,*,#4675,.T.);
#6559=ORIENTED_EDGE('',*,*,#4676,.F.);
#6560=ORIENTED_EDGE('',*,*,#4150,.F.);
#6561=ORIENTED_EDGE('',*,*,#4145,.F.);
#6562=ORIENTED_EDGE('',*,*,#4677,.T.);
#6563=ORIENTED_EDGE('',*,*,#4678,.T.);
#6564=ORIENTED_EDGE('',*,*,#4669,.F.);
#6565=ORIENTED_EDGE('',*,*,#4672,.F.);
#6566=ORIENTED_EDGE('',*,*,#4679,.T.);
#6567=ORIENTED_EDGE('',*,*,#4677,.F.);
#6568=ORIENTED_EDGE('',*,*,#4144,.F.);
#6569=ORIENTED_EDGE('',*,*,#4151,.F.);
#6570=ORIENTED_EDGE('',*,*,#4676,.T.);
#6571=ORIENTED_EDGE('',*,*,#4680,.T.);
#6572=ORIENTED_EDGE('',*,*,#4660,.F.);
#6573=ORIENTED_EDGE('',*,*,#4657,.T.);
#6574=ORIENTED_EDGE('',*,*,#4661,.F.);
#6575=ORIENTED_EDGE('',*,*,#4680,.F.);
#6576=ORIENTED_EDGE('',*,*,#4675,.F.);
#6577=ORIENTED_EDGE('',*,*,#4662,.T.);
#6578=ORIENTED_EDGE('',*,*,#4666,.F.);
#6579=ORIENTED_EDGE('',*,*,#4667,.T.);
#6580=ORIENTED_EDGE('',*,*,#4670,.F.);
#6581=ORIENTED_EDGE('',*,*,#4678,.F.);
#6582=ORIENTED_EDGE('',*,*,#4679,.F.);
#6583=ORIENTED_EDGE('',*,*,#4671,.T.);
#6584=ORIENTED_EDGE('',*,*,#4674,.F.);
#6585=ORIENTED_EDGE('',*,*,#4681,.F.);
#6586=ORIENTED_EDGE('',*,*,#4682,.T.);
#6587=ORIENTED_EDGE('',*,*,#4153,.T.);
#6588=ORIENTED_EDGE('',*,*,#4683,.T.);
#6589=ORIENTED_EDGE('',*,*,#4683,.F.);
#6590=ORIENTED_EDGE('',*,*,#4164,.F.);
#6591=ORIENTED_EDGE('',*,*,#4684,.T.);
#6592=ORIENTED_EDGE('',*,*,#4685,.T.);
#6593=ORIENTED_EDGE('',*,*,#4686,.F.);
#6594=ORIENTED_EDGE('',*,*,#4687,.T.);
#6595=ORIENTED_EDGE('',*,*,#4161,.T.);
#6596=ORIENTED_EDGE('',*,*,#4688,.T.);
#6597=ORIENTED_EDGE('',*,*,#4688,.F.);
#6598=ORIENTED_EDGE('',*,*,#4160,.F.);
#6599=ORIENTED_EDGE('',*,*,#4689,.F.);
#6600=ORIENTED_EDGE('',*,*,#4690,.T.);
#6601=ORIENTED_EDGE('',*,*,#4691,.F.);
#6602=ORIENTED_EDGE('',*,*,#4689,.T.);
#6603=ORIENTED_EDGE('',*,*,#4159,.T.);
#6604=ORIENTED_EDGE('',*,*,#4692,.T.);
#6605=ORIENTED_EDGE('',*,*,#4692,.F.);
#6606=ORIENTED_EDGE('',*,*,#4158,.F.);
#6607=ORIENTED_EDGE('',*,*,#4693,.T.);
#6608=ORIENTED_EDGE('',*,*,#4694,.T.);
#6609=ORIENTED_EDGE('',*,*,#4695,.F.);
#6610=ORIENTED_EDGE('',*,*,#4696,.T.);
#6611=ORIENTED_EDGE('',*,*,#4155,.T.);
#6612=ORIENTED_EDGE('',*,*,#4697,.T.);
#6613=ORIENTED_EDGE('',*,*,#4682,.F.);
#6614=ORIENTED_EDGE('',*,*,#4698,.T.);
#6615=ORIENTED_EDGE('',*,*,#4697,.F.);
#6616=ORIENTED_EDGE('',*,*,#4154,.F.);
#6617=ORIENTED_EDGE('',*,*,#4687,.F.);
#6618=ORIENTED_EDGE('',*,*,#4699,.T.);
#6619=ORIENTED_EDGE('',*,*,#4700,.F.);
#6620=ORIENTED_EDGE('',*,*,#4162,.F.);
#6621=ORIENTED_EDGE('',*,*,#4157,.F.);
#6622=ORIENTED_EDGE('',*,*,#4701,.T.);
#6623=ORIENTED_EDGE('',*,*,#4702,.T.);
#6624=ORIENTED_EDGE('',*,*,#4693,.F.);
#6625=ORIENTED_EDGE('',*,*,#4696,.F.);
#6626=ORIENTED_EDGE('',*,*,#4703,.T.);
#6627=ORIENTED_EDGE('',*,*,#4701,.F.);
#6628=ORIENTED_EDGE('',*,*,#4156,.F.);
#6629=ORIENTED_EDGE('',*,*,#4163,.F.);
#6630=ORIENTED_EDGE('',*,*,#4700,.T.);
#6631=ORIENTED_EDGE('',*,*,#4704,.T.);
#6632=ORIENTED_EDGE('',*,*,#4684,.F.);
#6633=ORIENTED_EDGE('',*,*,#4681,.T.);
#6634=ORIENTED_EDGE('',*,*,#4685,.F.);
#6635=ORIENTED_EDGE('',*,*,#4704,.F.);
#6636=ORIENTED_EDGE('',*,*,#4699,.F.);
#6637=ORIENTED_EDGE('',*,*,#4686,.T.);
#6638=ORIENTED_EDGE('',*,*,#4690,.F.);
#6639=ORIENTED_EDGE('',*,*,#4691,.T.);
#6640=ORIENTED_EDGE('',*,*,#4694,.F.);
#6641=ORIENTED_EDGE('',*,*,#4702,.F.);
#6642=ORIENTED_EDGE('',*,*,#4703,.F.);
#6643=ORIENTED_EDGE('',*,*,#4695,.T.);
#6644=ORIENTED_EDGE('',*,*,#4698,.F.);
#6645=ORIENTED_EDGE('',*,*,#4705,.F.);
#6646=ORIENTED_EDGE('',*,*,#4706,.T.);
#6647=ORIENTED_EDGE('',*,*,#4165,.T.);
#6648=ORIENTED_EDGE('',*,*,#4707,.T.);
#6649=ORIENTED_EDGE('',*,*,#4707,.F.);
#6650=ORIENTED_EDGE('',*,*,#4176,.F.);
#6651=ORIENTED_EDGE('',*,*,#4708,.T.);
#6652=ORIENTED_EDGE('',*,*,#4709,.T.);
#6653=ORIENTED_EDGE('',*,*,#4710,.F.);
#6654=ORIENTED_EDGE('',*,*,#4711,.T.);
#6655=ORIENTED_EDGE('',*,*,#4173,.T.);
#6656=ORIENTED_EDGE('',*,*,#4712,.T.);
#6657=ORIENTED_EDGE('',*,*,#4712,.F.);
#6658=ORIENTED_EDGE('',*,*,#4172,.F.);
#6659=ORIENTED_EDGE('',*,*,#4713,.F.);
#6660=ORIENTED_EDGE('',*,*,#4714,.T.);
#6661=ORIENTED_EDGE('',*,*,#4715,.F.);
#6662=ORIENTED_EDGE('',*,*,#4713,.T.);
#6663=ORIENTED_EDGE('',*,*,#4171,.T.);
#6664=ORIENTED_EDGE('',*,*,#4716,.T.);
#6665=ORIENTED_EDGE('',*,*,#4716,.F.);
#6666=ORIENTED_EDGE('',*,*,#4170,.F.);
#6667=ORIENTED_EDGE('',*,*,#4717,.T.);
#6668=ORIENTED_EDGE('',*,*,#4718,.T.);
#6669=ORIENTED_EDGE('',*,*,#4719,.F.);
#6670=ORIENTED_EDGE('',*,*,#4720,.T.);
#6671=ORIENTED_EDGE('',*,*,#4167,.T.);
#6672=ORIENTED_EDGE('',*,*,#4721,.T.);
#6673=ORIENTED_EDGE('',*,*,#4706,.F.);
#6674=ORIENTED_EDGE('',*,*,#4722,.T.);
#6675=ORIENTED_EDGE('',*,*,#4721,.F.);
#6676=ORIENTED_EDGE('',*,*,#4166,.F.);
#6677=ORIENTED_EDGE('',*,*,#4711,.F.);
#6678=ORIENTED_EDGE('',*,*,#4723,.T.);
#6679=ORIENTED_EDGE('',*,*,#4724,.F.);
#6680=ORIENTED_EDGE('',*,*,#4174,.F.);
#6681=ORIENTED_EDGE('',*,*,#4169,.F.);
#6682=ORIENTED_EDGE('',*,*,#4725,.T.);
#6683=ORIENTED_EDGE('',*,*,#4726,.T.);
#6684=ORIENTED_EDGE('',*,*,#4717,.F.);
#6685=ORIENTED_EDGE('',*,*,#4720,.F.);
#6686=ORIENTED_EDGE('',*,*,#4727,.T.);
#6687=ORIENTED_EDGE('',*,*,#4725,.F.);
#6688=ORIENTED_EDGE('',*,*,#4168,.F.);
#6689=ORIENTED_EDGE('',*,*,#4175,.F.);
#6690=ORIENTED_EDGE('',*,*,#4724,.T.);
#6691=ORIENTED_EDGE('',*,*,#4728,.T.);
#6692=ORIENTED_EDGE('',*,*,#4708,.F.);
#6693=ORIENTED_EDGE('',*,*,#4705,.T.);
#6694=ORIENTED_EDGE('',*,*,#4709,.F.);
#6695=ORIENTED_EDGE('',*,*,#4728,.F.);
#6696=ORIENTED_EDGE('',*,*,#4723,.F.);
#6697=ORIENTED_EDGE('',*,*,#4710,.T.);
#6698=ORIENTED_EDGE('',*,*,#4714,.F.);
#6699=ORIENTED_EDGE('',*,*,#4715,.T.);
#6700=ORIENTED_EDGE('',*,*,#4718,.F.);
#6701=ORIENTED_EDGE('',*,*,#4726,.F.);
#6702=ORIENTED_EDGE('',*,*,#4727,.F.);
#6703=ORIENTED_EDGE('',*,*,#4719,.T.);
#6704=ORIENTED_EDGE('',*,*,#4722,.F.);
#6705=ORIENTED_EDGE('',*,*,#4729,.F.);
#6706=ORIENTED_EDGE('',*,*,#4730,.T.);
#6707=ORIENTED_EDGE('',*,*,#4177,.T.);
#6708=ORIENTED_EDGE('',*,*,#4731,.T.);
#6709=ORIENTED_EDGE('',*,*,#4731,.F.);
#6710=ORIENTED_EDGE('',*,*,#4188,.F.);
#6711=ORIENTED_EDGE('',*,*,#4732,.T.);
#6712=ORIENTED_EDGE('',*,*,#4733,.T.);
#6713=ORIENTED_EDGE('',*,*,#4734,.F.);
#6714=ORIENTED_EDGE('',*,*,#4735,.T.);
#6715=ORIENTED_EDGE('',*,*,#4185,.T.);
#6716=ORIENTED_EDGE('',*,*,#4736,.T.);
#6717=ORIENTED_EDGE('',*,*,#4736,.F.);
#6718=ORIENTED_EDGE('',*,*,#4184,.F.);
#6719=ORIENTED_EDGE('',*,*,#4737,.F.);
#6720=ORIENTED_EDGE('',*,*,#4738,.T.);
#6721=ORIENTED_EDGE('',*,*,#4739,.F.);
#6722=ORIENTED_EDGE('',*,*,#4737,.T.);
#6723=ORIENTED_EDGE('',*,*,#4183,.T.);
#6724=ORIENTED_EDGE('',*,*,#4740,.T.);
#6725=ORIENTED_EDGE('',*,*,#4740,.F.);
#6726=ORIENTED_EDGE('',*,*,#4182,.F.);
#6727=ORIENTED_EDGE('',*,*,#4741,.T.);
#6728=ORIENTED_EDGE('',*,*,#4742,.T.);
#6729=ORIENTED_EDGE('',*,*,#4743,.F.);
#6730=ORIENTED_EDGE('',*,*,#4744,.T.);
#6731=ORIENTED_EDGE('',*,*,#4179,.T.);
#6732=ORIENTED_EDGE('',*,*,#4745,.T.);
#6733=ORIENTED_EDGE('',*,*,#4730,.F.);
#6734=ORIENTED_EDGE('',*,*,#4746,.T.);
#6735=ORIENTED_EDGE('',*,*,#4745,.F.);
#6736=ORIENTED_EDGE('',*,*,#4178,.F.);
#6737=ORIENTED_EDGE('',*,*,#4735,.F.);
#6738=ORIENTED_EDGE('',*,*,#4747,.T.);
#6739=ORIENTED_EDGE('',*,*,#4748,.F.);
#6740=ORIENTED_EDGE('',*,*,#4186,.F.);
#6741=ORIENTED_EDGE('',*,*,#4181,.F.);
#6742=ORIENTED_EDGE('',*,*,#4749,.T.);
#6743=ORIENTED_EDGE('',*,*,#4750,.T.);
#6744=ORIENTED_EDGE('',*,*,#4741,.F.);
#6745=ORIENTED_EDGE('',*,*,#4744,.F.);
#6746=ORIENTED_EDGE('',*,*,#4751,.T.);
#6747=ORIENTED_EDGE('',*,*,#4749,.F.);
#6748=ORIENTED_EDGE('',*,*,#4180,.F.);
#6749=ORIENTED_EDGE('',*,*,#4187,.F.);
#6750=ORIENTED_EDGE('',*,*,#4748,.T.);
#6751=ORIENTED_EDGE('',*,*,#4752,.T.);
#6752=ORIENTED_EDGE('',*,*,#4732,.F.);
#6753=ORIENTED_EDGE('',*,*,#4729,.T.);
#6754=ORIENTED_EDGE('',*,*,#4733,.F.);
#6755=ORIENTED_EDGE('',*,*,#4752,.F.);
#6756=ORIENTED_EDGE('',*,*,#4747,.F.);
#6757=ORIENTED_EDGE('',*,*,#4734,.T.);
#6758=ORIENTED_EDGE('',*,*,#4738,.F.);
#6759=ORIENTED_EDGE('',*,*,#4739,.T.);
#6760=ORIENTED_EDGE('',*,*,#4742,.F.);
#6761=ORIENTED_EDGE('',*,*,#4750,.F.);
#6762=ORIENTED_EDGE('',*,*,#4751,.F.);
#6763=ORIENTED_EDGE('',*,*,#4743,.T.);
#6764=ORIENTED_EDGE('',*,*,#4746,.F.);
#6765=ORIENTED_EDGE('',*,*,#4753,.F.);
#6766=ORIENTED_EDGE('',*,*,#4754,.T.);
#6767=ORIENTED_EDGE('',*,*,#4189,.T.);
#6768=ORIENTED_EDGE('',*,*,#4755,.T.);
#6769=ORIENTED_EDGE('',*,*,#4755,.F.);
#6770=ORIENTED_EDGE('',*,*,#4200,.F.);
#6771=ORIENTED_EDGE('',*,*,#4756,.T.);
#6772=ORIENTED_EDGE('',*,*,#4757,.T.);
#6773=ORIENTED_EDGE('',*,*,#4758,.F.);
#6774=ORIENTED_EDGE('',*,*,#4759,.T.);
#6775=ORIENTED_EDGE('',*,*,#4197,.T.);
#6776=ORIENTED_EDGE('',*,*,#4760,.T.);
#6777=ORIENTED_EDGE('',*,*,#4760,.F.);
#6778=ORIENTED_EDGE('',*,*,#4196,.F.);
#6779=ORIENTED_EDGE('',*,*,#4761,.F.);
#6780=ORIENTED_EDGE('',*,*,#4762,.T.);
#6781=ORIENTED_EDGE('',*,*,#4763,.F.);
#6782=ORIENTED_EDGE('',*,*,#4761,.T.);
#6783=ORIENTED_EDGE('',*,*,#4195,.T.);
#6784=ORIENTED_EDGE('',*,*,#4764,.T.);
#6785=ORIENTED_EDGE('',*,*,#4764,.F.);
#6786=ORIENTED_EDGE('',*,*,#4194,.F.);
#6787=ORIENTED_EDGE('',*,*,#4765,.T.);
#6788=ORIENTED_EDGE('',*,*,#4766,.T.);
#6789=ORIENTED_EDGE('',*,*,#4767,.F.);
#6790=ORIENTED_EDGE('',*,*,#4768,.T.);
#6791=ORIENTED_EDGE('',*,*,#4191,.T.);
#6792=ORIENTED_EDGE('',*,*,#4769,.T.);
#6793=ORIENTED_EDGE('',*,*,#4754,.F.);
#6794=ORIENTED_EDGE('',*,*,#4770,.T.);
#6795=ORIENTED_EDGE('',*,*,#4769,.F.);
#6796=ORIENTED_EDGE('',*,*,#4190,.F.);
#6797=ORIENTED_EDGE('',*,*,#4759,.F.);
#6798=ORIENTED_EDGE('',*,*,#4771,.T.);
#6799=ORIENTED_EDGE('',*,*,#4772,.F.);
#6800=ORIENTED_EDGE('',*,*,#4198,.F.);
#6801=ORIENTED_EDGE('',*,*,#4193,.F.);
#6802=ORIENTED_EDGE('',*,*,#4773,.T.);
#6803=ORIENTED_EDGE('',*,*,#4774,.T.);
#6804=ORIENTED_EDGE('',*,*,#4765,.F.);
#6805=ORIENTED_EDGE('',*,*,#4768,.F.);
#6806=ORIENTED_EDGE('',*,*,#4775,.T.);
#6807=ORIENTED_EDGE('',*,*,#4773,.F.);
#6808=ORIENTED_EDGE('',*,*,#4192,.F.);
#6809=ORIENTED_EDGE('',*,*,#4199,.F.);
#6810=ORIENTED_EDGE('',*,*,#4772,.T.);
#6811=ORIENTED_EDGE('',*,*,#4776,.T.);
#6812=ORIENTED_EDGE('',*,*,#4756,.F.);
#6813=ORIENTED_EDGE('',*,*,#4753,.T.);
#6814=ORIENTED_EDGE('',*,*,#4757,.F.);
#6815=ORIENTED_EDGE('',*,*,#4776,.F.);
#6816=ORIENTED_EDGE('',*,*,#4771,.F.);
#6817=ORIENTED_EDGE('',*,*,#4758,.T.);
#6818=ORIENTED_EDGE('',*,*,#4762,.F.);
#6819=ORIENTED_EDGE('',*,*,#4763,.T.);
#6820=ORIENTED_EDGE('',*,*,#4766,.F.);
#6821=ORIENTED_EDGE('',*,*,#4774,.F.);
#6822=ORIENTED_EDGE('',*,*,#4775,.F.);
#6823=ORIENTED_EDGE('',*,*,#4767,.T.);
#6824=ORIENTED_EDGE('',*,*,#4770,.F.);
#6825=ORIENTED_EDGE('',*,*,#4777,.F.);
#6826=ORIENTED_EDGE('',*,*,#4778,.T.);
#6827=ORIENTED_EDGE('',*,*,#4201,.T.);
#6828=ORIENTED_EDGE('',*,*,#4779,.T.);
#6829=ORIENTED_EDGE('',*,*,#4779,.F.);
#6830=ORIENTED_EDGE('',*,*,#4212,.F.);
#6831=ORIENTED_EDGE('',*,*,#4780,.T.);
#6832=ORIENTED_EDGE('',*,*,#4781,.T.);
#6833=ORIENTED_EDGE('',*,*,#4782,.F.);
#6834=ORIENTED_EDGE('',*,*,#4783,.T.);
#6835=ORIENTED_EDGE('',*,*,#4209,.T.);
#6836=ORIENTED_EDGE('',*,*,#4784,.T.);
#6837=ORIENTED_EDGE('',*,*,#4784,.F.);
#6838=ORIENTED_EDGE('',*,*,#4208,.F.);
#6839=ORIENTED_EDGE('',*,*,#4785,.F.);
#6840=ORIENTED_EDGE('',*,*,#4786,.T.);
#6841=ORIENTED_EDGE('',*,*,#4787,.F.);
#6842=ORIENTED_EDGE('',*,*,#4785,.T.);
#6843=ORIENTED_EDGE('',*,*,#4207,.T.);
#6844=ORIENTED_EDGE('',*,*,#4788,.T.);
#6845=ORIENTED_EDGE('',*,*,#4788,.F.);
#6846=ORIENTED_EDGE('',*,*,#4206,.F.);
#6847=ORIENTED_EDGE('',*,*,#4789,.T.);
#6848=ORIENTED_EDGE('',*,*,#4790,.T.);
#6849=ORIENTED_EDGE('',*,*,#4791,.F.);
#6850=ORIENTED_EDGE('',*,*,#4792,.T.);
#6851=ORIENTED_EDGE('',*,*,#4203,.T.);
#6852=ORIENTED_EDGE('',*,*,#4793,.T.);
#6853=ORIENTED_EDGE('',*,*,#4778,.F.);
#6854=ORIENTED_EDGE('',*,*,#4794,.T.);
#6855=ORIENTED_EDGE('',*,*,#4793,.F.);
#6856=ORIENTED_EDGE('',*,*,#4202,.F.);
#6857=ORIENTED_EDGE('',*,*,#4783,.F.);
#6858=ORIENTED_EDGE('',*,*,#4795,.T.);
#6859=ORIENTED_EDGE('',*,*,#4796,.F.);
#6860=ORIENTED_EDGE('',*,*,#4210,.F.);
#6861=ORIENTED_EDGE('',*,*,#4205,.F.);
#6862=ORIENTED_EDGE('',*,*,#4797,.T.);
#6863=ORIENTED_EDGE('',*,*,#4798,.T.);
#6864=ORIENTED_EDGE('',*,*,#4789,.F.);
#6865=ORIENTED_EDGE('',*,*,#4792,.F.);
#6866=ORIENTED_EDGE('',*,*,#4799,.T.);
#6867=ORIENTED_EDGE('',*,*,#4797,.F.);
#6868=ORIENTED_EDGE('',*,*,#4204,.F.);
#6869=ORIENTED_EDGE('',*,*,#4211,.F.);
#6870=ORIENTED_EDGE('',*,*,#4796,.T.);
#6871=ORIENTED_EDGE('',*,*,#4800,.T.);
#6872=ORIENTED_EDGE('',*,*,#4780,.F.);
#6873=ORIENTED_EDGE('',*,*,#4777,.T.);
#6874=ORIENTED_EDGE('',*,*,#4781,.F.);
#6875=ORIENTED_EDGE('',*,*,#4800,.F.);
#6876=ORIENTED_EDGE('',*,*,#4795,.F.);
#6877=ORIENTED_EDGE('',*,*,#4782,.T.);
#6878=ORIENTED_EDGE('',*,*,#4786,.F.);
#6879=ORIENTED_EDGE('',*,*,#4787,.T.);
#6880=ORIENTED_EDGE('',*,*,#4790,.F.);
#6881=ORIENTED_EDGE('',*,*,#4798,.F.);
#6882=ORIENTED_EDGE('',*,*,#4799,.F.);
#6883=ORIENTED_EDGE('',*,*,#4791,.T.);
#6884=ORIENTED_EDGE('',*,*,#4794,.F.);
#6885=ORIENTED_EDGE('',*,*,#4801,.F.);
#6886=ORIENTED_EDGE('',*,*,#4802,.T.);
#6887=ORIENTED_EDGE('',*,*,#3907,.T.);
#6888=ORIENTED_EDGE('',*,*,#4803,.T.);
#6889=ORIENTED_EDGE('',*,*,#4803,.F.);
#6890=ORIENTED_EDGE('',*,*,#3918,.F.);
#6891=ORIENTED_EDGE('',*,*,#4804,.T.);
#6892=ORIENTED_EDGE('',*,*,#4805,.T.);
#6893=ORIENTED_EDGE('',*,*,#4806,.F.);
#6894=ORIENTED_EDGE('',*,*,#4807,.T.);
#6895=ORIENTED_EDGE('',*,*,#3915,.T.);
#6896=ORIENTED_EDGE('',*,*,#4808,.T.);
#6897=ORIENTED_EDGE('',*,*,#4808,.F.);
#6898=ORIENTED_EDGE('',*,*,#3914,.F.);
#6899=ORIENTED_EDGE('',*,*,#4809,.F.);
#6900=ORIENTED_EDGE('',*,*,#4810,.T.);
#6901=ORIENTED_EDGE('',*,*,#4811,.F.);
#6902=ORIENTED_EDGE('',*,*,#4809,.T.);
#6903=ORIENTED_EDGE('',*,*,#3913,.T.);
#6904=ORIENTED_EDGE('',*,*,#4812,.T.);
#6905=ORIENTED_EDGE('',*,*,#4812,.F.);
#6906=ORIENTED_EDGE('',*,*,#3912,.F.);
#6907=ORIENTED_EDGE('',*,*,#4813,.T.);
#6908=ORIENTED_EDGE('',*,*,#4814,.T.);
#6909=ORIENTED_EDGE('',*,*,#4815,.F.);
#6910=ORIENTED_EDGE('',*,*,#4816,.T.);
#6911=ORIENTED_EDGE('',*,*,#3909,.T.);
#6912=ORIENTED_EDGE('',*,*,#4817,.T.);
#6913=ORIENTED_EDGE('',*,*,#4802,.F.);
#6914=ORIENTED_EDGE('',*,*,#4818,.T.);
#6915=ORIENTED_EDGE('',*,*,#4817,.F.);
#6916=ORIENTED_EDGE('',*,*,#3908,.F.);
#6917=ORIENTED_EDGE('',*,*,#4807,.F.);
#6918=ORIENTED_EDGE('',*,*,#4819,.T.);
#6919=ORIENTED_EDGE('',*,*,#4820,.F.);
#6920=ORIENTED_EDGE('',*,*,#3916,.F.);
#6921=ORIENTED_EDGE('',*,*,#3911,.F.);
#6922=ORIENTED_EDGE('',*,*,#4821,.T.);
#6923=ORIENTED_EDGE('',*,*,#4822,.T.);
#6924=ORIENTED_EDGE('',*,*,#4813,.F.);
#6925=ORIENTED_EDGE('',*,*,#4816,.F.);
#6926=ORIENTED_EDGE('',*,*,#4823,.T.);
#6927=ORIENTED_EDGE('',*,*,#4821,.F.);
#6928=ORIENTED_EDGE('',*,*,#3910,.F.);
#6929=ORIENTED_EDGE('',*,*,#3917,.F.);
#6930=ORIENTED_EDGE('',*,*,#4820,.T.);
#6931=ORIENTED_EDGE('',*,*,#4824,.T.);
#6932=ORIENTED_EDGE('',*,*,#4804,.F.);
#6933=ORIENTED_EDGE('',*,*,#4801,.T.);
#6934=ORIENTED_EDGE('',*,*,#4805,.F.);
#6935=ORIENTED_EDGE('',*,*,#4824,.F.);
#6936=ORIENTED_EDGE('',*,*,#4819,.F.);
#6937=ORIENTED_EDGE('',*,*,#4806,.T.);
#6938=ORIENTED_EDGE('',*,*,#4810,.F.);
#6939=ORIENTED_EDGE('',*,*,#4811,.T.);
#6940=ORIENTED_EDGE('',*,*,#4814,.F.);
#6941=ORIENTED_EDGE('',*,*,#4822,.F.);
#6942=ORIENTED_EDGE('',*,*,#4823,.F.);
#6943=ORIENTED_EDGE('',*,*,#4815,.T.);
#6944=ORIENTED_EDGE('',*,*,#4818,.F.);
#6945=ORIENTED_EDGE('',*,*,#4825,.F.);
#6946=ORIENTED_EDGE('',*,*,#4826,.T.);
#6947=ORIENTED_EDGE('',*,*,#3895,.T.);
#6948=ORIENTED_EDGE('',*,*,#4827,.T.);
#6949=ORIENTED_EDGE('',*,*,#4827,.F.);
#6950=ORIENTED_EDGE('',*,*,#3906,.F.);
#6951=ORIENTED_EDGE('',*,*,#4828,.T.);
#6952=ORIENTED_EDGE('',*,*,#4829,.T.);
#6953=ORIENTED_EDGE('',*,*,#4830,.F.);
#6954=ORIENTED_EDGE('',*,*,#4831,.T.);
#6955=ORIENTED_EDGE('',*,*,#3903,.T.);
#6956=ORIENTED_EDGE('',*,*,#4832,.T.);
#6957=ORIENTED_EDGE('',*,*,#4832,.F.);
#6958=ORIENTED_EDGE('',*,*,#3902,.F.);
#6959=ORIENTED_EDGE('',*,*,#4833,.F.);
#6960=ORIENTED_EDGE('',*,*,#4834,.T.);
#6961=ORIENTED_EDGE('',*,*,#4835,.F.);
#6962=ORIENTED_EDGE('',*,*,#4833,.T.);
#6963=ORIENTED_EDGE('',*,*,#3901,.T.);
#6964=ORIENTED_EDGE('',*,*,#4836,.T.);
#6965=ORIENTED_EDGE('',*,*,#4836,.F.);
#6966=ORIENTED_EDGE('',*,*,#3900,.F.);
#6967=ORIENTED_EDGE('',*,*,#4837,.T.);
#6968=ORIENTED_EDGE('',*,*,#4838,.T.);
#6969=ORIENTED_EDGE('',*,*,#4839,.F.);
#6970=ORIENTED_EDGE('',*,*,#4840,.T.);
#6971=ORIENTED_EDGE('',*,*,#3897,.T.);
#6972=ORIENTED_EDGE('',*,*,#4841,.T.);
#6973=ORIENTED_EDGE('',*,*,#4826,.F.);
#6974=ORIENTED_EDGE('',*,*,#4842,.T.);
#6975=ORIENTED_EDGE('',*,*,#4841,.F.);
#6976=ORIENTED_EDGE('',*,*,#3896,.F.);
#6977=ORIENTED_EDGE('',*,*,#4831,.F.);
#6978=ORIENTED_EDGE('',*,*,#4843,.T.);
#6979=ORIENTED_EDGE('',*,*,#4844,.F.);
#6980=ORIENTED_EDGE('',*,*,#3904,.F.);
#6981=ORIENTED_EDGE('',*,*,#3899,.F.);
#6982=ORIENTED_EDGE('',*,*,#4845,.T.);
#6983=ORIENTED_EDGE('',*,*,#4846,.T.);
#6984=ORIENTED_EDGE('',*,*,#4837,.F.);
#6985=ORIENTED_EDGE('',*,*,#4840,.F.);
#6986=ORIENTED_EDGE('',*,*,#4847,.T.);
#6987=ORIENTED_EDGE('',*,*,#4845,.F.);
#6988=ORIENTED_EDGE('',*,*,#3898,.F.);
#6989=ORIENTED_EDGE('',*,*,#3905,.F.);
#6990=ORIENTED_EDGE('',*,*,#4844,.T.);
#6991=ORIENTED_EDGE('',*,*,#4848,.T.);
#6992=ORIENTED_EDGE('',*,*,#4828,.F.);
#6993=ORIENTED_EDGE('',*,*,#4825,.T.);
#6994=ORIENTED_EDGE('',*,*,#4829,.F.);
#6995=ORIENTED_EDGE('',*,*,#4848,.F.);
#6996=ORIENTED_EDGE('',*,*,#4843,.F.);
#6997=ORIENTED_EDGE('',*,*,#4830,.T.);
#6998=ORIENTED_EDGE('',*,*,#4834,.F.);
#6999=ORIENTED_EDGE('',*,*,#4835,.T.);
#7000=ORIENTED_EDGE('',*,*,#4838,.F.);
#7001=ORIENTED_EDGE('',*,*,#4846,.F.);
#7002=ORIENTED_EDGE('',*,*,#4847,.F.);
#7003=ORIENTED_EDGE('',*,*,#4839,.T.);
#7004=ORIENTED_EDGE('',*,*,#4842,.F.);
#7005=ORIENTED_EDGE('',*,*,#4849,.F.);
#7006=ORIENTED_EDGE('',*,*,#4850,.T.);
#7007=ORIENTED_EDGE('',*,*,#3883,.T.);
#7008=ORIENTED_EDGE('',*,*,#4851,.T.);
#7009=ORIENTED_EDGE('',*,*,#4851,.F.);
#7010=ORIENTED_EDGE('',*,*,#3894,.F.);
#7011=ORIENTED_EDGE('',*,*,#4852,.T.);
#7012=ORIENTED_EDGE('',*,*,#4853,.T.);
#7013=ORIENTED_EDGE('',*,*,#4854,.F.);
#7014=ORIENTED_EDGE('',*,*,#4855,.T.);
#7015=ORIENTED_EDGE('',*,*,#3891,.T.);
#7016=ORIENTED_EDGE('',*,*,#4856,.T.);
#7017=ORIENTED_EDGE('',*,*,#4856,.F.);
#7018=ORIENTED_EDGE('',*,*,#3890,.F.);
#7019=ORIENTED_EDGE('',*,*,#4857,.F.);
#7020=ORIENTED_EDGE('',*,*,#4858,.T.);
#7021=ORIENTED_EDGE('',*,*,#4859,.F.);
#7022=ORIENTED_EDGE('',*,*,#4857,.T.);
#7023=ORIENTED_EDGE('',*,*,#3889,.T.);
#7024=ORIENTED_EDGE('',*,*,#4860,.T.);
#7025=ORIENTED_EDGE('',*,*,#4860,.F.);
#7026=ORIENTED_EDGE('',*,*,#3888,.F.);
#7027=ORIENTED_EDGE('',*,*,#4861,.T.);
#7028=ORIENTED_EDGE('',*,*,#4862,.T.);
#7029=ORIENTED_EDGE('',*,*,#4863,.F.);
#7030=ORIENTED_EDGE('',*,*,#4864,.T.);
#7031=ORIENTED_EDGE('',*,*,#3885,.T.);
#7032=ORIENTED_EDGE('',*,*,#4865,.T.);
#7033=ORIENTED_EDGE('',*,*,#4850,.F.);
#7034=ORIENTED_EDGE('',*,*,#4866,.T.);
#7035=ORIENTED_EDGE('',*,*,#4865,.F.);
#7036=ORIENTED_EDGE('',*,*,#3884,.F.);
#7037=ORIENTED_EDGE('',*,*,#4855,.F.);
#7038=ORIENTED_EDGE('',*,*,#4867,.T.);
#7039=ORIENTED_EDGE('',*,*,#4868,.F.);
#7040=ORIENTED_EDGE('',*,*,#3892,.F.);
#7041=ORIENTED_EDGE('',*,*,#3887,.F.);
#7042=ORIENTED_EDGE('',*,*,#4869,.T.);
#7043=ORIENTED_EDGE('',*,*,#4870,.T.);
#7044=ORIENTED_EDGE('',*,*,#4861,.F.);
#7045=ORIENTED_EDGE('',*,*,#4864,.F.);
#7046=ORIENTED_EDGE('',*,*,#4871,.T.);
#7047=ORIENTED_EDGE('',*,*,#4869,.F.);
#7048=ORIENTED_EDGE('',*,*,#3886,.F.);
#7049=ORIENTED_EDGE('',*,*,#3893,.F.);
#7050=ORIENTED_EDGE('',*,*,#4868,.T.);
#7051=ORIENTED_EDGE('',*,*,#4872,.T.);
#7052=ORIENTED_EDGE('',*,*,#4852,.F.);
#7053=ORIENTED_EDGE('',*,*,#4849,.T.);
#7054=ORIENTED_EDGE('',*,*,#4853,.F.);
#7055=ORIENTED_EDGE('',*,*,#4872,.F.);
#7056=ORIENTED_EDGE('',*,*,#4867,.F.);
#7057=ORIENTED_EDGE('',*,*,#4854,.T.);
#7058=ORIENTED_EDGE('',*,*,#4858,.F.);
#7059=ORIENTED_EDGE('',*,*,#4859,.T.);
#7060=ORIENTED_EDGE('',*,*,#4862,.F.);
#7061=ORIENTED_EDGE('',*,*,#4870,.F.);
#7062=ORIENTED_EDGE('',*,*,#4871,.F.);
#7063=ORIENTED_EDGE('',*,*,#4863,.T.);
#7064=ORIENTED_EDGE('',*,*,#4866,.F.);
#7065=ORIENTED_EDGE('',*,*,#4873,.F.);
#7066=ORIENTED_EDGE('',*,*,#4874,.T.);
#7067=ORIENTED_EDGE('',*,*,#3871,.T.);
#7068=ORIENTED_EDGE('',*,*,#4875,.T.);
#7069=ORIENTED_EDGE('',*,*,#4875,.F.);
#7070=ORIENTED_EDGE('',*,*,#3882,.F.);
#7071=ORIENTED_EDGE('',*,*,#4876,.T.);
#7072=ORIENTED_EDGE('',*,*,#4877,.T.);
#7073=ORIENTED_EDGE('',*,*,#4878,.F.);
#7074=ORIENTED_EDGE('',*,*,#4879,.T.);
#7075=ORIENTED_EDGE('',*,*,#3879,.T.);
#7076=ORIENTED_EDGE('',*,*,#4880,.T.);
#7077=ORIENTED_EDGE('',*,*,#4880,.F.);
#7078=ORIENTED_EDGE('',*,*,#3878,.F.);
#7079=ORIENTED_EDGE('',*,*,#4881,.F.);
#7080=ORIENTED_EDGE('',*,*,#4882,.T.);
#7081=ORIENTED_EDGE('',*,*,#4883,.F.);
#7082=ORIENTED_EDGE('',*,*,#4881,.T.);
#7083=ORIENTED_EDGE('',*,*,#3877,.T.);
#7084=ORIENTED_EDGE('',*,*,#4884,.T.);
#7085=ORIENTED_EDGE('',*,*,#4884,.F.);
#7086=ORIENTED_EDGE('',*,*,#3876,.F.);
#7087=ORIENTED_EDGE('',*,*,#4885,.T.);
#7088=ORIENTED_EDGE('',*,*,#4886,.T.);
#7089=ORIENTED_EDGE('',*,*,#4887,.F.);
#7090=ORIENTED_EDGE('',*,*,#4888,.T.);
#7091=ORIENTED_EDGE('',*,*,#3873,.T.);
#7092=ORIENTED_EDGE('',*,*,#4889,.T.);
#7093=ORIENTED_EDGE('',*,*,#4874,.F.);
#7094=ORIENTED_EDGE('',*,*,#4890,.T.);
#7095=ORIENTED_EDGE('',*,*,#4889,.F.);
#7096=ORIENTED_EDGE('',*,*,#3872,.F.);
#7097=ORIENTED_EDGE('',*,*,#4879,.F.);
#7098=ORIENTED_EDGE('',*,*,#4891,.T.);
#7099=ORIENTED_EDGE('',*,*,#4892,.F.);
#7100=ORIENTED_EDGE('',*,*,#3880,.F.);
#7101=ORIENTED_EDGE('',*,*,#3875,.F.);
#7102=ORIENTED_EDGE('',*,*,#4893,.T.);
#7103=ORIENTED_EDGE('',*,*,#4894,.T.);
#7104=ORIENTED_EDGE('',*,*,#4885,.F.);
#7105=ORIENTED_EDGE('',*,*,#4888,.F.);
#7106=ORIENTED_EDGE('',*,*,#4895,.T.);
#7107=ORIENTED_EDGE('',*,*,#4893,.F.);
#7108=ORIENTED_EDGE('',*,*,#3874,.F.);
#7109=ORIENTED_EDGE('',*,*,#3881,.F.);
#7110=ORIENTED_EDGE('',*,*,#4892,.T.);
#7111=ORIENTED_EDGE('',*,*,#4896,.T.);
#7112=ORIENTED_EDGE('',*,*,#4876,.F.);
#7113=ORIENTED_EDGE('',*,*,#4873,.T.);
#7114=ORIENTED_EDGE('',*,*,#4877,.F.);
#7115=ORIENTED_EDGE('',*,*,#4896,.F.);
#7116=ORIENTED_EDGE('',*,*,#4891,.F.);
#7117=ORIENTED_EDGE('',*,*,#4878,.T.);
#7118=ORIENTED_EDGE('',*,*,#4882,.F.);
#7119=ORIENTED_EDGE('',*,*,#4883,.T.);
#7120=ORIENTED_EDGE('',*,*,#4886,.F.);
#7121=ORIENTED_EDGE('',*,*,#4894,.F.);
#7122=ORIENTED_EDGE('',*,*,#4895,.F.);
#7123=ORIENTED_EDGE('',*,*,#4887,.T.);
#7124=ORIENTED_EDGE('',*,*,#4890,.F.);
#7125=ORIENTED_EDGE('',*,*,#4897,.F.);
#7126=ORIENTED_EDGE('',*,*,#4898,.T.);
#7127=ORIENTED_EDGE('',*,*,#3859,.T.);
#7128=ORIENTED_EDGE('',*,*,#4899,.T.);
#7129=ORIENTED_EDGE('',*,*,#4899,.F.);
#7130=ORIENTED_EDGE('',*,*,#3870,.F.);
#7131=ORIENTED_EDGE('',*,*,#4900,.T.);
#7132=ORIENTED_EDGE('',*,*,#4901,.T.);
#7133=ORIENTED_EDGE('',*,*,#4902,.F.);
#7134=ORIENTED_EDGE('',*,*,#4903,.T.);
#7135=ORIENTED_EDGE('',*,*,#3867,.T.);
#7136=ORIENTED_EDGE('',*,*,#4904,.T.);
#7137=ORIENTED_EDGE('',*,*,#4904,.F.);
#7138=ORIENTED_EDGE('',*,*,#3866,.F.);
#7139=ORIENTED_EDGE('',*,*,#4905,.F.);
#7140=ORIENTED_EDGE('',*,*,#4906,.T.);
#7141=ORIENTED_EDGE('',*,*,#4907,.F.);
#7142=ORIENTED_EDGE('',*,*,#4905,.T.);
#7143=ORIENTED_EDGE('',*,*,#3865,.T.);
#7144=ORIENTED_EDGE('',*,*,#4908,.T.);
#7145=ORIENTED_EDGE('',*,*,#4908,.F.);
#7146=ORIENTED_EDGE('',*,*,#3864,.F.);
#7147=ORIENTED_EDGE('',*,*,#4909,.T.);
#7148=ORIENTED_EDGE('',*,*,#4910,.T.);
#7149=ORIENTED_EDGE('',*,*,#4911,.F.);
#7150=ORIENTED_EDGE('',*,*,#4912,.T.);
#7151=ORIENTED_EDGE('',*,*,#3861,.T.);
#7152=ORIENTED_EDGE('',*,*,#4913,.T.);
#7153=ORIENTED_EDGE('',*,*,#4898,.F.);
#7154=ORIENTED_EDGE('',*,*,#4914,.T.);
#7155=ORIENTED_EDGE('',*,*,#4913,.F.);
#7156=ORIENTED_EDGE('',*,*,#3860,.F.);
#7157=ORIENTED_EDGE('',*,*,#4903,.F.);
#7158=ORIENTED_EDGE('',*,*,#4915,.T.);
#7159=ORIENTED_EDGE('',*,*,#4916,.F.);
#7160=ORIENTED_EDGE('',*,*,#3868,.F.);
#7161=ORIENTED_EDGE('',*,*,#3863,.F.);
#7162=ORIENTED_EDGE('',*,*,#4917,.T.);
#7163=ORIENTED_EDGE('',*,*,#4918,.T.);
#7164=ORIENTED_EDGE('',*,*,#4909,.F.);
#7165=ORIENTED_EDGE('',*,*,#4912,.F.);
#7166=ORIENTED_EDGE('',*,*,#4919,.T.);
#7167=ORIENTED_EDGE('',*,*,#4917,.F.);
#7168=ORIENTED_EDGE('',*,*,#3862,.F.);
#7169=ORIENTED_EDGE('',*,*,#3869,.F.);
#7170=ORIENTED_EDGE('',*,*,#4916,.T.);
#7171=ORIENTED_EDGE('',*,*,#4920,.T.);
#7172=ORIENTED_EDGE('',*,*,#4900,.F.);
#7173=ORIENTED_EDGE('',*,*,#4897,.T.);
#7174=ORIENTED_EDGE('',*,*,#4901,.F.);
#7175=ORIENTED_EDGE('',*,*,#4920,.F.);
#7176=ORIENTED_EDGE('',*,*,#4915,.F.);
#7177=ORIENTED_EDGE('',*,*,#4902,.T.);
#7178=ORIENTED_EDGE('',*,*,#4906,.F.);
#7179=ORIENTED_EDGE('',*,*,#4907,.T.);
#7180=ORIENTED_EDGE('',*,*,#4910,.F.);
#7181=ORIENTED_EDGE('',*,*,#4918,.F.);
#7182=ORIENTED_EDGE('',*,*,#4919,.F.);
#7183=ORIENTED_EDGE('',*,*,#4911,.T.);
#7184=ORIENTED_EDGE('',*,*,#4914,.F.);
#7185=ORIENTED_EDGE('',*,*,#4921,.F.);
#7186=ORIENTED_EDGE('',*,*,#4922,.T.);
#7187=ORIENTED_EDGE('',*,*,#3847,.T.);
#7188=ORIENTED_EDGE('',*,*,#4923,.T.);
#7189=ORIENTED_EDGE('',*,*,#4923,.F.);
#7190=ORIENTED_EDGE('',*,*,#3858,.F.);
#7191=ORIENTED_EDGE('',*,*,#4924,.T.);
#7192=ORIENTED_EDGE('',*,*,#4925,.T.);
#7193=ORIENTED_EDGE('',*,*,#4926,.F.);
#7194=ORIENTED_EDGE('',*,*,#4927,.T.);
#7195=ORIENTED_EDGE('',*,*,#3855,.T.);
#7196=ORIENTED_EDGE('',*,*,#4928,.T.);
#7197=ORIENTED_EDGE('',*,*,#4928,.F.);
#7198=ORIENTED_EDGE('',*,*,#3854,.F.);
#7199=ORIENTED_EDGE('',*,*,#4929,.F.);
#7200=ORIENTED_EDGE('',*,*,#4930,.T.);
#7201=ORIENTED_EDGE('',*,*,#4931,.F.);
#7202=ORIENTED_EDGE('',*,*,#4929,.T.);
#7203=ORIENTED_EDGE('',*,*,#3853,.T.);
#7204=ORIENTED_EDGE('',*,*,#4932,.T.);
#7205=ORIENTED_EDGE('',*,*,#4932,.F.);
#7206=ORIENTED_EDGE('',*,*,#3852,.F.);
#7207=ORIENTED_EDGE('',*,*,#4933,.T.);
#7208=ORIENTED_EDGE('',*,*,#4934,.T.);
#7209=ORIENTED_EDGE('',*,*,#4935,.F.);
#7210=ORIENTED_EDGE('',*,*,#4936,.T.);
#7211=ORIENTED_EDGE('',*,*,#3849,.T.);
#7212=ORIENTED_EDGE('',*,*,#4937,.T.);
#7213=ORIENTED_EDGE('',*,*,#4922,.F.);
#7214=ORIENTED_EDGE('',*,*,#4938,.T.);
#7215=ORIENTED_EDGE('',*,*,#4937,.F.);
#7216=ORIENTED_EDGE('',*,*,#3848,.F.);
#7217=ORIENTED_EDGE('',*,*,#4927,.F.);
#7218=ORIENTED_EDGE('',*,*,#4939,.T.);
#7219=ORIENTED_EDGE('',*,*,#4940,.F.);
#7220=ORIENTED_EDGE('',*,*,#3856,.F.);
#7221=ORIENTED_EDGE('',*,*,#3851,.F.);
#7222=ORIENTED_EDGE('',*,*,#4941,.T.);
#7223=ORIENTED_EDGE('',*,*,#4942,.T.);
#7224=ORIENTED_EDGE('',*,*,#4933,.F.);
#7225=ORIENTED_EDGE('',*,*,#4936,.F.);
#7226=ORIENTED_EDGE('',*,*,#4943,.T.);
#7227=ORIENTED_EDGE('',*,*,#4941,.F.);
#7228=ORIENTED_EDGE('',*,*,#3850,.F.);
#7229=ORIENTED_EDGE('',*,*,#3857,.F.);
#7230=ORIENTED_EDGE('',*,*,#4940,.T.);
#7231=ORIENTED_EDGE('',*,*,#4944,.T.);
#7232=ORIENTED_EDGE('',*,*,#4924,.F.);
#7233=ORIENTED_EDGE('',*,*,#4921,.T.);
#7234=ORIENTED_EDGE('',*,*,#4925,.F.);
#7235=ORIENTED_EDGE('',*,*,#4944,.F.);
#7236=ORIENTED_EDGE('',*,*,#4939,.F.);
#7237=ORIENTED_EDGE('',*,*,#4926,.T.);
#7238=ORIENTED_EDGE('',*,*,#4930,.F.);
#7239=ORIENTED_EDGE('',*,*,#4931,.T.);
#7240=ORIENTED_EDGE('',*,*,#4934,.F.);
#7241=ORIENTED_EDGE('',*,*,#4942,.F.);
#7242=ORIENTED_EDGE('',*,*,#4943,.F.);
#7243=ORIENTED_EDGE('',*,*,#4935,.T.);
#7244=ORIENTED_EDGE('',*,*,#4938,.F.);
#7245=PLANE('',#7883);
#7246=PLANE('',#7886);
#7247=PLANE('',#7889);
#7248=PLANE('',#7892);
#7249=PLANE('',#7895);
#7250=PLANE('',#7898);
#7251=PLANE('',#7912);
#7252=PLANE('',#7926);
#7253=PLANE('',#7929);
#7254=PLANE('',#7930);
#7255=PLANE('',#8058);
#7256=PLANE('',#8059);
#7257=PLANE('',#8189);
#7258=PLANE('',#8196);
#7259=PLANE('',#8201);
#7260=PLANE('',#8204);
#7261=PLANE('',#8207);
#7262=PLANE('',#8210);
#7263=PLANE('',#8213);
#7264=PLANE('',#8216);
#7265=PLANE('',#8219);
#7266=PLANE('',#8222);
#7267=PLANE('',#8225);
#7268=PLANE('',#8228);
#7269=PLANE('',#8231);
#7270=PLANE('',#8234);
#7271=PLANE('',#8237);
#7272=PLANE('',#8240);
#7273=PLANE('',#8243);
#7274=PLANE('',#8246);
#7275=PLANE('',#8249);
#7276=PLANE('',#8252);
#7277=PLANE('',#8255);
#7278=PLANE('',#8258);
#7279=PLANE('',#8261);
#7280=PLANE('',#8264);
#7281=PLANE('',#8267);
#7282=PLANE('',#8270);
#7283=PLANE('',#8273);
#7284=PLANE('',#8276);
#7285=PLANE('',#8279);
#7286=PLANE('',#8282);
#7287=PLANE('',#8285);
#7288=PLANE('',#8288);
#7289=PLANE('',#8291);
#7290=PLANE('',#8294);
#7291=PLANE('',#8297);
#7292=PLANE('',#8300);
#7293=PLANE('',#8307);
#7294=PLANE('',#8312);
#7295=PLANE('',#8315);
#7296=PLANE('',#8318);
#7297=PLANE('',#8321);
#7298=PLANE('',#8328);
#7299=PLANE('',#8333);
#7300=PLANE('',#8336);
#7301=PLANE('',#8339);
#7302=PLANE('',#8342);
#7303=PLANE('',#8349);
#7304=PLANE('',#8354);
#7305=PLANE('',#8357);
#7306=PLANE('',#8360);
#7307=PLANE('',#8363);
#7308=PLANE('',#8370);
#7309=PLANE('',#8375);
#7310=PLANE('',#8378);
#7311=PLANE('',#8381);
#7312=PLANE('',#8384);
#7313=PLANE('',#8391);
#7314=PLANE('',#8396);
#7315=PLANE('',#8399);
#7316=PLANE('',#8402);
#7317=PLANE('',#8405);
#7318=PLANE('',#8412);
#7319=PLANE('',#8417);
#7320=PLANE('',#8420);
#7321=PLANE('',#8423);
#7322=PLANE('',#8426);
#7323=PLANE('',#8433);
#7324=PLANE('',#8438);
#7325=PLANE('',#8441);
#7326=PLANE('',#8444);
#7327=PLANE('',#8447);
#7328=PLANE('',#8454);
#7329=PLANE('',#8459);
#7330=PLANE('',#8462);
#7331=PLANE('',#8465);
#7332=PLANE('',#8468);
#7333=PLANE('',#8475);
#7334=PLANE('',#8480);
#7335=PLANE('',#8483);
#7336=PLANE('',#8486);
#7337=PLANE('',#8489);
#7338=PLANE('',#8496);
#7339=PLANE('',#8501);
#7340=PLANE('',#8504);
#7341=PLANE('',#8507);
#7342=PLANE('',#8510);
#7343=PLANE('',#8517);
#7344=PLANE('',#8522);
#7345=PLANE('',#8525);
#7346=PLANE('',#8528);
#7347=PLANE('',#8531);
#7348=PLANE('',#8538);
#7349=PLANE('',#8543);
#7350=PLANE('',#8546);
#7351=PLANE('',#8549);
#7352=PLANE('',#8552);
#7353=PLANE('',#8559);
#7354=PLANE('',#8564);
#7355=PLANE('',#8567);
#7356=PLANE('',#8570);
#7357=PLANE('',#8573);
#7358=PLANE('',#8580);
#7359=PLANE('',#8585);
#7360=PLANE('',#8588);
#7361=PLANE('',#8591);
#7362=PLANE('',#8594);
#7363=PLANE('',#8601);
#7364=PLANE('',#8606);
#7365=PLANE('',#8609);
#7366=PLANE('',#8612);
#7367=PLANE('',#8615);
#7368=PLANE('',#8622);
#7369=PLANE('',#8627);
#7370=PLANE('',#8630);
#7371=PLANE('',#8633);
#7372=PLANE('',#8636);
#7373=PLANE('',#8643);
#7374=PLANE('',#8648);
#7375=PLANE('',#8651);
#7376=PLANE('',#8654);
#7377=PLANE('',#8657);
#7378=PLANE('',#8664);
#7379=PLANE('',#8669);
#7380=PLANE('',#8672);
#7381=PLANE('',#8675);
#7382=PLANE('',#8678);
#7383=PLANE('',#8685);
#7384=PLANE('',#8690);
#7385=PLANE('',#8693);
#7386=PLANE('',#8696);
#7387=PLANE('',#8699);
#7388=PLANE('',#8706);
#7389=PLANE('',#8711);
#7390=PLANE('',#8714);
#7391=PLANE('',#8717);
#7392=PLANE('',#8720);
#7393=PLANE('',#8727);
#7394=PLANE('',#8732);
#7395=PLANE('',#8735);
#7396=PLANE('',#8738);
#7397=PLANE('',#8741);
#7398=PLANE('',#8748);
#7399=PLANE('',#8753);
#7400=PLANE('',#8756);
#7401=PLANE('',#8759);
#7402=PLANE('',#8762);
#7403=PLANE('',#8769);
#7404=PLANE('',#8774);
#7405=PLANE('',#8777);
#7406=PLANE('',#8780);
#7407=PLANE('',#8783);
#7408=PLANE('',#8790);
#7409=PLANE('',#8795);
#7410=PLANE('',#8798);
#7411=PLANE('',#8801);
#7412=PLANE('',#8804);
#7413=PLANE('',#8811);
#7414=PLANE('',#8816);
#7415=PLANE('',#8819);
#7416=PLANE('',#8822);
#7417=PLANE('',#8825);
#7418=PLANE('',#8832);
#7419=PLANE('',#8837);
#7420=PLANE('',#8840);
#7421=PLANE('',#8843);
#7422=PLANE('',#8846);
#7423=PLANE('',#8853);
#7424=PLANE('',#8858);
#7425=PLANE('',#8861);
#7426=PLANE('',#8864);
#7427=ADVANCED_FACE('',(#341),#7245,.T.);
#7428=ADVANCED_FACE('',(#342),#7246,.F.);
#7429=ADVANCED_FACE('',(#343),#7247,.T.);
#7430=ADVANCED_FACE('',(#344),#7248,.T.);
#7431=ADVANCED_FACE('',(#345),#7249,.F.);
#7432=ADVANCED_FACE('',(#346),#7250,.T.);
#7433=ADVANCED_FACE('',(#347),#337,.F.);
#7434=ADVANCED_FACE('',(#348),#327,.F.);
#7435=ADVANCED_FACE('',(#349),#7251,.F.);
#7436=ADVANCED_FACE('',(#350),#338,.T.);
#7437=ADVANCED_FACE('',(#351),#328,.T.);
#7438=ADVANCED_FACE('',(#352),#339,.T.);
#7439=ADVANCED_FACE('',(#353),#7252,.F.);
#7440=ADVANCED_FACE('',(#354),#340,.F.);
#7441=ADVANCED_FACE('',(#355),#7253,.F.);
#7442=ADVANCED_FACE('',(#356,#269,#270,#271,#272,#273,#274,#275,#276,#277,
#278,#279,#280,#281,#282,#283,#284,#285,#286,#287,#288,#289,#290,#291,#292,
#293,#294,#295,#296,#297),#7254,.T.);
#7443=ADVANCED_FACE('',(#357),#7255,.F.);
#7444=ADVANCED_FACE('',(#358,#298,#299,#300,#301,#302,#303,#304,#305,#306,
#307,#308,#309,#310,#311,#312,#313,#314,#315,#316,#317,#318,#319,#320,#321,
#322,#323,#324,#325,#326),#7256,.T.);
#7445=ADVANCED_FACE('',(#359),#15,.F.);
#7446=ADVANCED_FACE('',(#360),#7257,.F.);
#7447=ADVANCED_FACE('',(#361),#16,.F.);
#7448=ADVANCED_FACE('',(#362),#17,.F.);
#7449=ADVANCED_FACE('',(#363),#18,.F.);
#7450=ADVANCED_FACE('',(#364),#7258,.F.);
#7451=ADVANCED_FACE('',(#365),#19,.F.);
#7452=ADVANCED_FACE('',(#366),#20,.T.);
#7453=ADVANCED_FACE('',(#367),#7259,.F.);
#7454=ADVANCED_FACE('',(#368),#21,.T.);
#7455=ADVANCED_FACE('',(#369),#7260,.F.);
#7456=ADVANCED_FACE('',(#370),#22,.T.);
#7457=ADVANCED_FACE('',(#371),#7261,.T.);
#7458=ADVANCED_FACE('',(#372),#23,.F.);
#7459=ADVANCED_FACE('',(#373),#7262,.T.);
#7460=ADVANCED_FACE('',(#374),#24,.F.);
#7461=ADVANCED_FACE('',(#375),#7263,.T.);
#7462=ADVANCED_FACE('',(#376),#25,.F.);
#7463=ADVANCED_FACE('',(#377),#7264,.T.);
#7464=ADVANCED_FACE('',(#378),#26,.F.);
#7465=ADVANCED_FACE('',(#379),#7265,.T.);
#7466=ADVANCED_FACE('',(#380),#27,.F.);
#7467=ADVANCED_FACE('',(#381),#7266,.T.);
#7468=ADVANCED_FACE('',(#382),#28,.F.);
#7469=ADVANCED_FACE('',(#383),#7267,.T.);
#7470=ADVANCED_FACE('',(#384),#29,.F.);
#7471=ADVANCED_FACE('',(#385),#7268,.T.);
#7472=ADVANCED_FACE('',(#386),#30,.F.);
#7473=ADVANCED_FACE('',(#387),#7269,.T.);
#7474=ADVANCED_FACE('',(#388),#31,.F.);
#7475=ADVANCED_FACE('',(#389),#7270,.T.);
#7476=ADVANCED_FACE('',(#390),#32,.F.);
#7477=ADVANCED_FACE('',(#391),#7271,.T.);
#7478=ADVANCED_FACE('',(#392),#33,.F.);
#7479=ADVANCED_FACE('',(#393),#7272,.T.);
#7480=ADVANCED_FACE('',(#394),#34,.F.);
#7481=ADVANCED_FACE('',(#395),#7273,.T.);
#7482=ADVANCED_FACE('',(#396),#35,.F.);
#7483=ADVANCED_FACE('',(#397),#7274,.T.);
#7484=ADVANCED_FACE('',(#398),#36,.F.);
#7485=ADVANCED_FACE('',(#399),#7275,.T.);
#7486=ADVANCED_FACE('',(#400),#37,.F.);
#7487=ADVANCED_FACE('',(#401),#7276,.T.);
#7488=ADVANCED_FACE('',(#402),#38,.F.);
#7489=ADVANCED_FACE('',(#403),#7277,.T.);
#7490=ADVANCED_FACE('',(#404),#39,.F.);
#7491=ADVANCED_FACE('',(#405),#7278,.T.);
#7492=ADVANCED_FACE('',(#406),#40,.F.);
#7493=ADVANCED_FACE('',(#407),#7279,.T.);
#7494=ADVANCED_FACE('',(#408),#41,.F.);
#7495=ADVANCED_FACE('',(#409),#7280,.T.);
#7496=ADVANCED_FACE('',(#410),#42,.F.);
#7497=ADVANCED_FACE('',(#411),#7281,.T.);
#7498=ADVANCED_FACE('',(#412),#43,.F.);
#7499=ADVANCED_FACE('',(#413),#7282,.T.);
#7500=ADVANCED_FACE('',(#414),#44,.F.);
#7501=ADVANCED_FACE('',(#415),#7283,.T.);
#7502=ADVANCED_FACE('',(#416),#45,.F.);
#7503=ADVANCED_FACE('',(#417),#7284,.T.);
#7504=ADVANCED_FACE('',(#418),#46,.F.);
#7505=ADVANCED_FACE('',(#419),#7285,.T.);
#7506=ADVANCED_FACE('',(#420),#47,.F.);
#7507=ADVANCED_FACE('',(#421),#7286,.T.);
#7508=ADVANCED_FACE('',(#422),#48,.F.);
#7509=ADVANCED_FACE('',(#423),#7287,.T.);
#7510=ADVANCED_FACE('',(#424),#49,.F.);
#7511=ADVANCED_FACE('',(#425),#7288,.T.);
#7512=ADVANCED_FACE('',(#426),#50,.F.);
#7513=ADVANCED_FACE('',(#427),#7289,.T.);
#7514=ADVANCED_FACE('',(#428),#51,.F.);
#7515=ADVANCED_FACE('',(#429),#7290,.T.);
#7516=ADVANCED_FACE('',(#430),#52,.F.);
#7517=ADVANCED_FACE('',(#431),#7291,.T.);
#7518=ADVANCED_FACE('',(#432),#53,.F.);
#7519=ADVANCED_FACE('',(#433),#7292,.F.);
#7520=ADVANCED_FACE('',(#434),#54,.F.);
#7521=ADVANCED_FACE('',(#435),#55,.F.);
#7522=ADVANCED_FACE('',(#436),#56,.F.);
#7523=ADVANCED_FACE('',(#437),#7293,.F.);
#7524=ADVANCED_FACE('',(#438),#57,.F.);
#7525=ADVANCED_FACE('',(#439),#58,.T.);
#7526=ADVANCED_FACE('',(#440),#7294,.F.);
#7527=ADVANCED_FACE('',(#441),#59,.T.);
#7528=ADVANCED_FACE('',(#442),#7295,.F.);
#7529=ADVANCED_FACE('',(#443),#60,.T.);
#7530=ADVANCED_FACE('',(#444),#7296,.T.);
#7531=ADVANCED_FACE('',(#445),#61,.F.);
#7532=ADVANCED_FACE('',(#446),#7297,.F.);
#7533=ADVANCED_FACE('',(#447),#62,.F.);
#7534=ADVANCED_FACE('',(#448),#63,.F.);
#7535=ADVANCED_FACE('',(#449),#64,.F.);
#7536=ADVANCED_FACE('',(#450),#7298,.F.);
#7537=ADVANCED_FACE('',(#451),#65,.F.);
#7538=ADVANCED_FACE('',(#452),#66,.T.);
#7539=ADVANCED_FACE('',(#453),#7299,.F.);
#7540=ADVANCED_FACE('',(#454),#67,.T.);
#7541=ADVANCED_FACE('',(#455),#7300,.F.);
#7542=ADVANCED_FACE('',(#456),#68,.T.);
#7543=ADVANCED_FACE('',(#457),#7301,.T.);
#7544=ADVANCED_FACE('',(#458),#69,.F.);
#7545=ADVANCED_FACE('',(#459),#7302,.F.);
#7546=ADVANCED_FACE('',(#460),#70,.F.);
#7547=ADVANCED_FACE('',(#461),#71,.F.);
#7548=ADVANCED_FACE('',(#462),#72,.F.);
#7549=ADVANCED_FACE('',(#463),#7303,.F.);
#7550=ADVANCED_FACE('',(#464),#73,.F.);
#7551=ADVANCED_FACE('',(#465),#74,.T.);
#7552=ADVANCED_FACE('',(#466),#7304,.F.);
#7553=ADVANCED_FACE('',(#467),#75,.T.);
#7554=ADVANCED_FACE('',(#468),#7305,.F.);
#7555=ADVANCED_FACE('',(#469),#76,.T.);
#7556=ADVANCED_FACE('',(#470),#7306,.T.);
#7557=ADVANCED_FACE('',(#471),#77,.F.);
#7558=ADVANCED_FACE('',(#472),#7307,.F.);
#7559=ADVANCED_FACE('',(#473),#78,.F.);
#7560=ADVANCED_FACE('',(#474),#79,.F.);
#7561=ADVANCED_FACE('',(#475),#80,.F.);
#7562=ADVANCED_FACE('',(#476),#7308,.F.);
#7563=ADVANCED_FACE('',(#477),#81,.F.);
#7564=ADVANCED_FACE('',(#478),#82,.T.);
#7565=ADVANCED_FACE('',(#479),#7309,.F.);
#7566=ADVANCED_FACE('',(#480),#83,.T.);
#7567=ADVANCED_FACE('',(#481),#7310,.F.);
#7568=ADVANCED_FACE('',(#482),#84,.T.);
#7569=ADVANCED_FACE('',(#483),#7311,.T.);
#7570=ADVANCED_FACE('',(#484),#85,.F.);
#7571=ADVANCED_FACE('',(#485),#7312,.F.);
#7572=ADVANCED_FACE('',(#486),#86,.F.);
#7573=ADVANCED_FACE('',(#487),#87,.F.);
#7574=ADVANCED_FACE('',(#488),#88,.F.);
#7575=ADVANCED_FACE('',(#489),#7313,.F.);
#7576=ADVANCED_FACE('',(#490),#89,.F.);
#7577=ADVANCED_FACE('',(#491),#90,.T.);
#7578=ADVANCED_FACE('',(#492),#7314,.F.);
#7579=ADVANCED_FACE('',(#493),#91,.T.);
#7580=ADVANCED_FACE('',(#494),#7315,.F.);
#7581=ADVANCED_FACE('',(#495),#92,.T.);
#7582=ADVANCED_FACE('',(#496),#7316,.T.);
#7583=ADVANCED_FACE('',(#497),#93,.F.);
#7584=ADVANCED_FACE('',(#498),#7317,.F.);
#7585=ADVANCED_FACE('',(#499),#94,.F.);
#7586=ADVANCED_FACE('',(#500),#95,.F.);
#7587=ADVANCED_FACE('',(#501),#96,.F.);
#7588=ADVANCED_FACE('',(#502),#7318,.F.);
#7589=ADVANCED_FACE('',(#503),#97,.F.);
#7590=ADVANCED_FACE('',(#504),#98,.T.);
#7591=ADVANCED_FACE('',(#505),#7319,.F.);
#7592=ADVANCED_FACE('',(#506),#99,.T.);
#7593=ADVANCED_FACE('',(#507),#7320,.F.);
#7594=ADVANCED_FACE('',(#508),#100,.T.);
#7595=ADVANCED_FACE('',(#509),#7321,.T.);
#7596=ADVANCED_FACE('',(#510),#101,.F.);
#7597=ADVANCED_FACE('',(#511),#7322,.F.);
#7598=ADVANCED_FACE('',(#512),#102,.F.);
#7599=ADVANCED_FACE('',(#513),#103,.F.);
#7600=ADVANCED_FACE('',(#514),#104,.F.);
#7601=ADVANCED_FACE('',(#515),#7323,.F.);
#7602=ADVANCED_FACE('',(#516),#105,.F.);
#7603=ADVANCED_FACE('',(#517),#106,.T.);
#7604=ADVANCED_FACE('',(#518),#7324,.F.);
#7605=ADVANCED_FACE('',(#519),#107,.T.);
#7606=ADVANCED_FACE('',(#520),#7325,.F.);
#7607=ADVANCED_FACE('',(#521),#108,.T.);
#7608=ADVANCED_FACE('',(#522),#7326,.T.);
#7609=ADVANCED_FACE('',(#523),#109,.F.);
#7610=ADVANCED_FACE('',(#524),#7327,.F.);
#7611=ADVANCED_FACE('',(#525),#110,.F.);
#7612=ADVANCED_FACE('',(#526),#111,.F.);
#7613=ADVANCED_FACE('',(#527),#112,.F.);
#7614=ADVANCED_FACE('',(#528),#7328,.F.);
#7615=ADVANCED_FACE('',(#529),#113,.F.);
#7616=ADVANCED_FACE('',(#530),#114,.T.);
#7617=ADVANCED_FACE('',(#531),#7329,.F.);
#7618=ADVANCED_FACE('',(#532),#115,.T.);
#7619=ADVANCED_FACE('',(#533),#7330,.F.);
#7620=ADVANCED_FACE('',(#534),#116,.T.);
#7621=ADVANCED_FACE('',(#535),#7331,.T.);
#7622=ADVANCED_FACE('',(#536),#117,.F.);
#7623=ADVANCED_FACE('',(#537),#7332,.F.);
#7624=ADVANCED_FACE('',(#538),#118,.F.);
#7625=ADVANCED_FACE('',(#539),#119,.F.);
#7626=ADVANCED_FACE('',(#540),#120,.F.);
#7627=ADVANCED_FACE('',(#541),#7333,.F.);
#7628=ADVANCED_FACE('',(#542),#121,.F.);
#7629=ADVANCED_FACE('',(#543),#122,.T.);
#7630=ADVANCED_FACE('',(#544),#7334,.F.);
#7631=ADVANCED_FACE('',(#545),#123,.T.);
#7632=ADVANCED_FACE('',(#546),#7335,.F.);
#7633=ADVANCED_FACE('',(#547),#124,.T.);
#7634=ADVANCED_FACE('',(#548),#7336,.T.);
#7635=ADVANCED_FACE('',(#549),#125,.F.);
#7636=ADVANCED_FACE('',(#550),#7337,.F.);
#7637=ADVANCED_FACE('',(#551),#126,.F.);
#7638=ADVANCED_FACE('',(#552),#127,.F.);
#7639=ADVANCED_FACE('',(#553),#128,.F.);
#7640=ADVANCED_FACE('',(#554),#7338,.F.);
#7641=ADVANCED_FACE('',(#555),#129,.F.);
#7642=ADVANCED_FACE('',(#556),#130,.T.);
#7643=ADVANCED_FACE('',(#557),#7339,.F.);
#7644=ADVANCED_FACE('',(#558),#131,.T.);
#7645=ADVANCED_FACE('',(#559),#7340,.F.);
#7646=ADVANCED_FACE('',(#560),#132,.T.);
#7647=ADVANCED_FACE('',(#561),#7341,.T.);
#7648=ADVANCED_FACE('',(#562),#133,.F.);
#7649=ADVANCED_FACE('',(#563),#7342,.F.);
#7650=ADVANCED_FACE('',(#564),#134,.F.);
#7651=ADVANCED_FACE('',(#565),#135,.F.);
#7652=ADVANCED_FACE('',(#566),#136,.F.);
#7653=ADVANCED_FACE('',(#567),#7343,.F.);
#7654=ADVANCED_FACE('',(#568),#137,.F.);
#7655=ADVANCED_FACE('',(#569),#138,.T.);
#7656=ADVANCED_FACE('',(#570),#7344,.F.);
#7657=ADVANCED_FACE('',(#571),#139,.T.);
#7658=ADVANCED_FACE('',(#572),#7345,.F.);
#7659=ADVANCED_FACE('',(#573),#140,.T.);
#7660=ADVANCED_FACE('',(#574),#7346,.T.);
#7661=ADVANCED_FACE('',(#575),#141,.F.);
#7662=ADVANCED_FACE('',(#576),#7347,.F.);
#7663=ADVANCED_FACE('',(#577),#142,.F.);
#7664=ADVANCED_FACE('',(#578),#143,.F.);
#7665=ADVANCED_FACE('',(#579),#144,.F.);
#7666=ADVANCED_FACE('',(#580),#7348,.F.);
#7667=ADVANCED_FACE('',(#581),#145,.F.);
#7668=ADVANCED_FACE('',(#582),#146,.T.);
#7669=ADVANCED_FACE('',(#583),#7349,.F.);
#7670=ADVANCED_FACE('',(#584),#147,.T.);
#7671=ADVANCED_FACE('',(#585),#7350,.F.);
#7672=ADVANCED_FACE('',(#586),#148,.T.);
#7673=ADVANCED_FACE('',(#587),#7351,.T.);
#7674=ADVANCED_FACE('',(#588),#149,.F.);
#7675=ADVANCED_FACE('',(#589),#7352,.F.);
#7676=ADVANCED_FACE('',(#590),#150,.F.);
#7677=ADVANCED_FACE('',(#591),#151,.F.);
#7678=ADVANCED_FACE('',(#592),#152,.F.);
#7679=ADVANCED_FACE('',(#593),#7353,.F.);
#7680=ADVANCED_FACE('',(#594),#153,.F.);
#7681=ADVANCED_FACE('',(#595),#154,.T.);
#7682=ADVANCED_FACE('',(#596),#7354,.F.);
#7683=ADVANCED_FACE('',(#597),#155,.T.);
#7684=ADVANCED_FACE('',(#598),#7355,.F.);
#7685=ADVANCED_FACE('',(#599),#156,.T.);
#7686=ADVANCED_FACE('',(#600),#7356,.T.);
#7687=ADVANCED_FACE('',(#601),#157,.F.);
#7688=ADVANCED_FACE('',(#602),#7357,.F.);
#7689=ADVANCED_FACE('',(#603),#158,.F.);
#7690=ADVANCED_FACE('',(#604),#159,.F.);
#7691=ADVANCED_FACE('',(#605),#160,.F.);
#7692=ADVANCED_FACE('',(#606),#7358,.F.);
#7693=ADVANCED_FACE('',(#607),#161,.F.);
#7694=ADVANCED_FACE('',(#608),#162,.T.);
#7695=ADVANCED_FACE('',(#609),#7359,.F.);
#7696=ADVANCED_FACE('',(#610),#163,.T.);
#7697=ADVANCED_FACE('',(#611),#7360,.F.);
#7698=ADVANCED_FACE('',(#612),#164,.T.);
#7699=ADVANCED_FACE('',(#613),#7361,.T.);
#7700=ADVANCED_FACE('',(#614),#165,.F.);
#7701=ADVANCED_FACE('',(#615),#7362,.F.);
#7702=ADVANCED_FACE('',(#616),#166,.F.);
#7703=ADVANCED_FACE('',(#617),#167,.F.);
#7704=ADVANCED_FACE('',(#618),#168,.F.);
#7705=ADVANCED_FACE('',(#619),#7363,.F.);
#7706=ADVANCED_FACE('',(#620),#169,.F.);
#7707=ADVANCED_FACE('',(#621),#170,.T.);
#7708=ADVANCED_FACE('',(#622),#7364,.F.);
#7709=ADVANCED_FACE('',(#623),#171,.T.);
#7710=ADVANCED_FACE('',(#624),#7365,.F.);
#7711=ADVANCED_FACE('',(#625),#172,.T.);
#7712=ADVANCED_FACE('',(#626),#7366,.T.);
#7713=ADVANCED_FACE('',(#627),#173,.F.);
#7714=ADVANCED_FACE('',(#628),#7367,.F.);
#7715=ADVANCED_FACE('',(#629),#174,.F.);
#7716=ADVANCED_FACE('',(#630),#175,.F.);
#7717=ADVANCED_FACE('',(#631),#176,.F.);
#7718=ADVANCED_FACE('',(#632),#7368,.F.);
#7719=ADVANCED_FACE('',(#633),#177,.F.);
#7720=ADVANCED_FACE('',(#634),#178,.T.);
#7721=ADVANCED_FACE('',(#635),#7369,.F.);
#7722=ADVANCED_FACE('',(#636),#179,.T.);
#7723=ADVANCED_FACE('',(#637),#7370,.F.);
#7724=ADVANCED_FACE('',(#638),#180,.T.);
#7725=ADVANCED_FACE('',(#639),#7371,.T.);
#7726=ADVANCED_FACE('',(#640),#181,.F.);
#7727=ADVANCED_FACE('',(#641),#7372,.F.);
#7728=ADVANCED_FACE('',(#642),#182,.F.);
#7729=ADVANCED_FACE('',(#643),#183,.F.);
#7730=ADVANCED_FACE('',(#644),#184,.F.);
#7731=ADVANCED_FACE('',(#645),#7373,.F.);
#7732=ADVANCED_FACE('',(#646),#185,.F.);
#7733=ADVANCED_FACE('',(#647),#186,.T.);
#7734=ADVANCED_FACE('',(#648),#7374,.F.);
#7735=ADVANCED_FACE('',(#649),#187,.T.);
#7736=ADVANCED_FACE('',(#650),#7375,.F.);
#7737=ADVANCED_FACE('',(#651),#188,.T.);
#7738=ADVANCED_FACE('',(#652),#7376,.T.);
#7739=ADVANCED_FACE('',(#653),#189,.F.);
#7740=ADVANCED_FACE('',(#654),#7377,.F.);
#7741=ADVANCED_FACE('',(#655),#190,.F.);
#7742=ADVANCED_FACE('',(#656),#191,.F.);
#7743=ADVANCED_FACE('',(#657),#192,.F.);
#7744=ADVANCED_FACE('',(#658),#7378,.F.);
#7745=ADVANCED_FACE('',(#659),#193,.F.);
#7746=ADVANCED_FACE('',(#660),#194,.T.);
#7747=ADVANCED_FACE('',(#661),#7379,.F.);
#7748=ADVANCED_FACE('',(#662),#195,.T.);
#7749=ADVANCED_FACE('',(#663),#7380,.F.);
#7750=ADVANCED_FACE('',(#664),#196,.T.);
#7751=ADVANCED_FACE('',(#665),#7381,.T.);
#7752=ADVANCED_FACE('',(#666),#197,.F.);
#7753=ADVANCED_FACE('',(#667),#7382,.F.);
#7754=ADVANCED_FACE('',(#668),#198,.F.);
#7755=ADVANCED_FACE('',(#669),#199,.F.);
#7756=ADVANCED_FACE('',(#670),#200,.F.);
#7757=ADVANCED_FACE('',(#671),#7383,.F.);
#7758=ADVANCED_FACE('',(#672),#201,.F.);
#7759=ADVANCED_FACE('',(#673),#202,.T.);
#7760=ADVANCED_FACE('',(#674),#7384,.F.);
#7761=ADVANCED_FACE('',(#675),#203,.T.);
#7762=ADVANCED_FACE('',(#676),#7385,.F.);
#7763=ADVANCED_FACE('',(#677),#204,.T.);
#7764=ADVANCED_FACE('',(#678),#7386,.T.);
#7765=ADVANCED_FACE('',(#679),#205,.F.);
#7766=ADVANCED_FACE('',(#680),#7387,.F.);
#7767=ADVANCED_FACE('',(#681),#206,.F.);
#7768=ADVANCED_FACE('',(#682),#207,.F.);
#7769=ADVANCED_FACE('',(#683),#208,.F.);
#7770=ADVANCED_FACE('',(#684),#7388,.F.);
#7771=ADVANCED_FACE('',(#685),#209,.F.);
#7772=ADVANCED_FACE('',(#686),#210,.T.);
#7773=ADVANCED_FACE('',(#687),#7389,.F.);
#7774=ADVANCED_FACE('',(#688),#211,.T.);
#7775=ADVANCED_FACE('',(#689),#7390,.F.);
#7776=ADVANCED_FACE('',(#690),#212,.T.);
#7777=ADVANCED_FACE('',(#691),#7391,.T.);
#7778=ADVANCED_FACE('',(#692),#213,.F.);
#7779=ADVANCED_FACE('',(#693),#7392,.F.);
#7780=ADVANCED_FACE('',(#694),#214,.F.);
#7781=ADVANCED_FACE('',(#695),#215,.F.);
#7782=ADVANCED_FACE('',(#696),#216,.F.);
#7783=ADVANCED_FACE('',(#697),#7393,.F.);
#7784=ADVANCED_FACE('',(#698),#217,.F.);
#7785=ADVANCED_FACE('',(#699),#218,.T.);
#7786=ADVANCED_FACE('',(#700),#7394,.F.);
#7787=ADVANCED_FACE('',(#701),#219,.T.);
#7788=ADVANCED_FACE('',(#702),#7395,.F.);
#7789=ADVANCED_FACE('',(#703),#220,.T.);
#7790=ADVANCED_FACE('',(#704),#7396,.T.);
#7791=ADVANCED_FACE('',(#705),#221,.F.);
#7792=ADVANCED_FACE('',(#706),#7397,.F.);
#7793=ADVANCED_FACE('',(#707),#222,.F.);
#7794=ADVANCED_FACE('',(#708),#223,.F.);
#7795=ADVANCED_FACE('',(#709),#224,.F.);
#7796=ADVANCED_FACE('',(#710),#7398,.F.);
#7797=ADVANCED_FACE('',(#711),#225,.F.);
#7798=ADVANCED_FACE('',(#712),#226,.T.);
#7799=ADVANCED_FACE('',(#713),#7399,.F.);
#7800=ADVANCED_FACE('',(#714),#227,.T.);
#7801=ADVANCED_FACE('',(#715),#7400,.F.);
#7802=ADVANCED_FACE('',(#716),#228,.T.);
#7803=ADVANCED_FACE('',(#717),#7401,.T.);
#7804=ADVANCED_FACE('',(#718),#229,.F.);
#7805=ADVANCED_FACE('',(#719),#7402,.F.);
#7806=ADVANCED_FACE('',(#720),#230,.F.);
#7807=ADVANCED_FACE('',(#721),#231,.F.);
#7808=ADVANCED_FACE('',(#722),#232,.F.);
#7809=ADVANCED_FACE('',(#723),#7403,.F.);
#7810=ADVANCED_FACE('',(#724),#233,.F.);
#7811=ADVANCED_FACE('',(#725),#234,.T.);
#7812=ADVANCED_FACE('',(#726),#7404,.F.);
#7813=ADVANCED_FACE('',(#727),#235,.T.);
#7814=ADVANCED_FACE('',(#728),#7405,.F.);
#7815=ADVANCED_FACE('',(#729),#236,.T.);
#7816=ADVANCED_FACE('',(#730),#7406,.T.);
#7817=ADVANCED_FACE('',(#731),#237,.F.);
#7818=ADVANCED_FACE('',(#732),#7407,.F.);
#7819=ADVANCED_FACE('',(#733),#238,.F.);
#7820=ADVANCED_FACE('',(#734),#239,.F.);
#7821=ADVANCED_FACE('',(#735),#240,.F.);
#7822=ADVANCED_FACE('',(#736),#7408,.F.);
#7823=ADVANCED_FACE('',(#737),#241,.F.);
#7824=ADVANCED_FACE('',(#738),#242,.T.);
#7825=ADVANCED_FACE('',(#739),#7409,.F.);
#7826=ADVANCED_FACE('',(#740),#243,.T.);
#7827=ADVANCED_FACE('',(#741),#7410,.F.);
#7828=ADVANCED_FACE('',(#742),#244,.T.);
#7829=ADVANCED_FACE('',(#743),#7411,.T.);
#7830=ADVANCED_FACE('',(#744),#245,.F.);
#7831=ADVANCED_FACE('',(#745),#7412,.F.);
#7832=ADVANCED_FACE('',(#746),#246,.F.);
#7833=ADVANCED_FACE('',(#747),#247,.F.);
#7834=ADVANCED_FACE('',(#748),#248,.F.);
#7835=ADVANCED_FACE('',(#749),#7413,.F.);
#7836=ADVANCED_FACE('',(#750),#249,.F.);
#7837=ADVANCED_FACE('',(#751),#250,.T.);
#7838=ADVANCED_FACE('',(#752),#7414,.F.);
#7839=ADVANCED_FACE('',(#753),#251,.T.);
#7840=ADVANCED_FACE('',(#754),#7415,.F.);
#7841=ADVANCED_FACE('',(#755),#252,.T.);
#7842=ADVANCED_FACE('',(#756),#7416,.T.);
#7843=ADVANCED_FACE('',(#757),#253,.F.);
#7844=ADVANCED_FACE('',(#758),#7417,.F.);
#7845=ADVANCED_FACE('',(#759),#254,.F.);
#7846=ADVANCED_FACE('',(#760),#255,.F.);
#7847=ADVANCED_FACE('',(#761),#256,.F.);
#7848=ADVANCED_FACE('',(#762),#7418,.F.);
#7849=ADVANCED_FACE('',(#763),#257,.F.);
#7850=ADVANCED_FACE('',(#764),#258,.T.);
#7851=ADVANCED_FACE('',(#765),#7419,.F.);
#7852=ADVANCED_FACE('',(#766),#259,.T.);
#7853=ADVANCED_FACE('',(#767),#7420,.F.);
#7854=ADVANCED_FACE('',(#768),#260,.T.);
#7855=ADVANCED_FACE('',(#769),#7421,.T.);
#7856=ADVANCED_FACE('',(#770),#261,.F.);
#7857=ADVANCED_FACE('',(#771),#7422,.F.);
#7858=ADVANCED_FACE('',(#772),#262,.F.);
#7859=ADVANCED_FACE('',(#773),#263,.F.);
#7860=ADVANCED_FACE('',(#774),#264,.F.);
#7861=ADVANCED_FACE('',(#775),#7423,.F.);
#7862=ADVANCED_FACE('',(#776),#265,.F.);
#7863=ADVANCED_FACE('',(#777),#266,.T.);
#7864=ADVANCED_FACE('',(#778),#7424,.F.);
#7865=ADVANCED_FACE('',(#779),#267,.T.);
#7866=ADVANCED_FACE('',(#780),#7425,.F.);
#7867=ADVANCED_FACE('',(#781),#268,.T.);
#7868=ADVANCED_FACE('',(#782),#7426,.T.);
#7869=CLOSED_SHELL('',(#7427,#7428,#7429,#7430,#7431,#7432,#7433,#7434,
#7435,#7436,#7437,#7438,#7439,#7440,#7441,#7442,#7443,#7444,#7445,#7446,
#7447,#7448,#7449,#7450,#7451,#7452,#7453,#7454,#7455,#7456,#7457,#7458,
#7459,#7460,#7461,#7462,#7463,#7464,#7465,#7466,#7467,#7468,#7469,#7470,
#7471,#7472,#7473,#7474,#7475,#7476,#7477,#7478,#7479,#7480,#7481,#7482,
#7483,#7484,#7485,#7486,#7487,#7488,#7489,#7490,#7491,#7492,#7493,#7494,
#7495,#7496,#7497,#7498,#7499,#7500,#7501,#7502,#7503,#7504,#7505,#7506,
#7507,#7508,#7509,#7510,#7511,#7512,#7513,#7514,#7515,#7516,#7517,#7518,
#7519,#7520,#7521,#7522,#7523,#7524,#7525,#7526,#7527,#7528,#7529,#7530,
#7531,#7532,#7533,#7534,#7535,#7536,#7537,#7538,#7539,#7540,#7541,#7542,
#7543,#7544,#7545,#7546,#7547,#7548,#7549,#7550,#7551,#7552,#7553,#7554,
#7555,#7556,#7557,#7558,#7559,#7560,#7561,#7562,#7563,#7564,#7565,#7566,
#7567,#7568,#7569,#7570,#7571,#7572,#7573,#7574,#7575,#7576,#7577,#7578,
#7579,#7580,#7581,#7582,#7583,#7584,#7585,#7586,#7587,#7588,#7589,#7590,
#7591,#7592,#7593,#7594,#7595,#7596,#7597,#7598,#7599,#7600,#7601,#7602,
#7603,#7604,#7605,#7606,#7607,#7608,#7609,#7610,#7611,#7612,#7613,#7614,
#7615,#7616,#7617,#7618,#7619,#7620,#7621,#7622,#7623,#7624,#7625,#7626,
#7627,#7628,#7629,#7630,#7631,#7632,#7633,#7634,#7635,#7636,#7637,#7638,
#7639,#7640,#7641,#7642,#7643,#7644,#7645,#7646,#7647,#7648,#7649,#7650,
#7651,#7652,#7653,#7654,#7655,#7656,#7657,#7658,#7659,#7660,#7661,#7662,
#7663,#7664,#7665,#7666,#7667,#7668,#7669,#7670,#7671,#7672,#7673,#7674,
#7675,#7676,#7677,#7678,#7679,#7680,#7681,#7682,#7683,#7684,#7685,#7686,
#7687,#7688,#7689,#7690,#7691,#7692,#7693,#7694,#7695,#7696,#7697,#7698,
#7699,#7700,#7701,#7702,#7703,#7704,#7705,#7706,#7707,#7708,#7709,#7710,
#7711,#7712,#7713,#7714,#7715,#7716,#7717,#7718,#7719,#7720,#7721,#7722,
#7723,#7724,#7725,#7726,#7727,#7728,#7729,#7730,#7731,#7732,#7733,#7734,
#7735,#7736,#7737,#7738,#7739,#7740,#7741,#7742,#7743,#7744,#7745,#7746,
#7747,#7748,#7749,#7750,#7751,#7752,#7753,#7754,#7755,#7756,#7757,#7758,
#7759,#7760,#7761,#7762,#7763,#7764,#7765,#7766,#7767,#7768,#7769,#7770,
#7771,#7772,#7773,#7774,#7775,#7776,#7777,#7778,#7779,#7780,#7781,#7782,
#7783,#7784,#7785,#7786,#7787,#7788,#7789,#7790,#7791,#7792,#7793,#7794,
#7795,#7796,#7797,#7798,#7799,#7800,#7801,#7802,#7803,#7804,#7805,#7806,
#7807,#7808,#7809,#7810,#7811,#7812,#7813,#7814,#7815,#7816,#7817,#7818,
#7819,#7820,#7821,#7822,#7823,#7824,#7825,#7826,#7827,#7828,#7829,#7830,
#7831,#7832,#7833,#7834,#7835,#7836,#7837,#7838,#7839,#7840,#7841,#7842,
#7843,#7844,#7845,#7846,#7847,#7848,#7849,#7850,#7851,#7852,#7853,#7854,
#7855,#7856,#7857,#7858,#7859,#7860,#7861,#7862,#7863,#7864,#7865,#7866,
#7867,#7868));
#7870=DERIVED_UNIT_ELEMENT(#7872,1.);
#7871=DERIVED_UNIT_ELEMENT(#13815,-3.);
#7872=(
MASS_UNIT()
NAMED_UNIT(*)
SI_UNIT(.KILO.,.GRAM.)
);
#7873=DERIVED_UNIT((#7870,#7871));
#7874=MEASURE_REPRESENTATION_ITEM('density measure',
POSITIVE_RATIO_MEASURE(7850.),#7873);
#7875=PROPERTY_DEFINITION_REPRESENTATION(#7880,#7877);
#7876=PROPERTY_DEFINITION_REPRESENTATION(#7881,#7878);
#7877=REPRESENTATION('material name',(#7879),#13812);
#7878=REPRESENTATION('density',(#7874),#13812);
#7879=DESCRIPTIVE_REPRESENTATION_ITEM('Steel','Steel');
#7880=PROPERTY_DEFINITION('material property','material name',#13822);
#7881=PROPERTY_DEFINITION('material property','density of part',#13822);
#7882=AXIS2_PLACEMENT_3D('',#11433,#8865,#8866);
#7883=AXIS2_PLACEMENT_3D('',#11434,#8867,#8868);
#7884=AXIS2_PLACEMENT_3D('',#11437,#8869,#8870);
#7885=AXIS2_PLACEMENT_3D('',#11441,#8872,#8873);
#7886=AXIS2_PLACEMENT_3D('',#11443,#8875,#8876);
#7887=AXIS2_PLACEMENT_3D('',#11445,#8877,#8878);
#7888=AXIS2_PLACEMENT_3D('',#11448,#8880,#8881);
#7889=AXIS2_PLACEMENT_3D('',#11449,#8882,#8883);
#7890=AXIS2_PLACEMENT_3D('',#11451,#8884,#8885);
#7891=AXIS2_PLACEMENT_3D('',#11453,#8886,#8887);
#7892=AXIS2_PLACEMENT_3D('',#11455,#8889,#8890);
#7893=AXIS2_PLACEMENT_3D('',#11458,#8891,#8892);
#7894=AXIS2_PLACEMENT_3D('',#11462,#8894,#8895);
#7895=AXIS2_PLACEMENT_3D('',#11464,#8897,#8898);
#7896=AXIS2_PLACEMENT_3D('',#11466,#8899,#8900);
#7897=AXIS2_PLACEMENT_3D('',#11469,#8902,#8903);
#7898=AXIS2_PLACEMENT_3D('',#11470,#8904,#8905);
#7899=AXIS2_PLACEMENT_3D('',#11472,#8906,#8907);
#7900=AXIS2_PLACEMENT_3D('',#11474,#8908,#8909);
#7901=AXIS2_PLACEMENT_3D('',#11476,#8911,#8912);
#7902=AXIS2_PLACEMENT_3D('',#11483,#8913,#8914);
#7903=AXIS2_PLACEMENT_3D('',#11488,#8915,#8916);
#7904=AXIS2_PLACEMENT_3D('',#11489,#8917,#8918);
#7905=AXIS2_PLACEMENT_3D('',#11490,#8919,#8920);
#7906=AXIS2_PLACEMENT_3D('',#11492,#8921,#8922);
#7907=AXIS2_PLACEMENT_3D('',#11494,#8923,#8924);
#7908=AXIS2_PLACEMENT_3D('',#11496,#8925,#8926);
#7909=AXIS2_PLACEMENT_3D('',#11498,#8927,#8928);
#7910=AXIS2_PLACEMENT_3D('',#11499,#8929,#8930);
#7911=AXIS2_PLACEMENT_3D('',#11500,#8931,#8932);
#7912=AXIS2_PLACEMENT_3D('',#11501,#8933,#8934);
#7913=AXIS2_PLACEMENT_3D('',#11508,#8936,#8937);
#7914=AXIS2_PLACEMENT_3D('',#11509,#8938,#8939);
#7915=AXIS2_PLACEMENT_3D('',#11511,#8940,#8941);
#7916=AXIS2_PLACEMENT_3D('',#11516,#8942,#8943);
#7917=AXIS2_PLACEMENT_3D('',#11517,#8944,#8945);
#7918=AXIS2_PLACEMENT_3D('',#11518,#8946,#8947);
#7919=AXIS2_PLACEMENT_3D('',#11520,#8948,#8949);
#7920=AXIS2_PLACEMENT_3D('',#11522,#8950,#8951);
#7921=AXIS2_PLACEMENT_3D('',#11524,#8952,#8953);
#7922=AXIS2_PLACEMENT_3D('',#11526,#8954,#8955);
#7923=AXIS2_PLACEMENT_3D('',#11527,#8956,#8957);
#7924=AXIS2_PLACEMENT_3D('',#11528,#8958,#8959);
#7925=AXIS2_PLACEMENT_3D('',#11534,#8960,#8961);
#7926=AXIS2_PLACEMENT_3D('',#11538,#8962,#8963);
#7927=AXIS2_PLACEMENT_3D('',#11544,#8965,#8966);
#7928=AXIS2_PLACEMENT_3D('',#11546,#8967,#8968);
#7929=AXIS2_PLACEMENT_3D('',#11550,#8969,#8970);
#7930=AXIS2_PLACEMENT_3D('',#11552,#8972,#8973);
#7931=AXIS2_PLACEMENT_3D('',#11556,#8975,#8976);
#7932=AXIS2_PLACEMENT_3D('',#11558,#8977,#8978);
#7933=AXIS2_PLACEMENT_3D('',#11560,#8979,#8980);
#7934=AXIS2_PLACEMENT_3D('',#11564,#8982,#8983);
#7935=AXIS2_PLACEMENT_3D('',#11568,#8985,#8986);
#7936=AXIS2_PLACEMENT_3D('',#11570,#8987,#8988);
#7937=AXIS2_PLACEMENT_3D('',#11572,#8989,#8990);
#7938=AXIS2_PLACEMENT_3D('',#11576,#8992,#8993);
#7939=AXIS2_PLACEMENT_3D('',#11580,#8995,#8996);
#7940=AXIS2_PLACEMENT_3D('',#11582,#8997,#8998);
#7941=AXIS2_PLACEMENT_3D('',#11584,#8999,#9000);
#7942=AXIS2_PLACEMENT_3D('',#11588,#9002,#9003);
#7943=AXIS2_PLACEMENT_3D('',#11592,#9005,#9006);
#7944=AXIS2_PLACEMENT_3D('',#11594,#9007,#9008);
#7945=AXIS2_PLACEMENT_3D('',#11596,#9009,#9010);
#7946=AXIS2_PLACEMENT_3D('',#11600,#9012,#9013);
#7947=AXIS2_PLACEMENT_3D('',#11604,#9015,#9016);
#7948=AXIS2_PLACEMENT_3D('',#11606,#9017,#9018);
#7949=AXIS2_PLACEMENT_3D('',#11608,#9019,#9020);
#7950=AXIS2_PLACEMENT_3D('',#11612,#9022,#9023);
#7951=AXIS2_PLACEMENT_3D('',#11616,#9025,#9026);
#7952=AXIS2_PLACEMENT_3D('',#11618,#9027,#9028);
#7953=AXIS2_PLACEMENT_3D('',#11620,#9029,#9030);
#7954=AXIS2_PLACEMENT_3D('',#11624,#9032,#9033);
#7955=AXIS2_PLACEMENT_3D('',#11628,#9035,#9036);
#7956=AXIS2_PLACEMENT_3D('',#11630,#9037,#9038);
#7957=AXIS2_PLACEMENT_3D('',#11632,#9039,#9040);
#7958=AXIS2_PLACEMENT_3D('',#11636,#9042,#9043);
#7959=AXIS2_PLACEMENT_3D('',#11640,#9045,#9046);
#7960=AXIS2_PLACEMENT_3D('',#11642,#9047,#9048);
#7961=AXIS2_PLACEMENT_3D('',#11644,#9049,#9050);
#7962=AXIS2_PLACEMENT_3D('',#11648,#9052,#9053);
#7963=AXIS2_PLACEMENT_3D('',#11652,#9055,#9056);
#7964=AXIS2_PLACEMENT_3D('',#11654,#9057,#9058);
#7965=AXIS2_PLACEMENT_3D('',#11656,#9059,#9060);
#7966=AXIS2_PLACEMENT_3D('',#11660,#9062,#9063);
#7967=AXIS2_PLACEMENT_3D('',#11664,#9065,#9066);
#7968=AXIS2_PLACEMENT_3D('',#11666,#9067,#9068);
#7969=AXIS2_PLACEMENT_3D('',#11668,#9069,#9070);
#7970=AXIS2_PLACEMENT_3D('',#11672,#9072,#9073);
#7971=AXIS2_PLACEMENT_3D('',#11676,#9075,#9076);
#7972=AXIS2_PLACEMENT_3D('',#11678,#9077,#9078);
#7973=AXIS2_PLACEMENT_3D('',#11680,#9079,#9080);
#7974=AXIS2_PLACEMENT_3D('',#11684,#9082,#9083);
#7975=AXIS2_PLACEMENT_3D('',#11688,#9085,#9086);
#7976=AXIS2_PLACEMENT_3D('',#11690,#9087,#9088);
#7977=AXIS2_PLACEMENT_3D('',#11692,#9089,#9090);
#7978=AXIS2_PLACEMENT_3D('',#11696,#9092,#9093);
#7979=AXIS2_PLACEMENT_3D('',#11700,#9095,#9096);
#7980=AXIS2_PLACEMENT_3D('',#11702,#9097,#9098);
#7981=AXIS2_PLACEMENT_3D('',#11704,#9099,#9100);
#7982=AXIS2_PLACEMENT_3D('',#11708,#9102,#9103);
#7983=AXIS2_PLACEMENT_3D('',#11712,#9105,#9106);
#7984=AXIS2_PLACEMENT_3D('',#11714,#9107,#9108);
#7985=AXIS2_PLACEMENT_3D('',#11716,#9109,#9110);
#7986=AXIS2_PLACEMENT_3D('',#11720,#9112,#9113);
#7987=AXIS2_PLACEMENT_3D('',#11724,#9115,#9116);
#7988=AXIS2_PLACEMENT_3D('',#11726,#9117,#9118);
#7989=AXIS2_PLACEMENT_3D('',#11728,#9119,#9120);
#7990=AXIS2_PLACEMENT_3D('',#11732,#9122,#9123);
#7991=AXIS2_PLACEMENT_3D('',#11736,#9125,#9126);
#7992=AXIS2_PLACEMENT_3D('',#11738,#9127,#9128);
#7993=AXIS2_PLACEMENT_3D('',#11740,#9129,#9130);
#7994=AXIS2_PLACEMENT_3D('',#11744,#9132,#9133);
#7995=AXIS2_PLACEMENT_3D('',#11748,#9135,#9136);
#7996=AXIS2_PLACEMENT_3D('',#11750,#9137,#9138);
#7997=AXIS2_PLACEMENT_3D('',#11752,#9139,#9140);
#7998=AXIS2_PLACEMENT_3D('',#11756,#9142,#9143);
#7999=AXIS2_PLACEMENT_3D('',#11760,#9145,#9146);
#8000=AXIS2_PLACEMENT_3D('',#11762,#9147,#9148);
#8001=AXIS2_PLACEMENT_3D('',#11764,#9149,#9150);
#8002=AXIS2_PLACEMENT_3D('',#11768,#9152,#9153);
#8003=AXIS2_PLACEMENT_3D('',#11772,#9155,#9156);
#8004=AXIS2_PLACEMENT_3D('',#11774,#9157,#9158);
#8005=AXIS2_PLACEMENT_3D('',#11776,#9159,#9160);
#8006=AXIS2_PLACEMENT_3D('',#11780,#9162,#9163);
#8007=AXIS2_PLACEMENT_3D('',#11784,#9165,#9166);
#8008=AXIS2_PLACEMENT_3D('',#11786,#9167,#9168);
#8009=AXIS2_PLACEMENT_3D('',#11788,#9169,#9170);
#8010=AXIS2_PLACEMENT_3D('',#11792,#9172,#9173);
#8011=AXIS2_PLACEMENT_3D('',#11796,#9175,#9176);
#8012=AXIS2_PLACEMENT_3D('',#11798,#9177,#9178);
#8013=AXIS2_PLACEMENT_3D('',#11800,#9179,#9180);
#8014=AXIS2_PLACEMENT_3D('',#11804,#9182,#9183);
#8015=AXIS2_PLACEMENT_3D('',#11808,#9185,#9186);
#8016=AXIS2_PLACEMENT_3D('',#11810,#9187,#9188);
#8017=AXIS2_PLACEMENT_3D('',#11812,#9189,#9190);
#8018=AXIS2_PLACEMENT_3D('',#11816,#9192,#9193);
#8019=AXIS2_PLACEMENT_3D('',#11820,#9195,#9196);
#8020=AXIS2_PLACEMENT_3D('',#11822,#9197,#9198);
#8021=AXIS2_PLACEMENT_3D('',#11824,#9199,#9200);
#8022=AXIS2_PLACEMENT_3D('',#11828,#9202,#9203);
#8023=AXIS2_PLACEMENT_3D('',#11832,#9205,#9206);
#8024=AXIS2_PLACEMENT_3D('',#11834,#9207,#9208);
#8025=AXIS2_PLACEMENT_3D('',#11836,#9209,#9210);
#8026=AXIS2_PLACEMENT_3D('',#11840,#9212,#9213);
#8027=AXIS2_PLACEMENT_3D('',#11844,#9215,#9216);
#8028=AXIS2_PLACEMENT_3D('',#11846,#9217,#9218);
#8029=AXIS2_PLACEMENT_3D('',#11848,#9219,#9220);
#8030=AXIS2_PLACEMENT_3D('',#11852,#9222,#9223);
#8031=AXIS2_PLACEMENT_3D('',#11856,#9225,#9226);
#8032=AXIS2_PLACEMENT_3D('',#11858,#9227,#9228);
#8033=AXIS2_PLACEMENT_3D('',#11860,#9229,#9230);
#8034=AXIS2_PLACEMENT_3D('',#11864,#9232,#9233);
#8035=AXIS2_PLACEMENT_3D('',#11870,#9236,#9237);
#8036=AXIS2_PLACEMENT_3D('',#11872,#9238,#9239);
#8037=AXIS2_PLACEMENT_3D('',#11874,#9240,#9241);
#8038=AXIS2_PLACEMENT_3D('',#11878,#9243,#9244);
#8039=AXIS2_PLACEMENT_3D('',#11882,#9246,#9247);
#8040=AXIS2_PLACEMENT_3D('',#11884,#9248,#9249);
#8041=AXIS2_PLACEMENT_3D('',#11886,#9250,#9251);
#8042=AXIS2_PLACEMENT_3D('',#11889,#9253,#9254);
#8043=AXIS2_PLACEMENT_3D('',#11891,#9255,#9256);
#8044=AXIS2_PLACEMENT_3D('',#11893,#9257,#9258);
#8045=AXIS2_PLACEMENT_3D('',#11895,#9259,#9260);
#8046=AXIS2_PLACEMENT_3D('',#11897,#9261,#9262);
#8047=AXIS2_PLACEMENT_3D('',#11899,#9263,#9264);
#8048=AXIS2_PLACEMENT_3D('',#11901,#9265,#9266);
#8049=AXIS2_PLACEMENT_3D('',#11903,#9267,#9268);
#8050=AXIS2_PLACEMENT_3D('',#11905,#9269,#9270);
#8051=AXIS2_PLACEMENT_3D('',#11907,#9271,#9272);
#8052=AXIS2_PLACEMENT_3D('',#11909,#9273,#9274);
#8053=AXIS2_PLACEMENT_3D('',#11911,#9275,#9276);
#8054=AXIS2_PLACEMENT_3D('',#11913,#9277,#9278);
#8055=AXIS2_PLACEMENT_3D('',#11915,#9279,#9280);
#8056=AXIS2_PLACEMENT_3D('',#11917,#9281,#9282);
#8057=AXIS2_PLACEMENT_3D('',#11919,#9283,#9284);
#8058=AXIS2_PLACEMENT_3D('',#11920,#9285,#9286);
#8059=AXIS2_PLACEMENT_3D('',#11921,#9287,#9288);
#8060=AXIS2_PLACEMENT_3D('',#11923,#9289,#9290);
#8061=AXIS2_PLACEMENT_3D('',#11925,#9291,#9292);
#8062=AXIS2_PLACEMENT_3D('',#11927,#9293,#9294);
#8063=AXIS2_PLACEMENT_3D('',#11929,#9295,#9296);
#8064=AXIS2_PLACEMENT_3D('',#11931,#9297,#9298);
#8065=AXIS2_PLACEMENT_3D('',#11933,#9299,#9300);
#8066=AXIS2_PLACEMENT_3D('',#11935,#9301,#9302);
#8067=AXIS2_PLACEMENT_3D('',#11937,#9303,#9304);
#8068=AXIS2_PLACEMENT_3D('',#11939,#9305,#9306);
#8069=AXIS2_PLACEMENT_3D('',#11941,#9307,#9308);
#8070=AXIS2_PLACEMENT_3D('',#11943,#9309,#9310);
#8071=AXIS2_PLACEMENT_3D('',#11945,#9311,#9312);
#8072=AXIS2_PLACEMENT_3D('',#11947,#9313,#9314);
#8073=AXIS2_PLACEMENT_3D('',#11949,#9315,#9316);
#8074=AXIS2_PLACEMENT_3D('',#11951,#9317,#9318);
#8075=AXIS2_PLACEMENT_3D('',#11954,#9319,#9320);
#8076=AXIS2_PLACEMENT_3D('',#11956,#9321,#9322);
#8077=AXIS2_PLACEMENT_3D('',#11958,#9323,#9324);
#8078=AXIS2_PLACEMENT_3D('',#11962,#9326,#9327);
#8079=AXIS2_PLACEMENT_3D('',#11966,#9329,#9330);
#8080=AXIS2_PLACEMENT_3D('',#11968,#9331,#9332);
#8081=AXIS2_PLACEMENT_3D('',#11970,#9333,#9334);
#8082=AXIS2_PLACEMENT_3D('',#11974,#9336,#9337);
#8083=AXIS2_PLACEMENT_3D('',#11978,#9339,#9340);
#8084=AXIS2_PLACEMENT_3D('',#11980,#9341,#9342);
#8085=AXIS2_PLACEMENT_3D('',#11982,#9343,#9344);
#8086=AXIS2_PLACEMENT_3D('',#11986,#9346,#9347);
#8087=AXIS2_PLACEMENT_3D('',#11990,#9349,#9350);
#8088=AXIS2_PLACEMENT_3D('',#11992,#9351,#9352);
#8089=AXIS2_PLACEMENT_3D('',#11994,#9353,#9354);
#8090=AXIS2_PLACEMENT_3D('',#11998,#9356,#9357);
#8091=AXIS2_PLACEMENT_3D('',#12002,#9359,#9360);
#8092=AXIS2_PLACEMENT_3D('',#12004,#9361,#9362);
#8093=AXIS2_PLACEMENT_3D('',#12006,#9363,#9364);
#8094=AXIS2_PLACEMENT_3D('',#12010,#9366,#9367);
#8095=AXIS2_PLACEMENT_3D('',#12014,#9369,#9370);
#8096=AXIS2_PLACEMENT_3D('',#12016,#9371,#9372);
#8097=AXIS2_PLACEMENT_3D('',#12018,#9373,#9374);
#8098=AXIS2_PLACEMENT_3D('',#12022,#9376,#9377);
#8099=AXIS2_PLACEMENT_3D('',#12026,#9379,#9380);
#8100=AXIS2_PLACEMENT_3D('',#12028,#9381,#9382);
#8101=AXIS2_PLACEMENT_3D('',#12030,#9383,#9384);
#8102=AXIS2_PLACEMENT_3D('',#12034,#9386,#9387);
#8103=AXIS2_PLACEMENT_3D('',#12038,#9389,#9390);
#8104=AXIS2_PLACEMENT_3D('',#12040,#9391,#9392);
#8105=AXIS2_PLACEMENT_3D('',#12042,#9393,#9394);
#8106=AXIS2_PLACEMENT_3D('',#12046,#9396,#9397);
#8107=AXIS2_PLACEMENT_3D('',#12050,#9399,#9400);
#8108=AXIS2_PLACEMENT_3D('',#12052,#9401,#9402);
#8109=AXIS2_PLACEMENT_3D('',#12054,#9403,#9404);
#8110=AXIS2_PLACEMENT_3D('',#12058,#9406,#9407);
#8111=AXIS2_PLACEMENT_3D('',#12062,#9409,#9410);
#8112=AXIS2_PLACEMENT_3D('',#12064,#9411,#9412);
#8113=AXIS2_PLACEMENT_3D('',#12066,#9413,#9414);
#8114=AXIS2_PLACEMENT_3D('',#12070,#9416,#9417);
#8115=AXIS2_PLACEMENT_3D('',#12074,#9419,#9420);
#8116=AXIS2_PLACEMENT_3D('',#12076,#9421,#9422);
#8117=AXIS2_PLACEMENT_3D('',#12078,#9423,#9424);
#8118=AXIS2_PLACEMENT_3D('',#12082,#9426,#9427);
#8119=AXIS2_PLACEMENT_3D('',#12086,#9429,#9430);
#8120=AXIS2_PLACEMENT_3D('',#12088,#9431,#9432);
#8121=AXIS2_PLACEMENT_3D('',#12090,#9433,#9434);
#8122=AXIS2_PLACEMENT_3D('',#12094,#9436,#9437);
#8123=AXIS2_PLACEMENT_3D('',#12098,#9439,#9440);
#8124=AXIS2_PLACEMENT_3D('',#12100,#9441,#9442);
#8125=AXIS2_PLACEMENT_3D('',#12102,#9443,#9444);
#8126=AXIS2_PLACEMENT_3D('',#12106,#9446,#9447);
#8127=AXIS2_PLACEMENT_3D('',#12110,#9449,#9450);
#8128=AXIS2_PLACEMENT_3D('',#12112,#9451,#9452);
#8129=AXIS2_PLACEMENT_3D('',#12114,#9453,#9454);
#8130=AXIS2_PLACEMENT_3D('',#12118,#9456,#9457);
#8131=AXIS2_PLACEMENT_3D('',#12122,#9459,#9460);
#8132=AXIS2_PLACEMENT_3D('',#12124,#9461,#9462);
#8133=AXIS2_PLACEMENT_3D('',#12126,#9463,#9464);
#8134=AXIS2_PLACEMENT_3D('',#12130,#9466,#9467);
#8135=AXIS2_PLACEMENT_3D('',#12134,#9469,#9470);
#8136=AXIS2_PLACEMENT_3D('',#12136,#9471,#9472);
#8137=AXIS2_PLACEMENT_3D('',#12138,#9473,#9474);
#8138=AXIS2_PLACEMENT_3D('',#12142,#9476,#9477);
#8139=AXIS2_PLACEMENT_3D('',#12146,#9479,#9480);
#8140=AXIS2_PLACEMENT_3D('',#12148,#9481,#9482);
#8141=AXIS2_PLACEMENT_3D('',#12150,#9483,#9484);
#8142=AXIS2_PLACEMENT_3D('',#12154,#9486,#9487);
#8143=AXIS2_PLACEMENT_3D('',#12158,#9489,#9490);
#8144=AXIS2_PLACEMENT_3D('',#12160,#9491,#9492);
#8145=AXIS2_PLACEMENT_3D('',#12162,#9493,#9494);
#8146=AXIS2_PLACEMENT_3D('',#12166,#9496,#9497);
#8147=AXIS2_PLACEMENT_3D('',#12170,#9499,#9500);
#8148=AXIS2_PLACEMENT_3D('',#12172,#9501,#9502);
#8149=AXIS2_PLACEMENT_3D('',#12174,#9503,#9504);
#8150=AXIS2_PLACEMENT_3D('',#12178,#9506,#9507);
#8151=AXIS2_PLACEMENT_3D('',#12182,#9509,#9510);
#8152=AXIS2_PLACEMENT_3D('',#12184,#9511,#9512);
#8153=AXIS2_PLACEMENT_3D('',#12186,#9513,#9514);
#8154=AXIS2_PLACEMENT_3D('',#12190,#9516,#9517);
#8155=AXIS2_PLACEMENT_3D('',#12194,#9519,#9520);
#8156=AXIS2_PLACEMENT_3D('',#12196,#9521,#9522);
#8157=AXIS2_PLACEMENT_3D('',#12198,#9523,#9524);
#8158=AXIS2_PLACEMENT_3D('',#12202,#9526,#9527);
#8159=AXIS2_PLACEMENT_3D('',#12206,#9529,#9530);
#8160=AXIS2_PLACEMENT_3D('',#12208,#9531,#9532);
#8161=AXIS2_PLACEMENT_3D('',#12210,#9533,#9534);
#8162=AXIS2_PLACEMENT_3D('',#12214,#9536,#9537);
#8163=AXIS2_PLACEMENT_3D('',#12218,#9539,#9540);
#8164=AXIS2_PLACEMENT_3D('',#12220,#9541,#9542);
#8165=AXIS2_PLACEMENT_3D('',#12222,#9543,#9544);
#8166=AXIS2_PLACEMENT_3D('',#12226,#9546,#9547);
#8167=AXIS2_PLACEMENT_3D('',#12230,#9549,#9550);
#8168=AXIS2_PLACEMENT_3D('',#12232,#9551,#9552);
#8169=AXIS2_PLACEMENT_3D('',#12234,#9553,#9554);
#8170=AXIS2_PLACEMENT_3D('',#12238,#9556,#9557);
#8171=AXIS2_PLACEMENT_3D('',#12242,#9559,#9560);
#8172=AXIS2_PLACEMENT_3D('',#12244,#9561,#9562);
#8173=AXIS2_PLACEMENT_3D('',#12246,#9563,#9564);
#8174=AXIS2_PLACEMENT_3D('',#12250,#9566,#9567);
#8175=AXIS2_PLACEMENT_3D('',#12254,#9569,#9570);
#8176=AXIS2_PLACEMENT_3D('',#12256,#9571,#9572);
#8177=AXIS2_PLACEMENT_3D('',#12258,#9573,#9574);
#8178=AXIS2_PLACEMENT_3D('',#12262,#9576,#9577);
#8179=AXIS2_PLACEMENT_3D('',#12266,#9579,#9580);
#8180=AXIS2_PLACEMENT_3D('',#12268,#9581,#9582);
#8181=AXIS2_PLACEMENT_3D('',#12270,#9583,#9584);
#8182=AXIS2_PLACEMENT_3D('',#12274,#9586,#9587);
#8183=AXIS2_PLACEMENT_3D('',#12278,#9589,#9590);
#8184=AXIS2_PLACEMENT_3D('',#12280,#9591,#9592);
#8185=AXIS2_PLACEMENT_3D('',#12282,#9593,#9594);
#8186=AXIS2_PLACEMENT_3D('',#12286,#9596,#9597);
#8187=AXIS2_PLACEMENT_3D('',#12288,#9599,#9600);
#8188=AXIS2_PLACEMENT_3D('',#12291,#9601,#9602);
#8189=AXIS2_PLACEMENT_3D('',#12294,#9605,#9606);
#8190=AXIS2_PLACEMENT_3D('',#12298,#9609,#9610);
#8191=AXIS2_PLACEMENT_3D('',#12301,#9611,#9612);
#8192=AXIS2_PLACEMENT_3D('',#12304,#9615,#9616);
#8193=AXIS2_PLACEMENT_3D('',#12307,#9618,#9619);
#8194=AXIS2_PLACEMENT_3D('',#12308,#9620,#9621);
#8195=AXIS2_PLACEMENT_3D('',#12310,#9622,#9623);
#8196=AXIS2_PLACEMENT_3D('',#12312,#9625,#9626);
#8197=AXIS2_PLACEMENT_3D('',#12316,#9629,#9630);
#8198=AXIS2_PLACEMENT_3D('',#12319,#9631,#9632);
#8199=AXIS2_PLACEMENT_3D('',#12322,#9635,#9636);
#8200=AXIS2_PLACEMENT_3D('',#12323,#9637,#9638);
#8201=AXIS2_PLACEMENT_3D('',#12324,#9639,#9640);
#8202=AXIS2_PLACEMENT_3D('',#12328,#9643,#9644);
#8203=AXIS2_PLACEMENT_3D('',#12331,#9646,#9647);
#8204=AXIS2_PLACEMENT_3D('',#12332,#9648,#9649);
#8205=AXIS2_PLACEMENT_3D('',#12334,#9651,#9652);
#8206=AXIS2_PLACEMENT_3D('',#12335,#9653,#9654);
#8207=AXIS2_PLACEMENT_3D('',#12336,#9655,#9656);
#8208=AXIS2_PLACEMENT_3D('',#12337,#9657,#9658);
#8209=AXIS2_PLACEMENT_3D('',#12340,#9660,#9661);
#8210=AXIS2_PLACEMENT_3D('',#12341,#9662,#9663);
#8211=AXIS2_PLACEMENT_3D('',#12342,#9664,#9665);
#8212=AXIS2_PLACEMENT_3D('',#12345,#9667,#9668);
#8213=AXIS2_PLACEMENT_3D('',#12346,#9669,#9670);
#8214=AXIS2_PLACEMENT_3D('',#12347,#9671,#9672);
#8215=AXIS2_PLACEMENT_3D('',#12350,#9674,#9675);
#8216=AXIS2_PLACEMENT_3D('',#12351,#9676,#9677);
#8217=AXIS2_PLACEMENT_3D('',#12352,#9678,#9679);
#8218=AXIS2_PLACEMENT_3D('',#12355,#9681,#9682);
#8219=AXIS2_PLACEMENT_3D('',#12356,#9683,#9684);
#8220=AXIS2_PLACEMENT_3D('',#12357,#9685,#9686);
#8221=AXIS2_PLACEMENT_3D('',#12360,#9688,#9689);
#8222=AXIS2_PLACEMENT_3D('',#12361,#9690,#9691);
#8223=AXIS2_PLACEMENT_3D('',#12362,#9692,#9693);
#8224=AXIS2_PLACEMENT_3D('',#12365,#9695,#9696);
#8225=AXIS2_PLACEMENT_3D('',#12366,#9697,#9698);
#8226=AXIS2_PLACEMENT_3D('',#12367,#9699,#9700);
#8227=AXIS2_PLACEMENT_3D('',#12370,#9702,#9703);
#8228=AXIS2_PLACEMENT_3D('',#12371,#9704,#9705);
#8229=AXIS2_PLACEMENT_3D('',#12372,#9706,#9707);
#8230=AXIS2_PLACEMENT_3D('',#12375,#9709,#9710);
#8231=AXIS2_PLACEMENT_3D('',#12376,#9711,#9712);
#8232=AXIS2_PLACEMENT_3D('',#12377,#9713,#9714);
#8233=AXIS2_PLACEMENT_3D('',#12380,#9716,#9717);
#8234=AXIS2_PLACEMENT_3D('',#12381,#9718,#9719);
#8235=AXIS2_PLACEMENT_3D('',#12382,#9720,#9721);
#8236=AXIS2_PLACEMENT_3D('',#12385,#9723,#9724);
#8237=AXIS2_PLACEMENT_3D('',#12386,#9725,#9726);
#8238=AXIS2_PLACEMENT_3D('',#12387,#9727,#9728);
#8239=AXIS2_PLACEMENT_3D('',#12390,#9730,#9731);
#8240=AXIS2_PLACEMENT_3D('',#12391,#9732,#9733);
#8241=AXIS2_PLACEMENT_3D('',#12392,#9734,#9735);
#8242=AXIS2_PLACEMENT_3D('',#12395,#9737,#9738);
#8243=AXIS2_PLACEMENT_3D('',#12396,#9739,#9740);
#8244=AXIS2_PLACEMENT_3D('',#12397,#9741,#9742);
#8245=AXIS2_PLACEMENT_3D('',#12400,#9744,#9745);
#8246=AXIS2_PLACEMENT_3D('',#12401,#9746,#9747);
#8247=AXIS2_PLACEMENT_3D('',#12402,#9748,#9749);
#8248=AXIS2_PLACEMENT_3D('',#12405,#9751,#9752);
#8249=AXIS2_PLACEMENT_3D('',#12406,#9753,#9754);
#8250=AXIS2_PLACEMENT_3D('',#12407,#9755,#9756);
#8251=AXIS2_PLACEMENT_3D('',#12410,#9758,#9759);
#8252=AXIS2_PLACEMENT_3D('',#12411,#9760,#9761);
#8253=AXIS2_PLACEMENT_3D('',#12412,#9762,#9763);
#8254=AXIS2_PLACEMENT_3D('',#12415,#9765,#9766);
#8255=AXIS2_PLACEMENT_3D('',#12416,#9767,#9768);
#8256=AXIS2_PLACEMENT_3D('',#12417,#9769,#9770);
#8257=AXIS2_PLACEMENT_3D('',#12420,#9772,#9773);
#8258=AXIS2_PLACEMENT_3D('',#12421,#9774,#9775);
#8259=AXIS2_PLACEMENT_3D('',#12422,#9776,#9777);
#8260=AXIS2_PLACEMENT_3D('',#12425,#9779,#9780);
#8261=AXIS2_PLACEMENT_3D('',#12426,#9781,#9782);
#8262=AXIS2_PLACEMENT_3D('',#12427,#9783,#9784);
#8263=AXIS2_PLACEMENT_3D('',#12430,#9786,#9787);
#8264=AXIS2_PLACEMENT_3D('',#12431,#9788,#9789);
#8265=AXIS2_PLACEMENT_3D('',#12432,#9790,#9791);
#8266=AXIS2_PLACEMENT_3D('',#12435,#9793,#9794);
#8267=AXIS2_PLACEMENT_3D('',#12436,#9795,#9796);
#8268=AXIS2_PLACEMENT_3D('',#12437,#9797,#9798);
#8269=AXIS2_PLACEMENT_3D('',#12440,#9800,#9801);
#8270=AXIS2_PLACEMENT_3D('',#12441,#9802,#9803);
#8271=AXIS2_PLACEMENT_3D('',#12442,#9804,#9805);
#8272=AXIS2_PLACEMENT_3D('',#12445,#9807,#9808);
#8273=AXIS2_PLACEMENT_3D('',#12446,#9809,#9810);
#8274=AXIS2_PLACEMENT_3D('',#12447,#9811,#9812);
#8275=AXIS2_PLACEMENT_3D('',#12450,#9814,#9815);
#8276=AXIS2_PLACEMENT_3D('',#12451,#9816,#9817);
#8277=AXIS2_PLACEMENT_3D('',#12452,#9818,#9819);
#8278=AXIS2_PLACEMENT_3D('',#12455,#9821,#9822);
#8279=AXIS2_PLACEMENT_3D('',#12456,#9823,#9824);
#8280=AXIS2_PLACEMENT_3D('',#12457,#9825,#9826);
#8281=AXIS2_PLACEMENT_3D('',#12460,#9828,#9829);
#8282=AXIS2_PLACEMENT_3D('',#12461,#9830,#9831);
#8283=AXIS2_PLACEMENT_3D('',#12462,#9832,#9833);
#8284=AXIS2_PLACEMENT_3D('',#12465,#9835,#9836);
#8285=AXIS2_PLACEMENT_3D('',#12466,#9837,#9838);
#8286=AXIS2_PLACEMENT_3D('',#12467,#9839,#9840);
#8287=AXIS2_PLACEMENT_3D('',#12470,#9842,#9843);
#8288=AXIS2_PLACEMENT_3D('',#12471,#9844,#9845);
#8289=AXIS2_PLACEMENT_3D('',#12472,#9846,#9847);
#8290=AXIS2_PLACEMENT_3D('',#12475,#9849,#9850);
#8291=AXIS2_PLACEMENT_3D('',#12476,#9851,#9852);
#8292=AXIS2_PLACEMENT_3D('',#12477,#9853,#9854);
#8293=AXIS2_PLACEMENT_3D('',#12480,#9856,#9857);
#8294=AXIS2_PLACEMENT_3D('',#12481,#9858,#9859);
#8295=AXIS2_PLACEMENT_3D('',#12482,#9860,#9861);
#8296=AXIS2_PLACEMENT_3D('',#12485,#9863,#9864);
#8297=AXIS2_PLACEMENT_3D('',#12486,#9865,#9866);
#8298=AXIS2_PLACEMENT_3D('',#12487,#9867,#9868);
#8299=AXIS2_PLACEMENT_3D('',#12490,#9869,#9870);
#8300=AXIS2_PLACEMENT_3D('',#12493,#9873,#9874);
#8301=AXIS2_PLACEMENT_3D('',#12497,#9877,#9878);
#8302=AXIS2_PLACEMENT_3D('',#12500,#9879,#9880);
#8303=AXIS2_PLACEMENT_3D('',#12503,#9883,#9884);
#8304=AXIS2_PLACEMENT_3D('',#12506,#9886,#9887);
#8305=AXIS2_PLACEMENT_3D('',#12507,#9888,#9889);
#8306=AXIS2_PLACEMENT_3D('',#12509,#9890,#9891);
#8307=AXIS2_PLACEMENT_3D('',#12511,#9893,#9894);
#8308=AXIS2_PLACEMENT_3D('',#12515,#9897,#9898);
#8309=AXIS2_PLACEMENT_3D('',#12518,#9899,#9900);
#8310=AXIS2_PLACEMENT_3D('',#12521,#9903,#9904);
#8311=AXIS2_PLACEMENT_3D('',#12522,#9905,#9906);
#8312=AXIS2_PLACEMENT_3D('',#12523,#9907,#9908);
#8313=AXIS2_PLACEMENT_3D('',#12527,#9911,#9912);
#8314=AXIS2_PLACEMENT_3D('',#12530,#9914,#9915);
#8315=AXIS2_PLACEMENT_3D('',#12531,#9916,#9917);
#8316=AXIS2_PLACEMENT_3D('',#12533,#9919,#9920);
#8317=AXIS2_PLACEMENT_3D('',#12534,#9921,#9922);
#8318=AXIS2_PLACEMENT_3D('',#12535,#9923,#9924);
#8319=AXIS2_PLACEMENT_3D('',#12536,#9925,#9926);
#8320=AXIS2_PLACEMENT_3D('',#12539,#9927,#9928);
#8321=AXIS2_PLACEMENT_3D('',#12542,#9931,#9932);
#8322=AXIS2_PLACEMENT_3D('',#12546,#9935,#9936);
#8323=AXIS2_PLACEMENT_3D('',#12549,#9937,#9938);
#8324=AXIS2_PLACEMENT_3D('',#12552,#9941,#9942);
#8325=AXIS2_PLACEMENT_3D('',#12555,#9944,#9945);
#8326=AXIS2_PLACEMENT_3D('',#12556,#9946,#9947);
#8327=AXIS2_PLACEMENT_3D('',#12558,#9948,#9949);
#8328=AXIS2_PLACEMENT_3D('',#12560,#9951,#9952);
#8329=AXIS2_PLACEMENT_3D('',#12564,#9955,#9956);
#8330=AXIS2_PLACEMENT_3D('',#12567,#9957,#9958);
#8331=AXIS2_PLACEMENT_3D('',#12570,#9961,#9962);
#8332=AXIS2_PLACEMENT_3D('',#12571,#9963,#9964);
#8333=AXIS2_PLACEMENT_3D('',#12572,#9965,#9966);
#8334=AXIS2_PLACEMENT_3D('',#12576,#9969,#9970);
#8335=AXIS2_PLACEMENT_3D('',#12579,#9972,#9973);
#8336=AXIS2_PLACEMENT_3D('',#12580,#9974,#9975);
#8337=AXIS2_PLACEMENT_3D('',#12582,#9977,#9978);
#8338=AXIS2_PLACEMENT_3D('',#12583,#9979,#9980);
#8339=AXIS2_PLACEMENT_3D('',#12584,#9981,#9982);
#8340=AXIS2_PLACEMENT_3D('',#12585,#9983,#9984);
#8341=AXIS2_PLACEMENT_3D('',#12588,#9985,#9986);
#8342=AXIS2_PLACEMENT_3D('',#12591,#9989,#9990);
#8343=AXIS2_PLACEMENT_3D('',#12595,#9993,#9994);
#8344=AXIS2_PLACEMENT_3D('',#12598,#9995,#9996);
#8345=AXIS2_PLACEMENT_3D('',#12601,#9999,#10000);
#8346=AXIS2_PLACEMENT_3D('',#12604,#10002,#10003);
#8347=AXIS2_PLACEMENT_3D('',#12605,#10004,#10005);
#8348=AXIS2_PLACEMENT_3D('',#12607,#10006,#10007);
#8349=AXIS2_PLACEMENT_3D('',#12609,#10009,#10010);
#8350=AXIS2_PLACEMENT_3D('',#12613,#10013,#10014);
#8351=AXIS2_PLACEMENT_3D('',#12616,#10015,#10016);
#8352=AXIS2_PLACEMENT_3D('',#12619,#10019,#10020);
#8353=AXIS2_PLACEMENT_3D('',#12620,#10021,#10022);
#8354=AXIS2_PLACEMENT_3D('',#12621,#10023,#10024);
#8355=AXIS2_PLACEMENT_3D('',#12625,#10027,#10028);
#8356=AXIS2_PLACEMENT_3D('',#12628,#10030,#10031);
#8357=AXIS2_PLACEMENT_3D('',#12629,#10032,#10033);
#8358=AXIS2_PLACEMENT_3D('',#12631,#10035,#10036);
#8359=AXIS2_PLACEMENT_3D('',#12632,#10037,#10038);
#8360=AXIS2_PLACEMENT_3D('',#12633,#10039,#10040);
#8361=AXIS2_PLACEMENT_3D('',#12634,#10041,#10042);
#8362=AXIS2_PLACEMENT_3D('',#12637,#10043,#10044);
#8363=AXIS2_PLACEMENT_3D('',#12640,#10047,#10048);
#8364=AXIS2_PLACEMENT_3D('',#12644,#10051,#10052);
#8365=AXIS2_PLACEMENT_3D('',#12647,#10053,#10054);
#8366=AXIS2_PLACEMENT_3D('',#12650,#10057,#10058);
#8367=AXIS2_PLACEMENT_3D('',#12653,#10060,#10061);
#8368=AXIS2_PLACEMENT_3D('',#12654,#10062,#10063);
#8369=AXIS2_PLACEMENT_3D('',#12656,#10064,#10065);
#8370=AXIS2_PLACEMENT_3D('',#12658,#10067,#10068);
#8371=AXIS2_PLACEMENT_3D('',#12662,#10071,#10072);
#8372=AXIS2_PLACEMENT_3D('',#12665,#10073,#10074);
#8373=AXIS2_PLACEMENT_3D('',#12668,#10077,#10078);
#8374=AXIS2_PLACEMENT_3D('',#12669,#10079,#10080);
#8375=AXIS2_PLACEMENT_3D('',#12670,#10081,#10082);
#8376=AXIS2_PLACEMENT_3D('',#12674,#10085,#10086);
#8377=AXIS2_PLACEMENT_3D('',#12677,#10088,#10089);
#8378=AXIS2_PLACEMENT_3D('',#12678,#10090,#10091);
#8379=AXIS2_PLACEMENT_3D('',#12680,#10093,#10094);
#8380=AXIS2_PLACEMENT_3D('',#12681,#10095,#10096);
#8381=AXIS2_PLACEMENT_3D('',#12682,#10097,#10098);
#8382=AXIS2_PLACEMENT_3D('',#12683,#10099,#10100);
#8383=AXIS2_PLACEMENT_3D('',#12686,#10101,#10102);
#8384=AXIS2_PLACEMENT_3D('',#12689,#10105,#10106);
#8385=AXIS2_PLACEMENT_3D('',#12693,#10109,#10110);
#8386=AXIS2_PLACEMENT_3D('',#12696,#10111,#10112);
#8387=AXIS2_PLACEMENT_3D('',#12699,#10115,#10116);
#8388=AXIS2_PLACEMENT_3D('',#12702,#10118,#10119);
#8389=AXIS2_PLACEMENT_3D('',#12703,#10120,#10121);
#8390=AXIS2_PLACEMENT_3D('',#12705,#10122,#10123);
#8391=AXIS2_PLACEMENT_3D('',#12707,#10125,#10126);
#8392=AXIS2_PLACEMENT_3D('',#12711,#10129,#10130);
#8393=AXIS2_PLACEMENT_3D('',#12714,#10131,#10132);
#8394=AXIS2_PLACEMENT_3D('',#12717,#10135,#10136);
#8395=AXIS2_PLACEMENT_3D('',#12718,#10137,#10138);
#8396=AXIS2_PLACEMENT_3D('',#12719,#10139,#10140);
#8397=AXIS2_PLACEMENT_3D('',#12723,#10143,#10144);
#8398=AXIS2_PLACEMENT_3D('',#12726,#10146,#10147);
#8399=AXIS2_PLACEMENT_3D('',#12727,#10148,#10149);
#8400=AXIS2_PLACEMENT_3D('',#12729,#10151,#10152);
#8401=AXIS2_PLACEMENT_3D('',#12730,#10153,#10154);
#8402=AXIS2_PLACEMENT_3D('',#12731,#10155,#10156);
#8403=AXIS2_PLACEMENT_3D('',#12732,#10157,#10158);
#8404=AXIS2_PLACEMENT_3D('',#12735,#10159,#10160);
#8405=AXIS2_PLACEMENT_3D('',#12738,#10163,#10164);
#8406=AXIS2_PLACEMENT_3D('',#12742,#10167,#10168);
#8407=AXIS2_PLACEMENT_3D('',#12745,#10169,#10170);
#8408=AXIS2_PLACEMENT_3D('',#12748,#10173,#10174);
#8409=AXIS2_PLACEMENT_3D('',#12751,#10176,#10177);
#8410=AXIS2_PLACEMENT_3D('',#12752,#10178,#10179);
#8411=AXIS2_PLACEMENT_3D('',#12754,#10180,#10181);
#8412=AXIS2_PLACEMENT_3D('',#12756,#10183,#10184);
#8413=AXIS2_PLACEMENT_3D('',#12760,#10187,#10188);
#8414=AXIS2_PLACEMENT_3D('',#12763,#10189,#10190);
#8415=AXIS2_PLACEMENT_3D('',#12766,#10193,#10194);
#8416=AXIS2_PLACEMENT_3D('',#12767,#10195,#10196);
#8417=AXIS2_PLACEMENT_3D('',#12768,#10197,#10198);
#8418=AXIS2_PLACEMENT_3D('',#12772,#10201,#10202);
#8419=AXIS2_PLACEMENT_3D('',#12775,#10204,#10205);
#8420=AXIS2_PLACEMENT_3D('',#12776,#10206,#10207);
#8421=AXIS2_PLACEMENT_3D('',#12778,#10209,#10210);
#8422=AXIS2_PLACEMENT_3D('',#12779,#10211,#10212);
#8423=AXIS2_PLACEMENT_3D('',#12780,#10213,#10214);
#8424=AXIS2_PLACEMENT_3D('',#12781,#10215,#10216);
#8425=AXIS2_PLACEMENT_3D('',#12784,#10217,#10218);
#8426=AXIS2_PLACEMENT_3D('',#12787,#10221,#10222);
#8427=AXIS2_PLACEMENT_3D('',#12791,#10225,#10226);
#8428=AXIS2_PLACEMENT_3D('',#12794,#10227,#10228);
#8429=AXIS2_PLACEMENT_3D('',#12797,#10231,#10232);
#8430=AXIS2_PLACEMENT_3D('',#12800,#10234,#10235);
#8431=AXIS2_PLACEMENT_3D('',#12801,#10236,#10237);
#8432=AXIS2_PLACEMENT_3D('',#12803,#10238,#10239);
#8433=AXIS2_PLACEMENT_3D('',#12805,#10241,#10242);
#8434=AXIS2_PLACEMENT_3D('',#12809,#10245,#10246);
#8435=AXIS2_PLACEMENT_3D('',#12812,#10247,#10248);
#8436=AXIS2_PLACEMENT_3D('',#12815,#10251,#10252);
#8437=AXIS2_PLACEMENT_3D('',#12816,#10253,#10254);
#8438=AXIS2_PLACEMENT_3D('',#12817,#10255,#10256);
#8439=AXIS2_PLACEMENT_3D('',#12821,#10259,#10260);
#8440=AXIS2_PLACEMENT_3D('',#12824,#10262,#10263);
#8441=AXIS2_PLACEMENT_3D('',#12825,#10264,#10265);
#8442=AXIS2_PLACEMENT_3D('',#12827,#10267,#10268);
#8443=AXIS2_PLACEMENT_3D('',#12828,#10269,#10270);
#8444=AXIS2_PLACEMENT_3D('',#12829,#10271,#10272);
#8445=AXIS2_PLACEMENT_3D('',#12830,#10273,#10274);
#8446=AXIS2_PLACEMENT_3D('',#12833,#10275,#10276);
#8447=AXIS2_PLACEMENT_3D('',#12836,#10279,#10280);
#8448=AXIS2_PLACEMENT_3D('',#12840,#10283,#10284);
#8449=AXIS2_PLACEMENT_3D('',#12843,#10285,#10286);
#8450=AXIS2_PLACEMENT_3D('',#12846,#10289,#10290);
#8451=AXIS2_PLACEMENT_3D('',#12849,#10292,#10293);
#8452=AXIS2_PLACEMENT_3D('',#12850,#10294,#10295);
#8453=AXIS2_PLACEMENT_3D('',#12852,#10296,#10297);
#8454=AXIS2_PLACEMENT_3D('',#12854,#10299,#10300);
#8455=AXIS2_PLACEMENT_3D('',#12858,#10303,#10304);
#8456=AXIS2_PLACEMENT_3D('',#12861,#10305,#10306);
#8457=AXIS2_PLACEMENT_3D('',#12864,#10309,#10310);
#8458=AXIS2_PLACEMENT_3D('',#12865,#10311,#10312);
#8459=AXIS2_PLACEMENT_3D('',#12866,#10313,#10314);
#8460=AXIS2_PLACEMENT_3D('',#12870,#10317,#10318);
#8461=AXIS2_PLACEMENT_3D('',#12873,#10320,#10321);
#8462=AXIS2_PLACEMENT_3D('',#12874,#10322,#10323);
#8463=AXIS2_PLACEMENT_3D('',#12876,#10325,#10326);
#8464=AXIS2_PLACEMENT_3D('',#12877,#10327,#10328);
#8465=AXIS2_PLACEMENT_3D('',#12878,#10329,#10330);
#8466=AXIS2_PLACEMENT_3D('',#12879,#10331,#10332);
#8467=AXIS2_PLACEMENT_3D('',#12882,#10333,#10334);
#8468=AXIS2_PLACEMENT_3D('',#12885,#10337,#10338);
#8469=AXIS2_PLACEMENT_3D('',#12889,#10341,#10342);
#8470=AXIS2_PLACEMENT_3D('',#12892,#10343,#10344);
#8471=AXIS2_PLACEMENT_3D('',#12895,#10347,#10348);
#8472=AXIS2_PLACEMENT_3D('',#12898,#10350,#10351);
#8473=AXIS2_PLACEMENT_3D('',#12899,#10352,#10353);
#8474=AXIS2_PLACEMENT_3D('',#12901,#10354,#10355);
#8475=AXIS2_PLACEMENT_3D('',#12903,#10357,#10358);
#8476=AXIS2_PLACEMENT_3D('',#12907,#10361,#10362);
#8477=AXIS2_PLACEMENT_3D('',#12910,#10363,#10364);
#8478=AXIS2_PLACEMENT_3D('',#12913,#10367,#10368);
#8479=AXIS2_PLACEMENT_3D('',#12914,#10369,#10370);
#8480=AXIS2_PLACEMENT_3D('',#12915,#10371,#10372);
#8481=AXIS2_PLACEMENT_3D('',#12919,#10375,#10376);
#8482=AXIS2_PLACEMENT_3D('',#12922,#10378,#10379);
#8483=AXIS2_PLACEMENT_3D('',#12923,#10380,#10381);
#8484=AXIS2_PLACEMENT_3D('',#12925,#10383,#10384);
#8485=AXIS2_PLACEMENT_3D('',#12926,#10385,#10386);
#8486=AXIS2_PLACEMENT_3D('',#12927,#10387,#10388);
#8487=AXIS2_PLACEMENT_3D('',#12928,#10389,#10390);
#8488=AXIS2_PLACEMENT_3D('',#12931,#10391,#10392);
#8489=AXIS2_PLACEMENT_3D('',#12934,#10395,#10396);
#8490=AXIS2_PLACEMENT_3D('',#12938,#10399,#10400);
#8491=AXIS2_PLACEMENT_3D('',#12941,#10401,#10402);
#8492=AXIS2_PLACEMENT_3D('',#12944,#10405,#10406);
#8493=AXIS2_PLACEMENT_3D('',#12947,#10408,#10409);
#8494=AXIS2_PLACEMENT_3D('',#12948,#10410,#10411);
#8495=AXIS2_PLACEMENT_3D('',#12950,#10412,#10413);
#8496=AXIS2_PLACEMENT_3D('',#12952,#10415,#10416);
#8497=AXIS2_PLACEMENT_3D('',#12956,#10419,#10420);
#8498=AXIS2_PLACEMENT_3D('',#12959,#10421,#10422);
#8499=AXIS2_PLACEMENT_3D('',#12962,#10425,#10426);
#8500=AXIS2_PLACEMENT_3D('',#12963,#10427,#10428);
#8501=AXIS2_PLACEMENT_3D('',#12964,#10429,#10430);
#8502=AXIS2_PLACEMENT_3D('',#12968,#10433,#10434);
#8503=AXIS2_PLACEMENT_3D('',#12971,#10436,#10437);
#8504=AXIS2_PLACEMENT_3D('',#12972,#10438,#10439);
#8505=AXIS2_PLACEMENT_3D('',#12974,#10441,#10442);
#8506=AXIS2_PLACEMENT_3D('',#12975,#10443,#10444);
#8507=AXIS2_PLACEMENT_3D('',#12976,#10445,#10446);
#8508=AXIS2_PLACEMENT_3D('',#12977,#10447,#10448);
#8509=AXIS2_PLACEMENT_3D('',#12980,#10449,#10450);
#8510=AXIS2_PLACEMENT_3D('',#12983,#10453,#10454);
#8511=AXIS2_PLACEMENT_3D('',#12987,#10457,#10458);
#8512=AXIS2_PLACEMENT_3D('',#12990,#10459,#10460);
#8513=AXIS2_PLACEMENT_3D('',#12993,#10463,#10464);
#8514=AXIS2_PLACEMENT_3D('',#12996,#10466,#10467);
#8515=AXIS2_PLACEMENT_3D('',#12997,#10468,#10469);
#8516=AXIS2_PLACEMENT_3D('',#12999,#10470,#10471);
#8517=AXIS2_PLACEMENT_3D('',#13001,#10473,#10474);
#8518=AXIS2_PLACEMENT_3D('',#13005,#10477,#10478);
#8519=AXIS2_PLACEMENT_3D('',#13008,#10479,#10480);
#8520=AXIS2_PLACEMENT_3D('',#13011,#10483,#10484);
#8521=AXIS2_PLACEMENT_3D('',#13012,#10485,#10486);
#8522=AXIS2_PLACEMENT_3D('',#13013,#10487,#10488);
#8523=AXIS2_PLACEMENT_3D('',#13017,#10491,#10492);
#8524=AXIS2_PLACEMENT_3D('',#13020,#10494,#10495);
#8525=AXIS2_PLACEMENT_3D('',#13021,#10496,#10497);
#8526=AXIS2_PLACEMENT_3D('',#13023,#10499,#10500);
#8527=AXIS2_PLACEMENT_3D('',#13024,#10501,#10502);
#8528=AXIS2_PLACEMENT_3D('',#13025,#10503,#10504);
#8529=AXIS2_PLACEMENT_3D('',#13026,#10505,#10506);
#8530=AXIS2_PLACEMENT_3D('',#13029,#10507,#10508);
#8531=AXIS2_PLACEMENT_3D('',#13032,#10511,#10512);
#8532=AXIS2_PLACEMENT_3D('',#13036,#10515,#10516);
#8533=AXIS2_PLACEMENT_3D('',#13039,#10517,#10518);
#8534=AXIS2_PLACEMENT_3D('',#13042,#10521,#10522);
#8535=AXIS2_PLACEMENT_3D('',#13045,#10524,#10525);
#8536=AXIS2_PLACEMENT_3D('',#13046,#10526,#10527);
#8537=AXIS2_PLACEMENT_3D('',#13048,#10528,#10529);
#8538=AXIS2_PLACEMENT_3D('',#13050,#10531,#10532);
#8539=AXIS2_PLACEMENT_3D('',#13054,#10535,#10536);
#8540=AXIS2_PLACEMENT_3D('',#13057,#10537,#10538);
#8541=AXIS2_PLACEMENT_3D('',#13060,#10541,#10542);
#8542=AXIS2_PLACEMENT_3D('',#13061,#10543,#10544);
#8543=AXIS2_PLACEMENT_3D('',#13062,#10545,#10546);
#8544=AXIS2_PLACEMENT_3D('',#13066,#10549,#10550);
#8545=AXIS2_PLACEMENT_3D('',#13069,#10552,#10553);
#8546=AXIS2_PLACEMENT_3D('',#13070,#10554,#10555);
#8547=AXIS2_PLACEMENT_3D('',#13072,#10557,#10558);
#8548=AXIS2_PLACEMENT_3D('',#13073,#10559,#10560);
#8549=AXIS2_PLACEMENT_3D('',#13074,#10561,#10562);
#8550=AXIS2_PLACEMENT_3D('',#13075,#10563,#10564);
#8551=AXIS2_PLACEMENT_3D('',#13078,#10565,#10566);
#8552=AXIS2_PLACEMENT_3D('',#13081,#10569,#10570);
#8553=AXIS2_PLACEMENT_3D('',#13085,#10573,#10574);
#8554=AXIS2_PLACEMENT_3D('',#13088,#10575,#10576);
#8555=AXIS2_PLACEMENT_3D('',#13091,#10579,#10580);
#8556=AXIS2_PLACEMENT_3D('',#13094,#10582,#10583);
#8557=AXIS2_PLACEMENT_3D('',#13095,#10584,#10585);
#8558=AXIS2_PLACEMENT_3D('',#13097,#10586,#10587);
#8559=AXIS2_PLACEMENT_3D('',#13099,#10589,#10590);
#8560=AXIS2_PLACEMENT_3D('',#13103,#10593,#10594);
#8561=AXIS2_PLACEMENT_3D('',#13106,#10595,#10596);
#8562=AXIS2_PLACEMENT_3D('',#13109,#10599,#10600);
#8563=AXIS2_PLACEMENT_3D('',#13110,#10601,#10602);
#8564=AXIS2_PLACEMENT_3D('',#13111,#10603,#10604);
#8565=AXIS2_PLACEMENT_3D('',#13115,#10607,#10608);
#8566=AXIS2_PLACEMENT_3D('',#13118,#10610,#10611);
#8567=AXIS2_PLACEMENT_3D('',#13119,#10612,#10613);
#8568=AXIS2_PLACEMENT_3D('',#13121,#10615,#10616);
#8569=AXIS2_PLACEMENT_3D('',#13122,#10617,#10618);
#8570=AXIS2_PLACEMENT_3D('',#13123,#10619,#10620);
#8571=AXIS2_PLACEMENT_3D('',#13124,#10621,#10622);
#8572=AXIS2_PLACEMENT_3D('',#13127,#10623,#10624);
#8573=AXIS2_PLACEMENT_3D('',#13130,#10627,#10628);
#8574=AXIS2_PLACEMENT_3D('',#13134,#10631,#10632);
#8575=AXIS2_PLACEMENT_3D('',#13137,#10633,#10634);
#8576=AXIS2_PLACEMENT_3D('',#13140,#10637,#10638);
#8577=AXIS2_PLACEMENT_3D('',#13143,#10640,#10641);
#8578=AXIS2_PLACEMENT_3D('',#13144,#10642,#10643);
#8579=AXIS2_PLACEMENT_3D('',#13146,#10644,#10645);
#8580=AXIS2_PLACEMENT_3D('',#13148,#10647,#10648);
#8581=AXIS2_PLACEMENT_3D('',#13152,#10651,#10652);
#8582=AXIS2_PLACEMENT_3D('',#13155,#10653,#10654);
#8583=AXIS2_PLACEMENT_3D('',#13158,#10657,#10658);
#8584=AXIS2_PLACEMENT_3D('',#13159,#10659,#10660);
#8585=AXIS2_PLACEMENT_3D('',#13160,#10661,#10662);
#8586=AXIS2_PLACEMENT_3D('',#13164,#10665,#10666);
#8587=AXIS2_PLACEMENT_3D('',#13167,#10668,#10669);
#8588=AXIS2_PLACEMENT_3D('',#13168,#10670,#10671);
#8589=AXIS2_PLACEMENT_3D('',#13170,#10673,#10674);
#8590=AXIS2_PLACEMENT_3D('',#13171,#10675,#10676);
#8591=AXIS2_PLACEMENT_3D('',#13172,#10677,#10678);
#8592=AXIS2_PLACEMENT_3D('',#13173,#10679,#10680);
#8593=AXIS2_PLACEMENT_3D('',#13176,#10681,#10682);
#8594=AXIS2_PLACEMENT_3D('',#13179,#10685,#10686);
#8595=AXIS2_PLACEMENT_3D('',#13183,#10689,#10690);
#8596=AXIS2_PLACEMENT_3D('',#13186,#10691,#10692);
#8597=AXIS2_PLACEMENT_3D('',#13189,#10695,#10696);
#8598=AXIS2_PLACEMENT_3D('',#13192,#10698,#10699);
#8599=AXIS2_PLACEMENT_3D('',#13193,#10700,#10701);
#8600=AXIS2_PLACEMENT_3D('',#13195,#10702,#10703);
#8601=AXIS2_PLACEMENT_3D('',#13197,#10705,#10706);
#8602=AXIS2_PLACEMENT_3D('',#13201,#10709,#10710);
#8603=AXIS2_PLACEMENT_3D('',#13204,#10711,#10712);
#8604=AXIS2_PLACEMENT_3D('',#13207,#10715,#10716);
#8605=AXIS2_PLACEMENT_3D('',#13208,#10717,#10718);
#8606=AXIS2_PLACEMENT_3D('',#13209,#10719,#10720);
#8607=AXIS2_PLACEMENT_3D('',#13213,#10723,#10724);
#8608=AXIS2_PLACEMENT_3D('',#13216,#10726,#10727);
#8609=AXIS2_PLACEMENT_3D('',#13217,#10728,#10729);
#8610=AXIS2_PLACEMENT_3D('',#13219,#10731,#10732);
#8611=AXIS2_PLACEMENT_3D('',#13220,#10733,#10734);
#8612=AXIS2_PLACEMENT_3D('',#13221,#10735,#10736);
#8613=AXIS2_PLACEMENT_3D('',#13222,#10737,#10738);
#8614=AXIS2_PLACEMENT_3D('',#13225,#10739,#10740);
#8615=AXIS2_PLACEMENT_3D('',#13228,#10743,#10744);
#8616=AXIS2_PLACEMENT_3D('',#13232,#10747,#10748);
#8617=AXIS2_PLACEMENT_3D('',#13235,#10749,#10750);
#8618=AXIS2_PLACEMENT_3D('',#13238,#10753,#10754);
#8619=AXIS2_PLACEMENT_3D('',#13241,#10756,#10757);
#8620=AXIS2_PLACEMENT_3D('',#13242,#10758,#10759);
#8621=AXIS2_PLACEMENT_3D('',#13244,#10760,#10761);
#8622=AXIS2_PLACEMENT_3D('',#13246,#10763,#10764);
#8623=AXIS2_PLACEMENT_3D('',#13250,#10767,#10768);
#8624=AXIS2_PLACEMENT_3D('',#13253,#10769,#10770);
#8625=AXIS2_PLACEMENT_3D('',#13256,#10773,#10774);
#8626=AXIS2_PLACEMENT_3D('',#13257,#10775,#10776);
#8627=AXIS2_PLACEMENT_3D('',#13258,#10777,#10778);
#8628=AXIS2_PLACEMENT_3D('',#13262,#10781,#10782);
#8629=AXIS2_PLACEMENT_3D('',#13265,#10784,#10785);
#8630=AXIS2_PLACEMENT_3D('',#13266,#10786,#10787);
#8631=AXIS2_PLACEMENT_3D('',#13268,#10789,#10790);
#8632=AXIS2_PLACEMENT_3D('',#13269,#10791,#10792);
#8633=AXIS2_PLACEMENT_3D('',#13270,#10793,#10794);
#8634=AXIS2_PLACEMENT_3D('',#13271,#10795,#10796);
#8635=AXIS2_PLACEMENT_3D('',#13274,#10797,#10798);
#8636=AXIS2_PLACEMENT_3D('',#13277,#10801,#10802);
#8637=AXIS2_PLACEMENT_3D('',#13281,#10805,#10806);
#8638=AXIS2_PLACEMENT_3D('',#13284,#10807,#10808);
#8639=AXIS2_PLACEMENT_3D('',#13287,#10811,#10812);
#8640=AXIS2_PLACEMENT_3D('',#13290,#10814,#10815);
#8641=AXIS2_PLACEMENT_3D('',#13291,#10816,#10817);
#8642=AXIS2_PLACEMENT_3D('',#13293,#10818,#10819);
#8643=AXIS2_PLACEMENT_3D('',#13295,#10821,#10822);
#8644=AXIS2_PLACEMENT_3D('',#13299,#10825,#10826);
#8645=AXIS2_PLACEMENT_3D('',#13302,#10827,#10828);
#8646=AXIS2_PLACEMENT_3D('',#13305,#10831,#10832);
#8647=AXIS2_PLACEMENT_3D('',#13306,#10833,#10834);
#8648=AXIS2_PLACEMENT_3D('',#13307,#10835,#10836);
#8649=AXIS2_PLACEMENT_3D('',#13311,#10839,#10840);
#8650=AXIS2_PLACEMENT_3D('',#13314,#10842,#10843);
#8651=AXIS2_PLACEMENT_3D('',#13315,#10844,#10845);
#8652=AXIS2_PLACEMENT_3D('',#13317,#10847,#10848);
#8653=AXIS2_PLACEMENT_3D('',#13318,#10849,#10850);
#8654=AXIS2_PLACEMENT_3D('',#13319,#10851,#10852);
#8655=AXIS2_PLACEMENT_3D('',#13320,#10853,#10854);
#8656=AXIS2_PLACEMENT_3D('',#13323,#10855,#10856);
#8657=AXIS2_PLACEMENT_3D('',#13326,#10859,#10860);
#8658=AXIS2_PLACEMENT_3D('',#13330,#10863,#10864);
#8659=AXIS2_PLACEMENT_3D('',#13333,#10865,#10866);
#8660=AXIS2_PLACEMENT_3D('',#13336,#10869,#10870);
#8661=AXIS2_PLACEMENT_3D('',#13339,#10872,#10873);
#8662=AXIS2_PLACEMENT_3D('',#13340,#10874,#10875);
#8663=AXIS2_PLACEMENT_3D('',#13342,#10876,#10877);
#8664=AXIS2_PLACEMENT_3D('',#13344,#10879,#10880);
#8665=AXIS2_PLACEMENT_3D('',#13348,#10883,#10884);
#8666=AXIS2_PLACEMENT_3D('',#13351,#10885,#10886);
#8667=AXIS2_PLACEMENT_3D('',#13354,#10889,#10890);
#8668=AXIS2_PLACEMENT_3D('',#13355,#10891,#10892);
#8669=AXIS2_PLACEMENT_3D('',#13356,#10893,#10894);
#8670=AXIS2_PLACEMENT_3D('',#13360,#10897,#10898);
#8671=AXIS2_PLACEMENT_3D('',#13363,#10900,#10901);
#8672=AXIS2_PLACEMENT_3D('',#13364,#10902,#10903);
#8673=AXIS2_PLACEMENT_3D('',#13366,#10905,#10906);
#8674=AXIS2_PLACEMENT_3D('',#13367,#10907,#10908);
#8675=AXIS2_PLACEMENT_3D('',#13368,#10909,#10910);
#8676=AXIS2_PLACEMENT_3D('',#13369,#10911,#10912);
#8677=AXIS2_PLACEMENT_3D('',#13372,#10913,#10914);
#8678=AXIS2_PLACEMENT_3D('',#13375,#10917,#10918);
#8679=AXIS2_PLACEMENT_3D('',#13379,#10921,#10922);
#8680=AXIS2_PLACEMENT_3D('',#13382,#10923,#10924);
#8681=AXIS2_PLACEMENT_3D('',#13385,#10927,#10928);
#8682=AXIS2_PLACEMENT_3D('',#13388,#10930,#10931);
#8683=AXIS2_PLACEMENT_3D('',#13389,#10932,#10933);
#8684=AXIS2_PLACEMENT_3D('',#13391,#10934,#10935);
#8685=AXIS2_PLACEMENT_3D('',#13393,#10937,#10938);
#8686=AXIS2_PLACEMENT_3D('',#13397,#10941,#10942);
#8687=AXIS2_PLACEMENT_3D('',#13400,#10943,#10944);
#8688=AXIS2_PLACEMENT_3D('',#13403,#10947,#10948);
#8689=AXIS2_PLACEMENT_3D('',#13404,#10949,#10950);
#8690=AXIS2_PLACEMENT_3D('',#13405,#10951,#10952);
#8691=AXIS2_PLACEMENT_3D('',#13409,#10955,#10956);
#8692=AXIS2_PLACEMENT_3D('',#13412,#10958,#10959);
#8693=AXIS2_PLACEMENT_3D('',#13413,#10960,#10961);
#8694=AXIS2_PLACEMENT_3D('',#13415,#10963,#10964);
#8695=AXIS2_PLACEMENT_3D('',#13416,#10965,#10966);
#8696=AXIS2_PLACEMENT_3D('',#13417,#10967,#10968);
#8697=AXIS2_PLACEMENT_3D('',#13418,#10969,#10970);
#8698=AXIS2_PLACEMENT_3D('',#13421,#10971,#10972);
#8699=AXIS2_PLACEMENT_3D('',#13424,#10975,#10976);
#8700=AXIS2_PLACEMENT_3D('',#13428,#10979,#10980);
#8701=AXIS2_PLACEMENT_3D('',#13431,#10981,#10982);
#8702=AXIS2_PLACEMENT_3D('',#13434,#10985,#10986);
#8703=AXIS2_PLACEMENT_3D('',#13437,#10988,#10989);
#8704=AXIS2_PLACEMENT_3D('',#13438,#10990,#10991);
#8705=AXIS2_PLACEMENT_3D('',#13440,#10992,#10993);
#8706=AXIS2_PLACEMENT_3D('',#13442,#10995,#10996);
#8707=AXIS2_PLACEMENT_3D('',#13446,#10999,#11000);
#8708=AXIS2_PLACEMENT_3D('',#13449,#11001,#11002);
#8709=AXIS2_PLACEMENT_3D('',#13452,#11005,#11006);
#8710=AXIS2_PLACEMENT_3D('',#13453,#11007,#11008);
#8711=AXIS2_PLACEMENT_3D('',#13454,#11009,#11010);
#8712=AXIS2_PLACEMENT_3D('',#13458,#11013,#11014);
#8713=AXIS2_PLACEMENT_3D('',#13461,#11016,#11017);
#8714=AXIS2_PLACEMENT_3D('',#13462,#11018,#11019);
#8715=AXIS2_PLACEMENT_3D('',#13464,#11021,#11022);
#8716=AXIS2_PLACEMENT_3D('',#13465,#11023,#11024);
#8717=AXIS2_PLACEMENT_3D('',#13466,#11025,#11026);
#8718=AXIS2_PLACEMENT_3D('',#13467,#11027,#11028);
#8719=AXIS2_PLACEMENT_3D('',#13470,#11029,#11030);
#8720=AXIS2_PLACEMENT_3D('',#13473,#11033,#11034);
#8721=AXIS2_PLACEMENT_3D('',#13477,#11037,#11038);
#8722=AXIS2_PLACEMENT_3D('',#13480,#11039,#11040);
#8723=AXIS2_PLACEMENT_3D('',#13483,#11043,#11044);
#8724=AXIS2_PLACEMENT_3D('',#13486,#11046,#11047);
#8725=AXIS2_PLACEMENT_3D('',#13487,#11048,#11049);
#8726=AXIS2_PLACEMENT_3D('',#13489,#11050,#11051);
#8727=AXIS2_PLACEMENT_3D('',#13491,#11053,#11054);
#8728=AXIS2_PLACEMENT_3D('',#13495,#11057,#11058);
#8729=AXIS2_PLACEMENT_3D('',#13498,#11059,#11060);
#8730=AXIS2_PLACEMENT_3D('',#13501,#11063,#11064);
#8731=AXIS2_PLACEMENT_3D('',#13502,#11065,#11066);
#8732=AXIS2_PLACEMENT_3D('',#13503,#11067,#11068);
#8733=AXIS2_PLACEMENT_3D('',#13507,#11071,#11072);
#8734=AXIS2_PLACEMENT_3D('',#13510,#11074,#11075);
#8735=AXIS2_PLACEMENT_3D('',#13511,#11076,#11077);
#8736=AXIS2_PLACEMENT_3D('',#13513,#11079,#11080);
#8737=AXIS2_PLACEMENT_3D('',#13514,#11081,#11082);
#8738=AXIS2_PLACEMENT_3D('',#13515,#11083,#11084);
#8739=AXIS2_PLACEMENT_3D('',#13516,#11085,#11086);
#8740=AXIS2_PLACEMENT_3D('',#13519,#11087,#11088);
#8741=AXIS2_PLACEMENT_3D('',#13522,#11091,#11092);
#8742=AXIS2_PLACEMENT_3D('',#13526,#11095,#11096);
#8743=AXIS2_PLACEMENT_3D('',#13529,#11097,#11098);
#8744=AXIS2_PLACEMENT_3D('',#13532,#11101,#11102);
#8745=AXIS2_PLACEMENT_3D('',#13535,#11104,#11105);
#8746=AXIS2_PLACEMENT_3D('',#13536,#11106,#11107);
#8747=AXIS2_PLACEMENT_3D('',#13538,#11108,#11109);
#8748=AXIS2_PLACEMENT_3D('',#13540,#11111,#11112);
#8749=AXIS2_PLACEMENT_3D('',#13544,#11115,#11116);
#8750=AXIS2_PLACEMENT_3D('',#13547,#11117,#11118);
#8751=AXIS2_PLACEMENT_3D('',#13550,#11121,#11122);
#8752=AXIS2_PLACEMENT_3D('',#13551,#11123,#11124);
#8753=AXIS2_PLACEMENT_3D('',#13552,#11125,#11126);
#8754=AXIS2_PLACEMENT_3D('',#13556,#11129,#11130);
#8755=AXIS2_PLACEMENT_3D('',#13559,#11132,#11133);
#8756=AXIS2_PLACEMENT_3D('',#13560,#11134,#11135);
#8757=AXIS2_PLACEMENT_3D('',#13562,#11137,#11138);
#8758=AXIS2_PLACEMENT_3D('',#13563,#11139,#11140);
#8759=AXIS2_PLACEMENT_3D('',#13564,#11141,#11142);
#8760=AXIS2_PLACEMENT_3D('',#13565,#11143,#11144);
#8761=AXIS2_PLACEMENT_3D('',#13568,#11145,#11146);
#8762=AXIS2_PLACEMENT_3D('',#13571,#11149,#11150);
#8763=AXIS2_PLACEMENT_3D('',#13575,#11153,#11154);
#8764=AXIS2_PLACEMENT_3D('',#13578,#11155,#11156);
#8765=AXIS2_PLACEMENT_3D('',#13581,#11159,#11160);
#8766=AXIS2_PLACEMENT_3D('',#13584,#11162,#11163);
#8767=AXIS2_PLACEMENT_3D('',#13585,#11164,#11165);
#8768=AXIS2_PLACEMENT_3D('',#13587,#11166,#11167);
#8769=AXIS2_PLACEMENT_3D('',#13589,#11169,#11170);
#8770=AXIS2_PLACEMENT_3D('',#13593,#11173,#11174);
#8771=AXIS2_PLACEMENT_3D('',#13596,#11175,#11176);
#8772=AXIS2_PLACEMENT_3D('',#13599,#11179,#11180);
#8773=AXIS2_PLACEMENT_3D('',#13600,#11181,#11182);
#8774=AXIS2_PLACEMENT_3D('',#13601,#11183,#11184);
#8775=AXIS2_PLACEMENT_3D('',#13605,#11187,#11188);
#8776=AXIS2_PLACEMENT_3D('',#13608,#11190,#11191);
#8777=AXIS2_PLACEMENT_3D('',#13609,#11192,#11193);
#8778=AXIS2_PLACEMENT_3D('',#13611,#11195,#11196);
#8779=AXIS2_PLACEMENT_3D('',#13612,#11197,#11198);
#8780=AXIS2_PLACEMENT_3D('',#13613,#11199,#11200);
#8781=AXIS2_PLACEMENT_3D('',#13614,#11201,#11202);
#8782=AXIS2_PLACEMENT_3D('',#13617,#11203,#11204);
#8783=AXIS2_PLACEMENT_3D('',#13620,#11207,#11208);
#8784=AXIS2_PLACEMENT_3D('',#13624,#11211,#11212);
#8785=AXIS2_PLACEMENT_3D('',#13627,#11213,#11214);
#8786=AXIS2_PLACEMENT_3D('',#13630,#11217,#11218);
#8787=AXIS2_PLACEMENT_3D('',#13633,#11220,#11221);
#8788=AXIS2_PLACEMENT_3D('',#13634,#11222,#11223);
#8789=AXIS2_PLACEMENT_3D('',#13636,#11224,#11225);
#8790=AXIS2_PLACEMENT_3D('',#13638,#11227,#11228);
#8791=AXIS2_PLACEMENT_3D('',#13642,#11231,#11232);
#8792=AXIS2_PLACEMENT_3D('',#13645,#11233,#11234);
#8793=AXIS2_PLACEMENT_3D('',#13648,#11237,#11238);
#8794=AXIS2_PLACEMENT_3D('',#13649,#11239,#11240);
#8795=AXIS2_PLACEMENT_3D('',#13650,#11241,#11242);
#8796=AXIS2_PLACEMENT_3D('',#13654,#11245,#11246);
#8797=AXIS2_PLACEMENT_3D('',#13657,#11248,#11249);
#8798=AXIS2_PLACEMENT_3D('',#13658,#11250,#11251);
#8799=AXIS2_PLACEMENT_3D('',#13660,#11253,#11254);
#8800=AXIS2_PLACEMENT_3D('',#13661,#11255,#11256);
#8801=AXIS2_PLACEMENT_3D('',#13662,#11257,#11258);
#8802=AXIS2_PLACEMENT_3D('',#13663,#11259,#11260);
#8803=AXIS2_PLACEMENT_3D('',#13666,#11261,#11262);
#8804=AXIS2_PLACEMENT_3D('',#13669,#11265,#11266);
#8805=AXIS2_PLACEMENT_3D('',#13673,#11269,#11270);
#8806=AXIS2_PLACEMENT_3D('',#13676,#11271,#11272);
#8807=AXIS2_PLACEMENT_3D('',#13679,#11275,#11276);
#8808=AXIS2_PLACEMENT_3D('',#13682,#11278,#11279);
#8809=AXIS2_PLACEMENT_3D('',#13683,#11280,#11281);
#8810=AXIS2_PLACEMENT_3D('',#13685,#11282,#11283);
#8811=AXIS2_PLACEMENT_3D('',#13687,#11285,#11286);
#8812=AXIS2_PLACEMENT_3D('',#13691,#11289,#11290);
#8813=AXIS2_PLACEMENT_3D('',#13694,#11291,#11292);
#8814=AXIS2_PLACEMENT_3D('',#13697,#11295,#11296);
#8815=AXIS2_PLACEMENT_3D('',#13698,#11297,#11298);
#8816=AXIS2_PLACEMENT_3D('',#13699,#11299,#11300);
#8817=AXIS2_PLACEMENT_3D('',#13703,#11303,#11304);
#8818=AXIS2_PLACEMENT_3D('',#13706,#11306,#11307);
#8819=AXIS2_PLACEMENT_3D('',#13707,#11308,#11309);
#8820=AXIS2_PLACEMENT_3D('',#13709,#11311,#11312);
#8821=AXIS2_PLACEMENT_3D('',#13710,#11313,#11314);
#8822=AXIS2_PLACEMENT_3D('',#13711,#11315,#11316);
#8823=AXIS2_PLACEMENT_3D('',#13712,#11317,#11318);
#8824=AXIS2_PLACEMENT_3D('',#13715,#11319,#11320);
#8825=AXIS2_PLACEMENT_3D('',#13718,#11323,#11324);
#8826=AXIS2_PLACEMENT_3D('',#13722,#11327,#11328);
#8827=AXIS2_PLACEMENT_3D('',#13725,#11329,#11330);
#8828=AXIS2_PLACEMENT_3D('',#13728,#11333,#11334);
#8829=AXIS2_PLACEMENT_3D('',#13731,#11336,#11337);
#8830=AXIS2_PLACEMENT_3D('',#13732,#11338,#11339);
#8831=AXIS2_PLACEMENT_3D('',#13734,#11340,#11341);
#8832=AXIS2_PLACEMENT_3D('',#13736,#11343,#11344);
#8833=AXIS2_PLACEMENT_3D('',#13740,#11347,#11348);
#8834=AXIS2_PLACEMENT_3D('',#13743,#11349,#11350);
#8835=AXIS2_PLACEMENT_3D('',#13746,#11353,#11354);
#8836=AXIS2_PLACEMENT_3D('',#13747,#11355,#11356);
#8837=AXIS2_PLACEMENT_3D('',#13748,#11357,#11358);
#8838=AXIS2_PLACEMENT_3D('',#13752,#11361,#11362);
#8839=AXIS2_PLACEMENT_3D('',#13755,#11364,#11365);
#8840=AXIS2_PLACEMENT_3D('',#13756,#11366,#11367);
#8841=AXIS2_PLACEMENT_3D('',#13758,#11369,#11370);
#8842=AXIS2_PLACEMENT_3D('',#13759,#11371,#11372);
#8843=AXIS2_PLACEMENT_3D('',#13760,#11373,#11374);
#8844=AXIS2_PLACEMENT_3D('',#13761,#11375,#11376);
#8845=AXIS2_PLACEMENT_3D('',#13764,#11377,#11378);
#8846=AXIS2_PLACEMENT_3D('',#13767,#11381,#11382);
#8847=AXIS2_PLACEMENT_3D('',#13771,#11385,#11386);
#8848=AXIS2_PLACEMENT_3D('',#13774,#11387,#11388);
#8849=AXIS2_PLACEMENT_3D('',#13777,#11391,#11392);
#8850=AXIS2_PLACEMENT_3D('',#13780,#11394,#11395);
#8851=AXIS2_PLACEMENT_3D('',#13781,#11396,#11397);
#8852=AXIS2_PLACEMENT_3D('',#13783,#11398,#11399);
#8853=AXIS2_PLACEMENT_3D('',#13785,#11401,#11402);
#8854=AXIS2_PLACEMENT_3D('',#13789,#11405,#11406);
#8855=AXIS2_PLACEMENT_3D('',#13792,#11407,#11408);
#8856=AXIS2_PLACEMENT_3D('',#13795,#11411,#11412);
#8857=AXIS2_PLACEMENT_3D('',#13796,#11413,#11414);
#8858=AXIS2_PLACEMENT_3D('',#13797,#11415,#11416);
#8859=AXIS2_PLACEMENT_3D('',#13801,#11419,#11420);
#8860=AXIS2_PLACEMENT_3D('',#13804,#11422,#11423);
#8861=AXIS2_PLACEMENT_3D('',#13805,#11424,#11425);
#8862=AXIS2_PLACEMENT_3D('',#13807,#11427,#11428);
#8863=AXIS2_PLACEMENT_3D('',#13808,#11429,#11430);
#8864=AXIS2_PLACEMENT_3D('',#13809,#11431,#11432);
#8865=DIRECTION('axis',(0.,0.,1.));
#8866=DIRECTION('refdir',(1.,0.,0.));
#8867=DIRECTION('center_axis',(-0.707106781186546,-6.41736736899214E-17,
-0.707106781186549));
#8868=DIRECTION('ref_axis',(-0.707106781186549,0.,0.707106781186546));
#8869=DIRECTION('center_axis',(0.707106781186546,6.41736736899214E-17,0.707106781186549));
#8870=DIRECTION('ref_axis',(0.,-1.,9.0755279679592E-17));
#8871=DIRECTION('',(-9.07552796795925E-17,1.,0.));
#8872=DIRECTION('center_axis',(-0.707106781186546,-6.41736736899214E-17,
-0.707106781186549));
#8873=DIRECTION('ref_axis',(0.,-1.,9.0755279679592E-17));
#8874=DIRECTION('',(9.07552796795925E-17,-1.,0.));
#8875=DIRECTION('center_axis',(0.,0.,1.));
#8876=DIRECTION('ref_axis',(1.,0.,0.));
#8877=DIRECTION('center_axis',(0.,0.,-1.));
#8878=DIRECTION('ref_axis',(0.,1.,0.));
#8879=DIRECTION('',(1.00335003645772E-16,-1.,0.));
#8880=DIRECTION('center_axis',(0.,0.,1.));
#8881=DIRECTION('ref_axis',(0.,1.,0.));
#8882=DIRECTION('center_axis',(0.707106781186547,7.09475614683021E-17,-0.707106781186548));
#8883=DIRECTION('ref_axis',(-0.707106781186548,0.,-0.707106781186547));
#8884=DIRECTION('center_axis',(0.707106781186547,7.09475614683021E-17,-0.707106781186548));
#8885=DIRECTION('ref_axis',(0.,-1.,-1.00335003645772E-16));
#8886=DIRECTION('center_axis',(-0.707106781186547,-7.09475614683021E-17,
0.707106781186548));
#8887=DIRECTION('ref_axis',(0.,-1.,-1.00335003645772E-16));
#8888=DIRECTION('',(-1.00335003645772E-16,1.,0.));
#8889=DIRECTION('center_axis',(-0.707106781186547,0.,-0.707106781186548));
#8890=DIRECTION('ref_axis',(-0.707106781186548,0.,0.707106781186547));
#8891=DIRECTION('center_axis',(-0.707106781186547,0.,-0.707106781186548));
#8892=DIRECTION('ref_axis',(0.,-1.,0.));
#8893=DIRECTION('',(0.,1.,0.));
#8894=DIRECTION('center_axis',(0.707106781186547,0.,0.707106781186548));
#8895=DIRECTION('ref_axis',(0.,-1.,0.));
#8896=DIRECTION('',(0.,-1.,0.));
#8897=DIRECTION('center_axis',(0.,0.,1.));
#8898=DIRECTION('ref_axis',(1.,0.,0.));
#8899=DIRECTION('center_axis',(0.,0.,1.));
#8900=DIRECTION('ref_axis',(0.,1.,0.));
#8901=DIRECTION('',(0.,-1.,0.));
#8902=DIRECTION('center_axis',(0.,0.,-1.));
#8903=DIRECTION('ref_axis',(0.,1.,0.));
#8904=DIRECTION('center_axis',(0.707106781186547,0.,-0.707106781186548));
#8905=DIRECTION('ref_axis',(-0.707106781186548,0.,-0.707106781186547));
#8906=DIRECTION('center_axis',(-0.707106781186547,0.,0.707106781186548));
#8907=DIRECTION('ref_axis',(0.,-1.,0.));
#8908=DIRECTION('center_axis',(0.707106781186547,0.,-0.707106781186548));
#8909=DIRECTION('ref_axis',(0.,-1.,0.));
#8910=DIRECTION('',(0.,1.,0.));
#8911=DIRECTION('center_axis',(1.22464679914735E-16,0.,-1.));
#8912=DIRECTION('ref_axis',(0.,-1.,0.));
#8913=DIRECTION('center_axis',(1.22464679914735E-16,0.,-1.));
#8914=DIRECTION('ref_axis',(0.,-1.,0.));
#8915=DIRECTION('center_axis',(-1.22464679914735E-16,0.,1.));
#8916=DIRECTION('ref_axis',(0.,-1.,0.));
#8917=DIRECTION('center_axis',(-0.577350269189626,0.577350269189626,-0.577350269189626));
#8918=DIRECTION('ref_axis',(0.707106781186548,0.,-0.707106781186547));
#8919=DIRECTION('center_axis',(-1.,0.,0.));
#8920=DIRECTION('ref_axis',(0.,0.,1.));
#8921=DIRECTION('center_axis',(1.,0.,0.));
#8922=DIRECTION('ref_axis',(0.,0.,-1.));
#8923=DIRECTION('center_axis',(-1.22464679914735E-16,0.,1.));
#8924=DIRECTION('ref_axis',(0.,-1.,0.));
#8925=DIRECTION('center_axis',(0.408248290463863,0.816496580927726,0.408248290463863));
#8926=DIRECTION('ref_axis',(-0.707106781186548,9.99919924347898E-17,0.707106781186547));
#8927=DIRECTION('center_axis',(-1.22464679914735E-16,0.,1.));
#8928=DIRECTION('ref_axis',(0.,-1.,0.));
#8929=DIRECTION('center_axis',(1.,1.00335003645772E-16,0.));
#8930=DIRECTION('ref_axis',(0.,0.,-1.));
#8931=DIRECTION('center_axis',(-1.,-9.07552796795925E-17,0.));
#8932=DIRECTION('ref_axis',(0.,0.,1.));
#8933=DIRECTION('center_axis',(1.,0.,0.));
#8934=DIRECTION('ref_axis',(0.,1.,0.));
#8935=DIRECTION('',(0.,1.,0.));
#8936=DIRECTION('center_axis',(1.,0.,0.));
#8937=DIRECTION('ref_axis',(0.,0.,1.));
#8938=DIRECTION('center_axis',(-1.22464679914735E-16,0.,1.));
#8939=DIRECTION('ref_axis',(0.,-1.,0.));
#8940=DIRECTION('center_axis',(-1.22464679914735E-16,0.,1.));
#8941=DIRECTION('ref_axis',(0.,-1.,0.));
#8942=DIRECTION('center_axis',(1.22464679914735E-16,0.,-1.));
#8943=DIRECTION('ref_axis',(0.,-1.,0.));
#8944=DIRECTION('center_axis',(-0.577350269189626,0.577350269189626,-0.577350269189626));
#8945=DIRECTION('ref_axis',(0.707106781186548,0.,-0.707106781186547));
#8946=DIRECTION('center_axis',(1.,9.07552796795925E-17,0.));
#8947=DIRECTION('ref_axis',(0.,0.,1.));
#8948=DIRECTION('center_axis',(-1.,-1.00335003645772E-16,0.));
#8949=DIRECTION('ref_axis',(0.,0.,-1.));
#8950=DIRECTION('center_axis',(1.22464679914735E-16,0.,-1.));
#8951=DIRECTION('ref_axis',(0.,-1.,0.));
#8952=DIRECTION('center_axis',(0.408248290463863,0.816496580927726,0.408248290463863));
#8953=DIRECTION('ref_axis',(-0.707106781186548,9.99919924347898E-17,0.707106781186547));
#8954=DIRECTION('center_axis',(1.22464679914735E-16,0.,-1.));
#8955=DIRECTION('ref_axis',(0.,-1.,0.));
#8956=DIRECTION('center_axis',(-1.,0.,0.));
#8957=DIRECTION('ref_axis',(0.,0.,-1.));
#8958=DIRECTION('center_axis',(-1.22464679914735E-16,0.,1.));
#8959=DIRECTION('ref_axis',(0.,-1.,0.));
#8960=DIRECTION('center_axis',(-1.22464679914735E-16,0.,1.));
#8961=DIRECTION('ref_axis',(0.,-1.,0.));
#8962=DIRECTION('center_axis',(-1.,0.,0.));
#8963=DIRECTION('ref_axis',(0.,-1.,0.));
#8964=DIRECTION('',(0.,-1.,0.));
#8965=DIRECTION('center_axis',(1.22464679914735E-16,0.,-1.));
#8966=DIRECTION('ref_axis',(0.,-1.,0.));
#8967=DIRECTION('center_axis',(1.22464679914735E-16,0.,-1.));
#8968=DIRECTION('ref_axis',(0.,-1.,0.));
#8969=DIRECTION('center_axis',(-1.,-1.00335003645772E-16,0.));
#8970=DIRECTION('ref_axis',(1.00335003645772E-16,-1.,0.));
#8971=DIRECTION('',(1.00335003645772E-16,-1.,1.22874941057232E-32));
#8972=DIRECTION('center_axis',(1.22464679914735E-16,0.,-1.));
#8973=DIRECTION('ref_axis',(-1.,0.,-1.22464679914735E-16));
#8974=DIRECTION('',(-9.07552796795925E-17,1.,-1.11143162765336E-32));
#8975=DIRECTION('center_axis',(1.22464679914735E-16,0.,-1.));
#8976=DIRECTION('ref_axis',(-0.929145618573634,0.369713969827243,-1.13787520772799E-16));
#8977=DIRECTION('center_axis',(1.22464679914735E-16,0.,-1.));
#8978=DIRECTION('ref_axis',(0.978147600733806,0.20791169081776,1.19788532833232E-16));
#8979=DIRECTION('center_axis',(1.22464679914735E-16,0.,-1.));
#8980=DIRECTION('ref_axis',(-0.53688829773548,-0.843653338614089,-6.57498535321427E-17));
#8981=DIRECTION('',(0.97689342349985,0.213727020104486,1.19634940419719E-16));
#8982=DIRECTION('center_axis',(1.22464679914735E-16,0.,-1.));
#8983=DIRECTION('ref_axis',(0.978147600733806,0.20791169081776,1.19788532833232E-16));
#8984=DIRECTION('',(0.978147600733805,0.20791169081776,1.19788532833232E-16));
#8985=DIRECTION('center_axis',(1.22464679914735E-16,0.,-1.));
#8986=DIRECTION('ref_axis',(0.842041037685919,-0.539413469291249,1.03120286155278E-16));
#8987=DIRECTION('center_axis',(-1.22464679914735E-16,0.,1.));
#8988=DIRECTION('ref_axis',(0.978147600733805,0.20791169081776,1.19788532833232E-16));
#8989=DIRECTION('center_axis',(1.22464679914735E-16,0.,-1.));
#8990=DIRECTION('ref_axis',(0.369712776782527,0.929146093294135,4.52767568690601E-17));
#8991=DIRECTION('',(-0.918320069470045,-0.395838666641515,-1.12461773366927E-16));
#8992=DIRECTION('center_axis',(1.22464679914735E-16,0.,-1.));
#8993=DIRECTION('ref_axis',(0.978147600733806,0.20791169081776,1.19788532833232E-16));
#8994=DIRECTION('',(-0.918320069470052,-0.395838666641497,-1.12461773366927E-16));
#8995=DIRECTION('center_axis',(1.22464679914735E-16,0.,-1.));
#8996=DIRECTION('ref_axis',(-0.985709414125856,0.168454595970731,-1.20714587889864E-16));
#8997=DIRECTION('center_axis',(1.22464679914735E-16,0.,-1.));
#8998=DIRECTION('ref_axis',(0.9135454576426,0.406736643075801,1.11877052057761E-16));
#8999=DIRECTION('center_axis',(1.22464679914735E-16,0.,-1.));
#9000=DIRECTION('ref_axis',(-0.349750608196714,-0.936842842778888,-4.28320962827945E-17));
#9001=DIRECTION('',(0.911109612245646,0.412164135355792,1.11578747030902E-16));
#9002=DIRECTION('center_axis',(1.22464679914735E-16,0.,-1.));
#9003=DIRECTION('ref_axis',(0.913545457642601,0.406736643075801,1.11877052057761E-16));
#9004=DIRECTION('',(0.913545457642601,0.406736643075801,1.11877052057761E-16));
#9005=DIRECTION('center_axis',(1.22464679914735E-16,0.,-1.));
#9006=DIRECTION('ref_axis',(0.935790787182103,-0.352555814907513,1.14601319219414E-16));
#9007=DIRECTION('center_axis',(-1.22464679914735E-16,0.,1.));
#9008=DIRECTION('ref_axis',(0.913545457642601,0.406736643075801,1.11877052057761E-16));
#9009=DIRECTION('center_axis',(1.22464679914735E-16,0.,-1.));
#9010=DIRECTION('ref_axis',(0.168453330296962,0.985709630424631,2.06295831753886E-17));
#9011=DIRECTION('',(-0.815953086185341,-0.578118120408466,-9.99254335251282E-17));
#9012=DIRECTION('center_axis',(1.22464679914735E-16,0.,-1.));
#9013=DIRECTION('ref_axis',(0.913545457642601,0.406736643075801,1.11877052057761E-16));
#9014=DIRECTION('',(-0.815953086185352,-0.57811812040845,-9.99254335251296E-17));
#9015=DIRECTION('center_axis',(1.22464679914735E-16,0.,-1.));
#9016=DIRECTION('ref_axis',(-0.999192978322228,-0.0401670520645358,-1.22365848263283E-16));
#9017=DIRECTION('center_axis',(1.22464679914735E-16,0.,-1.));
#9018=DIRECTION('ref_axis',(0.809016994374947,0.587785252292473,9.90760072617091E-17));
#9019=DIRECTION('center_axis',(1.22464679914735E-16,0.,-1.));
#9020=DIRECTION('ref_axis',(-0.14732713879013,-0.989087819243526,-1.80423708946871E-17));
#9021=DIRECTION('',(0.805505938947325,0.592587700109097,9.86460269826025E-17));
#9022=DIRECTION('center_axis',(1.22464679914735E-16,0.,-1.));
#9023=DIRECTION('ref_axis',(0.809016994374947,0.587785252292473,9.90760072617092E-17));
#9024=DIRECTION('',(0.809016994374947,0.587785252292473,9.90760072617092E-17));
#9025=DIRECTION('center_axis',(1.22464679914735E-16,0.,-1.));
#9026=DIRECTION('ref_axis',(0.988641988856027,-0.150289779661823,1.21073724715521E-16));
#9027=DIRECTION('center_axis',(-1.22464679914735E-16,0.,1.));
#9028=DIRECTION('ref_axis',(0.809016994374947,0.587785252292473,9.90760072617091E-17));
#9029=DIRECTION('center_axis',(1.22464679914735E-16,0.,-1.));
#9030=DIRECTION('ref_axis',(-0.0401683350513405,0.999192926745983,-4.91920229477026E-18));
#9031=DIRECTION('',(-0.677925037657027,-0.735131038195041,-8.30218727428527E-17));
#9032=DIRECTION('center_axis',(1.22464679914735E-16,0.,-1.));
#9033=DIRECTION('ref_axis',(0.809016994374947,0.587785252292473,9.90760072617092E-17));
#9034=DIRECTION('',(-0.677925037657041,-0.735131038195028,-8.30218727428544E-17));
#9035=DIRECTION('center_axis',(1.22464679914735E-16,0.,-1.));
#9036=DIRECTION('ref_axis',(-0.96900701470605,-0.247033207181683,-1.1866913389111E-16));
#9037=DIRECTION('center_axis',(1.22464679914735E-16,0.,-1.));
#9038=DIRECTION('ref_axis',(0.669130606358858,0.743144825477395,8.19448655288903E-17));
#9039=DIRECTION('center_axis',(1.22464679914735E-16,0.,-1.));
#9040=DIRECTION('ref_axis',(0.0615352335356298,-0.998104911837286,7.53589267841939E-18));
#9041=DIRECTION('',(0.664697790870667,0.747112338816362,8.1402002199008E-17));
#9042=DIRECTION('center_axis',(1.22464679914735E-16,0.,-1.));
#9043=DIRECTION('ref_axis',(0.669130606358858,0.743144825477395,8.19448655288903E-17));
#9044=DIRECTION('',(0.669130606358858,0.743144825477395,8.19448655288903E-17));
#9045=DIRECTION('center_axis',(1.22464679914735E-16,0.,-1.));
#9046=DIRECTION('ref_axis',(0.998284791586339,0.0585446401254646,1.22254627465369E-16));
#9047=DIRECTION('center_axis',(-1.22464679914735E-16,0.,1.));
#9048=DIRECTION('ref_axis',(0.669130606358858,0.743144825477395,8.19448655288903E-17));
#9049=DIRECTION('center_axis',(1.22464679914735E-16,0.,-1.));
#9050=DIRECTION('ref_axis',(-0.247034451408844,0.969006697508914,-3.02529950196963E-17));
#9051=DIRECTION('',(-0.51026841193785,-0.860015202062397,-6.24898577385691E-17));
#9052=DIRECTION('center_axis',(1.22464679914735E-16,0.,-1.));
#9053=DIRECTION('ref_axis',(0.669130606358858,0.743144825477395,8.19448655288903E-17));
#9054=DIRECTION('',(-0.510268411937866,-0.860015202062387,-6.24898577385711E-17));
#9055=DIRECTION('center_axis',(1.22464679914735E-16,0.,-1.));
#9056=DIRECTION('ref_axis',(-0.896470794735673,-0.443102825748145,-1.09786008930213E-16));
#9057=DIRECTION('center_axis',(1.22464679914735E-16,0.,-1.));
#9058=DIRECTION('ref_axis',(0.499999999999999,0.866025403784439,6.12323399573676E-17));
#9059=DIRECTION('center_axis',(1.22464679914735E-16,0.,-1.));
#9060=DIRECTION('ref_axis',(0.267708220877072,-0.963500030345009,3.27848015802538E-17));
#9061=DIRECTION('',(0.494839159759083,0.868984583274597,6.06003193091727E-17));
#9062=DIRECTION('center_axis',(1.22464679914735E-16,0.,-1.));
#9063=DIRECTION('ref_axis',(0.499999999999999,0.866025403784439,6.12323399573676E-17));
#9064=DIRECTION('',(0.499999999999999,0.866025403784439,6.12323399573676E-17));
#9065=DIRECTION('center_axis',(1.22464679914735E-16,0.,-1.));
#9066=DIRECTION('ref_axis',(0.964297758622422,0.264820378210918,1.18092416352192E-16));
#9067=DIRECTION('center_axis',(-1.22464679914735E-16,0.,1.));
#9068=DIRECTION('ref_axis',(0.499999999999999,0.866025403784439,6.12323399573676E-17));
#9069=DIRECTION('center_axis',(1.22464679914735E-16,0.,-1.));
#9070=DIRECTION('ref_axis',(-0.443103976836964,0.896470225780682,-5.42645866922851E-17));
#9071=DIRECTION('',(-0.320310608077487,-0.947312574788824,-3.92267360915037E-17));
#9072=DIRECTION('center_axis',(1.22464679914735E-16,0.,-1.));
#9073=DIRECTION('ref_axis',(0.499999999999999,0.866025403784439,6.12323399573676E-17));
#9074=DIRECTION('',(-0.320310608077505,-0.947312574788818,-3.92267360915059E-17));
#9075=DIRECTION('center_axis',(1.22464679914735E-16,0.,-1.));
#9076=DIRECTION('ref_axis',(-0.784754499291203,-0.619806724586151,-9.61047085673456E-17));
#9077=DIRECTION('center_axis',(1.22464679914735E-16,0.,-1.));
#9078=DIRECTION('ref_axis',(0.309016994374947,0.951056516295154,3.78436673043415E-17));
#9079=DIRECTION('center_axis',(1.22464679914735E-16,0.,-1.));
#9080=DIRECTION('ref_axis',(0.462181074359616,-0.886785574140554,5.66008573340988E-17));
#9081=DIRECTION('',(0.303353682864293,0.952878031593063,3.71501116729318E-17));
#9082=DIRECTION('center_axis',(1.22464679914735E-16,0.,-1.));
#9083=DIRECTION('ref_axis',(0.309016994374947,0.951056516295154,3.78436673043415E-17));
#9084=DIRECTION('',(0.309016994374947,0.951056516295154,3.78436673043415E-17));
#9085=DIRECTION('center_axis',(1.22464679914735E-16,0.,-1.));
#9086=DIRECTION('ref_axis',(0.888166286392678,0.459522195019391,1.08768999974138E-16));
#9087=DIRECTION('center_axis',(-1.22464679914735E-16,0.,1.));
#9088=DIRECTION('ref_axis',(0.309016994374947,0.951056516295154,3.78436673043415E-17));
#9089=DIRECTION('center_axis',(1.22464679914735E-16,0.,-1.));
#9090=DIRECTION('ref_axis',(-0.619807732228523,0.784753703444421,-7.59045555360441E-17));
#9091=DIRECTION('',(-0.116353693623311,-0.993207842286907,-1.4249217846476E-17));
#9092=DIRECTION('center_axis',(1.22464679914735E-16,0.,-1.));
#9093=DIRECTION('ref_axis',(0.309016994374947,0.951056516295154,3.78436673043415E-17));
#9094=DIRECTION('',(-0.11635369362333,-0.993207842286904,-1.42492178464783E-17));
#9095=DIRECTION('center_axis',(1.22464679914735E-16,0.,-1.));
#9096=DIRECTION('ref_axis',(0.464810801678094,0.885410028542351,5.69229060484193E-17));
#9097=DIRECTION('center_axis',(1.22464679914735E-16,0.,-1.));
#9098=DIRECTION('ref_axis',(0.104528463267654,-0.994521895368273,1.28010447960524E-17));
#9099=DIRECTION('center_axis',(1.22464679914735E-16,0.,-1.));
#9100=DIRECTION('ref_axis',(-0.782911608643579,0.622132954480892,-9.58790195540664E-17));
#9101=DIRECTION('',(0.11044303279101,-0.993882456082169,1.35253706595636E-17));
#9102=DIRECTION('center_axis',(1.22464679914735E-16,0.,-1.));
#9103=DIRECTION('ref_axis',(0.104528463267654,-0.994521895368273,1.28010447960524E-17));
#9104=DIRECTION('',(0.104528463267654,-0.994521895368273,1.28010447960524E-17));
#9105=DIRECTION('center_axis',(1.22464679914735E-16,0.,-1.));
#9106=DIRECTION('ref_axis',(-0.624475761544318,-0.78104418776638,-7.64762242520355E-17));
#9107=DIRECTION('center_axis',(-1.22464679914735E-16,0.,1.));
#9108=DIRECTION('ref_axis',(0.104528463267654,-0.994521895368273,1.28010447960524E-17));
#9109=DIRECTION('center_axis',(1.22464679914735E-16,0.,-1.));
#9110=DIRECTION('ref_axis',(0.885410625369415,-0.464809664790806,1.08431528828971E-16));
#9111=DIRECTION('',(-0.29767963535882,0.954665823570028,-3.64552412613531E-17));
#9112=DIRECTION('center_axis',(1.22464679914735E-16,0.,-1.));
#9113=DIRECTION('ref_axis',(0.104528463267654,-0.994521895368273,1.28010447960524E-17));
#9114=DIRECTION('',(-0.297679635358802,0.954665823570034,-3.64552412613508E-17));
#9115=DIRECTION('center_axis',(1.22464679914735E-16,0.,-1.));
#9116=DIRECTION('ref_axis',(0.270566474355344,0.962701294771602,3.31348366775856E-17));
#9117=DIRECTION('center_axis',(1.22464679914735E-16,0.,-1.));
#9118=DIRECTION('ref_axis',(0.309016994374947,-0.951056516295154,3.78436673043415E-17));
#9119=DIRECTION('center_axis',(1.22464679914735E-16,0.,-1.));
#9120=DIRECTION('ref_axis',(-0.895151826060931,0.44576138044898,-1.09624481853643E-16));
#9121=DIRECTION('',(0.314669369460442,-0.949201342141575,3.85358836099447E-17));
#9122=DIRECTION('center_axis',(1.22464679914735E-16,0.,-1.));
#9123=DIRECTION('ref_axis',(0.309016994374948,-0.951056516295154,3.78436673043415E-17));
#9124=DIRECTION('',(0.309016994374948,-0.951056516295154,3.78436673043415E-17));
#9125=DIRECTION('center_axis',(1.22464679914735E-16,0.,-1.));
#9126=DIRECTION('ref_axis',(-0.4484412501891,-0.893812309788155,-5.49182141649718E-17));
#9127=DIRECTION('center_axis',(-1.22464679914735E-16,0.,1.));
#9128=DIRECTION('ref_axis',(0.309016994374947,-0.951056516295154,3.78436673043415E-17));
#9129=DIRECTION('center_axis',(1.22464679914735E-16,0.,-1.));
#9130=DIRECTION('ref_axis',(0.962701642184404,-0.270565238224446,1.17896948463503E-16));
#9131=DIRECTION('',(-0.489660806657917,0.871913008518119,-5.9966153954153E-17));
#9132=DIRECTION('center_axis',(1.22464679914735E-16,0.,-1.));
#9133=DIRECTION('ref_axis',(0.309016994374948,-0.951056516295154,3.78436673043415E-17));
#9134=DIRECTION('',(-0.489660806657901,0.871913008518128,-5.99661539541509E-17));
#9135=DIRECTION('center_axis',(1.22464679914735E-16,0.,-1.));
#9136=DIRECTION('ref_axis',(0.0644970937812742,0.99791789486599,7.89861594535441E-18));
#9137=DIRECTION('center_axis',(1.22464679914735E-16,0.,-1.));
#9138=DIRECTION('ref_axis',(0.5,-0.866025403784439,6.12323399573677E-17));
#9139=DIRECTION('center_axis',(1.22464679914735E-16,0.,-1.));
#9140=DIRECTION('ref_axis',(-0.968269613264391,0.249907895091026,-1.18578828259588E-16));
#9141=DIRECTION('',(0.505143144733292,-0.863035574776011,6.18621935308855E-17));
#9142=DIRECTION('center_axis',(1.22464679914735E-16,0.,-1.));
#9143=DIRECTION('ref_axis',(0.5,-0.866025403784439,6.12323399573677E-17));
#9144=DIRECTION('',(0.5,-0.866025403784439,6.12323399573677E-17));
#9145=DIRECTION('center_axis',(1.22464679914735E-16,0.,-1.));
#9146=DIRECTION('ref_axis',(-0.252807704340754,-0.967516544884871,-3.09600145920694E-17));
#9147=DIRECTION('center_axis',(-1.22464679914735E-16,0.,1.));
#9148=DIRECTION('ref_axis',(0.5,-0.866025403784438,6.12323399573677E-17));
#9149=DIRECTION('center_axis',(1.22464679914735E-16,0.,-1.));
#9150=DIRECTION('ref_axis',(0.997917977680924,-0.0644958124316197,1.22209705717854E-16));
#9151=DIRECTION('',(-0.660241451052823,0.751053411091157,-8.08562579696244E-17));
#9152=DIRECTION('center_axis',(1.22464679914735E-16,0.,-1.));
#9153=DIRECTION('ref_axis',(0.5,-0.866025403784439,6.12323399573677E-17));
#9154=DIRECTION('',(-0.660241451052809,0.75105341109117,-8.08562579696226E-17));
#9155=DIRECTION('center_axis',(1.22464679914735E-16,0.,-1.));
#9156=DIRECTION('ref_axis',(-0.14439111928243,0.989520694413395,-1.76828122054532E-17));
#9157=DIRECTION('center_axis',(1.22464679914735E-16,0.,-1.));
#9158=DIRECTION('ref_axis',(0.669130606358858,-0.743144825477394,8.19448655288903E-17));
#9159=DIRECTION('center_axis',(1.22464679914735E-16,0.,-1.));
#9160=DIRECTION('ref_axis',(-0.999069372095096,0.043132235526465,-1.22350710866242E-16));
#9161=DIRECTION('',(0.673539740635557,-0.739151011488577,8.24848287467873E-17));
#9162=DIRECTION('center_axis',(1.22464679914735E-16,0.,-1.));
#9163=DIRECTION('ref_axis',(0.669130606358858,-0.743144825477394,8.19448655288903E-17));
#9164=DIRECTION('',(0.669130606358858,-0.743144825477394,8.19448655288903E-17));
#9165=DIRECTION('center_axis',(1.22464679914735E-16,0.,-1.));
#9166=DIRECTION('ref_axis',(-0.0461252487067597,-0.99893566431064,-5.64871381886088E-18));
#9167=DIRECTION('center_axis',(-1.22464679914735E-16,0.,1.));
#9168=DIRECTION('ref_axis',(0.669130606358858,-0.743144825477394,8.19448655288903E-17));
#9169=DIRECTION('center_axis',(1.22464679914735E-16,0.,-1.));
#9170=DIRECTION('ref_axis',(0.98952050901105,0.144392389849713,1.21181312405104E-16));
#9171=DIRECTION('',(-0.801966375846734,0.597369175645392,-9.82125555204506E-17));
#9172=DIRECTION('center_axis',(1.22464679914735E-16,0.,-1.));
#9173=DIRECTION('ref_axis',(0.669130606358858,-0.743144825477394,8.19448655288903E-17));
#9174=DIRECTION('',(-0.801966375846722,0.597369175645408,-9.82125555204492E-17));
#9175=DIRECTION('center_axis',(1.22464679914735E-16,0.,-1.));
#9176=DIRECTION('ref_axis',(-0.34696874756803,0.937876691367832,-4.24914166113354E-17));
#9177=DIRECTION('center_axis',(1.22464679914735E-16,0.,-1.));
#9178=DIRECTION('ref_axis',(0.809016994374947,-0.587785252292473,9.90760072617091E-17));
#9179=DIRECTION('center_axis',(1.22464679914735E-16,0.,-1.));
#9180=DIRECTION('ref_axis',(-0.986205005298505,-0.165528509702032,-1.20775280304191E-16));
#9181=DIRECTION('',(0.812499417869787,-0.582962002159024,9.95024811403322E-17));
#9182=DIRECTION('center_axis',(1.22464679914735E-16,0.,-1.));
#9183=DIRECTION('ref_axis',(0.809016994374947,-0.587785252292473,9.90760072617092E-17));
#9184=DIRECTION('',(0.809016994374947,-0.587785252292473,9.90760072617092E-17));
#9185=DIRECTION('center_axis',(1.22464679914735E-16,0.,-1.));
#9186=DIRECTION('ref_axis',(0.16257310162922,-0.986696501780895,1.99094628537681E-17));
#9187=DIRECTION('center_axis',(-1.22464679914735E-16,0.,1.));
#9188=DIRECTION('ref_axis',(0.809016994374947,-0.587785252292473,9.90760072617092E-17));
#9189=DIRECTION('center_axis',(1.22464679914735E-16,0.,-1.));
#9190=DIRECTION('ref_axis',(0.937876245851182,0.346969951823055,1.14856714247799E-16));
#9191=DIRECTION('',(-0.908641521754512,0.417577040728587,-1.11276493118904E-16));
#9192=DIRECTION('center_axis',(1.22464679914735E-16,0.,-1.));
#9193=DIRECTION('ref_axis',(0.809016994374947,-0.587785252292473,9.90760072617092E-17));
#9194=DIRECTION('',(-0.908641521754504,0.417577040728604,-1.11276493118903E-16));
#9195=DIRECTION('center_axis',(1.22464679914735E-16,0.,-1.));
#9196=DIRECTION('ref_axis',(-0.534382176644134,0.845242976477816,-6.54429422148634E-17));
#9197=DIRECTION('center_axis',(1.22464679914735E-16,0.,-1.));
#9198=DIRECTION('ref_axis',(0.913545457642601,-0.4067366430758,1.11877052057762E-16));
#9199=DIRECTION('center_axis',(1.22464679914735E-16,0.,-1.));
#9200=DIRECTION('ref_axis',(-0.930238747433709,-0.366954864762634,-1.13921390448754E-16));
#9201=DIRECTION('',(0.915948971738335,-0.401294755973072,1.12171397642166E-16));
#9202=DIRECTION('center_axis',(1.22464679914735E-16,0.,-1.));
#9203=DIRECTION('ref_axis',(0.913545457642601,-0.4067366430758,1.11877052057762E-16));
#9204=DIRECTION('',(0.913545457642601,-0.4067366430758,1.11877052057761E-16));
#9205=DIRECTION('center_axis',(1.22464679914735E-16,0.,-1.));
#9206=DIRECTION('ref_axis',(0.364166227311708,-0.931333967428203,4.45975004634851E-17));
#9207=DIRECTION('center_axis',(-1.22464679914735E-16,0.,1.));
#9208=DIRECTION('ref_axis',(0.913545457642601,-0.4067366430758,1.11877052057762E-16));
#9209=DIRECTION('center_axis',(1.22464679914735E-16,0.,-1.));
#9210=DIRECTION('ref_axis',(0.845242290318075,0.534383261955177,1.03512326534201E-16));
#9211=DIRECTION('',(-0.975604673015847,0.219534785374987,-1.19477114004206E-16));
#9212=DIRECTION('center_axis',(1.22464679914735E-16,0.,-1.));
#9213=DIRECTION('ref_axis',(0.913545457642601,-0.4067366430758,1.11877052057762E-16));
#9214=DIRECTION('',(-0.975604673015843,0.219534785375006,-1.19477114004205E-16));
#9215=DIRECTION('center_axis',(1.22464679914735E-16,0.,-1.));
#9216=DIRECTION('ref_axis',(-0.698440540350707,0.71566808758992,-8.55342972135241E-17));
#9217=DIRECTION('center_axis',(1.22464679914735E-16,0.,-1.));
#9218=DIRECTION('ref_axis',(0.978147600733806,-0.207911690817759,1.19788532833232E-16));
#9219=DIRECTION('center_axis',(1.22464679914735E-16,0.,-1.));
#9220=DIRECTION('ref_axis',(-0.833616592525302,-0.552343531388306,-1.02088589175223E-16));
#9221=DIRECTION('',(0.97936716033111,-0.202089003325213,1.19937885808953E-16));
#9222=DIRECTION('center_axis',(1.22464679914735E-16,0.,-1.));
#9223=DIRECTION('ref_axis',(0.978147600733806,-0.207911690817759,1.19788532833232E-16));
#9224=DIRECTION('',(0.978147600733806,-0.207911690817759,1.19788532833232E-16));
#9225=DIRECTION('center_axis',(1.22464679914735E-16,0.,-1.));
#9226=DIRECTION('ref_axis',(0.549843541397239,-0.835267669662691,6.73364133003974E-17));
#9227=DIRECTION('center_axis',(-1.22464679914735E-16,0.,1.));
#9228=DIRECTION('ref_axis',(0.978147600733806,-0.207911690817759,1.19788532833232E-16));
#9229=DIRECTION('center_axis',(1.22464679914735E-16,0.,-1.));
#9230=DIRECTION('ref_axis',(0.715667190775561,0.698441459284468,8.76439534438069E-17));
#9231=DIRECTION('',(-0.999929218595767,0.0118978064557227,-1.22456011692722E-16));
#9232=DIRECTION('center_axis',(1.22464679914735E-16,0.,-1.));
#9233=DIRECTION('ref_axis',(0.978147600733806,-0.207911690817759,1.19788532833232E-16));
#9234=DIRECTION('',(-0.999929218595767,0.0118978064557419,-1.22456011692722E-16));
#9235=DIRECTION('',(1.,0.,1.22464679914735E-16));
#9236=DIRECTION('center_axis',(1.22464679914735E-16,0.,-1.));
#9237=DIRECTION('ref_axis',(0.711490054281668,-0.702696166673954,8.71324017601222E-17));
#9238=DIRECTION('center_axis',(-1.22464679914735E-16,0.,1.));
#9239=DIRECTION('ref_axis',(1.,0.,1.22464679914735E-16));
#9240=DIRECTION('center_axis',(1.22464679914735E-16,0.,-1.));
#9241=DIRECTION('ref_axis',(0.554814000843961,0.831974413349063,6.79451190255694E-17));
#9242=DIRECTION('',(-0.980552059130311,-0.196259163697666,-1.20082994061128E-16));
#9243=DIRECTION('center_axis',(1.22464679914735E-16,0.,-1.));
#9244=DIRECTION('ref_axis',(1.,0.,1.22464679914735E-16));
#9245=DIRECTION('',(-0.980552059130315,-0.196259163697648,-1.20082994061129E-16));
#9246=DIRECTION('center_axis',(1.22464679914735E-16,0.,-1.));
#9247=DIRECTION('ref_axis',(-0.831973700954399,0.554815069117846,-1.01887392984858E-16));
#9248=DIRECTION('center_axis',(1.22464679914735E-16,0.,-1.));
#9249=DIRECTION('ref_axis',(1.,0.,1.22464679914735E-16));
#9250=DIRECTION('center_axis',(1.22464679914735E-16,0.,-1.));
#9251=DIRECTION('ref_axis',(-0.70056139238732,-0.713592135253983,-8.57940266793344E-17));
#9252=DIRECTION('',(0.999982304492376,0.00594900849858508,1.22462512840058E-16));
#9253=DIRECTION('center_axis',(1.22464679914735E-16,0.,-1.));
#9254=DIRECTION('ref_axis',(1.,0.,1.22464679914735E-16));
#9255=DIRECTION('center_axis',(-1.22464679914735E-16,0.,1.));
#9256=DIRECTION('ref_axis',(-1.,-1.22464679914735E-16,-1.22464679914735E-16));
#9257=DIRECTION('center_axis',(-1.22464679914735E-16,0.,1.));
#9258=DIRECTION('ref_axis',(-0.978147600733806,-0.20791169081776,-1.19788532833232E-16));
#9259=DIRECTION('center_axis',(-1.22464679914735E-16,0.,1.));
#9260=DIRECTION('ref_axis',(-0.104528463267654,0.994521895368273,-1.28010447960524E-17));
#9261=DIRECTION('center_axis',(-1.22464679914735E-16,0.,1.));
#9262=DIRECTION('ref_axis',(-0.309016994374948,0.951056516295153,-3.78436673043415E-17));
#9263=DIRECTION('center_axis',(-1.22464679914735E-16,0.,1.));
#9264=DIRECTION('ref_axis',(-0.5,0.866025403784438,-6.12323399573677E-17));
#9265=DIRECTION('center_axis',(-1.22464679914735E-16,0.,1.));
#9266=DIRECTION('ref_axis',(-0.669130606358858,0.743144825477394,-8.19448655288903E-17));
#9267=DIRECTION('center_axis',(-1.22464679914735E-16,0.,1.));
#9268=DIRECTION('ref_axis',(-0.809016994374947,0.587785252292473,-9.90760072617091E-17));
#9269=DIRECTION('center_axis',(-1.22464679914735E-16,0.,1.));
#9270=DIRECTION('ref_axis',(-0.913545457642601,0.4067366430758,-1.11877052057762E-16));
#9271=DIRECTION('center_axis',(-1.22464679914735E-16,0.,1.));
#9272=DIRECTION('ref_axis',(-0.978147600733806,0.207911690817759,-1.19788532833232E-16));
#9273=DIRECTION('center_axis',(-1.22464679914735E-16,0.,1.));
#9274=DIRECTION('ref_axis',(-0.913545457642601,-0.4067366430758,-1.11877052057762E-16));
#9275=DIRECTION('center_axis',(-1.22464679914735E-16,0.,1.));
#9276=DIRECTION('ref_axis',(-0.809016994374947,-0.587785252292473,-9.90760072617091E-17));
#9277=DIRECTION('center_axis',(-1.22464679914735E-16,0.,1.));
#9278=DIRECTION('ref_axis',(-0.669130606358858,-0.743144825477394,-8.19448655288903E-17));
#9279=DIRECTION('center_axis',(-1.22464679914735E-16,0.,1.));
#9280=DIRECTION('ref_axis',(-0.5,-0.866025403784439,-6.12323399573676E-17));
#9281=DIRECTION('center_axis',(-1.22464679914735E-16,0.,1.));
#9282=DIRECTION('ref_axis',(-0.309016994374947,-0.951056516295154,-3.78436673043415E-17));
#9283=DIRECTION('center_axis',(-1.22464679914735E-16,0.,1.));
#9284=DIRECTION('ref_axis',(-0.104528463267653,-0.994521895368273,-1.28010447960523E-17));
#9285=DIRECTION('center_axis',(1.,9.07552796795925E-17,0.));
#9286=DIRECTION('ref_axis',(-9.07552796795925E-17,1.,0.));
#9287=DIRECTION('center_axis',(1.22464679914735E-16,0.,-1.));
#9288=DIRECTION('ref_axis',(-1.,0.,-1.22464679914735E-16));
#9289=DIRECTION('center_axis',(-1.22464679914735E-16,0.,1.));
#9290=DIRECTION('ref_axis',(1.,0.,1.22464679914735E-16));
#9291=DIRECTION('center_axis',(-1.22464679914735E-16,0.,1.));
#9292=DIRECTION('ref_axis',(0.978147600733806,-0.207911690817759,1.19788532833232E-16));
#9293=DIRECTION('center_axis',(-1.22464679914735E-16,0.,1.));
#9294=DIRECTION('ref_axis',(0.913545457642601,-0.4067366430758,1.11877052057762E-16));
#9295=DIRECTION('center_axis',(-1.22464679914735E-16,0.,1.));
#9296=DIRECTION('ref_axis',(0.809016994374947,-0.587785252292473,9.90760072617092E-17));
#9297=DIRECTION('center_axis',(-1.22464679914735E-16,0.,1.));
#9298=DIRECTION('ref_axis',(0.669130606358858,-0.743144825477394,8.19448655288903E-17));
#9299=DIRECTION('center_axis',(-1.22464679914735E-16,0.,1.));
#9300=DIRECTION('ref_axis',(0.5,-0.866025403784439,6.12323399573677E-17));
#9301=DIRECTION('center_axis',(-1.22464679914735E-16,0.,1.));
#9302=DIRECTION('ref_axis',(0.309016994374947,-0.951056516295154,3.78436673043415E-17));
#9303=DIRECTION('center_axis',(-1.22464679914735E-16,0.,1.));
#9304=DIRECTION('ref_axis',(0.104528463267654,-0.994521895368273,1.28010447960524E-17));
#9305=DIRECTION('center_axis',(-1.22464679914735E-16,0.,1.));
#9306=DIRECTION('ref_axis',(0.104528463267653,0.994521895368274,1.28010447960523E-17));
#9307=DIRECTION('center_axis',(-1.22464679914735E-16,0.,1.));
#9308=DIRECTION('ref_axis',(0.309016994374947,0.951056516295154,3.78436673043415E-17));
#9309=DIRECTION('center_axis',(-1.22464679914735E-16,0.,1.));
#9310=DIRECTION('ref_axis',(0.499999999999999,0.866025403784439,6.12323399573676E-17));
#9311=DIRECTION('center_axis',(-1.22464679914735E-16,0.,1.));
#9312=DIRECTION('ref_axis',(0.669130606358858,0.743144825477395,8.19448655288903E-17));
#9313=DIRECTION('center_axis',(-1.22464679914735E-16,0.,1.));
#9314=DIRECTION('ref_axis',(0.809016994374947,0.587785252292473,9.90760072617091E-17));
#9315=DIRECTION('center_axis',(-1.22464679914735E-16,0.,1.));
#9316=DIRECTION('ref_axis',(0.9135454576426,0.406736643075801,1.11877052057761E-16));
#9317=DIRECTION('center_axis',(-1.22464679914735E-16,0.,1.));
#9318=DIRECTION('ref_axis',(0.978147600733806,0.20791169081776,1.19788532833232E-16));
#9319=DIRECTION('center_axis',(1.22464679914735E-16,0.,-1.));
#9320=DIRECTION('ref_axis',(0.784754499291203,0.619806724586151,9.61047085673456E-17));
#9321=DIRECTION('center_axis',(1.22464679914735E-16,0.,-1.));
#9322=DIRECTION('ref_axis',(-0.309016994374947,-0.951056516295154,-3.78436673043415E-17));
#9323=DIRECTION('center_axis',(1.22464679914735E-16,0.,-1.));
#9324=DIRECTION('ref_axis',(-0.462181074359616,0.886785574140554,-5.66008573340988E-17));
#9325=DIRECTION('',(-0.303353682864293,-0.952878031593063,-3.71501116729318E-17));
#9326=DIRECTION('center_axis',(1.22464679914735E-16,0.,-1.));
#9327=DIRECTION('ref_axis',(-0.309016994374947,-0.951056516295154,-3.78436673043415E-17));
#9328=DIRECTION('',(-0.309016994374947,-0.951056516295154,-3.78436673043415E-17));
#9329=DIRECTION('center_axis',(1.22464679914735E-16,0.,-1.));
#9330=DIRECTION('ref_axis',(-0.888166286392678,-0.459522195019391,-1.08768999974138E-16));
#9331=DIRECTION('center_axis',(-1.22464679914735E-16,0.,1.));
#9332=DIRECTION('ref_axis',(-0.309016994374947,-0.951056516295154,-3.78436673043415E-17));
#9333=DIRECTION('center_axis',(1.22464679914735E-16,0.,-1.));
#9334=DIRECTION('ref_axis',(0.619807732228523,-0.784753703444421,7.59045555360441E-17));
#9335=DIRECTION('',(0.116353693623311,0.993207842286907,1.4249217846476E-17));
#9336=DIRECTION('center_axis',(1.22464679914735E-16,0.,-1.));
#9337=DIRECTION('ref_axis',(-0.309016994374947,-0.951056516295154,-3.78436673043415E-17));
#9338=DIRECTION('',(0.11635369362333,0.993207842286904,1.42492178464783E-17));
#9339=DIRECTION('center_axis',(1.22464679914735E-16,0.,-1.));
#9340=DIRECTION('ref_axis',(0.896470794735673,0.443102825748144,1.09786008930213E-16));
#9341=DIRECTION('center_axis',(1.22464679914735E-16,0.,-1.));
#9342=DIRECTION('ref_axis',(-0.5,-0.866025403784439,-6.12323399573676E-17));
#9343=DIRECTION('center_axis',(1.22464679914735E-16,0.,-1.));
#9344=DIRECTION('ref_axis',(-0.267708220877071,0.963500030345009,-3.27848015802538E-17));
#9345=DIRECTION('',(-0.494839159759084,-0.868984583274596,-6.06003193091728E-17));
#9346=DIRECTION('center_axis',(1.22464679914735E-16,0.,-1.));
#9347=DIRECTION('ref_axis',(-0.5,-0.866025403784439,-6.12323399573676E-17));
#9348=DIRECTION('',(-0.5,-0.866025403784439,-6.12323399573676E-17));
#9349=DIRECTION('center_axis',(1.22464679914735E-16,0.,-1.));
#9350=DIRECTION('ref_axis',(-0.964297758622422,-0.264820378210917,-1.18092416352192E-16));
#9351=DIRECTION('center_axis',(-1.22464679914735E-16,0.,1.));
#9352=DIRECTION('ref_axis',(-0.5,-0.866025403784439,-6.12323399573676E-17));
#9353=DIRECTION('center_axis',(1.22464679914735E-16,0.,-1.));
#9354=DIRECTION('ref_axis',(0.443103976836963,-0.896470225780682,5.4264586692285E-17));
#9355=DIRECTION('',(0.320310608077487,0.947312574788823,3.92267360915037E-17));
#9356=DIRECTION('center_axis',(1.22464679914735E-16,0.,-1.));
#9357=DIRECTION('ref_axis',(-0.5,-0.866025403784439,-6.12323399573676E-17));
#9358=DIRECTION('',(0.320310608077506,0.947312574788817,3.9226736091506E-17));
#9359=DIRECTION('center_axis',(1.22464679914735E-16,0.,-1.));
#9360=DIRECTION('ref_axis',(0.96900701470605,0.247033207181683,1.1866913389111E-16));
#9361=DIRECTION('center_axis',(1.22464679914735E-16,0.,-1.));
#9362=DIRECTION('ref_axis',(-0.669130606358858,-0.743144825477394,-8.19448655288903E-17));
#9363=DIRECTION('center_axis',(1.22464679914735E-16,0.,-1.));
#9364=DIRECTION('ref_axis',(-0.0615352335356296,0.998104911837285,-7.53589267841937E-18));
#9365=DIRECTION('',(-0.664697790870667,-0.747112338816362,-8.1402002199008E-17));
#9366=DIRECTION('center_axis',(1.22464679914735E-16,0.,-1.));
#9367=DIRECTION('ref_axis',(-0.669130606358858,-0.743144825477395,-8.19448655288903E-17));
#9368=DIRECTION('',(-0.669130606358858,-0.743144825477394,-8.19448655288903E-17));
#9369=DIRECTION('center_axis',(1.22464679914735E-16,0.,-1.));
#9370=DIRECTION('ref_axis',(-0.998284791586339,-0.0585446401254644,-1.22254627465369E-16));
#9371=DIRECTION('center_axis',(-1.22464679914735E-16,0.,1.));
#9372=DIRECTION('ref_axis',(-0.669130606358858,-0.743144825477394,-8.19448655288903E-17));
#9373=DIRECTION('center_axis',(1.22464679914735E-16,0.,-1.));
#9374=DIRECTION('ref_axis',(0.247034451408843,-0.969006697508914,3.02529950196962E-17));
#9375=DIRECTION('',(0.51026841193785,0.860015202062397,6.24898577385691E-17));
#9376=DIRECTION('center_axis',(1.22464679914735E-16,0.,-1.));
#9377=DIRECTION('ref_axis',(-0.669130606358858,-0.743144825477395,-8.19448655288903E-17));
#9378=DIRECTION('',(0.510268411937866,0.860015202062387,6.24898577385711E-17));
#9379=DIRECTION('center_axis',(1.22464679914735E-16,0.,-1.));
#9380=DIRECTION('ref_axis',(0.999192978322228,0.0401670520645357,1.22365848263283E-16));
#9381=DIRECTION('center_axis',(1.22464679914735E-16,0.,-1.));
#9382=DIRECTION('ref_axis',(-0.809016994374947,-0.587785252292473,-9.90760072617091E-17));
#9383=DIRECTION('center_axis',(1.22464679914735E-16,0.,-1.));
#9384=DIRECTION('ref_axis',(0.14732713879013,0.989087819243526,1.80423708946871E-17));
#9385=DIRECTION('',(-0.805505938947325,-0.592587700109096,-9.86460269826025E-17));
#9386=DIRECTION('center_axis',(1.22464679914735E-16,0.,-1.));
#9387=DIRECTION('ref_axis',(-0.809016994374947,-0.587785252292473,-9.90760072617092E-17));
#9388=DIRECTION('',(-0.809016994374947,-0.587785252292473,-9.90760072617092E-17));
#9389=DIRECTION('center_axis',(1.22464679914735E-16,0.,-1.));
#9390=DIRECTION('ref_axis',(-0.988641988856027,0.150289779661823,-1.21073724715521E-16));
#9391=DIRECTION('center_axis',(-1.22464679914735E-16,0.,1.));
#9392=DIRECTION('ref_axis',(-0.809016994374947,-0.587785252292473,-9.90760072617091E-17));
#9393=DIRECTION('center_axis',(1.22464679914735E-16,0.,-1.));
#9394=DIRECTION('ref_axis',(0.0401683350513405,-0.999192926745983,4.91920229477025E-18));
#9395=DIRECTION('',(0.677925037657027,0.735131038195041,8.30218727428527E-17));
#9396=DIRECTION('center_axis',(1.22464679914735E-16,0.,-1.));
#9397=DIRECTION('ref_axis',(-0.809016994374947,-0.587785252292473,-9.90760072617092E-17));
#9398=DIRECTION('',(0.677925037657041,0.735131038195028,8.30218727428544E-17));
#9399=DIRECTION('center_axis',(1.22464679914735E-16,0.,-1.));
#9400=DIRECTION('ref_axis',(0.985709414125856,-0.168454595970732,1.20714587889864E-16));
#9401=DIRECTION('center_axis',(1.22464679914735E-16,0.,-1.));
#9402=DIRECTION('ref_axis',(-0.913545457642601,-0.4067366430758,-1.11877052057762E-16));
#9403=DIRECTION('center_axis',(1.22464679914735E-16,0.,-1.));
#9404=DIRECTION('ref_axis',(0.349750608196714,0.936842842778888,4.28320962827946E-17));
#9405=DIRECTION('',(-0.911109612245647,-0.412164135355792,-1.11578747030902E-16));
#9406=DIRECTION('center_axis',(1.22464679914735E-16,0.,-1.));
#9407=DIRECTION('ref_axis',(-0.913545457642601,-0.4067366430758,-1.11877052057762E-16));
#9408=DIRECTION('',(-0.913545457642601,-0.4067366430758,-1.11877052057762E-16));
#9409=DIRECTION('center_axis',(1.22464679914735E-16,0.,-1.));
#9410=DIRECTION('ref_axis',(-0.935790787182103,0.352555814907514,-1.14601319219414E-16));
#9411=DIRECTION('center_axis',(-1.22464679914735E-16,0.,1.));
#9412=DIRECTION('ref_axis',(-0.913545457642601,-0.4067366430758,-1.11877052057762E-16));
#9413=DIRECTION('center_axis',(1.22464679914735E-16,0.,-1.));
#9414=DIRECTION('ref_axis',(-0.168453330296962,-0.985709630424631,-2.06295831753887E-17));
#9415=DIRECTION('',(0.815953086185341,0.578118120408465,9.99254335251283E-17));
#9416=DIRECTION('center_axis',(1.22464679914735E-16,0.,-1.));
#9417=DIRECTION('ref_axis',(-0.913545457642601,-0.4067366430758,-1.11877052057762E-16));
#9418=DIRECTION('',(0.815953086185353,0.57811812040845,9.99254335251296E-17));
#9419=DIRECTION('center_axis',(1.22464679914735E-16,0.,-1.));
#9420=DIRECTION('ref_axis',(0.929145618573634,-0.369713969827243,1.13787520772799E-16));
#9421=DIRECTION('center_axis',(1.22464679914735E-16,0.,-1.));
#9422=DIRECTION('ref_axis',(-0.978147600733806,-0.20791169081776,-1.19788532833232E-16));
#9423=DIRECTION('center_axis',(1.22464679914735E-16,0.,-1.));
#9424=DIRECTION('ref_axis',(0.53688829773548,0.843653338614089,6.57498535321427E-17));
#9425=DIRECTION('',(-0.97689342349985,-0.213727020104486,-1.19634940419719E-16));
#9426=DIRECTION('center_axis',(1.22464679914735E-16,0.,-1.));
#9427=DIRECTION('ref_axis',(-0.978147600733806,-0.20791169081776,-1.19788532833232E-16));
#9428=DIRECTION('',(-0.978147600733805,-0.20791169081776,-1.19788532833232E-16));
#9429=DIRECTION('center_axis',(1.22464679914735E-16,0.,-1.));
#9430=DIRECTION('ref_axis',(-0.842041037685919,0.539413469291249,-1.03120286155278E-16));
#9431=DIRECTION('center_axis',(-1.22464679914735E-16,0.,1.));
#9432=DIRECTION('ref_axis',(-0.978147600733806,-0.20791169081776,-1.19788532833232E-16));
#9433=DIRECTION('center_axis',(1.22464679914735E-16,0.,-1.));
#9434=DIRECTION('ref_axis',(-0.369712776782527,-0.929146093294135,-4.52767568690601E-17));
#9435=DIRECTION('',(0.918320069470045,0.395838666641515,1.12461773366927E-16));
#9436=DIRECTION('center_axis',(1.22464679914735E-16,0.,-1.));
#9437=DIRECTION('ref_axis',(-0.978147600733806,-0.20791169081776,-1.19788532833232E-16));
#9438=DIRECTION('',(0.918320069470052,0.395838666641497,1.12461773366927E-16));
#9439=DIRECTION('center_axis',(1.22464679914735E-16,0.,-1.));
#9440=DIRECTION('ref_axis',(0.831973700954399,-0.554815069117846,1.01887392984858E-16));
#9441=DIRECTION('center_axis',(1.22464679914735E-16,0.,-1.));
#9442=DIRECTION('ref_axis',(-1.,-1.22464679914735E-16,-1.22464679914735E-16));
#9443=DIRECTION('center_axis',(1.22464679914735E-16,0.,-1.));
#9444=DIRECTION('ref_axis',(0.70056139238732,0.713592135253984,8.57940266793344E-17));
#9445=DIRECTION('',(-0.999982304492376,-0.0059490084985852,-1.22462512840058E-16));
#9446=DIRECTION('center_axis',(1.22464679914735E-16,0.,-1.));
#9447=DIRECTION('ref_axis',(-1.,-1.22464679914735E-16,-1.22464679914735E-16));
#9448=DIRECTION('',(-1.,-1.22464679914735E-16,-1.22464679914735E-16));
#9449=DIRECTION('center_axis',(1.22464679914735E-16,0.,-1.));
#9450=DIRECTION('ref_axis',(-0.711490054281668,0.702696166673954,-8.71324017601222E-17));
#9451=DIRECTION('center_axis',(-1.22464679914735E-16,0.,1.));
#9452=DIRECTION('ref_axis',(-1.,-1.22464679914735E-16,-1.22464679914735E-16));
#9453=DIRECTION('center_axis',(1.22464679914735E-16,0.,-1.));
#9454=DIRECTION('ref_axis',(-0.554814000843961,-0.831974413349063,-6.79451190255694E-17));
#9455=DIRECTION('',(0.980552059130311,0.196259163697667,1.20082994061128E-16));
#9456=DIRECTION('center_axis',(1.22464679914735E-16,0.,-1.));
#9457=DIRECTION('ref_axis',(-1.,-1.22464679914735E-16,-1.22464679914735E-16));
#9458=DIRECTION('',(0.980552059130315,0.196259163697648,1.20082994061129E-16));
#9459=DIRECTION('center_axis',(1.22464679914735E-16,0.,-1.));
#9460=DIRECTION('ref_axis',(0.698440540350707,-0.715668087589919,8.55342972135241E-17));
#9461=DIRECTION('center_axis',(1.22464679914735E-16,0.,-1.));
#9462=DIRECTION('ref_axis',(-0.978147600733806,0.207911690817759,-1.19788532833232E-16));
#9463=DIRECTION('center_axis',(1.22464679914735E-16,0.,-1.));
#9464=DIRECTION('ref_axis',(0.833616592525302,0.552343531388306,1.02088589175223E-16));
#9465=DIRECTION('',(-0.97936716033111,0.202089003325213,-1.19937885808953E-16));
#9466=DIRECTION('center_axis',(1.22464679914735E-16,0.,-1.));
#9467=DIRECTION('ref_axis',(-0.978147600733806,0.207911690817759,-1.19788532833232E-16));
#9468=DIRECTION('',(-0.978147600733806,0.207911690817759,-1.19788532833232E-16));
#9469=DIRECTION('center_axis',(1.22464679914735E-16,0.,-1.));
#9470=DIRECTION('ref_axis',(-0.549843541397239,0.835267669662691,-6.73364133003974E-17));
#9471=DIRECTION('center_axis',(-1.22464679914735E-16,0.,1.));
#9472=DIRECTION('ref_axis',(-0.978147600733806,0.207911690817759,-1.19788532833232E-16));
#9473=DIRECTION('center_axis',(1.22464679914735E-16,0.,-1.));
#9474=DIRECTION('ref_axis',(-0.715667190775561,-0.698441459284468,-8.76439534438069E-17));
#9475=DIRECTION('',(0.999929218595767,-0.0118978064557224,1.22456011692722E-16));
#9476=DIRECTION('center_axis',(1.22464679914735E-16,0.,-1.));
#9477=DIRECTION('ref_axis',(-0.978147600733806,0.207911690817759,-1.19788532833232E-16));
#9478=DIRECTION('',(0.999929218595767,-0.0118978064557416,1.22456011692722E-16));
#9479=DIRECTION('center_axis',(1.22464679914735E-16,0.,-1.));
#9480=DIRECTION('ref_axis',(0.534382176644134,-0.845242976477816,6.54429422148635E-17));
#9481=DIRECTION('center_axis',(1.22464679914735E-16,0.,-1.));
#9482=DIRECTION('ref_axis',(-0.913545457642601,0.4067366430758,-1.11877052057762E-16));
#9483=DIRECTION('center_axis',(1.22464679914735E-16,0.,-1.));
#9484=DIRECTION('ref_axis',(0.930238747433709,0.366954864762635,1.13921390448754E-16));
#9485=DIRECTION('',(-0.915948971738335,0.401294755973072,-1.12171397642166E-16));
#9486=DIRECTION('center_axis',(1.22464679914735E-16,0.,-1.));
#9487=DIRECTION('ref_axis',(-0.913545457642601,0.4067366430758,-1.11877052057762E-16));
#9488=DIRECTION('',(-0.913545457642601,0.4067366430758,-1.11877052057762E-16));
#9489=DIRECTION('center_axis',(1.22464679914735E-16,0.,-1.));
#9490=DIRECTION('ref_axis',(-0.364166227311709,0.931333967428203,-4.45975004634852E-17));
#9491=DIRECTION('center_axis',(-1.22464679914735E-16,0.,1.));
#9492=DIRECTION('ref_axis',(-0.913545457642601,0.4067366430758,-1.11877052057762E-16));
#9493=DIRECTION('center_axis',(1.22464679914735E-16,0.,-1.));
#9494=DIRECTION('ref_axis',(-0.845242290318075,-0.534383261955177,-1.03512326534201E-16));
#9495=DIRECTION('',(0.975604673015847,-0.219534785374987,1.19477114004206E-16));
#9496=DIRECTION('center_axis',(1.22464679914735E-16,0.,-1.));
#9497=DIRECTION('ref_axis',(-0.913545457642601,0.4067366430758,-1.11877052057762E-16));
#9498=DIRECTION('',(0.975604673015843,-0.219534785375006,1.19477114004205E-16));
#9499=DIRECTION('center_axis',(1.22464679914735E-16,0.,-1.));
#9500=DIRECTION('ref_axis',(0.34696874756803,-0.937876691367832,4.24914166113354E-17));
#9501=DIRECTION('center_axis',(1.22464679914735E-16,0.,-1.));
#9502=DIRECTION('ref_axis',(-0.809016994374948,0.587785252292473,-9.90760072617092E-17));
#9503=DIRECTION('center_axis',(1.22464679914735E-16,0.,-1.));
#9504=DIRECTION('ref_axis',(0.986205005298505,0.165528509702032,1.20775280304191E-16));
#9505=DIRECTION('',(-0.812499417869787,0.582962002159024,-9.95024811403322E-17));
#9506=DIRECTION('center_axis',(1.22464679914735E-16,0.,-1.));
#9507=DIRECTION('ref_axis',(-0.809016994374947,0.587785252292473,-9.90760072617092E-17));
#9508=DIRECTION('',(-0.809016994374947,0.587785252292473,-9.90760072617092E-17));
#9509=DIRECTION('center_axis',(1.22464679914735E-16,0.,-1.));
#9510=DIRECTION('ref_axis',(-0.16257310162922,0.986696501780895,-1.99094628537681E-17));
#9511=DIRECTION('center_axis',(-1.22464679914735E-16,0.,1.));
#9512=DIRECTION('ref_axis',(-0.809016994374947,0.587785252292473,-9.90760072617091E-17));
#9513=DIRECTION('center_axis',(1.22464679914735E-16,0.,-1.));
#9514=DIRECTION('ref_axis',(-0.937876245851182,-0.346969951823055,-1.14856714247799E-16));
#9515=DIRECTION('',(0.908641521754513,-0.417577040728587,1.11276493118904E-16));
#9516=DIRECTION('center_axis',(1.22464679914735E-16,0.,-1.));
#9517=DIRECTION('ref_axis',(-0.809016994374947,0.587785252292473,-9.90760072617092E-17));
#9518=DIRECTION('',(0.908641521754505,-0.417577040728604,1.11276493118903E-16));
#9519=DIRECTION('center_axis',(1.22464679914735E-16,0.,-1.));
#9520=DIRECTION('ref_axis',(0.144391119282431,-0.989520694413395,1.76828122054532E-17));
#9521=DIRECTION('center_axis',(1.22464679914735E-16,0.,-1.));
#9522=DIRECTION('ref_axis',(-0.669130606358858,0.743144825477394,-8.19448655288904E-17));
#9523=DIRECTION('center_axis',(1.22464679914735E-16,0.,-1.));
#9524=DIRECTION('ref_axis',(0.999069372095096,-0.0431322355264646,1.22350710866242E-16));
#9525=DIRECTION('',(-0.673539740635557,0.739151011488577,-8.24848287467873E-17));
#9526=DIRECTION('center_axis',(1.22464679914735E-16,0.,-1.));
#9527=DIRECTION('ref_axis',(-0.669130606358858,0.743144825477394,-8.19448655288904E-17));
#9528=DIRECTION('',(-0.669130606358858,0.743144825477394,-8.19448655288904E-17));
#9529=DIRECTION('center_axis',(1.22464679914735E-16,0.,-1.));
#9530=DIRECTION('ref_axis',(0.0461252487067594,0.99893566431064,5.64871381886085E-18));
#9531=DIRECTION('center_axis',(-1.22464679914735E-16,0.,1.));
#9532=DIRECTION('ref_axis',(-0.669130606358858,0.743144825477394,-8.19448655288904E-17));
#9533=DIRECTION('center_axis',(1.22464679914735E-16,0.,-1.));
#9534=DIRECTION('ref_axis',(-0.98952050901105,-0.144392389849714,-1.21181312405104E-16));
#9535=DIRECTION('',(0.801966375846734,-0.597369175645392,9.82125555204506E-17));
#9536=DIRECTION('center_axis',(1.22464679914735E-16,0.,-1.));
#9537=DIRECTION('ref_axis',(-0.669130606358858,0.743144825477394,-8.19448655288904E-17));
#9538=DIRECTION('',(0.801966375846722,-0.597369175645407,9.82125555204492E-17));
#9539=DIRECTION('center_axis',(1.22464679914735E-16,0.,-1.));
#9540=DIRECTION('ref_axis',(-0.0644970937812738,-0.99791789486599,-7.89861594535436E-18));
#9541=DIRECTION('center_axis',(1.22464679914735E-16,0.,-1.));
#9542=DIRECTION('ref_axis',(-0.5,0.866025403784438,-6.12323399573677E-17));
#9543=DIRECTION('center_axis',(1.22464679914735E-16,0.,-1.));
#9544=DIRECTION('ref_axis',(0.968269613264391,-0.249907895091025,1.18578828259588E-16));
#9545=DIRECTION('',(-0.505143144733293,0.863035574776011,-6.18621935308855E-17));
#9546=DIRECTION('center_axis',(1.22464679914735E-16,0.,-1.));
#9547=DIRECTION('ref_axis',(-0.5,0.866025403784438,-6.12323399573677E-17));
#9548=DIRECTION('',(-0.5,0.866025403784438,-6.12323399573677E-17));
#9549=DIRECTION('center_axis',(1.22464679914735E-16,0.,-1.));
#9550=DIRECTION('ref_axis',(0.252807704340753,0.967516544884871,3.09600145920694E-17));
#9551=DIRECTION('center_axis',(-1.22464679914735E-16,0.,1.));
#9552=DIRECTION('ref_axis',(-0.5,0.866025403784438,-6.12323399573677E-17));
#9553=DIRECTION('center_axis',(1.22464679914735E-16,0.,-1.));
#9554=DIRECTION('ref_axis',(-0.997917977680924,0.0644958124316194,-1.22209705717854E-16));
#9555=DIRECTION('',(0.660241451052824,-0.751053411091157,8.08562579696244E-17));
#9556=DIRECTION('center_axis',(1.22464679914735E-16,0.,-1.));
#9557=DIRECTION('ref_axis',(-0.5,0.866025403784438,-6.12323399573677E-17));
#9558=DIRECTION('',(0.660241451052809,-0.751053411091169,8.08562579696227E-17));
#9559=DIRECTION('center_axis',(1.22464679914735E-16,0.,-1.));
#9560=DIRECTION('ref_axis',(-0.270566474355344,-0.962701294771602,-3.31348366775856E-17));
#9561=DIRECTION('center_axis',(1.22464679914735E-16,0.,-1.));
#9562=DIRECTION('ref_axis',(-0.309016994374948,0.951056516295153,-3.78436673043415E-17));
#9563=DIRECTION('center_axis',(1.22464679914735E-16,0.,-1.));
#9564=DIRECTION('ref_axis',(0.895151826060931,-0.44576138044898,1.09624481853643E-16));
#9565=DIRECTION('',(-0.314669369460442,0.949201342141575,-3.85358836099447E-17));
#9566=DIRECTION('center_axis',(1.22464679914735E-16,0.,-1.));
#9567=DIRECTION('ref_axis',(-0.309016994374948,0.951056516295154,-3.78436673043415E-17));
#9568=DIRECTION('',(-0.309016994374948,0.951056516295153,-3.78436673043415E-17));
#9569=DIRECTION('center_axis',(1.22464679914735E-16,0.,-1.));
#9570=DIRECTION('ref_axis',(0.4484412501891,0.893812309788155,5.49182141649718E-17));
#9571=DIRECTION('center_axis',(-1.22464679914735E-16,0.,1.));
#9572=DIRECTION('ref_axis',(-0.309016994374947,0.951056516295154,-3.78436673043415E-17));
#9573=DIRECTION('center_axis',(1.22464679914735E-16,0.,-1.));
#9574=DIRECTION('ref_axis',(-0.962701642184404,0.270565238224446,-1.17896948463503E-16));
#9575=DIRECTION('',(0.489660806657918,-0.871913008518119,5.9966153954153E-17));
#9576=DIRECTION('center_axis',(1.22464679914735E-16,0.,-1.));
#9577=DIRECTION('ref_axis',(-0.309016994374948,0.951056516295154,-3.78436673043415E-17));
#9578=DIRECTION('',(0.489660806657901,-0.871913008518128,5.99661539541509E-17));
#9579=DIRECTION('center_axis',(1.22464679914735E-16,0.,-1.));
#9580=DIRECTION('ref_axis',(-0.464810801678093,-0.885410028542352,-5.69229060484192E-17));
#9581=DIRECTION('center_axis',(1.22464679914735E-16,0.,-1.));
#9582=DIRECTION('ref_axis',(-0.104528463267654,0.994521895368273,-1.28010447960524E-17));
#9583=DIRECTION('center_axis',(1.22464679914735E-16,0.,-1.));
#9584=DIRECTION('ref_axis',(0.78291160864358,-0.622132954480891,9.58790195540665E-17));
#9585=DIRECTION('',(-0.11044303279101,0.993882456082169,-1.35253706595637E-17));
#9586=DIRECTION('center_axis',(1.22464679914735E-16,0.,-1.));
#9587=DIRECTION('ref_axis',(-0.104528463267654,0.994521895368273,-1.28010447960524E-17));
#9588=DIRECTION('',(-0.104528463267654,0.994521895368273,-1.28010447960524E-17));
#9589=DIRECTION('center_axis',(1.22464679914735E-16,0.,-1.));
#9590=DIRECTION('ref_axis',(0.624475761544318,0.78104418776638,7.64762242520355E-17));
#9591=DIRECTION('center_axis',(-1.22464679914735E-16,0.,1.));
#9592=DIRECTION('ref_axis',(-0.104528463267654,0.994521895368273,-1.28010447960524E-17));
#9593=DIRECTION('center_axis',(1.22464679914735E-16,0.,-1.));
#9594=DIRECTION('ref_axis',(-0.885410625369415,0.464809664790805,-1.08431528828971E-16));
#9595=DIRECTION('',(0.297679635358821,-0.954665823570028,3.64552412613531E-17));
#9596=DIRECTION('center_axis',(1.22464679914735E-16,0.,-1.));
#9597=DIRECTION('ref_axis',(-0.104528463267654,0.994521895368273,-1.28010447960524E-17));
#9598=DIRECTION('',(0.297679635358803,-0.954665823570033,3.64552412613509E-17));
#9599=DIRECTION('center_axis',(-1.22464679914735E-16,0.,1.));
#9600=DIRECTION('ref_axis',(-0.831973700954399,0.554815069117846,-1.01887392984858E-16));
#9601=DIRECTION('center_axis',(1.22464679914735E-16,0.,-1.));
#9602=DIRECTION('ref_axis',(-0.831973700954399,0.554815069117846,-1.01887392984858E-16));
#9603=DIRECTION('',(1.22464679914735E-16,0.,-1.));
#9604=DIRECTION('',(-1.22464679914735E-16,0.,1.));
#9605=DIRECTION('center_axis',(-0.196259163697648,0.980552059130315,-2.40348156625661E-17));
#9606=DIRECTION('ref_axis',(-0.980552059130315,-0.196259163697648,-1.20082994061129E-16));
#9607=DIRECTION('',(-1.22464679914735E-16,0.,1.));
#9608=DIRECTION('',(-0.980552059130315,-0.196259163697648,-1.20082994061129E-16));
#9609=DIRECTION('center_axis',(-1.22464679914735E-16,0.,1.));
#9610=DIRECTION('ref_axis',(0.554814000843961,0.831974413349063,6.79451190255694E-17));
#9611=DIRECTION('center_axis',(1.22464679914735E-16,0.,-1.));
#9612=DIRECTION('ref_axis',(0.554814000843961,0.831974413349063,6.79451190255694E-17));
#9613=DIRECTION('',(1.22464679914735E-16,0.,-1.));
#9614=DIRECTION('',(-1.22464679914735E-16,0.,1.));
#9615=DIRECTION('center_axis',(-1.22464679914735E-16,0.,1.));
#9616=DIRECTION('ref_axis',(1.,0.,1.22464679914735E-16));
#9617=DIRECTION('',(1.22464679914735E-16,0.,-1.));
#9618=DIRECTION('center_axis',(-1.22464679914735E-16,0.,1.));
#9619=DIRECTION('ref_axis',(1.,0.,1.22464679914735E-16));
#9620=DIRECTION('center_axis',(-1.22464679914735E-16,0.,1.));
#9621=DIRECTION('ref_axis',(0.711490054281668,-0.702696166673954,8.71324017601222E-17));
#9622=DIRECTION('center_axis',(1.22464679914735E-16,0.,-1.));
#9623=DIRECTION('ref_axis',(0.711490054281668,-0.702696166673954,8.71324017601222E-17));
#9624=DIRECTION('',(-1.22464679914735E-16,0.,1.));
#9625=DIRECTION('center_axis',(0.,-1.,0.));
#9626=DIRECTION('ref_axis',(1.,0.,1.22464679914735E-16));
#9627=DIRECTION('',(-1.22464679914735E-16,0.,1.));
#9628=DIRECTION('',(1.,0.,1.22464679914735E-16));
#9629=DIRECTION('center_axis',(-1.22464679914735E-16,0.,1.));
#9630=DIRECTION('ref_axis',(-0.70056139238732,-0.713592135253983,-8.57940266793344E-17));
#9631=DIRECTION('center_axis',(1.22464679914735E-16,0.,-1.));
#9632=DIRECTION('ref_axis',(-0.70056139238732,-0.713592135253983,-8.57940266793344E-17));
#9633=DIRECTION('',(1.22464679914735E-16,0.,-1.));
#9634=DIRECTION('',(-1.22464679914735E-16,0.,1.));
#9635=DIRECTION('center_axis',(-1.22464679914735E-16,0.,1.));
#9636=DIRECTION('ref_axis',(1.,0.,1.22464679914735E-16));
#9637=DIRECTION('center_axis',(1.22464679914735E-16,0.,-1.));
#9638=DIRECTION('ref_axis',(1.,0.,1.22464679914735E-16));
#9639=DIRECTION('center_axis',(-0.196259163697667,0.980552059130311,-2.40348156625684E-17));
#9640=DIRECTION('ref_axis',(-0.980552059130311,-0.196259163697666,-1.20082994061128E-16));
#9641=DIRECTION('',(-0.980552059130311,-0.196259163697667,-1.20082994061128E-16));
#9642=DIRECTION('',(-1.22464679914735E-16,0.,1.));
#9643=DIRECTION('center_axis',(-1.22464679914735E-16,0.,1.));
#9644=DIRECTION('ref_axis',(1.,0.,1.22464679914735E-16));
#9645=DIRECTION('',(-1.22464679914735E-16,0.,1.));
#9646=DIRECTION('center_axis',(1.22464679914735E-16,0.,-1.));
#9647=DIRECTION('ref_axis',(1.,0.,1.22464679914735E-16));
#9648=DIRECTION('center_axis',(0.00594900849858508,-0.999982304492376,7.28543421589262E-19));
#9649=DIRECTION('ref_axis',(0.999982304492376,0.00594900849858508,1.22462512840058E-16));
#9650=DIRECTION('',(0.999982304492376,0.00594900849858508,1.22462512840058E-16));
#9651=DIRECTION('center_axis',(-1.22464679914735E-16,0.,1.));
#9652=DIRECTION('ref_axis',(1.,0.,1.22464679914735E-16));
#9653=DIRECTION('center_axis',(1.22464679914735E-16,0.,-1.));
#9654=DIRECTION('ref_axis',(1.,0.,1.22464679914735E-16));
#9655=DIRECTION('center_axis',(1.22464679914735E-16,0.,-1.));
#9656=DIRECTION('ref_axis',(1.,0.,1.22464679914735E-16));
#9657=DIRECTION('center_axis',(-1.22464679914735E-16,0.,1.));
#9658=DIRECTION('ref_axis',(1.,0.,1.22464679914735E-16));
#9659=DIRECTION('',(-1.22464679914735E-16,0.,1.));
#9660=DIRECTION('center_axis',(-1.22464679914735E-16,0.,1.));
#9661=DIRECTION('ref_axis',(1.,0.,1.22464679914735E-16));
#9662=DIRECTION('center_axis',(1.22464679914735E-16,0.,-1.));
#9663=DIRECTION('ref_axis',(1.,0.,1.22464679914735E-16));
#9664=DIRECTION('center_axis',(-1.22464679914735E-16,0.,1.));
#9665=DIRECTION('ref_axis',(0.978147600733806,-0.207911690817759,1.19788532833232E-16));
#9666=DIRECTION('',(-1.22464679914735E-16,0.,1.));
#9667=DIRECTION('center_axis',(-1.22464679914735E-16,0.,1.));
#9668=DIRECTION('ref_axis',(0.978147600733806,-0.207911690817759,1.19788532833232E-16));
#9669=DIRECTION('center_axis',(1.22464679914735E-16,0.,-1.));
#9670=DIRECTION('ref_axis',(0.978147600733806,-0.207911690817759,1.19788532833232E-16));
#9671=DIRECTION('center_axis',(-1.22464679914735E-16,0.,1.));
#9672=DIRECTION('ref_axis',(0.913545457642601,-0.4067366430758,1.11877052057762E-16));
#9673=DIRECTION('',(-1.22464679914735E-16,0.,1.));
#9674=DIRECTION('center_axis',(-1.22464679914735E-16,0.,1.));
#9675=DIRECTION('ref_axis',(0.913545457642601,-0.4067366430758,1.11877052057762E-16));
#9676=DIRECTION('center_axis',(1.22464679914735E-16,0.,-1.));
#9677=DIRECTION('ref_axis',(0.913545457642601,-0.4067366430758,1.11877052057761E-16));
#9678=DIRECTION('center_axis',(-1.22464679914735E-16,0.,1.));
#9679=DIRECTION('ref_axis',(0.809016994374947,-0.587785252292473,9.90760072617092E-17));
#9680=DIRECTION('',(-1.22464679914735E-16,0.,1.));
#9681=DIRECTION('center_axis',(-1.22464679914735E-16,0.,1.));
#9682=DIRECTION('ref_axis',(0.809016994374947,-0.587785252292473,9.90760072617092E-17));
#9683=DIRECTION('center_axis',(1.22464679914735E-16,0.,-1.));
#9684=DIRECTION('ref_axis',(0.809016994374947,-0.587785252292473,9.90760072617092E-17));
#9685=DIRECTION('center_axis',(-1.22464679914735E-16,0.,1.));
#9686=DIRECTION('ref_axis',(0.669130606358858,-0.743144825477394,8.19448655288903E-17));
#9687=DIRECTION('',(-1.22464679914735E-16,0.,1.));
#9688=DIRECTION('center_axis',(-1.22464679914735E-16,0.,1.));
#9689=DIRECTION('ref_axis',(0.669130606358858,-0.743144825477394,8.19448655288903E-17));
#9690=DIRECTION('center_axis',(1.22464679914735E-16,0.,-1.));
#9691=DIRECTION('ref_axis',(0.669130606358858,-0.743144825477394,8.19448655288903E-17));
#9692=DIRECTION('center_axis',(-1.22464679914735E-16,0.,1.));
#9693=DIRECTION('ref_axis',(0.5,-0.866025403784439,6.12323399573677E-17));
#9694=DIRECTION('',(-1.22464679914735E-16,0.,1.));
#9695=DIRECTION('center_axis',(-1.22464679914735E-16,0.,1.));
#9696=DIRECTION('ref_axis',(0.5,-0.866025403784439,6.12323399573677E-17));
#9697=DIRECTION('center_axis',(1.22464679914735E-16,0.,-1.));
#9698=DIRECTION('ref_axis',(0.5,-0.866025403784439,6.12323399573677E-17));
#9699=DIRECTION('center_axis',(-1.22464679914735E-16,0.,1.));
#9700=DIRECTION('ref_axis',(0.309016994374947,-0.951056516295154,3.78436673043415E-17));
#9701=DIRECTION('',(-1.22464679914735E-16,0.,1.));
#9702=DIRECTION('center_axis',(-1.22464679914735E-16,0.,1.));
#9703=DIRECTION('ref_axis',(0.309016994374947,-0.951056516295154,3.78436673043415E-17));
#9704=DIRECTION('center_axis',(1.22464679914735E-16,0.,-1.));
#9705=DIRECTION('ref_axis',(0.309016994374948,-0.951056516295154,3.78436673043415E-17));
#9706=DIRECTION('center_axis',(-1.22464679914735E-16,0.,1.));
#9707=DIRECTION('ref_axis',(0.104528463267654,-0.994521895368273,1.28010447960524E-17));
#9708=DIRECTION('',(-1.22464679914735E-16,0.,1.));
#9709=DIRECTION('center_axis',(-1.22464679914735E-16,0.,1.));
#9710=DIRECTION('ref_axis',(0.104528463267654,-0.994521895368273,1.28010447960524E-17));
#9711=DIRECTION('center_axis',(1.22464679914735E-16,0.,-1.));
#9712=DIRECTION('ref_axis',(0.104528463267654,-0.994521895368273,1.28010447960524E-17));
#9713=DIRECTION('center_axis',(-1.22464679914735E-16,0.,1.));
#9714=DIRECTION('ref_axis',(-0.104528463267653,-0.994521895368273,-1.28010447960523E-17));
#9715=DIRECTION('',(-1.22464679914735E-16,0.,1.));
#9716=DIRECTION('center_axis',(-1.22464679914735E-16,0.,1.));
#9717=DIRECTION('ref_axis',(-0.104528463267653,-0.994521895368273,-1.28010447960523E-17));
#9718=DIRECTION('center_axis',(1.22464679914735E-16,0.,-1.));
#9719=DIRECTION('ref_axis',(-0.104528463267653,-0.994521895368273,-1.28010447960523E-17));
#9720=DIRECTION('center_axis',(-1.22464679914735E-16,0.,1.));
#9721=DIRECTION('ref_axis',(-0.309016994374947,-0.951056516295154,-3.78436673043415E-17));
#9722=DIRECTION('',(-1.22464679914735E-16,0.,1.));
#9723=DIRECTION('center_axis',(-1.22464679914735E-16,0.,1.));
#9724=DIRECTION('ref_axis',(-0.309016994374947,-0.951056516295154,-3.78436673043415E-17));
#9725=DIRECTION('center_axis',(1.22464679914735E-16,0.,-1.));
#9726=DIRECTION('ref_axis',(-0.309016994374947,-0.951056516295154,-3.78436673043415E-17));
#9727=DIRECTION('center_axis',(-1.22464679914735E-16,0.,1.));
#9728=DIRECTION('ref_axis',(-0.5,-0.866025403784439,-6.12323399573676E-17));
#9729=DIRECTION('',(-1.22464679914735E-16,0.,1.));
#9730=DIRECTION('center_axis',(-1.22464679914735E-16,0.,1.));
#9731=DIRECTION('ref_axis',(-0.5,-0.866025403784439,-6.12323399573676E-17));
#9732=DIRECTION('center_axis',(1.22464679914735E-16,0.,-1.));
#9733=DIRECTION('ref_axis',(-0.5,-0.866025403784439,-6.12323399573676E-17));
#9734=DIRECTION('center_axis',(-1.22464679914735E-16,0.,1.));
#9735=DIRECTION('ref_axis',(-0.669130606358858,-0.743144825477394,-8.19448655288903E-17));
#9736=DIRECTION('',(-1.22464679914735E-16,0.,1.));
#9737=DIRECTION('center_axis',(-1.22464679914735E-16,0.,1.));
#9738=DIRECTION('ref_axis',(-0.669130606358858,-0.743144825477394,-8.19448655288903E-17));
#9739=DIRECTION('center_axis',(1.22464679914735E-16,0.,-1.));
#9740=DIRECTION('ref_axis',(-0.669130606358858,-0.743144825477394,-8.19448655288903E-17));
#9741=DIRECTION('center_axis',(-1.22464679914735E-16,0.,1.));
#9742=DIRECTION('ref_axis',(-0.809016994374947,-0.587785252292473,-9.90760072617091E-17));
#9743=DIRECTION('',(-1.22464679914735E-16,0.,1.));
#9744=DIRECTION('center_axis',(-1.22464679914735E-16,0.,1.));
#9745=DIRECTION('ref_axis',(-0.809016994374947,-0.587785252292473,-9.90760072617091E-17));
#9746=DIRECTION('center_axis',(1.22464679914735E-16,0.,-1.));
#9747=DIRECTION('ref_axis',(-0.809016994374947,-0.587785252292473,-9.90760072617092E-17));
#9748=DIRECTION('center_axis',(-1.22464679914735E-16,0.,1.));
#9749=DIRECTION('ref_axis',(-0.913545457642601,-0.4067366430758,-1.11877052057762E-16));
#9750=DIRECTION('',(-1.22464679914735E-16,0.,1.));
#9751=DIRECTION('center_axis',(-1.22464679914735E-16,0.,1.));
#9752=DIRECTION('ref_axis',(-0.913545457642601,-0.4067366430758,-1.11877052057762E-16));
#9753=DIRECTION('center_axis',(1.22464679914735E-16,0.,-1.));
#9754=DIRECTION('ref_axis',(-0.913545457642601,-0.4067366430758,-1.11877052057762E-16));
#9755=DIRECTION('center_axis',(-1.22464679914735E-16,0.,1.));
#9756=DIRECTION('ref_axis',(-0.978147600733806,-0.20791169081776,-1.19788532833232E-16));
#9757=DIRECTION('',(-1.22464679914735E-16,0.,1.));
#9758=DIRECTION('center_axis',(-1.22464679914735E-16,0.,1.));
#9759=DIRECTION('ref_axis',(-0.978147600733806,-0.20791169081776,-1.19788532833232E-16));
#9760=DIRECTION('center_axis',(1.22464679914735E-16,0.,-1.));
#9761=DIRECTION('ref_axis',(-0.978147600733805,-0.20791169081776,-1.19788532833232E-16));
#9762=DIRECTION('center_axis',(-1.22464679914735E-16,0.,1.));
#9763=DIRECTION('ref_axis',(-1.,-1.22464679914735E-16,-1.22464679914735E-16));
#9764=DIRECTION('',(-1.22464679914735E-16,0.,1.));
#9765=DIRECTION('center_axis',(-1.22464679914735E-16,0.,1.));
#9766=DIRECTION('ref_axis',(-1.,-1.22464679914735E-16,-1.22464679914735E-16));
#9767=DIRECTION('center_axis',(1.22464679914735E-16,0.,-1.));
#9768=DIRECTION('ref_axis',(-1.,-1.22464679914735E-16,-1.22464679914735E-16));
#9769=DIRECTION('center_axis',(-1.22464679914735E-16,0.,1.));
#9770=DIRECTION('ref_axis',(-0.978147600733806,0.207911690817759,-1.19788532833232E-16));
#9771=DIRECTION('',(-1.22464679914735E-16,0.,1.));
#9772=DIRECTION('center_axis',(-1.22464679914735E-16,0.,1.));
#9773=DIRECTION('ref_axis',(-0.978147600733806,0.207911690817759,-1.19788532833232E-16));
#9774=DIRECTION('center_axis',(1.22464679914735E-16,0.,-1.));
#9775=DIRECTION('ref_axis',(-0.978147600733806,0.207911690817759,-1.19788532833232E-16));
#9776=DIRECTION('center_axis',(-1.22464679914735E-16,0.,1.));
#9777=DIRECTION('ref_axis',(-0.913545457642601,0.4067366430758,-1.11877052057762E-16));
#9778=DIRECTION('',(-1.22464679914735E-16,0.,1.));
#9779=DIRECTION('center_axis',(-1.22464679914735E-16,0.,1.));
#9780=DIRECTION('ref_axis',(-0.913545457642601,0.4067366430758,-1.11877052057762E-16));
#9781=DIRECTION('center_axis',(1.22464679914735E-16,0.,-1.));
#9782=DIRECTION('ref_axis',(-0.913545457642601,0.4067366430758,-1.11877052057762E-16));
#9783=DIRECTION('center_axis',(-1.22464679914735E-16,0.,1.));
#9784=DIRECTION('ref_axis',(-0.809016994374947,0.587785252292473,-9.90760072617091E-17));
#9785=DIRECTION('',(-1.22464679914735E-16,0.,1.));
#9786=DIRECTION('center_axis',(-1.22464679914735E-16,0.,1.));
#9787=DIRECTION('ref_axis',(-0.809016994374947,0.587785252292473,-9.90760072617091E-17));
#9788=DIRECTION('center_axis',(1.22464679914735E-16,0.,-1.));
#9789=DIRECTION('ref_axis',(-0.809016994374947,0.587785252292473,-9.90760072617092E-17));
#9790=DIRECTION('center_axis',(-1.22464679914735E-16,0.,1.));
#9791=DIRECTION('ref_axis',(-0.669130606358858,0.743144825477394,-8.19448655288903E-17));
#9792=DIRECTION('',(-1.22464679914735E-16,0.,1.));
#9793=DIRECTION('center_axis',(-1.22464679914735E-16,0.,1.));
#9794=DIRECTION('ref_axis',(-0.669130606358858,0.743144825477394,-8.19448655288903E-17));
#9795=DIRECTION('center_axis',(1.22464679914735E-16,0.,-1.));
#9796=DIRECTION('ref_axis',(-0.669130606358858,0.743144825477394,-8.19448655288904E-17));
#9797=DIRECTION('center_axis',(-1.22464679914735E-16,0.,1.));
#9798=DIRECTION('ref_axis',(-0.5,0.866025403784438,-6.12323399573677E-17));
#9799=DIRECTION('',(-1.22464679914735E-16,0.,1.));
#9800=DIRECTION('center_axis',(-1.22464679914735E-16,0.,1.));
#9801=DIRECTION('ref_axis',(-0.5,0.866025403784438,-6.12323399573677E-17));
#9802=DIRECTION('center_axis',(1.22464679914735E-16,0.,-1.));
#9803=DIRECTION('ref_axis',(-0.5,0.866025403784438,-6.12323399573677E-17));
#9804=DIRECTION('center_axis',(-1.22464679914735E-16,0.,1.));
#9805=DIRECTION('ref_axis',(-0.309016994374948,0.951056516295153,-3.78436673043415E-17));
#9806=DIRECTION('',(-1.22464679914735E-16,0.,1.));
#9807=DIRECTION('center_axis',(-1.22464679914735E-16,0.,1.));
#9808=DIRECTION('ref_axis',(-0.309016994374948,0.951056516295153,-3.78436673043415E-17));
#9809=DIRECTION('center_axis',(1.22464679914735E-16,0.,-1.));
#9810=DIRECTION('ref_axis',(-0.309016994374948,0.951056516295153,-3.78436673043415E-17));
#9811=DIRECTION('center_axis',(-1.22464679914735E-16,0.,1.));
#9812=DIRECTION('ref_axis',(-0.104528463267654,0.994521895368273,-1.28010447960524E-17));
#9813=DIRECTION('',(-1.22464679914735E-16,0.,1.));
#9814=DIRECTION('center_axis',(-1.22464679914735E-16,0.,1.));
#9815=DIRECTION('ref_axis',(-0.104528463267654,0.994521895368273,-1.28010447960524E-17));
#9816=DIRECTION('center_axis',(1.22464679914735E-16,0.,-1.));
#9817=DIRECTION('ref_axis',(-0.104528463267654,0.994521895368273,-1.28010447960524E-17));
#9818=DIRECTION('center_axis',(-1.22464679914735E-16,0.,1.));
#9819=DIRECTION('ref_axis',(0.104528463267653,0.994521895368274,1.28010447960523E-17));
#9820=DIRECTION('',(-1.22464679914735E-16,0.,1.));
#9821=DIRECTION('center_axis',(-1.22464679914735E-16,0.,1.));
#9822=DIRECTION('ref_axis',(0.104528463267653,0.994521895368274,1.28010447960523E-17));
#9823=DIRECTION('center_axis',(1.22464679914735E-16,0.,-1.));
#9824=DIRECTION('ref_axis',(0.104528463267653,0.994521895368273,1.28010447960523E-17));
#9825=DIRECTION('center_axis',(-1.22464679914735E-16,0.,1.));
#9826=DIRECTION('ref_axis',(0.309016994374947,0.951056516295154,3.78436673043415E-17));
#9827=DIRECTION('',(-1.22464679914735E-16,0.,1.));
#9828=DIRECTION('center_axis',(-1.22464679914735E-16,0.,1.));
#9829=DIRECTION('ref_axis',(0.309016994374947,0.951056516295154,3.78436673043415E-17));
#9830=DIRECTION('center_axis',(1.22464679914735E-16,0.,-1.));
#9831=DIRECTION('ref_axis',(0.309016994374947,0.951056516295154,3.78436673043415E-17));
#9832=DIRECTION('center_axis',(-1.22464679914735E-16,0.,1.));
#9833=DIRECTION('ref_axis',(0.499999999999999,0.866025403784439,6.12323399573676E-17));
#9834=DIRECTION('',(-1.22464679914735E-16,0.,1.));
#9835=DIRECTION('center_axis',(-1.22464679914735E-16,0.,1.));
#9836=DIRECTION('ref_axis',(0.499999999999999,0.866025403784439,6.12323399573676E-17));
#9837=DIRECTION('center_axis',(1.22464679914735E-16,0.,-1.));
#9838=DIRECTION('ref_axis',(0.499999999999999,0.866025403784439,6.12323399573676E-17));
#9839=DIRECTION('center_axis',(-1.22464679914735E-16,0.,1.));
#9840=DIRECTION('ref_axis',(0.669130606358858,0.743144825477395,8.19448655288903E-17));
#9841=DIRECTION('',(-1.22464679914735E-16,0.,1.));
#9842=DIRECTION('center_axis',(-1.22464679914735E-16,0.,1.));
#9843=DIRECTION('ref_axis',(0.669130606358858,0.743144825477395,8.19448655288903E-17));
#9844=DIRECTION('center_axis',(1.22464679914735E-16,0.,-1.));
#9845=DIRECTION('ref_axis',(0.669130606358858,0.743144825477395,8.19448655288903E-17));
#9846=DIRECTION('center_axis',(-1.22464679914735E-16,0.,1.));
#9847=DIRECTION('ref_axis',(0.809016994374947,0.587785252292473,9.90760072617091E-17));
#9848=DIRECTION('',(-1.22464679914735E-16,0.,1.));
#9849=DIRECTION('center_axis',(-1.22464679914735E-16,0.,1.));
#9850=DIRECTION('ref_axis',(0.809016994374947,0.587785252292473,9.90760072617091E-17));
#9851=DIRECTION('center_axis',(1.22464679914735E-16,0.,-1.));
#9852=DIRECTION('ref_axis',(0.809016994374947,0.587785252292473,9.90760072617092E-17));
#9853=DIRECTION('center_axis',(-1.22464679914735E-16,0.,1.));
#9854=DIRECTION('ref_axis',(0.9135454576426,0.406736643075801,1.11877052057761E-16));
#9855=DIRECTION('',(-1.22464679914735E-16,0.,1.));
#9856=DIRECTION('center_axis',(-1.22464679914735E-16,0.,1.));
#9857=DIRECTION('ref_axis',(0.9135454576426,0.406736643075801,1.11877052057761E-16));
#9858=DIRECTION('center_axis',(1.22464679914735E-16,0.,-1.));
#9859=DIRECTION('ref_axis',(0.913545457642601,0.406736643075801,1.11877052057761E-16));
#9860=DIRECTION('center_axis',(-1.22464679914735E-16,0.,1.));
#9861=DIRECTION('ref_axis',(0.978147600733806,0.20791169081776,1.19788532833232E-16));
#9862=DIRECTION('',(-1.22464679914735E-16,0.,1.));
#9863=DIRECTION('center_axis',(-1.22464679914735E-16,0.,1.));
#9864=DIRECTION('ref_axis',(0.978147600733806,0.20791169081776,1.19788532833232E-16));
#9865=DIRECTION('center_axis',(1.22464679914735E-16,0.,-1.));
#9866=DIRECTION('ref_axis',(0.978147600733805,0.20791169081776,1.19788532833232E-16));
#9867=DIRECTION('center_axis',(-1.22464679914735E-16,0.,1.));
#9868=DIRECTION('ref_axis',(-0.698440540350707,0.71566808758992,-8.55342972135241E-17));
#9869=DIRECTION('center_axis',(1.22464679914735E-16,0.,-1.));
#9870=DIRECTION('ref_axis',(-0.698440540350707,0.71566808758992,-8.55342972135241E-17));
#9871=DIRECTION('',(1.22464679914735E-16,0.,-1.));
#9872=DIRECTION('',(-1.22464679914735E-16,0.,1.));
#9873=DIRECTION('center_axis',(0.0118978064557419,0.999929218595767,1.4570610592899E-18));
#9874=DIRECTION('ref_axis',(-0.999929218595767,0.0118978064557419,-1.22456011692722E-16));
#9875=DIRECTION('',(-1.22464679914735E-16,0.,1.));
#9876=DIRECTION('',(-0.999929218595767,0.0118978064557419,-1.22456011692722E-16));
#9877=DIRECTION('center_axis',(-1.22464679914735E-16,0.,1.));
#9878=DIRECTION('ref_axis',(0.715667190775561,0.698441459284468,8.76439534438069E-17));
#9879=DIRECTION('center_axis',(1.22464679914735E-16,0.,-1.));
#9880=DIRECTION('ref_axis',(0.715667190775561,0.698441459284468,8.76439534438069E-17));
#9881=DIRECTION('',(1.22464679914735E-16,0.,-1.));
#9882=DIRECTION('',(-1.22464679914735E-16,0.,1.));
#9883=DIRECTION('center_axis',(-1.22464679914735E-16,0.,1.));
#9884=DIRECTION('ref_axis',(0.978147600733806,-0.207911690817759,1.19788532833232E-16));
#9885=DIRECTION('',(1.22464679914735E-16,0.,-1.));
#9886=DIRECTION('center_axis',(-1.22464679914735E-16,0.,1.));
#9887=DIRECTION('ref_axis',(0.978147600733806,-0.207911690817759,1.19788532833232E-16));
#9888=DIRECTION('center_axis',(-1.22464679914735E-16,0.,1.));
#9889=DIRECTION('ref_axis',(0.549843541397239,-0.835267669662691,6.73364133003974E-17));
#9890=DIRECTION('center_axis',(1.22464679914735E-16,0.,-1.));
#9891=DIRECTION('ref_axis',(0.549843541397239,-0.835267669662691,6.73364133003974E-17));
#9892=DIRECTION('',(-1.22464679914735E-16,0.,1.));
#9893=DIRECTION('center_axis',(-0.207911690817759,-0.978147600733806,-2.54618386665283E-17));
#9894=DIRECTION('ref_axis',(0.978147600733806,-0.207911690817759,1.19788532833232E-16));
#9895=DIRECTION('',(-1.22464679914735E-16,0.,1.));
#9896=DIRECTION('',(0.978147600733806,-0.207911690817759,1.19788532833232E-16));
#9897=DIRECTION('center_axis',(-1.22464679914735E-16,0.,1.));
#9898=DIRECTION('ref_axis',(-0.833616592525302,-0.552343531388306,-1.02088589175223E-16));
#9899=DIRECTION('center_axis',(1.22464679914735E-16,0.,-1.));
#9900=DIRECTION('ref_axis',(-0.833616592525302,-0.552343531388306,-1.02088589175223E-16));
#9901=DIRECTION('',(1.22464679914735E-16,0.,-1.));
#9902=DIRECTION('',(-1.22464679914735E-16,0.,1.));
#9903=DIRECTION('center_axis',(-1.22464679914735E-16,0.,1.));
#9904=DIRECTION('ref_axis',(0.978147600733806,-0.207911690817759,1.19788532833232E-16));
#9905=DIRECTION('center_axis',(1.22464679914735E-16,0.,-1.));
#9906=DIRECTION('ref_axis',(0.978147600733806,-0.207911690817759,1.19788532833232E-16));
#9907=DIRECTION('center_axis',(0.0118978064557227,0.999929218595768,1.45706105928755E-18));
#9908=DIRECTION('ref_axis',(-0.999929218595767,0.0118978064557227,-1.22456011692722E-16));
#9909=DIRECTION('',(-0.999929218595767,0.0118978064557227,-1.22456011692722E-16));
#9910=DIRECTION('',(-1.22464679914735E-16,0.,1.));
#9911=DIRECTION('center_axis',(-1.22464679914735E-16,0.,1.));
#9912=DIRECTION('ref_axis',(0.978147600733806,-0.207911690817759,1.19788532833232E-16));
#9913=DIRECTION('',(-1.22464679914735E-16,0.,1.));
#9914=DIRECTION('center_axis',(1.22464679914735E-16,0.,-1.));
#9915=DIRECTION('ref_axis',(0.978147600733806,-0.207911690817759,1.19788532833232E-16));
#9916=DIRECTION('center_axis',(-0.202089003325213,-0.97936716033111,-2.47487651065101E-17));
#9917=DIRECTION('ref_axis',(0.97936716033111,-0.202089003325213,1.19937885808953E-16));
#9918=DIRECTION('',(0.97936716033111,-0.202089003325213,1.19937885808953E-16));
#9919=DIRECTION('center_axis',(-1.22464679914735E-16,0.,1.));
#9920=DIRECTION('ref_axis',(0.978147600733806,-0.207911690817759,1.19788532833232E-16));
#9921=DIRECTION('center_axis',(1.22464679914735E-16,0.,-1.));
#9922=DIRECTION('ref_axis',(0.978147600733806,-0.207911690817759,1.19788532833232E-16));
#9923=DIRECTION('center_axis',(1.22464679914735E-16,0.,-1.));
#9924=DIRECTION('ref_axis',(0.978147600733806,-0.207911690817759,1.19788532833232E-16));
#9925=DIRECTION('center_axis',(-1.22464679914735E-16,0.,1.));
#9926=DIRECTION('ref_axis',(-0.534382176644134,0.845242976477816,-6.54429422148634E-17));
#9927=DIRECTION('center_axis',(1.22464679914735E-16,0.,-1.));
#9928=DIRECTION('ref_axis',(-0.534382176644134,0.845242976477816,-6.54429422148634E-17));
#9929=DIRECTION('',(1.22464679914735E-16,0.,-1.));
#9930=DIRECTION('',(-1.22464679914735E-16,0.,1.));
#9931=DIRECTION('center_axis',(0.219534785375006,0.975604673015843,2.68852572211002E-17));
#9932=DIRECTION('ref_axis',(-0.975604673015843,0.219534785375006,-1.19477114004205E-16));
#9933=DIRECTION('',(-1.22464679914735E-16,0.,1.));
#9934=DIRECTION('',(-0.975604673015843,0.219534785375006,-1.19477114004205E-16));
#9935=DIRECTION('center_axis',(-1.22464679914735E-16,0.,1.));
#9936=DIRECTION('ref_axis',(0.845242290318075,0.534383261955177,1.03512326534201E-16));
#9937=DIRECTION('center_axis',(1.22464679914735E-16,0.,-1.));
#9938=DIRECTION('ref_axis',(0.845242290318075,0.534383261955177,1.03512326534201E-16));
#9939=DIRECTION('',(1.22464679914735E-16,0.,-1.));
#9940=DIRECTION('',(-1.22464679914735E-16,0.,1.));
#9941=DIRECTION('center_axis',(-1.22464679914735E-16,0.,1.));
#9942=DIRECTION('ref_axis',(0.913545457642601,-0.4067366430758,1.11877052057762E-16));
#9943=DIRECTION('',(1.22464679914735E-16,0.,-1.));
#9944=DIRECTION('center_axis',(-1.22464679914735E-16,0.,1.));
#9945=DIRECTION('ref_axis',(0.913545457642601,-0.4067366430758,1.11877052057762E-16));
#9946=DIRECTION('center_axis',(-1.22464679914735E-16,0.,1.));
#9947=DIRECTION('ref_axis',(0.364166227311708,-0.931333967428203,4.45975004634851E-17));
#9948=DIRECTION('center_axis',(1.22464679914735E-16,0.,-1.));
#9949=DIRECTION('ref_axis',(0.364166227311708,-0.931333967428203,4.45975004634851E-17));
#9950=DIRECTION('',(-1.22464679914735E-16,0.,1.));
#9951=DIRECTION('center_axis',(-0.4067366430758,-0.913545457642601,-4.98108728038718E-17));
#9952=DIRECTION('ref_axis',(0.913545457642601,-0.4067366430758,1.11877052057761E-16));
#9953=DIRECTION('',(-1.22464679914735E-16,0.,1.));
#9954=DIRECTION('',(0.913545457642601,-0.4067366430758,1.11877052057761E-16));
#9955=DIRECTION('center_axis',(-1.22464679914735E-16,0.,1.));
#9956=DIRECTION('ref_axis',(-0.930238747433709,-0.366954864762634,-1.13921390448754E-16));
#9957=DIRECTION('center_axis',(1.22464679914735E-16,0.,-1.));
#9958=DIRECTION('ref_axis',(-0.930238747433709,-0.366954864762634,-1.13921390448754E-16));
#9959=DIRECTION('',(1.22464679914735E-16,0.,-1.));
#9960=DIRECTION('',(-1.22464679914735E-16,0.,1.));
#9961=DIRECTION('center_axis',(-1.22464679914735E-16,0.,1.));
#9962=DIRECTION('ref_axis',(0.913545457642601,-0.4067366430758,1.11877052057762E-16));
#9963=DIRECTION('center_axis',(1.22464679914735E-16,0.,-1.));
#9964=DIRECTION('ref_axis',(0.913545457642601,-0.4067366430758,1.11877052057762E-16));
#9965=DIRECTION('center_axis',(0.219534785374987,0.975604673015847,2.68852572210979E-17));
#9966=DIRECTION('ref_axis',(-0.975604673015847,0.219534785374987,-1.19477114004206E-16));
#9967=DIRECTION('',(-0.975604673015847,0.219534785374987,-1.19477114004206E-16));
#9968=DIRECTION('',(-1.22464679914735E-16,0.,1.));
#9969=DIRECTION('center_axis',(-1.22464679914735E-16,0.,1.));
#9970=DIRECTION('ref_axis',(0.913545457642601,-0.4067366430758,1.11877052057762E-16));
#9971=DIRECTION('',(-1.22464679914735E-16,0.,1.));
#9972=DIRECTION('center_axis',(1.22464679914735E-16,0.,-1.));
#9973=DIRECTION('ref_axis',(0.913545457642601,-0.4067366430758,1.11877052057762E-16));
#9974=DIRECTION('center_axis',(-0.401294755973072,-0.915948971738335,-4.91444338417041E-17));
#9975=DIRECTION('ref_axis',(0.915948971738335,-0.401294755973072,1.12171397642166E-16));
#9976=DIRECTION('',(0.915948971738335,-0.401294755973072,1.12171397642166E-16));
#9977=DIRECTION('center_axis',(-1.22464679914735E-16,0.,1.));
#9978=DIRECTION('ref_axis',(0.913545457642601,-0.4067366430758,1.11877052057762E-16));
#9979=DIRECTION('center_axis',(1.22464679914735E-16,0.,-1.));
#9980=DIRECTION('ref_axis',(0.913545457642601,-0.4067366430758,1.11877052057762E-16));
#9981=DIRECTION('center_axis',(1.22464679914735E-16,0.,-1.));
#9982=DIRECTION('ref_axis',(0.913545457642601,-0.4067366430758,1.11877052057761E-16));
#9983=DIRECTION('center_axis',(-1.22464679914735E-16,0.,1.));
#9984=DIRECTION('ref_axis',(-0.34696874756803,0.937876691367832,-4.24914166113354E-17));
#9985=DIRECTION('center_axis',(1.22464679914735E-16,0.,-1.));
#9986=DIRECTION('ref_axis',(-0.34696874756803,0.937876691367832,-4.24914166113354E-17));
#9987=DIRECTION('',(1.22464679914735E-16,0.,-1.));
#9988=DIRECTION('',(-1.22464679914735E-16,0.,1.));
#9989=DIRECTION('center_axis',(0.417577040728604,0.908641521754505,5.11384386325709E-17));
#9990=DIRECTION('ref_axis',(-0.908641521754504,0.417577040728604,-1.11276493118903E-16));
#9991=DIRECTION('',(-1.22464679914735E-16,0.,1.));
#9992=DIRECTION('',(-0.908641521754505,0.417577040728604,-1.11276493118903E-16));
#9993=DIRECTION('center_axis',(-1.22464679914735E-16,0.,1.));
#9994=DIRECTION('ref_axis',(0.937876245851182,0.346969951823055,1.14856714247799E-16));
#9995=DIRECTION('center_axis',(1.22464679914735E-16,0.,-1.));
#9996=DIRECTION('ref_axis',(0.937876245851182,0.346969951823055,1.14856714247799E-16));
#9997=DIRECTION('',(1.22464679914735E-16,0.,-1.));
#9998=DIRECTION('',(-1.22464679914735E-16,0.,1.));
#9999=DIRECTION('center_axis',(-1.22464679914735E-16,0.,1.));
#10000=DIRECTION('ref_axis',(0.809016994374947,-0.587785252292473,9.90760072617092E-17));
#10001=DIRECTION('',(1.22464679914735E-16,0.,-1.));
#10002=DIRECTION('center_axis',(-1.22464679914735E-16,0.,1.));
#10003=DIRECTION('ref_axis',(0.809016994374947,-0.587785252292473,9.90760072617092E-17));
#10004=DIRECTION('center_axis',(-1.22464679914735E-16,0.,1.));
#10005=DIRECTION('ref_axis',(0.16257310162922,-0.986696501780895,1.99094628537681E-17));
#10006=DIRECTION('center_axis',(1.22464679914735E-16,0.,-1.));
#10007=DIRECTION('ref_axis',(0.16257310162922,-0.986696501780895,1.99094628537681E-17));
#10008=DIRECTION('',(-1.22464679914735E-16,0.,1.));
#10009=DIRECTION('center_axis',(-0.587785252292473,-0.809016994374947,-7.19829327805997E-17));
#10010=DIRECTION('ref_axis',(0.809016994374947,-0.587785252292473,9.90760072617092E-17));
#10011=DIRECTION('',(-1.22464679914735E-16,0.,1.));
#10012=DIRECTION('',(0.809016994374947,-0.587785252292473,9.90760072617092E-17));
#10013=DIRECTION('center_axis',(-1.22464679914735E-16,0.,1.));
#10014=DIRECTION('ref_axis',(-0.986205005298505,-0.165528509702032,-1.20775280304191E-16));
#10015=DIRECTION('center_axis',(1.22464679914735E-16,0.,-1.));
#10016=DIRECTION('ref_axis',(-0.986205005298505,-0.165528509702032,-1.20775280304191E-16));
#10017=DIRECTION('',(1.22464679914735E-16,0.,-1.));
#10018=DIRECTION('',(-1.22464679914735E-16,0.,1.));
#10019=DIRECTION('center_axis',(-1.22464679914735E-16,0.,1.));
#10020=DIRECTION('ref_axis',(0.809016994374947,-0.587785252292473,9.90760072617091E-17));
#10021=DIRECTION('center_axis',(1.22464679914735E-16,0.,-1.));
#10022=DIRECTION('ref_axis',(0.809016994374947,-0.587785252292473,9.90760072617091E-17));
#10023=DIRECTION('center_axis',(0.417577040728587,0.908641521754513,5.11384386325688E-17));
#10024=DIRECTION('ref_axis',(-0.908641521754512,0.417577040728587,-1.11276493118904E-16));
#10025=DIRECTION('',(-0.908641521754512,0.417577040728587,-1.11276493118904E-16));
#10026=DIRECTION('',(-1.22464679914735E-16,0.,1.));
#10027=DIRECTION('center_axis',(-1.22464679914735E-16,0.,1.));
#10028=DIRECTION('ref_axis',(0.809016994374947,-0.587785252292473,9.90760072617092E-17));
#10029=DIRECTION('',(-1.22464679914735E-16,0.,1.));
#10030=DIRECTION('center_axis',(1.22464679914735E-16,0.,-1.));
#10031=DIRECTION('ref_axis',(0.809016994374947,-0.587785252292473,9.90760072617092E-17));
#10032=DIRECTION('center_axis',(-0.582962002159024,-0.812499417869787,-7.13922549968581E-17));
#10033=DIRECTION('ref_axis',(0.812499417869787,-0.582962002159024,9.95024811403322E-17));
#10034=DIRECTION('',(0.812499417869787,-0.582962002159024,9.95024811403322E-17));
#10035=DIRECTION('center_axis',(-1.22464679914735E-16,0.,1.));
#10036=DIRECTION('ref_axis',(0.809016994374947,-0.587785252292473,9.90760072617092E-17));
#10037=DIRECTION('center_axis',(1.22464679914735E-16,0.,-1.));
#10038=DIRECTION('ref_axis',(0.809016994374947,-0.587785252292473,9.90760072617092E-17));
#10039=DIRECTION('center_axis',(1.22464679914735E-16,0.,-1.));
#10040=DIRECTION('ref_axis',(0.809016994374947,-0.587785252292473,9.90760072617092E-17));
#10041=DIRECTION('center_axis',(-1.22464679914735E-16,0.,1.));
#10042=DIRECTION('ref_axis',(-0.14439111928243,0.989520694413395,-1.76828122054532E-17));
#10043=DIRECTION('center_axis',(1.22464679914735E-16,0.,-1.));
#10044=DIRECTION('ref_axis',(-0.14439111928243,0.989520694413395,-1.76828122054532E-17));
#10045=DIRECTION('',(1.22464679914735E-16,0.,-1.));
#10046=DIRECTION('',(-1.22464679914735E-16,0.,1.));
#10047=DIRECTION('center_axis',(0.597369175645408,0.801966375846722,7.31566248863442E-17));
#10048=DIRECTION('ref_axis',(-0.801966375846722,0.597369175645408,-9.82125555204492E-17));
#10049=DIRECTION('',(-1.22464679914735E-16,0.,1.));
#10050=DIRECTION('',(-0.801966375846722,0.597369175645408,-9.82125555204492E-17));
#10051=DIRECTION('center_axis',(-1.22464679914735E-16,0.,1.));
#10052=DIRECTION('ref_axis',(0.98952050901105,0.144392389849713,1.21181312405104E-16));
#10053=DIRECTION('center_axis',(1.22464679914735E-16,0.,-1.));
#10054=DIRECTION('ref_axis',(0.98952050901105,0.144392389849713,1.21181312405104E-16));
#10055=DIRECTION('',(1.22464679914735E-16,0.,-1.));
#10056=DIRECTION('',(-1.22464679914735E-16,0.,1.));
#10057=DIRECTION('center_axis',(-1.22464679914735E-16,0.,1.));
#10058=DIRECTION('ref_axis',(0.669130606358858,-0.743144825477394,8.19448655288903E-17));
#10059=DIRECTION('',(1.22464679914735E-16,0.,-1.));
#10060=DIRECTION('center_axis',(-1.22464679914735E-16,0.,1.));
#10061=DIRECTION('ref_axis',(0.669130606358858,-0.743144825477394,8.19448655288903E-17));
#10062=DIRECTION('center_axis',(-1.22464679914735E-16,0.,1.));
#10063=DIRECTION('ref_axis',(-0.0461252487067597,-0.99893566431064,-5.64871381886088E-18));
#10064=DIRECTION('center_axis',(1.22464679914735E-16,0.,-1.));
#10065=DIRECTION('ref_axis',(-0.0461252487067597,-0.99893566431064,-5.64871381886088E-18));
#10066=DIRECTION('',(-1.22464679914735E-16,0.,1.));
#10067=DIRECTION('center_axis',(-0.743144825477394,-0.669130606358858,-9.10089931823809E-17));
#10068=DIRECTION('ref_axis',(0.669130606358858,-0.743144825477394,8.19448655288903E-17));
#10069=DIRECTION('',(-1.22464679914735E-16,0.,1.));
#10070=DIRECTION('',(0.669130606358858,-0.743144825477394,8.19448655288903E-17));
#10071=DIRECTION('center_axis',(-1.22464679914735E-16,0.,1.));
#10072=DIRECTION('ref_axis',(-0.999069372095096,0.043132235526465,-1.22350710866242E-16));
#10073=DIRECTION('center_axis',(1.22464679914735E-16,0.,-1.));
#10074=DIRECTION('ref_axis',(-0.999069372095096,0.043132235526465,-1.22350710866242E-16));
#10075=DIRECTION('',(1.22464679914735E-16,0.,-1.));
#10076=DIRECTION('',(-1.22464679914735E-16,0.,1.));
#10077=DIRECTION('center_axis',(-1.22464679914735E-16,0.,1.));
#10078=DIRECTION('ref_axis',(0.669130606358858,-0.743144825477394,8.19448655288903E-17));
#10079=DIRECTION('center_axis',(1.22464679914735E-16,0.,-1.));
#10080=DIRECTION('ref_axis',(0.669130606358858,-0.743144825477394,8.19448655288903E-17));
#10081=DIRECTION('center_axis',(0.597369175645392,0.801966375846734,7.31566248863423E-17));
#10082=DIRECTION('ref_axis',(-0.801966375846734,0.597369175645392,-9.82125555204506E-17));
#10083=DIRECTION('',(-0.801966375846734,0.597369175645392,-9.82125555204506E-17));
#10084=DIRECTION('',(-1.22464679914735E-16,0.,1.));
#10085=DIRECTION('center_axis',(-1.22464679914735E-16,0.,1.));
#10086=DIRECTION('ref_axis',(0.669130606358858,-0.743144825477394,8.19448655288903E-17));
#10087=DIRECTION('',(-1.22464679914735E-16,0.,1.));
#10088=DIRECTION('center_axis',(1.22464679914735E-16,0.,-1.));
#10089=DIRECTION('ref_axis',(0.669130606358858,-0.743144825477394,8.19448655288903E-17));
#10090=DIRECTION('center_axis',(-0.739151011488577,-0.673539740635557,-9.05198920306015E-17));
#10091=DIRECTION('ref_axis',(0.673539740635557,-0.739151011488577,8.24848287467873E-17));
#10092=DIRECTION('',(0.673539740635557,-0.739151011488577,8.24848287467873E-17));
#10093=DIRECTION('center_axis',(-1.22464679914735E-16,0.,1.));
#10094=DIRECTION('ref_axis',(0.669130606358858,-0.743144825477394,8.19448655288903E-17));
#10095=DIRECTION('center_axis',(1.22464679914735E-16,0.,-1.));
#10096=DIRECTION('ref_axis',(0.669130606358858,-0.743144825477394,8.19448655288903E-17));
#10097=DIRECTION('center_axis',(1.22464679914735E-16,0.,-1.));
#10098=DIRECTION('ref_axis',(0.669130606358858,-0.743144825477394,8.19448655288903E-17));
#10099=DIRECTION('center_axis',(-1.22464679914735E-16,0.,1.));
#10100=DIRECTION('ref_axis',(0.0644970937812742,0.99791789486599,7.89861594535441E-18));
#10101=DIRECTION('center_axis',(1.22464679914735E-16,0.,-1.));
#10102=DIRECTION('ref_axis',(0.0644970937812742,0.99791789486599,7.89861594535441E-18));
#10103=DIRECTION('',(1.22464679914735E-16,0.,-1.));
#10104=DIRECTION('',(-1.22464679914735E-16,0.,1.));
#10105=DIRECTION('center_axis',(0.75105341109117,0.660241451052809,9.19775155881502E-17));
#10106=DIRECTION('ref_axis',(-0.660241451052809,0.75105341109117,-8.08562579696226E-17));
#10107=DIRECTION('',(-1.22464679914735E-16,0.,1.));
#10108=DIRECTION('',(-0.660241451052809,0.75105341109117,-8.08562579696226E-17));
#10109=DIRECTION('center_axis',(-1.22464679914735E-16,0.,1.));
#10110=DIRECTION('ref_axis',(0.997917977680924,-0.0644958124316197,1.22209705717854E-16));
#10111=DIRECTION('center_axis',(1.22464679914735E-16,0.,-1.));
#10112=DIRECTION('ref_axis',(0.997917977680924,-0.0644958124316197,1.22209705717854E-16));
#10113=DIRECTION('',(1.22464679914735E-16,0.,-1.));
#10114=DIRECTION('',(-1.22464679914735E-16,0.,1.));
#10115=DIRECTION('center_axis',(-1.22464679914735E-16,0.,1.));
#10116=DIRECTION('ref_axis',(0.5,-0.866025403784438,6.12323399573677E-17));
#10117=DIRECTION('',(1.22464679914735E-16,0.,-1.));
#10118=DIRECTION('center_axis',(-1.22464679914735E-16,0.,1.));
#10119=DIRECTION('ref_axis',(0.5,-0.866025403784438,6.12323399573677E-17));
#10120=DIRECTION('center_axis',(-1.22464679914735E-16,0.,1.));
#10121=DIRECTION('ref_axis',(-0.252807704340754,-0.967516544884871,-3.09600145920694E-17));
#10122=DIRECTION('center_axis',(1.22464679914735E-16,0.,-1.));
#10123=DIRECTION('ref_axis',(-0.252807704340754,-0.967516544884871,-3.09600145920694E-17));
#10124=DIRECTION('',(-1.22464679914735E-16,0.,1.));
#10125=DIRECTION('center_axis',(-0.866025403784439,-0.5,-1.06057523872491E-16));
#10126=DIRECTION('ref_axis',(0.5,-0.866025403784439,6.12323399573677E-17));
#10127=DIRECTION('',(-1.22464679914735E-16,0.,1.));
#10128=DIRECTION('',(0.5,-0.866025403784439,6.12323399573677E-17));
#10129=DIRECTION('center_axis',(-1.22464679914735E-16,0.,1.));
#10130=DIRECTION('ref_axis',(-0.968269613264391,0.249907895091026,-1.18578828259588E-16));
#10131=DIRECTION('center_axis',(1.22464679914735E-16,0.,-1.));
#10132=DIRECTION('ref_axis',(-0.968269613264391,0.249907895091026,-1.18578828259588E-16));
#10133=DIRECTION('',(1.22464679914735E-16,0.,-1.));
#10134=DIRECTION('',(-1.22464679914735E-16,0.,1.));
#10135=DIRECTION('center_axis',(-1.22464679914735E-16,0.,1.));
#10136=DIRECTION('ref_axis',(0.5,-0.866025403784439,6.12323399573677E-17));
#10137=DIRECTION('center_axis',(1.22464679914735E-16,0.,-1.));
#10138=DIRECTION('ref_axis',(0.5,-0.866025403784439,6.12323399573677E-17));
#10139=DIRECTION('center_axis',(0.751053411091157,0.660241451052823,9.19775155881486E-17));
#10140=DIRECTION('ref_axis',(-0.660241451052823,0.751053411091157,-8.08562579696244E-17));
#10141=DIRECTION('',(-0.660241451052823,0.751053411091157,-8.08562579696244E-17));
#10142=DIRECTION('',(-1.22464679914735E-16,0.,1.));
#10143=DIRECTION('center_axis',(-1.22464679914735E-16,0.,1.));
#10144=DIRECTION('ref_axis',(0.5,-0.866025403784439,6.12323399573677E-17));
#10145=DIRECTION('',(-1.22464679914735E-16,0.,1.));
#10146=DIRECTION('center_axis',(1.22464679914735E-16,0.,-1.));
#10147=DIRECTION('ref_axis',(0.5,-0.866025403784439,6.12323399573677E-17));
#10148=DIRECTION('center_axis',(-0.863035574776011,-0.505143144733293,-1.05691375419974E-16));
#10149=DIRECTION('ref_axis',(0.505143144733292,-0.863035574776011,6.18621935308855E-17));
#10150=DIRECTION('',(0.505143144733292,-0.863035574776011,6.18621935308855E-17));
#10151=DIRECTION('center_axis',(-1.22464679914735E-16,0.,1.));
#10152=DIRECTION('ref_axis',(0.5,-0.866025403784439,6.12323399573677E-17));
#10153=DIRECTION('center_axis',(1.22464679914735E-16,0.,-1.));
#10154=DIRECTION('ref_axis',(0.5,-0.866025403784439,6.12323399573677E-17));
#10155=DIRECTION('center_axis',(1.22464679914735E-16,0.,-1.));
#10156=DIRECTION('ref_axis',(0.5,-0.866025403784439,6.12323399573677E-17));
#10157=DIRECTION('center_axis',(-1.22464679914735E-16,0.,1.));
#10158=DIRECTION('ref_axis',(0.270566474355344,0.962701294771602,3.31348366775856E-17));
#10159=DIRECTION('center_axis',(1.22464679914735E-16,0.,-1.));
#10160=DIRECTION('ref_axis',(0.270566474355344,0.962701294771602,3.31348366775856E-17));
#10161=DIRECTION('',(1.22464679914735E-16,0.,-1.));
#10162=DIRECTION('',(-1.22464679914735E-16,0.,1.));
#10163=DIRECTION('center_axis',(0.871913008518128,0.489660806657901,1.06778547501666E-16));
#10164=DIRECTION('ref_axis',(-0.489660806657901,0.871913008518128,-5.99661539541509E-17));
#10165=DIRECTION('',(-1.22464679914735E-16,0.,1.));
#10166=DIRECTION('',(-0.489660806657901,0.871913008518128,-5.99661539541509E-17));
#10167=DIRECTION('center_axis',(-1.22464679914735E-16,0.,1.));
#10168=DIRECTION('ref_axis',(0.962701642184404,-0.270565238224446,1.17896948463503E-16));
#10169=DIRECTION('center_axis',(1.22464679914735E-16,0.,-1.));
#10170=DIRECTION('ref_axis',(0.962701642184404,-0.270565238224446,1.17896948463503E-16));
#10171=DIRECTION('',(1.22464679914735E-16,0.,-1.));
#10172=DIRECTION('',(-1.22464679914735E-16,0.,1.));
#10173=DIRECTION('center_axis',(-1.22464679914735E-16,0.,1.));
#10174=DIRECTION('ref_axis',(0.309016994374947,-0.951056516295154,3.78436673043415E-17));
#10175=DIRECTION('',(1.22464679914735E-16,0.,-1.));
#10176=DIRECTION('center_axis',(-1.22464679914735E-16,0.,1.));
#10177=DIRECTION('ref_axis',(0.309016994374947,-0.951056516295154,3.78436673043415E-17));
#10178=DIRECTION('center_axis',(-1.22464679914735E-16,0.,1.));
#10179=DIRECTION('ref_axis',(-0.4484412501891,-0.893812309788155,-5.49182141649718E-17));
#10180=DIRECTION('center_axis',(1.22464679914735E-16,0.,-1.));
#10181=DIRECTION('ref_axis',(-0.4484412501891,-0.893812309788155,-5.49182141649718E-17));
#10182=DIRECTION('',(-1.22464679914735E-16,0.,1.));
#10183=DIRECTION('center_axis',(-0.951056516295154,-0.309016994374948,-1.16470831848909E-16));
#10184=DIRECTION('ref_axis',(0.309016994374948,-0.951056516295154,3.78436673043415E-17));
#10185=DIRECTION('',(-1.22464679914735E-16,0.,1.));
#10186=DIRECTION('',(0.309016994374948,-0.951056516295154,3.78436673043415E-17));
#10187=DIRECTION('center_axis',(-1.22464679914735E-16,0.,1.));
#10188=DIRECTION('ref_axis',(-0.895151826060931,0.44576138044898,-1.09624481853643E-16));
#10189=DIRECTION('center_axis',(1.22464679914735E-16,0.,-1.));
#10190=DIRECTION('ref_axis',(-0.895151826060931,0.44576138044898,-1.09624481853643E-16));
#10191=DIRECTION('',(1.22464679914735E-16,0.,-1.));
#10192=DIRECTION('',(-1.22464679914735E-16,0.,1.));
#10193=DIRECTION('center_axis',(-1.22464679914735E-16,0.,1.));
#10194=DIRECTION('ref_axis',(0.309016994374947,-0.951056516295154,3.78436673043415E-17));
#10195=DIRECTION('center_axis',(1.22464679914735E-16,0.,-1.));
#10196=DIRECTION('ref_axis',(0.309016994374947,-0.951056516295154,3.78436673043415E-17));
#10197=DIRECTION('center_axis',(0.871913008518119,0.489660806657917,1.06778547501665E-16));
#10198=DIRECTION('ref_axis',(-0.489660806657917,0.871913008518119,-5.9966153954153E-17));
#10199=DIRECTION('',(-0.489660806657917,0.871913008518119,-5.9966153954153E-17));
#10200=DIRECTION('',(-1.22464679914735E-16,0.,1.));
#10201=DIRECTION('center_axis',(-1.22464679914735E-16,0.,1.));
#10202=DIRECTION('ref_axis',(0.309016994374948,-0.951056516295154,3.78436673043415E-17));
#10203=DIRECTION('',(-1.22464679914735E-16,0.,1.));
#10204=DIRECTION('center_axis',(1.22464679914735E-16,0.,-1.));
#10205=DIRECTION('ref_axis',(0.309016994374948,-0.951056516295154,3.78436673043415E-17));
#10206=DIRECTION('center_axis',(-0.949201342141575,-0.314669369460442,-1.16243638540005E-16));
#10207=DIRECTION('ref_axis',(0.314669369460442,-0.949201342141575,3.85358836099447E-17));
#10208=DIRECTION('',(0.314669369460442,-0.949201342141575,3.85358836099447E-17));
#10209=DIRECTION('center_axis',(-1.22464679914735E-16,0.,1.));
#10210=DIRECTION('ref_axis',(0.309016994374948,-0.951056516295154,3.78436673043415E-17));
#10211=DIRECTION('center_axis',(1.22464679914735E-16,0.,-1.));
#10212=DIRECTION('ref_axis',(0.309016994374948,-0.951056516295154,3.78436673043415E-17));
#10213=DIRECTION('center_axis',(1.22464679914735E-16,0.,-1.));
#10214=DIRECTION('ref_axis',(0.309016994374948,-0.951056516295154,3.78436673043415E-17));
#10215=DIRECTION('center_axis',(-1.22464679914735E-16,0.,1.));
#10216=DIRECTION('ref_axis',(0.464810801678094,0.885410028542351,5.69229060484193E-17));
#10217=DIRECTION('center_axis',(1.22464679914735E-16,0.,-1.));
#10218=DIRECTION('ref_axis',(0.464810801678094,0.885410028542351,5.69229060484193E-17));
#10219=DIRECTION('',(1.22464679914735E-16,0.,-1.));
#10220=DIRECTION('',(-1.22464679914735E-16,0.,1.));
#10221=DIRECTION('center_axis',(0.954665823570034,0.297679635358802,1.16912844509041E-16));
#10222=DIRECTION('ref_axis',(-0.297679635358802,0.954665823570034,-3.64552412613508E-17));
#10223=DIRECTION('',(-1.22464679914735E-16,0.,1.));
#10224=DIRECTION('',(-0.297679635358802,0.954665823570034,-3.64552412613508E-17));
#10225=DIRECTION('center_axis',(-1.22464679914735E-16,0.,1.));
#10226=DIRECTION('ref_axis',(0.885410625369415,-0.464809664790806,1.08431528828971E-16));
#10227=DIRECTION('center_axis',(1.22464679914735E-16,0.,-1.));
#10228=DIRECTION('ref_axis',(0.885410625369415,-0.464809664790806,1.08431528828971E-16));
#10229=DIRECTION('',(1.22464679914735E-16,0.,-1.));
#10230=DIRECTION('',(-1.22464679914735E-16,0.,1.));
#10231=DIRECTION('center_axis',(-1.22464679914735E-16,0.,1.));
#10232=DIRECTION('ref_axis',(0.104528463267654,-0.994521895368273,1.28010447960524E-17));
#10233=DIRECTION('',(1.22464679914735E-16,0.,-1.));
#10234=DIRECTION('center_axis',(-1.22464679914735E-16,0.,1.));
#10235=DIRECTION('ref_axis',(0.104528463267654,-0.994521895368273,1.28010447960524E-17));
#10236=DIRECTION('center_axis',(-1.22464679914735E-16,0.,1.));
#10237=DIRECTION('ref_axis',(-0.624475761544318,-0.78104418776638,-7.64762242520355E-17));
#10238=DIRECTION('center_axis',(1.22464679914735E-16,0.,-1.));
#10239=DIRECTION('ref_axis',(-0.624475761544318,-0.78104418776638,-7.64762242520355E-17));
#10240=DIRECTION('',(-1.22464679914735E-16,0.,1.));
#10241=DIRECTION('center_axis',(-0.994521895368273,-0.104528463267654,-1.21793805584471E-16));
#10242=DIRECTION('ref_axis',(0.104528463267654,-0.994521895368273,1.28010447960524E-17));
#10243=DIRECTION('',(-1.22464679914735E-16,0.,1.));
#10244=DIRECTION('',(0.104528463267654,-0.994521895368273,1.28010447960524E-17));
#10245=DIRECTION('center_axis',(-1.22464679914735E-16,0.,1.));
#10246=DIRECTION('ref_axis',(-0.782911608643579,0.622132954480892,-9.58790195540664E-17));
#10247=DIRECTION('center_axis',(1.22464679914735E-16,0.,-1.));
#10248=DIRECTION('ref_axis',(-0.782911608643579,0.622132954480892,-9.58790195540664E-17));
#10249=DIRECTION('',(1.22464679914735E-16,0.,-1.));
#10250=DIRECTION('',(-1.22464679914735E-16,0.,1.));
#10251=DIRECTION('center_axis',(-1.22464679914735E-16,0.,1.));
#10252=DIRECTION('ref_axis',(0.104528463267654,-0.994521895368273,1.28010447960524E-17));
#10253=DIRECTION('center_axis',(1.22464679914735E-16,0.,-1.));
#10254=DIRECTION('ref_axis',(0.104528463267654,-0.994521895368273,1.28010447960524E-17));
#10255=DIRECTION('center_axis',(0.954665823570028,0.29767963535882,1.16912844509041E-16));
#10256=DIRECTION('ref_axis',(-0.29767963535882,0.954665823570028,-3.64552412613531E-17));
#10257=DIRECTION('',(-0.29767963535882,0.954665823570028,-3.64552412613531E-17));
#10258=DIRECTION('',(-1.22464679914735E-16,0.,1.));
#10259=DIRECTION('center_axis',(-1.22464679914735E-16,0.,1.));
#10260=DIRECTION('ref_axis',(0.104528463267654,-0.994521895368273,1.28010447960524E-17));
#10261=DIRECTION('',(-1.22464679914735E-16,0.,1.));
#10262=DIRECTION('center_axis',(1.22464679914735E-16,0.,-1.));
#10263=DIRECTION('ref_axis',(0.104528463267654,-0.994521895368273,1.28010447960524E-17));
#10264=DIRECTION('center_axis',(-0.993882456082169,-0.11044303279101,-1.21715496856974E-16));
#10265=DIRECTION('ref_axis',(0.11044303279101,-0.993882456082169,1.35253706595636E-17));
#10266=DIRECTION('',(0.11044303279101,-0.993882456082169,1.35253706595636E-17));
#10267=DIRECTION('center_axis',(-1.22464679914735E-16,0.,1.));
#10268=DIRECTION('ref_axis',(0.104528463267654,-0.994521895368273,1.28010447960524E-17));
#10269=DIRECTION('center_axis',(1.22464679914735E-16,0.,-1.));
#10270=DIRECTION('ref_axis',(0.104528463267654,-0.994521895368273,1.28010447960524E-17));
#10271=DIRECTION('center_axis',(1.22464679914735E-16,0.,-1.));
#10272=DIRECTION('ref_axis',(0.104528463267654,-0.994521895368273,1.28010447960524E-17));
#10273=DIRECTION('center_axis',(-1.22464679914735E-16,0.,1.));
#10274=DIRECTION('ref_axis',(0.784754499291203,0.619806724586151,9.61047085673456E-17));
#10275=DIRECTION('center_axis',(1.22464679914735E-16,0.,-1.));
#10276=DIRECTION('ref_axis',(0.784754499291203,0.619806724586151,9.61047085673456E-17));
#10277=DIRECTION('',(1.22464679914735E-16,0.,-1.));
#10278=DIRECTION('',(-1.22464679914735E-16,0.,1.));
#10279=DIRECTION('center_axis',(0.993207842286904,-0.11635369362333,1.21632880494471E-16));
#10280=DIRECTION('ref_axis',(0.11635369362333,0.993207842286904,1.42492178464783E-17));
#10281=DIRECTION('',(-1.22464679914735E-16,0.,1.));
#10282=DIRECTION('',(0.11635369362333,0.993207842286904,1.42492178464783E-17));
#10283=DIRECTION('center_axis',(-1.22464679914735E-16,0.,1.));
#10284=DIRECTION('ref_axis',(0.619807732228523,-0.784753703444421,7.59045555360441E-17));
#10285=DIRECTION('center_axis',(1.22464679914735E-16,0.,-1.));
#10286=DIRECTION('ref_axis',(0.619807732228523,-0.784753703444421,7.59045555360441E-17));
#10287=DIRECTION('',(1.22464679914735E-16,0.,-1.));
#10288=DIRECTION('',(-1.22464679914735E-16,0.,1.));
#10289=DIRECTION('center_axis',(-1.22464679914735E-16,0.,1.));
#10290=DIRECTION('ref_axis',(-0.309016994374947,-0.951056516295154,-3.78436673043415E-17));
#10291=DIRECTION('',(1.22464679914735E-16,0.,-1.));
#10292=DIRECTION('center_axis',(-1.22464679914735E-16,0.,1.));
#10293=DIRECTION('ref_axis',(-0.309016994374947,-0.951056516295154,-3.78436673043415E-17));
#10294=DIRECTION('center_axis',(-1.22464679914735E-16,0.,1.));
#10295=DIRECTION('ref_axis',(-0.888166286392678,-0.459522195019391,-1.08768999974138E-16));
#10296=DIRECTION('center_axis',(1.22464679914735E-16,0.,-1.));
#10297=DIRECTION('ref_axis',(-0.888166286392678,-0.459522195019391,-1.08768999974138E-16));
#10298=DIRECTION('',(-1.22464679914735E-16,0.,1.));
#10299=DIRECTION('center_axis',(-0.951056516295154,0.309016994374947,-1.16470831848909E-16));
#10300=DIRECTION('ref_axis',(-0.309016994374947,-0.951056516295154,-3.78436673043415E-17));
#10301=DIRECTION('',(-1.22464679914735E-16,0.,1.));
#10302=DIRECTION('',(-0.309016994374947,-0.951056516295154,-3.78436673043415E-17));
#10303=DIRECTION('center_axis',(-1.22464679914735E-16,0.,1.));
#10304=DIRECTION('ref_axis',(-0.462181074359616,0.886785574140554,-5.66008573340988E-17));
#10305=DIRECTION('center_axis',(1.22464679914735E-16,0.,-1.));
#10306=DIRECTION('ref_axis',(-0.462181074359616,0.886785574140554,-5.66008573340988E-17));
#10307=DIRECTION('',(1.22464679914735E-16,0.,-1.));
#10308=DIRECTION('',(-1.22464679914735E-16,0.,1.));
#10309=DIRECTION('center_axis',(-1.22464679914735E-16,0.,1.));
#10310=DIRECTION('ref_axis',(-0.309016994374947,-0.951056516295154,-3.78436673043415E-17));
#10311=DIRECTION('center_axis',(1.22464679914735E-16,0.,-1.));
#10312=DIRECTION('ref_axis',(-0.309016994374947,-0.951056516295154,-3.78436673043415E-17));
#10313=DIRECTION('center_axis',(0.993207842286907,-0.116353693623311,1.21632880494471E-16));
#10314=DIRECTION('ref_axis',(0.116353693623311,0.993207842286907,1.4249217846476E-17));
#10315=DIRECTION('',(0.116353693623311,0.993207842286907,1.4249217846476E-17));
#10316=DIRECTION('',(-1.22464679914735E-16,0.,1.));
#10317=DIRECTION('center_axis',(-1.22464679914735E-16,0.,1.));
#10318=DIRECTION('ref_axis',(-0.309016994374947,-0.951056516295154,-3.78436673043415E-17));
#10319=DIRECTION('',(-1.22464679914735E-16,0.,1.));
#10320=DIRECTION('center_axis',(1.22464679914735E-16,0.,-1.));
#10321=DIRECTION('ref_axis',(-0.309016994374947,-0.951056516295154,-3.78436673043415E-17));
#10322=DIRECTION('center_axis',(-0.952878031593063,0.303353682864293,-1.16693903136827E-16));
#10323=DIRECTION('ref_axis',(-0.303353682864293,-0.952878031593063,-3.71501116729318E-17));
#10324=DIRECTION('',(-0.303353682864293,-0.952878031593063,-3.71501116729318E-17));
#10325=DIRECTION('center_axis',(-1.22464679914735E-16,0.,1.));
#10326=DIRECTION('ref_axis',(-0.309016994374947,-0.951056516295154,-3.78436673043415E-17));
#10327=DIRECTION('center_axis',(1.22464679914735E-16,0.,-1.));
#10328=DIRECTION('ref_axis',(-0.309016994374947,-0.951056516295154,-3.78436673043415E-17));
#10329=DIRECTION('center_axis',(1.22464679914735E-16,0.,-1.));
#10330=DIRECTION('ref_axis',(-0.309016994374947,-0.951056516295154,-3.78436673043415E-17));
#10331=DIRECTION('center_axis',(-1.22464679914735E-16,0.,1.));
#10332=DIRECTION('ref_axis',(0.896470794735673,0.443102825748144,1.09786008930213E-16));
#10333=DIRECTION('center_axis',(1.22464679914735E-16,0.,-1.));
#10334=DIRECTION('ref_axis',(0.896470794735673,0.443102825748144,1.09786008930213E-16));
#10335=DIRECTION('',(1.22464679914735E-16,0.,-1.));
#10336=DIRECTION('',(-1.22464679914735E-16,0.,1.));
#10337=DIRECTION('center_axis',(0.947312574788817,-0.320310608077506,1.16012331250716E-16));
#10338=DIRECTION('ref_axis',(0.320310608077506,0.947312574788817,3.9226736091506E-17));
#10339=DIRECTION('',(-1.22464679914735E-16,0.,1.));
#10340=DIRECTION('',(0.320310608077505,0.947312574788817,3.92267360915059E-17));
#10341=DIRECTION('center_axis',(-1.22464679914735E-16,0.,1.));
#10342=DIRECTION('ref_axis',(0.443103976836963,-0.896470225780682,5.4264586692285E-17));
#10343=DIRECTION('center_axis',(1.22464679914735E-16,0.,-1.));
#10344=DIRECTION('ref_axis',(0.443103976836963,-0.896470225780682,5.4264586692285E-17));
#10345=DIRECTION('',(1.22464679914735E-16,0.,-1.));
#10346=DIRECTION('',(-1.22464679914735E-16,0.,1.));
#10347=DIRECTION('center_axis',(-1.22464679914735E-16,0.,1.));
#10348=DIRECTION('ref_axis',(-0.5,-0.866025403784439,-6.12323399573676E-17));
#10349=DIRECTION('',(1.22464679914735E-16,0.,-1.));
#10350=DIRECTION('center_axis',(-1.22464679914735E-16,0.,1.));
#10351=DIRECTION('ref_axis',(-0.5,-0.866025403784439,-6.12323399573676E-17));
#10352=DIRECTION('center_axis',(-1.22464679914735E-16,0.,1.));
#10353=DIRECTION('ref_axis',(-0.964297758622422,-0.264820378210917,-1.18092416352192E-16));
#10354=DIRECTION('center_axis',(1.22464679914735E-16,0.,-1.));
#10355=DIRECTION('ref_axis',(-0.964297758622422,-0.264820378210917,-1.18092416352192E-16));
#10356=DIRECTION('',(-1.22464679914735E-16,0.,1.));
#10357=DIRECTION('center_axis',(-0.866025403784439,0.5,-1.06057523872491E-16));
#10358=DIRECTION('ref_axis',(-0.5,-0.866025403784439,-6.12323399573676E-17));
#10359=DIRECTION('',(-1.22464679914735E-16,0.,1.));
#10360=DIRECTION('',(-0.5,-0.866025403784439,-6.12323399573676E-17));
#10361=DIRECTION('center_axis',(-1.22464679914735E-16,0.,1.));
#10362=DIRECTION('ref_axis',(-0.267708220877071,0.963500030345009,-3.27848015802538E-17));
#10363=DIRECTION('center_axis',(1.22464679914735E-16,0.,-1.));
#10364=DIRECTION('ref_axis',(-0.267708220877071,0.963500030345009,-3.27848015802538E-17));
#10365=DIRECTION('',(1.22464679914735E-16,0.,-1.));
#10366=DIRECTION('',(-1.22464679914735E-16,0.,1.));
#10367=DIRECTION('center_axis',(-1.22464679914735E-16,0.,1.));
#10368=DIRECTION('ref_axis',(-0.5,-0.866025403784439,-6.12323399573676E-17));
#10369=DIRECTION('center_axis',(1.22464679914735E-16,0.,-1.));
#10370=DIRECTION('ref_axis',(-0.5,-0.866025403784439,-6.12323399573676E-17));
#10371=DIRECTION('center_axis',(0.947312574788823,-0.320310608077487,1.16012331250717E-16));
#10372=DIRECTION('ref_axis',(0.320310608077487,0.947312574788823,3.92267360915037E-17));
#10373=DIRECTION('',(0.320310608077487,0.947312574788823,3.92267360915037E-17));
#10374=DIRECTION('',(-1.22464679914735E-16,0.,1.));
#10375=DIRECTION('center_axis',(-1.22464679914735E-16,0.,1.));
#10376=DIRECTION('ref_axis',(-0.5,-0.866025403784439,-6.12323399573676E-17));
#10377=DIRECTION('',(-1.22464679914735E-16,0.,1.));
#10378=DIRECTION('center_axis',(1.22464679914735E-16,0.,-1.));
#10379=DIRECTION('ref_axis',(-0.5,-0.866025403784439,-6.12323399573676E-17));
#10380=DIRECTION('center_axis',(-0.868984583274596,0.494839159759084,-1.06419918841563E-16));
#10381=DIRECTION('ref_axis',(-0.494839159759084,-0.868984583274596,-6.06003193091728E-17));
#10382=DIRECTION('',(-0.494839159759084,-0.868984583274596,-6.06003193091728E-17));
#10383=DIRECTION('center_axis',(-1.22464679914735E-16,0.,1.));
#10384=DIRECTION('ref_axis',(-0.5,-0.866025403784439,-6.12323399573676E-17));
#10385=DIRECTION('center_axis',(1.22464679914735E-16,0.,-1.));
#10386=DIRECTION('ref_axis',(-0.5,-0.866025403784439,-6.12323399573676E-17));
#10387=DIRECTION('center_axis',(1.22464679914735E-16,0.,-1.));
#10388=DIRECTION('ref_axis',(-0.5,-0.866025403784439,-6.12323399573676E-17));
#10389=DIRECTION('center_axis',(-1.22464679914735E-16,0.,1.));
#10390=DIRECTION('ref_axis',(0.96900701470605,0.247033207181683,1.1866913389111E-16));
#10391=DIRECTION('center_axis',(1.22464679914735E-16,0.,-1.));
#10392=DIRECTION('ref_axis',(0.96900701470605,0.247033207181683,1.1866913389111E-16));
#10393=DIRECTION('',(1.22464679914735E-16,0.,-1.));
#10394=DIRECTION('',(-1.22464679914735E-16,0.,1.));
#10395=DIRECTION('center_axis',(0.860015202062387,-0.510268411937866,1.05321486442377E-16));
#10396=DIRECTION('ref_axis',(0.510268411937866,0.860015202062387,6.24898577385711E-17));
#10397=DIRECTION('',(-1.22464679914735E-16,0.,1.));
#10398=DIRECTION('',(0.510268411937866,0.860015202062387,6.24898577385711E-17));
#10399=DIRECTION('center_axis',(-1.22464679914735E-16,0.,1.));
#10400=DIRECTION('ref_axis',(0.247034451408843,-0.969006697508914,3.02529950196962E-17));
#10401=DIRECTION('center_axis',(1.22464679914735E-16,0.,-1.));
#10402=DIRECTION('ref_axis',(0.247034451408843,-0.969006697508914,3.02529950196962E-17));
#10403=DIRECTION('',(1.22464679914735E-16,0.,-1.));
#10404=DIRECTION('',(-1.22464679914735E-16,0.,1.));
#10405=DIRECTION('center_axis',(-1.22464679914735E-16,0.,1.));
#10406=DIRECTION('ref_axis',(-0.669130606358858,-0.743144825477394,-8.19448655288903E-17));
#10407=DIRECTION('',(1.22464679914735E-16,0.,-1.));
#10408=DIRECTION('center_axis',(-1.22464679914735E-16,0.,1.));
#10409=DIRECTION('ref_axis',(-0.669130606358858,-0.743144825477394,-8.19448655288903E-17));
#10410=DIRECTION('center_axis',(-1.22464679914735E-16,0.,1.));
#10411=DIRECTION('ref_axis',(-0.998284791586339,-0.0585446401254644,-1.22254627465369E-16));
#10412=DIRECTION('center_axis',(1.22464679914735E-16,0.,-1.));
#10413=DIRECTION('ref_axis',(-0.998284791586339,-0.0585446401254644,-1.22254627465369E-16));
#10414=DIRECTION('',(-1.22464679914735E-16,0.,1.));
#10415=DIRECTION('center_axis',(-0.743144825477395,0.669130606358858,-9.1008993182381E-17));
#10416=DIRECTION('ref_axis',(-0.669130606358858,-0.743144825477394,-8.19448655288903E-17));
#10417=DIRECTION('',(-1.22464679914735E-16,0.,1.));
#10418=DIRECTION('',(-0.669130606358858,-0.743144825477394,-8.19448655288903E-17));
#10419=DIRECTION('center_axis',(-1.22464679914735E-16,0.,1.));
#10420=DIRECTION('ref_axis',(-0.0615352335356296,0.998104911837285,-7.53589267841937E-18));
#10421=DIRECTION('center_axis',(1.22464679914735E-16,0.,-1.));
#10422=DIRECTION('ref_axis',(-0.0615352335356296,0.998104911837285,-7.53589267841937E-18));
#10423=DIRECTION('',(1.22464679914735E-16,0.,-1.));
#10424=DIRECTION('',(-1.22464679914735E-16,0.,1.));
#10425=DIRECTION('center_axis',(-1.22464679914735E-16,0.,1.));
#10426=DIRECTION('ref_axis',(-0.669130606358858,-0.743144825477394,-8.19448655288903E-17));
#10427=DIRECTION('center_axis',(1.22464679914735E-16,0.,-1.));
#10428=DIRECTION('ref_axis',(-0.669130606358858,-0.743144825477394,-8.19448655288903E-17));
#10429=DIRECTION('center_axis',(0.860015202062397,-0.51026841193785,1.05321486442378E-16));
#10430=DIRECTION('ref_axis',(0.51026841193785,0.860015202062397,6.24898577385691E-17));
#10431=DIRECTION('',(0.51026841193785,0.860015202062396,6.24898577385691E-17));
#10432=DIRECTION('',(-1.22464679914735E-16,0.,1.));
#10433=DIRECTION('center_axis',(-1.22464679914735E-16,0.,1.));
#10434=DIRECTION('ref_axis',(-0.669130606358858,-0.743144825477395,-8.19448655288903E-17));
#10435=DIRECTION('',(-1.22464679914735E-16,0.,1.));
#10436=DIRECTION('center_axis',(1.22464679914735E-16,0.,-1.));
#10437=DIRECTION('ref_axis',(-0.669130606358858,-0.743144825477395,-8.19448655288903E-17));
#10438=DIRECTION('center_axis',(-0.747112338816362,0.664697790870667,-9.14948734334951E-17));
#10439=DIRECTION('ref_axis',(-0.664697790870667,-0.747112338816362,-8.1402002199008E-17));
#10440=DIRECTION('',(-0.664697790870667,-0.747112338816362,-8.1402002199008E-17));
#10441=DIRECTION('center_axis',(-1.22464679914735E-16,0.,1.));
#10442=DIRECTION('ref_axis',(-0.669130606358858,-0.743144825477395,-8.19448655288903E-17));
#10443=DIRECTION('center_axis',(1.22464679914735E-16,0.,-1.));
#10444=DIRECTION('ref_axis',(-0.669130606358858,-0.743144825477395,-8.19448655288903E-17));
#10445=DIRECTION('center_axis',(1.22464679914735E-16,0.,-1.));
#10446=DIRECTION('ref_axis',(-0.669130606358858,-0.743144825477394,-8.19448655288903E-17));
#10447=DIRECTION('center_axis',(-1.22464679914735E-16,0.,1.));
#10448=DIRECTION('ref_axis',(0.999192978322228,0.0401670520645357,1.22365848263283E-16));
#10449=DIRECTION('center_axis',(1.22464679914735E-16,0.,-1.));
#10450=DIRECTION('ref_axis',(0.999192978322228,0.0401670520645357,1.22365848263283E-16));
#10451=DIRECTION('',(1.22464679914735E-16,0.,-1.));
#10452=DIRECTION('',(-1.22464679914735E-16,0.,1.));
#10453=DIRECTION('center_axis',(0.735131038195028,-0.677925037657041,9.00275872879412E-17));
#10454=DIRECTION('ref_axis',(0.677925037657041,0.735131038195028,8.30218727428544E-17));
#10455=DIRECTION('',(-1.22464679914735E-16,0.,1.));
#10456=DIRECTION('',(0.677925037657041,0.735131038195028,8.30218727428544E-17));
#10457=DIRECTION('center_axis',(-1.22464679914735E-16,0.,1.));
#10458=DIRECTION('ref_axis',(0.0401683350513405,-0.999192926745983,4.91920229477025E-18));
#10459=DIRECTION('center_axis',(1.22464679914735E-16,0.,-1.));
#10460=DIRECTION('ref_axis',(0.0401683350513405,-0.999192926745983,4.91920229477025E-18));
#10461=DIRECTION('',(1.22464679914735E-16,0.,-1.));
#10462=DIRECTION('',(-1.22464679914735E-16,0.,1.));
#10463=DIRECTION('center_axis',(-1.22464679914735E-16,0.,1.));
#10464=DIRECTION('ref_axis',(-0.809016994374947,-0.587785252292473,-9.90760072617091E-17));
#10465=DIRECTION('',(1.22464679914735E-16,0.,-1.));
#10466=DIRECTION('center_axis',(-1.22464679914735E-16,0.,1.));
#10467=DIRECTION('ref_axis',(-0.809016994374947,-0.587785252292473,-9.90760072617091E-17));
#10468=DIRECTION('center_axis',(-1.22464679914735E-16,0.,1.));
#10469=DIRECTION('ref_axis',(-0.988641988856027,0.150289779661823,-1.21073724715521E-16));
#10470=DIRECTION('center_axis',(1.22464679914735E-16,0.,-1.));
#10471=DIRECTION('ref_axis',(-0.988641988856027,0.150289779661823,-1.21073724715521E-16));
#10472=DIRECTION('',(-1.22464679914735E-16,0.,1.));
#10473=DIRECTION('center_axis',(-0.587785252292473,0.809016994374947,-7.19829327805997E-17));
#10474=DIRECTION('ref_axis',(-0.809016994374947,-0.587785252292473,-9.90760072617092E-17));
#10475=DIRECTION('',(-1.22464679914735E-16,0.,1.));
#10476=DIRECTION('',(-0.809016994374947,-0.587785252292473,-9.90760072617092E-17));
#10477=DIRECTION('center_axis',(-1.22464679914735E-16,0.,1.));
#10478=DIRECTION('ref_axis',(0.14732713879013,0.989087819243526,1.80423708946871E-17));
#10479=DIRECTION('center_axis',(1.22464679914735E-16,0.,-1.));
#10480=DIRECTION('ref_axis',(0.14732713879013,0.989087819243526,1.80423708946871E-17));
#10481=DIRECTION('',(1.22464679914735E-16,0.,-1.));
#10482=DIRECTION('',(-1.22464679914735E-16,0.,1.));
#10483=DIRECTION('center_axis',(-1.22464679914735E-16,0.,1.));
#10484=DIRECTION('ref_axis',(-0.809016994374947,-0.587785252292473,-9.90760072617091E-17));
#10485=DIRECTION('center_axis',(1.22464679914735E-16,0.,-1.));
#10486=DIRECTION('ref_axis',(-0.809016994374947,-0.587785252292473,-9.90760072617091E-17));
#10487=DIRECTION('center_axis',(0.735131038195041,-0.677925037657027,9.00275872879427E-17));
#10488=DIRECTION('ref_axis',(0.677925037657027,0.735131038195041,8.30218727428527E-17));
#10489=DIRECTION('',(0.677925037657027,0.735131038195041,8.30218727428527E-17));
#10490=DIRECTION('',(-1.22464679914735E-16,0.,1.));
#10491=DIRECTION('center_axis',(-1.22464679914735E-16,0.,1.));
#10492=DIRECTION('ref_axis',(-0.809016994374947,-0.587785252292473,-9.90760072617092E-17));
#10493=DIRECTION('',(-1.22464679914735E-16,0.,1.));
#10494=DIRECTION('center_axis',(1.22464679914735E-16,0.,-1.));
#10495=DIRECTION('ref_axis',(-0.809016994374947,-0.587785252292473,-9.90760072617092E-17));
#10496=DIRECTION('center_axis',(-0.592587700109097,0.805505938947325,-7.25710630152697E-17));
#10497=DIRECTION('ref_axis',(-0.805505938947325,-0.592587700109096,-9.86460269826025E-17));
#10498=DIRECTION('',(-0.805505938947325,-0.592587700109097,-9.86460269826025E-17));
#10499=DIRECTION('center_axis',(-1.22464679914735E-16,0.,1.));
#10500=DIRECTION('ref_axis',(-0.809016994374947,-0.587785252292473,-9.90760072617092E-17));
#10501=DIRECTION('center_axis',(1.22464679914735E-16,0.,-1.));
#10502=DIRECTION('ref_axis',(-0.809016994374947,-0.587785252292473,-9.90760072617092E-17));
#10503=DIRECTION('center_axis',(1.22464679914735E-16,0.,-1.));
#10504=DIRECTION('ref_axis',(-0.809016994374947,-0.587785252292473,-9.90760072617092E-17));
#10505=DIRECTION('center_axis',(-1.22464679914735E-16,0.,1.));
#10506=DIRECTION('ref_axis',(0.985709414125856,-0.168454595970732,1.20714587889864E-16));
#10507=DIRECTION('center_axis',(1.22464679914735E-16,0.,-1.));
#10508=DIRECTION('ref_axis',(0.985709414125856,-0.168454595970732,1.20714587889864E-16));
#10509=DIRECTION('',(1.22464679914735E-16,0.,-1.));
#10510=DIRECTION('',(-1.22464679914735E-16,0.,1.));
#10511=DIRECTION('center_axis',(0.57811812040845,-0.815953086185353,7.07990505687292E-17));
#10512=DIRECTION('ref_axis',(0.815953086185353,0.57811812040845,9.99254335251296E-17));
#10513=DIRECTION('',(-1.22464679914735E-16,0.,1.));
#10514=DIRECTION('',(0.815953086185353,0.57811812040845,9.99254335251296E-17));
#10515=DIRECTION('center_axis',(-1.22464679914735E-16,0.,1.));
#10516=DIRECTION('ref_axis',(-0.168453330296962,-0.985709630424631,-2.06295831753887E-17));
#10517=DIRECTION('center_axis',(1.22464679914735E-16,0.,-1.));
#10518=DIRECTION('ref_axis',(-0.168453330296962,-0.985709630424631,-2.06295831753887E-17));
#10519=DIRECTION('',(1.22464679914735E-16,0.,-1.));
#10520=DIRECTION('',(-1.22464679914735E-16,0.,1.));
#10521=DIRECTION('center_axis',(-1.22464679914735E-16,0.,1.));
#10522=DIRECTION('ref_axis',(-0.913545457642601,-0.4067366430758,-1.11877052057762E-16));
#10523=DIRECTION('',(1.22464679914735E-16,0.,-1.));
#10524=DIRECTION('center_axis',(-1.22464679914735E-16,0.,1.));
#10525=DIRECTION('ref_axis',(-0.913545457642601,-0.4067366430758,-1.11877052057762E-16));
#10526=DIRECTION('center_axis',(-1.22464679914735E-16,0.,1.));
#10527=DIRECTION('ref_axis',(-0.935790787182103,0.352555814907514,-1.14601319219414E-16));
#10528=DIRECTION('center_axis',(1.22464679914735E-16,0.,-1.));
#10529=DIRECTION('ref_axis',(-0.935790787182103,0.352555814907514,-1.14601319219414E-16));
#10530=DIRECTION('',(-1.22464679914735E-16,0.,1.));
#10531=DIRECTION('center_axis',(-0.4067366430758,0.913545457642601,-4.98108728038718E-17));
#10532=DIRECTION('ref_axis',(-0.913545457642601,-0.4067366430758,-1.11877052057762E-16));
#10533=DIRECTION('',(-1.22464679914735E-16,0.,1.));
#10534=DIRECTION('',(-0.913545457642601,-0.4067366430758,-1.11877052057762E-16));
#10535=DIRECTION('center_axis',(-1.22464679914735E-16,0.,1.));
#10536=DIRECTION('ref_axis',(0.349750608196714,0.936842842778888,4.28320962827946E-17));
#10537=DIRECTION('center_axis',(1.22464679914735E-16,0.,-1.));
#10538=DIRECTION('ref_axis',(0.349750608196714,0.936842842778888,4.28320962827946E-17));
#10539=DIRECTION('',(1.22464679914735E-16,0.,-1.));
#10540=DIRECTION('',(-1.22464679914735E-16,0.,1.));
#10541=DIRECTION('center_axis',(-1.22464679914735E-16,0.,1.));
#10542=DIRECTION('ref_axis',(-0.913545457642601,-0.4067366430758,-1.11877052057762E-16));
#10543=DIRECTION('center_axis',(1.22464679914735E-16,0.,-1.));
#10544=DIRECTION('ref_axis',(-0.913545457642601,-0.4067366430758,-1.11877052057762E-16));
#10545=DIRECTION('center_axis',(0.578118120408465,-0.815953086185341,7.07990505687311E-17));
#10546=DIRECTION('ref_axis',(0.815953086185341,0.578118120408465,9.99254335251283E-17));
#10547=DIRECTION('',(0.815953086185341,0.578118120408465,9.99254335251283E-17));
#10548=DIRECTION('',(-1.22464679914735E-16,0.,1.));
#10549=DIRECTION('center_axis',(-1.22464679914735E-16,0.,1.));
#10550=DIRECTION('ref_axis',(-0.913545457642601,-0.4067366430758,-1.11877052057762E-16));
#10551=DIRECTION('',(-1.22464679914735E-16,0.,1.));
#10552=DIRECTION('center_axis',(1.22464679914735E-16,0.,-1.));
#10553=DIRECTION('ref_axis',(-0.913545457642601,-0.4067366430758,-1.11877052057762E-16));
#10554=DIRECTION('center_axis',(-0.412164135355792,0.911109612245647,-5.04755489086807E-17));
#10555=DIRECTION('ref_axis',(-0.911109612245647,-0.412164135355792,-1.11578747030902E-16));
#10556=DIRECTION('',(-0.911109612245647,-0.412164135355792,-1.11578747030902E-16));
#10557=DIRECTION('center_axis',(-1.22464679914735E-16,0.,1.));
#10558=DIRECTION('ref_axis',(-0.913545457642601,-0.4067366430758,-1.11877052057762E-16));
#10559=DIRECTION('center_axis',(1.22464679914735E-16,0.,-1.));
#10560=DIRECTION('ref_axis',(-0.913545457642601,-0.4067366430758,-1.11877052057762E-16));
#10561=DIRECTION('center_axis',(1.22464679914735E-16,0.,-1.));
#10562=DIRECTION('ref_axis',(-0.913545457642601,-0.4067366430758,-1.11877052057762E-16));
#10563=DIRECTION('center_axis',(-1.22464679914735E-16,0.,1.));
#10564=DIRECTION('ref_axis',(0.929145618573634,-0.369713969827243,1.13787520772799E-16));
#10565=DIRECTION('center_axis',(1.22464679914735E-16,0.,-1.));
#10566=DIRECTION('ref_axis',(0.929145618573634,-0.369713969827243,1.13787520772799E-16));
#10567=DIRECTION('',(1.22464679914735E-16,0.,-1.));
#10568=DIRECTION('',(-1.22464679914735E-16,0.,1.));
#10569=DIRECTION('center_axis',(0.395838666641497,-0.918320069470052,4.84762556081265E-17));
#10570=DIRECTION('ref_axis',(0.918320069470052,0.395838666641497,1.12461773366927E-16));
#10571=DIRECTION('',(-1.22464679914735E-16,0.,1.));
#10572=DIRECTION('',(0.918320069470052,0.395838666641497,1.12461773366927E-16));
#10573=DIRECTION('center_axis',(-1.22464679914735E-16,0.,1.));
#10574=DIRECTION('ref_axis',(-0.369712776782527,-0.929146093294135,-4.52767568690601E-17));
#10575=DIRECTION('center_axis',(1.22464679914735E-16,0.,-1.));
#10576=DIRECTION('ref_axis',(-0.369712776782527,-0.929146093294135,-4.52767568690601E-17));
#10577=DIRECTION('',(1.22464679914735E-16,0.,-1.));
#10578=DIRECTION('',(-1.22464679914735E-16,0.,1.));
#10579=DIRECTION('center_axis',(-1.22464679914735E-16,0.,1.));
#10580=DIRECTION('ref_axis',(-0.978147600733806,-0.20791169081776,-1.19788532833232E-16));
#10581=DIRECTION('',(1.22464679914735E-16,0.,-1.));
#10582=DIRECTION('center_axis',(-1.22464679914735E-16,0.,1.));
#10583=DIRECTION('ref_axis',(-0.978147600733806,-0.20791169081776,-1.19788532833232E-16));
#10584=DIRECTION('center_axis',(-1.22464679914735E-16,0.,1.));
#10585=DIRECTION('ref_axis',(-0.842041037685919,0.539413469291249,-1.03120286155278E-16));
#10586=DIRECTION('center_axis',(1.22464679914735E-16,0.,-1.));
#10587=DIRECTION('ref_axis',(-0.842041037685919,0.539413469291249,-1.03120286155278E-16));
#10588=DIRECTION('',(-1.22464679914735E-16,0.,1.));
#10589=DIRECTION('center_axis',(-0.20791169081776,0.978147600733806,-2.54618386665284E-17));
#10590=DIRECTION('ref_axis',(-0.978147600733805,-0.20791169081776,-1.19788532833232E-16));
#10591=DIRECTION('',(-1.22464679914735E-16,0.,1.));
#10592=DIRECTION('',(-0.978147600733805,-0.20791169081776,-1.19788532833232E-16));
#10593=DIRECTION('center_axis',(-1.22464679914735E-16,0.,1.));
#10594=DIRECTION('ref_axis',(0.53688829773548,0.843653338614089,6.57498535321427E-17));
#10595=DIRECTION('center_axis',(1.22464679914735E-16,0.,-1.));
#10596=DIRECTION('ref_axis',(0.53688829773548,0.843653338614089,6.57498535321427E-17));
#10597=DIRECTION('',(1.22464679914735E-16,0.,-1.));
#10598=DIRECTION('',(-1.22464679914735E-16,0.,1.));
#10599=DIRECTION('center_axis',(-1.22464679914735E-16,0.,1.));
#10600=DIRECTION('ref_axis',(-0.978147600733806,-0.20791169081776,-1.19788532833232E-16));
#10601=DIRECTION('center_axis',(1.22464679914735E-16,0.,-1.));
#10602=DIRECTION('ref_axis',(-0.978147600733806,-0.20791169081776,-1.19788532833232E-16));
#10603=DIRECTION('center_axis',(0.395838666641515,-0.918320069470045,4.84762556081287E-17));
#10604=DIRECTION('ref_axis',(0.918320069470045,0.395838666641515,1.12461773366927E-16));
#10605=DIRECTION('',(0.918320069470045,0.395838666641515,1.12461773366927E-16));
#10606=DIRECTION('',(-1.22464679914735E-16,0.,1.));
#10607=DIRECTION('center_axis',(-1.22464679914735E-16,0.,1.));
#10608=DIRECTION('ref_axis',(-0.978147600733806,-0.20791169081776,-1.19788532833232E-16));
#10609=DIRECTION('',(-1.22464679914735E-16,0.,1.));
#10610=DIRECTION('center_axis',(1.22464679914735E-16,0.,-1.));
#10611=DIRECTION('ref_axis',(-0.978147600733806,-0.20791169081776,-1.19788532833232E-16));
#10612=DIRECTION('center_axis',(-0.213727020104486,0.97689342349985,-2.61740111062261E-17));
#10613=DIRECTION('ref_axis',(-0.97689342349985,-0.213727020104486,-1.19634940419719E-16));
#10614=DIRECTION('',(-0.97689342349985,-0.213727020104486,-1.19634940419719E-16));
#10615=DIRECTION('center_axis',(-1.22464679914735E-16,0.,1.));
#10616=DIRECTION('ref_axis',(-0.978147600733806,-0.20791169081776,-1.19788532833232E-16));
#10617=DIRECTION('center_axis',(1.22464679914735E-16,0.,-1.));
#10618=DIRECTION('ref_axis',(-0.978147600733806,-0.20791169081776,-1.19788532833232E-16));
#10619=DIRECTION('center_axis',(1.22464679914735E-16,0.,-1.));
#10620=DIRECTION('ref_axis',(-0.978147600733805,-0.20791169081776,-1.19788532833232E-16));
#10621=DIRECTION('center_axis',(-1.22464679914735E-16,0.,1.));
#10622=DIRECTION('ref_axis',(0.831973700954399,-0.554815069117846,1.01887392984858E-16));
#10623=DIRECTION('center_axis',(1.22464679914735E-16,0.,-1.));
#10624=DIRECTION('ref_axis',(0.831973700954399,-0.554815069117846,1.01887392984858E-16));
#10625=DIRECTION('',(1.22464679914735E-16,0.,-1.));
#10626=DIRECTION('',(-1.22464679914735E-16,0.,1.));
#10627=DIRECTION('center_axis',(0.196259163697648,-0.980552059130315,2.40348156625661E-17));
#10628=DIRECTION('ref_axis',(0.980552059130315,0.196259163697648,1.20082994061129E-16));
#10629=DIRECTION('',(-1.22464679914735E-16,0.,1.));
#10630=DIRECTION('',(0.980552059130315,0.196259163697648,1.20082994061129E-16));
#10631=DIRECTION('center_axis',(-1.22464679914735E-16,0.,1.));
#10632=DIRECTION('ref_axis',(-0.554814000843961,-0.831974413349063,-6.79451190255694E-17));
#10633=DIRECTION('center_axis',(1.22464679914735E-16,0.,-1.));
#10634=DIRECTION('ref_axis',(-0.554814000843961,-0.831974413349063,-6.79451190255694E-17));
#10635=DIRECTION('',(1.22464679914735E-16,0.,-1.));
#10636=DIRECTION('',(-1.22464679914735E-16,0.,1.));
#10637=DIRECTION('center_axis',(-1.22464679914735E-16,0.,1.));
#10638=DIRECTION('ref_axis',(-1.,-1.22464679914735E-16,-1.22464679914735E-16));
#10639=DIRECTION('',(1.22464679914735E-16,0.,-1.));
#10640=DIRECTION('center_axis',(-1.22464679914735E-16,0.,1.));
#10641=DIRECTION('ref_axis',(-1.,-1.22464679914735E-16,-1.22464679914735E-16));
#10642=DIRECTION('center_axis',(-1.22464679914735E-16,0.,1.));
#10643=DIRECTION('ref_axis',(-0.711490054281668,0.702696166673954,-8.71324017601222E-17));
#10644=DIRECTION('center_axis',(1.22464679914735E-16,0.,-1.));
#10645=DIRECTION('ref_axis',(-0.711490054281668,0.702696166673954,-8.71324017601222E-17));
#10646=DIRECTION('',(-1.22464679914735E-16,0.,1.));
#10647=DIRECTION('center_axis',(-1.22464679914735E-16,1.,-1.49975978266186E-32));
#10648=DIRECTION('ref_axis',(-1.,-1.22464679914735E-16,-1.22464679914735E-16));
#10649=DIRECTION('',(-1.22464679914735E-16,0.,1.));
#10650=DIRECTION('',(-1.,-1.22464679914735E-16,-1.22464679914735E-16));
#10651=DIRECTION('center_axis',(-1.22464679914735E-16,0.,1.));
#10652=DIRECTION('ref_axis',(0.70056139238732,0.713592135253984,8.57940266793344E-17));
#10653=DIRECTION('center_axis',(1.22464679914735E-16,0.,-1.));
#10654=DIRECTION('ref_axis',(0.70056139238732,0.713592135253984,8.57940266793344E-17));
#10655=DIRECTION('',(1.22464679914735E-16,0.,-1.));
#10656=DIRECTION('',(-1.22464679914735E-16,0.,1.));
#10657=DIRECTION('center_axis',(-1.22464679914735E-16,0.,1.));
#10658=DIRECTION('ref_axis',(-1.,-1.22464679914735E-16,-1.22464679914735E-16));
#10659=DIRECTION('center_axis',(1.22464679914735E-16,0.,-1.));
#10660=DIRECTION('ref_axis',(-1.,-1.22464679914735E-16,-1.22464679914735E-16));
#10661=DIRECTION('center_axis',(0.196259163697667,-0.980552059130311,2.40348156625684E-17));
#10662=DIRECTION('ref_axis',(0.980552059130311,0.196259163697667,1.20082994061128E-16));
#10663=DIRECTION('',(0.980552059130311,0.196259163697667,1.20082994061128E-16));
#10664=DIRECTION('',(-1.22464679914735E-16,0.,1.));
#10665=DIRECTION('center_axis',(-1.22464679914735E-16,0.,1.));
#10666=DIRECTION('ref_axis',(-1.,-1.22464679914735E-16,-1.22464679914735E-16));
#10667=DIRECTION('',(-1.22464679914735E-16,0.,1.));
#10668=DIRECTION('center_axis',(1.22464679914735E-16,0.,-1.));
#10669=DIRECTION('ref_axis',(-1.,-1.22464679914735E-16,-1.22464679914735E-16));
#10670=DIRECTION('center_axis',(-0.0059490084985852,0.999982304492376,-7.28543421589277E-19));
#10671=DIRECTION('ref_axis',(-0.999982304492376,-0.0059490084985852,-1.22462512840058E-16));
#10672=DIRECTION('',(-0.999982304492376,-0.0059490084985852,-1.22462512840058E-16));
#10673=DIRECTION('center_axis',(-1.22464679914735E-16,0.,1.));
#10674=DIRECTION('ref_axis',(-1.,-1.22464679914735E-16,-1.22464679914735E-16));
#10675=DIRECTION('center_axis',(1.22464679914735E-16,0.,-1.));
#10676=DIRECTION('ref_axis',(-1.,-1.22464679914735E-16,-1.22464679914735E-16));
#10677=DIRECTION('center_axis',(1.22464679914735E-16,0.,-1.));
#10678=DIRECTION('ref_axis',(-1.,-1.22464679914735E-16,-1.22464679914735E-16));
#10679=DIRECTION('center_axis',(-1.22464679914735E-16,0.,1.));
#10680=DIRECTION('ref_axis',(0.698440540350707,-0.715668087589919,8.55342972135241E-17));
#10681=DIRECTION('center_axis',(1.22464679914735E-16,0.,-1.));
#10682=DIRECTION('ref_axis',(0.698440540350707,-0.715668087589919,8.55342972135241E-17));
#10683=DIRECTION('',(1.22464679914735E-16,0.,-1.));
#10684=DIRECTION('',(-1.22464679914735E-16,0.,1.));
#10685=DIRECTION('center_axis',(-0.0118978064557416,-0.999929218595767,
-1.45706105928987E-18));
#10686=DIRECTION('ref_axis',(0.999929218595767,-0.0118978064557416,1.22456011692722E-16));
#10687=DIRECTION('',(-1.22464679914735E-16,0.,1.));
#10688=DIRECTION('',(0.999929218595767,-0.0118978064557417,1.22456011692722E-16));
#10689=DIRECTION('center_axis',(-1.22464679914735E-16,0.,1.));
#10690=DIRECTION('ref_axis',(-0.715667190775561,-0.698441459284468,-8.76439534438069E-17));
#10691=DIRECTION('center_axis',(1.22464679914735E-16,0.,-1.));
#10692=DIRECTION('ref_axis',(-0.715667190775561,-0.698441459284468,-8.76439534438069E-17));
#10693=DIRECTION('',(1.22464679914735E-16,0.,-1.));
#10694=DIRECTION('',(-1.22464679914735E-16,0.,1.));
#10695=DIRECTION('center_axis',(-1.22464679914735E-16,0.,1.));
#10696=DIRECTION('ref_axis',(-0.978147600733806,0.207911690817759,-1.19788532833232E-16));
#10697=DIRECTION('',(1.22464679914735E-16,0.,-1.));
#10698=DIRECTION('center_axis',(-1.22464679914735E-16,0.,1.));
#10699=DIRECTION('ref_axis',(-0.978147600733806,0.207911690817759,-1.19788532833232E-16));
#10700=DIRECTION('center_axis',(-1.22464679914735E-16,0.,1.));
#10701=DIRECTION('ref_axis',(-0.549843541397239,0.835267669662691,-6.73364133003974E-17));
#10702=DIRECTION('center_axis',(1.22464679914735E-16,0.,-1.));
#10703=DIRECTION('ref_axis',(-0.549843541397239,0.835267669662691,-6.73364133003974E-17));
#10704=DIRECTION('',(-1.22464679914735E-16,0.,1.));
#10705=DIRECTION('center_axis',(0.207911690817759,0.978147600733806,2.54618386665283E-17));
#10706=DIRECTION('ref_axis',(-0.978147600733806,0.207911690817759,-1.19788532833232E-16));
#10707=DIRECTION('',(-1.22464679914735E-16,0.,1.));
#10708=DIRECTION('',(-0.978147600733806,0.207911690817759,-1.19788532833232E-16));
#10709=DIRECTION('center_axis',(-1.22464679914735E-16,0.,1.));
#10710=DIRECTION('ref_axis',(0.833616592525302,0.552343531388306,1.02088589175223E-16));
#10711=DIRECTION('center_axis',(1.22464679914735E-16,0.,-1.));
#10712=DIRECTION('ref_axis',(0.833616592525302,0.552343531388306,1.02088589175223E-16));
#10713=DIRECTION('',(1.22464679914735E-16,0.,-1.));
#10714=DIRECTION('',(-1.22464679914735E-16,0.,1.));
#10715=DIRECTION('center_axis',(-1.22464679914735E-16,0.,1.));
#10716=DIRECTION('ref_axis',(-0.978147600733806,0.207911690817759,-1.19788532833232E-16));
#10717=DIRECTION('center_axis',(1.22464679914735E-16,0.,-1.));
#10718=DIRECTION('ref_axis',(-0.978147600733806,0.207911690817759,-1.19788532833232E-16));
#10719=DIRECTION('center_axis',(-0.0118978064557224,-0.999929218595768,
-1.45706105928752E-18));
#10720=DIRECTION('ref_axis',(0.999929218595767,-0.0118978064557224,1.22456011692722E-16));
#10721=DIRECTION('',(0.999929218595767,-0.0118978064557224,1.22456011692722E-16));
#10722=DIRECTION('',(-1.22464679914735E-16,0.,1.));
#10723=DIRECTION('center_axis',(-1.22464679914735E-16,0.,1.));
#10724=DIRECTION('ref_axis',(-0.978147600733806,0.207911690817759,-1.19788532833232E-16));
#10725=DIRECTION('',(-1.22464679914735E-16,0.,1.));
#10726=DIRECTION('center_axis',(1.22464679914735E-16,0.,-1.));
#10727=DIRECTION('ref_axis',(-0.978147600733806,0.207911690817759,-1.19788532833232E-16));
#10728=DIRECTION('center_axis',(0.202089003325213,0.97936716033111,2.47487651065101E-17));
#10729=DIRECTION('ref_axis',(-0.97936716033111,0.202089003325213,-1.19937885808953E-16));
#10730=DIRECTION('',(-0.97936716033111,0.202089003325213,-1.19937885808953E-16));
#10731=DIRECTION('center_axis',(-1.22464679914735E-16,0.,1.));
#10732=DIRECTION('ref_axis',(-0.978147600733806,0.207911690817759,-1.19788532833232E-16));
#10733=DIRECTION('center_axis',(1.22464679914735E-16,0.,-1.));
#10734=DIRECTION('ref_axis',(-0.978147600733806,0.207911690817759,-1.19788532833232E-16));
#10735=DIRECTION('center_axis',(1.22464679914735E-16,0.,-1.));
#10736=DIRECTION('ref_axis',(-0.978147600733806,0.207911690817759,-1.19788532833232E-16));
#10737=DIRECTION('center_axis',(-1.22464679914735E-16,0.,1.));
#10738=DIRECTION('ref_axis',(0.534382176644134,-0.845242976477816,6.54429422148635E-17));
#10739=DIRECTION('center_axis',(1.22464679914735E-16,0.,-1.));
#10740=DIRECTION('ref_axis',(0.534382176644134,-0.845242976477816,6.54429422148635E-17));
#10741=DIRECTION('',(1.22464679914735E-16,0.,-1.));
#10742=DIRECTION('',(-1.22464679914735E-16,0.,1.));
#10743=DIRECTION('center_axis',(-0.219534785375006,-0.975604673015843,-2.68852572211002E-17));
#10744=DIRECTION('ref_axis',(0.975604673015843,-0.219534785375006,1.19477114004205E-16));
#10745=DIRECTION('',(-1.22464679914735E-16,0.,1.));
#10746=DIRECTION('',(0.975604673015843,-0.219534785375006,1.19477114004205E-16));
#10747=DIRECTION('center_axis',(-1.22464679914735E-16,0.,1.));
#10748=DIRECTION('ref_axis',(-0.845242290318075,-0.534383261955177,-1.03512326534201E-16));
#10749=DIRECTION('center_axis',(1.22464679914735E-16,0.,-1.));
#10750=DIRECTION('ref_axis',(-0.845242290318075,-0.534383261955177,-1.03512326534201E-16));
#10751=DIRECTION('',(1.22464679914735E-16,0.,-1.));
#10752=DIRECTION('',(-1.22464679914735E-16,0.,1.));
#10753=DIRECTION('center_axis',(-1.22464679914735E-16,0.,1.));
#10754=DIRECTION('ref_axis',(-0.913545457642601,0.4067366430758,-1.11877052057762E-16));
#10755=DIRECTION('',(1.22464679914735E-16,0.,-1.));
#10756=DIRECTION('center_axis',(-1.22464679914735E-16,0.,1.));
#10757=DIRECTION('ref_axis',(-0.913545457642601,0.4067366430758,-1.11877052057762E-16));
#10758=DIRECTION('center_axis',(-1.22464679914735E-16,0.,1.));
#10759=DIRECTION('ref_axis',(-0.364166227311709,0.931333967428203,-4.45975004634852E-17));
#10760=DIRECTION('center_axis',(1.22464679914735E-16,0.,-1.));
#10761=DIRECTION('ref_axis',(-0.364166227311709,0.931333967428203,-4.45975004634852E-17));
#10762=DIRECTION('',(-1.22464679914735E-16,0.,1.));
#10763=DIRECTION('center_axis',(0.4067366430758,0.913545457642601,4.98108728038718E-17));
#10764=DIRECTION('ref_axis',(-0.913545457642601,0.4067366430758,-1.11877052057762E-16));
#10765=DIRECTION('',(-1.22464679914735E-16,0.,1.));
#10766=DIRECTION('',(-0.913545457642601,0.4067366430758,-1.11877052057762E-16));
#10767=DIRECTION('center_axis',(-1.22464679914735E-16,0.,1.));
#10768=DIRECTION('ref_axis',(0.930238747433709,0.366954864762635,1.13921390448754E-16));
#10769=DIRECTION('center_axis',(1.22464679914735E-16,0.,-1.));
#10770=DIRECTION('ref_axis',(0.930238747433709,0.366954864762635,1.13921390448754E-16));
#10771=DIRECTION('',(1.22464679914735E-16,0.,-1.));
#10772=DIRECTION('',(-1.22464679914735E-16,0.,1.));
#10773=DIRECTION('center_axis',(-1.22464679914735E-16,0.,1.));
#10774=DIRECTION('ref_axis',(-0.913545457642601,0.4067366430758,-1.11877052057762E-16));
#10775=DIRECTION('center_axis',(1.22464679914735E-16,0.,-1.));
#10776=DIRECTION('ref_axis',(-0.913545457642601,0.4067366430758,-1.11877052057762E-16));
#10777=DIRECTION('center_axis',(-0.219534785374987,-0.975604673015847,-2.68852572210979E-17));
#10778=DIRECTION('ref_axis',(0.975604673015847,-0.219534785374987,1.19477114004206E-16));
#10779=DIRECTION('',(0.975604673015847,-0.219534785374987,1.19477114004206E-16));
#10780=DIRECTION('',(-1.22464679914735E-16,0.,1.));
#10781=DIRECTION('center_axis',(-1.22464679914735E-16,0.,1.));
#10782=DIRECTION('ref_axis',(-0.913545457642601,0.4067366430758,-1.11877052057762E-16));
#10783=DIRECTION('',(-1.22464679914735E-16,0.,1.));
#10784=DIRECTION('center_axis',(1.22464679914735E-16,0.,-1.));
#10785=DIRECTION('ref_axis',(-0.913545457642601,0.4067366430758,-1.11877052057762E-16));
#10786=DIRECTION('center_axis',(0.401294755973072,0.915948971738335,4.91444338417041E-17));
#10787=DIRECTION('ref_axis',(-0.915948971738335,0.401294755973072,-1.12171397642166E-16));
#10788=DIRECTION('',(-0.915948971738335,0.401294755973072,-1.12171397642166E-16));
#10789=DIRECTION('center_axis',(-1.22464679914735E-16,0.,1.));
#10790=DIRECTION('ref_axis',(-0.913545457642601,0.4067366430758,-1.11877052057762E-16));
#10791=DIRECTION('center_axis',(1.22464679914735E-16,0.,-1.));
#10792=DIRECTION('ref_axis',(-0.913545457642601,0.4067366430758,-1.11877052057762E-16));
#10793=DIRECTION('center_axis',(1.22464679914735E-16,0.,-1.));
#10794=DIRECTION('ref_axis',(-0.913545457642601,0.4067366430758,-1.11877052057762E-16));
#10795=DIRECTION('center_axis',(-1.22464679914735E-16,0.,1.));
#10796=DIRECTION('ref_axis',(0.34696874756803,-0.937876691367832,4.24914166113354E-17));
#10797=DIRECTION('center_axis',(1.22464679914735E-16,0.,-1.));
#10798=DIRECTION('ref_axis',(0.34696874756803,-0.937876691367832,4.24914166113354E-17));
#10799=DIRECTION('',(1.22464679914735E-16,0.,-1.));
#10800=DIRECTION('',(-1.22464679914735E-16,0.,1.));
#10801=DIRECTION('center_axis',(-0.417577040728604,-0.908641521754505,-5.11384386325709E-17));
#10802=DIRECTION('ref_axis',(0.908641521754505,-0.417577040728604,1.11276493118903E-16));
#10803=DIRECTION('',(-1.22464679914735E-16,0.,1.));
#10804=DIRECTION('',(0.908641521754505,-0.417577040728604,1.11276493118903E-16));
#10805=DIRECTION('center_axis',(-1.22464679914735E-16,0.,1.));
#10806=DIRECTION('ref_axis',(-0.937876245851182,-0.346969951823055,-1.14856714247799E-16));
#10807=DIRECTION('center_axis',(1.22464679914735E-16,0.,-1.));
#10808=DIRECTION('ref_axis',(-0.937876245851182,-0.346969951823055,-1.14856714247799E-16));
#10809=DIRECTION('',(1.22464679914735E-16,0.,-1.));
#10810=DIRECTION('',(-1.22464679914735E-16,0.,1.));
#10811=DIRECTION('center_axis',(-1.22464679914735E-16,0.,1.));
#10812=DIRECTION('ref_axis',(-0.809016994374947,0.587785252292473,-9.90760072617091E-17));
#10813=DIRECTION('',(1.22464679914735E-16,0.,-1.));
#10814=DIRECTION('center_axis',(-1.22464679914735E-16,0.,1.));
#10815=DIRECTION('ref_axis',(-0.809016994374947,0.587785252292473,-9.90760072617091E-17));
#10816=DIRECTION('center_axis',(-1.22464679914735E-16,0.,1.));
#10817=DIRECTION('ref_axis',(-0.16257310162922,0.986696501780895,-1.99094628537681E-17));
#10818=DIRECTION('center_axis',(1.22464679914735E-16,0.,-1.));
#10819=DIRECTION('ref_axis',(-0.16257310162922,0.986696501780895,-1.99094628537681E-17));
#10820=DIRECTION('',(-1.22464679914735E-16,0.,1.));
#10821=DIRECTION('center_axis',(0.587785252292473,0.809016994374948,7.19829327805997E-17));
#10822=DIRECTION('ref_axis',(-0.809016994374947,0.587785252292473,-9.90760072617092E-17));
#10823=DIRECTION('',(-1.22464679914735E-16,0.,1.));
#10824=DIRECTION('',(-0.809016994374947,0.587785252292473,-9.90760072617092E-17));
#10825=DIRECTION('center_axis',(-1.22464679914735E-16,0.,1.));
#10826=DIRECTION('ref_axis',(0.986205005298505,0.165528509702032,1.20775280304191E-16));
#10827=DIRECTION('center_axis',(1.22464679914735E-16,0.,-1.));
#10828=DIRECTION('ref_axis',(0.986205005298505,0.165528509702032,1.20775280304191E-16));
#10829=DIRECTION('',(1.22464679914735E-16,0.,-1.));
#10830=DIRECTION('',(-1.22464679914735E-16,0.,1.));
#10831=DIRECTION('center_axis',(-1.22464679914735E-16,0.,1.));
#10832=DIRECTION('ref_axis',(-0.809016994374948,0.587785252292473,-9.90760072617092E-17));
#10833=DIRECTION('center_axis',(1.22464679914735E-16,0.,-1.));
#10834=DIRECTION('ref_axis',(-0.809016994374948,0.587785252292473,-9.90760072617092E-17));
#10835=DIRECTION('center_axis',(-0.417577040728587,-0.908641521754513,-5.11384386325688E-17));
#10836=DIRECTION('ref_axis',(0.908641521754513,-0.417577040728587,1.11276493118904E-16));
#10837=DIRECTION('',(0.908641521754513,-0.417577040728587,1.11276493118904E-16));
#10838=DIRECTION('',(-1.22464679914735E-16,0.,1.));
#10839=DIRECTION('center_axis',(-1.22464679914735E-16,0.,1.));
#10840=DIRECTION('ref_axis',(-0.809016994374947,0.587785252292473,-9.90760072617092E-17));
#10841=DIRECTION('',(-1.22464679914735E-16,0.,1.));
#10842=DIRECTION('center_axis',(1.22464679914735E-16,0.,-1.));
#10843=DIRECTION('ref_axis',(-0.809016994374947,0.587785252292473,-9.90760072617092E-17));
#10844=DIRECTION('center_axis',(0.582962002159024,0.812499417869787,7.13922549968581E-17));
#10845=DIRECTION('ref_axis',(-0.812499417869787,0.582962002159024,-9.95024811403322E-17));
#10846=DIRECTION('',(-0.812499417869787,0.582962002159024,-9.95024811403322E-17));
#10847=DIRECTION('center_axis',(-1.22464679914735E-16,0.,1.));
#10848=DIRECTION('ref_axis',(-0.809016994374947,0.587785252292473,-9.90760072617092E-17));
#10849=DIRECTION('center_axis',(1.22464679914735E-16,0.,-1.));
#10850=DIRECTION('ref_axis',(-0.809016994374947,0.587785252292473,-9.90760072617092E-17));
#10851=DIRECTION('center_axis',(1.22464679914735E-16,0.,-1.));
#10852=DIRECTION('ref_axis',(-0.809016994374947,0.587785252292473,-9.90760072617092E-17));
#10853=DIRECTION('center_axis',(-1.22464679914735E-16,0.,1.));
#10854=DIRECTION('ref_axis',(0.144391119282431,-0.989520694413395,1.76828122054532E-17));
#10855=DIRECTION('center_axis',(1.22464679914735E-16,0.,-1.));
#10856=DIRECTION('ref_axis',(0.144391119282431,-0.989520694413395,1.76828122054532E-17));
#10857=DIRECTION('',(1.22464679914735E-16,0.,-1.));
#10858=DIRECTION('',(-1.22464679914735E-16,0.,1.));
#10859=DIRECTION('center_axis',(-0.597369175645407,-0.801966375846722,-7.31566248863441E-17));
#10860=DIRECTION('ref_axis',(0.801966375846722,-0.597369175645407,9.82125555204492E-17));
#10861=DIRECTION('',(-1.22464679914735E-16,0.,1.));
#10862=DIRECTION('',(0.801966375846722,-0.597369175645407,9.82125555204492E-17));
#10863=DIRECTION('center_axis',(-1.22464679914735E-16,0.,1.));
#10864=DIRECTION('ref_axis',(-0.98952050901105,-0.144392389849714,-1.21181312405104E-16));
#10865=DIRECTION('center_axis',(1.22464679914735E-16,0.,-1.));
#10866=DIRECTION('ref_axis',(-0.98952050901105,-0.144392389849714,-1.21181312405104E-16));
#10867=DIRECTION('',(1.22464679914735E-16,0.,-1.));
#10868=DIRECTION('',(-1.22464679914735E-16,0.,1.));
#10869=DIRECTION('center_axis',(-1.22464679914735E-16,0.,1.));
#10870=DIRECTION('ref_axis',(-0.669130606358858,0.743144825477394,-8.19448655288904E-17));
#10871=DIRECTION('',(1.22464679914735E-16,0.,-1.));
#10872=DIRECTION('center_axis',(-1.22464679914735E-16,0.,1.));
#10873=DIRECTION('ref_axis',(-0.669130606358858,0.743144825477394,-8.19448655288904E-17));
#10874=DIRECTION('center_axis',(-1.22464679914735E-16,0.,1.));
#10875=DIRECTION('ref_axis',(0.0461252487067594,0.99893566431064,5.64871381886085E-18));
#10876=DIRECTION('center_axis',(1.22464679914735E-16,0.,-1.));
#10877=DIRECTION('ref_axis',(0.0461252487067594,0.99893566431064,5.64871381886085E-18));
#10878=DIRECTION('',(-1.22464679914735E-16,0.,1.));
#10879=DIRECTION('center_axis',(0.743144825477394,0.669130606358858,9.10089931823809E-17));
#10880=DIRECTION('ref_axis',(-0.669130606358858,0.743144825477394,-8.19448655288904E-17));
#10881=DIRECTION('',(-1.22464679914735E-16,0.,1.));
#10882=DIRECTION('',(-0.669130606358858,0.743144825477394,-8.19448655288904E-17));
#10883=DIRECTION('center_axis',(-1.22464679914735E-16,0.,1.));
#10884=DIRECTION('ref_axis',(0.999069372095096,-0.0431322355264646,1.22350710866242E-16));
#10885=DIRECTION('center_axis',(1.22464679914735E-16,0.,-1.));
#10886=DIRECTION('ref_axis',(0.999069372095096,-0.0431322355264646,1.22350710866242E-16));
#10887=DIRECTION('',(1.22464679914735E-16,0.,-1.));
#10888=DIRECTION('',(-1.22464679914735E-16,0.,1.));
#10889=DIRECTION('center_axis',(-1.22464679914735E-16,0.,1.));
#10890=DIRECTION('ref_axis',(-0.669130606358858,0.743144825477394,-8.19448655288904E-17));
#10891=DIRECTION('center_axis',(1.22464679914735E-16,0.,-1.));
#10892=DIRECTION('ref_axis',(-0.669130606358858,0.743144825477394,-8.19448655288904E-17));
#10893=DIRECTION('center_axis',(-0.597369175645392,-0.801966375846734,-7.31566248863422E-17));
#10894=DIRECTION('ref_axis',(0.801966375846734,-0.597369175645392,9.82125555204506E-17));
#10895=DIRECTION('',(0.801966375846734,-0.597369175645392,9.82125555204506E-17));
#10896=DIRECTION('',(-1.22464679914735E-16,0.,1.));
#10897=DIRECTION('center_axis',(-1.22464679914735E-16,0.,1.));
#10898=DIRECTION('ref_axis',(-0.669130606358858,0.743144825477394,-8.19448655288904E-17));
#10899=DIRECTION('',(-1.22464679914735E-16,0.,1.));
#10900=DIRECTION('center_axis',(1.22464679914735E-16,0.,-1.));
#10901=DIRECTION('ref_axis',(-0.669130606358858,0.743144825477394,-8.19448655288904E-17));
#10902=DIRECTION('center_axis',(0.739151011488577,0.673539740635557,9.05198920306014E-17));
#10903=DIRECTION('ref_axis',(-0.673539740635557,0.739151011488577,-8.24848287467873E-17));
#10904=DIRECTION('',(-0.673539740635557,0.739151011488577,-8.24848287467873E-17));
#10905=DIRECTION('center_axis',(-1.22464679914735E-16,0.,1.));
#10906=DIRECTION('ref_axis',(-0.669130606358858,0.743144825477394,-8.19448655288904E-17));
#10907=DIRECTION('center_axis',(1.22464679914735E-16,0.,-1.));
#10908=DIRECTION('ref_axis',(-0.669130606358858,0.743144825477394,-8.19448655288904E-17));
#10909=DIRECTION('center_axis',(1.22464679914735E-16,0.,-1.));
#10910=DIRECTION('ref_axis',(-0.669130606358858,0.743144825477394,-8.19448655288904E-17));
#10911=DIRECTION('center_axis',(-1.22464679914735E-16,0.,1.));
#10912=DIRECTION('ref_axis',(-0.0644970937812738,-0.99791789486599,-7.89861594535436E-18));
#10913=DIRECTION('center_axis',(1.22464679914735E-16,0.,-1.));
#10914=DIRECTION('ref_axis',(-0.0644970937812738,-0.99791789486599,-7.89861594535436E-18));
#10915=DIRECTION('',(1.22464679914735E-16,0.,-1.));
#10916=DIRECTION('',(-1.22464679914735E-16,0.,1.));
#10917=DIRECTION('center_axis',(-0.751053411091169,-0.660241451052809,-9.19775155881502E-17));
#10918=DIRECTION('ref_axis',(0.660241451052809,-0.751053411091169,8.08562579696227E-17));
#10919=DIRECTION('',(-1.22464679914735E-16,0.,1.));
#10920=DIRECTION('',(0.660241451052809,-0.751053411091169,8.08562579696227E-17));
#10921=DIRECTION('center_axis',(-1.22464679914735E-16,0.,1.));
#10922=DIRECTION('ref_axis',(-0.997917977680924,0.0644958124316194,-1.22209705717854E-16));
#10923=DIRECTION('center_axis',(1.22464679914735E-16,0.,-1.));
#10924=DIRECTION('ref_axis',(-0.997917977680924,0.0644958124316194,-1.22209705717854E-16));
#10925=DIRECTION('',(1.22464679914735E-16,0.,-1.));
#10926=DIRECTION('',(-1.22464679914735E-16,0.,1.));
#10927=DIRECTION('center_axis',(-1.22464679914735E-16,0.,1.));
#10928=DIRECTION('ref_axis',(-0.5,0.866025403784438,-6.12323399573677E-17));
#10929=DIRECTION('',(1.22464679914735E-16,0.,-1.));
#10930=DIRECTION('center_axis',(-1.22464679914735E-16,0.,1.));
#10931=DIRECTION('ref_axis',(-0.5,0.866025403784438,-6.12323399573677E-17));
#10932=DIRECTION('center_axis',(-1.22464679914735E-16,0.,1.));
#10933=DIRECTION('ref_axis',(0.252807704340753,0.967516544884871,3.09600145920694E-17));
#10934=DIRECTION('center_axis',(1.22464679914735E-16,0.,-1.));
#10935=DIRECTION('ref_axis',(0.252807704340753,0.967516544884871,3.09600145920694E-17));
#10936=DIRECTION('',(-1.22464679914735E-16,0.,1.));
#10937=DIRECTION('center_axis',(0.866025403784438,0.5,1.06057523872491E-16));
#10938=DIRECTION('ref_axis',(-0.5,0.866025403784438,-6.12323399573677E-17));
#10939=DIRECTION('',(-1.22464679914735E-16,0.,1.));
#10940=DIRECTION('',(-0.5,0.866025403784438,-6.12323399573677E-17));
#10941=DIRECTION('center_axis',(-1.22464679914735E-16,0.,1.));
#10942=DIRECTION('ref_axis',(0.968269613264391,-0.249907895091025,1.18578828259588E-16));
#10943=DIRECTION('center_axis',(1.22464679914735E-16,0.,-1.));
#10944=DIRECTION('ref_axis',(0.968269613264391,-0.249907895091025,1.18578828259588E-16));
#10945=DIRECTION('',(1.22464679914735E-16,0.,-1.));
#10946=DIRECTION('',(-1.22464679914735E-16,0.,1.));
#10947=DIRECTION('center_axis',(-1.22464679914735E-16,0.,1.));
#10948=DIRECTION('ref_axis',(-0.5,0.866025403784438,-6.12323399573677E-17));
#10949=DIRECTION('center_axis',(1.22464679914735E-16,0.,-1.));
#10950=DIRECTION('ref_axis',(-0.5,0.866025403784438,-6.12323399573677E-17));
#10951=DIRECTION('center_axis',(-0.751053411091157,-0.660241451052824,-9.19775155881486E-17));
#10952=DIRECTION('ref_axis',(0.660241451052824,-0.751053411091157,8.08562579696244E-17));
#10953=DIRECTION('',(0.660241451052824,-0.751053411091157,8.08562579696244E-17));
#10954=DIRECTION('',(-1.22464679914735E-16,0.,1.));
#10955=DIRECTION('center_axis',(-1.22464679914735E-16,0.,1.));
#10956=DIRECTION('ref_axis',(-0.5,0.866025403784438,-6.12323399573677E-17));
#10957=DIRECTION('',(-1.22464679914735E-16,0.,1.));
#10958=DIRECTION('center_axis',(1.22464679914735E-16,0.,-1.));
#10959=DIRECTION('ref_axis',(-0.5,0.866025403784438,-6.12323399573677E-17));
#10960=DIRECTION('center_axis',(0.863035574776011,0.505143144733293,1.05691375419974E-16));
#10961=DIRECTION('ref_axis',(-0.505143144733293,0.863035574776011,-6.18621935308855E-17));
#10962=DIRECTION('',(-0.505143144733293,0.863035574776011,-6.18621935308855E-17));
#10963=DIRECTION('center_axis',(-1.22464679914735E-16,0.,1.));
#10964=DIRECTION('ref_axis',(-0.5,0.866025403784438,-6.12323399573677E-17));
#10965=DIRECTION('center_axis',(1.22464679914735E-16,0.,-1.));
#10966=DIRECTION('ref_axis',(-0.5,0.866025403784438,-6.12323399573677E-17));
#10967=DIRECTION('center_axis',(1.22464679914735E-16,0.,-1.));
#10968=DIRECTION('ref_axis',(-0.5,0.866025403784438,-6.12323399573677E-17));
#10969=DIRECTION('center_axis',(-1.22464679914735E-16,0.,1.));
#10970=DIRECTION('ref_axis',(-0.270566474355344,-0.962701294771602,-3.31348366775856E-17));
#10971=DIRECTION('center_axis',(1.22464679914735E-16,0.,-1.));
#10972=DIRECTION('ref_axis',(-0.270566474355344,-0.962701294771602,-3.31348366775856E-17));
#10973=DIRECTION('',(1.22464679914735E-16,0.,-1.));
#10974=DIRECTION('',(-1.22464679914735E-16,0.,1.));
#10975=DIRECTION('center_axis',(-0.871913008518128,-0.489660806657901,-1.06778547501666E-16));
#10976=DIRECTION('ref_axis',(0.489660806657901,-0.871913008518128,5.99661539541509E-17));
#10977=DIRECTION('',(-1.22464679914735E-16,0.,1.));
#10978=DIRECTION('',(0.489660806657901,-0.871913008518128,5.99661539541509E-17));
#10979=DIRECTION('center_axis',(-1.22464679914735E-16,0.,1.));
#10980=DIRECTION('ref_axis',(-0.962701642184404,0.270565238224446,-1.17896948463503E-16));
#10981=DIRECTION('center_axis',(1.22464679914735E-16,0.,-1.));
#10982=DIRECTION('ref_axis',(-0.962701642184404,0.270565238224446,-1.17896948463503E-16));
#10983=DIRECTION('',(1.22464679914735E-16,0.,-1.));
#10984=DIRECTION('',(-1.22464679914735E-16,0.,1.));
#10985=DIRECTION('center_axis',(-1.22464679914735E-16,0.,1.));
#10986=DIRECTION('ref_axis',(-0.309016994374947,0.951056516295154,-3.78436673043415E-17));
#10987=DIRECTION('',(1.22464679914735E-16,0.,-1.));
#10988=DIRECTION('center_axis',(-1.22464679914735E-16,0.,1.));
#10989=DIRECTION('ref_axis',(-0.309016994374947,0.951056516295154,-3.78436673043415E-17));
#10990=DIRECTION('center_axis',(-1.22464679914735E-16,0.,1.));
#10991=DIRECTION('ref_axis',(0.4484412501891,0.893812309788155,5.49182141649718E-17));
#10992=DIRECTION('center_axis',(1.22464679914735E-16,0.,-1.));
#10993=DIRECTION('ref_axis',(0.4484412501891,0.893812309788155,5.49182141649718E-17));
#10994=DIRECTION('',(-1.22464679914735E-16,0.,1.));
#10995=DIRECTION('center_axis',(0.951056516295154,0.309016994374948,1.16470831848909E-16));
#10996=DIRECTION('ref_axis',(-0.309016994374948,0.951056516295153,-3.78436673043415E-17));
#10997=DIRECTION('',(-1.22464679914735E-16,0.,1.));
#10998=DIRECTION('',(-0.309016994374948,0.951056516295153,-3.78436673043415E-17));
#10999=DIRECTION('center_axis',(-1.22464679914735E-16,0.,1.));
#11000=DIRECTION('ref_axis',(0.895151826060931,-0.44576138044898,1.09624481853643E-16));
#11001=DIRECTION('center_axis',(1.22464679914735E-16,0.,-1.));
#11002=DIRECTION('ref_axis',(0.895151826060931,-0.44576138044898,1.09624481853643E-16));
#11003=DIRECTION('',(1.22464679914735E-16,0.,-1.));
#11004=DIRECTION('',(-1.22464679914735E-16,0.,1.));
#11005=DIRECTION('center_axis',(-1.22464679914735E-16,0.,1.));
#11006=DIRECTION('ref_axis',(-0.309016994374948,0.951056516295153,-3.78436673043415E-17));
#11007=DIRECTION('center_axis',(1.22464679914735E-16,0.,-1.));
#11008=DIRECTION('ref_axis',(-0.309016994374948,0.951056516295153,-3.78436673043415E-17));
#11009=DIRECTION('center_axis',(-0.871913008518119,-0.489660806657918,-1.06778547501665E-16));
#11010=DIRECTION('ref_axis',(0.489660806657918,-0.871913008518119,5.9966153954153E-17));
#11011=DIRECTION('',(0.489660806657917,-0.871913008518119,5.9966153954153E-17));
#11012=DIRECTION('',(-1.22464679914735E-16,0.,1.));
#11013=DIRECTION('center_axis',(-1.22464679914735E-16,0.,1.));
#11014=DIRECTION('ref_axis',(-0.309016994374948,0.951056516295154,-3.78436673043415E-17));
#11015=DIRECTION('',(-1.22464679914735E-16,0.,1.));
#11016=DIRECTION('center_axis',(1.22464679914735E-16,0.,-1.));
#11017=DIRECTION('ref_axis',(-0.309016994374948,0.951056516295154,-3.78436673043415E-17));
#11018=DIRECTION('center_axis',(0.949201342141575,0.314669369460442,1.16243638540005E-16));
#11019=DIRECTION('ref_axis',(-0.314669369460442,0.949201342141575,-3.85358836099447E-17));
#11020=DIRECTION('',(-0.314669369460442,0.949201342141575,-3.85358836099447E-17));
#11021=DIRECTION('center_axis',(-1.22464679914735E-16,0.,1.));
#11022=DIRECTION('ref_axis',(-0.309016994374948,0.951056516295154,-3.78436673043415E-17));
#11023=DIRECTION('center_axis',(1.22464679914735E-16,0.,-1.));
#11024=DIRECTION('ref_axis',(-0.309016994374948,0.951056516295154,-3.78436673043415E-17));
#11025=DIRECTION('center_axis',(1.22464679914735E-16,0.,-1.));
#11026=DIRECTION('ref_axis',(-0.309016994374948,0.951056516295153,-3.78436673043415E-17));
#11027=DIRECTION('center_axis',(-1.22464679914735E-16,0.,1.));
#11028=DIRECTION('ref_axis',(-0.464810801678093,-0.885410028542352,-5.69229060484192E-17));
#11029=DIRECTION('center_axis',(1.22464679914735E-16,0.,-1.));
#11030=DIRECTION('ref_axis',(-0.464810801678093,-0.885410028542352,-5.69229060484192E-17));
#11031=DIRECTION('',(1.22464679914735E-16,0.,-1.));
#11032=DIRECTION('',(-1.22464679914735E-16,0.,1.));
#11033=DIRECTION('center_axis',(-0.954665823570033,-0.297679635358803,-1.16912844509041E-16));
#11034=DIRECTION('ref_axis',(0.297679635358803,-0.954665823570033,3.64552412613509E-17));
#11035=DIRECTION('',(-1.22464679914735E-16,0.,1.));
#11036=DIRECTION('',(0.297679635358803,-0.954665823570033,3.64552412613509E-17));
#11037=DIRECTION('center_axis',(-1.22464679914735E-16,0.,1.));
#11038=DIRECTION('ref_axis',(-0.885410625369415,0.464809664790805,-1.08431528828971E-16));
#11039=DIRECTION('center_axis',(1.22464679914735E-16,0.,-1.));
#11040=DIRECTION('ref_axis',(-0.885410625369415,0.464809664790805,-1.08431528828971E-16));
#11041=DIRECTION('',(1.22464679914735E-16,0.,-1.));
#11042=DIRECTION('',(-1.22464679914735E-16,0.,1.));
#11043=DIRECTION('center_axis',(-1.22464679914735E-16,0.,1.));
#11044=DIRECTION('ref_axis',(-0.104528463267654,0.994521895368273,-1.28010447960524E-17));
#11045=DIRECTION('',(1.22464679914735E-16,0.,-1.));
#11046=DIRECTION('center_axis',(-1.22464679914735E-16,0.,1.));
#11047=DIRECTION('ref_axis',(-0.104528463267654,0.994521895368273,-1.28010447960524E-17));
#11048=DIRECTION('center_axis',(-1.22464679914735E-16,0.,1.));
#11049=DIRECTION('ref_axis',(0.624475761544318,0.78104418776638,7.64762242520355E-17));
#11050=DIRECTION('center_axis',(1.22464679914735E-16,0.,-1.));
#11051=DIRECTION('ref_axis',(0.624475761544318,0.78104418776638,7.64762242520355E-17));
#11052=DIRECTION('',(-1.22464679914735E-16,0.,1.));
#11053=DIRECTION('center_axis',(0.994521895368273,0.104528463267654,1.21793805584471E-16));
#11054=DIRECTION('ref_axis',(-0.104528463267654,0.994521895368273,-1.28010447960524E-17));
#11055=DIRECTION('',(-1.22464679914735E-16,0.,1.));
#11056=DIRECTION('',(-0.104528463267654,0.994521895368273,-1.28010447960524E-17));
#11057=DIRECTION('center_axis',(-1.22464679914735E-16,0.,1.));
#11058=DIRECTION('ref_axis',(0.78291160864358,-0.622132954480891,9.58790195540665E-17));
#11059=DIRECTION('center_axis',(1.22464679914735E-16,0.,-1.));
#11060=DIRECTION('ref_axis',(0.78291160864358,-0.622132954480891,9.58790195540665E-17));
#11061=DIRECTION('',(1.22464679914735E-16,0.,-1.));
#11062=DIRECTION('',(-1.22464679914735E-16,0.,1.));
#11063=DIRECTION('center_axis',(-1.22464679914735E-16,0.,1.));
#11064=DIRECTION('ref_axis',(-0.104528463267654,0.994521895368273,-1.28010447960524E-17));
#11065=DIRECTION('center_axis',(1.22464679914735E-16,0.,-1.));
#11066=DIRECTION('ref_axis',(-0.104528463267654,0.994521895368273,-1.28010447960524E-17));
#11067=DIRECTION('center_axis',(-0.954665823570028,-0.297679635358821,-1.16912844509041E-16));
#11068=DIRECTION('ref_axis',(0.297679635358821,-0.954665823570028,3.64552412613531E-17));
#11069=DIRECTION('',(0.297679635358821,-0.954665823570028,3.64552412613531E-17));
#11070=DIRECTION('',(-1.22464679914735E-16,0.,1.));
#11071=DIRECTION('center_axis',(-1.22464679914735E-16,0.,1.));
#11072=DIRECTION('ref_axis',(-0.104528463267654,0.994521895368273,-1.28010447960524E-17));
#11073=DIRECTION('',(-1.22464679914735E-16,0.,1.));
#11074=DIRECTION('center_axis',(1.22464679914735E-16,0.,-1.));
#11075=DIRECTION('ref_axis',(-0.104528463267654,0.994521895368273,-1.28010447960524E-17));
#11076=DIRECTION('center_axis',(0.993882456082169,0.11044303279101,1.21715496856974E-16));
#11077=DIRECTION('ref_axis',(-0.11044303279101,0.993882456082169,-1.35253706595637E-17));
#11078=DIRECTION('',(-0.11044303279101,0.993882456082169,-1.35253706595637E-17));
#11079=DIRECTION('center_axis',(-1.22464679914735E-16,0.,1.));
#11080=DIRECTION('ref_axis',(-0.104528463267654,0.994521895368273,-1.28010447960524E-17));
#11081=DIRECTION('center_axis',(1.22464679914735E-16,0.,-1.));
#11082=DIRECTION('ref_axis',(-0.104528463267654,0.994521895368273,-1.28010447960524E-17));
#11083=DIRECTION('center_axis',(1.22464679914735E-16,0.,-1.));
#11084=DIRECTION('ref_axis',(-0.104528463267654,0.994521895368273,-1.28010447960524E-17));
#11085=DIRECTION('center_axis',(-1.22464679914735E-16,0.,1.));
#11086=DIRECTION('ref_axis',(-0.784754499291203,-0.619806724586151,-9.61047085673456E-17));
#11087=DIRECTION('center_axis',(1.22464679914735E-16,0.,-1.));
#11088=DIRECTION('ref_axis',(-0.784754499291203,-0.619806724586151,-9.61047085673456E-17));
#11089=DIRECTION('',(1.22464679914735E-16,0.,-1.));
#11090=DIRECTION('',(-1.22464679914735E-16,0.,1.));
#11091=DIRECTION('center_axis',(-0.993207842286904,0.11635369362333,-1.21632880494471E-16));
#11092=DIRECTION('ref_axis',(-0.11635369362333,-0.993207842286904,-1.42492178464783E-17));
#11093=DIRECTION('',(-1.22464679914735E-16,0.,1.));
#11094=DIRECTION('',(-0.11635369362333,-0.993207842286904,-1.42492178464783E-17));
#11095=DIRECTION('center_axis',(-1.22464679914735E-16,0.,1.));
#11096=DIRECTION('ref_axis',(-0.619807732228523,0.784753703444421,-7.59045555360441E-17));
#11097=DIRECTION('center_axis',(1.22464679914735E-16,0.,-1.));
#11098=DIRECTION('ref_axis',(-0.619807732228523,0.784753703444421,-7.59045555360441E-17));
#11099=DIRECTION('',(1.22464679914735E-16,0.,-1.));
#11100=DIRECTION('',(-1.22464679914735E-16,0.,1.));
#11101=DIRECTION('center_axis',(-1.22464679914735E-16,0.,1.));
#11102=DIRECTION('ref_axis',(0.309016994374947,0.951056516295154,3.78436673043415E-17));
#11103=DIRECTION('',(1.22464679914735E-16,0.,-1.));
#11104=DIRECTION('center_axis',(-1.22464679914735E-16,0.,1.));
#11105=DIRECTION('ref_axis',(0.309016994374947,0.951056516295154,3.78436673043415E-17));
#11106=DIRECTION('center_axis',(-1.22464679914735E-16,0.,1.));
#11107=DIRECTION('ref_axis',(0.888166286392678,0.459522195019391,1.08768999974138E-16));
#11108=DIRECTION('center_axis',(1.22464679914735E-16,0.,-1.));
#11109=DIRECTION('ref_axis',(0.888166286392678,0.459522195019391,1.08768999974138E-16));
#11110=DIRECTION('',(-1.22464679914735E-16,0.,1.));
#11111=DIRECTION('center_axis',(0.951056516295154,-0.309016994374947,1.16470831848909E-16));
#11112=DIRECTION('ref_axis',(0.309016994374947,0.951056516295154,3.78436673043415E-17));
#11113=DIRECTION('',(-1.22464679914735E-16,0.,1.));
#11114=DIRECTION('',(0.309016994374947,0.951056516295154,3.78436673043415E-17));
#11115=DIRECTION('center_axis',(-1.22464679914735E-16,0.,1.));
#11116=DIRECTION('ref_axis',(0.462181074359616,-0.886785574140554,5.66008573340988E-17));
#11117=DIRECTION('center_axis',(1.22464679914735E-16,0.,-1.));
#11118=DIRECTION('ref_axis',(0.462181074359616,-0.886785574140554,5.66008573340988E-17));
#11119=DIRECTION('',(1.22464679914735E-16,0.,-1.));
#11120=DIRECTION('',(-1.22464679914735E-16,0.,1.));
#11121=DIRECTION('center_axis',(-1.22464679914735E-16,0.,1.));
#11122=DIRECTION('ref_axis',(0.309016994374947,0.951056516295154,3.78436673043415E-17));
#11123=DIRECTION('center_axis',(1.22464679914735E-16,0.,-1.));
#11124=DIRECTION('ref_axis',(0.309016994374947,0.951056516295154,3.78436673043415E-17));
#11125=DIRECTION('center_axis',(-0.993207842286907,0.116353693623311,-1.21632880494471E-16));
#11126=DIRECTION('ref_axis',(-0.116353693623311,-0.993207842286907,-1.4249217846476E-17));
#11127=DIRECTION('',(-0.116353693623311,-0.993207842286907,-1.4249217846476E-17));
#11128=DIRECTION('',(-1.22464679914735E-16,0.,1.));
#11129=DIRECTION('center_axis',(-1.22464679914735E-16,0.,1.));
#11130=DIRECTION('ref_axis',(0.309016994374947,0.951056516295154,3.78436673043415E-17));
#11131=DIRECTION('',(-1.22464679914735E-16,0.,1.));
#11132=DIRECTION('center_axis',(1.22464679914735E-16,0.,-1.));
#11133=DIRECTION('ref_axis',(0.309016994374947,0.951056516295154,3.78436673043415E-17));
#11134=DIRECTION('center_axis',(0.952878031593063,-0.303353682864293,1.16693903136827E-16));
#11135=DIRECTION('ref_axis',(0.303353682864293,0.952878031593063,3.71501116729318E-17));
#11136=DIRECTION('',(0.303353682864293,0.952878031593063,3.71501116729318E-17));
#11137=DIRECTION('center_axis',(-1.22464679914735E-16,0.,1.));
#11138=DIRECTION('ref_axis',(0.309016994374947,0.951056516295154,3.78436673043415E-17));
#11139=DIRECTION('center_axis',(1.22464679914735E-16,0.,-1.));
#11140=DIRECTION('ref_axis',(0.309016994374947,0.951056516295154,3.78436673043415E-17));
#11141=DIRECTION('center_axis',(1.22464679914735E-16,0.,-1.));
#11142=DIRECTION('ref_axis',(0.309016994374947,0.951056516295154,3.78436673043415E-17));
#11143=DIRECTION('center_axis',(-1.22464679914735E-16,0.,1.));
#11144=DIRECTION('ref_axis',(-0.896470794735673,-0.443102825748145,-1.09786008930213E-16));
#11145=DIRECTION('center_axis',(1.22464679914735E-16,0.,-1.));
#11146=DIRECTION('ref_axis',(-0.896470794735673,-0.443102825748145,-1.09786008930213E-16));
#11147=DIRECTION('',(1.22464679914735E-16,0.,-1.));
#11148=DIRECTION('',(-1.22464679914735E-16,0.,1.));
#11149=DIRECTION('center_axis',(-0.947312574788818,0.320310608077505,-1.16012331250716E-16));
#11150=DIRECTION('ref_axis',(-0.320310608077505,-0.947312574788818,-3.92267360915059E-17));
#11151=DIRECTION('',(-1.22464679914735E-16,0.,1.));
#11152=DIRECTION('',(-0.320310608077505,-0.947312574788818,-3.92267360915059E-17));
#11153=DIRECTION('center_axis',(-1.22464679914735E-16,0.,1.));
#11154=DIRECTION('ref_axis',(-0.443103976836964,0.896470225780682,-5.42645866922851E-17));
#11155=DIRECTION('center_axis',(1.22464679914735E-16,0.,-1.));
#11156=DIRECTION('ref_axis',(-0.443103976836964,0.896470225780682,-5.42645866922851E-17));
#11157=DIRECTION('',(1.22464679914735E-16,0.,-1.));
#11158=DIRECTION('',(-1.22464679914735E-16,0.,1.));
#11159=DIRECTION('center_axis',(-1.22464679914735E-16,0.,1.));
#11160=DIRECTION('ref_axis',(0.499999999999999,0.866025403784439,6.12323399573676E-17));
#11161=DIRECTION('',(1.22464679914735E-16,0.,-1.));
#11162=DIRECTION('center_axis',(-1.22464679914735E-16,0.,1.));
#11163=DIRECTION('ref_axis',(0.499999999999999,0.866025403784439,6.12323399573676E-17));
#11164=DIRECTION('center_axis',(-1.22464679914735E-16,0.,1.));
#11165=DIRECTION('ref_axis',(0.964297758622422,0.264820378210918,1.18092416352192E-16));
#11166=DIRECTION('center_axis',(1.22464679914735E-16,0.,-1.));
#11167=DIRECTION('ref_axis',(0.964297758622422,0.264820378210918,1.18092416352192E-16));
#11168=DIRECTION('',(-1.22464679914735E-16,0.,1.));
#11169=DIRECTION('center_axis',(0.866025403784439,-0.499999999999999,1.06057523872491E-16));
#11170=DIRECTION('ref_axis',(0.499999999999999,0.866025403784439,6.12323399573676E-17));
#11171=DIRECTION('',(-1.22464679914735E-16,0.,1.));
#11172=DIRECTION('',(0.499999999999999,0.866025403784439,6.12323399573676E-17));
#11173=DIRECTION('center_axis',(-1.22464679914735E-16,0.,1.));
#11174=DIRECTION('ref_axis',(0.267708220877072,-0.963500030345009,3.27848015802538E-17));
#11175=DIRECTION('center_axis',(1.22464679914735E-16,0.,-1.));
#11176=DIRECTION('ref_axis',(0.267708220877072,-0.963500030345009,3.27848015802538E-17));
#11177=DIRECTION('',(1.22464679914735E-16,0.,-1.));
#11178=DIRECTION('',(-1.22464679914735E-16,0.,1.));
#11179=DIRECTION('center_axis',(-1.22464679914735E-16,0.,1.));
#11180=DIRECTION('ref_axis',(0.499999999999999,0.866025403784439,6.12323399573676E-17));
#11181=DIRECTION('center_axis',(1.22464679914735E-16,0.,-1.));
#11182=DIRECTION('ref_axis',(0.499999999999999,0.866025403784439,6.12323399573676E-17));
#11183=DIRECTION('center_axis',(-0.947312574788824,0.320310608077487,-1.16012331250717E-16));
#11184=DIRECTION('ref_axis',(-0.320310608077487,-0.947312574788824,-3.92267360915037E-17));
#11185=DIRECTION('',(-0.320310608077487,-0.947312574788824,-3.92267360915036E-17));
#11186=DIRECTION('',(-1.22464679914735E-16,0.,1.));
#11187=DIRECTION('center_axis',(-1.22464679914735E-16,0.,1.));
#11188=DIRECTION('ref_axis',(0.499999999999999,0.866025403784439,6.12323399573676E-17));
#11189=DIRECTION('',(-1.22464679914735E-16,0.,1.));
#11190=DIRECTION('center_axis',(1.22464679914735E-16,0.,-1.));
#11191=DIRECTION('ref_axis',(0.499999999999999,0.866025403784439,6.12323399573676E-17));
#11192=DIRECTION('center_axis',(0.868984583274597,-0.494839159759083,1.06419918841563E-16));
#11193=DIRECTION('ref_axis',(0.494839159759083,0.868984583274597,6.06003193091727E-17));
#11194=DIRECTION('',(0.494839159759083,0.868984583274597,6.06003193091727E-17));
#11195=DIRECTION('center_axis',(-1.22464679914735E-16,0.,1.));
#11196=DIRECTION('ref_axis',(0.499999999999999,0.866025403784439,6.12323399573676E-17));
#11197=DIRECTION('center_axis',(1.22464679914735E-16,0.,-1.));
#11198=DIRECTION('ref_axis',(0.499999999999999,0.866025403784439,6.12323399573676E-17));
#11199=DIRECTION('center_axis',(1.22464679914735E-16,0.,-1.));
#11200=DIRECTION('ref_axis',(0.499999999999999,0.866025403784439,6.12323399573676E-17));
#11201=DIRECTION('center_axis',(-1.22464679914735E-16,0.,1.));
#11202=DIRECTION('ref_axis',(-0.96900701470605,-0.247033207181683,-1.1866913389111E-16));
#11203=DIRECTION('center_axis',(1.22464679914735E-16,0.,-1.));
#11204=DIRECTION('ref_axis',(-0.96900701470605,-0.247033207181683,-1.1866913389111E-16));
#11205=DIRECTION('',(1.22464679914735E-16,0.,-1.));
#11206=DIRECTION('',(-1.22464679914735E-16,0.,1.));
#11207=DIRECTION('center_axis',(-0.860015202062387,0.510268411937866,-1.05321486442377E-16));
#11208=DIRECTION('ref_axis',(-0.510268411937866,-0.860015202062387,-6.24898577385711E-17));
#11209=DIRECTION('',(-1.22464679914735E-16,0.,1.));
#11210=DIRECTION('',(-0.510268411937866,-0.860015202062387,-6.24898577385711E-17));
#11211=DIRECTION('center_axis',(-1.22464679914735E-16,0.,1.));
#11212=DIRECTION('ref_axis',(-0.247034451408844,0.969006697508914,-3.02529950196963E-17));
#11213=DIRECTION('center_axis',(1.22464679914735E-16,0.,-1.));
#11214=DIRECTION('ref_axis',(-0.247034451408844,0.969006697508914,-3.02529950196963E-17));
#11215=DIRECTION('',(1.22464679914735E-16,0.,-1.));
#11216=DIRECTION('',(-1.22464679914735E-16,0.,1.));
#11217=DIRECTION('center_axis',(-1.22464679914735E-16,0.,1.));
#11218=DIRECTION('ref_axis',(0.669130606358858,0.743144825477395,8.19448655288903E-17));
#11219=DIRECTION('',(1.22464679914735E-16,0.,-1.));
#11220=DIRECTION('center_axis',(-1.22464679914735E-16,0.,1.));
#11221=DIRECTION('ref_axis',(0.669130606358858,0.743144825477395,8.19448655288903E-17));
#11222=DIRECTION('center_axis',(-1.22464679914735E-16,0.,1.));
#11223=DIRECTION('ref_axis',(0.998284791586339,0.0585446401254646,1.22254627465369E-16));
#11224=DIRECTION('center_axis',(1.22464679914735E-16,0.,-1.));
#11225=DIRECTION('ref_axis',(0.998284791586339,0.0585446401254646,1.22254627465369E-16));
#11226=DIRECTION('',(-1.22464679914735E-16,0.,1.));
#11227=DIRECTION('center_axis',(0.743144825477395,-0.669130606358858,9.1008993182381E-17));
#11228=DIRECTION('ref_axis',(0.669130606358858,0.743144825477395,8.19448655288903E-17));
#11229=DIRECTION('',(-1.22464679914735E-16,0.,1.));
#11230=DIRECTION('',(0.669130606358858,0.743144825477395,8.19448655288903E-17));
#11231=DIRECTION('center_axis',(-1.22464679914735E-16,0.,1.));
#11232=DIRECTION('ref_axis',(0.0615352335356298,-0.998104911837286,7.53589267841939E-18));
#11233=DIRECTION('center_axis',(1.22464679914735E-16,0.,-1.));
#11234=DIRECTION('ref_axis',(0.0615352335356298,-0.998104911837286,7.53589267841939E-18));
#11235=DIRECTION('',(1.22464679914735E-16,0.,-1.));
#11236=DIRECTION('',(-1.22464679914735E-16,0.,1.));
#11237=DIRECTION('center_axis',(-1.22464679914735E-16,0.,1.));
#11238=DIRECTION('ref_axis',(0.669130606358858,0.743144825477395,8.19448655288903E-17));
#11239=DIRECTION('center_axis',(1.22464679914735E-16,0.,-1.));
#11240=DIRECTION('ref_axis',(0.669130606358858,0.743144825477395,8.19448655288903E-17));
#11241=DIRECTION('center_axis',(-0.860015202062397,0.51026841193785,-1.05321486442378E-16));
#11242=DIRECTION('ref_axis',(-0.51026841193785,-0.860015202062397,-6.24898577385691E-17));
#11243=DIRECTION('',(-0.51026841193785,-0.860015202062397,-6.24898577385691E-17));
#11244=DIRECTION('',(-1.22464679914735E-16,0.,1.));
#11245=DIRECTION('center_axis',(-1.22464679914735E-16,0.,1.));
#11246=DIRECTION('ref_axis',(0.669130606358858,0.743144825477395,8.19448655288903E-17));
#11247=DIRECTION('',(-1.22464679914735E-16,0.,1.));
#11248=DIRECTION('center_axis',(1.22464679914735E-16,0.,-1.));
#11249=DIRECTION('ref_axis',(0.669130606358858,0.743144825477395,8.19448655288903E-17));
#11250=DIRECTION('center_axis',(0.747112338816362,-0.664697790870667,9.14948734334951E-17));
#11251=DIRECTION('ref_axis',(0.664697790870667,0.747112338816362,8.1402002199008E-17));
#11252=DIRECTION('',(0.664697790870667,0.747112338816362,8.1402002199008E-17));
#11253=DIRECTION('center_axis',(-1.22464679914735E-16,0.,1.));
#11254=DIRECTION('ref_axis',(0.669130606358858,0.743144825477395,8.19448655288903E-17));
#11255=DIRECTION('center_axis',(1.22464679914735E-16,0.,-1.));
#11256=DIRECTION('ref_axis',(0.669130606358858,0.743144825477395,8.19448655288903E-17));
#11257=DIRECTION('center_axis',(1.22464679914735E-16,0.,-1.));
#11258=DIRECTION('ref_axis',(0.669130606358858,0.743144825477395,8.19448655288903E-17));
#11259=DIRECTION('center_axis',(-1.22464679914735E-16,0.,1.));
#11260=DIRECTION('ref_axis',(-0.999192978322228,-0.0401670520645358,-1.22365848263283E-16));
#11261=DIRECTION('center_axis',(1.22464679914735E-16,0.,-1.));
#11262=DIRECTION('ref_axis',(-0.999192978322228,-0.0401670520645358,-1.22365848263283E-16));
#11263=DIRECTION('',(1.22464679914735E-16,0.,-1.));
#11264=DIRECTION('',(-1.22464679914735E-16,0.,1.));
#11265=DIRECTION('center_axis',(-0.735131038195028,0.677925037657041,-9.00275872879412E-17));
#11266=DIRECTION('ref_axis',(-0.677925037657041,-0.735131038195028,-8.30218727428544E-17));
#11267=DIRECTION('',(-1.22464679914735E-16,0.,1.));
#11268=DIRECTION('',(-0.677925037657041,-0.735131038195028,-8.30218727428544E-17));
#11269=DIRECTION('center_axis',(-1.22464679914735E-16,0.,1.));
#11270=DIRECTION('ref_axis',(-0.0401683350513405,0.999192926745983,-4.91920229477026E-18));
#11271=DIRECTION('center_axis',(1.22464679914735E-16,0.,-1.));
#11272=DIRECTION('ref_axis',(-0.0401683350513405,0.999192926745983,-4.91920229477026E-18));
#11273=DIRECTION('',(1.22464679914735E-16,0.,-1.));
#11274=DIRECTION('',(-1.22464679914735E-16,0.,1.));
#11275=DIRECTION('center_axis',(-1.22464679914735E-16,0.,1.));
#11276=DIRECTION('ref_axis',(0.809016994374947,0.587785252292473,9.90760072617091E-17));
#11277=DIRECTION('',(1.22464679914735E-16,0.,-1.));
#11278=DIRECTION('center_axis',(-1.22464679914735E-16,0.,1.));
#11279=DIRECTION('ref_axis',(0.809016994374947,0.587785252292473,9.90760072617091E-17));
#11280=DIRECTION('center_axis',(-1.22464679914735E-16,0.,1.));
#11281=DIRECTION('ref_axis',(0.988641988856027,-0.150289779661823,1.21073724715521E-16));
#11282=DIRECTION('center_axis',(1.22464679914735E-16,0.,-1.));
#11283=DIRECTION('ref_axis',(0.988641988856027,-0.150289779661823,1.21073724715521E-16));
#11284=DIRECTION('',(-1.22464679914735E-16,0.,1.));
#11285=DIRECTION('center_axis',(0.587785252292473,-0.809016994374947,7.19829327805997E-17));
#11286=DIRECTION('ref_axis',(0.809016994374947,0.587785252292473,9.90760072617092E-17));
#11287=DIRECTION('',(-1.22464679914735E-16,0.,1.));
#11288=DIRECTION('',(0.809016994374947,0.587785252292473,9.90760072617092E-17));
#11289=DIRECTION('center_axis',(-1.22464679914735E-16,0.,1.));
#11290=DIRECTION('ref_axis',(-0.14732713879013,-0.989087819243526,-1.80423708946871E-17));
#11291=DIRECTION('center_axis',(1.22464679914735E-16,0.,-1.));
#11292=DIRECTION('ref_axis',(-0.14732713879013,-0.989087819243526,-1.80423708946871E-17));
#11293=DIRECTION('',(1.22464679914735E-16,0.,-1.));
#11294=DIRECTION('',(-1.22464679914735E-16,0.,1.));
#11295=DIRECTION('center_axis',(-1.22464679914735E-16,0.,1.));
#11296=DIRECTION('ref_axis',(0.809016994374947,0.587785252292473,9.90760072617091E-17));
#11297=DIRECTION('center_axis',(1.22464679914735E-16,0.,-1.));
#11298=DIRECTION('ref_axis',(0.809016994374947,0.587785252292473,9.90760072617091E-17));
#11299=DIRECTION('center_axis',(-0.735131038195041,0.677925037657027,-9.00275872879427E-17));
#11300=DIRECTION('ref_axis',(-0.677925037657027,-0.735131038195041,-8.30218727428527E-17));
#11301=DIRECTION('',(-0.677925037657027,-0.735131038195041,-8.30218727428527E-17));
#11302=DIRECTION('',(-1.22464679914735E-16,0.,1.));
#11303=DIRECTION('center_axis',(-1.22464679914735E-16,0.,1.));
#11304=DIRECTION('ref_axis',(0.809016994374947,0.587785252292473,9.90760072617092E-17));
#11305=DIRECTION('',(-1.22464679914735E-16,0.,1.));
#11306=DIRECTION('center_axis',(1.22464679914735E-16,0.,-1.));
#11307=DIRECTION('ref_axis',(0.809016994374947,0.587785252292473,9.90760072617092E-17));
#11308=DIRECTION('center_axis',(0.592587700109097,-0.805505938947325,7.25710630152697E-17));
#11309=DIRECTION('ref_axis',(0.805505938947325,0.592587700109097,9.86460269826025E-17));
#11310=DIRECTION('',(0.805505938947325,0.592587700109097,9.86460269826025E-17));
#11311=DIRECTION('center_axis',(-1.22464679914735E-16,0.,1.));
#11312=DIRECTION('ref_axis',(0.809016994374947,0.587785252292473,9.90760072617092E-17));
#11313=DIRECTION('center_axis',(1.22464679914735E-16,0.,-1.));
#11314=DIRECTION('ref_axis',(0.809016994374947,0.587785252292473,9.90760072617092E-17));
#11315=DIRECTION('center_axis',(1.22464679914735E-16,0.,-1.));
#11316=DIRECTION('ref_axis',(0.809016994374947,0.587785252292473,9.90760072617092E-17));
#11317=DIRECTION('center_axis',(-1.22464679914735E-16,0.,1.));
#11318=DIRECTION('ref_axis',(-0.985709414125856,0.168454595970731,-1.20714587889864E-16));
#11319=DIRECTION('center_axis',(1.22464679914735E-16,0.,-1.));
#11320=DIRECTION('ref_axis',(-0.985709414125856,0.168454595970731,-1.20714587889864E-16));
#11321=DIRECTION('',(1.22464679914735E-16,0.,-1.));
#11322=DIRECTION('',(-1.22464679914735E-16,0.,1.));
#11323=DIRECTION('center_axis',(-0.57811812040845,0.815953086185352,-7.07990505687293E-17));
#11324=DIRECTION('ref_axis',(-0.815953086185352,-0.57811812040845,-9.99254335251296E-17));
#11325=DIRECTION('',(-1.22464679914735E-16,0.,1.));
#11326=DIRECTION('',(-0.815953086185352,-0.57811812040845,-9.99254335251296E-17));
#11327=DIRECTION('center_axis',(-1.22464679914735E-16,0.,1.));
#11328=DIRECTION('ref_axis',(0.168453330296962,0.985709630424631,2.06295831753886E-17));
#11329=DIRECTION('center_axis',(1.22464679914735E-16,0.,-1.));
#11330=DIRECTION('ref_axis',(0.168453330296962,0.985709630424631,2.06295831753886E-17));
#11331=DIRECTION('',(1.22464679914735E-16,0.,-1.));
#11332=DIRECTION('',(-1.22464679914735E-16,0.,1.));
#11333=DIRECTION('center_axis',(-1.22464679914735E-16,0.,1.));
#11334=DIRECTION('ref_axis',(0.913545457642601,0.406736643075801,1.11877052057761E-16));
#11335=DIRECTION('',(1.22464679914735E-16,0.,-1.));
#11336=DIRECTION('center_axis',(-1.22464679914735E-16,0.,1.));
#11337=DIRECTION('ref_axis',(0.913545457642601,0.406736643075801,1.11877052057761E-16));
#11338=DIRECTION('center_axis',(-1.22464679914735E-16,0.,1.));
#11339=DIRECTION('ref_axis',(0.935790787182103,-0.352555814907513,1.14601319219414E-16));
#11340=DIRECTION('center_axis',(1.22464679914735E-16,0.,-1.));
#11341=DIRECTION('ref_axis',(0.935790787182103,-0.352555814907513,1.14601319219414E-16));
#11342=DIRECTION('',(-1.22464679914735E-16,0.,1.));
#11343=DIRECTION('center_axis',(0.406736643075801,-0.913545457642601,4.98108728038719E-17));
#11344=DIRECTION('ref_axis',(0.913545457642601,0.406736643075801,1.11877052057761E-16));
#11345=DIRECTION('',(-1.22464679914735E-16,0.,1.));
#11346=DIRECTION('',(0.913545457642601,0.406736643075801,1.11877052057761E-16));
#11347=DIRECTION('center_axis',(-1.22464679914735E-16,0.,1.));
#11348=DIRECTION('ref_axis',(-0.349750608196714,-0.936842842778888,-4.28320962827945E-17));
#11349=DIRECTION('center_axis',(1.22464679914735E-16,0.,-1.));
#11350=DIRECTION('ref_axis',(-0.349750608196714,-0.936842842778888,-4.28320962827945E-17));
#11351=DIRECTION('',(1.22464679914735E-16,0.,-1.));
#11352=DIRECTION('',(-1.22464679914735E-16,0.,1.));
#11353=DIRECTION('center_axis',(-1.22464679914735E-16,0.,1.));
#11354=DIRECTION('ref_axis',(0.9135454576426,0.406736643075801,1.11877052057761E-16));
#11355=DIRECTION('center_axis',(1.22464679914735E-16,0.,-1.));
#11356=DIRECTION('ref_axis',(0.9135454576426,0.406736643075801,1.11877052057761E-16));
#11357=DIRECTION('center_axis',(-0.578118120408466,0.815953086185341,-7.07990505687312E-17));
#11358=DIRECTION('ref_axis',(-0.815953086185341,-0.578118120408466,-9.99254335251282E-17));
#11359=DIRECTION('',(-0.815953086185341,-0.578118120408466,-9.99254335251282E-17));
#11360=DIRECTION('',(-1.22464679914735E-16,0.,1.));
#11361=DIRECTION('center_axis',(-1.22464679914735E-16,0.,1.));
#11362=DIRECTION('ref_axis',(0.913545457642601,0.406736643075801,1.11877052057761E-16));
#11363=DIRECTION('',(-1.22464679914735E-16,0.,1.));
#11364=DIRECTION('center_axis',(1.22464679914735E-16,0.,-1.));
#11365=DIRECTION('ref_axis',(0.913545457642601,0.406736643075801,1.11877052057761E-16));
#11366=DIRECTION('center_axis',(0.412164135355792,-0.911109612245646,5.04755489086807E-17));
#11367=DIRECTION('ref_axis',(0.911109612245646,0.412164135355792,1.11578747030902E-16));
#11368=DIRECTION('',(0.911109612245646,0.412164135355792,1.11578747030902E-16));
#11369=DIRECTION('center_axis',(-1.22464679914735E-16,0.,1.));
#11370=DIRECTION('ref_axis',(0.913545457642601,0.406736643075801,1.11877052057761E-16));
#11371=DIRECTION('center_axis',(1.22464679914735E-16,0.,-1.));
#11372=DIRECTION('ref_axis',(0.913545457642601,0.406736643075801,1.11877052057761E-16));
#11373=DIRECTION('center_axis',(1.22464679914735E-16,0.,-1.));
#11374=DIRECTION('ref_axis',(0.913545457642601,0.406736643075801,1.11877052057761E-16));
#11375=DIRECTION('center_axis',(-1.22464679914735E-16,0.,1.));
#11376=DIRECTION('ref_axis',(-0.929145618573634,0.369713969827243,-1.13787520772799E-16));
#11377=DIRECTION('center_axis',(1.22464679914735E-16,0.,-1.));
#11378=DIRECTION('ref_axis',(-0.929145618573634,0.369713969827243,-1.13787520772799E-16));
#11379=DIRECTION('',(1.22464679914735E-16,0.,-1.));
#11380=DIRECTION('',(-1.22464679914735E-16,0.,1.));
#11381=DIRECTION('center_axis',(-0.395838666641497,0.918320069470052,-4.84762556081266E-17));
#11382=DIRECTION('ref_axis',(-0.918320069470052,-0.395838666641497,-1.12461773366927E-16));
#11383=DIRECTION('',(-1.22464679914735E-16,0.,1.));
#11384=DIRECTION('',(-0.918320069470052,-0.395838666641497,-1.12461773366927E-16));
#11385=DIRECTION('center_axis',(-1.22464679914735E-16,0.,1.));
#11386=DIRECTION('ref_axis',(0.369712776782527,0.929146093294135,4.52767568690601E-17));
#11387=DIRECTION('center_axis',(1.22464679914735E-16,0.,-1.));
#11388=DIRECTION('ref_axis',(0.369712776782527,0.929146093294135,4.52767568690601E-17));
#11389=DIRECTION('',(1.22464679914735E-16,0.,-1.));
#11390=DIRECTION('',(-1.22464679914735E-16,0.,1.));
#11391=DIRECTION('center_axis',(-1.22464679914735E-16,0.,1.));
#11392=DIRECTION('ref_axis',(0.978147600733805,0.20791169081776,1.19788532833232E-16));
#11393=DIRECTION('',(1.22464679914735E-16,0.,-1.));
#11394=DIRECTION('center_axis',(-1.22464679914735E-16,0.,1.));
#11395=DIRECTION('ref_axis',(0.978147600733805,0.20791169081776,1.19788532833232E-16));
#11396=DIRECTION('center_axis',(-1.22464679914735E-16,0.,1.));
#11397=DIRECTION('ref_axis',(0.842041037685919,-0.539413469291249,1.03120286155278E-16));
#11398=DIRECTION('center_axis',(1.22464679914735E-16,0.,-1.));
#11399=DIRECTION('ref_axis',(0.842041037685919,-0.539413469291249,1.03120286155278E-16));
#11400=DIRECTION('',(-1.22464679914735E-16,0.,1.));
#11401=DIRECTION('center_axis',(0.20791169081776,-0.978147600733806,2.54618386665284E-17));
#11402=DIRECTION('ref_axis',(0.978147600733805,0.20791169081776,1.19788532833232E-16));
#11403=DIRECTION('',(-1.22464679914735E-16,0.,1.));
#11404=DIRECTION('',(0.978147600733805,0.20791169081776,1.19788532833232E-16));
#11405=DIRECTION('center_axis',(-1.22464679914735E-16,0.,1.));
#11406=DIRECTION('ref_axis',(-0.53688829773548,-0.843653338614089,-6.57498535321427E-17));
#11407=DIRECTION('center_axis',(1.22464679914735E-16,0.,-1.));
#11408=DIRECTION('ref_axis',(-0.53688829773548,-0.843653338614089,-6.57498535321427E-17));
#11409=DIRECTION('',(1.22464679914735E-16,0.,-1.));
#11410=DIRECTION('',(-1.22464679914735E-16,0.,1.));
#11411=DIRECTION('center_axis',(-1.22464679914735E-16,0.,1.));
#11412=DIRECTION('ref_axis',(0.978147600733806,0.20791169081776,1.19788532833232E-16));
#11413=DIRECTION('center_axis',(1.22464679914735E-16,0.,-1.));
#11414=DIRECTION('ref_axis',(0.978147600733806,0.20791169081776,1.19788532833232E-16));
#11415=DIRECTION('center_axis',(-0.395838666641515,0.918320069470045,-4.84762556081287E-17));
#11416=DIRECTION('ref_axis',(-0.918320069470045,-0.395838666641515,-1.12461773366927E-16));
#11417=DIRECTION('',(-0.918320069470045,-0.395838666641515,-1.12461773366927E-16));
#11418=DIRECTION('',(-1.22464679914735E-16,0.,1.));
#11419=DIRECTION('center_axis',(-1.22464679914735E-16,0.,1.));
#11420=DIRECTION('ref_axis',(0.978147600733806,0.20791169081776,1.19788532833232E-16));
#11421=DIRECTION('',(-1.22464679914735E-16,0.,1.));
#11422=DIRECTION('center_axis',(1.22464679914735E-16,0.,-1.));
#11423=DIRECTION('ref_axis',(0.978147600733806,0.20791169081776,1.19788532833232E-16));
#11424=DIRECTION('center_axis',(0.213727020104486,-0.97689342349985,2.61740111062261E-17));
#11425=DIRECTION('ref_axis',(0.97689342349985,0.213727020104486,1.19634940419719E-16));
#11426=DIRECTION('',(0.97689342349985,0.213727020104486,1.19634940419719E-16));
#11427=DIRECTION('center_axis',(-1.22464679914735E-16,0.,1.));
#11428=DIRECTION('ref_axis',(0.978147600733806,0.20791169081776,1.19788532833232E-16));
#11429=DIRECTION('center_axis',(1.22464679914735E-16,0.,-1.));
#11430=DIRECTION('ref_axis',(0.978147600733806,0.20791169081776,1.19788532833232E-16));
#11431=DIRECTION('center_axis',(1.22464679914735E-16,0.,-1.));
#11432=DIRECTION('ref_axis',(0.978147600733805,0.20791169081776,1.19788532833232E-16));
#11433=CARTESIAN_POINT('',(0.,0.,0.));
#11434=CARTESIAN_POINT('Origin',(9.07463688337035,173.209669156462,2.35));
#11435=CARTESIAN_POINT('',(9.22463688337035,174.242119116963,2.2));
#11436=CARTESIAN_POINT('',(8.92463688337035,174.253696823052,2.5));
#11437=CARTESIAN_POINT('Origin',(5.71231844168516,5.18423057794031E-16,
5.71231844168519));
#11438=CARTESIAN_POINT('',(8.92463688337035,178.259223762755,2.5));
#11439=CARTESIAN_POINT('',(8.92463688337035,173.209669156462,2.5));
#11440=CARTESIAN_POINT('',(9.22463688337035,178.24790622717,2.2));
#11441=CARTESIAN_POINT('Origin',(5.71231844168516,5.18423057794031E-16,
5.71231844168519));
#11442=CARTESIAN_POINT('',(9.22463688337035,173.209669156462,2.2));
#11443=CARTESIAN_POINT('Origin',(-6.66133814775094E-14,175.975959544373,
2.5));
#11444=CARTESIAN_POINT('',(-8.92463688337049,174.253696823052,2.5));
#11445=CARTESIAN_POINT('Origin',(0.,0.,2.5));
#11446=CARTESIAN_POINT('',(-8.92463688337049,178.259223762755,2.5));
#11447=CARTESIAN_POINT('',(-8.92463688337049,178.742249932284,2.5));
#11448=CARTESIAN_POINT('Origin',(0.,0.,2.5));
#11449=CARTESIAN_POINT('Origin',(-9.07463688337049,178.742249932284,2.35));
#11450=CARTESIAN_POINT('',(-9.22463688337049,178.24790622717,2.2));
#11451=CARTESIAN_POINT('Origin',(-5.71231844168523,-5.73145491672296E-16,
5.71231844168523));
#11452=CARTESIAN_POINT('',(-9.22463688337049,174.242119116963,2.2));
#11453=CARTESIAN_POINT('Origin',(-5.71231844168523,-5.73145491672296E-16,
5.71231844168523));
#11454=CARTESIAN_POINT('',(-9.22463688337049,178.742249932284,2.2));
#11455=CARTESIAN_POINT('Origin',(9.07463688337046,-178.742249932284,2.35));
#11456=CARTESIAN_POINT('',(9.22463688337047,-178.24790622717,2.2));
#11457=CARTESIAN_POINT('',(8.92463688337046,-178.259223762755,2.5));
#11458=CARTESIAN_POINT('Origin',(5.71231844168523,0.,5.71231844168523));
#11459=CARTESIAN_POINT('',(8.92463688337046,-174.253696823052,2.5));
#11460=CARTESIAN_POINT('',(8.92463688337046,-178.742249932284,2.5));
#11461=CARTESIAN_POINT('',(9.22463688337047,-174.242119116963,2.2));
#11462=CARTESIAN_POINT('Origin',(5.71231844168523,0.,5.71231844168523));
#11463=CARTESIAN_POINT('',(9.22463688337047,-178.742249932284,2.2));
#11464=CARTESIAN_POINT('Origin',(4.44089209850063E-14,-175.975959544373,
2.5));
#11465=CARTESIAN_POINT('',(-8.92463688337038,-178.259223762755,2.5));
#11466=CARTESIAN_POINT('Origin',(0.,0.,2.5));
#11467=CARTESIAN_POINT('',(-8.92463688337038,-174.253696823052,2.5));
#11468=CARTESIAN_POINT('',(-8.92463688337038,-173.209669156462,2.5));
#11469=CARTESIAN_POINT('Origin',(0.,0.,2.5));
#11470=CARTESIAN_POINT('Origin',(-9.07463688337038,-173.209669156462,2.35));
#11471=CARTESIAN_POINT('',(-9.22463688337038,-174.242119116963,2.2));
#11472=CARTESIAN_POINT('Origin',(-5.71231844168518,0.,5.71231844168519));
#11473=CARTESIAN_POINT('',(-9.22463688337038,-178.24790622717,2.2));
#11474=CARTESIAN_POINT('Origin',(-5.71231844168518,0.,5.71231844168519));
#11475=CARTESIAN_POINT('',(-9.22463688337038,-173.209669156462,2.2));
#11476=CARTESIAN_POINT('Origin',(-3.0616138558388E-17,0.,0.249999743433814));
#11477=CARTESIAN_POINT('',(9.22463688337035,174.255289948062,0.49999948686764));
#11478=CARTESIAN_POINT('',(9.22463688337036,174.756705377419,-9.80028047913851E-15));
#11479=CARTESIAN_POINT('Ctrl Pts',(9.22463688337035,174.255289948062,0.49999948686764));
#11480=CARTESIAN_POINT('Ctrl Pts',(9.22463688337035,174.505638487467,0.250358905273646));
#11481=CARTESIAN_POINT('Ctrl Pts',(9.22463688337035,174.756705377419,-9.85322934354826E-15));
#11482=CARTESIAN_POINT('',(9.22463688337047,-174.756705377419,-9.8002804791385E-15));
#11483=CARTESIAN_POINT('Origin',(1.34044724129352E-30,0.,-1.09634523681734E-14));
#11484=CARTESIAN_POINT('',(9.22463688337047,-174.255289948062,0.49999948686764));
#11485=CARTESIAN_POINT('Ctrl Pts',(9.22463688337047,-174.756705377419,-9.81853487402873E-15));
#11486=CARTESIAN_POINT('Ctrl Pts',(9.22463688337047,-174.505638486946,0.250358905793044));
#11487=CARTESIAN_POINT('Ctrl Pts',(9.22463688337047,-174.255289948062,0.49999948686764));
#11488=CARTESIAN_POINT('Origin',(-6.12322771167773E-17,0.,0.499999486867639));
#11489=CARTESIAN_POINT('Origin',(0.,0.,0.));
#11490=CARTESIAN_POINT('Origin',(9.22463688337047,0.,0.));
#11491=CARTESIAN_POINT('',(-9.22463688337038,-174.255289948062,0.499999486867681));
#11492=CARTESIAN_POINT('Origin',(-9.22463688337038,0.,0.));
#11493=CARTESIAN_POINT('',(-156.176775877955,77.8383881955437,0.499999486867663));
#11494=CARTESIAN_POINT('Origin',(-6.12322771167826E-17,0.,0.499999486867682));
#11495=CARTESIAN_POINT('',(100.74762197359,-100.74762197359,100.74762197359));
#11496=CARTESIAN_POINT('Origin',(0.,0.,0.));
#11497=CARTESIAN_POINT('',(-9.22463688337049,174.255289948062,0.499999486867681));
#11498=CARTESIAN_POINT('Origin',(-6.12322771167826E-17,0.,0.499999486867682));
#11499=CARTESIAN_POINT('Origin',(-9.22463688337047,-9.25553975323896E-16,
0.));
#11500=CARTESIAN_POINT('Origin',(9.22463688337037,8.37184500292962E-16,
0.));
#11501=CARTESIAN_POINT('Origin',(9.22463688337047,-181.508540320195,-1.04302514325736E-44));
#11502=CARTESIAN_POINT('',(9.22463688337047,-177.760811413455,-9.8002804791385E-15));
#11503=CARTESIAN_POINT('',(9.22463688337047,-90.7542701600973,-9.8002804791385E-15));
#11504=CARTESIAN_POINT('',(9.22463688337047,-178.260781090122,0.499999509607525));
#11505=CARTESIAN_POINT('Ctrl Pts',(9.22463688337047,-178.260781090122,0.499999509607525));
#11506=CARTESIAN_POINT('Ctrl Pts',(9.22463688337047,-178.010446124378,0.249648666238795));
#11507=CARTESIAN_POINT('Ctrl Pts',(9.22463688337047,-177.760811413455,-9.78384040450919E-15));
#11508=CARTESIAN_POINT('Origin',(9.22463688337047,0.,0.));
#11509=CARTESIAN_POINT('Origin',(-3.06161399508044E-17,0.,0.249999754803757));
#11510=CARTESIAN_POINT('',(9.22463688337036,177.760811413455,-9.80028047913851E-15));
#11511=CARTESIAN_POINT('Origin',(1.34044724129352E-30,0.,-1.09634523681734E-14));
#11512=CARTESIAN_POINT('',(9.22463688337035,178.260781090122,0.499999509607525));
#11513=CARTESIAN_POINT('Ctrl Pts',(9.22463688337035,177.760811413455,-9.74914593498966E-15));
#11514=CARTESIAN_POINT('Ctrl Pts',(9.22463688337035,178.010446124458,0.249648666318902));
#11515=CARTESIAN_POINT('Ctrl Pts',(9.22463688337036,178.260781090122,0.499999509607525));
#11516=CARTESIAN_POINT('Origin',(-6.12322799016101E-17,0.,0.499999509607524));
#11517=CARTESIAN_POINT('Origin',(0.,0.,0.));
#11518=CARTESIAN_POINT('Origin',(9.22463688337037,8.37184500292962E-16,
0.));
#11519=CARTESIAN_POINT('',(-9.22463688337049,178.260781090122,0.499999509607523));
#11520=CARTESIAN_POINT('Origin',(-9.22463688337047,-9.25553975323896E-16,
0.));
#11521=CARTESIAN_POINT('',(-159.754501875623,79.6272511830079,0.499999509607504));
#11522=CARTESIAN_POINT('Origin',(-6.12322799016101E-17,0.,0.499999509607524));
#11523=CARTESIAN_POINT('',(103.057023050348,-103.057023050348,103.057023050348));
#11524=CARTESIAN_POINT('Origin',(0.,0.,0.));
#11525=CARTESIAN_POINT('',(-9.22463688337038,-178.260781090122,0.499999509607523));
#11526=CARTESIAN_POINT('Origin',(-6.12322799016101E-17,0.,0.499999509607524));
#11527=CARTESIAN_POINT('Origin',(-9.22463688337038,0.,0.));
#11528=CARTESIAN_POINT('Origin',(-3.06161399508044E-17,0.,0.249999754803757));
#11529=CARTESIAN_POINT('',(-9.22463688337048,177.760811413455,-1.20596648856418E-14));
#11530=CARTESIAN_POINT('Ctrl Pts',(-9.22463688337049,178.260781090122,0.499999509607523));
#11531=CARTESIAN_POINT('Ctrl Pts',(-9.22463688337049,178.010446124705,0.249648666566612));
#11532=CARTESIAN_POINT('Ctrl Pts',(-9.22463688337049,177.760811413455,-1.20736753927986E-14));
#11533=CARTESIAN_POINT('',(-9.22463688337038,-177.760811413455,-1.20596648856417E-14));
#11534=CARTESIAN_POINT('Origin',(1.34044724129352E-30,0.,-1.09634523681734E-14));
#11535=CARTESIAN_POINT('Ctrl Pts',(-9.22463688337038,-177.760811413455,
-1.20736753927986E-14));
#11536=CARTESIAN_POINT('Ctrl Pts',(-9.22463688337038,-178.010446124784,
0.24964866664565));
#11537=CARTESIAN_POINT('Ctrl Pts',(-9.22463688337038,-178.260781090122,
0.499999509607523));
#11538=CARTESIAN_POINT('Origin',(-9.22463688337038,-170.443378768552,-1.04302514325736E-44));
#11539=CARTESIAN_POINT('',(-9.22463688337038,-174.756705377419,-1.20596648856417E-14));
#11540=CARTESIAN_POINT('',(-9.22463688337038,-85.2216893842758,-1.20596648856417E-14));
#11541=CARTESIAN_POINT('Ctrl Pts',(-9.22463688337038,-174.255289948062,
0.499999486867681));
#11542=CARTESIAN_POINT('Ctrl Pts',(-9.22463688337038,-174.505638449707,
0.250358942926839));
#11543=CARTESIAN_POINT('Ctrl Pts',(-9.22463688337038,-174.756705377419,
-1.20736753927986E-14));
#11544=CARTESIAN_POINT('Origin',(-3.06161385583906E-17,0.,0.249999743433835));
#11545=CARTESIAN_POINT('',(-9.22463688337048,174.756705377419,-1.20596648856418E-14));
#11546=CARTESIAN_POINT('Origin',(1.34044724129352E-30,0.,-1.09634523681734E-14));
#11547=CARTESIAN_POINT('Ctrl Pts',(-9.22463688337049,174.756705377419,-1.196959198424E-14));
#11548=CARTESIAN_POINT('Ctrl Pts',(-9.22463688337049,174.505638448879,0.250358943752726));
#11549=CARTESIAN_POINT('Ctrl Pts',(-9.22463688337049,174.255289948062,0.499999486867681));
#11550=CARTESIAN_POINT('Origin',(-9.22463688337049,181.508540320195,-1.04302514325736E-44));
#11551=CARTESIAN_POINT('',(-9.22463688337047,90.7542701600973,-1.20596648856417E-14));
#11552=CARTESIAN_POINT('Origin',(89.25,0.,0.));
#11553=CARTESIAN_POINT('',(9.22463688337037,85.2216893842758,-9.80028047913851E-15));
#11554=CARTESIAN_POINT('',(161.66386755631,69.5758142369584,3.5527136788005E-14));
#11555=CARTESIAN_POINT('',(161.716138159849,69.70717795654,3.5527136788005E-14));
#11556=CARTESIAN_POINT('Origin',(161.755722026513,69.615345949593,3.5527136788005E-14));
#11557=CARTESIAN_POINT('',(171.683929874371,38.737942935733,3.5527136788005E-14));
#11558=CARTESIAN_POINT('Origin',(0.,0.,0.));
#11559=CARTESIAN_POINT('',(171.80285026381,38.6622637882329,3.5527136788005E-14));
#11560=CARTESIAN_POINT('Origin',(171.7814775618,38.7599531305829,3.5527136788005E-14));
#11561=CARTESIAN_POINT('',(172.194224787297,38.7478896186843,3.5527136788005E-14));
#11562=CARTESIAN_POINT('',(129.333775626247,29.370780653499,0.));
#11563=CARTESIAN_POINT('',(172.218664622536,38.7530844660305,3.5527136788005E-14));
#11564=CARTESIAN_POINT('Origin',(172.643051529517,36.6964134293346,3.5527136788005E-14));
#11565=CARTESIAN_POINT('',(172.584322576438,38.8308074634591,3.5527136788005E-14));
#11566=CARTESIAN_POINT('',(129.540865581713,29.6816382422691,0.));
#11567=CARTESIAN_POINT('',(172.661080040147,38.9506282281812,3.5527136788005E-14));
#11568=CARTESIAN_POINT('Origin',(172.563531407356,38.9286222235325,3.5527136788005E-14));
#11569=CARTESIAN_POINT('',(162.582232568686,69.9715488822538,3.5527136788005E-14));
#11570=CARTESIAN_POINT('Origin',(0.,0.,0.));
#11571=CARTESIAN_POINT('',(162.450794333339,70.0238489406798,3.5527136788005E-14));
#11572=CARTESIAN_POINT('Origin',(162.490378200003,69.9320169337328,3.5527136788005E-14));
#11573=CARTESIAN_POINT('',(162.083492261462,69.8655246622284,3.5527136788005E-14));
#11574=CARTESIAN_POINT('',(121.454381987631,52.3524882250461,0.));
#11575=CARTESIAN_POINT('',(162.060547266861,69.8556343022427,3.5527136788005E-14));
#11576=CARTESIAN_POINT('Origin',(161.240773273919,71.7890175028789,3.5527136788005E-14));
#11577=CARTESIAN_POINT('',(121.213329472962,52.2485833783937,0.));
#11578=CARTESIAN_POINT('',(143.665498997524,101.667223812753,0.));
#11579=CARTESIAN_POINT('',(143.689315309914,101.806584589447,0.));
#11580=CARTESIAN_POINT('Origin',(143.747127121955,101.724989280828,0.));
#11581=CARTESIAN_POINT('',(159.878152876597,73.5865220863684,3.5527136788005E-14));
#11582=CARTESIAN_POINT('Origin',(0.,0.,0.));
#11583=CARTESIAN_POINT('',(160.010209149721,73.5372216490566,3.5527136788005E-14));
#11584=CARTESIAN_POINT('Origin',(159.968992736186,73.6283326102811,3.5527136788005E-14));
#11585=CARTESIAN_POINT('',(160.375228589672,73.7023476885948,3.5527136788005E-14));
#11586=CARTESIAN_POINT('',(120.400993656352,55.6189625981968,0.));
#11587=CARTESIAN_POINT('',(160.398054286378,73.7125103435304,3.5527136788005E-14));
#11588=CARTESIAN_POINT('Origin',(161.240773273919,71.7890175028789,3.5527136788005E-14));
#11589=CARTESIAN_POINT('',(160.739562216865,73.8645594704437,3.5527136788005E-14));
#11590=CARTESIAN_POINT('',(120.538927272542,55.9660836256144,0.));
#11591=CARTESIAN_POINT('',(160.789730208042,73.9977206380373,3.5527136788005E-14));
#11592=CARTESIAN_POINT('Origin',(160.698888552557,73.9559140162079,3.5527136788005E-14));
#11593=CARTESIAN_POINT('',(144.481517671759,102.245249529087,0.));
#11594=CARTESIAN_POINT('Origin',(0.,0.,0.));
#11595=CARTESIAN_POINT('',(144.342077883632,102.269079160005,0.));
#11596=CARTESIAN_POINT('Origin',(144.399889695673,102.187483851387,0.));
#11597=CARTESIAN_POINT('',(144.015719711712,102.037848252095,3.5527136788005E-14));
#11598=CARTESIAN_POINT('',(107.915617994422,76.4602466660479,0.));
#11599=CARTESIAN_POINT('',(143.995332441761,102.023403487581,3.5527136788005E-14));
#11600=CARTESIAN_POINT('Origin',(142.791499507178,103.744097029622,0.));
#11601=CARTESIAN_POINT('',(107.7014360879,76.3084947536898,0.));
#11602=CARTESIAN_POINT('',(119.388258748997,129.315287854463,0.));
#11603=CARTESIAN_POINT('',(119.382579883103,129.456554953601,0.));
#11604=CARTESIAN_POINT('Origin',(119.456092986922,129.388762449835,0.));
#11605=CARTESIAN_POINT('',(141.08493341762,105.21901711452,0.));
#11606=CARTESIAN_POINT('Origin',(0.,0.,0.));
#11607=CARTESIAN_POINT('',(141.224354081619,105.198250053077,0.));
#11608=CARTESIAN_POINT('Origin',(141.165095311608,105.278800646971,0.));
#11609=CARTESIAN_POINT('',(141.547065336949,105.435659501411,3.5527136788005E-14));
#11610=CARTESIAN_POINT('',(106.206110515606,79.4363289879598,0.));
#11611=CARTESIAN_POINT('',(141.567279302646,105.45034580715,3.5527136788005E-14));
#11612=CARTESIAN_POINT('Origin',(142.791499507178,103.744097029622,0.));
#11613=CARTESIAN_POINT('',(141.86971167442,105.670075787089,0.));
#11614=CARTESIAN_POINT('',(106.268859431614,79.8045425994554,0.));
#11615=CARTESIAN_POINT('',(141.891097611118,105.810757575552,0.));
#11616=CARTESIAN_POINT('Origin',(141.810933149191,105.750977486526,0.));
#11617=CARTESIAN_POINT('',(120.066267153334,130.050342144357,0.));
#11618=CARTESIAN_POINT('Origin',(0.,0.,0.));
#11619=CARTESIAN_POINT('',(119.924920000275,130.044659878549,0.));
#11620=CARTESIAN_POINT('Origin',(119.998433104095,129.976867374783,0.));
#11621=CARTESIAN_POINT('',(119.653769146464,129.750628241425,3.5527136788005E-14));
#11622=CARTESIAN_POINT('',(89.6604236582687,97.2263254307733,0.));
#11623=CARTESIAN_POINT('',(119.63683062269,129.732260377907,3.5527136788005E-14));
#11624=CARTESIAN_POINT('Origin',(118.101552022338,131.16506169676,0.));
#11625=CARTESIAN_POINT('',(89.4824731369667,97.0333587394659,0.));
#11626=CARTESIAN_POINT('',(89.893178704711,151.311653293337,0.));
#11627=CARTESIAN_POINT('',(89.8582528542234,151.448652664811,0.));
#11628=CARTESIAN_POINT('Origin',(89.9442543744296,151.397625823617,0.));
#11629=CARTESIAN_POINT('',(116.125625367672,132.252936197905,0.));
#11630=CARTESIAN_POINT('Origin',(0.,0.,0.));
#11631=CARTESIAN_POINT('',(116.266317070512,132.261610132567,0.));
#11632=CARTESIAN_POINT('Origin',(116.19160583663,132.328079911654,0.));
#11633=CARTESIAN_POINT('',(116.532616110824,132.560927057589,3.5527136788005E-14));
#11634=CARTESIAN_POINT('',(87.3695107118666,99.7819466231515,0.));
#11635=CARTESIAN_POINT('',(116.549334898214,132.579495152097,3.5527136788005E-14));
#11636=CARTESIAN_POINT('Origin',(118.101552022338,131.16506169676,0.));
#11637=CARTESIAN_POINT('',(116.799473965396,132.857302730557,0.));
#11638=CARTESIAN_POINT('',(87.3543324989609,100.155160117018,0.));
#11639=CARTESIAN_POINT('',(116.79114317956,132.999356670668,0.));
#11640=CARTESIAN_POINT('Origin',(116.725159482848,132.924215791193,0.));
#11641=CARTESIAN_POINT('',(90.4035446184365,152.171610757139,0.));
#11642=CARTESIAN_POINT('Origin',(0.,0.,0.));
#11643=CARTESIAN_POINT('',(90.2664676492932,152.136664936888,0.));
#11644=CARTESIAN_POINT('Origin',(90.3524691694995,152.085638095695,0.));
#11645=CARTESIAN_POINT('',(90.0623747070295,151.792683164014,3.5527136788005E-14));
#11646=CARTESIAN_POINT('',(67.4866385698022,113.743147230502,0.));
#11647=CARTESIAN_POINT('',(90.0496252242006,151.771194965264,3.5527136788005E-14));
#11648=CARTESIAN_POINT('Origin',(88.2499999999999,152.853483767954,0.));
#11649=CARTESIAN_POINT('',(67.3526967254027,113.517399330613,0.));
#11650=CARTESIAN_POINT('',(56.4693353957001,166.694973409422,0.));
#11651=CARTESIAN_POINT('',(56.4066889878778,166.821717523303,0.));
#11652=CARTESIAN_POINT('Origin',(56.5014202453567,166.789686462496,0.));
#11653=CARTESIAN_POINT('',(86.0910702565808,153.506767349444,0.));
#11654=CARTESIAN_POINT('Origin',(0.,0.,0.));
#11655=CARTESIAN_POINT('',(86.2268840957359,153.544503187644,0.));
#11656=CARTESIAN_POINT('Origin',(86.1399856374085,153.59398710362,0.));
#11657=CARTESIAN_POINT('',(86.4251323751232,153.892646003448,3.5527136788005E-14));
#11658=CARTESIAN_POINT('',(64.7144440445919,115.766614384009,0.));
#11659=CARTESIAN_POINT('',(86.4376252929714,153.914284371895,3.5527136788005E-14));
#11660=CARTESIAN_POINT('Origin',(88.2499999999999,152.853483767953,0.));
#11661=CARTESIAN_POINT('',(86.6245387780258,154.23802802463,0.));
#11662=CARTESIAN_POINT('',(64.6220020635091,116.128516539687,0.));
#11663=CARTESIAN_POINT('',(86.5868553649722,154.375245677555,0.));
#11664=CARTESIAN_POINT('Origin',(86.5379362376474,154.288028024629,0.));
#11665=CARTESIAN_POINT('',(56.7897533793763,167.642249779432,0.));
#11666=CARTESIAN_POINT('Origin',(0.,0.,0.));
#11667=CARTESIAN_POINT('',(56.6629375154684,167.579567704772,0.));
#11668=CARTESIAN_POINT('Origin',(56.7576687729473,167.547536643964,0.));
#11669=CARTESIAN_POINT('',(56.5348223256754,167.200669450228,3.5527136788005E-14));
#11670=CARTESIAN_POINT('',(42.3633635390144,125.288847696083,0.));
#11671=CARTESIAN_POINT('',(56.5268190973703,167.177000053645,3.5527136788005E-14));
#11672=CARTESIAN_POINT('Origin',(54.541499507178,167.861475126095,0.));
#11673=CARTESIAN_POINT('',(42.2792842728417,125.040184854094,0.));
#11674=CARTESIAN_POINT('',(20.5775111599623,174.792923296287,0.));
#11675=CARTESIAN_POINT('',(20.4898821434381,174.903872826613,0.));
#11676=CARTESIAN_POINT('Origin',(20.5892029276668,174.892237457251,0.));
#11677=CARTESIAN_POINT('',(52.2939222644887,168.051616160618,0.));
#11678=CARTESIAN_POINT('Origin',(0.,0.,0.));
#11679=CARTESIAN_POINT('',(52.4189225234802,168.11676466515,0.));
#11680=CARTESIAN_POINT('Origin',(52.3236347203208,168.147100033436,0.));
#11681=CARTESIAN_POINT('',(52.5404556408327,168.49851786011,3.5527136788005E-14));
#11682=CARTESIAN_POINT('',(39.231045638213,126.691725586436,0.));
#11683=CARTESIAN_POINT('',(52.5481766886816,168.522280801964,3.5527136788005E-14));
#11684=CARTESIAN_POINT('Origin',(54.5414995071782,167.861475126095,0.));
#11685=CARTESIAN_POINT('',(52.6636955754009,168.877811377853,0.));
#11686=CARTESIAN_POINT('',(39.0653800471121,127.026499543124,0.));
#11687=CARTESIAN_POINT('',(52.5983064811053,169.004195673716,0.));
#11688=CARTESIAN_POINT('Origin',(52.5685899237714,168.90871307729,0.));
#11689=CARTESIAN_POINT('',(20.6939774101667,175.786118049599,0.));
#11690=CARTESIAN_POINT('Origin',(0.,0.,0.));
#11691=CARTESIAN_POINT('',(20.5829651132768,175.698439227973,0.));
#11692=CARTESIAN_POINT('Origin',(20.6822858975056,175.68680385861,0.));
#11693=CARTESIAN_POINT('',(20.5364269245133,175.301184163639,3.5527136788005E-14));
#11694=CARTESIAN_POINT('',(15.3886062395997,131.35882431475,0.));
#11695=CARTESIAN_POINT('',(20.5335197302128,175.276368035432,3.5527136788005E-14));
#11696=CARTESIAN_POINT('Origin',(18.4492737667407,175.5331145325,0.));
#11697=CARTESIAN_POINT('',(15.3580642190428,131.098114290075,0.));
#11698=CARTESIAN_POINT('',(52.2961950051641,-168.050908917452,0.));
#11699=CARTESIAN_POINT('',(52.4213753346831,-168.116624424892,0.));
#11700=CARTESIAN_POINT('Origin',(52.3259087523261,-168.146392388428,0.));
#11701=CARTESIAN_POINT('',(20.5798750735936,-174.792644988155,0.));
#11702=CARTESIAN_POINT('Origin',(0.,0.,0.));
#11703=CARTESIAN_POINT('',(20.4921799388226,-174.903003294269,0.));
#11704=CARTESIAN_POINT('Origin',(20.5915681844309,-174.891958990989,0.));
#11705=CARTESIAN_POINT('',(20.5364269245135,-175.301184163639,3.5527136788005E-14));
#11706=CARTESIAN_POINT('',(15.6908236291485,-131.695354237632,0.));
#11707=CARTESIAN_POINT('',(20.5390386555223,-175.326033124313,3.5527136788005E-14));
#11708=CARTESIAN_POINT('Origin',(18.4492737667409,-175.5331145325,0.));
#11709=CARTESIAN_POINT('',(20.5781142142358,-175.697812231166,0.));
#11710=CARTESIAN_POINT('',(15.9783315127186,-131.933803198703,0.));
#11711=CARTESIAN_POINT('',(20.6892552485458,-175.786673889861,0.));
#11712=CARTESIAN_POINT('Origin',(20.6775664037726,-175.687359384839,0.));
#11713=CARTESIAN_POINT('',(52.5937664912038,-169.005608564535,0.));
#11714=CARTESIAN_POINT('Origin',(0.,0.,0.));
#11715=CARTESIAN_POINT('',(52.6595190811929,-168.88035720633,0.));
#11716=CARTESIAN_POINT('Origin',(52.5640524988359,-168.910125169865,0.));
#11717=CARTESIAN_POINT('',(52.5404556408329,-168.49851786011,3.5527136788005E-14));
#11718=CARTESIAN_POINT('',(39.3702559105284,-126.261367317523,0.));
#11719=CARTESIAN_POINT('',(52.5330178662994,-168.474664736459,3.5527136788005E-14));
#11720=CARTESIAN_POINT('Origin',(54.5414995071783,-167.861475126095,0.));
#11721=CARTESIAN_POINT('',(39.2921171144228,-126.010774299805,0.));
#11722=CARTESIAN_POINT('',(86.0931462882972,-153.505603031882,0.));
#11723=CARTESIAN_POINT('',(86.2292541495401,-153.543856043848,0.));
#11724=CARTESIAN_POINT('Origin',(86.1420628486883,-153.592822124514,0.));
#11725=CARTESIAN_POINT('',(56.4715897886327,-166.694209697711,0.));
#11726=CARTESIAN_POINT('Origin',(0.,0.,0.));
#11727=CARTESIAN_POINT('',(56.4087557849803,-166.820389253803,0.));
#11728=CARTESIAN_POINT('Origin',(56.5036759191944,-166.788922316857,0.));
#11729=CARTESIAN_POINT('',(56.5348223256756,-167.200669450228,3.5527136788005E-14));
#11730=CARTESIAN_POINT('',(42.7289452587787,-125.555189104269,0.));
#11731=CARTESIAN_POINT('',(56.5425433735244,-167.224432392082,3.5527136788005E-14));
#11732=CARTESIAN_POINT('Origin',(54.5414995071782,-167.861475126095,0.));
#11733=CARTESIAN_POINT('',(56.6580622602438,-167.579962967971,0.));
#11734=CARTESIAN_POINT('',(43.0597467319549,-125.728651133242,0.));
#11735=CARTESIAN_POINT('',(56.7852499740055,-167.643775265859,0.));
#11736=CARTESIAN_POINT('Origin',(56.7531679118733,-167.549061268533,0.));
#11737=CARTESIAN_POINT('',(86.5827083412618,-154.377571610296,0.));
#11738=CARTESIAN_POINT('Origin',(0.,0.,0.));
#11739=CARTESIAN_POINT('',(86.62098285774,-154.241386562618,0.));
#11740=CARTESIAN_POINT('Origin',(86.5337915568882,-154.290352643284,0.));
#11741=CARTESIAN_POINT('',(86.4251323751234,-153.892646003447,3.5527136788005E-14));
#11742=CARTESIAN_POINT('',(64.7611357231075,-115.316717032719,0.));
#11743=CARTESIAN_POINT('',(86.4128977905392,-153.870860528058,3.5527136788005E-14));
#11744=CARTESIAN_POINT('Origin',(88.2500000000001,-152.853483767953,0.));
#11745=CARTESIAN_POINT('',(64.6326032291518,-115.087846042894,0.));
#11746=CARTESIAN_POINT('',(116.127413957881,-132.251365692211,0.));
#11747=CARTESIAN_POINT('',(116.268500784193,-132.260484368522,0.));
#11748=CARTESIAN_POINT('Origin',(116.193395443084,-132.326508513627,0.));
#11749=CARTESIAN_POINT('',(89.895225049156,-151.310437555912,0.));
#11750=CARTESIAN_POINT('Origin',(0.,0.,0.));
#11751=CARTESIAN_POINT('',(89.8599983240926,-151.446923709906,0.));
#11752=CARTESIAN_POINT('Origin',(89.9463018815702,-151.396409395433,0.));
#11753=CARTESIAN_POINT('',(90.0623747070297,-151.792683164013,3.5527136788005E-14));
#11754=CARTESIAN_POINT('',(67.8996069443726,-113.927659726408,0.));
#11755=CARTESIAN_POINT('',(90.0748676248779,-151.814321532461,3.5527136788005E-14));
#11756=CARTESIAN_POINT('Origin',(88.25,-152.853483767953,0.));
#11757=CARTESIAN_POINT('',(90.2617811099323,-152.138065185195,0.));
#11758=CARTESIAN_POINT('',(68.2592443954155,-114.028553700253,0.));
#11759=CARTESIAN_POINT('',(90.39945678974,-152.174039218652,0.));
#11760=CARTESIAN_POINT('Origin',(90.3483836503108,-152.088065185195,0.));
#11761=CARTESIAN_POINT('',(116.787570366876,-133.002493990909,0.));
#11762=CARTESIAN_POINT('Origin',(0.,0.,0.));
#11763=CARTESIAN_POINT('',(116.796694029812,-132.861327193832,0.));
#11764=CARTESIAN_POINT('Origin',(116.721588688703,-132.927351338937,0.));
#11765=CARTESIAN_POINT('',(116.532616110824,-132.560927057588,3.5527136788005E-14));
#11766=CARTESIAN_POINT('',(87.3216431461796,-99.3321728625833,0.));
#11767=CARTESIAN_POINT('',(116.516119426244,-132.542161360273,3.5527136788005E-14));
#11768=CARTESIAN_POINT('Origin',(118.101552022339,-131.16506169676,0.));
#11769=CARTESIAN_POINT('',(87.148334441127,-99.1350266611521,0.));
#11770=CARTESIAN_POINT('',(141.086356396348,-105.217109059329,0.));
#11771=CARTESIAN_POINT('',(141.226256016411,-105.196694870073,0.));
#11772=CARTESIAN_POINT('Origin',(141.166519098846,-105.276891507658,0.));
#11773=CARTESIAN_POINT('',(119.390007609882,-129.313673224885,0.));
#11774=CARTESIAN_POINT('Origin',(0.,0.,0.));
#11775=CARTESIAN_POINT('',(119.38392774033,-129.454500876917,0.));
#11776=CARTESIAN_POINT('Origin',(119.457842841479,-129.387146902854,0.));
#11777=CARTESIAN_POINT('',(119.653769146465,-129.750628241425,3.5527136788005E-14));
#11778=CARTESIAN_POINT('',(90.1027299880342,-97.3209449329373,0.));
#11779=CARTESIAN_POINT('',(119.670487933854,-129.769196335933,3.5527136788005E-14));
#11780=CARTESIAN_POINT('Origin',(118.101552022338,-131.16506169676,0.));
#11781=CARTESIAN_POINT('',(119.920627001037,-130.047003914394,0.));
#11782=CARTESIAN_POINT('',(90.4754855346014,-97.3448613008546,0.));
#11783=CARTESIAN_POINT('',(120.062773559042,-130.053567445535,0.));
#11784=CARTESIAN_POINT('Origin',(119.994941483584,-129.980090853758,0.));
#11785=CARTESIAN_POINT('',(141.888255158519,-105.814569167345,0.));
#11786=CARTESIAN_POINT('Origin',(0.,0.,0.));
#11787=CARTESIAN_POINT('',(141.867829220062,-105.674590287293,0.));
#11788=CARTESIAN_POINT('Origin',(141.808092302498,-105.754786924878,0.));
#11789=CARTESIAN_POINT('',(141.547065336949,-105.435659501411,3.5527136788005E-14));
#11790=CARTESIAN_POINT('',(106.065775748031,-79.0063360897042,0.));
#11791=CARTESIAN_POINT('',(141.527027536648,-105.420733733189,3.5527136788005E-14));
#11792=CARTESIAN_POINT('Origin',(142.791499507178,-103.744097029621,0.));
#11793=CARTESIAN_POINT('',(105.855265253919,-78.8495309116815,0.));
#11794=CARTESIAN_POINT('',(159.879148052844,-73.5843598728477,3.5527136788005E-14));
#11795=CARTESIAN_POINT('',(160.011746181947,-73.5353050160546,3.5527136788005E-14));
#11796=CARTESIAN_POINT('Origin',(159.969988477874,-73.62616916823,3.5527136788005E-14));
#11797=CARTESIAN_POINT('',(143.666873941238,-101.665280858081,0.));
#11798=CARTESIAN_POINT('Origin',(0.,0.,0.));
#11799=CARTESIAN_POINT('',(143.690206646671,-101.804295163992,0.));
#11800=CARTESIAN_POINT('Origin',(143.748502846886,-101.723045222205,0.));
#11801=CARTESIAN_POINT('',(144.015719711712,-102.037848252095,3.5527136788005E-14));
#11802=CARTESIAN_POINT('',(108.367931370351,-76.4608378481912,0.));
#11803=CARTESIAN_POINT('',(144.035933677409,-102.052534557833,3.5527136788005E-14));
#11804=CARTESIAN_POINT('Origin',(142.791499507178,-103.744097029621,0.));
#11805=CARTESIAN_POINT('',(144.338366049183,-102.272264537773,0.));
#11806=CARTESIAN_POINT('',(108.737513806377,-76.4067313501393,0.));
#11807=CARTESIAN_POINT('',(144.478770998705,-102.249130708792,0.));
#11808=CARTESIAN_POINT('Origin',(144.397144574412,-102.191362838335,0.));
#11809=CARTESIAN_POINT('',(160.787742344347,-74.0020399165305,3.5527136788005E-14));
#11810=CARTESIAN_POINT('Origin',(0.,0.,0.));
#11811=CARTESIAN_POINT('',(160.738659516022,-73.8693667022553,3.5527136788005E-14));
#11812=CARTESIAN_POINT('Origin',(160.696901811949,-73.9602308544307,3.5527136788005E-14));
#11813=CARTESIAN_POINT('',(160.375228589672,-73.7023476885946,3.5527136788005E-14));
#11814=CARTESIAN_POINT('',(120.174324989633,-55.2275433152425,0.));
#11815=CARTESIAN_POINT('',(160.352525421676,-73.6919141771603,3.5527136788005E-14));
#11816=CARTESIAN_POINT('Origin',(161.240773273919,-71.7890175028787,3.5527136788005E-14));
#11817=CARTESIAN_POINT('',(119.935813025197,-55.1179322993425,0.));
#11818=CARTESIAN_POINT('',(171.684453754161,-38.7356210629892,3.5527136788005E-14));
#11819=CARTESIAN_POINT('',(171.803955217786,-38.6600694712916,3.5527136788005E-14));
#11820=CARTESIAN_POINT('Origin',(171.782001739248,-38.7576299385932,3.5527136788005E-14));
#11821=CARTESIAN_POINT('',(161.664808491214,-69.5736278736355,3.5527136788005E-14));
#11822=CARTESIAN_POINT('Origin',(0.,0.,0.));
#11823=CARTESIAN_POINT('',(161.716534020441,-69.7047532411921,3.5527136788005E-14));
#11824=CARTESIAN_POINT('Origin',(161.756663496039,-69.6131583440182,3.5527136788005E-14));
#11825=CARTESIAN_POINT('',(162.083492261463,-69.8655246622282,3.5527136788005E-14));
#11826=CARTESIAN_POINT('',(121.896934144754,-52.2590252496723,0.));
#11827=CARTESIAN_POINT('',(162.106317958168,-69.8756873171638,3.5527136788005E-14));
#11828=CARTESIAN_POINT('Origin',(161.240773273919,-71.7890175028787,3.5527136788005E-14));
#11829=CARTESIAN_POINT('',(162.447825888656,-70.0277364440771,3.5527136788005E-14));
#11830=CARTESIAN_POINT('',(122.247190944333,-52.1292605992479,0.));
#11831=CARTESIAN_POINT('',(162.580352859664,-69.9759163143096,3.5527136788005E-14));
#11832=CARTESIAN_POINT('Origin',(162.488499552963,-69.9363818983128,3.5527136788005E-14));
#11833=CARTESIAN_POINT('',(172.660033644538,-38.9552664201781,3.5527136788005E-14));
#11834=CARTESIAN_POINT('Origin',(0.,0.,0.));
#11835=CARTESIAN_POINT('',(172.584439081468,-38.8356973277804,3.5527136788005E-14));
#11836=CARTESIAN_POINT('Origin',(172.562485602931,-38.9332577950819,3.5527136788005E-14));
#11837=CARTESIAN_POINT('',(172.194224787297,-38.7478896186842,3.5527136788005E-14));
#11838=CARTESIAN_POINT('',(129.030679568797,-29.0350418867493,0.));
#11839=CARTESIAN_POINT('',(172.16984848899,-38.7424043585524,3.5527136788005E-14));
#11840=CARTESIAN_POINT('Origin',(172.643051529517,-36.6964134293345,3.5527136788005E-14));
#11841=CARTESIAN_POINT('',(128.77459025139,-28.9774155603389,0.));
#11842=CARTESIAN_POINT('',(175.986324993008,-2.19394973854582,3.5527136788005E-14));
#11843=CARTESIAN_POINT('',(176.087507003764,-2.09520337903768,3.5527136788005E-14));
#11844=CARTESIAN_POINT('Origin',(176.086317223118,-2.19519630089728,3.5527136788005E-14));
#11845=CARTESIAN_POINT('',(172.597215156304,-34.4412734998056,3.5527136788005E-14));
#11846=CARTESIAN_POINT('Origin',(0.,0.,0.));
#11847=CARTESIAN_POINT('',(172.675072855492,-34.5587791212363,3.5527136788005E-14));
#11848=CARTESIAN_POINT('Origin',(172.695281755825,-34.4608424052032,3.5527136788005E-14));
#11849=CARTESIAN_POINT('',(173.0674384365,-34.6397423926391,3.5527136788005E-14));
#11850=CARTESIAN_POINT('',(130.098455970645,-25.7732424811174,0.));
#11851=CARTESIAN_POINT('',(173.091878271738,-34.6449372399853,3.5527136788005E-14));
#11852=CARTESIAN_POINT('Origin',(172.643051529517,-36.6964134293345,3.5527136788005E-14));
#11853=CARTESIAN_POINT('',(173.45753622564,-34.7226602374139,3.5527136788005E-14));
#11854=CARTESIAN_POINT('',(130.414079230916,-25.5734910162239,0.));
#11855=CARTESIAN_POINT('',(173.576393153566,-34.6444185951909,3.5527136788005E-14));
#11856=CARTESIAN_POINT('Origin',(173.478327394722,-34.6248454773405,3.5527136788005E-14));
#11857=CARTESIAN_POINT('',(176.986252959698,-2.20596085315632,3.5527136788005E-14));
#11858=CARTESIAN_POINT('Origin',(0.,0.,0.));
#11859=CARTESIAN_POINT('',(176.887450507033,-2.10472162572998,3.5527136788005E-14));
#11860=CARTESIAN_POINT('Origin',(176.886260726388,-2.20471454758956,3.5527136788005E-14));
#11861=CARTESIAN_POINT('',(176.487507082153,-2.09996283943394,3.5527136788005E-14));
#11862=CARTESIAN_POINT('',(132.24777429291,-1.57356980221628,0.));
#11863=CARTESIAN_POINT('',(176.46252301474,-2.09966556279372,3.5527136788005E-14));
#11864=CARTESIAN_POINT('Origin',(176.5,7.105427357601E-14,3.5527136788005E-14));
#11865=CARTESIAN_POINT('',(131.985299954555,-1.57044671228139,0.));
#11866=CARTESIAN_POINT('',(176.512492917849,2.09996283943404,3.5527136788005E-14));
#11867=CARTESIAN_POINT('',(176.886319887958,2.09996283943404,3.5527136788005E-14));
#11868=CARTESIAN_POINT('',(132.881246458925,2.09996283943404,0.));
#11869=CARTESIAN_POINT('',(176.986312154712,2.20120645890235,3.5527136788005E-14));
#11870=CARTESIAN_POINT('Origin',(176.886319887958,2.19996283943404,3.5527136788005E-14));
#11871=CARTESIAN_POINT('',(173.577323746253,34.639755788523,3.5527136788005E-14));
#11872=CARTESIAN_POINT('Origin',(0.,0.,0.));
#11873=CARTESIAN_POINT('',(173.459631545281,34.7182405109397,3.5527136788005E-14));
#11874=CARTESIAN_POINT('Origin',(173.47925746165,34.6201853050266,3.5527136788005E-14));
#11875=CARTESIAN_POINT('',(173.0674384365,34.6397423926392,3.5527136788005E-14));
#11876=CARTESIAN_POINT('',(129.685006685194,25.9566748334992,0.));
#11877=CARTESIAN_POINT('',(173.042938523614,34.6348386933722,3.5527136788005E-14));
#11878=CARTESIAN_POINT('Origin',(172.643051529517,36.6964134293346,3.5527136788005E-14));
#11879=CARTESIAN_POINT('',(172.675189772071,34.5612331547814,3.5527136788005E-14));
#11880=CARTESIAN_POINT('',(129.427618713969,25.9051581929422,0.));
#11881=CARTESIAN_POINT('',(172.596749353581,34.4436077172109,3.5527136788005E-14));
#11882=CARTESIAN_POINT('Origin',(172.694815688441,34.4631779488684,3.5527136788005E-14));
#11883=CARTESIAN_POINT('',(175.986295305737,2.19632979353216,3.5527136788005E-14));
#11884=CARTESIAN_POINT('Origin',(0.,0.,0.));
#11885=CARTESIAN_POINT('',(176.086882419829,2.09757947773834,3.5527136788005E-14));
#11886=CARTESIAN_POINT('Origin',(176.086287518979,2.19757770818758,3.5527136788005E-14));
#11887=CARTESIAN_POINT('',(176.487507082153,2.09996283943404,3.5527136788005E-14));
#11888=CARTESIAN_POINT('',(132.614050988965,1.83895465760109,0.));
#11889=CARTESIAN_POINT('Origin',(176.5,1.77635683940025E-14,3.5527136788005E-14));
#11890=CARTESIAN_POINT('',(177.6,1.80329906898149E-14,3.56618479359112E-14));
#11891=CARTESIAN_POINT('Origin',(176.5,1.77635683940025E-14,3.5527136788005E-14));
#11892=CARTESIAN_POINT('',(173.719013890324,36.9251162892341,3.56589041741216E-14));
#11893=CARTESIAN_POINT('Origin',(172.643051529517,36.6964134293346,3.5527136788005E-14));
#11894=CARTESIAN_POINT('',(18.5642550763354,-176.627088617405,1.40811492756579E-17));
#11895=CARTESIAN_POINT('Origin',(18.449273766741,-175.5331145325,0.));
#11896=CARTESIAN_POINT('',(54.8814182009907,-168.907637294019,4.162803403478E-17));
#11897=CARTESIAN_POINT('Origin',(54.5414995071782,-167.861475126095,0.));
#11898=CARTESIAN_POINT('',(88.8000000000001,-153.806111712116,6.73555739531046E-17));
#11899=CARTESIAN_POINT('Origin',(88.2500000000001,-152.853483767953,0.));
#11900=CARTESIAN_POINT('',(118.837595689333,-131.982521004785,9.01393520817783E-17));
#11901=CARTESIAN_POINT('Origin',(118.101552022339,-131.16506169676,0.));
#11902=CARTESIAN_POINT('',(143.681418200991,-104.390660807143,1.08983607987885E-16));
#11903=CARTESIAN_POINT('Origin',(142.791499507178,-103.744097029622,0.));
#11904=CARTESIAN_POINT('',(162.245673277326,-72.2364278102621,3.56502015452685E-14));
#11905=CARTESIAN_POINT('Origin',(161.240773273919,-71.7890175028787,3.5527136788005E-14));
#11906=CARTESIAN_POINT('',(173.719013890324,-36.925116289234,3.56589041741216E-14));
#11907=CARTESIAN_POINT('Origin',(172.643051529517,-36.6964134293345,3.5527136788005E-14));
#11908=CARTESIAN_POINT('',(162.245673277326,72.2364278102622,3.56502015452685E-14));
#11909=CARTESIAN_POINT('Origin',(161.240773273919,71.7890175028788,3.5527136788005E-14));
#11910=CARTESIAN_POINT('',(143.681418200991,104.390660807143,1.08983607987885E-16));
#11911=CARTESIAN_POINT('Origin',(142.791499507178,103.744097029622,0.));
#11912=CARTESIAN_POINT('',(118.837595689333,131.982521004785,9.01393520817783E-17));
#11913=CARTESIAN_POINT('Origin',(118.101552022338,131.16506169676,0.));
#11914=CARTESIAN_POINT('',(88.8,153.806111712116,6.73555739531046E-17));
#11915=CARTESIAN_POINT('Origin',(88.25,152.853483767953,0.));
#11916=CARTESIAN_POINT('',(54.8814182009907,168.907637294019,4.162803403478E-17));
#11917=CARTESIAN_POINT('Origin',(54.5414995071782,167.861475126095,0.));
#11918=CARTESIAN_POINT('',(18.5642550763352,176.627088617405,1.40811492756578E-17));
#11919=CARTESIAN_POINT('Origin',(18.4492737667408,175.5331145325,0.));
#11920=CARTESIAN_POINT('Origin',(9.22463688337035,170.443378768552,-1.04302514325736E-44));
#11921=CARTESIAN_POINT('Origin',(89.25,0.,0.));
#11922=CARTESIAN_POINT('',(-177.6,-1.34711147906213E-16,-3.56618479359112E-14));
#11923=CARTESIAN_POINT('Origin',(-176.5,0.,-3.5527136788005E-14));
#11924=CARTESIAN_POINT('',(-173.719013890324,36.9251162892341,-3.56589041741216E-14));
#11925=CARTESIAN_POINT('Origin',(-172.643051529517,36.6964134293345,-3.5527136788005E-14));
#11926=CARTESIAN_POINT('',(-162.245673277326,72.2364278102621,-3.56502015452686E-14));
#11927=CARTESIAN_POINT('Origin',(-161.240773273919,71.7890175028787,-3.5527136788005E-14));
#11928=CARTESIAN_POINT('',(-143.681418200991,104.390660807143,-1.08983607987884E-16));
#11929=CARTESIAN_POINT('Origin',(-142.791499507178,103.744097029622,0.));
#11930=CARTESIAN_POINT('',(-118.837595689333,131.982521004785,-9.01393520817831E-17));
#11931=CARTESIAN_POINT('Origin',(-118.101552022338,131.16506169676,0.));
#11932=CARTESIAN_POINT('',(-88.8,153.806111712116,-6.73555739531065E-17));
#11933=CARTESIAN_POINT('Origin',(-88.25,152.853483767953,0.));
#11934=CARTESIAN_POINT('',(-54.8814182009907,168.907637294019,-4.16280340347773E-17));
#11935=CARTESIAN_POINT('Origin',(-54.5414995071782,167.861475126095,0.));
#11936=CARTESIAN_POINT('',(-18.5642550763353,176.627088617405,-1.40811492756582E-17));
#11937=CARTESIAN_POINT('Origin',(-18.4492737667409,175.5331145325,0.));
#11938=CARTESIAN_POINT('',(-18.5642550763352,-176.627088617405,-1.40811492756579E-17));
#11939=CARTESIAN_POINT('Origin',(-18.4492737667408,-175.5331145325,0.));
#11940=CARTESIAN_POINT('',(-54.8814182009906,-168.907637294019,-4.16280340347773E-17));
#11941=CARTESIAN_POINT('Origin',(-54.5414995071782,-167.861475126095,0.));
#11942=CARTESIAN_POINT('',(-88.7999999999999,-153.806111712116,-6.73555739531063E-17));
#11943=CARTESIAN_POINT('Origin',(-88.2499999999999,-152.853483767953,0.));
#11944=CARTESIAN_POINT('',(-118.837595689333,-131.982521004785,-9.01393520817829E-17));
#11945=CARTESIAN_POINT('Origin',(-118.101552022338,-131.16506169676,0.));
#11946=CARTESIAN_POINT('',(-143.681418200991,-104.390660807143,-1.08983607987884E-16));
#11947=CARTESIAN_POINT('Origin',(-142.791499507178,-103.744097029622,0.));
#11948=CARTESIAN_POINT('',(-162.245673277326,-72.2364278102623,-3.56502015452686E-14));
#11949=CARTESIAN_POINT('Origin',(-161.240773273919,-71.7890175028789,-3.5527136788005E-14));
#11950=CARTESIAN_POINT('',(-173.719013890324,-36.9251162892342,-3.56589041741216E-14));
#11951=CARTESIAN_POINT('Origin',(-172.643051529517,-36.6964134293346,-3.5527136788005E-14));
#11952=CARTESIAN_POINT('',(-20.5775111599623,-174.792923296287,0.));
#11953=CARTESIAN_POINT('',(-20.4898821434381,-174.903872826613,0.));
#11954=CARTESIAN_POINT('Origin',(-20.5892029276668,-174.892237457251,0.));
#11955=CARTESIAN_POINT('',(-52.2939222644888,-168.051616160618,0.));
#11956=CARTESIAN_POINT('Origin',(0.,0.,0.));
#11957=CARTESIAN_POINT('',(-52.4189225234802,-168.11676466515,0.));
#11958=CARTESIAN_POINT('Origin',(-52.3236347203209,-168.147100033436,0.));
#11959=CARTESIAN_POINT('',(-52.5404556408327,-168.49851786011,0.));
#11960=CARTESIAN_POINT('',(-39.231045638213,-126.691725586436,0.));
#11961=CARTESIAN_POINT('',(-52.5481766886816,-168.522280801964,0.));
#11962=CARTESIAN_POINT('Origin',(-54.5414995071782,-167.861475126095,0.));
#11963=CARTESIAN_POINT('',(-52.6636955754009,-168.877811377853,0.));
#11964=CARTESIAN_POINT('',(-39.0653800471121,-127.026499543124,0.));
#11965=CARTESIAN_POINT('',(-52.5983064811054,-169.004195673716,0.));
#11966=CARTESIAN_POINT('Origin',(-52.5685899237714,-168.90871307729,0.));
#11967=CARTESIAN_POINT('',(-20.6939774101667,-175.786118049599,0.));
#11968=CARTESIAN_POINT('Origin',(0.,0.,0.));
#11969=CARTESIAN_POINT('',(-20.5829651132769,-175.698439227973,0.));
#11970=CARTESIAN_POINT('Origin',(-20.6822858975056,-175.68680385861,0.));
#11971=CARTESIAN_POINT('',(-20.5364269245133,-175.301184163639,3.5527136788005E-14));
#11972=CARTESIAN_POINT('',(-15.3886062395998,-131.35882431475,0.));
#11973=CARTESIAN_POINT('',(-20.5335197302128,-175.276368035432,3.5527136788005E-14));
#11974=CARTESIAN_POINT('Origin',(-18.4492737667408,-175.5331145325,0.));
#11975=CARTESIAN_POINT('',(-15.3580642190428,-131.098114290075,0.));
#11976=CARTESIAN_POINT('',(-56.4693353957001,-166.694973409422,0.));
#11977=CARTESIAN_POINT('',(-56.4066889878779,-166.821717523303,0.));
#11978=CARTESIAN_POINT('Origin',(-56.5014202453568,-166.789686462496,0.));
#11979=CARTESIAN_POINT('',(-86.0910702565809,-153.506767349444,0.));
#11980=CARTESIAN_POINT('Origin',(0.,0.,0.));
#11981=CARTESIAN_POINT('',(-86.226884095736,-153.544503187644,0.));
#11982=CARTESIAN_POINT('Origin',(-86.1399856374086,-153.59398710362,0.));
#11983=CARTESIAN_POINT('',(-86.4251323751232,-153.892646003448,0.));
#11984=CARTESIAN_POINT('',(-64.714444044592,-115.766614384009,0.));
#11985=CARTESIAN_POINT('',(-86.4376252929715,-153.914284371895,0.));
#11986=CARTESIAN_POINT('Origin',(-88.2499999999999,-152.853483767953,0.));
#11987=CARTESIAN_POINT('',(-86.6245387780259,-154.238028024629,0.));
#11988=CARTESIAN_POINT('',(-64.6220020635091,-116.128516539687,0.));
#11989=CARTESIAN_POINT('',(-86.5868553649723,-154.375245677555,0.));
#11990=CARTESIAN_POINT('Origin',(-86.5379362376475,-154.288028024629,0.));
#11991=CARTESIAN_POINT('',(-56.7897533793764,-167.642249779432,0.));
#11992=CARTESIAN_POINT('Origin',(0.,0.,0.));
#11993=CARTESIAN_POINT('',(-56.6629375154685,-167.579567704771,0.));
#11994=CARTESIAN_POINT('Origin',(-56.7576687729474,-167.547536643964,0.));
#11995=CARTESIAN_POINT('',(-56.5348223256755,-167.200669450228,0.));
#11996=CARTESIAN_POINT('',(-42.3633635390145,-125.288847696083,0.));
#11997=CARTESIAN_POINT('',(-56.5268190973704,-167.177000053645,0.));
#11998=CARTESIAN_POINT('Origin',(-54.5414995071781,-167.861475126095,0.));
#11999=CARTESIAN_POINT('',(-42.2792842728418,-125.040184854094,0.));
#12000=CARTESIAN_POINT('',(-89.893178704711,-151.311653293337,0.));
#12001=CARTESIAN_POINT('',(-89.8582528542234,-151.448652664811,0.));
#12002=CARTESIAN_POINT('Origin',(-89.9442543744296,-151.397625823617,0.));
#12003=CARTESIAN_POINT('',(-116.125625367671,-132.252936197905,0.));
#12004=CARTESIAN_POINT('Origin',(0.,0.,0.));
#12005=CARTESIAN_POINT('',(-116.266317070512,-132.261610132567,0.));
#12006=CARTESIAN_POINT('Origin',(-116.19160583663,-132.328079911654,0.));
#12007=CARTESIAN_POINT('',(-116.532616110824,-132.560927057589,0.));
#12008=CARTESIAN_POINT('',(-87.3695107118666,-99.7819466231515,0.));
#12009=CARTESIAN_POINT('',(-116.549334898214,-132.579495152097,0.));
#12010=CARTESIAN_POINT('Origin',(-118.101552022338,-131.16506169676,0.));
#12011=CARTESIAN_POINT('',(-116.799473965396,-132.857302730557,0.));
#12012=CARTESIAN_POINT('',(-87.3543324989609,-100.155160117018,0.));
#12013=CARTESIAN_POINT('',(-116.79114317956,-132.999356670668,0.));
#12014=CARTESIAN_POINT('Origin',(-116.725159482848,-132.924215791193,0.));
#12015=CARTESIAN_POINT('',(-90.4035446184365,-152.171610757139,0.));
#12016=CARTESIAN_POINT('Origin',(0.,0.,0.));
#12017=CARTESIAN_POINT('',(-90.2664676492932,-152.136664936888,0.));
#12018=CARTESIAN_POINT('Origin',(-90.3524691694995,-152.085638095695,0.));
#12019=CARTESIAN_POINT('',(-90.0623747070295,-151.792683164014,0.));
#12020=CARTESIAN_POINT('',(-67.4866385698022,-113.743147230502,0.));
#12021=CARTESIAN_POINT('',(-90.0496252242006,-151.771194965264,0.));
#12022=CARTESIAN_POINT('Origin',(-88.2499999999999,-152.853483767953,0.));
#12023=CARTESIAN_POINT('',(-67.3526967254027,-113.517399330613,0.));
#12024=CARTESIAN_POINT('',(-119.388258748997,-129.315287854463,0.));
#12025=CARTESIAN_POINT('',(-119.382579883103,-129.456554953601,0.));
#12026=CARTESIAN_POINT('Origin',(-119.456092986922,-129.388762449835,0.));
#12027=CARTESIAN_POINT('',(-141.08493341762,-105.21901711452,0.));
#12028=CARTESIAN_POINT('Origin',(0.,0.,0.));
#12029=CARTESIAN_POINT('',(-141.224354081619,-105.198250053077,0.));
#12030=CARTESIAN_POINT('Origin',(-141.165095311608,-105.278800646971,0.));
#12031=CARTESIAN_POINT('',(-141.547065336949,-105.435659501411,0.));
#12032=CARTESIAN_POINT('',(-106.206110515606,-79.4363289879597,0.));
#12033=CARTESIAN_POINT('',(-141.567279302646,-105.450345807149,0.));
#12034=CARTESIAN_POINT('Origin',(-142.791499507178,-103.744097029622,0.));
#12035=CARTESIAN_POINT('',(-141.86971167442,-105.670075787089,0.));
#12036=CARTESIAN_POINT('',(-106.268859431614,-79.8045425994554,0.));
#12037=CARTESIAN_POINT('',(-141.891097611118,-105.810757575552,0.));
#12038=CARTESIAN_POINT('Origin',(-141.810933149191,-105.750977486526,0.));
#12039=CARTESIAN_POINT('',(-120.066267153334,-130.050342144357,0.));
#12040=CARTESIAN_POINT('Origin',(0.,0.,0.));
#12041=CARTESIAN_POINT('',(-119.924920000275,-130.044659878549,0.));
#12042=CARTESIAN_POINT('Origin',(-119.998433104095,-129.976867374783,0.));
#12043=CARTESIAN_POINT('',(-119.653769146464,-129.750628241425,0.));
#12044=CARTESIAN_POINT('',(-89.6604236582687,-97.2263254307733,0.));
#12045=CARTESIAN_POINT('',(-119.63683062269,-129.732260377907,0.));
#12046=CARTESIAN_POINT('Origin',(-118.101552022338,-131.16506169676,0.));
#12047=CARTESIAN_POINT('',(-89.4824731369667,-97.0333587394658,0.));
#12048=CARTESIAN_POINT('',(-143.665498997524,-101.667223812753,0.));
#12049=CARTESIAN_POINT('',(-143.689315309914,-101.806584589447,0.));
#12050=CARTESIAN_POINT('Origin',(-143.747127121955,-101.724989280828,0.));
#12051=CARTESIAN_POINT('',(-159.878152876597,-73.5865220863683,-3.5527136788005E-14));
#12052=CARTESIAN_POINT('Origin',(0.,0.,0.));
#12053=CARTESIAN_POINT('',(-160.010209149721,-73.5372216490565,-3.5527136788005E-14));
#12054=CARTESIAN_POINT('Origin',(-159.968992736186,-73.6283326102811,-3.5527136788005E-14));
#12055=CARTESIAN_POINT('',(-160.375228589672,-73.7023476885947,0.));
#12056=CARTESIAN_POINT('',(-120.400993656352,-55.6189625981967,0.));
#12057=CARTESIAN_POINT('',(-160.398054286378,-73.7125103435303,0.));
#12058=CARTESIAN_POINT('Origin',(-161.240773273919,-71.7890175028788,-3.5527136788005E-14));
#12059=CARTESIAN_POINT('',(-160.739562216865,-73.8645594704436,-3.5527136788005E-14));
#12060=CARTESIAN_POINT('',(-120.538927272542,-55.9660836256143,0.));
#12061=CARTESIAN_POINT('',(-160.789730208042,-73.9977206380372,-3.5527136788005E-14));
#12062=CARTESIAN_POINT('Origin',(-160.698888552557,-73.9559140162078,-3.5527136788005E-14));
#12063=CARTESIAN_POINT('',(-144.481517671759,-102.245249529086,0.));
#12064=CARTESIAN_POINT('Origin',(0.,0.,0.));
#12065=CARTESIAN_POINT('',(-144.342077883632,-102.269079160005,0.));
#12066=CARTESIAN_POINT('Origin',(-144.399889695673,-102.187483851386,0.));
#12067=CARTESIAN_POINT('',(-144.015719711712,-102.037848252095,0.));
#12068=CARTESIAN_POINT('',(-107.915617994422,-76.4602466660479,0.));
#12069=CARTESIAN_POINT('',(-143.995332441761,-102.023403487581,0.));
#12070=CARTESIAN_POINT('Origin',(-142.791499507178,-103.744097029622,0.));
#12071=CARTESIAN_POINT('',(-107.7014360879,-76.3084947536897,0.));
#12072=CARTESIAN_POINT('',(-161.66386755631,-69.5758142369583,-3.5527136788005E-14));
#12073=CARTESIAN_POINT('',(-161.716138159849,-69.70717795654,-3.5527136788005E-14));
#12074=CARTESIAN_POINT('Origin',(-161.755722026513,-69.615345949593,-3.5527136788005E-14));
#12075=CARTESIAN_POINT('',(-171.683929874371,-38.737942935733,-3.5527136788005E-14));
#12076=CARTESIAN_POINT('Origin',(0.,0.,0.));
#12077=CARTESIAN_POINT('',(-171.80285026381,-38.6622637882329,-3.5527136788005E-14));
#12078=CARTESIAN_POINT('Origin',(-171.7814775618,-38.7599531305828,-3.5527136788005E-14));
#12079=CARTESIAN_POINT('',(-172.194224787297,-38.7478896186843,0.));
#12080=CARTESIAN_POINT('',(-129.333775626247,-29.370780653499,0.));
#12081=CARTESIAN_POINT('',(-172.218664622536,-38.7530844660305,0.));
#12082=CARTESIAN_POINT('Origin',(-172.643051529517,-36.6964134293346,-3.5527136788005E-14));
#12083=CARTESIAN_POINT('',(-172.584322576438,-38.8308074634591,-3.5527136788005E-14));
#12084=CARTESIAN_POINT('',(-129.540865581713,-29.681638242269,0.));
#12085=CARTESIAN_POINT('',(-172.661080040147,-38.9506282281811,-3.5527136788005E-14));
#12086=CARTESIAN_POINT('Origin',(-172.563531407356,-38.9286222235325,-3.5527136788005E-14));
#12087=CARTESIAN_POINT('',(-162.582232568686,-69.9715488822538,-3.5527136788005E-14));
#12088=CARTESIAN_POINT('Origin',(0.,0.,0.));
#12089=CARTESIAN_POINT('',(-162.450794333339,-70.0238489406798,-3.5527136788005E-14));
#12090=CARTESIAN_POINT('Origin',(-162.490378200003,-69.9320169337328,-3.5527136788005E-14));
#12091=CARTESIAN_POINT('',(-162.083492261462,-69.8655246622283,0.));
#12092=CARTESIAN_POINT('',(-121.454381987631,-52.352488225046,0.));
#12093=CARTESIAN_POINT('',(-162.060547266861,-69.8556343022427,0.));
#12094=CARTESIAN_POINT('Origin',(-161.240773273919,-71.7890175028789,-3.5527136788005E-14));
#12095=CARTESIAN_POINT('',(-121.213329472962,-52.2485833783937,0.));
#12096=CARTESIAN_POINT('',(-172.596749353581,-34.4436077172109,-3.5527136788005E-14));
#12097=CARTESIAN_POINT('',(-172.675189772071,-34.5612331547814,-3.5527136788005E-14));
#12098=CARTESIAN_POINT('Origin',(-172.694815688441,-34.4631779488684,-3.5527136788005E-14));
#12099=CARTESIAN_POINT('',(-175.986295305737,-2.19632979353218,-3.5527136788005E-14));
#12100=CARTESIAN_POINT('Origin',(0.,0.,0.));
#12101=CARTESIAN_POINT('',(-176.086882419829,-2.09757947773836,-3.5527136788005E-14));
#12102=CARTESIAN_POINT('Origin',(-176.086287518979,-2.19757770818759,-3.5527136788005E-14));
#12103=CARTESIAN_POINT('',(-176.487507082153,-2.09996283943406,0.));
#12104=CARTESIAN_POINT('',(-132.614050988965,-1.83895465760111,0.));
#12105=CARTESIAN_POINT('',(-176.512492917849,-2.09996283943406,0.));
#12106=CARTESIAN_POINT('Origin',(-176.5,-3.5527136788005E-14,-3.5527136788005E-14));
#12107=CARTESIAN_POINT('',(-176.886319887958,-2.09996283943406,-3.5527136788005E-14));
#12108=CARTESIAN_POINT('',(-132.881246458925,-2.09996283943406,0.));
#12109=CARTESIAN_POINT('',(-176.986312154712,-2.20120645890237,-3.5527136788005E-14));
#12110=CARTESIAN_POINT('Origin',(-176.886319887958,-2.19996283943406,-3.5527136788005E-14));
#12111=CARTESIAN_POINT('',(-173.577323746253,-34.639755788523,-3.5527136788005E-14));
#12112=CARTESIAN_POINT('Origin',(0.,0.,0.));
#12113=CARTESIAN_POINT('',(-173.459631545281,-34.7182405109397,-3.5527136788005E-14));
#12114=CARTESIAN_POINT('Origin',(-173.47925746165,-34.6201853050267,-3.5527136788005E-14));
#12115=CARTESIAN_POINT('',(-173.0674384365,-34.6397423926392,0.));
#12116=CARTESIAN_POINT('',(-129.685006685194,-25.9566748334993,0.));
#12117=CARTESIAN_POINT('',(-173.042938523614,-34.6348386933723,0.));
#12118=CARTESIAN_POINT('Origin',(-172.643051529517,-36.6964134293346,-3.5527136788005E-14));
#12119=CARTESIAN_POINT('',(-129.427618713969,-25.9051581929422,0.));
#12120=CARTESIAN_POINT('',(-175.986324993008,2.19394973854579,-3.5527136788005E-14));
#12121=CARTESIAN_POINT('',(-176.087507003764,2.09520337903765,-3.5527136788005E-14));
#12122=CARTESIAN_POINT('Origin',(-176.086317223118,2.19519630089723,-3.5527136788005E-14));
#12123=CARTESIAN_POINT('',(-172.597215156304,34.4412734998055,-3.5527136788005E-14));
#12124=CARTESIAN_POINT('Origin',(0.,0.,0.));
#12125=CARTESIAN_POINT('',(-172.675072855492,34.5587791212363,-3.5527136788005E-14));
#12126=CARTESIAN_POINT('Origin',(-172.695281755825,34.4608424052032,-3.5527136788005E-14));
#12127=CARTESIAN_POINT('',(-173.0674384365,34.6397423926391,0.));
#12128=CARTESIAN_POINT('',(-130.098455970645,25.7732424811174,0.));
#12129=CARTESIAN_POINT('',(-173.091878271738,34.6449372399852,0.));
#12130=CARTESIAN_POINT('Origin',(-172.643051529517,36.6964134293345,-3.5527136788005E-14));
#12131=CARTESIAN_POINT('',(-173.45753622564,34.7226602374138,-3.5527136788005E-14));
#12132=CARTESIAN_POINT('',(-130.414079230916,25.5734910162238,0.));
#12133=CARTESIAN_POINT('',(-173.576393153566,34.6444185951908,-3.5527136788005E-14));
#12134=CARTESIAN_POINT('Origin',(-173.478327394722,34.6248454773405,-3.5527136788005E-14));
#12135=CARTESIAN_POINT('',(-176.986252959698,2.20596085315627,-3.5527136788005E-14));
#12136=CARTESIAN_POINT('Origin',(0.,0.,0.));
#12137=CARTESIAN_POINT('',(-176.887450507033,2.10472162572994,-3.5527136788005E-14));
#12138=CARTESIAN_POINT('Origin',(-176.886260726388,2.20471454758952,-3.5527136788005E-14));
#12139=CARTESIAN_POINT('',(-176.487507082153,2.0999628394339,0.));
#12140=CARTESIAN_POINT('',(-132.24777429291,1.57356980221625,0.));
#12141=CARTESIAN_POINT('',(-176.46252301474,2.09966556279369,0.));
#12142=CARTESIAN_POINT('Origin',(-176.5,-1.06581410364015E-13,-3.5527136788005E-14));
#12143=CARTESIAN_POINT('',(-131.985299954555,1.57044671228135,0.));
#12144=CARTESIAN_POINT('',(-171.684453754161,38.7356210629891,-3.5527136788005E-14));
#12145=CARTESIAN_POINT('',(-171.803955217786,38.6600694712915,-3.5527136788005E-14));
#12146=CARTESIAN_POINT('Origin',(-171.782001739248,38.7576299385931,-3.5527136788005E-14));
#12147=CARTESIAN_POINT('',(-161.664808491214,69.5736278736354,-3.5527136788005E-14));
#12148=CARTESIAN_POINT('Origin',(0.,0.,0.));
#12149=CARTESIAN_POINT('',(-161.716534020441,69.704753241192,-3.5527136788005E-14));
#12150=CARTESIAN_POINT('Origin',(-161.756663496039,69.6131583440182,-3.5527136788005E-14));
#12151=CARTESIAN_POINT('',(-162.083492261463,69.8655246622281,0.));
#12152=CARTESIAN_POINT('',(-121.896934144754,52.2590252496722,0.));
#12153=CARTESIAN_POINT('',(-162.106317958168,69.8756873171637,0.));
#12154=CARTESIAN_POINT('Origin',(-161.240773273919,71.7890175028786,-3.5527136788005E-14));
#12155=CARTESIAN_POINT('',(-162.447825888656,70.027736444077,-3.5527136788005E-14));
#12156=CARTESIAN_POINT('',(-122.247190944333,52.1292605992478,0.));
#12157=CARTESIAN_POINT('',(-162.580352859664,69.9759163143095,-3.5527136788005E-14));
#12158=CARTESIAN_POINT('Origin',(-162.488499552963,69.9363818983127,-3.5527136788005E-14));
#12159=CARTESIAN_POINT('',(-172.660033644538,38.955266420178,-3.5527136788005E-14));
#12160=CARTESIAN_POINT('Origin',(0.,0.,0.));
#12161=CARTESIAN_POINT('',(-172.584439081468,38.8356973277803,-3.5527136788005E-14));
#12162=CARTESIAN_POINT('Origin',(-172.562485602931,38.9332577950819,-3.5527136788005E-14));
#12163=CARTESIAN_POINT('',(-172.194224787297,38.7478896186841,0.));
#12164=CARTESIAN_POINT('',(-129.030679568797,29.0350418867493,0.));
#12165=CARTESIAN_POINT('',(-172.16984848899,38.7424043585523,0.));
#12166=CARTESIAN_POINT('Origin',(-172.643051529517,36.6964134293344,-3.5527136788005E-14));
#12167=CARTESIAN_POINT('',(-128.77459025139,28.9774155603389,0.));
#12168=CARTESIAN_POINT('',(-159.879148052844,73.5843598728477,-3.5527136788005E-14));
#12169=CARTESIAN_POINT('',(-160.011746181947,73.5353050160546,-3.5527136788005E-14));
#12170=CARTESIAN_POINT('Origin',(-159.969988477874,73.62616916823,-3.5527136788005E-14));
#12171=CARTESIAN_POINT('',(-143.666873941238,101.665280858081,0.));
#12172=CARTESIAN_POINT('Origin',(0.,0.,0.));
#12173=CARTESIAN_POINT('',(-143.690206646671,101.804295163992,0.));
#12174=CARTESIAN_POINT('Origin',(-143.748502846886,101.723045222205,0.));
#12175=CARTESIAN_POINT('',(-144.015719711712,102.037848252095,0.));
#12176=CARTESIAN_POINT('',(-108.367931370351,76.4608378481912,0.));
#12177=CARTESIAN_POINT('',(-144.035933677409,102.052534557833,0.));
#12178=CARTESIAN_POINT('Origin',(-142.791499507178,103.744097029621,0.));
#12179=CARTESIAN_POINT('',(-144.338366049183,102.272264537773,0.));
#12180=CARTESIAN_POINT('',(-108.737513806377,76.4067313501393,0.));
#12181=CARTESIAN_POINT('',(-144.478770998705,102.249130708792,0.));
#12182=CARTESIAN_POINT('Origin',(-144.397144574412,102.191362838335,0.));
#12183=CARTESIAN_POINT('',(-160.787742344347,74.0020399165305,-3.5527136788005E-14));
#12184=CARTESIAN_POINT('Origin',(0.,0.,0.));
#12185=CARTESIAN_POINT('',(-160.738659516022,73.8693667022553,-3.5527136788005E-14));
#12186=CARTESIAN_POINT('Origin',(-160.696901811949,73.9602308544307,-3.5527136788005E-14));
#12187=CARTESIAN_POINT('',(-160.375228589672,73.7023476885945,0.));
#12188=CARTESIAN_POINT('',(-120.174324989633,55.2275433152425,0.));
#12189=CARTESIAN_POINT('',(-160.352525421676,73.6919141771602,0.));
#12190=CARTESIAN_POINT('Origin',(-161.240773273919,71.7890175028787,-3.5527136788005E-14));
#12191=CARTESIAN_POINT('',(-119.935813025197,55.1179322993425,0.));
#12192=CARTESIAN_POINT('',(-141.086356396348,105.217109059329,0.));
#12193=CARTESIAN_POINT('',(-141.226256016411,105.196694870073,0.));
#12194=CARTESIAN_POINT('Origin',(-141.166519098846,105.276891507658,0.));
#12195=CARTESIAN_POINT('',(-119.390007609882,129.313673224885,0.));
#12196=CARTESIAN_POINT('Origin',(0.,0.,0.));
#12197=CARTESIAN_POINT('',(-119.38392774033,129.454500876917,0.));
#12198=CARTESIAN_POINT('Origin',(-119.457842841479,129.387146902853,0.));
#12199=CARTESIAN_POINT('',(-119.653769146465,129.750628241425,0.));
#12200=CARTESIAN_POINT('',(-90.1027299880343,97.3209449329373,0.));
#12201=CARTESIAN_POINT('',(-119.670487933855,129.769196335933,0.));
#12202=CARTESIAN_POINT('Origin',(-118.101552022339,131.16506169676,0.));
#12203=CARTESIAN_POINT('',(-119.920627001037,130.047003914394,0.));
#12204=CARTESIAN_POINT('',(-90.4754855346014,97.3448613008546,0.));
#12205=CARTESIAN_POINT('',(-120.062773559042,130.053567445535,0.));
#12206=CARTESIAN_POINT('Origin',(-119.994941483584,129.980090853758,0.));
#12207=CARTESIAN_POINT('',(-141.88825515852,105.814569167345,0.));
#12208=CARTESIAN_POINT('Origin',(0.,0.,0.));
#12209=CARTESIAN_POINT('',(-141.867829220062,105.674590287293,0.));
#12210=CARTESIAN_POINT('Origin',(-141.808092302498,105.754786924878,0.));
#12211=CARTESIAN_POINT('',(-141.547065336949,105.435659501411,0.));
#12212=CARTESIAN_POINT('',(-106.065775748031,79.0063360897042,0.));
#12213=CARTESIAN_POINT('',(-141.527027536648,105.420733733189,0.));
#12214=CARTESIAN_POINT('Origin',(-142.791499507178,103.744097029621,0.));
#12215=CARTESIAN_POINT('',(-105.855265253919,78.8495309116815,0.));
#12216=CARTESIAN_POINT('',(-116.127413957881,132.251365692211,0.));
#12217=CARTESIAN_POINT('',(-116.268500784193,132.260484368522,0.));
#12218=CARTESIAN_POINT('Origin',(-116.193395443084,132.326508513627,0.));
#12219=CARTESIAN_POINT('',(-89.895225049156,151.310437555912,0.));
#12220=CARTESIAN_POINT('Origin',(0.,0.,0.));
#12221=CARTESIAN_POINT('',(-89.8599983240927,151.446923709906,0.));
#12222=CARTESIAN_POINT('Origin',(-89.9463018815703,151.396409395433,0.));
#12223=CARTESIAN_POINT('',(-90.0623747070298,151.792683164013,0.));
#12224=CARTESIAN_POINT('',(-67.8996069443726,113.927659726408,0.));
#12225=CARTESIAN_POINT('',(-90.0748676248779,151.814321532461,0.));
#12226=CARTESIAN_POINT('Origin',(-88.2500000000001,152.853483767953,0.));
#12227=CARTESIAN_POINT('',(-90.2617811099324,152.138065185195,0.));
#12228=CARTESIAN_POINT('',(-68.2592443954156,114.028553700253,0.));
#12229=CARTESIAN_POINT('',(-90.3994567897401,152.174039218652,0.));
#12230=CARTESIAN_POINT('Origin',(-90.3483836503108,152.088065185195,0.));
#12231=CARTESIAN_POINT('',(-116.787570366876,133.002493990909,0.));
#12232=CARTESIAN_POINT('Origin',(0.,0.,0.));
#12233=CARTESIAN_POINT('',(-116.796694029812,132.861327193832,0.));
#12234=CARTESIAN_POINT('Origin',(-116.721588688703,132.927351338937,0.));
#12235=CARTESIAN_POINT('',(-116.532616110824,132.560927057588,0.));
#12236=CARTESIAN_POINT('',(-87.3216431461797,99.3321728625832,0.));
#12237=CARTESIAN_POINT('',(-116.516119426244,132.542161360272,0.));
#12238=CARTESIAN_POINT('Origin',(-118.101552022339,131.16506169676,0.));
#12239=CARTESIAN_POINT('',(-87.148334441127,99.135026661152,0.));
#12240=CARTESIAN_POINT('',(-86.0931462882972,153.505603031882,0.));
#12241=CARTESIAN_POINT('',(-86.2292541495402,153.543856043848,0.));
#12242=CARTESIAN_POINT('Origin',(-86.1420628486883,153.592822124514,0.));
#12243=CARTESIAN_POINT('',(-56.4715897886327,166.694209697711,0.));
#12244=CARTESIAN_POINT('Origin',(0.,0.,0.));
#12245=CARTESIAN_POINT('',(-56.4087557849803,166.820389253803,0.));
#12246=CARTESIAN_POINT('Origin',(-56.5036759191945,166.788922316857,0.));
#12247=CARTESIAN_POINT('',(-56.5348223256756,167.200669450228,0.));
#12248=CARTESIAN_POINT('',(-42.7289452587787,125.555189104269,0.));
#12249=CARTESIAN_POINT('',(-56.5425433735245,167.224432392082,0.));
#12250=CARTESIAN_POINT('Origin',(-54.5414995071783,167.861475126095,0.));
#12251=CARTESIAN_POINT('',(-56.6580622602438,167.579962967971,0.));
#12252=CARTESIAN_POINT('',(-43.059746731955,125.728651133242,0.));
#12253=CARTESIAN_POINT('',(-56.7852499740055,167.643775265859,0.));
#12254=CARTESIAN_POINT('Origin',(-56.7531679118733,167.549061268533,0.));
#12255=CARTESIAN_POINT('',(-86.5827083412618,154.377571610296,0.));
#12256=CARTESIAN_POINT('Origin',(0.,0.,0.));
#12257=CARTESIAN_POINT('',(-86.62098285774,154.241386562618,0.));
#12258=CARTESIAN_POINT('Origin',(-86.5337915568882,154.290352643284,0.));
#12259=CARTESIAN_POINT('',(-86.4251323751234,153.892646003447,0.));
#12260=CARTESIAN_POINT('',(-64.7611357231076,115.316717032719,0.));
#12261=CARTESIAN_POINT('',(-86.4128977905393,153.870860528058,0.));
#12262=CARTESIAN_POINT('Origin',(-88.2500000000001,152.853483767953,0.));
#12263=CARTESIAN_POINT('',(-64.6326032291518,115.087846042894,0.));
#12264=CARTESIAN_POINT('',(-52.2961950051642,168.050908917452,0.));
#12265=CARTESIAN_POINT('',(-52.4213753346832,168.116624424892,0.));
#12266=CARTESIAN_POINT('Origin',(-52.3259087523262,168.146392388428,0.));
#12267=CARTESIAN_POINT('',(-20.5798750735937,174.792644988155,0.));
#12268=CARTESIAN_POINT('Origin',(0.,0.,0.));
#12269=CARTESIAN_POINT('',(-20.4921799388227,174.903003294269,0.));
#12270=CARTESIAN_POINT('Origin',(-20.5915681844309,174.891958990989,0.));
#12271=CARTESIAN_POINT('',(-20.5364269245136,175.301184163639,3.5527136788005E-14));
#12272=CARTESIAN_POINT('',(-15.6908236291486,131.695354237632,0.));
#12273=CARTESIAN_POINT('',(-20.5390386555224,175.326033124313,3.5527136788005E-14));
#12274=CARTESIAN_POINT('Origin',(-18.449273766741,175.5331145325,0.));
#12275=CARTESIAN_POINT('',(-20.5781142142359,175.697812231166,0.));
#12276=CARTESIAN_POINT('',(-15.9783315127187,131.933803198703,0.));
#12277=CARTESIAN_POINT('',(-20.6892552485459,175.786673889861,0.));
#12278=CARTESIAN_POINT('Origin',(-20.6775664037727,175.687359384839,0.));
#12279=CARTESIAN_POINT('',(-52.5937664912039,169.005608564535,0.));
#12280=CARTESIAN_POINT('Origin',(0.,0.,0.));
#12281=CARTESIAN_POINT('',(-52.659519081193,168.88035720633,0.));
#12282=CARTESIAN_POINT('Origin',(-52.564052498836,168.910125169865,0.));
#12283=CARTESIAN_POINT('',(-52.540455640833,168.49851786011,0.));
#12284=CARTESIAN_POINT('',(-39.3702559105284,126.261367317523,0.));
#12285=CARTESIAN_POINT('',(-52.5330178662995,168.474664736459,0.));
#12286=CARTESIAN_POINT('Origin',(-54.5414995071784,167.861475126095,0.));
#12287=CARTESIAN_POINT('',(-39.2921171144229,126.010774299805,0.));
#12288=CARTESIAN_POINT('Origin',(172.694815688441,34.4631779488684,3.5527136788005E-14));
#12289=CARTESIAN_POINT('',(172.596749353581,34.4436077172109,2.00000000000003));
#12290=CARTESIAN_POINT('',(172.675189772071,34.5612331547814,2.00000000000003));
#12291=CARTESIAN_POINT('Origin',(172.694815688441,34.4631779488684,2.00000000000003));
#12292=CARTESIAN_POINT('',(172.596749353581,34.4436077172109,3.5527136788005E-14));
#12293=CARTESIAN_POINT('',(172.675189772071,34.5612331547814,3.5527136788005E-14));
#12294=CARTESIAN_POINT('Origin',(173.042938523614,34.6348386933722,3.5527136788005E-14));
#12295=CARTESIAN_POINT('',(173.042938523614,34.6348386933722,2.00000000000003));
#12296=CARTESIAN_POINT('',(173.042938523614,34.6348386933722,3.5527136788005E-14));
#12297=CARTESIAN_POINT('',(173.0674384365,34.6397423926392,2.00000000000003));
#12298=CARTESIAN_POINT('Origin',(173.47925746165,34.6201853050266,3.5527136788005E-14));
#12299=CARTESIAN_POINT('',(173.459631545281,34.7182405109397,2.00000000000003));
#12300=CARTESIAN_POINT('',(173.577323746253,34.639755788523,2.00000000000003));
#12301=CARTESIAN_POINT('Origin',(173.47925746165,34.6201853050266,2.00000000000003));
#12302=CARTESIAN_POINT('',(173.459631545281,34.7182405109397,3.5527136788005E-14));
#12303=CARTESIAN_POINT('',(173.577323746253,34.639755788523,3.5527136788005E-14));
#12304=CARTESIAN_POINT('Origin',(0.,0.,3.5527136788005E-14));
#12305=CARTESIAN_POINT('',(176.986312154712,2.20120645890235,2.00000000000003));
#12306=CARTESIAN_POINT('',(176.986312154712,2.20120645890235,3.5527136788005E-14));
#12307=CARTESIAN_POINT('Origin',(0.,0.,2.00000000000003));
#12308=CARTESIAN_POINT('Origin',(176.886319887958,2.19996283943404,3.5527136788005E-14));
#12309=CARTESIAN_POINT('',(176.886319887958,2.09996283943404,2.00000000000003));
#12310=CARTESIAN_POINT('Origin',(176.886319887958,2.19996283943404,2.00000000000003));
#12311=CARTESIAN_POINT('',(176.886319887958,2.09996283943404,3.5527136788005E-14));
#12312=CARTESIAN_POINT('Origin',(176.512492917849,2.09996283943404,3.5527136788005E-14));
#12313=CARTESIAN_POINT('',(176.512492917849,2.09996283943404,2.00000000000003));
#12314=CARTESIAN_POINT('',(176.512492917849,2.09996283943404,3.5527136788005E-14));
#12315=CARTESIAN_POINT('',(176.487507082153,2.09996283943404,2.00000000000003));
#12316=CARTESIAN_POINT('Origin',(176.086287518979,2.19757770818758,3.5527136788005E-14));
#12317=CARTESIAN_POINT('',(176.086882419829,2.09757947773834,2.00000000000003));
#12318=CARTESIAN_POINT('',(175.986295305737,2.19632979353216,2.00000000000003));
#12319=CARTESIAN_POINT('Origin',(176.086287518979,2.19757770818758,2.00000000000003));
#12320=CARTESIAN_POINT('',(176.086882419829,2.09757947773834,3.5527136788005E-14));
#12321=CARTESIAN_POINT('',(175.986295305737,2.19632979353216,3.5527136788005E-14));
#12322=CARTESIAN_POINT('Origin',(0.,0.,3.5527136788005E-14));
#12323=CARTESIAN_POINT('Origin',(0.,0.,2.00000000000003));
#12324=CARTESIAN_POINT('Origin',(173.557714466065,34.7378719744881,3.5527136788005E-14));
#12325=CARTESIAN_POINT('',(173.0674384365,34.6397423926392,2.00000000000003));
#12326=CARTESIAN_POINT('',(173.0674384365,34.6397423926392,2.00000000000003));
#12327=CARTESIAN_POINT('',(173.0674384365,34.6397423926392,3.5527136788005E-14));
#12328=CARTESIAN_POINT('Origin',(176.5,1.77635683940025E-14,3.5527136788005E-14));
#12329=CARTESIAN_POINT('',(176.487507082153,2.09996283943404,2.00000000000003));
#12330=CARTESIAN_POINT('',(176.487507082153,2.09996283943404,3.5527136788005E-14));
#12331=CARTESIAN_POINT('Origin',(176.5,1.77635683940025E-14,2.00000000000003));
#12332=CARTESIAN_POINT('Origin',(175.987507057017,2.09698828239892,3.5527136788005E-14));
#12333=CARTESIAN_POINT('',(176.487507082153,2.09996283943404,2.00000000000003));
#12334=CARTESIAN_POINT('Origin',(172.643051529517,36.6964134293346,3.5527136788005E-14));
#12335=CARTESIAN_POINT('Origin',(172.643051529517,36.6964134293346,2.00000000000003));
#12336=CARTESIAN_POINT('Origin',(174.782352391152,18.4174301284435,2.00000000000003));
#12337=CARTESIAN_POINT('Origin',(-176.5,0.,0.));
#12338=CARTESIAN_POINT('',(-177.6,-1.34711147906213E-16,1.99999999999999));
#12339=CARTESIAN_POINT('',(-177.6,-1.34711147906213E-16,-1.34711147906213E-16));
#12340=CARTESIAN_POINT('Origin',(-176.5,0.,1.99999999999999));
#12341=CARTESIAN_POINT('Origin',(-176.5,0.,1.99999999999999));
#12342=CARTESIAN_POINT('Origin',(-172.643051529517,36.6964134293345,0.));
#12343=CARTESIAN_POINT('',(-173.719013890324,36.9251162892341,1.99999999999999));
#12344=CARTESIAN_POINT('',(-173.719013890324,36.9251162892341,-1.31767386116559E-16));
#12345=CARTESIAN_POINT('Origin',(-172.643051529517,36.6964134293345,1.99999999999999));
#12346=CARTESIAN_POINT('Origin',(-172.643051529517,36.6964134293345,1.99999999999999));
#12347=CARTESIAN_POINT('Origin',(-161.240773273919,71.7890175028787,0.));
#12348=CARTESIAN_POINT('',(-162.245673277326,72.2364278102621,1.99999999999999));
#12349=CARTESIAN_POINT('',(-162.245673277326,72.2364278102621,-1.23064757263541E-16));
#12350=CARTESIAN_POINT('Origin',(-161.240773273919,71.7890175028787,1.99999999999999));
#12351=CARTESIAN_POINT('Origin',(-161.240773273919,71.7890175028787,1.99999999999999));
#12352=CARTESIAN_POINT('Origin',(-142.791499507178,103.744097029622,0.));
#12353=CARTESIAN_POINT('',(-143.681418200991,104.390660807143,1.99999999999999));
#12354=CARTESIAN_POINT('',(-143.681418200991,104.390660807143,-1.08983607987883E-16));
#12355=CARTESIAN_POINT('Origin',(-142.791499507178,103.744097029622,1.99999999999999));
#12356=CARTESIAN_POINT('Origin',(-142.791499507178,103.744097029622,1.99999999999999));
#12357=CARTESIAN_POINT('Origin',(-118.101552022338,131.16506169676,0.));
#12358=CARTESIAN_POINT('',(-118.837595689333,131.982521004785,1.99999999999999));
#12359=CARTESIAN_POINT('',(-118.837595689333,131.982521004785,-9.01393520817818E-17));
#12360=CARTESIAN_POINT('Origin',(-118.101552022338,131.16506169676,1.99999999999999));
#12361=CARTESIAN_POINT('Origin',(-118.101552022338,131.16506169676,1.99999999999999));
#12362=CARTESIAN_POINT('Origin',(-88.25,152.853483767953,0.));
#12363=CARTESIAN_POINT('',(-88.8,153.806111712116,1.99999999999999));
#12364=CARTESIAN_POINT('',(-88.8,153.806111712116,-6.73555739531063E-17));
#12365=CARTESIAN_POINT('Origin',(-88.25,152.853483767953,1.99999999999999));
#12366=CARTESIAN_POINT('Origin',(-88.25,152.853483767953,1.99999999999999));
#12367=CARTESIAN_POINT('Origin',(-54.5414995071782,167.861475126095,0.));
#12368=CARTESIAN_POINT('',(-54.8814182009907,168.907637294019,1.99999999999999));
#12369=CARTESIAN_POINT('',(-54.8814182009907,168.907637294019,-4.16280340347768E-17));
#12370=CARTESIAN_POINT('Origin',(-54.5414995071782,167.861475126095,1.99999999999999));
#12371=CARTESIAN_POINT('Origin',(-54.5414995071782,167.861475126095,1.99999999999999));
#12372=CARTESIAN_POINT('Origin',(-18.4492737667409,175.5331145325,0.));
#12373=CARTESIAN_POINT('',(-18.5642550763353,176.627088617405,2.00000000000003));
#12374=CARTESIAN_POINT('',(-18.5642550763353,176.627088617405,-1.4081149275658E-17));
#12375=CARTESIAN_POINT('Origin',(-18.4492737667409,175.5331145325,2.00000000000003));
#12376=CARTESIAN_POINT('Origin',(-18.4492737667409,175.5331145325,2.00000000000003));
#12377=CARTESIAN_POINT('Origin',(18.4492737667408,175.5331145325,0.));
#12378=CARTESIAN_POINT('',(18.5642550763352,176.627088617405,2.00000000000003));
#12379=CARTESIAN_POINT('',(18.5642550763352,176.627088617405,1.40811492756579E-17));
#12380=CARTESIAN_POINT('Origin',(18.4492737667408,175.5331145325,2.00000000000003));
#12381=CARTESIAN_POINT('Origin',(18.4492737667408,175.5331145325,2.00000000000003));
#12382=CARTESIAN_POINT('Origin',(54.5414995071782,167.861475126095,3.5527136788005E-14));
#12383=CARTESIAN_POINT('',(54.8814182009907,168.907637294019,2.00000000000003));
#12384=CARTESIAN_POINT('',(54.8814182009907,168.907637294019,3.55687648220398E-14));
#12385=CARTESIAN_POINT('Origin',(54.5414995071782,167.861475126095,2.00000000000003));
#12386=CARTESIAN_POINT('Origin',(54.5414995071782,167.861475126095,2.00000000000003));
#12387=CARTESIAN_POINT('Origin',(88.25,152.853483767953,3.5527136788005E-14));
#12388=CARTESIAN_POINT('',(88.8,153.806111712116,2.00000000000003));
#12389=CARTESIAN_POINT('',(88.8,153.806111712116,3.55944923619581E-14));
#12390=CARTESIAN_POINT('Origin',(88.25,152.853483767953,2.00000000000003));
#12391=CARTESIAN_POINT('Origin',(88.25,152.853483767953,2.00000000000003));
#12392=CARTESIAN_POINT('Origin',(118.101552022338,131.16506169676,3.5527136788005E-14));
#12393=CARTESIAN_POINT('',(118.837595689333,131.982521004785,2.00000000000003));
#12394=CARTESIAN_POINT('',(118.837595689333,131.982521004785,3.56172761400868E-14));
#12395=CARTESIAN_POINT('Origin',(118.101552022338,131.16506169676,2.00000000000003));
#12396=CARTESIAN_POINT('Origin',(118.101552022338,131.16506169676,2.00000000000003));
#12397=CARTESIAN_POINT('Origin',(142.791499507178,103.744097029622,3.5527136788005E-14));
#12398=CARTESIAN_POINT('',(143.681418200991,104.390660807143,2.00000000000003));
#12399=CARTESIAN_POINT('',(143.681418200991,104.390660807143,3.56361203959929E-14));
#12400=CARTESIAN_POINT('Origin',(142.791499507178,103.744097029622,2.00000000000003));
#12401=CARTESIAN_POINT('Origin',(142.791499507178,103.744097029622,2.00000000000003));
#12402=CARTESIAN_POINT('Origin',(161.240773273919,71.7890175028788,3.5527136788005E-14));
#12403=CARTESIAN_POINT('',(162.245673277326,72.2364278102622,2.00000000000003));
#12404=CARTESIAN_POINT('',(162.245673277326,72.2364278102622,3.56502015452686E-14));
#12405=CARTESIAN_POINT('Origin',(161.240773273919,71.7890175028788,2.00000000000003));
#12406=CARTESIAN_POINT('Origin',(161.240773273919,71.7890175028788,2.00000000000003));
#12407=CARTESIAN_POINT('Origin',(172.643051529517,36.6964134293346,3.5527136788005E-14));
#12408=CARTESIAN_POINT('',(173.719013890324,36.9251162892341,2.00000000000003));
#12409=CARTESIAN_POINT('',(173.719013890324,36.9251162892341,3.56589041741216E-14));
#12410=CARTESIAN_POINT('Origin',(172.643051529517,36.6964134293346,2.00000000000003));
#12411=CARTESIAN_POINT('Origin',(172.643051529517,36.6964134293346,2.00000000000003));
#12412=CARTESIAN_POINT('Origin',(176.5,1.77635683940025E-14,3.5527136788005E-14));
#12413=CARTESIAN_POINT('',(177.6,1.80329906898149E-14,2.00000000000003));
#12414=CARTESIAN_POINT('',(177.6,1.80329906898149E-14,3.56618479359112E-14));
#12415=CARTESIAN_POINT('Origin',(176.5,1.77635683940025E-14,2.00000000000003));
#12416=CARTESIAN_POINT('Origin',(176.5,1.77635683940025E-14,2.00000000000003));
#12417=CARTESIAN_POINT('Origin',(172.643051529517,-36.6964134293345,3.5527136788005E-14));
#12418=CARTESIAN_POINT('',(173.719013890324,-36.925116289234,2.00000000000003));
#12419=CARTESIAN_POINT('',(173.719013890324,-36.925116289234,3.56589041741216E-14));
#12420=CARTESIAN_POINT('Origin',(172.643051529517,-36.6964134293345,2.00000000000003));
#12421=CARTESIAN_POINT('Origin',(172.643051529517,-36.6964134293345,2.00000000000003));
#12422=CARTESIAN_POINT('Origin',(161.240773273919,-71.7890175028787,3.5527136788005E-14));
#12423=CARTESIAN_POINT('',(162.245673277326,-72.2364278102621,2.00000000000003));
#12424=CARTESIAN_POINT('',(162.245673277326,-72.2364278102621,3.56502015452686E-14));
#12425=CARTESIAN_POINT('Origin',(161.240773273919,-71.7890175028787,2.00000000000003));
#12426=CARTESIAN_POINT('Origin',(161.240773273919,-71.7890175028787,2.00000000000003));
#12427=CARTESIAN_POINT('Origin',(142.791499507178,-103.744097029622,3.5527136788005E-14));
#12428=CARTESIAN_POINT('',(143.681418200991,-104.390660807143,2.00000000000003));
#12429=CARTESIAN_POINT('',(143.681418200991,-104.390660807143,3.56361203959929E-14));
#12430=CARTESIAN_POINT('Origin',(142.791499507178,-103.744097029622,2.00000000000003));
#12431=CARTESIAN_POINT('Origin',(142.791499507178,-103.744097029622,2.00000000000003));
#12432=CARTESIAN_POINT('Origin',(118.101552022339,-131.16506169676,3.5527136788005E-14));
#12433=CARTESIAN_POINT('',(118.837595689333,-131.982521004785,2.00000000000003));
#12434=CARTESIAN_POINT('',(118.837595689333,-131.982521004785,3.56172761400868E-14));
#12435=CARTESIAN_POINT('Origin',(118.101552022339,-131.16506169676,2.00000000000003));
#12436=CARTESIAN_POINT('Origin',(118.101552022339,-131.16506169676,2.00000000000003));
#12437=CARTESIAN_POINT('Origin',(88.2500000000001,-152.853483767953,3.5527136788005E-14));
#12438=CARTESIAN_POINT('',(88.8000000000001,-153.806111712116,2.00000000000003));
#12439=CARTESIAN_POINT('',(88.8000000000001,-153.806111712116,3.55944923619581E-14));
#12440=CARTESIAN_POINT('Origin',(88.2500000000001,-152.853483767953,2.00000000000003));
#12441=CARTESIAN_POINT('Origin',(88.2500000000001,-152.853483767953,2.00000000000003));
#12442=CARTESIAN_POINT('Origin',(54.5414995071782,-167.861475126095,3.5527136788005E-14));
#12443=CARTESIAN_POINT('',(54.8814182009907,-168.907637294019,2.00000000000003));
#12444=CARTESIAN_POINT('',(54.8814182009907,-168.907637294019,3.55687648220398E-14));
#12445=CARTESIAN_POINT('Origin',(54.5414995071782,-167.861475126095,2.00000000000003));
#12446=CARTESIAN_POINT('Origin',(54.5414995071782,-167.861475126095,2.00000000000003));
#12447=CARTESIAN_POINT('Origin',(18.449273766741,-175.5331145325,0.));
#12448=CARTESIAN_POINT('',(18.5642550763354,-176.627088617405,2.00000000000003));
#12449=CARTESIAN_POINT('',(18.5642550763354,-176.627088617405,1.40811492756581E-17));
#12450=CARTESIAN_POINT('Origin',(18.449273766741,-175.5331145325,2.00000000000003));
#12451=CARTESIAN_POINT('Origin',(18.449273766741,-175.5331145325,2.00000000000003));
#12452=CARTESIAN_POINT('Origin',(-18.4492737667408,-175.5331145325,0.));
#12453=CARTESIAN_POINT('',(-18.5642550763352,-176.627088617405,2.00000000000003));
#12454=CARTESIAN_POINT('',(-18.5642550763352,-176.627088617405,-1.40811492756579E-17));
#12455=CARTESIAN_POINT('Origin',(-18.4492737667408,-175.5331145325,2.00000000000003));
#12456=CARTESIAN_POINT('Origin',(-18.4492737667408,-175.5331145325,2.00000000000003));
#12457=CARTESIAN_POINT('Origin',(-54.5414995071782,-167.861475126095,0.));
#12458=CARTESIAN_POINT('',(-54.8814182009906,-168.907637294019,1.99999999999999));
#12459=CARTESIAN_POINT('',(-54.8814182009906,-168.907637294019,-4.16280340347767E-17));
#12460=CARTESIAN_POINT('Origin',(-54.5414995071782,-167.861475126095,1.99999999999999));
#12461=CARTESIAN_POINT('Origin',(-54.5414995071782,-167.861475126095,1.99999999999999));
#12462=CARTESIAN_POINT('Origin',(-88.2499999999999,-152.853483767953,0.));
#12463=CARTESIAN_POINT('',(-88.7999999999999,-153.806111712116,1.99999999999999));
#12464=CARTESIAN_POINT('',(-88.7999999999999,-153.806111712116,-6.73555739531061E-17));
#12465=CARTESIAN_POINT('Origin',(-88.2499999999999,-152.853483767953,1.99999999999999));
#12466=CARTESIAN_POINT('Origin',(-88.2499999999999,-152.853483767953,1.99999999999999));
#12467=CARTESIAN_POINT('Origin',(-118.101552022338,-131.16506169676,0.));
#12468=CARTESIAN_POINT('',(-118.837595689333,-131.982521004785,1.99999999999999));
#12469=CARTESIAN_POINT('',(-118.837595689333,-131.982521004785,-9.01393520817818E-17));
#12470=CARTESIAN_POINT('Origin',(-118.101552022338,-131.16506169676,1.99999999999999));
#12471=CARTESIAN_POINT('Origin',(-118.101552022338,-131.16506169676,1.99999999999999));
#12472=CARTESIAN_POINT('Origin',(-142.791499507178,-103.744097029622,0.));
#12473=CARTESIAN_POINT('',(-143.681418200991,-104.390660807143,1.99999999999999));
#12474=CARTESIAN_POINT('',(-143.681418200991,-104.390660807143,-1.08983607987883E-16));
#12475=CARTESIAN_POINT('Origin',(-142.791499507178,-103.744097029622,1.99999999999999));
#12476=CARTESIAN_POINT('Origin',(-142.791499507178,-103.744097029622,1.99999999999999));
#12477=CARTESIAN_POINT('Origin',(-161.240773273919,-71.7890175028789,0.));
#12478=CARTESIAN_POINT('',(-162.245673277326,-72.2364278102623,1.99999999999999));
#12479=CARTESIAN_POINT('',(-162.245673277326,-72.2364278102623,-1.23064757263541E-16));
#12480=CARTESIAN_POINT('Origin',(-161.240773273919,-71.7890175028789,1.99999999999999));
#12481=CARTESIAN_POINT('Origin',(-161.240773273919,-71.7890175028789,1.99999999999999));
#12482=CARTESIAN_POINT('Origin',(-172.643051529517,-36.6964134293346,0.));
#12483=CARTESIAN_POINT('',(-173.719013890324,-36.9251162892342,1.99999999999999));
#12484=CARTESIAN_POINT('',(-173.719013890324,-36.9251162892342,-1.31767386116559E-16));
#12485=CARTESIAN_POINT('Origin',(-172.643051529517,-36.6964134293346,1.99999999999999));
#12486=CARTESIAN_POINT('Origin',(-172.643051529517,-36.6964134293346,1.99999999999999));
#12487=CARTESIAN_POINT('Origin',(176.086317223118,-2.19519630089728,3.5527136788005E-14));
#12488=CARTESIAN_POINT('',(175.986324993008,-2.19394973854582,2.00000000000003));
#12489=CARTESIAN_POINT('',(176.087507003764,-2.09520337903768,2.00000000000003));
#12490=CARTESIAN_POINT('Origin',(176.086317223118,-2.19519630089728,2.00000000000003));
#12491=CARTESIAN_POINT('',(175.986324993008,-2.19394973854582,3.5527136788005E-14));
#12492=CARTESIAN_POINT('',(176.087507003764,-2.0952033790377,3.5527136788005E-14));
#12493=CARTESIAN_POINT('Origin',(176.46252301474,-2.09966556279372,3.5527136788005E-14));
#12494=CARTESIAN_POINT('',(176.46252301474,-2.09966556279372,2.00000000000003));
#12495=CARTESIAN_POINT('',(176.46252301474,-2.09966556279372,3.5527136788005E-14));
#12496=CARTESIAN_POINT('',(176.487507082153,-2.09996283943394,2.00000000000003));
#12497=CARTESIAN_POINT('Origin',(176.886260726388,-2.20471454758956,3.5527136788005E-14));
#12498=CARTESIAN_POINT('',(176.887450507033,-2.10472162572998,2.00000000000003));
#12499=CARTESIAN_POINT('',(176.986252959698,-2.20596085315632,2.00000000000003));
#12500=CARTESIAN_POINT('Origin',(176.886260726388,-2.20471454758956,2.00000000000003));
#12501=CARTESIAN_POINT('',(176.887450507033,-2.10472162572998,3.5527136788005E-14));
#12502=CARTESIAN_POINT('',(176.986252959698,-2.20596085315632,3.5527136788005E-14));
#12503=CARTESIAN_POINT('Origin',(0.,0.,3.5527136788005E-14));
#12504=CARTESIAN_POINT('',(173.576393153566,-34.6444185951909,2.00000000000003));
#12505=CARTESIAN_POINT('',(173.576393153566,-34.6444185951909,3.5527136788005E-14));
#12506=CARTESIAN_POINT('Origin',(0.,0.,2.00000000000003));
#12507=CARTESIAN_POINT('Origin',(173.478327394722,-34.6248454773405,3.5527136788005E-14));
#12508=CARTESIAN_POINT('',(173.45753622564,-34.7226602374139,2.00000000000003));
#12509=CARTESIAN_POINT('Origin',(173.478327394722,-34.6248454773405,2.00000000000003));
#12510=CARTESIAN_POINT('',(173.45753622564,-34.7226602374139,3.5527136788005E-14));
#12511=CARTESIAN_POINT('Origin',(173.091878271738,-34.6449372399853,3.5527136788005E-14));
#12512=CARTESIAN_POINT('',(173.091878271738,-34.6449372399853,2.00000000000003));
#12513=CARTESIAN_POINT('',(173.091878271738,-34.6449372399853,3.5527136788005E-14));
#12514=CARTESIAN_POINT('',(173.0674384365,-34.6397423926391,2.00000000000003));
#12515=CARTESIAN_POINT('Origin',(172.695281755825,-34.4608424052032,3.5527136788005E-14));
#12516=CARTESIAN_POINT('',(172.675072855492,-34.5587791212363,2.00000000000003));
#12517=CARTESIAN_POINT('',(172.597215156304,-34.4412734998056,2.00000000000003));
#12518=CARTESIAN_POINT('Origin',(172.695281755825,-34.4608424052032,2.00000000000003));
#12519=CARTESIAN_POINT('',(172.675072855492,-34.5587791212363,3.5527136788005E-14));
#12520=CARTESIAN_POINT('',(172.597215156304,-34.4412734998056,3.5527136788005E-14));
#12521=CARTESIAN_POINT('Origin',(0.,0.,3.5527136788005E-14));
#12522=CARTESIAN_POINT('Origin',(0.,0.,2.00000000000003));
#12523=CARTESIAN_POINT('Origin',(176.987471691451,-2.10591174266181,3.5527136788005E-14));
#12524=CARTESIAN_POINT('',(176.487507082153,-2.09996283943394,2.00000000000003));
#12525=CARTESIAN_POINT('',(176.487507082153,-2.09996283943394,2.00000000000003));
#12526=CARTESIAN_POINT('',(176.487507082153,-2.09996283943394,3.5527136788005E-14));
#12527=CARTESIAN_POINT('Origin',(172.643051529517,-36.6964134293345,3.5527136788005E-14));
#12528=CARTESIAN_POINT('',(173.0674384365,-34.6397423926391,2.00000000000003));
#12529=CARTESIAN_POINT('',(173.0674384365,-34.6397423926391,3.5527136788005E-14));
#12530=CARTESIAN_POINT('Origin',(172.643051529517,-36.6964134293345,2.00000000000003));
#12531=CARTESIAN_POINT('Origin',(172.577746166363,-34.5386960978313,3.5527136788005E-14));
#12532=CARTESIAN_POINT('',(173.0674384365,-34.6397423926391,2.00000000000003));
#12533=CARTESIAN_POINT('Origin',(176.5,7.105427357601E-14,3.5527136788005E-14));
#12534=CARTESIAN_POINT('Origin',(176.5,7.105427357601E-14,2.00000000000003));
#12535=CARTESIAN_POINT('Origin',(174.792137680538,-18.3243293189303,2.00000000000003));
#12536=CARTESIAN_POINT('Origin',(171.782001739248,-38.7576299385932,3.5527136788005E-14));
#12537=CARTESIAN_POINT('',(171.684453754161,-38.7356210629892,2.00000000000003));
#12538=CARTESIAN_POINT('',(171.803955217786,-38.6600694712916,2.00000000000003));
#12539=CARTESIAN_POINT('Origin',(171.782001739248,-38.7576299385932,2.00000000000003));
#12540=CARTESIAN_POINT('',(171.684453754161,-38.7356210629892,3.5527136788005E-14));
#12541=CARTESIAN_POINT('',(171.803955217786,-38.6600694712916,3.5527136788005E-14));
#12542=CARTESIAN_POINT('Origin',(172.16984848899,-38.7424043585524,3.5527136788005E-14));
#12543=CARTESIAN_POINT('',(172.16984848899,-38.7424043585524,2.00000000000003));
#12544=CARTESIAN_POINT('',(172.16984848899,-38.7424043585524,3.5527136788005E-14));
#12545=CARTESIAN_POINT('',(172.194224787297,-38.7478896186842,2.00000000000003));
#12546=CARTESIAN_POINT('Origin',(172.562485602931,-38.9332577950819,3.5527136788005E-14));
#12547=CARTESIAN_POINT('',(172.584439081468,-38.8356973277804,2.00000000000003));
#12548=CARTESIAN_POINT('',(172.660033644538,-38.9552664201781,2.00000000000003));
#12549=CARTESIAN_POINT('Origin',(172.562485602931,-38.9332577950819,2.00000000000003));
#12550=CARTESIAN_POINT('',(172.584439081468,-38.8356973277804,3.5527136788005E-14));
#12551=CARTESIAN_POINT('',(172.660033644538,-38.9552664201781,3.5527136788005E-14));
#12552=CARTESIAN_POINT('Origin',(0.,0.,3.5527136788005E-14));
#12553=CARTESIAN_POINT('',(162.580352859664,-69.9759163143096,2.00000000000003));
#12554=CARTESIAN_POINT('',(162.580352859664,-69.9759163143096,3.5527136788005E-14));
#12555=CARTESIAN_POINT('Origin',(0.,0.,2.00000000000003));
#12556=CARTESIAN_POINT('Origin',(162.488499552963,-69.9363818983128,3.5527136788005E-14));
#12557=CARTESIAN_POINT('',(162.447825888656,-70.0277364440771,2.00000000000003));
#12558=CARTESIAN_POINT('Origin',(162.488499552963,-69.9363818983128,2.00000000000003));
#12559=CARTESIAN_POINT('',(162.447825888656,-70.0277364440771,3.5527136788005E-14));
#12560=CARTESIAN_POINT('Origin',(162.106317958168,-69.8756873171638,3.5527136788005E-14));
#12561=CARTESIAN_POINT('',(162.106317958168,-69.8756873171638,2.00000000000003));
#12562=CARTESIAN_POINT('',(162.106317958168,-69.8756873171638,3.5527136788005E-14));
#12563=CARTESIAN_POINT('',(162.083492261463,-69.8655246622282,2.00000000000003));
#12564=CARTESIAN_POINT('Origin',(161.756663496039,-69.6131583440182,3.5527136788005E-14));
#12565=CARTESIAN_POINT('',(161.716534020441,-69.7047532411921,2.00000000000003));
#12566=CARTESIAN_POINT('',(161.664808491214,-69.5736278736355,2.00000000000003));
#12567=CARTESIAN_POINT('Origin',(161.756663496039,-69.6131583440182,2.00000000000003));
#12568=CARTESIAN_POINT('',(161.716534020441,-69.7047532411921,3.5527136788005E-14));
#12569=CARTESIAN_POINT('',(161.664808491214,-69.5736278736355,3.5527136788005E-14));
#12570=CARTESIAN_POINT('Origin',(0.,0.,3.5527136788005E-14));
#12571=CARTESIAN_POINT('Origin',(0.,0.,2.00000000000003));
#12572=CARTESIAN_POINT('Origin',(172.682027123805,-38.8576570113716,3.5527136788005E-14));
#12573=CARTESIAN_POINT('',(172.194224787297,-38.7478896186842,2.00000000000003));
#12574=CARTESIAN_POINT('',(172.194224787297,-38.7478896186842,2.00000000000003));
#12575=CARTESIAN_POINT('',(172.194224787297,-38.7478896186842,3.5527136788005E-14));
#12576=CARTESIAN_POINT('Origin',(161.240773273919,-71.7890175028787,3.5527136788005E-14));
#12577=CARTESIAN_POINT('',(162.083492261463,-69.8655246622282,2.00000000000003));
#12578=CARTESIAN_POINT('',(162.083492261463,-69.8655246622282,3.5527136788005E-14));
#12579=CARTESIAN_POINT('Origin',(161.240773273919,-71.7890175028787,2.00000000000003));
#12580=CARTESIAN_POINT('Origin',(161.625509648335,-69.6648737235343,3.5527136788005E-14));
#12581=CARTESIAN_POINT('',(162.083492261463,-69.8655246622282,2.00000000000003));
#12582=CARTESIAN_POINT('Origin',(172.643051529517,-36.6964134293345,3.5527136788005E-14));
#12583=CARTESIAN_POINT('Origin',(172.643051529517,-36.6964134293345,2.00000000000003));
#12584=CARTESIAN_POINT('Origin',(167.162667807551,-54.2652276451791,2.00000000000003));
#12585=CARTESIAN_POINT('Origin',(159.969988477874,-73.62616916823,3.5527136788005E-14));
#12586=CARTESIAN_POINT('',(159.879148052844,-73.5843598728477,2.00000000000003));
#12587=CARTESIAN_POINT('',(160.011746181947,-73.5353050160546,2.00000000000003));
#12588=CARTESIAN_POINT('Origin',(159.969988477874,-73.62616916823,2.00000000000003));
#12589=CARTESIAN_POINT('',(159.879148052844,-73.5843598728477,3.5527136788005E-14));
#12590=CARTESIAN_POINT('',(160.011746181947,-73.5353050160546,3.5527136788005E-14));
#12591=CARTESIAN_POINT('Origin',(160.352525421676,-73.6919141771603,3.5527136788005E-14));
#12592=CARTESIAN_POINT('',(160.352525421676,-73.6919141771603,2.00000000000003));
#12593=CARTESIAN_POINT('',(160.352525421676,-73.6919141771603,3.5527136788005E-14));
#12594=CARTESIAN_POINT('',(160.375228589672,-73.7023476885946,2.00000000000003));
#12595=CARTESIAN_POINT('Origin',(160.696901811949,-73.9602308544307,3.5527136788005E-14));
#12596=CARTESIAN_POINT('',(160.738659516022,-73.8693667022553,2.00000000000003));
#12597=CARTESIAN_POINT('',(160.787742344347,-74.0020399165305,2.00000000000003));
#12598=CARTESIAN_POINT('Origin',(160.696901811949,-73.9602308544307,2.00000000000003));
#12599=CARTESIAN_POINT('',(160.738659516022,-73.8693667022553,3.5527136788005E-14));
#12600=CARTESIAN_POINT('',(160.787742344347,-74.0020399165305,3.5527136788005E-14));
#12601=CARTESIAN_POINT('Origin',(0.,0.,3.5527136788005E-14));
#12602=CARTESIAN_POINT('',(144.478770998705,-102.249130708792,2.00000000000003));
#12603=CARTESIAN_POINT('',(144.478770998705,-102.249130708792,3.5527136788005E-14));
#12604=CARTESIAN_POINT('Origin',(0.,0.,2.00000000000003));
#12605=CARTESIAN_POINT('Origin',(144.397144574412,-102.191362838335,3.5527136788005E-14));
#12606=CARTESIAN_POINT('',(144.338366049183,-102.272264537773,2.00000000000003));
#12607=CARTESIAN_POINT('Origin',(144.397144574412,-102.191362838335,2.00000000000003));
#12608=CARTESIAN_POINT('',(144.338366049183,-102.272264537773,3.5527136788005E-14));
#12609=CARTESIAN_POINT('Origin',(144.035933677409,-102.052534557833,3.5527136788005E-14));
#12610=CARTESIAN_POINT('',(144.035933677409,-102.052534557833,2.00000000000003));
#12611=CARTESIAN_POINT('',(144.035933677409,-102.052534557833,3.5527136788005E-14));
#12612=CARTESIAN_POINT('',(144.015719711712,-102.037848252095,2.00000000000003));
#12613=CARTESIAN_POINT('Origin',(143.748502846886,-101.723045222205,3.5527136788005E-14));
#12614=CARTESIAN_POINT('',(143.690206646671,-101.804295163992,2.00000000000003));
#12615=CARTESIAN_POINT('',(143.666873941238,-101.665280858081,2.00000000000003));
#12616=CARTESIAN_POINT('Origin',(143.748502846886,-101.723045222205,2.00000000000003));
#12617=CARTESIAN_POINT('',(143.690206646671,-101.804295163992,3.5527136788005E-14));
#12618=CARTESIAN_POINT('',(143.666873941238,-101.665280858081,3.5527136788005E-14));
#12619=CARTESIAN_POINT('Origin',(0.,0.,3.5527136788005E-14));
#12620=CARTESIAN_POINT('Origin',(0.,0.,2.00000000000003));
#12621=CARTESIAN_POINT('Origin',(160.829549350549,-73.9111362089588,3.5527136788005E-14));
#12622=CARTESIAN_POINT('',(160.375228589672,-73.7023476885946,2.00000000000003));
#12623=CARTESIAN_POINT('',(160.375228589672,-73.7023476885946,2.00000000000003));
#12624=CARTESIAN_POINT('',(160.375228589672,-73.7023476885946,3.5527136788005E-14));
#12625=CARTESIAN_POINT('Origin',(142.791499507178,-103.744097029621,3.5527136788005E-14));
#12626=CARTESIAN_POINT('',(144.015719711712,-102.037848252095,2.00000000000003));
#12627=CARTESIAN_POINT('',(144.015719711712,-102.037848252095,3.5527136788005E-14));
#12628=CARTESIAN_POINT('Origin',(142.791499507178,-103.744097029621,2.00000000000003));
#12629=CARTESIAN_POINT('Origin',(143.609462793432,-101.746362078366,3.5527136788005E-14));
#12630=CARTESIAN_POINT('',(144.015719711712,-102.037848252095,2.00000000000003));
#12631=CARTESIAN_POINT('Origin',(161.240773273919,-71.7890175028787,3.5527136788005E-14));
#12632=CARTESIAN_POINT('Origin',(161.240773273919,-71.7890175028787,2.00000000000003));
#12633=CARTESIAN_POINT('Origin',(152.227387215899,-87.8344751298811,2.00000000000003));
#12634=CARTESIAN_POINT('Origin',(141.166519098846,-105.276891507658,3.5527136788005E-14));
#12635=CARTESIAN_POINT('',(141.086356396348,-105.217109059329,2.00000000000003));
#12636=CARTESIAN_POINT('',(141.226256016411,-105.196694870073,2.00000000000003));
#12637=CARTESIAN_POINT('Origin',(141.166519098846,-105.276891507658,2.00000000000003));
#12638=CARTESIAN_POINT('',(141.086356396348,-105.217109059329,3.5527136788005E-14));
#12639=CARTESIAN_POINT('',(141.226256016411,-105.196694870073,3.5527136788005E-14));
#12640=CARTESIAN_POINT('Origin',(141.527027536648,-105.420733733189,3.5527136788005E-14));
#12641=CARTESIAN_POINT('',(141.527027536648,-105.420733733189,2.00000000000003));
#12642=CARTESIAN_POINT('',(141.527027536648,-105.420733733189,3.5527136788005E-14));
#12643=CARTESIAN_POINT('',(141.547065336949,-105.435659501411,2.00000000000003));
#12644=CARTESIAN_POINT('Origin',(141.808092302498,-105.754786924878,3.5527136788005E-14));
#12645=CARTESIAN_POINT('',(141.867829220062,-105.674590287293,2.00000000000003));
#12646=CARTESIAN_POINT('',(141.888255158519,-105.814569167345,2.00000000000003));
#12647=CARTESIAN_POINT('Origin',(141.808092302498,-105.754786924878,2.00000000000003));
#12648=CARTESIAN_POINT('',(141.867829220062,-105.674590287293,3.5527136788005E-14));
#12649=CARTESIAN_POINT('',(141.888255158519,-105.814569167345,3.5527136788005E-14));
#12650=CARTESIAN_POINT('Origin',(0.,0.,3.5527136788005E-14));
#12651=CARTESIAN_POINT('',(120.062773559042,-130.053567445535,2.00000000000003));
#12652=CARTESIAN_POINT('',(120.062773559042,-130.053567445535,3.5527136788005E-14));
#12653=CARTESIAN_POINT('Origin',(0.,0.,2.00000000000003));
#12654=CARTESIAN_POINT('Origin',(119.994941483584,-129.980090853758,3.5527136788005E-14));
#12655=CARTESIAN_POINT('',(119.920627001037,-130.047003914394,2.00000000000003));
#12656=CARTESIAN_POINT('Origin',(119.994941483584,-129.980090853758,2.00000000000003));
#12657=CARTESIAN_POINT('',(119.920627001037,-130.047003914394,3.5527136788005E-14));
#12658=CARTESIAN_POINT('Origin',(119.670487933854,-129.769196335933,3.5527136788005E-14));
#12659=CARTESIAN_POINT('',(119.670487933854,-129.769196335933,2.00000000000003));
#12660=CARTESIAN_POINT('',(119.670487933854,-129.769196335933,3.5527136788005E-14));
#12661=CARTESIAN_POINT('',(119.653769146465,-129.750628241425,2.00000000000003));
#12662=CARTESIAN_POINT('Origin',(119.457842841479,-129.387146902854,3.5527136788005E-14));
#12663=CARTESIAN_POINT('',(119.38392774033,-129.454500876917,2.00000000000003));
#12664=CARTESIAN_POINT('',(119.390007609882,-129.313673224885,2.00000000000003));
#12665=CARTESIAN_POINT('Origin',(119.457842841479,-129.387146902854,2.00000000000003));
#12666=CARTESIAN_POINT('',(119.38392774033,-129.454500876917,3.5527136788005E-14));
#12667=CARTESIAN_POINT('',(119.390007609882,-129.313673224885,3.5527136788005E-14));
#12668=CARTESIAN_POINT('Origin',(0.,0.,3.5527136788005E-14));
#12669=CARTESIAN_POINT('Origin',(0.,0.,2.00000000000003));
#12670=CARTESIAN_POINT('Origin',(141.948048524872,-105.734344089234,3.5527136788005E-14));
#12671=CARTESIAN_POINT('',(141.547065336949,-105.435659501411,2.00000000000003));
#12672=CARTESIAN_POINT('',(141.547065336949,-105.435659501411,2.00000000000003));
#12673=CARTESIAN_POINT('',(141.547065336949,-105.435659501411,3.5527136788005E-14));
#12674=CARTESIAN_POINT('Origin',(118.101552022338,-131.16506169676,3.5527136788005E-14));
#12675=CARTESIAN_POINT('',(119.653769146465,-129.750628241425,2.00000000000003));
#12676=CARTESIAN_POINT('',(119.653769146465,-129.750628241425,3.5527136788005E-14));
#12677=CARTESIAN_POINT('Origin',(118.101552022338,-131.16506169676,2.00000000000003));
#12678=CARTESIAN_POINT('Origin',(119.316993299797,-129.381046177159,3.5527136788005E-14));
#12679=CARTESIAN_POINT('',(119.653769146465,-129.750628241425,2.00000000000003));
#12680=CARTESIAN_POINT('Origin',(142.791499507178,-103.744097029621,3.5527136788005E-14));
#12681=CARTESIAN_POINT('Origin',(142.791499507178,-103.744097029621,2.00000000000003));
#12682=CARTESIAN_POINT('Origin',(130.639039334863,-117.564934574834,2.00000000000003));
#12683=CARTESIAN_POINT('Origin',(116.193395443084,-132.326508513627,3.5527136788005E-14));
#12684=CARTESIAN_POINT('',(116.127413957881,-132.251365692211,2.00000000000003));
#12685=CARTESIAN_POINT('',(116.268500784193,-132.260484368522,2.00000000000003));
#12686=CARTESIAN_POINT('Origin',(116.193395443084,-132.326508513627,2.00000000000003));
#12687=CARTESIAN_POINT('',(116.127413957881,-132.251365692211,3.5527136788005E-14));
#12688=CARTESIAN_POINT('',(116.268500784193,-132.260484368522,3.5527136788005E-14));
#12689=CARTESIAN_POINT('Origin',(116.516119426244,-132.542161360273,3.5527136788005E-14));
#12690=CARTESIAN_POINT('',(116.516119426244,-132.542161360273,2.00000000000003));
#12691=CARTESIAN_POINT('',(116.516119426244,-132.542161360273,3.5527136788005E-14));
#12692=CARTESIAN_POINT('',(116.532616110824,-132.560927057588,2.00000000000003));
#12693=CARTESIAN_POINT('Origin',(116.721588688703,-132.927351338937,3.5527136788005E-14));
#12694=CARTESIAN_POINT('',(116.796694029812,-132.861327193832,2.00000000000003));
#12695=CARTESIAN_POINT('',(116.787570366876,-133.002493990909,2.00000000000003));
#12696=CARTESIAN_POINT('Origin',(116.721588688703,-132.927351338937,2.00000000000003));
#12697=CARTESIAN_POINT('',(116.796694029812,-132.861327193832,3.5527136788005E-14));
#12698=CARTESIAN_POINT('',(116.787570366876,-133.002493990909,3.5527136788005E-14));
#12699=CARTESIAN_POINT('Origin',(0.,0.,3.5527136788005E-14));
#12700=CARTESIAN_POINT('',(90.39945678974,-152.174039218652,2.00000000000003));
#12701=CARTESIAN_POINT('',(90.39945678974,-152.174039218652,3.5527136788005E-14));
#12702=CARTESIAN_POINT('Origin',(0.,0.,2.00000000000003));
#12703=CARTESIAN_POINT('Origin',(90.3483836503108,-152.088065185195,3.5527136788005E-14));
#12704=CARTESIAN_POINT('',(90.2617811099323,-152.138065185195,2.00000000000003));
#12705=CARTESIAN_POINT('Origin',(90.3483836503108,-152.088065185195,2.00000000000003));
#12706=CARTESIAN_POINT('',(90.2617811099323,-152.138065185195,3.5527136788005E-14));
#12707=CARTESIAN_POINT('Origin',(90.0748676248779,-151.814321532461,3.5527136788005E-14));
#12708=CARTESIAN_POINT('',(90.0748676248779,-151.814321532461,2.00000000000003));
#12709=CARTESIAN_POINT('',(90.0748676248779,-151.814321532461,3.5527136788005E-14));
#12710=CARTESIAN_POINT('',(90.0623747070297,-151.792683164013,2.00000000000003));
#12711=CARTESIAN_POINT('Origin',(89.9463018815702,-151.396409395433,3.5527136788005E-14));
#12712=CARTESIAN_POINT('',(89.8599983240926,-151.446923709906,2.00000000000003));
#12713=CARTESIAN_POINT('',(89.895225049156,-151.310437555912,2.00000000000003));
#12714=CARTESIAN_POINT('Origin',(89.9463018815702,-151.396409395433,2.00000000000003));
#12715=CARTESIAN_POINT('',(89.8599983240926,-151.446923709906,3.5527136788005E-14));
#12716=CARTESIAN_POINT('',(89.895225049156,-151.310437555912,3.5527136788005E-14));
#12717=CARTESIAN_POINT('Origin',(0.,0.,3.5527136788005E-14));
#12718=CARTESIAN_POINT('Origin',(0.,0.,2.00000000000003));
#12719=CARTESIAN_POINT('Origin',(116.862736836351,-132.936453763134,3.5527136788005E-14));
#12720=CARTESIAN_POINT('',(116.532616110824,-132.560927057588,2.00000000000003));
#12721=CARTESIAN_POINT('',(116.532616110824,-132.560927057588,2.00000000000003));
#12722=CARTESIAN_POINT('',(116.532616110824,-132.560927057588,3.5527136788005E-14));
#12723=CARTESIAN_POINT('Origin',(88.25,-152.853483767953,3.5527136788005E-14));
#12724=CARTESIAN_POINT('',(90.0623747070297,-151.792683164013,2.00000000000003));
#12725=CARTESIAN_POINT('',(90.0623747070297,-151.792683164013,3.5527136788005E-14));
#12726=CARTESIAN_POINT('Origin',(88.25,-152.853483767953,2.00000000000003));
#12727=CARTESIAN_POINT('Origin',(89.8097986525041,-151.36115771887,3.5527136788005E-14));
#12728=CARTESIAN_POINT('',(90.0623747070297,-151.792683164013,2.00000000000003));
#12729=CARTESIAN_POINT('Origin',(118.101552022339,-131.16506169676,3.5527136788005E-14));
#12730=CARTESIAN_POINT('Origin',(118.101552022339,-131.16506169676,2.00000000000003));
#12731=CARTESIAN_POINT('Origin',(103.341138559233,-142.157242239719,2.00000000000003));
#12732=CARTESIAN_POINT('Origin',(86.1420628486883,-153.592822124514,3.5527136788005E-14));
#12733=CARTESIAN_POINT('',(86.0931462882972,-153.505603031882,2.00000000000003));
#12734=CARTESIAN_POINT('',(86.2292541495401,-153.543856043848,2.00000000000003));
#12735=CARTESIAN_POINT('Origin',(86.1420628486883,-153.592822124514,2.00000000000003));
#12736=CARTESIAN_POINT('',(86.0931462882972,-153.505603031882,3.5527136788005E-14));
#12737=CARTESIAN_POINT('',(86.2292541495401,-153.543856043848,3.5527136788005E-14));
#12738=CARTESIAN_POINT('Origin',(86.4128977905392,-153.870860528058,3.5527136788005E-14));
#12739=CARTESIAN_POINT('',(86.4128977905392,-153.870860528058,2.00000000000003));
#12740=CARTESIAN_POINT('',(86.4128977905392,-153.870860528058,3.5527136788005E-14));
#12741=CARTESIAN_POINT('',(86.4251323751234,-153.892646003447,2.00000000000003));
#12742=CARTESIAN_POINT('Origin',(86.5337915568882,-154.290352643284,3.5527136788005E-14));
#12743=CARTESIAN_POINT('',(86.62098285774,-154.241386562618,2.00000000000003));
#12744=CARTESIAN_POINT('',(86.5827083412618,-154.377571610296,2.00000000000003));
#12745=CARTESIAN_POINT('Origin',(86.5337915568882,-154.290352643284,2.00000000000003));
#12746=CARTESIAN_POINT('',(86.62098285774,-154.241386562618,3.5527136788005E-14));
#12747=CARTESIAN_POINT('',(86.5827083412618,-154.377571610296,3.5527136788005E-14));
#12748=CARTESIAN_POINT('Origin',(0.,0.,3.5527136788005E-14));
#12749=CARTESIAN_POINT('',(56.7852499740055,-167.643775265859,2.00000000000003));
#12750=CARTESIAN_POINT('',(56.7852499740055,-167.643775265859,3.5527136788005E-14));
#12751=CARTESIAN_POINT('Origin',(0.,0.,2.00000000000003));
#12752=CARTESIAN_POINT('Origin',(56.7531679118733,-167.549061268533,3.5527136788005E-14));
#12753=CARTESIAN_POINT('',(56.6580622602438,-167.579962967971,2.00000000000003));
#12754=CARTESIAN_POINT('Origin',(56.7531679118733,-167.549061268533,2.00000000000003));
#12755=CARTESIAN_POINT('',(56.6580622602438,-167.579962967971,3.5527136788005E-14));
#12756=CARTESIAN_POINT('Origin',(56.5425433735244,-167.224432392082,3.5527136788005E-14));
#12757=CARTESIAN_POINT('',(56.5425433735244,-167.224432392082,2.00000000000003));
#12758=CARTESIAN_POINT('',(56.5425433735244,-167.224432392082,3.5527136788005E-14));
#12759=CARTESIAN_POINT('',(56.5348223256756,-167.200669450228,2.00000000000003));
#12760=CARTESIAN_POINT('Origin',(56.5036759191944,-166.788922316857,3.5527136788005E-14));
#12761=CARTESIAN_POINT('',(56.4087557849803,-166.820389253803,2.00000000000003));
#12762=CARTESIAN_POINT('',(56.4715897886327,-166.694209697711,2.00000000000003));
#12763=CARTESIAN_POINT('Origin',(56.5036759191944,-166.788922316857,2.00000000000003));
#12764=CARTESIAN_POINT('',(56.4087557849803,-166.820389253803,3.5527136788005E-14));
#12765=CARTESIAN_POINT('',(56.4715897886327,-166.694209697711,3.5527136788005E-14));
#12766=CARTESIAN_POINT('Origin',(0.,0.,3.5527136788005E-14));
#12767=CARTESIAN_POINT('Origin',(0.,0.,2.00000000000003));
#12768=CARTESIAN_POINT('Origin',(86.6699627784523,-154.328602507706,3.5527136788005E-14));
#12769=CARTESIAN_POINT('',(86.4251323751234,-153.892646003447,2.00000000000003));
#12770=CARTESIAN_POINT('',(86.4251323751234,-153.892646003447,2.00000000000003));
#12771=CARTESIAN_POINT('',(86.4251323751234,-153.892646003447,3.5527136788005E-14));
#12772=CARTESIAN_POINT('Origin',(54.5414995071782,-167.861475126095,3.5527136788005E-14));
#12773=CARTESIAN_POINT('',(56.5348223256756,-167.200669450228,2.00000000000003));
#12774=CARTESIAN_POINT('',(56.5348223256756,-167.200669450228,3.5527136788005E-14));
#12775=CARTESIAN_POINT('Origin',(54.5414995071782,-167.861475126095,2.00000000000003));
#12776=CARTESIAN_POINT('Origin',(56.3774848488692,-166.726060356849,3.5527136788005E-14));
#12777=CARTESIAN_POINT('',(56.5348223256756,-167.200669450228,2.00000000000003));
#12778=CARTESIAN_POINT('Origin',(88.2500000000001,-152.853483767953,3.5527136788005E-14));
#12779=CARTESIAN_POINT('Origin',(88.2500000000001,-152.853483767953,2.00000000000003));
#12780=CARTESIAN_POINT('Origin',(71.5267341427635,-160.536596272598,2.00000000000003));
#12781=CARTESIAN_POINT('Origin',(52.3259087523261,-168.146392388428,3.5527136788005E-14));
#12782=CARTESIAN_POINT('',(52.2961950051641,-168.050908917452,2.00000000000003));
#12783=CARTESIAN_POINT('',(52.4213753346831,-168.116624424892,2.00000000000003));
#12784=CARTESIAN_POINT('Origin',(52.3259087523261,-168.146392388428,2.00000000000003));
#12785=CARTESIAN_POINT('',(52.2961950051641,-168.050908917452,3.5527136788005E-14));
#12786=CARTESIAN_POINT('',(52.4213753346831,-168.116624424892,3.5527136788005E-14));
#12787=CARTESIAN_POINT('Origin',(52.5330178662994,-168.474664736459,3.5527136788005E-14));
#12788=CARTESIAN_POINT('',(52.5330178662994,-168.474664736459,2.00000000000003));
#12789=CARTESIAN_POINT('',(52.5330178662994,-168.474664736459,3.5527136788005E-14));
#12790=CARTESIAN_POINT('',(52.5404556408329,-168.49851786011,2.00000000000003));
#12791=CARTESIAN_POINT('Origin',(52.5640524988359,-168.910125169865,3.5527136788005E-14));
#12792=CARTESIAN_POINT('',(52.6595190811929,-168.88035720633,2.00000000000003));
#12793=CARTESIAN_POINT('',(52.5937664912038,-169.005608564535,2.00000000000003));
#12794=CARTESIAN_POINT('Origin',(52.5640524988359,-168.910125169865,2.00000000000003));
#12795=CARTESIAN_POINT('',(52.6595190811929,-168.88035720633,3.5527136788005E-14));
#12796=CARTESIAN_POINT('',(52.5937664912038,-169.005608564535,3.5527136788005E-14));
#12797=CARTESIAN_POINT('Origin',(0.,0.,3.5527136788005E-14));
#12798=CARTESIAN_POINT('',(20.6892552485458,-175.786673889861,2.00000000000003));
#12799=CARTESIAN_POINT('',(20.6892552485458,-175.786673889861,3.5527136788005E-14));
#12800=CARTESIAN_POINT('Origin',(0.,0.,2.00000000000003));
#12801=CARTESIAN_POINT('Origin',(20.6775664037726,-175.687359384839,3.5527136788005E-14));
#12802=CARTESIAN_POINT('',(20.5781142142358,-175.697812231166,2.00000000000003));
#12803=CARTESIAN_POINT('Origin',(20.6775664037726,-175.687359384839,2.00000000000003));
#12804=CARTESIAN_POINT('',(20.5781142142358,-175.697812231166,3.5527136788005E-14));
#12805=CARTESIAN_POINT('Origin',(20.5390386555223,-175.326033124313,3.5527136788005E-14));
#12806=CARTESIAN_POINT('',(20.5390386555223,-175.326033124313,2.00000000000003));
#12807=CARTESIAN_POINT('',(20.5390386555223,-175.326033124313,3.5527136788005E-14));
#12808=CARTESIAN_POINT('',(20.5364269245135,-175.301184163639,2.00000000000003));
#12809=CARTESIAN_POINT('Origin',(20.5915681844309,-174.891958990989,3.5527136788005E-14));
#12810=CARTESIAN_POINT('',(20.4921799388226,-174.903003294269,2.00000000000003));
#12811=CARTESIAN_POINT('',(20.5798750735936,-174.792644988155,2.00000000000003));
#12812=CARTESIAN_POINT('Origin',(20.5915681844309,-174.891958990989,2.00000000000003));
#12813=CARTESIAN_POINT('',(20.4921799388226,-174.903003294269,3.5527136788005E-14));
#12814=CARTESIAN_POINT('',(20.5798750735936,-174.792644988155,3.5527136788005E-14));
#12815=CARTESIAN_POINT('Origin',(0.,0.,3.5527136788005E-14));
#12816=CARTESIAN_POINT('Origin',(0.,0.,2.00000000000003));
#12817=CARTESIAN_POINT('Origin',(52.6892954585122,-168.975850771895,3.5527136788005E-14));
#12818=CARTESIAN_POINT('',(52.5404556408329,-168.49851786011,2.00000000000003));
#12819=CARTESIAN_POINT('',(52.5404556408329,-168.49851786011,2.00000000000003));
#12820=CARTESIAN_POINT('',(52.5404556408329,-168.49851786011,3.5527136788005E-14));
#12821=CARTESIAN_POINT('Origin',(18.4492737667409,-175.5331145325,3.5527136788005E-14));
#12822=CARTESIAN_POINT('',(20.5364269245135,-175.301184163639,2.00000000000003));
#12823=CARTESIAN_POINT('',(20.5364269245135,-175.301184163639,3.5527136788005E-14));
#12824=CARTESIAN_POINT('Origin',(18.4492737667409,-175.5331145325,2.00000000000003));
#12825=CARTESIAN_POINT('Origin',(20.4812044281517,-174.804234116832,3.5527136788005E-14));
#12826=CARTESIAN_POINT('',(20.5364269245135,-175.301184163639,2.00000000000003));
#12827=CARTESIAN_POINT('Origin',(54.5414995071783,-167.861475126095,3.5527136788005E-14));
#12828=CARTESIAN_POINT('Origin',(54.5414995071783,-167.861475126095,2.00000000000003));
#12829=CARTESIAN_POINT('Origin',(36.586268220905,-171.899730708308,2.00000000000003));
#12830=CARTESIAN_POINT('Origin',(-20.5892029276668,-174.892237457251,3.5527136788005E-14));
#12831=CARTESIAN_POINT('',(-20.5775111599623,-174.792923296287,2.00000000000003));
#12832=CARTESIAN_POINT('',(-20.4898821434381,-174.903872826613,2.00000000000003));
#12833=CARTESIAN_POINT('Origin',(-20.5892029276668,-174.892237457251,2.00000000000003));
#12834=CARTESIAN_POINT('',(-20.5775111599623,-174.792923296287,3.5527136788005E-14));
#12835=CARTESIAN_POINT('',(-20.4898821434382,-174.903872826613,3.5527136788005E-14));
#12836=CARTESIAN_POINT('Origin',(-20.5335197302128,-175.276368035432,3.5527136788005E-14));
#12837=CARTESIAN_POINT('',(-20.5335197302128,-175.276368035432,2.00000000000003));
#12838=CARTESIAN_POINT('',(-20.5335197302128,-175.276368035432,3.5527136788005E-14));
#12839=CARTESIAN_POINT('',(-20.5364269245133,-175.301184163639,2.00000000000003));
#12840=CARTESIAN_POINT('Origin',(-20.6822858975056,-175.68680385861,3.5527136788005E-14));
#12841=CARTESIAN_POINT('',(-20.5829651132769,-175.698439227973,2.00000000000003));
#12842=CARTESIAN_POINT('',(-20.6939774101667,-175.786118049599,2.00000000000003));
#12843=CARTESIAN_POINT('Origin',(-20.6822858975056,-175.68680385861,2.00000000000003));
#12844=CARTESIAN_POINT('',(-20.5829651132769,-175.698439227973,3.5527136788005E-14));
#12845=CARTESIAN_POINT('',(-20.6939774101667,-175.786118049599,3.5527136788005E-14));
#12846=CARTESIAN_POINT('Origin',(0.,0.,3.5527136788005E-14));
#12847=CARTESIAN_POINT('',(-52.5983064811054,-169.004195673716,2.00000000000003));
#12848=CARTESIAN_POINT('',(-52.5983064811054,-169.004195673716,0.));
#12849=CARTESIAN_POINT('Origin',(0.,0.,2.00000000000003));
#12850=CARTESIAN_POINT('Origin',(-52.5685899237714,-168.90871307729,0.));
#12851=CARTESIAN_POINT('',(-52.6636955754009,-168.877811377853,2.00000000000003));
#12852=CARTESIAN_POINT('Origin',(-52.5685899237714,-168.90871307729,2.00000000000003));
#12853=CARTESIAN_POINT('',(-52.6636955754009,-168.877811377853,0.));
#12854=CARTESIAN_POINT('Origin',(-52.5481766886816,-168.522280801964,0.));
#12855=CARTESIAN_POINT('',(-52.5481766886816,-168.522280801964,2.00000000000003));
#12856=CARTESIAN_POINT('',(-52.5481766886816,-168.522280801964,0.));
#12857=CARTESIAN_POINT('',(-52.5404556408327,-168.49851786011,2.00000000000003));
#12858=CARTESIAN_POINT('Origin',(-52.3236347203209,-168.147100033436,0.));
#12859=CARTESIAN_POINT('',(-52.4189225234802,-168.11676466515,2.00000000000003));
#12860=CARTESIAN_POINT('',(-52.2939222644888,-168.051616160618,2.00000000000003));
#12861=CARTESIAN_POINT('Origin',(-52.3236347203209,-168.147100033436,2.00000000000003));
#12862=CARTESIAN_POINT('',(-52.4189225234802,-168.11676466515,0.));
#12863=CARTESIAN_POINT('',(-52.2939222644888,-168.051616160618,0.));
#12864=CARTESIAN_POINT('Origin',(0.,0.,3.5527136788005E-14));
#12865=CARTESIAN_POINT('Origin',(0.,0.,2.00000000000003));
#12866=CARTESIAN_POINT('Origin',(-20.594603771325,-175.797788084782,3.5527136788005E-14));
#12867=CARTESIAN_POINT('',(-20.5364269245133,-175.301184163639,2.00000000000003));
#12868=CARTESIAN_POINT('',(-20.5364269245133,-175.301184163639,2.00000000000003));
#12869=CARTESIAN_POINT('',(-20.5364269245133,-175.301184163639,3.5527136788005E-14));
#12870=CARTESIAN_POINT('Origin',(-54.5414995071782,-167.861475126095,0.));
#12871=CARTESIAN_POINT('',(-52.5404556408327,-168.49851786011,2.00000000000003));
#12872=CARTESIAN_POINT('',(-52.5404556408327,-168.49851786011,0.));
#12873=CARTESIAN_POINT('Origin',(-54.5414995071782,-167.861475126095,2.00000000000003));
#12874=CARTESIAN_POINT('Origin',(-52.388776107729,-168.022070389381,0.));
#12875=CARTESIAN_POINT('',(-52.5404556408327,-168.49851786011,2.00000000000003));
#12876=CARTESIAN_POINT('Origin',(-18.4492737667408,-175.5331145325,3.5527136788005E-14));
#12877=CARTESIAN_POINT('Origin',(-18.4492737667408,-175.5331145325,2.00000000000003));
#12878=CARTESIAN_POINT('Origin',(-36.4947002686297,-171.919194077403,2.00000000000003));
#12879=CARTESIAN_POINT('Origin',(-56.5014202453568,-166.789686462496,0.));
#12880=CARTESIAN_POINT('',(-56.4693353957001,-166.694973409422,2.00000000000003));
#12881=CARTESIAN_POINT('',(-56.4066889878779,-166.821717523303,2.00000000000003));
#12882=CARTESIAN_POINT('Origin',(-56.5014202453568,-166.789686462496,2.00000000000003));
#12883=CARTESIAN_POINT('',(-56.4693353957001,-166.694973409422,0.));
#12884=CARTESIAN_POINT('',(-56.4066889878779,-166.821717523303,0.));
#12885=CARTESIAN_POINT('Origin',(-56.5268190973704,-167.177000053645,0.));
#12886=CARTESIAN_POINT('',(-56.5268190973704,-167.177000053645,2.00000000000003));
#12887=CARTESIAN_POINT('',(-56.5268190973704,-167.177000053645,0.));
#12888=CARTESIAN_POINT('',(-56.5348223256755,-167.200669450228,2.00000000000003));
#12889=CARTESIAN_POINT('Origin',(-56.7576687729474,-167.547536643964,0.));
#12890=CARTESIAN_POINT('',(-56.6629375154685,-167.579567704771,2.00000000000003));
#12891=CARTESIAN_POINT('',(-56.7897533793764,-167.642249779432,2.00000000000003));
#12892=CARTESIAN_POINT('Origin',(-56.7576687729474,-167.547536643964,2.00000000000003));
#12893=CARTESIAN_POINT('',(-56.6629375154685,-167.579567704771,0.));
#12894=CARTESIAN_POINT('',(-56.7897533793764,-167.642249779432,0.));
#12895=CARTESIAN_POINT('Origin',(0.,0.,3.5527136788005E-14));
#12896=CARTESIAN_POINT('',(-86.5868553649723,-154.375245677555,2.00000000000003));
#12897=CARTESIAN_POINT('',(-86.5868553649723,-154.375245677555,0.));
#12898=CARTESIAN_POINT('Origin',(0.,0.,2.00000000000003));
#12899=CARTESIAN_POINT('Origin',(-86.5379362376475,-154.288028024629,0.));
#12900=CARTESIAN_POINT('',(-86.6245387780259,-154.238028024629,2.00000000000003));
#12901=CARTESIAN_POINT('Origin',(-86.5379362376475,-154.288028024629,2.00000000000003));
#12902=CARTESIAN_POINT('',(-86.6245387780259,-154.238028024629,0.));
#12903=CARTESIAN_POINT('Origin',(-86.4376252929715,-153.914284371895,0.));
#12904=CARTESIAN_POINT('',(-86.4376252929715,-153.914284371895,2.00000000000003));
#12905=CARTESIAN_POINT('',(-86.4376252929715,-153.914284371895,0.));
#12906=CARTESIAN_POINT('',(-86.4251323751232,-153.892646003448,2.00000000000003));
#12907=CARTESIAN_POINT('Origin',(-86.1399856374086,-153.59398710362,0.));
#12908=CARTESIAN_POINT('',(-86.226884095736,-153.544503187644,2.00000000000003));
#12909=CARTESIAN_POINT('',(-86.0910702565809,-153.506767349444,2.00000000000003));
#12910=CARTESIAN_POINT('Origin',(-86.1399856374086,-153.59398710362,2.00000000000003));
#12911=CARTESIAN_POINT('',(-86.226884095736,-153.544503187644,0.));
#12912=CARTESIAN_POINT('',(-86.0910702565809,-153.506767349444,0.));
#12913=CARTESIAN_POINT('Origin',(0.,0.,3.5527136788005E-14));
#12914=CARTESIAN_POINT('Origin',(0.,0.,2.00000000000003));
#12915=CARTESIAN_POINT('Origin',(-56.6949776297142,-167.674325737622,0.));
#12916=CARTESIAN_POINT('',(-56.5348223256755,-167.200669450228,2.00000000000003));
#12917=CARTESIAN_POINT('',(-56.5348223256755,-167.200669450228,2.00000000000003));
#12918=CARTESIAN_POINT('',(-56.5348223256755,-167.200669450228,0.));
#12919=CARTESIAN_POINT('Origin',(-88.2499999999999,-152.853483767953,0.));
#12920=CARTESIAN_POINT('',(-86.4251323751232,-153.892646003448,2.00000000000003));
#12921=CARTESIAN_POINT('',(-86.4251323751232,-153.892646003448,0.));
#12922=CARTESIAN_POINT('Origin',(-88.2499999999999,-152.853483767953,2.00000000000003));
#12923=CARTESIAN_POINT('Origin',(-86.1777084045125,-153.458146001269,0.));
#12924=CARTESIAN_POINT('',(-86.4251323751232,-153.892646003448,2.00000000000003));
#12925=CARTESIAN_POINT('Origin',(-54.5414995071781,-167.861475126095,0.));
#12926=CARTESIAN_POINT('Origin',(-54.5414995071781,-167.861475126095,2.00000000000003));
#12927=CARTESIAN_POINT('Origin',(-71.4412138319188,-160.574672368163,2.00000000000003));
#12928=CARTESIAN_POINT('Origin',(-89.9442543744296,-151.397625823617,0.));
#12929=CARTESIAN_POINT('',(-89.893178704711,-151.311653293337,1.99999999999999));
#12930=CARTESIAN_POINT('',(-89.8582528542234,-151.448652664811,1.99999999999999));
#12931=CARTESIAN_POINT('Origin',(-89.9442543744296,-151.397625823617,1.99999999999999));
#12932=CARTESIAN_POINT('',(-89.893178704711,-151.311653293337,0.));
#12933=CARTESIAN_POINT('',(-89.8582528542234,-151.448652664811,0.));
#12934=CARTESIAN_POINT('Origin',(-90.0496252242006,-151.771194965264,0.));
#12935=CARTESIAN_POINT('',(-90.0496252242006,-151.771194965264,1.99999999999999));
#12936=CARTESIAN_POINT('',(-90.0496252242006,-151.771194965264,0.));
#12937=CARTESIAN_POINT('',(-90.0623747070295,-151.792683164014,1.99999999999999));
#12938=CARTESIAN_POINT('Origin',(-90.3524691694995,-152.085638095695,0.));
#12939=CARTESIAN_POINT('',(-90.2664676492932,-152.136664936888,1.99999999999999));
#12940=CARTESIAN_POINT('',(-90.4035446184365,-152.171610757139,1.99999999999999));
#12941=CARTESIAN_POINT('Origin',(-90.3524691694995,-152.085638095695,1.99999999999999));
#12942=CARTESIAN_POINT('',(-90.2664676492932,-152.136664936888,0.));
#12943=CARTESIAN_POINT('',(-90.4035446184365,-152.171610757139,0.));
#12944=CARTESIAN_POINT('Origin',(0.,0.,3.5527136788005E-14));
#12945=CARTESIAN_POINT('',(-116.79114317956,-132.999356670668,1.99999999999999));
#12946=CARTESIAN_POINT('',(-116.79114317956,-132.999356670668,0.));
#12947=CARTESIAN_POINT('Origin',(0.,0.,2.00000000000003));
#12948=CARTESIAN_POINT('Origin',(-116.725159482848,-132.924215791193,0.));
#12949=CARTESIAN_POINT('',(-116.799473965396,-132.857302730557,1.99999999999999));
#12950=CARTESIAN_POINT('Origin',(-116.725159482848,-132.924215791193,1.99999999999999));
#12951=CARTESIAN_POINT('',(-116.799473965396,-132.857302730557,0.));
#12952=CARTESIAN_POINT('Origin',(-116.549334898214,-132.579495152097,0.));
#12953=CARTESIAN_POINT('',(-116.549334898214,-132.579495152097,1.99999999999999));
#12954=CARTESIAN_POINT('',(-116.549334898214,-132.579495152097,0.));
#12955=CARTESIAN_POINT('',(-116.532616110824,-132.560927057589,1.99999999999999));
#12956=CARTESIAN_POINT('Origin',(-116.19160583663,-132.328079911654,0.));
#12957=CARTESIAN_POINT('',(-116.266317070512,-132.261610132567,1.99999999999999));
#12958=CARTESIAN_POINT('',(-116.125625367671,-132.252936197905,1.99999999999999));
#12959=CARTESIAN_POINT('Origin',(-116.19160583663,-132.328079911654,1.99999999999999));
#12960=CARTESIAN_POINT('',(-116.266317070512,-132.261610132567,0.));
#12961=CARTESIAN_POINT('',(-116.125625367671,-132.252936197905,0.));
#12962=CARTESIAN_POINT('Origin',(0.,0.,3.5527136788005E-14));
#12963=CARTESIAN_POINT('Origin',(0.,0.,2.00000000000003));
#12964=CARTESIAN_POINT('Origin',(-90.3175089129984,-152.222690765045,0.));
#12965=CARTESIAN_POINT('',(-90.0623747070295,-151.792683164014,1.99999999999999));
#12966=CARTESIAN_POINT('',(-90.0623747070295,-151.792683164014,1.99999999999999));
#12967=CARTESIAN_POINT('',(-90.0623747070295,-151.792683164014,0.));
#12968=CARTESIAN_POINT('Origin',(-118.101552022338,-131.16506169676,0.));
#12969=CARTESIAN_POINT('',(-116.532616110824,-132.560927057589,1.99999999999999));
#12970=CARTESIAN_POINT('',(-116.532616110824,-132.560927057589,0.));
#12971=CARTESIAN_POINT('Origin',(-118.101552022338,-131.16506169676,1.99999999999999));
#12972=CARTESIAN_POINT('Origin',(-116.200261317494,-132.187364259017,0.));
#12973=CARTESIAN_POINT('',(-116.532616110824,-132.560927057589,1.99999999999999));
#12974=CARTESIAN_POINT('Origin',(-88.2499999999999,-152.853483767953,0.));
#12975=CARTESIAN_POINT('Origin',(-88.2499999999999,-152.853483767953,2.00000000000003));
#12976=CARTESIAN_POINT('Origin',(-103.265403537775,-142.212266953668,1.99999999999999));
#12977=CARTESIAN_POINT('Origin',(-119.456092986922,-129.388762449835,0.));
#12978=CARTESIAN_POINT('',(-119.388258748997,-129.315287854463,1.99999999999999));
#12979=CARTESIAN_POINT('',(-119.382579883103,-129.456554953601,1.99999999999999));
#12980=CARTESIAN_POINT('Origin',(-119.456092986922,-129.388762449835,1.99999999999999));
#12981=CARTESIAN_POINT('',(-119.388258748996,-129.315287854463,0.));
#12982=CARTESIAN_POINT('',(-119.382579883103,-129.456554953601,0.));
#12983=CARTESIAN_POINT('Origin',(-119.63683062269,-129.732260377907,0.));
#12984=CARTESIAN_POINT('',(-119.63683062269,-129.732260377907,1.99999999999999));
#12985=CARTESIAN_POINT('',(-119.63683062269,-129.732260377907,0.));
#12986=CARTESIAN_POINT('',(-119.653769146464,-129.750628241425,1.99999999999999));
#12987=CARTESIAN_POINT('Origin',(-119.998433104095,-129.976867374783,0.));
#12988=CARTESIAN_POINT('',(-119.924920000275,-130.044659878549,1.99999999999999));
#12989=CARTESIAN_POINT('',(-120.066267153334,-130.050342144357,1.99999999999999));
#12990=CARTESIAN_POINT('Origin',(-119.998433104095,-129.976867374783,1.99999999999999));
#12991=CARTESIAN_POINT('',(-119.924920000275,-130.044659878549,0.));
#12992=CARTESIAN_POINT('',(-120.066267153334,-130.050342144357,0.));
#12993=CARTESIAN_POINT('Origin',(0.,0.,3.5527136788005E-14));
#12994=CARTESIAN_POINT('',(-141.891097611118,-105.810757575552,1.99999999999999));
#12995=CARTESIAN_POINT('',(-141.891097611118,-105.810757575552,0.));
#12996=CARTESIAN_POINT('Origin',(0.,0.,2.00000000000003));
#12997=CARTESIAN_POINT('Origin',(-141.810933149191,-105.750977486526,0.));
#12998=CARTESIAN_POINT('',(-141.86971167442,-105.670075787089,1.99999999999999));
#12999=CARTESIAN_POINT('Origin',(-141.810933149191,-105.750977486526,1.99999999999999));
#13000=CARTESIAN_POINT('',(-141.86971167442,-105.670075787089,0.));
#13001=CARTESIAN_POINT('Origin',(-141.567279302646,-105.450345807149,0.));
#13002=CARTESIAN_POINT('',(-141.567279302646,-105.450345807149,1.99999999999999));
#13003=CARTESIAN_POINT('',(-141.567279302646,-105.450345807149,0.));
#13004=CARTESIAN_POINT('',(-141.547065336949,-105.435659501411,1.99999999999999));
#13005=CARTESIAN_POINT('Origin',(-141.165095311608,-105.278800646971,0.));
#13006=CARTESIAN_POINT('',(-141.224354081619,-105.198250053077,1.99999999999999));
#13007=CARTESIAN_POINT('',(-141.08493341762,-105.21901711452,1.99999999999999));
#13008=CARTESIAN_POINT('Origin',(-141.165095311608,-105.278800646971,1.99999999999999));
#13009=CARTESIAN_POINT('',(-141.224354081619,-105.198250053077,0.));
#13010=CARTESIAN_POINT('',(-141.08493341762,-105.21901711452,0.));
#13011=CARTESIAN_POINT('Origin',(0.,0.,3.5527136788005E-14));
#13012=CARTESIAN_POINT('Origin',(0.,0.,2.00000000000003));
#13013=CARTESIAN_POINT('Origin',(-119.992731665293,-130.118193760523,0.));
#13014=CARTESIAN_POINT('',(-119.653769146464,-129.750628241425,1.99999999999999));
#13015=CARTESIAN_POINT('',(-119.653769146464,-129.750628241425,1.99999999999999));
#13016=CARTESIAN_POINT('',(-119.653769146464,-129.750628241425,0.));
#13017=CARTESIAN_POINT('Origin',(-142.791499507178,-103.744097029622,0.));
#13018=CARTESIAN_POINT('',(-141.547065336949,-105.435659501411,1.99999999999999));
#13019=CARTESIAN_POINT('',(-141.547065336949,-105.435659501411,0.));
#13020=CARTESIAN_POINT('Origin',(-142.791499507178,-103.744097029622,1.99999999999999));
#13021=CARTESIAN_POINT('Origin',(-141.144305220183,-105.139360393298,0.));
#13022=CARTESIAN_POINT('',(-141.547065336949,-105.435659501411,1.99999999999999));
#13023=CARTESIAN_POINT('Origin',(-118.101552022338,-131.16506169676,0.));
#13024=CARTESIAN_POINT('Origin',(-118.101552022338,-131.16506169676,1.99999999999999));
#13025=CARTESIAN_POINT('Origin',(-130.576399586646,-117.634503063129,1.99999999999999));
#13026=CARTESIAN_POINT('Origin',(-143.747127121955,-101.724989280828,0.));
#13027=CARTESIAN_POINT('',(-143.665498997524,-101.667223812753,1.99999999999999));
#13028=CARTESIAN_POINT('',(-143.689315309914,-101.806584589447,1.99999999999999));
#13029=CARTESIAN_POINT('Origin',(-143.747127121955,-101.724989280828,1.99999999999999));
#13030=CARTESIAN_POINT('',(-143.665498997524,-101.667223812752,0.));
#13031=CARTESIAN_POINT('',(-143.689315309914,-101.806584589447,0.));
#13032=CARTESIAN_POINT('Origin',(-143.995332441761,-102.023403487581,0.));
#13033=CARTESIAN_POINT('',(-143.995332441761,-102.023403487581,1.99999999999999));
#13034=CARTESIAN_POINT('',(-143.995332441761,-102.023403487581,0.));
#13035=CARTESIAN_POINT('',(-144.015719711712,-102.037848252095,1.99999999999999));
#13036=CARTESIAN_POINT('Origin',(-144.399889695673,-102.187483851386,0.));
#13037=CARTESIAN_POINT('',(-144.342077883632,-102.269079160005,1.99999999999999));
#13038=CARTESIAN_POINT('',(-144.481517671759,-102.245249529086,1.99999999999999));
#13039=CARTESIAN_POINT('Origin',(-144.399889695673,-102.187483851386,1.99999999999999));
#13040=CARTESIAN_POINT('',(-144.342077883632,-102.269079160005,0.));
#13041=CARTESIAN_POINT('',(-144.481517671759,-102.245249529086,0.));
#13042=CARTESIAN_POINT('Origin',(0.,0.,3.5527136788005E-14));
#13043=CARTESIAN_POINT('',(-160.789730208042,-73.9977206380372,1.99999999999999));
#13044=CARTESIAN_POINT('',(-160.789730208042,-73.9977206380372,0.));
#13045=CARTESIAN_POINT('Origin',(0.,0.,2.00000000000003));
#13046=CARTESIAN_POINT('Origin',(-160.698888552557,-73.9559140162078,0.));
#13047=CARTESIAN_POINT('',(-160.739562216865,-73.8645594704436,1.99999999999999));
#13048=CARTESIAN_POINT('Origin',(-160.698888552557,-73.9559140162078,1.99999999999999));
#13049=CARTESIAN_POINT('',(-160.739562216865,-73.8645594704436,0.));
#13050=CARTESIAN_POINT('Origin',(-160.398054286378,-73.7125103435303,0.));
#13051=CARTESIAN_POINT('',(-160.398054286378,-73.7125103435303,1.99999999999999));
#13052=CARTESIAN_POINT('',(-160.398054286378,-73.7125103435303,0.));
#13053=CARTESIAN_POINT('',(-160.375228589672,-73.7023476885947,1.99999999999999));
#13054=CARTESIAN_POINT('Origin',(-159.968992736186,-73.6283326102811,0.));
#13055=CARTESIAN_POINT('',(-160.010209149721,-73.5372216490565,1.99999999999999));
#13056=CARTESIAN_POINT('',(-159.878152876597,-73.5865220863683,1.99999999999999));
#13057=CARTESIAN_POINT('Origin',(-159.968992736186,-73.6283326102811,1.99999999999999));
#13058=CARTESIAN_POINT('',(-160.010209149721,-73.5372216490565,0.));
#13059=CARTESIAN_POINT('',(-159.878152876597,-73.5865220863683,0.));
#13060=CARTESIAN_POINT('Origin',(0.,0.,3.5527136788005E-14));
#13061=CARTESIAN_POINT('Origin',(0.,0.,2.00000000000003));
#13062=CARTESIAN_POINT('Origin',(-144.423696254805,-102.326907312299,0.));
#13063=CARTESIAN_POINT('',(-144.015719711712,-102.037848252095,1.99999999999999));
#13064=CARTESIAN_POINT('',(-144.015719711712,-102.037848252095,1.99999999999999));
#13065=CARTESIAN_POINT('',(-144.015719711712,-102.037848252095,0.));
#13066=CARTESIAN_POINT('Origin',(-161.240773273919,-71.7890175028788,0.));
#13067=CARTESIAN_POINT('',(-160.375228589672,-73.7023476885947,1.99999999999999));
#13068=CARTESIAN_POINT('',(-160.375228589672,-73.7023476885947,0.));
#13069=CARTESIAN_POINT('Origin',(-161.240773273919,-71.7890175028788,1.99999999999999));
#13070=CARTESIAN_POINT('Origin',(-159.91966569923,-73.496261963765,0.));
#13071=CARTESIAN_POINT('',(-160.375228589672,-73.7023476885947,1.99999999999999));
#13072=CARTESIAN_POINT('Origin',(-142.791499507178,-103.744097029622,0.));
#13073=CARTESIAN_POINT('Origin',(-142.791499507178,-103.744097029622,1.99999999999999));
#13074=CARTESIAN_POINT('Origin',(-152.180580398499,-87.9155469157581,1.99999999999999));
#13075=CARTESIAN_POINT('Origin',(-161.755722026513,-69.615345949593,0.));
#13076=CARTESIAN_POINT('',(-161.66386755631,-69.5758142369583,1.99999999999999));
#13077=CARTESIAN_POINT('',(-161.716138159849,-69.70717795654,1.99999999999999));
#13078=CARTESIAN_POINT('Origin',(-161.755722026513,-69.615345949593,1.99999999999999));
#13079=CARTESIAN_POINT('',(-161.66386755631,-69.5758142369583,0.));
#13080=CARTESIAN_POINT('',(-161.716138159849,-69.70717795654,0.));
#13081=CARTESIAN_POINT('Origin',(-162.060547266861,-69.8556343022427,0.));
#13082=CARTESIAN_POINT('',(-162.060547266861,-69.8556343022427,1.99999999999999));
#13083=CARTESIAN_POINT('',(-162.060547266861,-69.8556343022427,0.));
#13084=CARTESIAN_POINT('',(-162.083492261462,-69.8655246622283,1.99999999999999));
#13085=CARTESIAN_POINT('Origin',(-162.490378200003,-69.9320169337328,0.));
#13086=CARTESIAN_POINT('',(-162.450794333339,-70.0238489406798,1.99999999999999));
#13087=CARTESIAN_POINT('',(-162.582232568686,-69.9715488822538,1.99999999999999));
#13088=CARTESIAN_POINT('Origin',(-162.490378200003,-69.9320169337328,1.99999999999999));
#13089=CARTESIAN_POINT('',(-162.450794333339,-70.0238489406798,0.));
#13090=CARTESIAN_POINT('',(-162.582232568686,-69.9715488822538,0.));
#13091=CARTESIAN_POINT('Origin',(0.,0.,3.5527136788005E-14));
#13092=CARTESIAN_POINT('',(-172.661080040147,-38.9506282281811,1.99999999999999));
#13093=CARTESIAN_POINT('',(-172.661080040147,-38.9506282281811,0.));
#13094=CARTESIAN_POINT('Origin',(0.,0.,2.00000000000003));
#13095=CARTESIAN_POINT('Origin',(-172.563531407356,-38.9286222235325,0.));
#13096=CARTESIAN_POINT('',(-172.584322576438,-38.8308074634591,1.99999999999999));
#13097=CARTESIAN_POINT('Origin',(-172.563531407356,-38.9286222235325,1.99999999999999));
#13098=CARTESIAN_POINT('',(-172.584322576438,-38.8308074634591,0.));
#13099=CARTESIAN_POINT('Origin',(-172.218664622536,-38.7530844660305,0.));
#13100=CARTESIAN_POINT('',(-172.218664622536,-38.7530844660305,1.99999999999999));
#13101=CARTESIAN_POINT('',(-172.218664622536,-38.7530844660305,0.));
#13102=CARTESIAN_POINT('',(-172.194224787297,-38.7478896186843,1.99999999999999));
#13103=CARTESIAN_POINT('Origin',(-171.7814775618,-38.7599531305828,0.));
#13104=CARTESIAN_POINT('',(-171.80285026381,-38.6622637882329,1.99999999999999));
#13105=CARTESIAN_POINT('',(-171.683929874371,-38.737942935733,1.99999999999999));
#13106=CARTESIAN_POINT('Origin',(-171.7814775618,-38.7599531305828,1.99999999999999));
#13107=CARTESIAN_POINT('',(-171.80285026381,-38.6622637882329,0.));
#13108=CARTESIAN_POINT('',(-171.683929874371,-38.737942935733,0.));
#13109=CARTESIAN_POINT('Origin',(0.,0.,3.5527136788005E-14));
#13110=CARTESIAN_POINT('Origin',(0.,0.,2.00000000000003));
#13111=CARTESIAN_POINT('Origin',(-162.542652296197,-70.0634439955491,0.));
#13112=CARTESIAN_POINT('',(-162.083492261462,-69.8655246622283,1.99999999999999));
#13113=CARTESIAN_POINT('',(-162.083492261462,-69.8655246622283,1.99999999999999));
#13114=CARTESIAN_POINT('',(-162.083492261462,-69.8655246622283,0.));
#13115=CARTESIAN_POINT('Origin',(-172.643051529517,-36.6964134293346,0.));
#13116=CARTESIAN_POINT('',(-172.194224787297,-38.7478896186843,1.99999999999999));
#13117=CARTESIAN_POINT('',(-172.194224787297,-38.7478896186843,0.));
#13118=CARTESIAN_POINT('Origin',(-172.643051529517,-36.6964134293346,1.99999999999999));
#13119=CARTESIAN_POINT('Origin',(-171.705769407526,-38.6410242122221,0.));
#13120=CARTESIAN_POINT('',(-172.194224787297,-38.7478896186843,1.99999999999999));
#13121=CARTESIAN_POINT('Origin',(-161.240773273919,-71.7890175028789,0.));
#13122=CARTESIAN_POINT('Origin',(-161.240773273919,-71.7890175028789,1.99999999999999));
#13123=CARTESIAN_POINT('Origin',(-167.133739603493,-54.3542595025693,1.99999999999999));
#13124=CARTESIAN_POINT('Origin',(-172.694815688441,-34.4631779488684,0.));
#13125=CARTESIAN_POINT('',(-172.596749353581,-34.4436077172109,1.99999999999999));
#13126=CARTESIAN_POINT('',(-172.675189772071,-34.5612331547814,1.99999999999999));
#13127=CARTESIAN_POINT('Origin',(-172.694815688441,-34.4631779488684,1.99999999999999));
#13128=CARTESIAN_POINT('',(-172.596749353581,-34.4436077172109,0.));
#13129=CARTESIAN_POINT('',(-172.675189772071,-34.5612331547814,0.));
#13130=CARTESIAN_POINT('Origin',(-173.042938523614,-34.6348386933723,0.));
#13131=CARTESIAN_POINT('',(-173.042938523614,-34.6348386933723,1.99999999999999));
#13132=CARTESIAN_POINT('',(-173.042938523614,-34.6348386933723,0.));
#13133=CARTESIAN_POINT('',(-173.0674384365,-34.6397423926392,1.99999999999999));
#13134=CARTESIAN_POINT('Origin',(-173.47925746165,-34.6201853050267,0.));
#13135=CARTESIAN_POINT('',(-173.459631545281,-34.7182405109397,1.99999999999999));
#13136=CARTESIAN_POINT('',(-173.577323746253,-34.639755788523,1.99999999999999));
#13137=CARTESIAN_POINT('Origin',(-173.47925746165,-34.6201853050267,1.99999999999999));
#13138=CARTESIAN_POINT('',(-173.459631545281,-34.7182405109397,0.));
#13139=CARTESIAN_POINT('',(-173.577323746253,-34.639755788523,0.));
#13140=CARTESIAN_POINT('Origin',(0.,0.,3.5527136788005E-14));
#13141=CARTESIAN_POINT('',(-176.986312154712,-2.20120645890237,1.99999999999999));
#13142=CARTESIAN_POINT('',(-176.986312154712,-2.20120645890237,0.));
#13143=CARTESIAN_POINT('Origin',(0.,0.,2.00000000000003));
#13144=CARTESIAN_POINT('Origin',(-176.886319887958,-2.19996283943406,0.));
#13145=CARTESIAN_POINT('',(-176.886319887958,-2.09996283943406,1.99999999999999));
#13146=CARTESIAN_POINT('Origin',(-176.886319887958,-2.19996283943406,1.99999999999999));
#13147=CARTESIAN_POINT('',(-176.886319887958,-2.09996283943406,0.));
#13148=CARTESIAN_POINT('Origin',(-176.512492917849,-2.09996283943406,0.));
#13149=CARTESIAN_POINT('',(-176.512492917849,-2.09996283943406,1.99999999999999));
#13150=CARTESIAN_POINT('',(-176.512492917849,-2.09996283943406,0.));
#13151=CARTESIAN_POINT('',(-176.487507082153,-2.09996283943406,1.99999999999999));
#13152=CARTESIAN_POINT('Origin',(-176.086287518979,-2.19757770818759,0.));
#13153=CARTESIAN_POINT('',(-176.086882419829,-2.09757947773836,1.99999999999999));
#13154=CARTESIAN_POINT('',(-175.986295305737,-2.19632979353218,1.99999999999999));
#13155=CARTESIAN_POINT('Origin',(-176.086287518979,-2.19757770818759,1.99999999999999));
#13156=CARTESIAN_POINT('',(-176.086882419829,-2.09757947773836,0.));
#13157=CARTESIAN_POINT('',(-175.986295305737,-2.19632979353218,0.));
#13158=CARTESIAN_POINT('Origin',(0.,0.,3.5527136788005E-14));
#13159=CARTESIAN_POINT('Origin',(0.,0.,2.00000000000003));
#13160=CARTESIAN_POINT('Origin',(-173.557714466065,-34.7378719744881,0.));
#13161=CARTESIAN_POINT('',(-173.0674384365,-34.6397423926392,1.99999999999999));
#13162=CARTESIAN_POINT('',(-173.0674384365,-34.6397423926392,1.99999999999999));
#13163=CARTESIAN_POINT('',(-173.0674384365,-34.6397423926392,0.));
#13164=CARTESIAN_POINT('Origin',(-176.5,-3.5527136788005E-14,0.));
#13165=CARTESIAN_POINT('',(-176.487507082153,-2.09996283943406,1.99999999999999));
#13166=CARTESIAN_POINT('',(-176.487507082153,-2.09996283943406,0.));
#13167=CARTESIAN_POINT('Origin',(-176.5,-3.5527136788005E-14,1.99999999999999));
#13168=CARTESIAN_POINT('Origin',(-175.987507057017,-2.09698828239894,0.));
#13169=CARTESIAN_POINT('',(-176.487507082153,-2.09996283943406,1.99999999999999));
#13170=CARTESIAN_POINT('Origin',(-172.643051529517,-36.6964134293346,0.));
#13171=CARTESIAN_POINT('Origin',(-172.643051529517,-36.6964134293346,1.99999999999999));
#13172=CARTESIAN_POINT('Origin',(-174.782352391152,-18.4174301284435,1.99999999999999));
#13173=CARTESIAN_POINT('Origin',(-176.086317223118,2.19519630089723,0.));
#13174=CARTESIAN_POINT('',(-175.986324993008,2.19394973854579,1.99999999999999));
#13175=CARTESIAN_POINT('',(-176.087507003764,2.09520337903765,1.99999999999999));
#13176=CARTESIAN_POINT('Origin',(-176.086317223118,2.19519630089723,1.99999999999999));
#13177=CARTESIAN_POINT('',(-175.986324993008,2.19394973854577,0.));
#13178=CARTESIAN_POINT('',(-176.087507003764,2.09520337903765,0.));
#13179=CARTESIAN_POINT('Origin',(-176.46252301474,2.09966556279369,0.));
#13180=CARTESIAN_POINT('',(-176.46252301474,2.09966556279369,1.99999999999999));
#13181=CARTESIAN_POINT('',(-176.46252301474,2.09966556279369,0.));
#13182=CARTESIAN_POINT('',(-176.487507082153,2.0999628394339,1.99999999999999));
#13183=CARTESIAN_POINT('Origin',(-176.886260726388,2.20471454758952,0.));
#13184=CARTESIAN_POINT('',(-176.887450507033,2.10472162572994,1.99999999999999));
#13185=CARTESIAN_POINT('',(-176.986252959698,2.20596085315627,1.99999999999999));
#13186=CARTESIAN_POINT('Origin',(-176.886260726388,2.20471454758952,1.99999999999999));
#13187=CARTESIAN_POINT('',(-176.887450507033,2.10472162572994,0.));
#13188=CARTESIAN_POINT('',(-176.986252959698,2.20596085315627,0.));
#13189=CARTESIAN_POINT('Origin',(0.,0.,3.5527136788005E-14));
#13190=CARTESIAN_POINT('',(-173.576393153566,34.6444185951908,1.99999999999999));
#13191=CARTESIAN_POINT('',(-173.576393153566,34.6444185951908,0.));
#13192=CARTESIAN_POINT('Origin',(0.,0.,2.00000000000003));
#13193=CARTESIAN_POINT('Origin',(-173.478327394722,34.6248454773405,0.));
#13194=CARTESIAN_POINT('',(-173.45753622564,34.7226602374138,1.99999999999999));
#13195=CARTESIAN_POINT('Origin',(-173.478327394722,34.6248454773405,1.99999999999999));
#13196=CARTESIAN_POINT('',(-173.45753622564,34.7226602374138,0.));
#13197=CARTESIAN_POINT('Origin',(-173.091878271738,34.6449372399852,0.));
#13198=CARTESIAN_POINT('',(-173.091878271738,34.6449372399852,1.99999999999999));
#13199=CARTESIAN_POINT('',(-173.091878271738,34.6449372399852,0.));
#13200=CARTESIAN_POINT('',(-173.0674384365,34.6397423926391,1.99999999999999));
#13201=CARTESIAN_POINT('Origin',(-172.695281755825,34.4608424052032,0.));
#13202=CARTESIAN_POINT('',(-172.675072855492,34.5587791212363,1.99999999999999));
#13203=CARTESIAN_POINT('',(-172.597215156304,34.4412734998055,1.99999999999999));
#13204=CARTESIAN_POINT('Origin',(-172.695281755825,34.4608424052032,1.99999999999999));
#13205=CARTESIAN_POINT('',(-172.675072855492,34.5587791212363,0.));
#13206=CARTESIAN_POINT('',(-172.597215156304,34.4412734998055,0.));
#13207=CARTESIAN_POINT('Origin',(0.,0.,3.5527136788005E-14));
#13208=CARTESIAN_POINT('Origin',(0.,0.,2.00000000000003));
#13209=CARTESIAN_POINT('Origin',(-176.987471691451,2.10591174266177,0.));
#13210=CARTESIAN_POINT('',(-176.487507082153,2.0999628394339,1.99999999999999));
#13211=CARTESIAN_POINT('',(-176.487507082153,2.0999628394339,1.99999999999999));
#13212=CARTESIAN_POINT('',(-176.487507082153,2.0999628394339,0.));
#13213=CARTESIAN_POINT('Origin',(-172.643051529517,36.6964134293345,0.));
#13214=CARTESIAN_POINT('',(-173.0674384365,34.6397423926391,1.99999999999999));
#13215=CARTESIAN_POINT('',(-173.0674384365,34.6397423926391,0.));
#13216=CARTESIAN_POINT('Origin',(-172.643051529517,36.6964134293345,1.99999999999999));
#13217=CARTESIAN_POINT('Origin',(-172.577746166363,34.5386960978312,0.));
#13218=CARTESIAN_POINT('',(-173.0674384365,34.6397423926391,1.99999999999999));
#13219=CARTESIAN_POINT('Origin',(-176.5,-1.06581410364015E-13,0.));
#13220=CARTESIAN_POINT('Origin',(-176.5,-1.06581410364015E-13,1.99999999999999));
#13221=CARTESIAN_POINT('Origin',(-174.792137680538,18.3243293189302,1.99999999999999));
#13222=CARTESIAN_POINT('Origin',(-171.782001739248,38.7576299385931,0.));
#13223=CARTESIAN_POINT('',(-171.684453754161,38.7356210629891,1.99999999999999));
#13224=CARTESIAN_POINT('',(-171.803955217786,38.6600694712915,1.99999999999999));
#13225=CARTESIAN_POINT('Origin',(-171.782001739248,38.7576299385931,1.99999999999999));
#13226=CARTESIAN_POINT('',(-171.684453754161,38.7356210629891,0.));
#13227=CARTESIAN_POINT('',(-171.803955217786,38.6600694712915,0.));
#13228=CARTESIAN_POINT('Origin',(-172.16984848899,38.7424043585523,0.));
#13229=CARTESIAN_POINT('',(-172.16984848899,38.7424043585523,1.99999999999999));
#13230=CARTESIAN_POINT('',(-172.16984848899,38.7424043585523,0.));
#13231=CARTESIAN_POINT('',(-172.194224787297,38.7478896186841,1.99999999999999));
#13232=CARTESIAN_POINT('Origin',(-172.562485602931,38.9332577950819,0.));
#13233=CARTESIAN_POINT('',(-172.584439081468,38.8356973277803,1.99999999999999));
#13234=CARTESIAN_POINT('',(-172.660033644538,38.955266420178,1.99999999999999));
#13235=CARTESIAN_POINT('Origin',(-172.562485602931,38.9332577950819,1.99999999999999));
#13236=CARTESIAN_POINT('',(-172.584439081468,38.8356973277803,0.));
#13237=CARTESIAN_POINT('',(-172.660033644538,38.955266420178,0.));
#13238=CARTESIAN_POINT('Origin',(0.,0.,3.5527136788005E-14));
#13239=CARTESIAN_POINT('',(-162.580352859664,69.9759163143095,1.99999999999999));
#13240=CARTESIAN_POINT('',(-162.580352859664,69.9759163143095,0.));
#13241=CARTESIAN_POINT('Origin',(0.,0.,2.00000000000003));
#13242=CARTESIAN_POINT('Origin',(-162.488499552963,69.9363818983127,0.));
#13243=CARTESIAN_POINT('',(-162.447825888656,70.027736444077,1.99999999999999));
#13244=CARTESIAN_POINT('Origin',(-162.488499552963,69.9363818983127,1.99999999999999));
#13245=CARTESIAN_POINT('',(-162.447825888656,70.027736444077,0.));
#13246=CARTESIAN_POINT('Origin',(-162.106317958168,69.8756873171637,0.));
#13247=CARTESIAN_POINT('',(-162.106317958168,69.8756873171637,1.99999999999999));
#13248=CARTESIAN_POINT('',(-162.106317958168,69.8756873171637,0.));
#13249=CARTESIAN_POINT('',(-162.083492261463,69.8655246622281,1.99999999999999));
#13250=CARTESIAN_POINT('Origin',(-161.756663496039,69.6131583440182,0.));
#13251=CARTESIAN_POINT('',(-161.716534020441,69.704753241192,1.99999999999999));
#13252=CARTESIAN_POINT('',(-161.664808491214,69.5736278736354,1.99999999999999));
#13253=CARTESIAN_POINT('Origin',(-161.756663496039,69.6131583440182,1.99999999999999));
#13254=CARTESIAN_POINT('',(-161.716534020441,69.704753241192,0.));
#13255=CARTESIAN_POINT('',(-161.664808491214,69.5736278736354,0.));
#13256=CARTESIAN_POINT('Origin',(0.,0.,3.5527136788005E-14));
#13257=CARTESIAN_POINT('Origin',(0.,0.,2.00000000000003));
#13258=CARTESIAN_POINT('Origin',(-172.682027123805,38.8576570113716,0.));
#13259=CARTESIAN_POINT('',(-172.194224787297,38.7478896186841,1.99999999999999));
#13260=CARTESIAN_POINT('',(-172.194224787297,38.7478896186841,1.99999999999999));
#13261=CARTESIAN_POINT('',(-172.194224787297,38.7478896186841,0.));
#13262=CARTESIAN_POINT('Origin',(-161.240773273919,71.7890175028786,0.));
#13263=CARTESIAN_POINT('',(-162.083492261463,69.8655246622281,1.99999999999999));
#13264=CARTESIAN_POINT('',(-162.083492261463,69.8655246622281,0.));
#13265=CARTESIAN_POINT('Origin',(-161.240773273919,71.7890175028786,1.99999999999999));
#13266=CARTESIAN_POINT('Origin',(-161.625509648335,69.6648737235343,0.));
#13267=CARTESIAN_POINT('',(-162.083492261463,69.8655246622281,1.99999999999999));
#13268=CARTESIAN_POINT('Origin',(-172.643051529517,36.6964134293344,0.));
#13269=CARTESIAN_POINT('Origin',(-172.643051529517,36.6964134293344,1.99999999999999));
#13270=CARTESIAN_POINT('Origin',(-167.162667807551,54.265227645179,1.99999999999999));
#13271=CARTESIAN_POINT('Origin',(-159.969988477874,73.62616916823,0.));
#13272=CARTESIAN_POINT('',(-159.879148052844,73.5843598728477,1.99999999999999));
#13273=CARTESIAN_POINT('',(-160.011746181947,73.5353050160546,1.99999999999999));
#13274=CARTESIAN_POINT('Origin',(-159.969988477874,73.62616916823,1.99999999999999));
#13275=CARTESIAN_POINT('',(-159.879148052844,73.5843598728477,0.));
#13276=CARTESIAN_POINT('',(-160.011746181947,73.5353050160546,0.));
#13277=CARTESIAN_POINT('Origin',(-160.352525421676,73.6919141771602,0.));
#13278=CARTESIAN_POINT('',(-160.352525421676,73.6919141771602,1.99999999999999));
#13279=CARTESIAN_POINT('',(-160.352525421676,73.6919141771602,0.));
#13280=CARTESIAN_POINT('',(-160.375228589672,73.7023476885945,1.99999999999999));
#13281=CARTESIAN_POINT('Origin',(-160.696901811949,73.9602308544307,0.));
#13282=CARTESIAN_POINT('',(-160.738659516022,73.8693667022553,1.99999999999999));
#13283=CARTESIAN_POINT('',(-160.787742344347,74.0020399165305,1.99999999999999));
#13284=CARTESIAN_POINT('Origin',(-160.696901811949,73.9602308544307,1.99999999999999));
#13285=CARTESIAN_POINT('',(-160.738659516022,73.8693667022553,0.));
#13286=CARTESIAN_POINT('',(-160.787742344347,74.0020399165305,0.));
#13287=CARTESIAN_POINT('Origin',(0.,0.,3.5527136788005E-14));
#13288=CARTESIAN_POINT('',(-144.478770998705,102.249130708792,1.99999999999999));
#13289=CARTESIAN_POINT('',(-144.478770998705,102.249130708792,0.));
#13290=CARTESIAN_POINT('Origin',(0.,0.,2.00000000000003));
#13291=CARTESIAN_POINT('Origin',(-144.397144574412,102.191362838335,0.));
#13292=CARTESIAN_POINT('',(-144.338366049183,102.272264537773,1.99999999999999));
#13293=CARTESIAN_POINT('Origin',(-144.397144574412,102.191362838335,1.99999999999999));
#13294=CARTESIAN_POINT('',(-144.338366049183,102.272264537773,0.));
#13295=CARTESIAN_POINT('Origin',(-144.035933677409,102.052534557833,0.));
#13296=CARTESIAN_POINT('',(-144.035933677409,102.052534557833,1.99999999999999));
#13297=CARTESIAN_POINT('',(-144.035933677409,102.052534557833,0.));
#13298=CARTESIAN_POINT('',(-144.015719711712,102.037848252095,1.99999999999999));
#13299=CARTESIAN_POINT('Origin',(-143.748502846886,101.723045222205,0.));
#13300=CARTESIAN_POINT('',(-143.690206646671,101.804295163992,1.99999999999999));
#13301=CARTESIAN_POINT('',(-143.666873941238,101.665280858081,1.99999999999999));
#13302=CARTESIAN_POINT('Origin',(-143.748502846886,101.723045222205,1.99999999999999));
#13303=CARTESIAN_POINT('',(-143.690206646671,101.804295163992,0.));
#13304=CARTESIAN_POINT('',(-143.666873941238,101.665280858081,0.));
#13305=CARTESIAN_POINT('Origin',(0.,0.,3.5527136788005E-14));
#13306=CARTESIAN_POINT('Origin',(0.,0.,2.00000000000003));
#13307=CARTESIAN_POINT('Origin',(-160.829549350549,73.9111362089588,0.));
#13308=CARTESIAN_POINT('',(-160.375228589672,73.7023476885945,1.99999999999999));
#13309=CARTESIAN_POINT('',(-160.375228589672,73.7023476885945,1.99999999999999));
#13310=CARTESIAN_POINT('',(-160.375228589672,73.7023476885945,0.));
#13311=CARTESIAN_POINT('Origin',(-142.791499507178,103.744097029621,0.));
#13312=CARTESIAN_POINT('',(-144.015719711712,102.037848252095,1.99999999999999));
#13313=CARTESIAN_POINT('',(-144.015719711712,102.037848252095,0.));
#13314=CARTESIAN_POINT('Origin',(-142.791499507178,103.744097029621,1.99999999999999));
#13315=CARTESIAN_POINT('Origin',(-143.609462793432,101.746362078366,0.));
#13316=CARTESIAN_POINT('',(-144.015719711712,102.037848252095,1.99999999999999));
#13317=CARTESIAN_POINT('Origin',(-161.240773273919,71.7890175028787,0.));
#13318=CARTESIAN_POINT('Origin',(-161.240773273919,71.7890175028787,1.99999999999999));
#13319=CARTESIAN_POINT('Origin',(-152.227387215899,87.834475129881,1.99999999999999));
#13320=CARTESIAN_POINT('Origin',(-141.166519098846,105.276891507658,0.));
#13321=CARTESIAN_POINT('',(-141.086356396348,105.217109059329,1.99999999999999));
#13322=CARTESIAN_POINT('',(-141.226256016411,105.196694870073,1.99999999999999));
#13323=CARTESIAN_POINT('Origin',(-141.166519098846,105.276891507658,1.99999999999999));
#13324=CARTESIAN_POINT('',(-141.086356396348,105.217109059328,0.));
#13325=CARTESIAN_POINT('',(-141.226256016411,105.196694870073,0.));
#13326=CARTESIAN_POINT('Origin',(-141.527027536648,105.420733733189,0.));
#13327=CARTESIAN_POINT('',(-141.527027536648,105.420733733189,1.99999999999999));
#13328=CARTESIAN_POINT('',(-141.527027536648,105.420733733189,0.));
#13329=CARTESIAN_POINT('',(-141.547065336949,105.435659501411,1.99999999999999));
#13330=CARTESIAN_POINT('Origin',(-141.808092302498,105.754786924878,0.));
#13331=CARTESIAN_POINT('',(-141.867829220062,105.674590287293,1.99999999999999));
#13332=CARTESIAN_POINT('',(-141.88825515852,105.814569167345,1.99999999999999));
#13333=CARTESIAN_POINT('Origin',(-141.808092302498,105.754786924878,1.99999999999999));
#13334=CARTESIAN_POINT('',(-141.867829220062,105.674590287293,0.));
#13335=CARTESIAN_POINT('',(-141.88825515852,105.814569167345,0.));
#13336=CARTESIAN_POINT('Origin',(0.,0.,3.5527136788005E-14));
#13337=CARTESIAN_POINT('',(-120.062773559042,130.053567445535,1.99999999999999));
#13338=CARTESIAN_POINT('',(-120.062773559042,130.053567445535,0.));
#13339=CARTESIAN_POINT('Origin',(0.,0.,2.00000000000003));
#13340=CARTESIAN_POINT('Origin',(-119.994941483584,129.980090853758,0.));
#13341=CARTESIAN_POINT('',(-119.920627001037,130.047003914394,1.99999999999999));
#13342=CARTESIAN_POINT('Origin',(-119.994941483584,129.980090853758,1.99999999999999));
#13343=CARTESIAN_POINT('',(-119.920627001037,130.047003914394,0.));
#13344=CARTESIAN_POINT('Origin',(-119.670487933855,129.769196335933,0.));
#13345=CARTESIAN_POINT('',(-119.670487933855,129.769196335933,1.99999999999999));
#13346=CARTESIAN_POINT('',(-119.670487933855,129.769196335933,0.));
#13347=CARTESIAN_POINT('',(-119.653769146465,129.750628241425,1.99999999999999));
#13348=CARTESIAN_POINT('Origin',(-119.457842841479,129.387146902853,0.));
#13349=CARTESIAN_POINT('',(-119.38392774033,129.454500876917,1.99999999999999));
#13350=CARTESIAN_POINT('',(-119.390007609882,129.313673224885,1.99999999999999));
#13351=CARTESIAN_POINT('Origin',(-119.457842841479,129.387146902853,1.99999999999999));
#13352=CARTESIAN_POINT('',(-119.38392774033,129.454500876917,0.));
#13353=CARTESIAN_POINT('',(-119.390007609882,129.313673224885,0.));
#13354=CARTESIAN_POINT('Origin',(0.,0.,3.5527136788005E-14));
#13355=CARTESIAN_POINT('Origin',(0.,0.,2.00000000000003));
#13356=CARTESIAN_POINT('Origin',(-141.948048524872,105.734344089233,0.));
#13357=CARTESIAN_POINT('',(-141.547065336949,105.435659501411,1.99999999999999));
#13358=CARTESIAN_POINT('',(-141.547065336949,105.435659501411,1.99999999999999));
#13359=CARTESIAN_POINT('',(-141.547065336949,105.435659501411,0.));
#13360=CARTESIAN_POINT('Origin',(-118.101552022339,131.16506169676,0.));
#13361=CARTESIAN_POINT('',(-119.653769146465,129.750628241425,1.99999999999999));
#13362=CARTESIAN_POINT('',(-119.653769146465,129.750628241425,0.));
#13363=CARTESIAN_POINT('Origin',(-118.101552022339,131.16506169676,1.99999999999999));
#13364=CARTESIAN_POINT('Origin',(-119.316993299797,129.381046177159,0.));
#13365=CARTESIAN_POINT('',(-119.653769146465,129.750628241425,1.99999999999999));
#13366=CARTESIAN_POINT('Origin',(-142.791499507178,103.744097029621,0.));
#13367=CARTESIAN_POINT('Origin',(-142.791499507178,103.744097029621,1.99999999999999));
#13368=CARTESIAN_POINT('Origin',(-130.639039334863,117.564934574833,1.99999999999999));
#13369=CARTESIAN_POINT('Origin',(-116.193395443084,132.326508513627,0.));
#13370=CARTESIAN_POINT('',(-116.127413957881,132.251365692211,1.99999999999999));
#13371=CARTESIAN_POINT('',(-116.268500784193,132.260484368522,1.99999999999999));
#13372=CARTESIAN_POINT('Origin',(-116.193395443084,132.326508513627,1.99999999999999));
#13373=CARTESIAN_POINT('',(-116.127413957881,132.251365692211,0.));
#13374=CARTESIAN_POINT('',(-116.268500784193,132.260484368522,0.));
#13375=CARTESIAN_POINT('Origin',(-116.516119426244,132.542161360272,0.));
#13376=CARTESIAN_POINT('',(-116.516119426244,132.542161360272,1.99999999999999));
#13377=CARTESIAN_POINT('',(-116.516119426244,132.542161360272,0.));
#13378=CARTESIAN_POINT('',(-116.532616110824,132.560927057588,1.99999999999999));
#13379=CARTESIAN_POINT('Origin',(-116.721588688703,132.927351338937,0.));
#13380=CARTESIAN_POINT('',(-116.796694029812,132.861327193832,1.99999999999999));
#13381=CARTESIAN_POINT('',(-116.787570366876,133.002493990909,1.99999999999999));
#13382=CARTESIAN_POINT('Origin',(-116.721588688703,132.927351338937,1.99999999999999));
#13383=CARTESIAN_POINT('',(-116.796694029812,132.861327193832,0.));
#13384=CARTESIAN_POINT('',(-116.787570366876,133.002493990909,0.));
#13385=CARTESIAN_POINT('Origin',(0.,0.,3.5527136788005E-14));
#13386=CARTESIAN_POINT('',(-90.3994567897401,152.174039218652,1.99999999999999));
#13387=CARTESIAN_POINT('',(-90.3994567897401,152.174039218652,0.));
#13388=CARTESIAN_POINT('Origin',(0.,0.,2.00000000000003));
#13389=CARTESIAN_POINT('Origin',(-90.3483836503108,152.088065185195,0.));
#13390=CARTESIAN_POINT('',(-90.2617811099324,152.138065185195,1.99999999999999));
#13391=CARTESIAN_POINT('Origin',(-90.3483836503108,152.088065185195,1.99999999999999));
#13392=CARTESIAN_POINT('',(-90.2617811099324,152.138065185195,0.));
#13393=CARTESIAN_POINT('Origin',(-90.0748676248779,151.814321532461,0.));
#13394=CARTESIAN_POINT('',(-90.0748676248779,151.814321532461,1.99999999999999));
#13395=CARTESIAN_POINT('',(-90.0748676248779,151.814321532461,0.));
#13396=CARTESIAN_POINT('',(-90.0623747070298,151.792683164013,1.99999999999999));
#13397=CARTESIAN_POINT('Origin',(-89.9463018815703,151.396409395433,0.));
#13398=CARTESIAN_POINT('',(-89.8599983240927,151.446923709906,1.99999999999999));
#13399=CARTESIAN_POINT('',(-89.895225049156,151.310437555912,1.99999999999999));
#13400=CARTESIAN_POINT('Origin',(-89.9463018815703,151.396409395433,1.99999999999999));
#13401=CARTESIAN_POINT('',(-89.8599983240927,151.446923709906,0.));
#13402=CARTESIAN_POINT('',(-89.895225049156,151.310437555912,0.));
#13403=CARTESIAN_POINT('Origin',(0.,0.,3.5527136788005E-14));
#13404=CARTESIAN_POINT('Origin',(0.,0.,2.00000000000003));
#13405=CARTESIAN_POINT('Origin',(-116.862736836351,132.936453763134,0.));
#13406=CARTESIAN_POINT('',(-116.532616110824,132.560927057588,1.99999999999999));
#13407=CARTESIAN_POINT('',(-116.532616110824,132.560927057588,1.99999999999999));
#13408=CARTESIAN_POINT('',(-116.532616110824,132.560927057588,0.));
#13409=CARTESIAN_POINT('Origin',(-88.2500000000001,152.853483767953,0.));
#13410=CARTESIAN_POINT('',(-90.0623747070298,151.792683164013,1.99999999999999));
#13411=CARTESIAN_POINT('',(-90.0623747070298,151.792683164013,0.));
#13412=CARTESIAN_POINT('Origin',(-88.2500000000001,152.853483767953,2.00000000000003));
#13413=CARTESIAN_POINT('Origin',(-89.8097986525041,151.36115771887,0.));
#13414=CARTESIAN_POINT('',(-90.0623747070298,151.792683164013,1.99999999999999));
#13415=CARTESIAN_POINT('Origin',(-118.101552022339,131.16506169676,0.));
#13416=CARTESIAN_POINT('Origin',(-118.101552022339,131.16506169676,1.99999999999999));
#13417=CARTESIAN_POINT('Origin',(-103.341138559233,142.157242239719,1.99999999999999));
#13418=CARTESIAN_POINT('Origin',(-86.1420628486883,153.592822124514,0.));
#13419=CARTESIAN_POINT('',(-86.0931462882972,153.505603031882,2.00000000000003));
#13420=CARTESIAN_POINT('',(-86.2292541495402,153.543856043848,2.00000000000003));
#13421=CARTESIAN_POINT('Origin',(-86.1420628486883,153.592822124514,2.00000000000003));
#13422=CARTESIAN_POINT('',(-86.0931462882972,153.505603031882,0.));
#13423=CARTESIAN_POINT('',(-86.2292541495402,153.543856043848,0.));
#13424=CARTESIAN_POINT('Origin',(-86.4128977905393,153.870860528058,0.));
#13425=CARTESIAN_POINT('',(-86.4128977905393,153.870860528058,2.00000000000003));
#13426=CARTESIAN_POINT('',(-86.4128977905393,153.870860528058,0.));
#13427=CARTESIAN_POINT('',(-86.4251323751234,153.892646003447,2.00000000000003));
#13428=CARTESIAN_POINT('Origin',(-86.5337915568882,154.290352643284,0.));
#13429=CARTESIAN_POINT('',(-86.62098285774,154.241386562618,2.00000000000003));
#13430=CARTESIAN_POINT('',(-86.5827083412618,154.377571610296,2.00000000000003));
#13431=CARTESIAN_POINT('Origin',(-86.5337915568882,154.290352643284,2.00000000000003));
#13432=CARTESIAN_POINT('',(-86.62098285774,154.241386562618,0.));
#13433=CARTESIAN_POINT('',(-86.5827083412618,154.377571610296,0.));
#13434=CARTESIAN_POINT('Origin',(0.,0.,3.5527136788005E-14));
#13435=CARTESIAN_POINT('',(-56.7852499740055,167.643775265859,2.00000000000003));
#13436=CARTESIAN_POINT('',(-56.7852499740055,167.643775265859,0.));
#13437=CARTESIAN_POINT('Origin',(0.,0.,2.00000000000003));
#13438=CARTESIAN_POINT('Origin',(-56.7531679118733,167.549061268533,0.));
#13439=CARTESIAN_POINT('',(-56.6580622602438,167.579962967971,2.00000000000003));
#13440=CARTESIAN_POINT('Origin',(-56.7531679118733,167.549061268533,2.00000000000003));
#13441=CARTESIAN_POINT('',(-56.6580622602438,167.579962967971,0.));
#13442=CARTESIAN_POINT('Origin',(-56.5425433735245,167.224432392082,0.));
#13443=CARTESIAN_POINT('',(-56.5425433735245,167.224432392082,2.00000000000003));
#13444=CARTESIAN_POINT('',(-56.5425433735245,167.224432392082,0.));
#13445=CARTESIAN_POINT('',(-56.5348223256756,167.200669450228,2.00000000000003));
#13446=CARTESIAN_POINT('Origin',(-56.5036759191945,166.788922316857,0.));
#13447=CARTESIAN_POINT('',(-56.4087557849803,166.820389253803,2.00000000000003));
#13448=CARTESIAN_POINT('',(-56.4715897886327,166.694209697711,2.00000000000003));
#13449=CARTESIAN_POINT('Origin',(-56.5036759191945,166.788922316857,2.00000000000003));
#13450=CARTESIAN_POINT('',(-56.4087557849803,166.820389253803,0.));
#13451=CARTESIAN_POINT('',(-56.4715897886327,166.694209697711,0.));
#13452=CARTESIAN_POINT('Origin',(0.,0.,3.5527136788005E-14));
#13453=CARTESIAN_POINT('Origin',(0.,0.,2.00000000000003));
#13454=CARTESIAN_POINT('Origin',(-86.6699627784523,154.328602507706,0.));
#13455=CARTESIAN_POINT('',(-86.4251323751234,153.892646003447,2.00000000000003));
#13456=CARTESIAN_POINT('',(-86.4251323751234,153.892646003447,2.00000000000003));
#13457=CARTESIAN_POINT('',(-86.4251323751234,153.892646003447,0.));
#13458=CARTESIAN_POINT('Origin',(-54.5414995071783,167.861475126095,0.));
#13459=CARTESIAN_POINT('',(-56.5348223256756,167.200669450228,2.00000000000003));
#13460=CARTESIAN_POINT('',(-56.5348223256756,167.200669450228,0.));
#13461=CARTESIAN_POINT('Origin',(-54.5414995071783,167.861475126095,2.00000000000003));
#13462=CARTESIAN_POINT('Origin',(-56.3774848488692,166.726060356849,0.));
#13463=CARTESIAN_POINT('',(-56.5348223256756,167.200669450228,2.00000000000003));
#13464=CARTESIAN_POINT('Origin',(-88.2500000000001,152.853483767953,0.));
#13465=CARTESIAN_POINT('Origin',(-88.2500000000001,152.853483767953,2.00000000000003));
#13466=CARTESIAN_POINT('Origin',(-71.5267341427635,160.536596272598,2.00000000000003));
#13467=CARTESIAN_POINT('Origin',(-52.3259087523262,168.146392388428,0.));
#13468=CARTESIAN_POINT('',(-52.2961950051642,168.050908917452,2.00000000000003));
#13469=CARTESIAN_POINT('',(-52.4213753346832,168.116624424892,2.00000000000003));
#13470=CARTESIAN_POINT('Origin',(-52.3259087523262,168.146392388428,2.00000000000003));
#13471=CARTESIAN_POINT('',(-52.2961950051642,168.050908917452,0.));
#13472=CARTESIAN_POINT('',(-52.4213753346832,168.116624424892,0.));
#13473=CARTESIAN_POINT('Origin',(-52.5330178662995,168.474664736459,0.));
#13474=CARTESIAN_POINT('',(-52.5330178662995,168.474664736459,2.00000000000003));
#13475=CARTESIAN_POINT('',(-52.5330178662995,168.474664736459,0.));
#13476=CARTESIAN_POINT('',(-52.540455640833,168.49851786011,2.00000000000003));
#13477=CARTESIAN_POINT('Origin',(-52.564052498836,168.910125169865,0.));
#13478=CARTESIAN_POINT('',(-52.659519081193,168.88035720633,2.00000000000003));
#13479=CARTESIAN_POINT('',(-52.5937664912039,169.005608564535,2.00000000000003));
#13480=CARTESIAN_POINT('Origin',(-52.564052498836,168.910125169865,2.00000000000003));
#13481=CARTESIAN_POINT('',(-52.659519081193,168.88035720633,0.));
#13482=CARTESIAN_POINT('',(-52.5937664912039,169.005608564535,0.));
#13483=CARTESIAN_POINT('Origin',(0.,0.,3.5527136788005E-14));
#13484=CARTESIAN_POINT('',(-20.6892552485459,175.786673889861,2.00000000000003));
#13485=CARTESIAN_POINT('',(-20.6892552485459,175.786673889861,3.5527136788005E-14));
#13486=CARTESIAN_POINT('Origin',(0.,0.,2.00000000000003));
#13487=CARTESIAN_POINT('Origin',(-20.6775664037727,175.687359384839,3.5527136788005E-14));
#13488=CARTESIAN_POINT('',(-20.5781142142359,175.697812231166,2.00000000000003));
#13489=CARTESIAN_POINT('Origin',(-20.6775664037727,175.687359384839,2.00000000000003));
#13490=CARTESIAN_POINT('',(-20.5781142142359,175.697812231166,3.5527136788005E-14));
#13491=CARTESIAN_POINT('Origin',(-20.5390386555224,175.326033124313,3.5527136788005E-14));
#13492=CARTESIAN_POINT('',(-20.5390386555224,175.326033124313,2.00000000000003));
#13493=CARTESIAN_POINT('',(-20.5390386555224,175.326033124313,3.5527136788005E-14));
#13494=CARTESIAN_POINT('',(-20.5364269245136,175.301184163639,2.00000000000003));
#13495=CARTESIAN_POINT('Origin',(-20.5915681844309,174.891958990989,3.5527136788005E-14));
#13496=CARTESIAN_POINT('',(-20.4921799388227,174.903003294269,2.00000000000003));
#13497=CARTESIAN_POINT('',(-20.5798750735937,174.792644988155,2.00000000000003));
#13498=CARTESIAN_POINT('Origin',(-20.5915681844309,174.891958990989,2.00000000000003));
#13499=CARTESIAN_POINT('',(-20.4921799388227,174.903003294269,3.5527136788005E-14));
#13500=CARTESIAN_POINT('',(-20.5798750735937,174.792644988155,3.5527136788005E-14));
#13501=CARTESIAN_POINT('Origin',(0.,0.,3.5527136788005E-14));
#13502=CARTESIAN_POINT('Origin',(0.,0.,2.00000000000003));
#13503=CARTESIAN_POINT('Origin',(-52.6892954585123,168.975850771895,0.));
#13504=CARTESIAN_POINT('',(-52.540455640833,168.49851786011,2.00000000000003));
#13505=CARTESIAN_POINT('',(-52.540455640833,168.49851786011,2.00000000000003));
#13506=CARTESIAN_POINT('',(-52.540455640833,168.49851786011,0.));
#13507=CARTESIAN_POINT('Origin',(-18.449273766741,175.5331145325,3.5527136788005E-14));
#13508=CARTESIAN_POINT('',(-20.5364269245136,175.301184163639,2.00000000000003));
#13509=CARTESIAN_POINT('',(-20.5364269245136,175.301184163639,3.5527136788005E-14));
#13510=CARTESIAN_POINT('Origin',(-18.449273766741,175.5331145325,2.00000000000003));
#13511=CARTESIAN_POINT('Origin',(-20.4812044281518,174.804234116832,3.5527136788005E-14));
#13512=CARTESIAN_POINT('',(-20.5364269245136,175.301184163639,2.00000000000003));
#13513=CARTESIAN_POINT('Origin',(-54.5414995071784,167.861475126095,0.));
#13514=CARTESIAN_POINT('Origin',(-54.5414995071784,167.861475126095,2.00000000000003));
#13515=CARTESIAN_POINT('Origin',(-36.5862682209051,171.899730708308,2.00000000000003));
#13516=CARTESIAN_POINT('Origin',(20.5892029276668,174.892237457251,3.5527136788005E-14));
#13517=CARTESIAN_POINT('',(20.5775111599623,174.792923296287,2.00000000000003));
#13518=CARTESIAN_POINT('',(20.4898821434381,174.903872826613,2.00000000000003));
#13519=CARTESIAN_POINT('Origin',(20.5892029276668,174.892237457251,2.00000000000003));
#13520=CARTESIAN_POINT('',(20.5775111599623,174.792923296287,3.5527136788005E-14));
#13521=CARTESIAN_POINT('',(20.4898821434381,174.903872826613,3.5527136788005E-14));
#13522=CARTESIAN_POINT('Origin',(20.5335197302128,175.276368035432,3.5527136788005E-14));
#13523=CARTESIAN_POINT('',(20.5335197302128,175.276368035432,2.00000000000003));
#13524=CARTESIAN_POINT('',(20.5335197302128,175.276368035432,3.5527136788005E-14));
#13525=CARTESIAN_POINT('',(20.5364269245133,175.301184163639,2.00000000000003));
#13526=CARTESIAN_POINT('Origin',(20.6822858975056,175.68680385861,3.5527136788005E-14));
#13527=CARTESIAN_POINT('',(20.5829651132768,175.698439227973,2.00000000000003));
#13528=CARTESIAN_POINT('',(20.6939774101667,175.786118049599,2.00000000000003));
#13529=CARTESIAN_POINT('Origin',(20.6822858975056,175.68680385861,2.00000000000003));
#13530=CARTESIAN_POINT('',(20.5829651132768,175.698439227973,3.5527136788005E-14));
#13531=CARTESIAN_POINT('',(20.6939774101667,175.786118049599,3.5527136788005E-14));
#13532=CARTESIAN_POINT('Origin',(0.,0.,3.5527136788005E-14));
#13533=CARTESIAN_POINT('',(52.5983064811053,169.004195673716,2.00000000000003));
#13534=CARTESIAN_POINT('',(52.5983064811053,169.004195673716,3.5527136788005E-14));
#13535=CARTESIAN_POINT('Origin',(0.,0.,2.00000000000003));
#13536=CARTESIAN_POINT('Origin',(52.5685899237714,168.90871307729,3.5527136788005E-14));
#13537=CARTESIAN_POINT('',(52.6636955754009,168.877811377853,2.00000000000003));
#13538=CARTESIAN_POINT('Origin',(52.5685899237714,168.90871307729,2.00000000000003));
#13539=CARTESIAN_POINT('',(52.6636955754009,168.877811377853,3.5527136788005E-14));
#13540=CARTESIAN_POINT('Origin',(52.5481766886816,168.522280801964,3.5527136788005E-14));
#13541=CARTESIAN_POINT('',(52.5481766886816,168.522280801964,2.00000000000003));
#13542=CARTESIAN_POINT('',(52.5481766886816,168.522280801964,3.5527136788005E-14));
#13543=CARTESIAN_POINT('',(52.5404556408327,168.49851786011,2.00000000000003));
#13544=CARTESIAN_POINT('Origin',(52.3236347203208,168.147100033436,3.5527136788005E-14));
#13545=CARTESIAN_POINT('',(52.4189225234802,168.11676466515,2.00000000000003));
#13546=CARTESIAN_POINT('',(52.2939222644887,168.051616160618,2.00000000000003));
#13547=CARTESIAN_POINT('Origin',(52.3236347203208,168.147100033436,2.00000000000003));
#13548=CARTESIAN_POINT('',(52.4189225234802,168.11676466515,3.5527136788005E-14));
#13549=CARTESIAN_POINT('',(52.2939222644887,168.051616160618,3.5527136788005E-14));
#13550=CARTESIAN_POINT('Origin',(0.,0.,3.5527136788005E-14));
#13551=CARTESIAN_POINT('Origin',(0.,0.,2.00000000000003));
#13552=CARTESIAN_POINT('Origin',(20.594603771325,175.797788084782,3.5527136788005E-14));
#13553=CARTESIAN_POINT('',(20.5364269245133,175.301184163639,2.00000000000003));
#13554=CARTESIAN_POINT('',(20.5364269245133,175.301184163639,2.00000000000003));
#13555=CARTESIAN_POINT('',(20.5364269245133,175.301184163639,3.5527136788005E-14));
#13556=CARTESIAN_POINT('Origin',(54.5414995071782,167.861475126095,3.5527136788005E-14));
#13557=CARTESIAN_POINT('',(52.5404556408327,168.49851786011,2.00000000000003));
#13558=CARTESIAN_POINT('',(52.5404556408327,168.49851786011,3.5527136788005E-14));
#13559=CARTESIAN_POINT('Origin',(54.5414995071782,167.861475126095,2.00000000000003));
#13560=CARTESIAN_POINT('Origin',(52.388776107729,168.022070389381,3.5527136788005E-14));
#13561=CARTESIAN_POINT('',(52.5404556408327,168.49851786011,2.00000000000003));
#13562=CARTESIAN_POINT('Origin',(18.4492737667407,175.5331145325,3.5527136788005E-14));
#13563=CARTESIAN_POINT('Origin',(18.4492737667407,175.5331145325,2.00000000000003));
#13564=CARTESIAN_POINT('Origin',(36.4947002686297,171.919194077403,2.00000000000003));
#13565=CARTESIAN_POINT('Origin',(56.5014202453567,166.789686462496,3.5527136788005E-14));
#13566=CARTESIAN_POINT('',(56.4693353957001,166.694973409422,2.00000000000003));
#13567=CARTESIAN_POINT('',(56.4066889878778,166.821717523303,2.00000000000003));
#13568=CARTESIAN_POINT('Origin',(56.5014202453567,166.789686462496,2.00000000000003));
#13569=CARTESIAN_POINT('',(56.4693353957,166.694973409422,3.5527136788005E-14));
#13570=CARTESIAN_POINT('',(56.4066889878778,166.821717523303,3.5527136788005E-14));
#13571=CARTESIAN_POINT('Origin',(56.5268190973703,167.177000053645,3.5527136788005E-14));
#13572=CARTESIAN_POINT('',(56.5268190973703,167.177000053645,2.00000000000003));
#13573=CARTESIAN_POINT('',(56.5268190973703,167.177000053645,3.5527136788005E-14));
#13574=CARTESIAN_POINT('',(56.5348223256754,167.200669450228,2.00000000000003));
#13575=CARTESIAN_POINT('Origin',(56.7576687729473,167.547536643964,3.5527136788005E-14));
#13576=CARTESIAN_POINT('',(56.6629375154684,167.579567704772,2.00000000000003));
#13577=CARTESIAN_POINT('',(56.7897533793763,167.642249779432,2.00000000000003));
#13578=CARTESIAN_POINT('Origin',(56.7576687729473,167.547536643964,2.00000000000003));
#13579=CARTESIAN_POINT('',(56.6629375154684,167.579567704772,3.5527136788005E-14));
#13580=CARTESIAN_POINT('',(56.7897533793763,167.642249779432,3.5527136788005E-14));
#13581=CARTESIAN_POINT('Origin',(0.,0.,3.5527136788005E-14));
#13582=CARTESIAN_POINT('',(86.5868553649722,154.375245677555,2.00000000000003));
#13583=CARTESIAN_POINT('',(86.5868553649722,154.375245677555,3.5527136788005E-14));
#13584=CARTESIAN_POINT('Origin',(0.,0.,2.00000000000003));
#13585=CARTESIAN_POINT('Origin',(86.5379362376474,154.288028024629,3.5527136788005E-14));
#13586=CARTESIAN_POINT('',(86.6245387780258,154.23802802463,2.00000000000003));
#13587=CARTESIAN_POINT('Origin',(86.5379362376474,154.288028024629,2.00000000000003));
#13588=CARTESIAN_POINT('',(86.6245387780258,154.23802802463,3.5527136788005E-14));
#13589=CARTESIAN_POINT('Origin',(86.4376252929714,153.914284371895,3.5527136788005E-14));
#13590=CARTESIAN_POINT('',(86.4376252929714,153.914284371895,2.00000000000003));
#13591=CARTESIAN_POINT('',(86.4376252929714,153.914284371895,3.5527136788005E-14));
#13592=CARTESIAN_POINT('',(86.4251323751232,153.892646003448,2.00000000000003));
#13593=CARTESIAN_POINT('Origin',(86.1399856374085,153.59398710362,3.5527136788005E-14));
#13594=CARTESIAN_POINT('',(86.2268840957359,153.544503187644,2.00000000000003));
#13595=CARTESIAN_POINT('',(86.0910702565808,153.506767349444,2.00000000000003));
#13596=CARTESIAN_POINT('Origin',(86.1399856374085,153.59398710362,2.00000000000003));
#13597=CARTESIAN_POINT('',(86.2268840957359,153.544503187644,3.5527136788005E-14));
#13598=CARTESIAN_POINT('',(86.0910702565808,153.506767349444,3.5527136788005E-14));
#13599=CARTESIAN_POINT('Origin',(0.,0.,3.5527136788005E-14));
#13600=CARTESIAN_POINT('Origin',(0.,0.,2.00000000000003));
#13601=CARTESIAN_POINT('Origin',(56.6949776297141,167.674325737622,3.5527136788005E-14));
#13602=CARTESIAN_POINT('',(56.5348223256754,167.200669450228,2.00000000000003));
#13603=CARTESIAN_POINT('',(56.5348223256754,167.200669450228,2.00000000000003));
#13604=CARTESIAN_POINT('',(56.5348223256754,167.200669450228,3.5527136788005E-14));
#13605=CARTESIAN_POINT('Origin',(88.2499999999999,152.853483767953,3.5527136788005E-14));
#13606=CARTESIAN_POINT('',(86.4251323751232,153.892646003448,2.00000000000003));
#13607=CARTESIAN_POINT('',(86.4251323751232,153.892646003448,3.5527136788005E-14));
#13608=CARTESIAN_POINT('Origin',(88.2499999999999,152.853483767953,2.00000000000003));
#13609=CARTESIAN_POINT('Origin',(86.1777084045124,153.458146001269,3.5527136788005E-14));
#13610=CARTESIAN_POINT('',(86.4251323751232,153.892646003448,2.00000000000003));
#13611=CARTESIAN_POINT('Origin',(54.541499507178,167.861475126095,3.5527136788005E-14));
#13612=CARTESIAN_POINT('Origin',(54.541499507178,167.861475126095,2.00000000000003));
#13613=CARTESIAN_POINT('Origin',(71.4412138319187,160.574672368163,2.00000000000003));
#13614=CARTESIAN_POINT('Origin',(89.9442543744296,151.397625823617,3.5527136788005E-14));
#13615=CARTESIAN_POINT('',(89.893178704711,151.311653293337,2.00000000000003));
#13616=CARTESIAN_POINT('',(89.8582528542234,151.448652664811,2.00000000000003));
#13617=CARTESIAN_POINT('Origin',(89.9442543744296,151.397625823617,2.00000000000003));
#13618=CARTESIAN_POINT('',(89.893178704711,151.311653293337,3.5527136788005E-14));
#13619=CARTESIAN_POINT('',(89.8582528542234,151.448652664811,3.5527136788005E-14));
#13620=CARTESIAN_POINT('Origin',(90.0496252242006,151.771194965264,3.5527136788005E-14));
#13621=CARTESIAN_POINT('',(90.0496252242006,151.771194965264,2.00000000000003));
#13622=CARTESIAN_POINT('',(90.0496252242006,151.771194965264,3.5527136788005E-14));
#13623=CARTESIAN_POINT('',(90.0623747070295,151.792683164014,2.00000000000003));
#13624=CARTESIAN_POINT('Origin',(90.3524691694995,152.085638095695,3.5527136788005E-14));
#13625=CARTESIAN_POINT('',(90.2664676492932,152.136664936888,2.00000000000003));
#13626=CARTESIAN_POINT('',(90.4035446184365,152.171610757139,2.00000000000003));
#13627=CARTESIAN_POINT('Origin',(90.3524691694995,152.085638095695,2.00000000000003));
#13628=CARTESIAN_POINT('',(90.2664676492932,152.136664936888,3.5527136788005E-14));
#13629=CARTESIAN_POINT('',(90.4035446184365,152.171610757139,3.5527136788005E-14));
#13630=CARTESIAN_POINT('Origin',(0.,0.,3.5527136788005E-14));
#13631=CARTESIAN_POINT('',(116.79114317956,132.999356670668,2.00000000000003));
#13632=CARTESIAN_POINT('',(116.79114317956,132.999356670668,3.5527136788005E-14));
#13633=CARTESIAN_POINT('Origin',(0.,0.,2.00000000000003));
#13634=CARTESIAN_POINT('Origin',(116.725159482848,132.924215791193,3.5527136788005E-14));
#13635=CARTESIAN_POINT('',(116.799473965396,132.857302730557,2.00000000000003));
#13636=CARTESIAN_POINT('Origin',(116.725159482848,132.924215791193,2.00000000000003));
#13637=CARTESIAN_POINT('',(116.799473965396,132.857302730557,3.5527136788005E-14));
#13638=CARTESIAN_POINT('Origin',(116.549334898214,132.579495152097,3.5527136788005E-14));
#13639=CARTESIAN_POINT('',(116.549334898214,132.579495152097,2.00000000000003));
#13640=CARTESIAN_POINT('',(116.549334898214,132.579495152097,3.5527136788005E-14));
#13641=CARTESIAN_POINT('',(116.532616110824,132.560927057589,2.00000000000003));
#13642=CARTESIAN_POINT('Origin',(116.19160583663,132.328079911654,3.5527136788005E-14));
#13643=CARTESIAN_POINT('',(116.266317070512,132.261610132567,2.00000000000003));
#13644=CARTESIAN_POINT('',(116.125625367672,132.252936197905,2.00000000000003));
#13645=CARTESIAN_POINT('Origin',(116.19160583663,132.328079911654,2.00000000000003));
#13646=CARTESIAN_POINT('',(116.266317070512,132.261610132567,3.5527136788005E-14));
#13647=CARTESIAN_POINT('',(116.125625367672,132.252936197905,3.5527136788005E-14));
#13648=CARTESIAN_POINT('Origin',(0.,0.,3.5527136788005E-14));
#13649=CARTESIAN_POINT('Origin',(0.,0.,2.00000000000003));
#13650=CARTESIAN_POINT('Origin',(90.3175089129984,152.222690765045,3.5527136788005E-14));
#13651=CARTESIAN_POINT('',(90.0623747070295,151.792683164014,2.00000000000003));
#13652=CARTESIAN_POINT('',(90.0623747070295,151.792683164014,2.00000000000003));
#13653=CARTESIAN_POINT('',(90.0623747070295,151.792683164014,3.5527136788005E-14));
#13654=CARTESIAN_POINT('Origin',(118.101552022338,131.16506169676,3.5527136788005E-14));
#13655=CARTESIAN_POINT('',(116.532616110824,132.560927057589,2.00000000000003));
#13656=CARTESIAN_POINT('',(116.532616110824,132.560927057589,3.5527136788005E-14));
#13657=CARTESIAN_POINT('Origin',(118.101552022338,131.16506169676,2.00000000000003));
#13658=CARTESIAN_POINT('Origin',(116.200261317494,132.187364259017,3.5527136788005E-14));
#13659=CARTESIAN_POINT('',(116.532616110824,132.560927057589,2.00000000000003));
#13660=CARTESIAN_POINT('Origin',(88.2499999999999,152.853483767954,3.5527136788005E-14));
#13661=CARTESIAN_POINT('Origin',(88.2499999999999,152.853483767954,2.00000000000003));
#13662=CARTESIAN_POINT('Origin',(103.265403537775,142.212266953668,2.00000000000003));
#13663=CARTESIAN_POINT('Origin',(119.456092986922,129.388762449835,3.5527136788005E-14));
#13664=CARTESIAN_POINT('',(119.388258748997,129.315287854463,2.00000000000003));
#13665=CARTESIAN_POINT('',(119.382579883103,129.456554953601,2.00000000000003));
#13666=CARTESIAN_POINT('Origin',(119.456092986922,129.388762449835,2.00000000000003));
#13667=CARTESIAN_POINT('',(119.388258748996,129.315287854463,3.5527136788005E-14));
#13668=CARTESIAN_POINT('',(119.382579883103,129.456554953601,3.5527136788005E-14));
#13669=CARTESIAN_POINT('Origin',(119.63683062269,129.732260377907,3.5527136788005E-14));
#13670=CARTESIAN_POINT('',(119.63683062269,129.732260377907,2.00000000000003));
#13671=CARTESIAN_POINT('',(119.63683062269,129.732260377907,3.5527136788005E-14));
#13672=CARTESIAN_POINT('',(119.653769146464,129.750628241425,2.00000000000003));
#13673=CARTESIAN_POINT('Origin',(119.998433104095,129.976867374783,3.5527136788005E-14));
#13674=CARTESIAN_POINT('',(119.924920000275,130.044659878549,2.00000000000003));
#13675=CARTESIAN_POINT('',(120.066267153334,130.050342144357,2.00000000000003));
#13676=CARTESIAN_POINT('Origin',(119.998433104095,129.976867374783,2.00000000000003));
#13677=CARTESIAN_POINT('',(119.924920000275,130.044659878549,3.5527136788005E-14));
#13678=CARTESIAN_POINT('',(120.066267153334,130.050342144357,3.5527136788005E-14));
#13679=CARTESIAN_POINT('Origin',(0.,0.,3.5527136788005E-14));
#13680=CARTESIAN_POINT('',(141.891097611118,105.810757575552,2.00000000000003));
#13681=CARTESIAN_POINT('',(141.891097611118,105.810757575552,3.5527136788005E-14));
#13682=CARTESIAN_POINT('Origin',(0.,0.,2.00000000000003));
#13683=CARTESIAN_POINT('Origin',(141.810933149191,105.750977486526,3.5527136788005E-14));
#13684=CARTESIAN_POINT('',(141.86971167442,105.670075787089,2.00000000000003));
#13685=CARTESIAN_POINT('Origin',(141.810933149191,105.750977486526,2.00000000000003));
#13686=CARTESIAN_POINT('',(141.86971167442,105.670075787089,3.5527136788005E-14));
#13687=CARTESIAN_POINT('Origin',(141.567279302646,105.45034580715,3.5527136788005E-14));
#13688=CARTESIAN_POINT('',(141.567279302646,105.45034580715,2.00000000000003));
#13689=CARTESIAN_POINT('',(141.567279302646,105.45034580715,3.5527136788005E-14));
#13690=CARTESIAN_POINT('',(141.547065336949,105.435659501411,2.00000000000003));
#13691=CARTESIAN_POINT('Origin',(141.165095311608,105.278800646971,3.5527136788005E-14));
#13692=CARTESIAN_POINT('',(141.224354081619,105.198250053077,2.00000000000003));
#13693=CARTESIAN_POINT('',(141.08493341762,105.21901711452,2.00000000000003));
#13694=CARTESIAN_POINT('Origin',(141.165095311608,105.278800646971,2.00000000000003));
#13695=CARTESIAN_POINT('',(141.224354081619,105.198250053077,3.5527136788005E-14));
#13696=CARTESIAN_POINT('',(141.08493341762,105.21901711452,3.5527136788005E-14));
#13697=CARTESIAN_POINT('Origin',(0.,0.,3.5527136788005E-14));
#13698=CARTESIAN_POINT('Origin',(0.,0.,2.00000000000003));
#13699=CARTESIAN_POINT('Origin',(119.992731665293,130.118193760523,3.5527136788005E-14));
#13700=CARTESIAN_POINT('',(119.653769146464,129.750628241425,2.00000000000003));
#13701=CARTESIAN_POINT('',(119.653769146464,129.750628241425,2.00000000000003));
#13702=CARTESIAN_POINT('',(119.653769146464,129.750628241425,3.5527136788005E-14));
#13703=CARTESIAN_POINT('Origin',(142.791499507178,103.744097029622,3.5527136788005E-14));
#13704=CARTESIAN_POINT('',(141.547065336949,105.435659501411,2.00000000000003));
#13705=CARTESIAN_POINT('',(141.547065336949,105.435659501411,3.5527136788005E-14));
#13706=CARTESIAN_POINT('Origin',(142.791499507178,103.744097029622,2.00000000000003));
#13707=CARTESIAN_POINT('Origin',(141.144305220183,105.139360393298,3.5527136788005E-14));
#13708=CARTESIAN_POINT('',(141.547065336949,105.435659501411,2.00000000000003));
#13709=CARTESIAN_POINT('Origin',(118.101552022338,131.16506169676,3.5527136788005E-14));
#13710=CARTESIAN_POINT('Origin',(118.101552022338,131.16506169676,2.00000000000003));
#13711=CARTESIAN_POINT('Origin',(130.576399586646,117.634503063129,2.00000000000003));
#13712=CARTESIAN_POINT('Origin',(143.747127121955,101.724989280828,3.5527136788005E-14));
#13713=CARTESIAN_POINT('',(143.665498997524,101.667223812753,2.00000000000003));
#13714=CARTESIAN_POINT('',(143.689315309914,101.806584589447,2.00000000000003));
#13715=CARTESIAN_POINT('Origin',(143.747127121955,101.724989280828,2.00000000000003));
#13716=CARTESIAN_POINT('',(143.665498997524,101.667223812753,3.5527136788005E-14));
#13717=CARTESIAN_POINT('',(143.689315309914,101.806584589447,3.5527136788005E-14));
#13718=CARTESIAN_POINT('Origin',(143.995332441761,102.023403487581,3.5527136788005E-14));
#13719=CARTESIAN_POINT('',(143.995332441761,102.023403487581,2.00000000000003));
#13720=CARTESIAN_POINT('',(143.995332441761,102.023403487581,3.5527136788005E-14));
#13721=CARTESIAN_POINT('',(144.015719711712,102.037848252095,2.00000000000003));
#13722=CARTESIAN_POINT('Origin',(144.399889695673,102.187483851387,3.5527136788005E-14));
#13723=CARTESIAN_POINT('',(144.342077883632,102.269079160005,2.00000000000003));
#13724=CARTESIAN_POINT('',(144.481517671759,102.245249529087,2.00000000000003));
#13725=CARTESIAN_POINT('Origin',(144.399889695673,102.187483851387,2.00000000000003));
#13726=CARTESIAN_POINT('',(144.342077883632,102.269079160005,3.5527136788005E-14));
#13727=CARTESIAN_POINT('',(144.481517671759,102.245249529087,3.5527136788005E-14));
#13728=CARTESIAN_POINT('Origin',(0.,0.,3.5527136788005E-14));
#13729=CARTESIAN_POINT('',(160.789730208042,73.9977206380373,2.00000000000003));
#13730=CARTESIAN_POINT('',(160.789730208042,73.9977206380373,3.5527136788005E-14));
#13731=CARTESIAN_POINT('Origin',(0.,0.,2.00000000000003));
#13732=CARTESIAN_POINT('Origin',(160.698888552557,73.9559140162079,3.5527136788005E-14));
#13733=CARTESIAN_POINT('',(160.739562216865,73.8645594704437,2.00000000000003));
#13734=CARTESIAN_POINT('Origin',(160.698888552557,73.9559140162079,2.00000000000003));
#13735=CARTESIAN_POINT('',(160.739562216865,73.8645594704437,3.5527136788005E-14));
#13736=CARTESIAN_POINT('Origin',(160.398054286378,73.7125103435304,3.5527136788005E-14));
#13737=CARTESIAN_POINT('',(160.398054286378,73.7125103435304,2.00000000000003));
#13738=CARTESIAN_POINT('',(160.398054286378,73.7125103435304,3.5527136788005E-14));
#13739=CARTESIAN_POINT('',(160.375228589672,73.7023476885948,2.00000000000003));
#13740=CARTESIAN_POINT('Origin',(159.968992736186,73.6283326102811,3.5527136788005E-14));
#13741=CARTESIAN_POINT('',(160.010209149721,73.5372216490566,2.00000000000003));
#13742=CARTESIAN_POINT('',(159.878152876597,73.5865220863684,2.00000000000003));
#13743=CARTESIAN_POINT('Origin',(159.968992736186,73.6283326102811,2.00000000000003));
#13744=CARTESIAN_POINT('',(160.010209149721,73.5372216490566,3.5527136788005E-14));
#13745=CARTESIAN_POINT('',(159.878152876597,73.5865220863684,3.5527136788005E-14));
#13746=CARTESIAN_POINT('Origin',(0.,0.,3.5527136788005E-14));
#13747=CARTESIAN_POINT('Origin',(0.,0.,2.00000000000003));
#13748=CARTESIAN_POINT('Origin',(144.423696254805,102.326907312299,3.5527136788005E-14));
#13749=CARTESIAN_POINT('',(144.015719711712,102.037848252095,2.00000000000003));
#13750=CARTESIAN_POINT('',(144.015719711712,102.037848252095,2.00000000000003));
#13751=CARTESIAN_POINT('',(144.015719711712,102.037848252095,3.5527136788005E-14));
#13752=CARTESIAN_POINT('Origin',(161.240773273919,71.7890175028789,3.5527136788005E-14));
#13753=CARTESIAN_POINT('',(160.375228589672,73.7023476885948,2.00000000000003));
#13754=CARTESIAN_POINT('',(160.375228589672,73.7023476885948,3.5527136788005E-14));
#13755=CARTESIAN_POINT('Origin',(161.240773273919,71.7890175028789,2.00000000000003));
#13756=CARTESIAN_POINT('Origin',(159.91966569923,73.4962619637651,3.5527136788005E-14));
#13757=CARTESIAN_POINT('',(160.375228589672,73.7023476885948,2.00000000000003));
#13758=CARTESIAN_POINT('Origin',(142.791499507178,103.744097029622,3.5527136788005E-14));
#13759=CARTESIAN_POINT('Origin',(142.791499507178,103.744097029622,2.00000000000003));
#13760=CARTESIAN_POINT('Origin',(152.180580398499,87.9155469157583,2.00000000000003));
#13761=CARTESIAN_POINT('Origin',(161.755722026513,69.615345949593,3.5527136788005E-14));
#13762=CARTESIAN_POINT('',(161.66386755631,69.5758142369584,2.00000000000003));
#13763=CARTESIAN_POINT('',(161.716138159849,69.70717795654,2.00000000000003));
#13764=CARTESIAN_POINT('Origin',(161.755722026513,69.615345949593,2.00000000000003));
#13765=CARTESIAN_POINT('',(161.66386755631,69.5758142369584,3.5527136788005E-14));
#13766=CARTESIAN_POINT('',(161.716138159849,69.70717795654,3.5527136788005E-14));
#13767=CARTESIAN_POINT('Origin',(162.060547266861,69.8556343022427,3.5527136788005E-14));
#13768=CARTESIAN_POINT('',(162.060547266861,69.8556343022427,2.00000000000003));
#13769=CARTESIAN_POINT('',(162.060547266861,69.8556343022427,3.5527136788005E-14));
#13770=CARTESIAN_POINT('',(162.083492261462,69.8655246622284,2.00000000000003));
#13771=CARTESIAN_POINT('Origin',(162.490378200003,69.9320169337328,3.5527136788005E-14));
#13772=CARTESIAN_POINT('',(162.450794333339,70.0238489406798,2.00000000000003));
#13773=CARTESIAN_POINT('',(162.582232568686,69.9715488822538,2.00000000000003));
#13774=CARTESIAN_POINT('Origin',(162.490378200003,69.9320169337328,2.00000000000003));
#13775=CARTESIAN_POINT('',(162.450794333339,70.0238489406798,3.5527136788005E-14));
#13776=CARTESIAN_POINT('',(162.582232568686,69.9715488822538,3.5527136788005E-14));
#13777=CARTESIAN_POINT('Origin',(0.,0.,3.5527136788005E-14));
#13778=CARTESIAN_POINT('',(172.661080040147,38.9506282281812,2.00000000000003));
#13779=CARTESIAN_POINT('',(172.661080040147,38.9506282281812,3.5527136788005E-14));
#13780=CARTESIAN_POINT('Origin',(0.,0.,2.00000000000003));
#13781=CARTESIAN_POINT('Origin',(172.563531407356,38.9286222235325,3.5527136788005E-14));
#13782=CARTESIAN_POINT('',(172.584322576438,38.8308074634591,2.00000000000003));
#13783=CARTESIAN_POINT('Origin',(172.563531407356,38.9286222235325,2.00000000000003));
#13784=CARTESIAN_POINT('',(172.584322576438,38.8308074634591,3.5527136788005E-14));
#13785=CARTESIAN_POINT('Origin',(172.218664622536,38.7530844660305,3.5527136788005E-14));
#13786=CARTESIAN_POINT('',(172.218664622536,38.7530844660305,2.00000000000003));
#13787=CARTESIAN_POINT('',(172.218664622536,38.7530844660305,3.5527136788005E-14));
#13788=CARTESIAN_POINT('',(172.194224787297,38.7478896186843,2.00000000000003));
#13789=CARTESIAN_POINT('Origin',(171.7814775618,38.7599531305829,3.5527136788005E-14));
#13790=CARTESIAN_POINT('',(171.80285026381,38.6622637882329,2.00000000000003));
#13791=CARTESIAN_POINT('',(171.683929874371,38.737942935733,2.00000000000003));
#13792=CARTESIAN_POINT('Origin',(171.7814775618,38.7599531305829,2.00000000000003));
#13793=CARTESIAN_POINT('',(171.80285026381,38.6622637882329,3.5527136788005E-14));
#13794=CARTESIAN_POINT('',(171.683929874371,38.737942935733,3.5527136788005E-14));
#13795=CARTESIAN_POINT('Origin',(0.,0.,3.5527136788005E-14));
#13796=CARTESIAN_POINT('Origin',(0.,0.,2.00000000000003));
#13797=CARTESIAN_POINT('Origin',(162.542652296197,70.0634439955491,3.5527136788005E-14));
#13798=CARTESIAN_POINT('',(162.083492261462,69.8655246622284,2.00000000000003));
#13799=CARTESIAN_POINT('',(162.083492261462,69.8655246622284,2.00000000000003));
#13800=CARTESIAN_POINT('',(162.083492261462,69.8655246622284,3.5527136788005E-14));
#13801=CARTESIAN_POINT('Origin',(172.643051529517,36.6964134293346,3.5527136788005E-14));
#13802=CARTESIAN_POINT('',(172.194224787297,38.7478896186843,2.00000000000003));
#13803=CARTESIAN_POINT('',(172.194224787297,38.7478896186843,3.5527136788005E-14));
#13804=CARTESIAN_POINT('Origin',(172.643051529517,36.6964134293346,2.00000000000003));
#13805=CARTESIAN_POINT('Origin',(171.705769407526,38.6410242122222,3.5527136788005E-14));
#13806=CARTESIAN_POINT('',(172.194224787297,38.7478896186843,2.00000000000003));
#13807=CARTESIAN_POINT('Origin',(161.240773273919,71.7890175028789,3.5527136788005E-14));
#13808=CARTESIAN_POINT('Origin',(161.240773273919,71.7890175028789,2.00000000000003));
#13809=CARTESIAN_POINT('Origin',(167.133739603493,54.3542595025694,2.00000000000003));
#13810=UNCERTAINTY_MEASURE_WITH_UNIT(LENGTH_MEASURE(0.01),#13814,
'DISTANCE_ACCURACY_VALUE',
'Maximum model space distance between geometric entities at asserted c
onnectivities');
#13811=UNCERTAINTY_MEASURE_WITH_UNIT(LENGTH_MEASURE(0.01),#13814,
'DISTANCE_ACCURACY_VALUE',
'Maximum model space distance between geometric entities at asserted c
onnectivities');
#13812=(
GEOMETRIC_REPRESENTATION_CONTEXT(3)
GLOBAL_UNCERTAINTY_ASSIGNED_CONTEXT((#13810))
GLOBAL_UNIT_ASSIGNED_CONTEXT((#13814,#13816,#13817))
REPRESENTATION_CONTEXT('','3D')
);
#13813=(
GEOMETRIC_REPRESENTATION_CONTEXT(3)
GLOBAL_UNCERTAINTY_ASSIGNED_CONTEXT((#13811))
GLOBAL_UNIT_ASSIGNED_CONTEXT((#13814,#13816,#13817))
REPRESENTATION_CONTEXT('','3D')
);
#13814=(
LENGTH_UNIT()
NAMED_UNIT(*)
SI_UNIT(.MILLI.,.METRE.)
);
#13815=(
LENGTH_UNIT()
NAMED_UNIT(*)
SI_UNIT($,.METRE.)
);
#13816=(
NAMED_UNIT(*)
PLANE_ANGLE_UNIT()
SI_UNIT($,.RADIAN.)
);
#13817=(
NAMED_UNIT(*)
SI_UNIT($,.STERADIAN.)
SOLID_ANGLE_UNIT()
);
#13818=SHAPE_DEFINITION_REPRESENTATION(#13819,#13820);
#13819=PRODUCT_DEFINITION_SHAPE('',$,#13822);
#13820=SHAPE_REPRESENTATION('',(#7882),#13812);
#13821=PRODUCT_DEFINITION_CONTEXT('part definition',#13826,'design');
#13822=PRODUCT_DEFINITION('2026-03-24-17-32-21-542','Sphere',#13823,#13821);
#13823=PRODUCT_DEFINITION_FORMATION('',$,#13828);
#13824=PRODUCT_RELATED_PRODUCT_CATEGORY('Sphere','Sphere',(#13828));
#13825=APPLICATION_PROTOCOL_DEFINITION('international standard',
'automotive_design',2009,#13826);
#13826=APPLICATION_CONTEXT(
'Core Data for Automotive Mechanical Design Process');
#13827=PRODUCT_CONTEXT('part definition',#13826,'mechanical');
#13828=PRODUCT('2026-03-24-17-32-21-542','Sphere',$,(#13827));
#13829=PRESENTATION_STYLE_ASSIGNMENT((#13831));
#13830=PRESENTATION_STYLE_ASSIGNMENT((#13832));
#13831=SURFACE_STYLE_USAGE(.BOTH.,#13833);
#13832=SURFACE_STYLE_USAGE(.BOTH.,#13834);
#13833=SURFACE_SIDE_STYLE('',(#13835));
#13834=SURFACE_SIDE_STYLE('',(#13836));
#13835=SURFACE_STYLE_FILL_AREA(#13837);
#13836=SURFACE_STYLE_FILL_AREA(#13838);
#13837=FILL_AREA_STYLE('Steel - Satin',(#13839));
#13838=FILL_AREA_STYLE('Glass - Light Color (Blue)',(#13840));
#13839=FILL_AREA_STYLE_COLOUR('Steel - Satin',#13841);
#13840=FILL_AREA_STYLE_COLOUR('Glass - Light Color (Blue)',#13842);
#13841=COLOUR_RGB('Steel - Satin',0.627450980392157,0.627450980392157,0.627450980392157);
#13842=COLOUR_RGB('Glass - Light Color (Blue)',0.423529411764706,0.768627450980392,
0.854901960784314);
ENDSEC;
END-ISO-10303-21;
