ISO-10303-21;
HEADER;
/* Generated by software containing ST-Developer
 * from STEP Tools, Inc. (www.steptools.com) 
 */

FILE_DESCRIPTION(
/* description */ (''),
/* implementation_level */ '2;1');

FILE_NAME(
/* name */ 'Big Wheel PETG.step',
/* time_stamp */ '2026-04-29T19:45:33+02:00',
/* author */ (''),
/* organization */ (''),
/* preprocessor_version */ 'ST-DEVELOPER v20.1',
/* originating_system */ 'Autodesk Translation Framework v15.8.0.0',
/* authorisation */ '');

FILE_SCHEMA (('AUTOMOTIVE_DESIGN { 1 0 10303 214 3 1 1 }'));
ENDSEC;

DATA;
#10=MECHANICAL_DESIGN_GEOMETRIC_PRESENTATION_REPRESENTATION('',(#13),#6201);
#11=SHAPE_REPRESENTATION_RELATIONSHIP('SRR','None',#6208,#12);
#12=ADVANCED_BREP_SHAPE_REPRESENTATION('',(#14),#6200);
#13=STYLED_ITEM('',(#6217),#14);
#14=MANIFOLD_SOLID_BREP('Big Wheel PETG',#2153);
#15=FACE_BOUND('',#353,.T.);
#16=FACE_BOUND('',#355,.T.);
#17=PLANE('',#2321);
#18=PLANE('',#2322);
#19=CYLINDRICAL_SURFACE('',#2318,4.81986777309806);
#20=CYLINDRICAL_SURFACE('',#2319,4.81986781315924);
#21=CYLINDRICAL_SURFACE('',#2320,4.13425345116628);
#22=(
BOUNDED_CURVE()
B_SPLINE_CURVE(2,(#3428,#3429,#3430,#3431,#3432),.UNSPECIFIED.,.F.,.F.)
B_SPLINE_CURVE_WITH_KNOTS((3,2,3),(2.01417031981603,3.14159265358979,3.57540228932709),
 .UNSPECIFIED.)
CURVE()
GEOMETRIC_REPRESENTATION_ITEM()
RATIONAL_B_SPLINE_CURVE((0.881325774159706,0.789779011659041,1.,0.919111155026286,
0.882900744518811))
REPRESENTATION_ITEM('')
);
#23=(
BOUNDED_CURVE()
B_SPLINE_CURVE(2,(#3573,#3574,#3575),.UNSPECIFIED.,.F.,.F.)
B_SPLINE_CURVE_WITH_KNOTS((3,3),(2.1368498044002,2.57360778121857),
 .UNSPECIFIED.)
CURVE()
GEOMETRIC_REPRESENTATION_ITEM()
RATIONAL_B_SPLINE_CURVE((0.864975696637912,0.842231661328187,0.864775428687064))
REPRESENTATION_ITEM('')
);
#24=(
BOUNDED_CURVE()
B_SPLINE_CURVE(2,(#3789,#3790,#3791,#3792,#3793),.UNSPECIFIED.,.F.,.F.)
B_SPLINE_CURVE_WITH_KNOTS((3,2,3),(1.92944689354747,3.14159265358979,3.47780966379901),
 .UNSPECIFIED.)
CURVE()
GEOMETRIC_REPRESENTATION_ITEM()
RATIONAL_B_SPLINE_CURVE((0.896789014093035,0.773981344828901,1.,0.937308433524956,
0.901454173307917))
REPRESENTATION_ITEM('')
);
#25=(
BOUNDED_CURVE()
B_SPLINE_CURVE(2,(#3916,#3917,#3918),.UNSPECIFIED.,.F.,.F.)
B_SPLINE_CURVE_WITH_KNOTS((3,3),(2.04154042222363,2.4794318451516),
 .UNSPECIFIED.)
CURVE()
GEOMETRIC_REPRESENTATION_ITEM()
RATIONAL_B_SPLINE_CURVE((0.877058715578116,0.844347299290243,0.857159046636504))
REPRESENTATION_ITEM('')
);
#26=(
BOUNDED_CURVE()
B_SPLINE_CURVE(2,(#5716,#5717,#5718,#5719,#5720),.UNSPECIFIED.,.F.,.F.)
B_SPLINE_CURVE_WITH_KNOTS((3,2,3),(-1.1338602788613,-0.555570302865302,
-0.461719242129022),.UNSPECIFIED.)
CURVE()
GEOMETRIC_REPRESENTATION_ITEM()
RATIONAL_B_SPLINE_CURVE((0.924925652991635,0.921724634677404,1.,0.987296639454293,
0.976739224895946))
REPRESENTATION_ITEM('')
);
#27=(
BOUNDED_CURVE()
B_SPLINE_CURVE(2,(#5872,#5873,#5874,#5875,#5876),.UNSPECIFIED.,.F.,.F.)
B_SPLINE_CURVE_WITH_KNOTS((3,2,3),(0.461720603671791,0.55556944397411,1.13385924204752),
 .UNSPECIFIED.)
CURVE()
GEOMETRIC_REPRESENTATION_ITEM()
RATIONAL_B_SPLINE_CURVE((0.976739761872999,0.987296958627652,1.,0.92172477351378,
0.924925887041997))
REPRESENTATION_ITEM('')
);
#28=CIRCLE('',#2172,9.89562417805839);
#29=CIRCLE('',#2173,10.6894126507875);
#30=CIRCLE('',#2174,10.6894126507875);
#31=CIRCLE('',#2175,10.8828414750316);
#32=CIRCLE('',#2176,10.8828414750316);
#33=CIRCLE('',#2178,10.8300342480101);
#34=CIRCLE('',#2179,10.8300342480101);
#35=CIRCLE('',#2180,10.8300342480101);
#36=CIRCLE('',#2181,10.7636679649353);
#37=CIRCLE('',#2182,10.7636679649353);
#38=CIRCLE('',#2183,10.7636679649353);
#39=CIRCLE('',#2186,10.2298069425235);
#40=CIRCLE('',#2187,10.2298069425235);
#41=CIRCLE('',#2188,10.2298069425235);
#42=CIRCLE('',#2189,10.0977202202339);
#43=CIRCLE('',#2190,10.0977202202339);
#44=CIRCLE('',#2191,10.0977202202339);
#45=CIRCLE('',#2204,9.89452165633905);
#46=CIRCLE('',#2206,9.4669068683174);
#47=CIRCLE('',#2211,9.46715854272898);
#48=CIRCLE('',#2214,9.8956583214941);
#49=CIRCLE('',#2218,9.89583351732841);
#50=CIRCLE('',#2221,9.89578377161424);
#51=CIRCLE('',#2225,9.46710221994326);
#52=CIRCLE('',#2241,10.7335112012985);
#53=CIRCLE('',#2247,10.7334609124537);
#54=CIRCLE('',#2259,11.1576088697817);
#55=CIRCLE('',#2270,11.1576857698922);
#56=CIRCLE('',#2275,11.1577250072525);
#57=CIRCLE('',#2276,11.1577329489113);
#58=CIRCLE('',#2278,11.1577358493516);
#59=CIRCLE('',#2279,11.1577510510265);
#60=CIRCLE('',#2281,11.157750032889);
#61=CIRCLE('',#2282,11.1577564546909);
#62=CIRCLE('',#2283,11.1577231160848);
#63=CIRCLE('',#2305,8.93447366585035);
#64=CIRCLE('',#2307,8.93447357509292);
#65=CONICAL_SURFACE('',#2170,10.1973416288676,0.246360938794046);
#66=CONICAL_SURFACE('',#2177,11.0450105751172,0.939417285731346);
#67=CONICAL_SURFACE('',#2184,10.9455565167834,0.740481777110799);
#68=CONICAL_SURFACE('',#2185,10.4581202058576,1.04081557912621);
#69=CONICAL_SURFACE('',#2192,10.2603847900476,0.64295924624559);
#70=CONICAL_SURFACE('',#2193,10.6857167127616,0.210453288056305);
#71=CONICAL_SURFACE('',#2194,10.6815551246004,0.210191020505797);
#72=CONICAL_SURFACE('',#2196,10.7290723789212,0.209923371229957);
#73=CONICAL_SURFACE('',#2198,10.7360788145503,0.209847058125201);
#74=CONICAL_SURFACE('',#2200,10.7123186766784,0.210055813358452);
#75=CONICAL_SURFACE('',#2201,10.6767685447852,0.210178348042476);
#76=CONICAL_SURFACE('',#2202,10.4439034761686,0.19642746732055);
#77=CONICAL_SURFACE('',#2203,10.4493682185118,0.211799290295739);
#78=CONICAL_SURFACE('',#2205,10.1424258246024,0.246891076346074);
#79=CONICAL_SURFACE('',#2207,10.1106039329593,0.246306568947586);
#80=CONICAL_SURFACE('',#2210,10.551501671798,0.246692288697911);
#81=CONICAL_SURFACE('',#2213,10.0479510092059,0.246333565985698);
#82=CONICAL_SURFACE('',#2217,10.4625429450887,0.246256356878314);
#83=CONICAL_SURFACE('',#2220,10.1374299220171,0.246206144117958);
#84=CONICAL_SURFACE('',#2224,10.5353366421181,0.246779633384782);
#85=CONICAL_SURFACE('',#2226,10.1074897837124,0.0500605070648717);
#86=CONICAL_SURFACE('',#2228,10.4654292784478,0.217768432868391);
#87=CONICAL_SURFACE('',#2230,10.4963629215121,0.233195051015964);
#88=CONICAL_SURFACE('',#2233,10.7244908440287,0.195054301858353);
#89=CONICAL_SURFACE('',#2234,10.3145077635886,0.211854384074183);
#90=CONICAL_SURFACE('',#2235,10.4074009810668,0.211900734621703);
#91=CONICAL_SURFACE('',#2236,10.7397288003147,0.211973593157049);
#92=CONICAL_SURFACE('',#2237,10.7621097863342,0.212087679878506);
#93=CONICAL_SURFACE('',#2238,10.722704464462,0.155455119547136);
#94=CONICAL_SURFACE('',#2240,10.7084492272429,0.15530001497926);
#95=CONICAL_SURFACE('',#2243,10.7387890894482,0.155481419245421);
#96=CONICAL_SURFACE('',#2244,10.7329804722053,0.155416675985098);
#97=CONICAL_SURFACE('',#2246,10.7032668966686,0.155335660523487);
#98=CONICAL_SURFACE('',#2248,10.7236021377356,0.155517026560412);
#99=CONICAL_SURFACE('',#2249,10.970838899609,0.136913965611002);
#100=CONICAL_SURFACE('',#2252,10.9452598338474,0.0263313338102839);
#101=CONICAL_SURFACE('',#2253,10.8937270052968,0.120375106160292);
#102=CONICAL_SURFACE('',#2254,10.8971978270111,0.0854263043465255);
#103=CONICAL_SURFACE('',#2255,10.8728478495785,0.130468217703717);
#104=CONICAL_SURFACE('',#2256,11.1263417374261,0.120426485272522);
#105=CONICAL_SURFACE('',#2257,10.8969083300123,0.119964391503619);
#106=CONICAL_SURFACE('',#2258,11.2087008319345,0.0631318236997646);
#107=CONICAL_SURFACE('',#2261,11.0845060949752,0.0635870342510855);
#108=CONICAL_SURFACE('',#2263,11.0846920223945,0.0635993584399248);
#109=CONICAL_SURFACE('',#2266,11.0828807795024,0.063638128128636);
#110=CONICAL_SURFACE('',#2268,11.2088017539868,0.0632523180154077);
#111=CONICAL_SURFACE('',#2271,11.2136177049805,0.0236117755806551);
#112=CONICAL_SURFACE('',#2272,11.2151296987391,0.02435927802351);
#113=CONICAL_SURFACE('',#2273,11.218396174269,0.0283580463090709);
#114=CONICAL_SURFACE('',#2274,11.2155540358358,0.0282778878393385);
#115=CONICAL_SURFACE('',#2277,11.2117144985017,0.0284008536009895);
#116=CONICAL_SURFACE('',#2280,11.168287804395,0.0284068213474093);
#117=CONICAL_SURFACE('',#2284,11.1933535909329,0.0636166401125299);
#118=CONICAL_SURFACE('',#2285,11.1928202243614,0.0636524222056743);
#119=CONICAL_SURFACE('',#2286,11.0980647849114,0.0636714370759111);
#120=CONICAL_SURFACE('',#2287,11.0984656355694,0.0636234255774041);
#121=CONICAL_SURFACE('',#2288,11.0913578060155,0.119972150989782);
#122=CONICAL_SURFACE('',#2290,11.0944850618242,0.119900124268433);
#123=CONICAL_SURFACE('',#2291,11.1000712564126,0.120139536732114);
#124=CONICAL_SURFACE('',#2294,11.0974307499021,0.120181289640148);
#125=CONICAL_SURFACE('',#2295,10.9183639767764,0.120349116346888);
#126=CONICAL_SURFACE('',#2296,10.9240349409298,0.119996355047005);
#127=CONICAL_SURFACE('',#2297,10.7645443418481,0.147434656901772);
#128=CONICAL_SURFACE('',#2298,10.9238964929263,0.263851871184774);
#129=CONICAL_SURFACE('',#2299,10.9399417795069,0.251483663983723);
#130=CONICAL_SURFACE('',#2300,10.9594945287356,0.258413955604761);
#131=CONICAL_SURFACE('',#2301,10.7058620499814,0.137594178747829);
#132=CONICAL_SURFACE('',#2302,10.7640666850091,0.155632007475309);
#133=CONICAL_SURFACE('',#2303,10.7668992739425,0.155427548076617);
#134=CONICAL_SURFACE('',#2304,9.1993885006338,0.0915131108040564);
#135=CONICAL_SURFACE('',#2306,9.19941940438275,0.0915132123475534);
#136=CONICAL_SURFACE('',#2308,11.464860090721,1.02156464911436);
#137=CONICAL_SURFACE('',#2309,11.7347678751096,1.02142299649872);
#138=CONICAL_SURFACE('',#2310,11.9169485200576,1.0210596306832);
#139=CONICAL_SURFACE('',#2311,11.7190240562123,1.02141156861424);
#140=CONICAL_SURFACE('',#2312,11.2337060883909,1.02041619709629);
#141=CONICAL_SURFACE('',#2313,11.9697022853151,1.02125616613693);
#142=CONICAL_SURFACE('',#2314,11.5335355241249,1.02156957153751);
#143=CONICAL_SURFACE('',#2315,11.3577148911198,1.02138243560417);
#144=CONICAL_SURFACE('',#2316,11.5502132056392,1.02155083860371);
#145=CONICAL_SURFACE('',#2317,11.9008280527885,1.01988250119739);
#146=FACE_OUTER_BOUND('',#250,.T.);
#147=FACE_OUTER_BOUND('',#251,.T.);
#148=FACE_OUTER_BOUND('',#252,.T.);
#149=FACE_OUTER_BOUND('',#253,.T.);
#150=FACE_OUTER_BOUND('',#254,.T.);
#151=FACE_OUTER_BOUND('',#255,.T.);
#152=FACE_OUTER_BOUND('',#256,.T.);
#153=FACE_OUTER_BOUND('',#257,.T.);
#154=FACE_OUTER_BOUND('',#258,.T.);
#155=FACE_OUTER_BOUND('',#259,.T.);
#156=FACE_OUTER_BOUND('',#260,.T.);
#157=FACE_OUTER_BOUND('',#261,.T.);
#158=FACE_OUTER_BOUND('',#262,.T.);
#159=FACE_OUTER_BOUND('',#263,.T.);
#160=FACE_OUTER_BOUND('',#264,.T.);
#161=FACE_OUTER_BOUND('',#265,.T.);
#162=FACE_OUTER_BOUND('',#266,.T.);
#163=FACE_OUTER_BOUND('',#267,.T.);
#164=FACE_OUTER_BOUND('',#268,.T.);
#165=FACE_OUTER_BOUND('',#269,.T.);
#166=FACE_OUTER_BOUND('',#270,.T.);
#167=FACE_OUTER_BOUND('',#271,.T.);
#168=FACE_OUTER_BOUND('',#272,.T.);
#169=FACE_OUTER_BOUND('',#273,.T.);
#170=FACE_OUTER_BOUND('',#274,.T.);
#171=FACE_OUTER_BOUND('',#275,.T.);
#172=FACE_OUTER_BOUND('',#276,.T.);
#173=FACE_OUTER_BOUND('',#277,.T.);
#174=FACE_OUTER_BOUND('',#278,.T.);
#175=FACE_OUTER_BOUND('',#279,.T.);
#176=FACE_OUTER_BOUND('',#280,.T.);
#177=FACE_OUTER_BOUND('',#281,.T.);
#178=FACE_OUTER_BOUND('',#282,.T.);
#179=FACE_OUTER_BOUND('',#283,.T.);
#180=FACE_OUTER_BOUND('',#284,.T.);
#181=FACE_OUTER_BOUND('',#285,.T.);
#182=FACE_OUTER_BOUND('',#286,.T.);
#183=FACE_OUTER_BOUND('',#287,.T.);
#184=FACE_OUTER_BOUND('',#288,.T.);
#185=FACE_OUTER_BOUND('',#289,.T.);
#186=FACE_OUTER_BOUND('',#290,.T.);
#187=FACE_OUTER_BOUND('',#291,.T.);
#188=FACE_OUTER_BOUND('',#292,.T.);
#189=FACE_OUTER_BOUND('',#293,.T.);
#190=FACE_OUTER_BOUND('',#294,.T.);
#191=FACE_OUTER_BOUND('',#295,.T.);
#192=FACE_OUTER_BOUND('',#296,.T.);
#193=FACE_OUTER_BOUND('',#297,.T.);
#194=FACE_OUTER_BOUND('',#298,.T.);
#195=FACE_OUTER_BOUND('',#299,.T.);
#196=FACE_OUTER_BOUND('',#300,.T.);
#197=FACE_OUTER_BOUND('',#301,.T.);
#198=FACE_OUTER_BOUND('',#302,.T.);
#199=FACE_OUTER_BOUND('',#303,.T.);
#200=FACE_OUTER_BOUND('',#304,.T.);
#201=FACE_OUTER_BOUND('',#305,.T.);
#202=FACE_OUTER_BOUND('',#306,.T.);
#203=FACE_OUTER_BOUND('',#307,.T.);
#204=FACE_OUTER_BOUND('',#308,.T.);
#205=FACE_OUTER_BOUND('',#309,.T.);
#206=FACE_OUTER_BOUND('',#310,.T.);
#207=FACE_OUTER_BOUND('',#311,.T.);
#208=FACE_OUTER_BOUND('',#312,.T.);
#209=FACE_OUTER_BOUND('',#313,.T.);
#210=FACE_OUTER_BOUND('',#314,.T.);
#211=FACE_OUTER_BOUND('',#315,.T.);
#212=FACE_OUTER_BOUND('',#316,.T.);
#213=FACE_OUTER_BOUND('',#317,.T.);
#214=FACE_OUTER_BOUND('',#318,.T.);
#215=FACE_OUTER_BOUND('',#319,.T.);
#216=FACE_OUTER_BOUND('',#320,.T.);
#217=FACE_OUTER_BOUND('',#321,.T.);
#218=FACE_OUTER_BOUND('',#322,.T.);
#219=FACE_OUTER_BOUND('',#323,.T.);
#220=FACE_OUTER_BOUND('',#324,.T.);
#221=FACE_OUTER_BOUND('',#325,.T.);
#222=FACE_OUTER_BOUND('',#326,.T.);
#223=FACE_OUTER_BOUND('',#327,.T.);
#224=FACE_OUTER_BOUND('',#328,.T.);
#225=FACE_OUTER_BOUND('',#329,.T.);
#226=FACE_OUTER_BOUND('',#330,.T.);
#227=FACE_OUTER_BOUND('',#331,.T.);
#228=FACE_OUTER_BOUND('',#332,.T.);
#229=FACE_OUTER_BOUND('',#333,.T.);
#230=FACE_OUTER_BOUND('',#334,.T.);
#231=FACE_OUTER_BOUND('',#335,.T.);
#232=FACE_OUTER_BOUND('',#336,.T.);
#233=FACE_OUTER_BOUND('',#337,.T.);
#234=FACE_OUTER_BOUND('',#338,.T.);
#235=FACE_OUTER_BOUND('',#339,.T.);
#236=FACE_OUTER_BOUND('',#340,.T.);
#237=FACE_OUTER_BOUND('',#341,.T.);
#238=FACE_OUTER_BOUND('',#342,.T.);
#239=FACE_OUTER_BOUND('',#343,.T.);
#240=FACE_OUTER_BOUND('',#344,.T.);
#241=FACE_OUTER_BOUND('',#345,.T.);
#242=FACE_OUTER_BOUND('',#346,.T.);
#243=FACE_OUTER_BOUND('',#347,.T.);
#244=FACE_OUTER_BOUND('',#348,.T.);
#245=FACE_OUTER_BOUND('',#349,.T.);
#246=FACE_OUTER_BOUND('',#350,.T.);
#247=FACE_OUTER_BOUND('',#351,.T.);
#248=FACE_OUTER_BOUND('',#352,.T.);
#249=FACE_OUTER_BOUND('',#354,.T.);
#250=EDGE_LOOP('',(#1331,#1332,#1333,#1334,#1335,#1336,#1337,#1338));
#251=EDGE_LOOP('',(#1339,#1340,#1341,#1342,#1343,#1344,#1345,#1346));
#252=EDGE_LOOP('',(#1347,#1348,#1349,#1350,#1351,#1352,#1353,#1354));
#253=EDGE_LOOP('',(#1355,#1356,#1357,#1358,#1359));
#254=EDGE_LOOP('',(#1360,#1361,#1362,#1363,#1364,#1365,#1366,#1367,#1368,
#1369,#1370,#1371,#1372,#1373,#1374,#1375,#1376,#1377,#1378,#1379,#1380,
#1381,#1382));
#255=EDGE_LOOP('',(#1383,#1384,#1385,#1386,#1387,#1388,#1389,#1390,#1391,
#1392,#1393));
#256=EDGE_LOOP('',(#1394,#1395,#1396,#1397,#1398,#1399,#1400,#1401));
#257=EDGE_LOOP('',(#1402,#1403,#1404,#1405,#1406,#1407,#1408,#1409,#1410,
#1411));
#258=EDGE_LOOP('',(#1412,#1413,#1414,#1415,#1416,#1417,#1418,#1419));
#259=EDGE_LOOP('',(#1420,#1421,#1422,#1423,#1424,#1425,#1426,#1427,#1428,
#1429,#1430,#1431));
#260=EDGE_LOOP('',(#1432,#1433,#1434,#1435,#1436,#1437,#1438,#1439));
#261=EDGE_LOOP('',(#1440,#1441,#1442,#1443,#1444,#1445,#1446,#1447,#1448,
#1449,#1450,#1451,#1452,#1453,#1454,#1455));
#262=EDGE_LOOP('',(#1456,#1457,#1458,#1459,#1460,#1461,#1462,#1463,#1464,
#1465,#1466,#1467,#1468));
#263=EDGE_LOOP('',(#1469,#1470,#1471,#1472,#1473,#1474,#1475,#1476));
#264=EDGE_LOOP('',(#1477,#1478,#1479,#1480,#1481,#1482,#1483,#1484,#1485,
#1486,#1487,#1488,#1489,#1490,#1491,#1492,#1493,#1494,#1495,#1496));
#265=EDGE_LOOP('',(#1497,#1498,#1499,#1500,#1501));
#266=EDGE_LOOP('',(#1502,#1503,#1504,#1505,#1506));
#267=EDGE_LOOP('',(#1507,#1508,#1509,#1510,#1511));
#268=EDGE_LOOP('',(#1512,#1513,#1514,#1515,#1516,#1517));
#269=EDGE_LOOP('',(#1518,#1519,#1520,#1521,#1522));
#270=EDGE_LOOP('',(#1523,#1524,#1525,#1526,#1527));
#271=EDGE_LOOP('',(#1528,#1529,#1530,#1531,#1532));
#272=EDGE_LOOP('',(#1533,#1534,#1535,#1536,#1537));
#273=EDGE_LOOP('',(#1538,#1539,#1540,#1541,#1542));
#274=EDGE_LOOP('',(#1543,#1544,#1545,#1546,#1547,#1548,#1549,#1550));
#275=EDGE_LOOP('',(#1551,#1552,#1553,#1554,#1555,#1556,#1557,#1558));
#276=EDGE_LOOP('',(#1559,#1560,#1561,#1562,#1563,#1564,#1565,#1566));
#277=EDGE_LOOP('',(#1567,#1568,#1569,#1570,#1571,#1572));
#278=EDGE_LOOP('',(#1573,#1574,#1575,#1576,#1577));
#279=EDGE_LOOP('',(#1578,#1579,#1580,#1581,#1582));
#280=EDGE_LOOP('',(#1583,#1584,#1585,#1586,#1587));
#281=EDGE_LOOP('',(#1588,#1589,#1590,#1591,#1592));
#282=EDGE_LOOP('',(#1593,#1594,#1595,#1596,#1597));
#283=EDGE_LOOP('',(#1598,#1599,#1600,#1601,#1602,#1603,#1604));
#284=EDGE_LOOP('',(#1605,#1606,#1607,#1608));
#285=EDGE_LOOP('',(#1609,#1610,#1611,#1612));
#286=EDGE_LOOP('',(#1613,#1614,#1615,#1616));
#287=EDGE_LOOP('',(#1617,#1618,#1619,#1620,#1621,#1622,#1623,#1624));
#288=EDGE_LOOP('',(#1625,#1626,#1627,#1628,#1629,#1630));
#289=EDGE_LOOP('',(#1631,#1632,#1633,#1634,#1635,#1636,#1637,#1638));
#290=EDGE_LOOP('',(#1639,#1640,#1641,#1642,#1643));
#291=EDGE_LOOP('',(#1644,#1645,#1646,#1647,#1648,#1649,#1650,#1651));
#292=EDGE_LOOP('',(#1652,#1653,#1654,#1655,#1656));
#293=EDGE_LOOP('',(#1657,#1658,#1659,#1660,#1661,#1662));
#294=EDGE_LOOP('',(#1663,#1664,#1665,#1666,#1667));
#295=EDGE_LOOP('',(#1668,#1669,#1670,#1671,#1672,#1673));
#296=EDGE_LOOP('',(#1674,#1675,#1676,#1677,#1678));
#297=EDGE_LOOP('',(#1679,#1680,#1681,#1682,#1683));
#298=EDGE_LOOP('',(#1684,#1685,#1686,#1687,#1688));
#299=EDGE_LOOP('',(#1689,#1690,#1691,#1692));
#300=EDGE_LOOP('',(#1693,#1694,#1695,#1696,#1697));
#301=EDGE_LOOP('',(#1698,#1699,#1700,#1701,#1702,#1703,#1704,#1705,#1706));
#302=EDGE_LOOP('',(#1707,#1708,#1709,#1710,#1711));
#303=EDGE_LOOP('',(#1712,#1713,#1714,#1715,#1716,#1717,#1718,#1719));
#304=EDGE_LOOP('',(#1720,#1721,#1722,#1723,#1724,#1725,#1726,#1727));
#305=EDGE_LOOP('',(#1728,#1729,#1730,#1731,#1732,#1733));
#306=EDGE_LOOP('',(#1734,#1735,#1736,#1737,#1738));
#307=EDGE_LOOP('',(#1739,#1740,#1741,#1742,#1743));
#308=EDGE_LOOP('',(#1744,#1745,#1746,#1747));
#309=EDGE_LOOP('',(#1748,#1749,#1750,#1751,#1752));
#310=EDGE_LOOP('',(#1753,#1754,#1755,#1756,#1757));
#311=EDGE_LOOP('',(#1758,#1759,#1760,#1761,#1762));
#312=EDGE_LOOP('',(#1763,#1764,#1765,#1766,#1767,#1768,#1769,#1770,#1771,
#1772));
#313=EDGE_LOOP('',(#1773,#1774,#1775,#1776,#1777,#1778,#1779,#1780,#1781));
#314=EDGE_LOOP('',(#1782,#1783,#1784,#1785,#1786));
#315=EDGE_LOOP('',(#1787,#1788,#1789,#1790,#1791));
#316=EDGE_LOOP('',(#1792,#1793,#1794,#1795,#1796,#1797));
#317=EDGE_LOOP('',(#1798,#1799,#1800,#1801,#1802,#1803));
#318=EDGE_LOOP('',(#1804,#1805,#1806,#1807,#1808));
#319=EDGE_LOOP('',(#1809,#1810,#1811,#1812,#1813));
#320=EDGE_LOOP('',(#1814,#1815,#1816,#1817,#1818));
#321=EDGE_LOOP('',(#1819,#1820,#1821,#1822,#1823));
#322=EDGE_LOOP('',(#1824,#1825,#1826,#1827,#1828,#1829));
#323=EDGE_LOOP('',(#1830,#1831,#1832,#1833,#1834));
#324=EDGE_LOOP('',(#1835,#1836,#1837,#1838,#1839,#1840));
#325=EDGE_LOOP('',(#1841,#1842,#1843,#1844,#1845));
#326=EDGE_LOOP('',(#1846,#1847,#1848,#1849,#1850));
#327=EDGE_LOOP('',(#1851,#1852,#1853,#1854,#1855));
#328=EDGE_LOOP('',(#1856,#1857,#1858,#1859));
#329=EDGE_LOOP('',(#1860,#1861,#1862,#1863,#1864,#1865,#1866,#1867));
#330=EDGE_LOOP('',(#1868,#1869,#1870,#1871,#1872,#1873,#1874,#1875));
#331=EDGE_LOOP('',(#1876,#1877,#1878,#1879,#1880,#1881,#1882,#1883));
#332=EDGE_LOOP('',(#1884,#1885,#1886,#1887,#1888,#1889,#1890,#1891));
#333=EDGE_LOOP('',(#1892,#1893,#1894,#1895,#1896));
#334=EDGE_LOOP('',(#1897,#1898,#1899,#1900,#1901,#1902));
#335=EDGE_LOOP('',(#1903,#1904,#1905,#1906,#1907,#1908,#1909,#1910));
#336=EDGE_LOOP('',(#1911,#1912,#1913,#1914,#1915,#1916,#1917,#1918));
#337=EDGE_LOOP('',(#1919,#1920,#1921,#1922,#1923,#1924));
#338=EDGE_LOOP('',(#1925,#1926,#1927,#1928,#1929,#1930));
#339=EDGE_LOOP('',(#1931,#1932,#1933,#1934));
#340=EDGE_LOOP('',(#1935,#1936,#1937,#1938,#1939));
#341=EDGE_LOOP('',(#1940,#1941,#1942,#1943,#1944));
#342=EDGE_LOOP('',(#1945,#1946,#1947,#1948));
#343=EDGE_LOOP('',(#1949,#1950,#1951,#1952));
#344=EDGE_LOOP('',(#1953,#1954,#1955,#1956));
#345=EDGE_LOOP('',(#1957,#1958,#1959,#1960));
#346=EDGE_LOOP('',(#1961,#1962,#1963,#1964));
#347=EDGE_LOOP('',(#1965,#1966,#1967,#1968,#1969));
#348=EDGE_LOOP('',(#1970,#1971,#1972,#1973));
#349=EDGE_LOOP('',(#1974,#1975,#1976,#1977,#1978,#1979,#1980,#1981,#1982,
#1983,#1984));
#350=EDGE_LOOP('',(#1985,#1986,#1987,#1988,#1989,#1990,#1991,#1992,#1993,
#1994));
#351=EDGE_LOOP('',(#1995,#1996,#1997,#1998,#1999,#2000,#2001,#2002,#2003,
#2004,#2005,#2006,#2007,#2008));
#352=EDGE_LOOP('',(#2009,#2010,#2011,#2012,#2013,#2014,#2015,#2016));
#353=EDGE_LOOP('',(#2017));
#354=EDGE_LOOP('',(#2018,#2019,#2020,#2021,#2022,#2023,#2024,#2025,#2026,
#2027,#2028,#2029));
#355=EDGE_LOOP('',(#2030));
#356=LINE('',#2807,#426);
#357=LINE('',#2814,#427);
#358=LINE('',#2923,#428);
#359=LINE('',#2930,#429);
#360=LINE('',#3034,#430);
#361=LINE('',#3041,#431);
#362=LINE('',#3051,#432);
#363=LINE('',#3683,#433);
#364=LINE('',#4096,#434);
#365=LINE('',#4203,#435);
#366=LINE('',#4385,#436);
#367=LINE('',#4477,#437);
#368=LINE('',#4497,#438);
#369=LINE('',#4498,#439);
#370=LINE('',#4501,#440);
#371=LINE('',#4512,#441);
#372=LINE('',#4515,#442);
#373=LINE('',#4524,#443);
#374=LINE('',#4527,#444);
#375=LINE('',#4825,#445);
#376=LINE('',#4915,#446);
#377=LINE('',#4947,#447);
#378=LINE('',#4964,#448);
#379=LINE('',#4965,#449);
#380=LINE('',#4992,#450);
#381=LINE('',#5074,#451);
#382=LINE('',#5080,#452);
#383=LINE('',#5162,#453);
#384=LINE('',#5168,#454);
#385=LINE('',#5268,#455);
#386=LINE('',#5277,#456);
#387=LINE('',#5279,#457);
#388=LINE('',#5299,#458);
#389=LINE('',#5301,#459);
#390=LINE('',#5328,#460);
#391=LINE('',#5331,#461);
#392=LINE('',#5340,#462);
#393=LINE('',#5343,#463);
#394=LINE('',#5354,#464);
#395=LINE('',#5370,#465);
#396=LINE('',#5376,#466);
#397=LINE('',#5377,#467);
#398=LINE('',#5379,#468);
#399=LINE('',#5381,#469);
#400=LINE('',#5383,#470);
#401=LINE('',#5385,#471);
#402=LINE('',#5404,#472);
#403=LINE('',#5407,#473);
#404=LINE('',#5412,#474);
#405=LINE('',#5415,#475);
#406=LINE('',#5418,#476);
#407=LINE('',#5433,#477);
#408=LINE('',#5445,#478);
#409=LINE('',#5451,#479);
#410=LINE('',#5459,#480);
#411=LINE('',#5460,#481);
#412=LINE('',#5462,#482);
#413=LINE('',#5471,#483);
#414=LINE('',#5488,#484);
#415=LINE('',#5511,#485);
#416=LINE('',#5514,#486);
#417=LINE('',#5519,#487);
#418=LINE('',#5522,#488);
#419=LINE('',#5537,#489);
#420=LINE('',#5622,#490);
#421=LINE('',#5911,#491);
#422=LINE('',#5916,#492);
#423=LINE('',#6191,#493);
#424=LINE('',#6193,#494);
#425=LINE('',#6195,#495);
#426=VECTOR('',#2327,9.9272641508442);
#427=VECTOR('',#2328,9.96794874061125);
#428=VECTOR('',#2331,9.92726468625169);
#429=VECTOR('',#2332,9.96794927811492);
#430=VECTOR('',#2335,9.92726439719691);
#431=VECTOR('',#2336,9.96794915468803);
#432=VECTOR('',#2341,9.95685470881046);
#433=VECTOR('',#2354,11.0450105751172);
#434=VECTOR('',#2369,10.9455565167834);
#435=VECTOR('',#2372,10.4581202058576);
#436=VECTOR('',#2387,10.2603847900476);
#437=VECTOR('',#2390,9.9679687096462);
#438=VECTOR('',#2391,9.34800000000008);
#439=VECTOR('',#2392,9.96794937139487);
#440=VECTOR('',#2395,9.92726433936685);
#441=VECTOR('',#2398,9.96794900268378);
#442=VECTOR('',#2401,9.92726507446775);
#443=VECTOR('',#2404,9.96794955112058);
#444=VECTOR('',#2407,9.92726523652405);
#445=VECTOR('',#2426,9.95682423172442);
#446=VECTOR('',#2457,9.95682416295258);
#447=VECTOR('',#2464,9.91975618225753);
#448=VECTOR('',#2469,9.92726352097578);
#449=VECTOR('',#2470,9.95682449988379);
#450=VECTOR('',#2483,9.96794961386257);
#451=VECTOR('',#2484,9.96794899735485);
#452=VECTOR('',#2487,9.9679488331811);
#453=VECTOR('',#2488,9.9679493852544);
#454=VECTOR('',#2491,9.96794918967499);
#455=VECTOR('',#2492,9.96794896588417);
#456=VECTOR('',#2499,9.9826237394017);
#457=VECTOR('',#2500,9.98262426453001);
#458=VECTOR('',#2507,9.98263240851163);
#459=VECTOR('',#2508,9.93808993926433);
#460=VECTOR('',#2513,9.98262401936418);
#461=VECTOR('',#2516,9.93809044450872);
#462=VECTOR('',#2519,9.98262372739941);
#463=VECTOR('',#2522,9.93808966585689);
#464=VECTOR('',#2525,9.9826320283617);
#465=VECTOR('',#2528,9.98262395357803);
#466=VECTOR('',#2537,9.9895695866018);
#467=VECTOR('',#2538,9.98956936215844);
#468=VECTOR('',#2541,9.98956922362158);
#469=VECTOR('',#2544,9.9895691475751);
#470=VECTOR('',#2547,9.98956953593476);
#471=VECTOR('',#2550,9.98957547185268);
#472=VECTOR('',#2563,9.99707515445392);
#473=VECTOR('',#2566,9.94744036251381);
#474=VECTOR('',#2571,9.9970751511747);
#475=VECTOR('',#2574,9.94744078194717);
#476=VECTOR('',#2577,9.99707758340152);
#477=VECTOR('',#2588,9.99941764572534);
#478=VECTOR('',#2597,9.99941788471668);
#479=VECTOR('',#2604,9.99941775416377);
#480=VECTOR('',#2615,9.99707687277156);
#481=VECTOR('',#2616,9.9970765257381);
#482=VECTOR('',#2619,9.99707598089442);
#483=VECTOR('',#2626,9.98957483828065);
#484=VECTOR('',#2629,9.98956931801508);
#485=VECTOR('',#2632,9.98956974050917);
#486=VECTOR('',#2635,9.94261714525918);
#487=VECTOR('',#2640,9.98956941308794);
#488=VECTOR('',#2643,9.94261757486316);
#489=VECTOR('',#2644,9.98956926944913);
#490=VECTOR('',#2659,9.93808892262857);
#491=VECTOR('',#2666,9.1993885006338);
#492=VECTOR('',#2673,9.19941940438276);
#493=VECTOR('',#2696,4.81986777309806);
#494=VECTOR('',#2699,4.81986781315924);
#495=VECTOR('',#2702,4.13425345116628);
#496=ELLIPSE('',#2167,10.0854561190786,10.0403308854407);
#497=ELLIPSE('',#2168,10.1117767001553,10.066880706416);
#498=ELLIPSE('',#2169,10.065337021132,10.0210889542351);
#499=ELLIPSE('',#2171,9.46762625353926,9.46761351282273);
#500=ELLIPSE('',#2195,10.0894369845275,10.0428908874199);
#501=ELLIPSE('',#2197,10.0887156898285,10.0428908874199);
#502=ELLIPSE('',#2199,10.0853458922623,10.0399375844437);
#503=ELLIPSE('',#2208,9.46732237885995,9.46730888207654);
#504=ELLIPSE('',#2209,9.95282061160793,9.9525591821847);
#505=ELLIPSE('',#2212,10.3684297339156,10.3226666795566);
#506=ELLIPSE('',#2215,10.393543970234,10.3467124043108);
#507=ELLIPSE('',#2216,9.46740266247477,9.467389607555);
#508=ELLIPSE('',#2219,9.4675725426974,9.46755822340752);
#509=ELLIPSE('',#2222,10.3952464444522,10.3476792178193);
#510=ELLIPSE('',#2223,9.46740701246248,9.46739176288214);
#511=ELLIPSE('',#2227,10.0209760120548,9.78900186248997);
#512=ELLIPSE('',#2229,9.50857661518705,9.5033594013961);
#513=ELLIPSE('',#2231,9.48061841394881,9.47936571687978);
#514=ELLIPSE('',#2232,9.91905158205163,9.91887386959);
#515=ELLIPSE('',#2239,10.9455137472642,10.9357812200122);
#516=ELLIPSE('',#2242,10.9452122790207,10.9354800198282);
#517=ELLIPSE('',#2245,10.8228618189505,10.8211418857891);
#518=ELLIPSE('',#2250,10.7485455660753,10.748219228983);
#519=ELLIPSE('',#2251,10.7487270771335,10.7484007345303);
#520=ELLIPSE('',#2260,11.1637695835543,11.1636707724819);
#521=ELLIPSE('',#2262,11.1652485020556,11.1651496778933);
#522=ELLIPSE('',#2264,11.1659253979637,11.16582656781);
#523=ELLIPSE('',#2265,11.165232517225,11.1651497211703);
#524=ELLIPSE('',#2267,11.1645650275261,11.1644822364211);
#525=ELLIPSE('',#2269,11.1631012421959,11.1630184619457);
#526=ELLIPSE('',#2289,10.7408477949954,10.7407820724299);
#527=ELLIPSE('',#2292,10.6224236405267,10.6129532103728);
#528=ELLIPSE('',#2293,10.6056907867089,10.594926761278);
#529=B_SPLINE_CURVE_WITH_KNOTS('',3,(#2791,#2792,#2793,#2794,#2795,#2796,
#2797,#2798),.UNSPECIFIED.,.F.,.F.,(4,2,2,4),(1.59243648320862,1.69553337803969,
2.05939708879668,2.34085371595882),.UNSPECIFIED.);
#530=B_SPLINE_CURVE_WITH_KNOTS('',3,(#2800,#2801,#2802,#2803),
 .UNSPECIFIED.,.F.,.F.,(4,4),(0.,0.0696344266283728),.UNSPECIFIED.);
#531=B_SPLINE_CURVE_WITH_KNOTS('',3,(#2809,#2810,#2811,#2812),
 .UNSPECIFIED.,.F.,.F.,(4,4),(0.136865191898769,0.232736061179351),
 .UNSPECIFIED.);
#532=B_SPLINE_CURVE_WITH_KNOTS('',3,(#2816,#2817,#2818,#2819,#2820),
 .UNSPECIFIED.,.F.,.F.,(4,1,4),(0.,0.0923455981524458,0.18303500124536),
 .UNSPECIFIED.);
#533=B_SPLINE_CURVE_WITH_KNOTS('',3,(#2821,#2822,#2823,#2824),
 .UNSPECIFIED.,.F.,.F.,(4,4),(0.,0.0696978031675473),.UNSPECIFIED.);
#534=B_SPLINE_CURVE_WITH_KNOTS('',3,(#2907,#2908,#2909,#2910,#2911,#2912,
#2913,#2914),.UNSPECIFIED.,.F.,.F.,(4,2,2,4),(2.27035142400771,2.52500413597703,
2.89066641114461,2.97520434066578),.UNSPECIFIED.);
#535=B_SPLINE_CURVE_WITH_KNOTS('',3,(#2916,#2917,#2918,#2919),
 .UNSPECIFIED.,.F.,.F.,(4,4),(0.,0.0425978237211271),.UNSPECIFIED.);
#536=B_SPLINE_CURVE_WITH_KNOTS('',3,(#2925,#2926,#2927,#2928),
 .UNSPECIFIED.,.F.,.F.,(4,4),(0.119050532965068,0.214937667284427),
 .UNSPECIFIED.);
#537=B_SPLINE_CURVE_WITH_KNOTS('',3,(#2931,#2932,#2933,#2934,#2935),
 .UNSPECIFIED.,.F.,.F.,(4,1,4),(0.,0.115431725277975,0.23086345055595),
 .UNSPECIFIED.);
#538=B_SPLINE_CURVE_WITH_KNOTS('',3,(#3018,#3019,#3020,#3021,#3022,#3023,
#3024,#3025),.UNSPECIFIED.,.F.,.F.,(4,2,2,4),(1.64053523447187,1.69412277289525,
2.05546373516172,2.38918289848475),.UNSPECIFIED.);
#539=B_SPLINE_CURVE_WITH_KNOTS('',3,(#3027,#3028,#3029,#3030),
 .UNSPECIFIED.,.F.,.F.,(4,4),(0.,0.179887906783306),.UNSPECIFIED.);
#540=B_SPLINE_CURVE_WITH_KNOTS('',3,(#3036,#3037,#3038,#3039),
 .UNSPECIFIED.,.F.,.F.,(4,4),(0.139667834776298,0.235560847766312),
 .UNSPECIFIED.);
#541=B_SPLINE_CURVE_WITH_KNOTS('',3,(#3042,#3043,#3044,#3045,#3046),
 .UNSPECIFIED.,.F.,.F.,(4,1,4),(0.,0.138518235359006,0.252230803444623),
 .UNSPECIFIED.);
#542=B_SPLINE_CURVE_WITH_KNOTS('',3,(#3053,#3054,#3055,#3056,#3057,#3058,
#3059,#3060,#3061,#3062,#3063,#3064,#3065,#3066,#3067,#3068,#3069,#3070,
#3071,#3072),.UNSPECIFIED.,.F.,.F.,(4,1,1,1,1,1,1,1,1,1,1,1,1,1,1,1,1,4),
(6.46641685461661E-5,0.0923453606931677,0.138518074963031,0.184690862279939,
0.230863372207764,0.277036354869242,0.323208967742797,0.36938181356272,
0.41555459329973,0.461727224204072,0.507899855108414,0.554072634845425,
0.600245480665347,0.646418093538902,0.69259107620038,0.738763586128205,
0.7849359156575,0.877281475793556),.UNSPECIFIED.);
#543=B_SPLINE_CURVE_WITH_KNOTS('',3,(#3175,#3176,#3177,#3178,#3179,#3180,
#3181),.UNSPECIFIED.,.F.,.F.,(4,3,4),(0.401414943468694,1.14880105474273,
1.21919407942049),.UNSPECIFIED.);
#544=B_SPLINE_CURVE_WITH_KNOTS('',3,(#3183,#3184,#3185,#3186),
 .UNSPECIFIED.,.F.,.F.,(4,4),(0.56892313292353,1.04958851113008),
 .UNSPECIFIED.);
#545=B_SPLINE_CURVE_WITH_KNOTS('',3,(#3188,#3189,#3190,#3191,#3192,#3193,
#3194),.UNSPECIFIED.,.F.,.F.,(4,3,4),(0.550491832646871,1.38519143974328,
1.51134456053457),.UNSPECIFIED.);
#546=B_SPLINE_CURVE_WITH_KNOTS('',3,(#3196,#3197,#3198,#3199),
 .UNSPECIFIED.,.F.,.F.,(4,4),(0.544726414795957,0.593429836320065),
 .UNSPECIFIED.);
#547=B_SPLINE_CURVE_WITH_KNOTS('',3,(#3201,#3202,#3203,#3204,#3205,#3206,
#3207),.UNSPECIFIED.,.F.,.F.,(4,3,4),(0.833212569059963,1.61946897999328,
1.79431677469565),.UNSPECIFIED.);
#548=B_SPLINE_CURVE_WITH_KNOTS('',3,(#3209,#3210,#3211,#3212,#3213,#3214,
#3215),.UNSPECIFIED.,.F.,.F.,(4,3,4),(0.427645204500372,1.18408448084065,
1.34156356296906),.UNSPECIFIED.);
#549=B_SPLINE_CURVE_WITH_KNOTS('',3,(#3217,#3218,#3219,#3220,#3221,#3222,
#3223),.UNSPECIFIED.,.F.,.F.,(4,3,4),(0.749797070983691,1.56169812657451,
1.66305226379245),.UNSPECIFIED.);
#550=B_SPLINE_CURVE_WITH_KNOTS('',3,(#3225,#3226,#3227,#3228,#3229,#3230,
#3231),.UNSPECIFIED.,.F.,.F.,(4,3,4),(0.493148137507486,1.25782454433244,
1.40726136275385),.UNSPECIFIED.);
#551=B_SPLINE_CURVE_WITH_KNOTS('',3,(#3233,#3234,#3235,#3236,#3237,#3238,
#3239),.UNSPECIFIED.,.F.,.F.,(4,3,4),(0.986393674400966,1.47814633562916,
1.56331231212328),.UNSPECIFIED.);
#552=B_SPLINE_CURVE_WITH_KNOTS('',3,(#3241,#3242,#3243,#3244,#3245,#3246,
#3247,#3248,#3249,#3250),.UNSPECIFIED.,.F.,.F.,(4,3,3,4),(2.09581582449163,
3.26634517118972,4.4918848039642,4.58390553420786),.UNSPECIFIED.);
#553=B_SPLINE_CURVE_WITH_KNOTS('',3,(#3252,#3253,#3254,#3255,#3256,#3257,
#3258),.UNSPECIFIED.,.F.,.F.,(4,3,4),(0.489127169332768,1.28025437599373,
1.3213631610716),.UNSPECIFIED.);
#554=B_SPLINE_CURVE_WITH_KNOTS('',3,(#3260,#3261,#3262,#3263,#3264,#3265,
#3266),.UNSPECIFIED.,.F.,.F.,(4,3,4),(0.972045505685728,1.77849656694106,
2.04925177751886),.UNSPECIFIED.);
#555=B_SPLINE_CURVE_WITH_KNOTS('',3,(#3268,#3269,#3270,#3271),
 .UNSPECIFIED.,.F.,.F.,(4,4),(0.556118648277827,0.605198991992604),
 .UNSPECIFIED.);
#556=B_SPLINE_CURVE_WITH_KNOTS('',3,(#3273,#3274,#3275,#3276,#3277,#3278,
#3279),.UNSPECIFIED.,.F.,.F.,(4,3,4),(0.472401636220169,1.25715594430707,
1.54944848813755),.UNSPECIFIED.);
#557=B_SPLINE_CURVE_WITH_KNOTS('',3,(#3281,#3282,#3283,#3284),
 .UNSPECIFIED.,.F.,.F.,(4,4),(0.475805855058274,0.524834732279875),
 .UNSPECIFIED.);
#558=B_SPLINE_CURVE_WITH_KNOTS('',3,(#3286,#3287,#3288,#3289,#3290,#3291,
#3292),.UNSPECIFIED.,.F.,.F.,(4,3,4),(0.529351464562505,1.3340882944504,
1.60650655521522),.UNSPECIFIED.);
#559=B_SPLINE_CURVE_WITH_KNOTS('',3,(#3294,#3295,#3296,#3297,#3298,#3299,
#3300),.UNSPECIFIED.,.F.,.F.,(4,3,4),(1.25549388639112,2.0638089678678,
2.33212628309406),.UNSPECIFIED.);
#560=B_SPLINE_CURVE_WITH_KNOTS('',3,(#3302,#3303,#3304,#3305),
 .UNSPECIFIED.,.F.,.F.,(4,4),(0.581933678068972,1.02242418880883),
 .UNSPECIFIED.);
#561=B_SPLINE_CURVE_WITH_KNOTS('',3,(#3307,#3308,#3309,#3310,#3311,#3312,
#3313),.UNSPECIFIED.,.F.,.F.,(4,3,4),(1.66767976321589,2.48325667232164,
2.74421979166458),.UNSPECIFIED.);
#562=B_SPLINE_CURVE_WITH_KNOTS('',3,(#3315,#3316,#3317,#3318),
 .UNSPECIFIED.,.F.,.F.,(4,4),(0.546832189095166,0.595924015139416),
 .UNSPECIFIED.);
#563=B_SPLINE_CURVE_WITH_KNOTS('',3,(#3319,#3320,#3321,#3322),
 .UNSPECIFIED.,.F.,.F.,(4,4),(1.3213631610716,1.56620968809054),
 .UNSPECIFIED.);
#564=B_SPLINE_CURVE_WITH_KNOTS('',3,(#3323,#3324,#3325,#3326),
 .UNSPECIFIED.,.F.,.F.,(4,4),(0.650048462549997,0.986393674400966),
 .UNSPECIFIED.);
#565=B_SPLINE_CURVE_WITH_KNOTS('',3,(#3434,#3435,#3436,#3437,#3438,#3439,
#3440),.UNSPECIFIED.,.F.,.F.,(4,3,4),(0.38730413097306,1.22944520149464,
1.25928422775766),.UNSPECIFIED.);
#566=B_SPLINE_CURVE_WITH_KNOTS('',3,(#3442,#3443,#3444,#3445,#3446,#3447,
#3448),.UNSPECIFIED.,.F.,.F.,(4,3,4),(0.596440476344154,1.4791759491247,
1.5702374867384),.UNSPECIFIED.);
#567=B_SPLINE_CURVE_WITH_KNOTS('',3,(#3450,#3451,#3452,#3453,#3454,#3455,
#3456),.UNSPECIFIED.,.F.,.F.,(4,3,4),(0.379675796542555,1.23533322154402,
1.71255689922915),.UNSPECIFIED.);
#568=B_SPLINE_CURVE_WITH_KNOTS('',3,(#3458,#3459,#3460,#3461,#3462,#3463,
#3464),.UNSPECIFIED.,.F.,.F.,(4,3,4),(0.410451811732374,1.2559942711328,
1.64079195613377),.UNSPECIFIED.);
#569=B_SPLINE_CURVE_WITH_KNOTS('',3,(#3466,#3467,#3468,#3469,#3470,#3471,
#3472),.UNSPECIFIED.,.F.,.F.,(4,3,4),(0.879918533344327,1.68180025491805,
2.16149971005288),.UNSPECIFIED.);
#570=B_SPLINE_CURVE_WITH_KNOTS('',3,(#3474,#3475,#3476,#3477,#3478,#3479,
#3480),.UNSPECIFIED.,.F.,.F.,(4,3,4),(0.362729925626849,1.21285170464587,
1.64424870757161),.UNSPECIFIED.);
#571=B_SPLINE_CURVE_WITH_KNOTS('',3,(#3481,#3482,#3483,#3484),
 .UNSPECIFIED.,.F.,.F.,(4,4),(1.25928422775766,1.66946436720582),
 .UNSPECIFIED.);
#572=B_SPLINE_CURVE_WITH_KNOTS('',3,(#3577,#3578,#3579,#3580),
 .UNSPECIFIED.,.F.,.F.,(4,4),(2.38689621826812,2.75447729862505),
 .UNSPECIFIED.);
#573=B_SPLINE_CURVE_WITH_KNOTS('',3,(#3582,#3583,#3584,#3585,#3586,#3587,
#3588,#3589,#3590,#3591,#3592,#3593,#3594),.UNSPECIFIED.,.F.,.F.,(4,3,3,
3,4),(0.361258909539611,1.24339371036526,2.1192623336618,2.98618425654054,
3.24677657484743),.UNSPECIFIED.);
#574=B_SPLINE_CURVE_WITH_KNOTS('',3,(#3596,#3597,#3598,#3599,#3600,#3601,
#3602),.UNSPECIFIED.,.F.,.F.,(4,3,4),(0.198409884727809,1.09050824115446,
1.9826065975811),.UNSPECIFIED.);
#575=B_SPLINE_CURVE_WITH_KNOTS('',3,(#3603,#3604,#3605,#3606,#3607,#3608,
#3609,#3610,#3611,#3612,#3613,#3614,#3615),.UNSPECIFIED.,.F.,.F.,(4,3,3,
3,4),(2.75447729862505,3.26834777313089,4.09412686520159,4.94389827623147,
5.27326891844084),.UNSPECIFIED.);
#576=B_SPLINE_CURVE_WITH_KNOTS('',3,(#3620,#3621,#3622,#3623,#3624,#3625,
#3626,#3627,#3628,#3629),.UNSPECIFIED.,.F.,.F.,(4,3,3,4),(2.61928703410073,
2.94274616284105,3.45601267838859,3.56061765141019),.UNSPECIFIED.);
#577=B_SPLINE_CURVE_WITH_KNOTS('',3,(#3631,#3632,#3633,#3634,#3635,#3636,
#3637,#3638,#3639,#3640,#3641,#3642,#3643),.UNSPECIFIED.,.F.,.F.,(4,3,3,
3,4),(0.838975553240239,1.16287131289827,1.69047477804843,2.0198950731816,
2.61925714047413),.UNSPECIFIED.);
#578=B_SPLINE_CURVE_WITH_KNOTS('',3,(#3645,#3646,#3647,#3648,#3649,#3650,
#3651,#3652,#3653,#3654,#3655,#3656,#3657,#3658,#3659,#3660),
 .UNSPECIFIED.,.F.,.F.,(4,3,3,3,3,4),(-1.04176654984426,-0.668638854994531,
-0.148430424187283,0.220781379563455,0.802191641196748,0.838973636046766),
 .UNSPECIFIED.);
#579=B_SPLINE_CURVE_WITH_KNOTS('',3,(#3662,#3663,#3664,#3665,#3666,#3667,
#3668,#3669,#3670,#3671,#3672,#3673,#3674),.UNSPECIFIED.,.F.,.F.,(4,3,3,
3,4),(4.34907892618849,4.68063347937802,5.17407366499992,5.58217027291101,
6.07939358510537),.UNSPECIFIED.);
#580=B_SPLINE_CURVE_WITH_KNOTS('',3,(#3675,#3676,#3677,#3678,#3679,#3680,
#3681),.UNSPECIFIED.,.F.,.F.,(4,3,4),(3.56061765141019,3.78882866762425,
4.34906582170463),.UNSPECIFIED.);
#581=B_SPLINE_CURVE_WITH_KNOTS('',3,(#3795,#3796,#3797,#3798),
 .UNSPECIFIED.,.F.,.F.,(4,4),(2.01380583417338,2.11889116283111),
 .UNSPECIFIED.);
#582=B_SPLINE_CURVE_WITH_KNOTS('',3,(#3800,#3801,#3802,#3803,#3804,#3805,
#3806),.UNSPECIFIED.,.F.,.F.,(4,3,4),(6.63828807090063,7.54886576019344,
8.36936356395013),.UNSPECIFIED.);
#583=B_SPLINE_CURVE_WITH_KNOTS('',3,(#3808,#3809,#3810,#3811,#3812,#3813,
#3814,#3815,#3816,#3817,#3818,#3819,#3820),.UNSPECIFIED.,.F.,.F.,(4,3,3,
3,4),(6.49729398233876,7.37332223880357,8.28286305256168,9.12362865600168,
9.44077231908676),.UNSPECIFIED.);
#584=B_SPLINE_CURVE_WITH_KNOTS('',3,(#3821,#3822,#3823,#3824,#3825,#3826,
#3827,#3828,#3829,#3830,#3831,#3832,#3833),.UNSPECIFIED.,.F.,.F.,(4,3,3,
3,4),(2.11889116283111,2.89718780863117,3.71091749857615,4.55691559114836,
4.89561259090856),.UNSPECIFIED.);
#585=B_SPLINE_CURVE_WITH_KNOTS('',3,(#3920,#3921,#3922,#3923,#3924,#3925,
#3926,#3927,#3928,#3929),.UNSPECIFIED.,.F.,.F.,(4,3,3,4),(6.56207950901215,
7.37099241699885,8.19685850404003,8.31955686904075),.UNSPECIFIED.);
#586=B_SPLINE_CURVE_WITH_KNOTS('',3,(#3931,#3932,#3933,#3934,#3935,#3936,
#3937),.UNSPECIFIED.,.F.,.F.,(4,3,4),(0.2395373359279,1.13014385712985,
1.22161643036277),.UNSPECIFIED.);
#587=B_SPLINE_CURVE_WITH_KNOTS('',3,(#3939,#3940,#3941,#3942,#3943,#3944,
#3945),.UNSPECIFIED.,.F.,.F.,(4,3,4),(0.300699551954608,1.14037288040144,
1.23181562830716),.UNSPECIFIED.);
#588=B_SPLINE_CURVE_WITH_KNOTS('',3,(#3947,#3948,#3949,#3950,#3951,#3952,
#3953,#3954,#3955,#3956),.UNSPECIFIED.,.F.,.F.,(4,3,3,4),(2.82860361886441,
3.64970249407649,4.46713254646375,4.63774603726893),.UNSPECIFIED.);
#589=B_SPLINE_CURVE_WITH_KNOTS('',3,(#3958,#3959,#3960,#3961),
 .UNSPECIFIED.,.F.,.F.,(4,4),(0.155230304702756,0.207390332097787),
 .UNSPECIFIED.);
#590=B_SPLINE_CURVE_WITH_KNOTS('',3,(#3963,#3964,#3965,#3966,#3967,#3968,
#3969,#3970,#3971,#3972),.UNSPECIFIED.,.F.,.F.,(4,3,3,4),(2.81860798380546,
3.63623677926972,4.45360749584955,4.62822679474754),.UNSPECIFIED.);
#591=B_SPLINE_CURVE_WITH_KNOTS('',3,(#3974,#3975,#3976,#3977),
 .UNSPECIFIED.,.F.,.F.,(4,4),(0.211922389507486,0.264087573977029),
 .UNSPECIFIED.);
#592=B_SPLINE_CURVE_WITH_KNOTS('',3,(#3978,#3979,#3980,#3981),
 .UNSPECIFIED.,.F.,.F.,(4,4),(8.31955686904075,8.37062757145515),
 .UNSPECIFIED.);
#593=B_SPLINE_CURVE_WITH_KNOTS('',3,(#4087,#4088,#4089,#4090,#4091,#4092,
#4093),.UNSPECIFIED.,.F.,.F.,(4,3,4),(2.36734403438531,3.99383837901727,
4.10364633634961),.UNSPECIFIED.);
#594=B_SPLINE_CURVE_WITH_KNOTS('',3,(#4098,#4099,#4100,#4101),
 .UNSPECIFIED.,.F.,.F.,(4,4),(3.23189125365771,3.52840836581472),
 .UNSPECIFIED.);
#595=B_SPLINE_CURVE_WITH_KNOTS('',3,(#4103,#4104,#4105,#4106),
 .UNSPECIFIED.,.F.,.F.,(4,4),(6.95007420119996,6.9987851066063),
 .UNSPECIFIED.);
#596=B_SPLINE_CURVE_WITH_KNOTS('',3,(#4108,#4109,#4110,#4111,#4112,#4113,
#4114,#4115,#4116,#4117),.UNSPECIFIED.,.F.,.F.,(4,3,3,4),(1.96358604704161,
2.46243415392311,2.88050981768782,3.18336158345174),.UNSPECIFIED.);
#597=B_SPLINE_CURVE_WITH_KNOTS('',3,(#4119,#4120,#4121,#4122),
 .UNSPECIFIED.,.F.,.F.,(4,4),(5.38100860781225,5.48009589999779),
 .UNSPECIFIED.);
#598=B_SPLINE_CURVE_WITH_KNOTS('',3,(#4124,#4125,#4126,#4127,#4128,#4129,
#4130,#4131,#4132,#4133),.UNSPECIFIED.,.F.,.F.,(4,3,3,4),(4.25824403998159,
4.60960144558529,5.14505513012066,5.39318602590154),.UNSPECIFIED.);
#599=B_SPLINE_CURVE_WITH_KNOTS('',3,(#4135,#4136,#4137,#4138,#4139,#4140,
#4141),.UNSPECIFIED.,.F.,.F.,(4,3,4),(3.32906702733158,3.76192664197211,
4.25819856974243),.UNSPECIFIED.);
#600=B_SPLINE_CURVE_WITH_KNOTS('',3,(#4143,#4144,#4145,#4146,#4147,#4148,
#4149,#4150,#4151,#4152),.UNSPECIFIED.,.F.,.F.,(4,3,3,4),(2.20526915933047,
2.58570724681813,2.88694694649287,3.32916347972513),.UNSPECIFIED.);
#601=B_SPLINE_CURVE_WITH_KNOTS('',3,(#4154,#4155,#4156,#4157),
 .UNSPECIFIED.,.F.,.F.,(4,4),(2.15854900595376,2.25518668291864),
 .UNSPECIFIED.);
#602=B_SPLINE_CURVE_WITH_KNOTS('',3,(#4159,#4160,#4161,#4162,#4163,#4164,
#4165,#4166,#4167,#4168),.UNSPECIFIED.,.F.,.F.,(4,3,3,4),(4.51108443868852,
5.08741627726631,5.52156927561975,5.6369257485356),.UNSPECIFIED.);
#603=B_SPLINE_CURVE_WITH_KNOTS('',3,(#4170,#4171,#4172,#4173),
 .UNSPECIFIED.,.F.,.F.,(4,4),(0.937746994118575,0.988343002377149),
 .UNSPECIFIED.);
#604=B_SPLINE_CURVE_WITH_KNOTS('',3,(#4174,#4175,#4176,#4177,#4178,#4179,
#4180,#4181,#4182,#4183),.UNSPECIFIED.,.F.,.F.,(4,3,3,4),(3.52840836581472,
3.56816317371364,4.11142034762641,4.46086459400525),.UNSPECIFIED.);
#605=B_SPLINE_CURVE_WITH_KNOTS('',3,(#4187,#4188,#4189,#4190,#4191,#4192,
#4193),.UNSPECIFIED.,.F.,.F.,(4,3,4),(3.88887266175321,4.20951885720666,
4.36181492575075),.UNSPECIFIED.);
#606=B_SPLINE_CURVE_WITH_KNOTS('',3,(#4195,#4196,#4197,#4198,#4199,#4200,
#4201),.UNSPECIFIED.,.F.,.F.,(4,3,4),(3.37157823510668,3.59051146959705,
3.88498468293086),.UNSPECIFIED.);
#607=B_SPLINE_CURVE_WITH_KNOTS('',3,(#4210,#4211,#4212,#4213,#4214,#4215,
#4216),.UNSPECIFIED.,.F.,.F.,(4,3,4),(2.85814592083189,3.26130818249636,
3.37157823510668),.UNSPECIFIED.);
#608=B_SPLINE_CURVE_WITH_KNOTS('',3,(#4218,#4219,#4220,#4221,#4222,#4223,
#4224,#4225,#4226,#4227),.UNSPECIFIED.,.F.,.F.,(4,3,3,4),(1.78194154182746,
2.33891613757371,2.7523278287829,2.85802245929108),.UNSPECIFIED.);
#609=B_SPLINE_CURVE_WITH_KNOTS('',3,(#4229,#4230,#4231,#4232,#4233,#4234,
#4235,#4236,#4237,#4238),.UNSPECIFIED.,.F.,.F.,(4,3,3,4),(0.745990655238358,
1.06728290291259,1.57569064994519,1.78166004189554),.UNSPECIFIED.);
#610=B_SPLINE_CURVE_WITH_KNOTS('',3,(#4240,#4241,#4242,#4243,#4244,#4245,
#4246,#4247,#4248,#4249),.UNSPECIFIED.,.F.,.F.,(4,3,3,4),(-0.283289371134819,
0.0192256603349439,0.57414944918434,0.747074346118256),.UNSPECIFIED.);
#611=B_SPLINE_CURVE_WITH_KNOTS('',3,(#4251,#4252,#4253,#4254,#4255,#4256,
#4257,#4258,#4259,#4260),.UNSPECIFIED.,.F.,.F.,(4,3,3,4),(5.42510014488039,
5.91705428362344,6.25844739370306,6.49858211611739),.UNSPECIFIED.);
#612=B_SPLINE_CURVE_WITH_KNOTS('',3,(#4261,#4262,#4263,#4264,#4265,#4266,
#4267,#4268,#4269,#4270),.UNSPECIFIED.,.F.,.F.,(4,3,3,4),(4.41992682701517,
4.97490511114896,5.31418201569906,5.44912444201329),.UNSPECIFIED.);
#613=B_SPLINE_CURVE_WITH_KNOTS('',3,(#4376,#4377,#4378,#4379,#4380,#4381,
#4382),.UNSPECIFIED.,.F.,.F.,(4,3,4),(2.46082451124971,4.08029759899421,
4.19838061354176),.UNSPECIFIED.);
#614=B_SPLINE_CURVE_WITH_KNOTS('',3,(#4386,#4387,#4388,#4389,#4390,#4391,
#4392),.UNSPECIFIED.,.F.,.F.,(4,3,4),(2.7128412269054,3.26364654210364,
3.30726695805627),.UNSPECIFIED.);
#615=B_SPLINE_CURVE_WITH_KNOTS('',3,(#4393,#4394,#4395,#4396,#4397,#4398,
#4399),.UNSPECIFIED.,.F.,.F.,(4,3,4),(1.84090702181361,2.39086631675943,
2.62180933176848),.UNSPECIFIED.);
#616=B_SPLINE_CURVE_WITH_KNOTS('',3,(#4400,#4401,#4402,#4403,#4404,#4405,
#4406),.UNSPECIFIED.,.F.,.F.,(4,3,4),(0.968197906777479,1.49087178040879,
1.74867894605455),.UNSPECIFIED.);
#617=B_SPLINE_CURVE_WITH_KNOTS('',3,(#4408,#4409,#4410,#4411,#4412,#4413,
#4414),.UNSPECIFIED.,.F.,.F.,(4,3,4),(3.75990253928564,4.09426762647285,
4.17580286244716),.UNSPECIFIED.);
#618=B_SPLINE_CURVE_WITH_KNOTS('',3,(#4416,#4417,#4418,#4419,#4420,#4421,
#4422,#4423,#4424,#4425),.UNSPECIFIED.,.F.,.F.,(4,3,3,4),(2.80379069647525,
3.23440301579948,3.5203257872553,3.7660463776848),.UNSPECIFIED.);
#619=B_SPLINE_CURVE_WITH_KNOTS('',3,(#4427,#4428,#4429,#4430,#4431,#4432,
#4433,#4434,#4435,#4436),.UNSPECIFIED.,.F.,.F.,(4,3,3,4),(2.0222225744457,
2.39480769411054,2.71232896602678,2.80405542665515),.UNSPECIFIED.);
#620=B_SPLINE_CURVE_WITH_KNOTS('',3,(#4438,#4439,#4440,#4441),
 .UNSPECIFIED.,.F.,.F.,(4,4),(0.128187978128324,0.224359943552461),
 .UNSPECIFIED.);
#621=B_SPLINE_CURVE_WITH_KNOTS('',3,(#4443,#4444,#4445,#4446,#4447,#4448,
#4449,#4450,#4451,#4452),.UNSPECIFIED.,.F.,.F.,(4,3,3,4),(4.45631922836929,
4.90460649441016,5.2025831573943,5.23798014929064),.UNSPECIFIED.);
#622=B_SPLINE_CURVE_WITH_KNOTS('',3,(#4454,#4455,#4456,#4457),
 .UNSPECIFIED.,.F.,.F.,(4,4),(0.14374283649171,0.239564657235535),
 .UNSPECIFIED.);
#623=B_SPLINE_CURVE_WITH_KNOTS('',3,(#4459,#4460,#4461,#4462,#4463,#4464,
#4465),.UNSPECIFIED.,.F.,.F.,(4,3,4),(3.58445522069095,4.05711105509164,
4.3659471759781),.UNSPECIFIED.);
#624=B_SPLINE_CURVE_WITH_KNOTS('',3,(#4467,#4468,#4469,#4470),
 .UNSPECIFIED.,.F.,.F.,(4,4),(0.093801262017627,0.189645253600857),
 .UNSPECIFIED.);
#625=B_SPLINE_CURVE_WITH_KNOTS('',3,(#4471,#4472,#4473,#4474),
 .UNSPECIFIED.,.F.,.F.,(4,4),(3.30726695805627,3.49407702224122),
 .UNSPECIFIED.);
#626=B_SPLINE_CURVE_WITH_KNOTS('',3,(#4479,#4480,#4481,#4482,#4483,#4484,
#4485,#4486,#4487,#4488,#4489,#4490,#4491,#4492,#4493,#4494,#4495),
 .UNSPECIFIED.,.F.,.F.,(4,1,1,1,1,1,1,1,1,1,1,1,1,1,4),(0.,0.0923457104042791,
0.138518689998479,0.184691214010042,0.230863812010131,0.277036488665439,
0.323209303757235,0.369381702365998,0.415554607020797,0.461727393177237,
0.507900109147409,0.554072605990847,0.600245272233621,0.646418283242944,
0.738720660070126),.UNSPECIFIED.);
#627=B_SPLINE_CURVE_WITH_KNOTS('',3,(#4503,#4504,#4505,#4506,#4507,#4508,
#4509),.UNSPECIFIED.,.F.,.F.,(4,1,1,1,4),(0.0280805794876265,0.161604534281251,
0.323209068562501,0.484813602843752,0.646418137125002),.UNSPECIFIED.);
#628=B_SPLINE_CURVE_WITH_KNOTS('',3,(#4519,#4520,#4521,#4522,#4523),
 .UNSPECIFIED.,.F.,.F.,(4,1,4),(0.,0.0692589184708917,0.138517836941783),
 .UNSPECIFIED.);
#629=B_SPLINE_CURVE_WITH_KNOTS('',3,(#4532,#4533,#4534,#4535),
 .UNSPECIFIED.,.F.,.F.,(4,4),(0.,0.179382134108361),.UNSPECIFIED.);
#630=B_SPLINE_CURVE_WITH_KNOTS('',3,(#4541,#4542,#4543,#4544),
 .UNSPECIFIED.,.F.,.F.,(4,4),(3.67858809750379E-5,0.0831151513339738),
 .UNSPECIFIED.);
#631=B_SPLINE_CURVE_WITH_KNOTS('',3,(#4627,#4628,#4629,#4630,#4631,#4632,
#4633,#4634),.UNSPECIFIED.,.F.,.F.,(4,2,2,4),(2.26183199157356,2.53924022048954,
2.92016411403775,3.01090686742808),.UNSPECIFIED.);
#632=B_SPLINE_CURVE_WITH_KNOTS('',3,(#4635,#4636,#4637,#4638),
 .UNSPECIFIED.,.F.,.F.,(4,4),(0.,0.0584237091590587),.UNSPECIFIED.);
#633=B_SPLINE_CURVE_WITH_KNOTS('',3,(#4721,#4722,#4723,#4724,#4725,#4726,
#4727,#4728),.UNSPECIFIED.,.F.,.F.,(4,2,2,4),(1.58930411626793,1.70291151751842,
2.07045203859628,2.33739660581923),.UNSPECIFIED.);
#634=B_SPLINE_CURVE_WITH_KNOTS('',3,(#4729,#4730,#4731,#4732),
 .UNSPECIFIED.,.F.,.F.,(4,4),(0.,0.0690192025088204),.UNSPECIFIED.);
#635=B_SPLINE_CURVE_WITH_KNOTS('',3,(#4814,#4815,#4816,#4817,#4818,#4819,
#4820,#4821),.UNSPECIFIED.,.F.,.F.,(4,2,2,4),(2.22772288644753,2.51127485964555,
2.871286969714,2.97396076277604),.UNSPECIFIED.);
#636=B_SPLINE_CURVE_WITH_KNOTS('',3,(#4829,#4830,#4831,#4832),
 .UNSPECIFIED.,.F.,.F.,(4,4),(0.00993895714238381,0.179956924015945),
 .UNSPECIFIED.);
#637=B_SPLINE_CURVE_WITH_KNOTS('',2,(#4834,#4835,#4836),.UNSPECIFIED.,.F.,
 .F.,(3,3),(0.,0.0923454037581081),.UNSPECIFIED.);
#638=B_SPLINE_CURVE_WITH_KNOTS('',3,(#4839,#4840,#4841,#4842,#4843,#4844,
#4845),.UNSPECIFIED.,.F.,.F.,(4,3,4),(5.82464364712813E-15,0.130863217283594,
0.261603604429939),.UNSPECIFIED.);
#639=B_SPLINE_CURVE_WITH_KNOTS('',3,(#4849,#4850,#4851,#4852),
 .UNSPECIFIED.,.F.,.F.,(4,4),(1.78073018361334E-6,0.180012792889334),
 .UNSPECIFIED.);
#640=B_SPLINE_CURVE_WITH_KNOTS('',3,(#4856,#4857,#4858,#4859),
 .UNSPECIFIED.,.F.,.F.,(4,4),(0.00205565345876385,0.0522387928365178),
 .UNSPECIFIED.);
#641=B_SPLINE_CURVE_WITH_KNOTS('',3,(#4862,#4863,#4864,#4865,#4866,#4867,
#4868),.UNSPECIFIED.,.F.,.F.,(4,3,4),(0.,0.152682198618397,0.305364395285932),
 .UNSPECIFIED.);
#642=B_SPLINE_CURVE_WITH_KNOTS('',3,(#4875,#4876,#4877,#4878),
 .UNSPECIFIED.,.F.,.F.,(4,4),(9.79692425831415E-6,0.0373621507868632),
 .UNSPECIFIED.);
#643=B_SPLINE_CURVE_WITH_KNOTS('',3,(#4883,#4884,#4885,#4886),
 .UNSPECIFIED.,.F.,.F.,(4,4),(3.11298967116629E-6,0.0509170449325933),
 .UNSPECIFIED.);
#644=B_SPLINE_CURVE_WITH_KNOTS('',3,(#4888,#4889,#4890,#4891,#4892,#4893,
#4894,#4895,#4896,#4897,#4898,#4899,#4900),.UNSPECIFIED.,.F.,.F.,(4,3,3,
3,4),(1.97427577767351E-9,0.130858439719808,0.261716879439616,0.392575319159424,
0.523433758879232),.UNSPECIFIED.);
#645=B_SPLINE_CURVE_WITH_KNOTS('',3,(#4904,#4905,#4906,#4907),
 .UNSPECIFIED.,.F.,.F.,(4,4),(1.68940550613417E-6,0.180012427400007),
 .UNSPECIFIED.);
#646=B_SPLINE_CURVE_WITH_KNOTS('',3,(#4922,#4923,#4924,#4925),
 .UNSPECIFIED.,.F.,.F.,(4,4),(2.29620790953152E-6,0.0502614080299766),
 .UNSPECIFIED.);
#647=B_SPLINE_CURVE_WITH_KNOTS('',3,(#4927,#4928,#4929,#4930,#4931,#4932,
#4933,#4934,#4935,#4936,#4937,#4938,#4939,#4940,#4941),.UNSPECIFIED.,.F.,
 .F.,(4,1,1,1,1,1,1,1,1,1,1,1,4),(0.,0.0923451568416178,0.138517927341666,
0.184690949346063,0.230863330802501,0.277036285208602,0.323209239604085,
0.369381601009382,0.415554496050066,0.461726937611865,0.50790004708662,
0.554072773552569,0.646417999706713),.UNSPECIFIED.);
#648=B_SPLINE_CURVE_WITH_KNOTS('',3,(#4943,#4944,#4945,#4946),
 .UNSPECIFIED.,.F.,.F.,(4,4),(0.,0.13851819356347),.UNSPECIFIED.);
#649=B_SPLINE_CURVE_WITH_KNOTS('',3,(#4952,#4953,#4954,#4955,#4956,#4957,
#4958),.UNSPECIFIED.,.F.,.F.,(4,1,1,1,4),(0.,0.1846909506438,0.369381901287601,
0.554072851931401,0.738758472717641),.UNSPECIFIED.);
#650=B_SPLINE_CURVE_WITH_KNOTS('',3,(#4959,#4960,#4961,#4962),
 .UNSPECIFIED.,.F.,.F.,(4,4),(0.,0.180010187998456),.UNSPECIFIED.);
#651=B_SPLINE_CURVE_WITH_KNOTS('',3,(#4969,#4970,#4971,#4972),
 .UNSPECIFIED.,.F.,.F.,(4,4),(8.31625268106373E-6,0.178462681372335),
 .UNSPECIFIED.);
#652=B_SPLINE_CURVE_WITH_KNOTS('',3,(#4974,#4975,#4976,#4977,#4978,#4979,
#4980,#4981,#4982,#4983),.UNSPECIFIED.,.F.,.F.,(4,1,1,1,1,1,1,4),(0.0060659611264342,
0.0923453139895267,0.138518033228126,0.184691242474907,0.230863836096409,
0.277036574401728,0.32320903014208,0.415542260471017),.UNSPECIFIED.);
#653=B_SPLINE_CURVE_WITH_KNOTS('',3,(#4988,#4989,#4990,#4991),
 .UNSPECIFIED.,.F.,.F.,(4,4),(0.00050378722673874,0.179941321835929),
 .UNSPECIFIED.);
#654=B_SPLINE_CURVE_WITH_KNOTS('',3,(#5075,#5076,#5077,#5078),
 .UNSPECIFIED.,.F.,.F.,(4,4),(0.,0.0413175011490586),.UNSPECIFIED.);
#655=B_SPLINE_CURVE_WITH_KNOTS('',3,(#5163,#5164,#5165,#5166),
 .UNSPECIFIED.,.F.,.F.,(4,4),(0.,0.0413280200384552),.UNSPECIFIED.);
#656=B_SPLINE_CURVE_WITH_KNOTS('',3,(#5269,#5270,#5271,#5272),
 .UNSPECIFIED.,.F.,.F.,(4,4),(0.,0.0419261343808207),.UNSPECIFIED.);
#657=B_SPLINE_CURVE_WITH_KNOTS('',3,(#5281,#5282,#5283,#5284,#5285,#5286,
#5287,#5288,#5289,#5290,#5291,#5292,#5293),.UNSPECIFIED.,.F.,.F.,(4,3,3,
3,4),(5.80715675475551E-10,0.119974491515677,0.239948983031353,0.359923474547029,
0.479897965469928),.UNSPECIFIED.);
#658=B_SPLINE_CURVE_WITH_KNOTS('',3,(#5305,#5306,#5307,#5308,#5309,#5310,
#5311,#5312,#5313,#5314,#5315,#5316,#5317,#5318,#5319,#5320,#5321),
 .UNSPECIFIED.,.F.,.F.,(4,1,1,1,1,1,1,1,1,1,1,1,1,1,4),(0.,0.100186973591768,
0.150280399470876,0.200373554399353,0.250466774823389,0.300560317176309,
0.350653925131799,0.400746962640736,0.450840392442526,0.500934147350263,
0.551027490700636,0.601120503457115,0.651214105458887,0.701307614652122,
0.801470539551588),.UNSPECIFIED.);
#659=B_SPLINE_CURVE_WITH_KNOTS('',3,(#5323,#5324,#5325,#5326,#5327),
 .UNSPECIFIED.,.F.,.F.,(4,1,4),(0.,0.150280138616834,0.300560243669265),
 .UNSPECIFIED.);
#660=B_SPLINE_CURVE_WITH_KNOTS('',3,(#5335,#5336,#5337,#5338,#5339),
 .UNSPECIFIED.,.F.,.F.,(4,1,4),(0.,0.100186814172832,0.200373628345664),
 .UNSPECIFIED.);
#661=B_SPLINE_CURVE_WITH_KNOTS('',3,(#5345,#5346,#5347,#5348,#5349,#5350,
#5351),.UNSPECIFIED.,.F.,.F.,(4,1,1,1,4),(0.,0.225420247997805,0.450840495995609,
0.676260743993414,0.901680991991218),.UNSPECIFIED.);
#662=B_SPLINE_CURVE_WITH_KNOTS('',3,(#5357,#5358,#5359,#5360,#5361,#5362,
#5363,#5364,#5365,#5366,#5367,#5368,#5369),.UNSPECIFIED.,.F.,.F.,(4,3,3,
3,4),(0.,0.239973859260998,0.479947718521996,0.719921577782995,0.959875984432424),
 .UNSPECIFIED.);
#663=B_SPLINE_CURVE_WITH_KNOTS('',3,(#5389,#5390,#5391,#5392),
 .UNSPECIFIED.,.F.,.F.,(4,4),(0.00349772434099729,0.182402086814552),
 .UNSPECIFIED.);
#664=B_SPLINE_CURVE_WITH_KNOTS('',3,(#5394,#5395,#5396,#5397),
 .UNSPECIFIED.,.F.,.F.,(4,4),(0.,0.182403860299731),.UNSPECIFIED.);
#665=B_SPLINE_CURVE_WITH_KNOTS('',3,(#5424,#5425,#5426,#5427),
 .UNSPECIFIED.,.F.,.F.,(4,4),(0.00908234853792981,0.164183861224465),
 .UNSPECIFIED.);
#666=B_SPLINE_CURVE_WITH_KNOTS('',3,(#5428,#5429,#5430,#5431),
 .UNSPECIFIED.,.F.,.F.,(4,4),(0.,0.181637620603854),.UNSPECIFIED.);
#667=B_SPLINE_CURVE_WITH_KNOTS('',3,(#5437,#5438,#5439,#5440),
 .UNSPECIFIED.,.F.,.F.,(4,4),(0.,0.182400877509537),.UNSPECIFIED.);
#668=B_SPLINE_CURVE_WITH_KNOTS('',3,(#5464,#5465,#5466,#5467),
 .UNSPECIFIED.,.F.,.F.,(4,4),(0.0242967670962032,0.182397835981427),
 .UNSPECIFIED.);
#669=B_SPLINE_CURVE_WITH_KNOTS('',3,(#5473,#5474,#5475,#5476,#5477,#5478,
#5479),.UNSPECIFIED.,.F.,.F.,(4,3,4),(0.,0.130893375016264,0.261766621871132),
 .UNSPECIFIED.);
#670=B_SPLINE_CURVE_WITH_KNOTS('',3,(#5483,#5484,#5485,#5486,#5487),
 .UNSPECIFIED.,.F.,.F.,(4,1,4),(0.,0.175326901796122,0.349641351618511),
 .UNSPECIFIED.);
#671=B_SPLINE_CURVE_WITH_KNOTS('',3,(#5491,#5492,#5493,#5494),
 .UNSPECIFIED.,.F.,.F.,(4,4),(0.,0.180744551585723),.UNSPECIFIED.);
#672=B_SPLINE_CURVE_WITH_KNOTS('',3,(#5496,#5497,#5498,#5499,#5500,#5501,
#5502),.UNSPECIFIED.,.F.,.F.,(4,1,1,1,4),(0.,0.150280187811496,0.300560375622993,
0.450840563434489,0.601120751245985),.UNSPECIFIED.);
#673=B_SPLINE_CURVE_WITH_KNOTS('',3,(#5504,#5505,#5506,#5507,#5508,#5509,
#5510),.UNSPECIFIED.,.F.,.F.,(4,1,1,1,4),(0.,0.125233478618562,0.250466957237124,
0.375700435855686,0.498385061585141),.UNSPECIFIED.);
#674=B_SPLINE_CURVE_WITH_KNOTS('',3,(#5524,#5525,#5526,#5527,#5528),
 .UNSPECIFIED.,.F.,.F.,(4,1,4),(0.,0.175326874347607,0.350653748695213),
 .UNSPECIFIED.);
#675=B_SPLINE_CURVE_WITH_KNOTS('',3,(#5530,#5531,#5532,#5533,#5534,#5535,
#5536),.UNSPECIFIED.,.F.,.F.,(4,1,1,1,4),(0.,0.212896932569408,0.425793865138816,
0.638690797708224,0.851508058349293),.UNSPECIFIED.);
#676=B_SPLINE_CURVE_WITH_KNOTS('',3,(#5540,#5541,#5542,#5543),
 .UNSPECIFIED.,.F.,.F.,(4,4),(0.00755274767316354,0.182269826370791),
 .UNSPECIFIED.);
#677=B_SPLINE_CURVE_WITH_KNOTS('',3,(#5545,#5546,#5547,#5548),
 .UNSPECIFIED.,.F.,.F.,(4,4),(0.,0.18102783022717),.UNSPECIFIED.);
#678=B_SPLINE_CURVE_WITH_KNOTS('',2,(#5550,#5551,#5552),.UNSPECIFIED.,.F.,
 .F.,(3,3),(6.04386895118826E-6,0.100186452999894),.UNSPECIFIED.);
#679=B_SPLINE_CURVE_WITH_KNOTS('',3,(#5553,#5554,#5555,#5556,#5557,#5558,
#5559,#5560,#5561,#5562,#5563,#5564,#5565,#5566,#5567,#5568,#5569,#5570,
#5571,#5572,#5573,#5574),.UNSPECIFIED.,.F.,.F.,(4,1,1,1,1,1,1,1,1,1,1,1,
1,1,1,1,1,1,1,4),(3.48064528463859E-5,0.100187226909936,0.15028029107317,
0.200373471978292,0.250467249803955,0.300560298676204,0.350654098001216,
0.400747154383993,0.450840763972238,0.500933743960316,0.551027197000179,
0.60112071707563,0.651214250743207,0.701307639415472,0.751401124899316,
0.801494186946655,0.851587454970142,0.90168082819067,0.951774341423602,
1.05196141746579),.UNSPECIFIED.);
#680=B_SPLINE_CURVE_WITH_KNOTS('',2,(#5577,#5578,#5579),.UNSPECIFIED.,.F.,
 .F.,(3,3),(0.,0.100186648437392),.UNSPECIFIED.);
#681=B_SPLINE_CURVE_WITH_KNOTS('',3,(#5580,#5581,#5582,#5583,#5584,#5585,
#5586,#5587,#5588,#5589,#5590,#5591,#5592,#5593,#5594,#5595,#5596),
 .UNSPECIFIED.,.F.,.F.,(4,1,1,1,1,1,1,1,1,1,1,1,1,1,4),(0.,0.100186762822523,
0.150279911244603,0.200373561268154,0.250467211291705,0.300560359713784,
0.350653688066164,0.400747122536308,0.450840115115519,0.500934060398329,
0.551027261922346,0.601120628872675,0.651214075922064,0.701307750940026,
0.801494168130725),.UNSPECIFIED.);
#682=B_SPLINE_CURVE_WITH_KNOTS('',3,(#5598,#5599,#5600,#5601),
 .UNSPECIFIED.,.F.,.F.,(4,4),(0.000274741225600693,0.182187148185444),
 .UNSPECIFIED.);
#683=B_SPLINE_CURVE_WITH_KNOTS('',3,(#5602,#5603,#5604,#5605),
 .UNSPECIFIED.,.F.,.F.,(4,4),(8.88454529650068E-6,0.169509205408098),
 .UNSPECIFIED.);
#684=B_SPLINE_CURVE_WITH_KNOTS('',3,(#5607,#5608,#5609,#5610),
 .UNSPECIFIED.,.F.,.F.,(4,4),(0.00918447333523559,0.183023165259352),
 .UNSPECIFIED.);
#685=B_SPLINE_CURVE_WITH_KNOTS('',3,(#5612,#5613,#5614,#5615),
 .UNSPECIFIED.,.F.,.F.,(4,4),(0.011268507472924,0.183104581701318),
 .UNSPECIFIED.);
#686=B_SPLINE_CURVE_WITH_KNOTS('',3,(#5617,#5618,#5619,#5620),
 .UNSPECIFIED.,.F.,.F.,(4,4),(2.15830188624051E-5,0.182539718286425),
 .UNSPECIFIED.);
#687=B_SPLINE_CURVE_WITH_KNOTS('',3,(#5624,#5625,#5626,#5627),
 .UNSPECIFIED.,.F.,.F.,(4,4),(6.06913906638483E-8,0.182393579741466),
 .UNSPECIFIED.);
#688=B_SPLINE_CURVE_WITH_KNOTS('',3,(#5694,#5695,#5696,#5697,#5698,#5699,
#5700),.UNSPECIFIED.,.F.,.F.,(4,3,4),(-0.619851041958724,-0.162427729405919,
0.179181165786072),.UNSPECIFIED.);
#689=B_SPLINE_CURVE_WITH_KNOTS('',3,(#5702,#5703,#5704,#5705,#5706,#5707,
#5708,#5709,#5710,#5711,#5712,#5713,#5714),.UNSPECIFIED.,.F.,.F.,(4,3,3,
3,4),(0.978598742690788,1.19658800832714,1.64660088012082,2.1263897768118,
2.57751035593287),.UNSPECIFIED.);
#690=B_SPLINE_CURVE_WITH_KNOTS('',3,(#5722,#5723,#5724,#5725,#5726,#5727,
#5728,#5729,#5730,#5731,#5732,#5733,#5734,#5735,#5736,#5737),
 .UNSPECIFIED.,.F.,.F.,(4,3,3,3,3,4),(0.966956127379215,1.6911054005822,
2.42401873136396,3.17376267997974,3.89986413838176,4.01875422066983),
 .UNSPECIFIED.);
#691=B_SPLINE_CURVE_WITH_KNOTS('',3,(#5739,#5740,#5741,#5742,#5743,#5744,
#5745,#5746,#5747,#5748),.UNSPECIFIED.,.F.,.F.,(4,3,3,4),(5.54465085746834,
6.14977329848476,6.86956037372246,7.06956888469102),.UNSPECIFIED.);
#692=B_SPLINE_CURVE_WITH_KNOTS('',3,(#5749,#5750,#5751,#5752,#5753,#5754,
#5755,#5756,#5757,#5758),.UNSPECIFIED.,.F.,.F.,(4,3,3,4),(4.01875422066983,
4.64339214866811,5.41198934117652,5.54465085746834),.UNSPECIFIED.);
#693=B_SPLINE_CURVE_WITH_KNOTS('',3,(#5759,#5760,#5761,#5762,#5763,#5764,
#5765,#5766,#5767,#5768),.UNSPECIFIED.,.F.,.F.,(4,3,3,4),(0.179181165786072,
0.306470862624192,0.76116461585399,0.978598742690788),.UNSPECIFIED.);
#694=B_SPLINE_CURVE_WITH_KNOTS('',3,(#5834,#5835,#5836,#5837,#5838,#5839,
#5840,#5841,#5842,#5843,#5844,#5845,#5846,#5847,#5848,#5849),
 .UNSPECIFIED.,.F.,.F.,(4,3,3,3,3,4),(5.92466643091801,6.68749302618479,
7.4198725887117,8.16840284857846,8.88441068965007,8.97612490047309),
 .UNSPECIFIED.);
#695=B_SPLINE_CURVE_WITH_KNOTS('',3,(#5851,#5852,#5853,#5854,#5855,#5856,
#5857,#5858,#5859,#5860),.UNSPECIFIED.,.F.,.F.,(4,3,3,4),(10.5020230769473,
11.1341056065649,11.8720039911691,12.0272791930522),.UNSPECIFIED.);
#696=B_SPLINE_CURVE_WITH_KNOTS('',3,(#5861,#5862,#5863,#5864,#5865,#5866,
#5867,#5868,#5869,#5870),.UNSPECIFIED.,.F.,.F.,(4,3,3,4),(8.97612490047309,
9.62790091293107,10.3826810720432,10.5020230769473),.UNSPECIFIED.);
#697=B_SPLINE_CURVE_WITH_KNOTS('',3,(#5878,#5879,#5880,#5881,#5882,#5883,
#5884,#5885,#5886,#5887),.UNSPECIFIED.,.F.,.F.,(4,3,3,4),(-1.19125531076929,
-1.07983336569214,-0.623931461673348,-0.391815249075345),.UNSPECIFIED.);
#698=B_SPLINE_CURVE_WITH_KNOTS('',3,(#5889,#5890,#5891,#5892,#5893,#5894,
#5895),.UNSPECIFIED.,.F.,.F.,(4,3,4),(-1.99069738563915,-1.55408375229259,
-1.19125531076929),.UNSPECIFIED.);
#699=B_SPLINE_CURVE_WITH_KNOTS('',3,(#5896,#5897,#5898,#5899,#5900,#5901,
#5902,#5903,#5904,#5905,#5906,#5907,#5908),.UNSPECIFIED.,.F.,.F.,(4,3,3,
3,4),(-0.391815249075345,-0.166282586607366,0.302845168874736,0.779681000717775,
1.20666403859058),.UNSPECIFIED.);
#700=B_SPLINE_CURVE_WITH_KNOTS('',3,(#5920,#5921,#5922,#5923,#5924,#5925,
#5926),.UNSPECIFIED.,.F.,.F.,(4,3,4),(0.819268489671116,1.12288586732345,
1.33027623179925),.UNSPECIFIED.);
#701=B_SPLINE_CURVE_WITH_KNOTS('',3,(#5928,#5929,#5930,#5931),
 .UNSPECIFIED.,.F.,.F.,(4,4),(0.,0.0917664513513948),.UNSPECIFIED.);
#702=B_SPLINE_CURVE_WITH_KNOTS('',3,(#5933,#5934,#5935,#5936,#5937,#5938,
#5939,#5940,#5941,#5942),.UNSPECIFIED.,.F.,.F.,(4,3,3,4),(0.00092143642917361,
0.309133437644736,0.53060031971539,0.59572042488373),.UNSPECIFIED.);
#703=B_SPLINE_CURVE_WITH_KNOTS('',3,(#5943,#5944,#5945,#5946),
 .UNSPECIFIED.,.F.,.F.,(4,4),(0.,0.091569539749676),.UNSPECIFIED.);
#704=B_SPLINE_CURVE_WITH_KNOTS('',3,(#5950,#5951,#5952,#5953),
 .UNSPECIFIED.,.F.,.F.,(4,4),(0.,0.0923351038972837),.UNSPECIFIED.);
#705=B_SPLINE_CURVE_WITH_KNOTS('',3,(#5954,#5955,#5956,#5957,#5958,#5959,
#5960,#5961,#5962,#5963),.UNSPECIFIED.,.F.,.F.,(4,3,3,4),(-2.46107688286747,
-2.11351393276468,-1.88314947102112,-1.82204954235288),.UNSPECIFIED.);
#706=B_SPLINE_CURVE_WITH_KNOTS('',3,(#5965,#5966,#5967,#5968,#5969,#5970,
#5971),.UNSPECIFIED.,.F.,.F.,(4,3,4),(0.655712977232254,0.663960422254958,
0.819267246393681),.UNSPECIFIED.);
#707=B_SPLINE_CURVE_WITH_KNOTS('',3,(#5972,#5973,#5974,#5975,#5976,#5977,
#5978),.UNSPECIFIED.,.F.,.F.,(4,3,4),(0.271743175484586,0.46627143981705,
0.655712977232254),.UNSPECIFIED.);
#708=B_SPLINE_CURVE_WITH_KNOTS('',3,(#5981,#5982,#5983,#5984,#5985,#5986,
#5987),.UNSPECIFIED.,.F.,.F.,(4,3,4),(-1.82490842226363,-1.55675385848249,
-1.52897049411453),.UNSPECIFIED.);
#709=B_SPLINE_CURVE_WITH_KNOTS('',3,(#5989,#5990,#5991,#5992,#5993,#5994,
#5995,#5996,#5997,#5998),.UNSPECIFIED.,.F.,.F.,(4,3,3,4),(-0.272003938148388,
-0.0372914546443202,0.149592303263564,0.271742296381554),.UNSPECIFIED.);
#710=B_SPLINE_CURVE_WITH_KNOTS('',3,(#6000,#6001,#6002,#6003),
 .UNSPECIFIED.,.F.,.F.,(4,4),(0.00150189852726638,0.0937068669856439),
 .UNSPECIFIED.);
#711=B_SPLINE_CURVE_WITH_KNOTS('',3,(#6004,#6005,#6006,#6007,#6008,#6009,
#6010),.UNSPECIFIED.,.F.,.F.,(4,3,4),(-1.52897049411453,-1.30101670848263,
-1.19069377434423),.UNSPECIFIED.);
#712=B_SPLINE_CURVE_WITH_KNOTS('',3,(#6013,#6014,#6015,#6016,#6017,#6018,
#6019,#6020,#6021,#6022),.UNSPECIFIED.,.F.,.F.,(4,3,3,4),(1.80321116584035,
2.10493899371496,2.31980700849193,2.35084691690039),.UNSPECIFIED.);
#713=B_SPLINE_CURVE_WITH_KNOTS('',3,(#6024,#6025,#6026,#6027),
 .UNSPECIFIED.,.F.,.F.,(4,4),(0.000764926548367867,0.0936385909326647),
 .UNSPECIFIED.);
#714=B_SPLINE_CURVE_WITH_KNOTS('',3,(#6028,#6029,#6030,#6031,#6032,#6033,
#6034,#6035,#6036,#6037),.UNSPECIFIED.,.F.,.F.,(4,3,3,4),(-1.19341687455325,
-0.976894045757612,-0.735936886922696,-0.555242306246731),.UNSPECIFIED.);
#715=B_SPLINE_CURVE_WITH_KNOTS('',3,(#6039,#6040,#6041,#6042,#6043,#6044,
#6045,#6046,#6047,#6048),.UNSPECIFIED.,.F.,.F.,(4,3,3,4),(1.33027760956607,
1.59271732719398,1.79016576471054,1.8032109135768),.UNSPECIFIED.);
#716=B_SPLINE_CURVE_WITH_KNOTS('',3,(#6049,#6050,#6051,#6052,#6053,#6054,
#6055),.UNSPECIFIED.,.F.,.F.,(4,3,4),(-0.554730934524198,-0.237628084188007,
-0.00246752339907548),.UNSPECIFIED.);
#717=B_SPLINE_CURVE_WITH_KNOTS('',3,(#6059,#6060,#6061,#6062,#6063,#6064,
#6065,#6066,#6067,#6068),.UNSPECIFIED.,.F.,.F.,(4,3,3,4),(-1.5310989388687,
-1.22279544896931,-1.00124652100548,-0.936207965684442),.UNSPECIFIED.);
#718=B_SPLINE_CURVE_WITH_KNOTS('',3,(#6070,#6071,#6072,#6073),
 .UNSPECIFIED.,.F.,.F.,(4,4),(0.,0.0911852423018984),.UNSPECIFIED.);
#719=B_SPLINE_CURVE_WITH_KNOTS('',3,(#6075,#6076,#6077,#6078,#6079,#6080,
#6081),.UNSPECIFIED.,.F.,.F.,(4,3,4),(0.821131452356347,1.12459988339136,
1.33197889740209),.UNSPECIFIED.);
#720=B_SPLINE_CURVE_WITH_KNOTS('',3,(#6082,#6083,#6084,#6085),
 .UNSPECIFIED.,.F.,.F.,(4,4),(0.,0.0932822664309746),.UNSPECIFIED.);
#721=B_SPLINE_CURVE_WITH_KNOTS('',3,(#6088,#6089,#6090,#6091,#6092,#6093,
#6094,#6095,#6096,#6097),.UNSPECIFIED.,.F.,.F.,(4,3,3,4),(0.274430779661518,
0.469916071727159,0.667564322405594,0.822311215753901),.UNSPECIFIED.);
#722=B_SPLINE_CURVE_WITH_KNOTS('',3,(#6099,#6100,#6101,#6102),
 .UNSPECIFIED.,.F.,.F.,(4,4),(0.,0.092839465662592),.UNSPECIFIED.);
#723=B_SPLINE_CURVE_WITH_KNOTS('',3,(#6103,#6104,#6105,#6106,#6107,#6108,
#6109,#6110,#6111,#6112),.UNSPECIFIED.,.F.,.F.,(4,3,3,4),(-0.937328268083719,
-0.589682235357382,-0.359456802861552,-0.298306603675643),.UNSPECIFIED.);
#724=B_SPLINE_CURVE_WITH_KNOTS('',3,(#6115,#6116,#6117,#6118,#6119,#6120,
#6121,#6122,#6123,#6124),.UNSPECIFIED.,.F.,.F.,(4,3,3,4),(-0.272129148644571,
-0.0346067406326436,0.163043513130101,0.271851732693406),.UNSPECIFIED.);
#725=B_SPLINE_CURVE_WITH_KNOTS('',3,(#6126,#6127,#6128,#6129),
 .UNSPECIFIED.,.F.,.F.,(4,4),(0.000495588211661729,0.0937213789044561),
 .UNSPECIFIED.);
#726=B_SPLINE_CURVE_WITH_KNOTS('',3,(#6130,#6131,#6132,#6133,#6134,#6135,
#6136,#6137,#6138,#6139),.UNSPECIFIED.,.F.,.F.,(4,3,3,4),(-0.295879280413774,
-0.0280382660171181,0.2022218367485,0.338555542821682),.UNSPECIFIED.);
#727=B_SPLINE_CURVE_WITH_KNOTS('',3,(#6143,#6144,#6145,#6146),
 .UNSPECIFIED.,.F.,.F.,(4,4),(1.80014833678007,1.96443880534813),
 .UNSPECIFIED.);
#728=B_SPLINE_CURVE_WITH_KNOTS('',3,(#6148,#6149,#6150,#6151),
 .UNSPECIFIED.,.F.,.F.,(4,4),(0.,0.0921823016583788),.UNSPECIFIED.);
#729=B_SPLINE_CURVE_WITH_KNOTS('',3,(#6152,#6153,#6154,#6155,#6156,#6157,
#6158,#6159,#6160,#6161),.UNSPECIFIED.,.F.,.F.,(4,3,3,4),(-2.71685120577525,
-2.50019237859804,-2.2594146855873,-2.07874310063142),.UNSPECIFIED.);
#730=B_SPLINE_CURVE_WITH_KNOTS('',3,(#6162,#6163,#6164,#6165,#6166,#6167,
#6168,#6169,#6170,#6171),.UNSPECIFIED.,.F.,.F.,(4,3,3,4),(1.96443880534813,
2.1020314598341,2.31792695722801,2.34821397602494),.UNSPECIFIED.);
#731=B_SPLINE_CURVE_WITH_KNOTS('',3,(#6173,#6174,#6175,#6176,#6177,#6178,
#6179),.UNSPECIFIED.,.F.,.F.,(4,3,4),(-2.07930231992076,-1.76250087232269,
-1.52727981087815),.UNSPECIFIED.);
#732=B_SPLINE_CURVE_WITH_KNOTS('',3,(#6180,#6181,#6182,#6183,#6184,#6185,
#6186,#6187,#6188,#6189),.UNSPECIFIED.,.F.,.F.,(4,3,3,4),(1.32790643700279,
1.5925942827452,1.7898846897577,1.80074311860241),.UNSPECIFIED.);
#733=VERTEX_POINT('',#2789);
#734=VERTEX_POINT('',#2790);
#735=VERTEX_POINT('',#2799);
#736=VERTEX_POINT('',#2804);
#737=VERTEX_POINT('',#2806);
#738=VERTEX_POINT('',#2808);
#739=VERTEX_POINT('',#2813);
#740=VERTEX_POINT('',#2815);
#741=VERTEX_POINT('',#2906);
#742=VERTEX_POINT('',#2915);
#743=VERTEX_POINT('',#2920);
#744=VERTEX_POINT('',#2922);
#745=VERTEX_POINT('',#2924);
#746=VERTEX_POINT('',#2929);
#747=VERTEX_POINT('',#3017);
#748=VERTEX_POINT('',#3026);
#749=VERTEX_POINT('',#3031);
#750=VERTEX_POINT('',#3033);
#751=VERTEX_POINT('',#3035);
#752=VERTEX_POINT('',#3040);
#753=VERTEX_POINT('',#3048);
#754=VERTEX_POINT('',#3050);
#755=VERTEX_POINT('',#3052);
#756=VERTEX_POINT('',#3173);
#757=VERTEX_POINT('',#3174);
#758=VERTEX_POINT('',#3182);
#759=VERTEX_POINT('',#3187);
#760=VERTEX_POINT('',#3195);
#761=VERTEX_POINT('',#3200);
#762=VERTEX_POINT('',#3208);
#763=VERTEX_POINT('',#3216);
#764=VERTEX_POINT('',#3224);
#765=VERTEX_POINT('',#3232);
#766=VERTEX_POINT('',#3240);
#767=VERTEX_POINT('',#3251);
#768=VERTEX_POINT('',#3259);
#769=VERTEX_POINT('',#3267);
#770=VERTEX_POINT('',#3272);
#771=VERTEX_POINT('',#3280);
#772=VERTEX_POINT('',#3285);
#773=VERTEX_POINT('',#3293);
#774=VERTEX_POINT('',#3301);
#775=VERTEX_POINT('',#3306);
#776=VERTEX_POINT('',#3314);
#777=VERTEX_POINT('',#3426);
#778=VERTEX_POINT('',#3427);
#779=VERTEX_POINT('',#3433);
#780=VERTEX_POINT('',#3441);
#781=VERTEX_POINT('',#3449);
#782=VERTEX_POINT('',#3457);
#783=VERTEX_POINT('',#3465);
#784=VERTEX_POINT('',#3473);
#785=VERTEX_POINT('',#3485);
#786=VERTEX_POINT('',#3569);
#787=VERTEX_POINT('',#3570);
#788=VERTEX_POINT('',#3572);
#789=VERTEX_POINT('',#3576);
#790=VERTEX_POINT('',#3581);
#791=VERTEX_POINT('',#3595);
#792=VERTEX_POINT('',#3618);
#793=VERTEX_POINT('',#3619);
#794=VERTEX_POINT('',#3630);
#795=VERTEX_POINT('',#3644);
#796=VERTEX_POINT('',#3661);
#797=VERTEX_POINT('',#3682);
#798=VERTEX_POINT('',#3684);
#799=VERTEX_POINT('',#3686);
#800=VERTEX_POINT('',#3788);
#801=VERTEX_POINT('',#3794);
#802=VERTEX_POINT('',#3799);
#803=VERTEX_POINT('',#3807);
#804=VERTEX_POINT('',#3915);
#805=VERTEX_POINT('',#3919);
#806=VERTEX_POINT('',#3930);
#807=VERTEX_POINT('',#3938);
#808=VERTEX_POINT('',#3946);
#809=VERTEX_POINT('',#3957);
#810=VERTEX_POINT('',#3962);
#811=VERTEX_POINT('',#3973);
#812=VERTEX_POINT('',#4081);
#813=VERTEX_POINT('',#4082);
#814=VERTEX_POINT('',#4084);
#815=VERTEX_POINT('',#4095);
#816=VERTEX_POINT('',#4097);
#817=VERTEX_POINT('',#4102);
#818=VERTEX_POINT('',#4107);
#819=VERTEX_POINT('',#4118);
#820=VERTEX_POINT('',#4123);
#821=VERTEX_POINT('',#4134);
#822=VERTEX_POINT('',#4142);
#823=VERTEX_POINT('',#4153);
#824=VERTEX_POINT('',#4158);
#825=VERTEX_POINT('',#4169);
#826=VERTEX_POINT('',#4185);
#827=VERTEX_POINT('',#4186);
#828=VERTEX_POINT('',#4194);
#829=VERTEX_POINT('',#4202);
#830=VERTEX_POINT('',#4204);
#831=VERTEX_POINT('',#4206);
#832=VERTEX_POINT('',#4209);
#833=VERTEX_POINT('',#4217);
#834=VERTEX_POINT('',#4228);
#835=VERTEX_POINT('',#4239);
#836=VERTEX_POINT('',#4250);
#837=VERTEX_POINT('',#4370);
#838=VERTEX_POINT('',#4371);
#839=VERTEX_POINT('',#4373);
#840=VERTEX_POINT('',#4384);
#841=VERTEX_POINT('',#4407);
#842=VERTEX_POINT('',#4415);
#843=VERTEX_POINT('',#4426);
#844=VERTEX_POINT('',#4437);
#845=VERTEX_POINT('',#4442);
#846=VERTEX_POINT('',#4453);
#847=VERTEX_POINT('',#4458);
#848=VERTEX_POINT('',#4466);
#849=VERTEX_POINT('',#4476);
#850=VERTEX_POINT('',#4478);
#851=VERTEX_POINT('',#4496);
#852=VERTEX_POINT('',#4500);
#853=VERTEX_POINT('',#4502);
#854=VERTEX_POINT('',#4510);
#855=VERTEX_POINT('',#4514);
#856=VERTEX_POINT('',#4516);
#857=VERTEX_POINT('',#4518);
#858=VERTEX_POINT('',#4526);
#859=VERTEX_POINT('',#4539);
#860=VERTEX_POINT('',#4626);
#861=VERTEX_POINT('',#4720);
#862=VERTEX_POINT('',#4823);
#863=VERTEX_POINT('',#4824);
#864=VERTEX_POINT('',#4826);
#865=VERTEX_POINT('',#4828);
#866=VERTEX_POINT('',#4833);
#867=VERTEX_POINT('',#4837);
#868=VERTEX_POINT('',#4847);
#869=VERTEX_POINT('',#4848);
#870=VERTEX_POINT('',#4853);
#871=VERTEX_POINT('',#4855);
#872=VERTEX_POINT('',#4860);
#873=VERTEX_POINT('',#4870);
#874=VERTEX_POINT('',#4872);
#875=VERTEX_POINT('',#4874);
#876=VERTEX_POINT('',#4881);
#877=VERTEX_POINT('',#4882);
#878=VERTEX_POINT('',#4887);
#879=VERTEX_POINT('',#4901);
#880=VERTEX_POINT('',#4903);
#881=VERTEX_POINT('',#4910);
#882=VERTEX_POINT('',#4912);
#883=VERTEX_POINT('',#4914);
#884=VERTEX_POINT('',#4918);
#885=VERTEX_POINT('',#4919);
#886=VERTEX_POINT('',#4921);
#887=VERTEX_POINT('',#4926);
#888=VERTEX_POINT('',#4942);
#889=VERTEX_POINT('',#4949);
#890=VERTEX_POINT('',#4951);
#891=VERTEX_POINT('',#4963);
#892=VERTEX_POINT('',#4967);
#893=VERTEX_POINT('',#4968);
#894=VERTEX_POINT('',#5276);
#895=VERTEX_POINT('',#5278);
#896=VERTEX_POINT('',#5280);
#897=VERTEX_POINT('',#5296);
#898=VERTEX_POINT('',#5297);
#899=VERTEX_POINT('',#5300);
#900=VERTEX_POINT('',#5304);
#901=VERTEX_POINT('',#5322);
#902=VERTEX_POINT('',#5330);
#903=VERTEX_POINT('',#5332);
#904=VERTEX_POINT('',#5334);
#905=VERTEX_POINT('',#5342);
#906=VERTEX_POINT('',#5344);
#907=VERTEX_POINT('',#5352);
#908=VERTEX_POINT('',#5356);
#909=VERTEX_POINT('',#5372);
#910=VERTEX_POINT('',#5388);
#911=VERTEX_POINT('',#5393);
#912=VERTEX_POINT('',#5398);
#913=VERTEX_POINT('',#5402);
#914=VERTEX_POINT('',#5406);
#915=VERTEX_POINT('',#5408);
#916=VERTEX_POINT('',#5410);
#917=VERTEX_POINT('',#5414);
#918=VERTEX_POINT('',#5416);
#919=VERTEX_POINT('',#5420);
#920=VERTEX_POINT('',#5436);
#921=VERTEX_POINT('',#5441);
#922=VERTEX_POINT('',#5443);
#923=VERTEX_POINT('',#5447);
#924=VERTEX_POINT('',#5449);
#925=VERTEX_POINT('',#5453);
#926=VERTEX_POINT('',#5455);
#927=VERTEX_POINT('',#5470);
#928=VERTEX_POINT('',#5472);
#929=VERTEX_POINT('',#5480);
#930=VERTEX_POINT('',#5482);
#931=VERTEX_POINT('',#5490);
#932=VERTEX_POINT('',#5495);
#933=VERTEX_POINT('',#5503);
#934=VERTEX_POINT('',#5513);
#935=VERTEX_POINT('',#5515);
#936=VERTEX_POINT('',#5517);
#937=VERTEX_POINT('',#5521);
#938=VERTEX_POINT('',#5523);
#939=VERTEX_POINT('',#5529);
#940=VERTEX_POINT('',#5539);
#941=VERTEX_POINT('',#5544);
#942=VERTEX_POINT('',#5549);
#943=VERTEX_POINT('',#5576);
#944=VERTEX_POINT('',#5692);
#945=VERTEX_POINT('',#5693);
#946=VERTEX_POINT('',#5701);
#947=VERTEX_POINT('',#5715);
#948=VERTEX_POINT('',#5721);
#949=VERTEX_POINT('',#5738);
#950=VERTEX_POINT('',#5832);
#951=VERTEX_POINT('',#5833);
#952=VERTEX_POINT('',#5850);
#953=VERTEX_POINT('',#5871);
#954=VERTEX_POINT('',#5877);
#955=VERTEX_POINT('',#5888);
#956=VERTEX_POINT('',#5910);
#957=VERTEX_POINT('',#5914);
#958=VERTEX_POINT('',#5918);
#959=VERTEX_POINT('',#5919);
#960=VERTEX_POINT('',#5927);
#961=VERTEX_POINT('',#5932);
#962=VERTEX_POINT('',#5948);
#963=VERTEX_POINT('',#5949);
#964=VERTEX_POINT('',#5964);
#965=VERTEX_POINT('',#5980);
#966=VERTEX_POINT('',#5988);
#967=VERTEX_POINT('',#5999);
#968=VERTEX_POINT('',#6012);
#969=VERTEX_POINT('',#6023);
#970=VERTEX_POINT('',#6057);
#971=VERTEX_POINT('',#6058);
#972=VERTEX_POINT('',#6069);
#973=VERTEX_POINT('',#6074);
#974=VERTEX_POINT('',#6087);
#975=VERTEX_POINT('',#6098);
#976=VERTEX_POINT('',#6114);
#977=VERTEX_POINT('',#6125);
#978=VERTEX_POINT('',#6141);
#979=VERTEX_POINT('',#6142);
#980=VERTEX_POINT('',#6147);
#981=EDGE_CURVE('',#733,#734,#529,.T.);
#982=EDGE_CURVE('',#735,#733,#530,.T.);
#983=EDGE_CURVE('',#735,#736,#496,.T.);
#984=EDGE_CURVE('',#736,#737,#356,.T.);
#985=EDGE_CURVE('',#737,#738,#531,.T.);
#986=EDGE_CURVE('',#738,#739,#357,.T.);
#987=EDGE_CURVE('',#739,#740,#532,.T.);
#988=EDGE_CURVE('',#740,#734,#533,.T.);
#989=EDGE_CURVE('',#741,#733,#534,.T.);
#990=EDGE_CURVE('',#742,#741,#535,.T.);
#991=EDGE_CURVE('',#742,#743,#497,.T.);
#992=EDGE_CURVE('',#743,#744,#358,.T.);
#993=EDGE_CURVE('',#744,#745,#536,.T.);
#994=EDGE_CURVE('',#745,#746,#359,.T.);
#995=EDGE_CURVE('',#746,#735,#537,.T.);
#996=EDGE_CURVE('',#747,#741,#538,.T.);
#997=EDGE_CURVE('',#748,#747,#539,.T.);
#998=EDGE_CURVE('',#748,#749,#498,.T.);
#999=EDGE_CURVE('',#749,#750,#360,.T.);
#1000=EDGE_CURVE('',#750,#751,#540,.T.);
#1001=EDGE_CURVE('',#751,#752,#361,.T.);
#1002=EDGE_CURVE('',#752,#742,#541,.T.);
#1003=EDGE_CURVE('',#753,#747,#499,.T.);
#1004=EDGE_CURVE('',#753,#754,#362,.T.);
#1005=EDGE_CURVE('',#754,#755,#542,.T.);
#1006=EDGE_CURVE('',#755,#748,#28,.T.);
#1007=EDGE_CURVE('',#756,#757,#543,.T.);
#1008=EDGE_CURVE('',#758,#756,#544,.T.);
#1009=EDGE_CURVE('',#759,#758,#545,.T.);
#1010=EDGE_CURVE('',#760,#759,#546,.T.);
#1011=EDGE_CURVE('',#761,#760,#547,.T.);
#1012=EDGE_CURVE('',#762,#761,#548,.T.);
#1013=EDGE_CURVE('',#763,#762,#549,.T.);
#1014=EDGE_CURVE('',#764,#763,#550,.T.);
#1015=EDGE_CURVE('',#765,#764,#551,.T.);
#1016=EDGE_CURVE('',#765,#766,#552,.T.);
#1017=EDGE_CURVE('',#767,#766,#553,.T.);
#1018=EDGE_CURVE('',#768,#767,#554,.T.);
#1019=EDGE_CURVE('',#769,#768,#555,.T.);
#1020=EDGE_CURVE('',#770,#769,#556,.T.);
#1021=EDGE_CURVE('',#771,#770,#557,.T.);
#1022=EDGE_CURVE('',#772,#771,#558,.T.);
#1023=EDGE_CURVE('',#773,#772,#559,.T.);
#1024=EDGE_CURVE('',#774,#773,#560,.T.);
#1025=EDGE_CURVE('',#775,#774,#561,.T.);
#1026=EDGE_CURVE('',#776,#775,#562,.T.);
#1027=EDGE_CURVE('',#766,#776,#563,.T.);
#1028=EDGE_CURVE('',#757,#765,#564,.T.);
#1029=EDGE_CURVE('',#777,#778,#22,.T.);
#1030=EDGE_CURVE('',#779,#777,#565,.T.);
#1031=EDGE_CURVE('',#780,#779,#566,.T.);
#1032=EDGE_CURVE('',#781,#780,#567,.T.);
#1033=EDGE_CURVE('',#782,#781,#568,.T.);
#1034=EDGE_CURVE('',#783,#782,#569,.T.);
#1035=EDGE_CURVE('',#784,#783,#570,.T.);
#1036=EDGE_CURVE('',#777,#784,#571,.T.);
#1037=EDGE_CURVE('',#785,#778,#29,.T.);
#1038=EDGE_CURVE('',#778,#785,#30,.T.);
#1039=EDGE_CURVE('',#786,#787,#31,.T.);
#1040=EDGE_CURVE('',#788,#786,#23,.T.);
#1041=EDGE_CURVE('',#789,#788,#572,.T.);
#1042=EDGE_CURVE('',#790,#789,#573,.T.);
#1043=EDGE_CURVE('',#791,#790,#574,.T.);
#1044=EDGE_CURVE('',#788,#791,#575,.T.);
#1045=EDGE_CURVE('',#787,#786,#32,.T.);
#1046=EDGE_CURVE('',#792,#793,#576,.T.);
#1047=EDGE_CURVE('',#794,#792,#577,.T.);
#1048=EDGE_CURVE('',#795,#794,#578,.T.);
#1049=EDGE_CURVE('',#796,#795,#579,.T.);
#1050=EDGE_CURVE('',#793,#796,#580,.T.);
#1051=EDGE_CURVE('',#793,#797,#363,.T.);
#1052=EDGE_CURVE('',#798,#797,#33,.T.);
#1053=EDGE_CURVE('',#799,#798,#34,.T.);
#1054=EDGE_CURVE('',#797,#799,#35,.T.);
#1055=EDGE_CURVE('',#800,#787,#24,.T.);
#1056=EDGE_CURVE('',#801,#800,#581,.T.);
#1057=EDGE_CURVE('',#802,#801,#582,.T.);
#1058=EDGE_CURVE('',#803,#802,#583,.T.);
#1059=EDGE_CURVE('',#800,#803,#584,.T.);
#1060=EDGE_CURVE('',#804,#785,#25,.T.);
#1061=EDGE_CURVE('',#805,#804,#585,.T.);
#1062=EDGE_CURVE('',#806,#805,#586,.T.);
#1063=EDGE_CURVE('',#807,#806,#587,.T.);
#1064=EDGE_CURVE('',#808,#807,#588,.T.);
#1065=EDGE_CURVE('',#809,#808,#589,.T.);
#1066=EDGE_CURVE('',#810,#809,#590,.T.);
#1067=EDGE_CURVE('',#811,#810,#591,.T.);
#1068=EDGE_CURVE('',#804,#811,#592,.T.);
#1069=EDGE_CURVE('',#812,#813,#36,.T.);
#1070=EDGE_CURVE('',#814,#812,#37,.T.);
#1071=EDGE_CURVE('',#813,#814,#38,.T.);
#1072=EDGE_CURVE('',#813,#799,#593,.T.);
#1073=EDGE_CURVE('',#814,#815,#364,.T.);
#1074=EDGE_CURVE('',#816,#815,#594,.T.);
#1075=EDGE_CURVE('',#817,#816,#595,.T.);
#1076=EDGE_CURVE('',#818,#817,#596,.T.);
#1077=EDGE_CURVE('',#819,#818,#597,.T.);
#1078=EDGE_CURVE('',#820,#819,#598,.T.);
#1079=EDGE_CURVE('',#821,#820,#599,.T.);
#1080=EDGE_CURVE('',#822,#821,#600,.T.);
#1081=EDGE_CURVE('',#823,#822,#601,.T.);
#1082=EDGE_CURVE('',#824,#823,#602,.T.);
#1083=EDGE_CURVE('',#825,#824,#603,.T.);
#1084=EDGE_CURVE('',#815,#825,#604,.T.);
#1085=EDGE_CURVE('',#826,#827,#605,.T.);
#1086=EDGE_CURVE('',#828,#826,#606,.T.);
#1087=EDGE_CURVE('',#828,#829,#365,.T.);
#1088=EDGE_CURVE('',#830,#829,#39,.T.);
#1089=EDGE_CURVE('',#831,#830,#40,.T.);
#1090=EDGE_CURVE('',#829,#831,#41,.T.);
#1091=EDGE_CURVE('',#832,#828,#607,.T.);
#1092=EDGE_CURVE('',#833,#832,#608,.T.);
#1093=EDGE_CURVE('',#834,#833,#609,.T.);
#1094=EDGE_CURVE('',#835,#834,#610,.T.);
#1095=EDGE_CURVE('',#836,#835,#611,.T.);
#1096=EDGE_CURVE('',#827,#836,#612,.T.);
#1097=EDGE_CURVE('',#837,#838,#42,.T.);
#1098=EDGE_CURVE('',#839,#837,#43,.T.);
#1099=EDGE_CURVE('',#838,#839,#44,.T.);
#1100=EDGE_CURVE('',#838,#831,#613,.T.);
#1101=EDGE_CURVE('',#839,#840,#366,.T.);
#1102=EDGE_CURVE('',#738,#840,#614,.T.);
#1103=EDGE_CURVE('',#745,#737,#615,.T.);
#1104=EDGE_CURVE('',#751,#744,#616,.T.);
#1105=EDGE_CURVE('',#841,#750,#617,.T.);
#1106=EDGE_CURVE('',#842,#841,#618,.T.);
#1107=EDGE_CURVE('',#843,#842,#619,.T.);
#1108=EDGE_CURVE('',#844,#843,#620,.T.);
#1109=EDGE_CURVE('',#845,#844,#621,.T.);
#1110=EDGE_CURVE('',#846,#845,#622,.T.);
#1111=EDGE_CURVE('',#847,#846,#623,.T.);
#1112=EDGE_CURVE('',#848,#847,#624,.T.);
#1113=EDGE_CURVE('',#840,#848,#625,.T.);
#1114=EDGE_CURVE('',#849,#842,#367,.T.);
#1115=EDGE_CURVE('',#850,#849,#626,.T.);
#1116=EDGE_CURVE('',#851,#850,#368,.T.);
#1117=EDGE_CURVE('',#843,#851,#369,.T.);
#1118=EDGE_CURVE('',#852,#844,#370,.T.);
#1119=EDGE_CURVE('',#853,#852,#627,.T.);
#1120=EDGE_CURVE('',#854,#853,#500,.T.);
#1121=EDGE_CURVE('',#845,#854,#371,.T.);
#1122=EDGE_CURVE('',#855,#846,#372,.T.);
#1123=EDGE_CURVE('',#856,#855,#501,.T.);
#1124=EDGE_CURVE('',#857,#856,#628,.T.);
#1125=EDGE_CURVE('',#847,#857,#373,.T.);
#1126=EDGE_CURVE('',#858,#848,#374,.T.);
#1127=EDGE_CURVE('',#740,#858,#502,.T.);
#1128=EDGE_CURVE('',#841,#755,#629,.T.);
#1129=EDGE_CURVE('',#849,#754,#45,.T.);
#1130=EDGE_CURVE('',#859,#753,#46,.T.);
#1131=EDGE_CURVE('',#850,#859,#630,.T.);
#1132=EDGE_CURVE('',#860,#859,#631,.T.);
#1133=EDGE_CURVE('',#853,#860,#632,.T.);
#1134=EDGE_CURVE('',#861,#860,#633,.T.);
#1135=EDGE_CURVE('',#856,#861,#634,.T.);
#1136=EDGE_CURVE('',#734,#861,#635,.T.);
#1137=EDGE_CURVE('',#862,#863,#375,.T.);
#1138=EDGE_CURVE('',#864,#862,#503,.T.);
#1139=EDGE_CURVE('',#865,#864,#636,.T.);
#1140=EDGE_CURVE('',#866,#865,#637,.T.);
#1141=EDGE_CURVE('',#867,#866,#504,.T.);
#1142=EDGE_CURVE('',#863,#867,#638,.T.);
#1143=EDGE_CURVE('',#868,#869,#639,.T.);
#1144=EDGE_CURVE('',#870,#868,#47,.T.);
#1145=EDGE_CURVE('',#871,#870,#640,.T.);
#1146=EDGE_CURVE('',#872,#871,#505,.T.);
#1147=EDGE_CURVE('',#869,#872,#641,.T.);
#1148=EDGE_CURVE('',#873,#869,#48,.T.);
#1149=EDGE_CURVE('',#874,#873,#506,.T.);
#1150=EDGE_CURVE('',#875,#874,#642,.T.);
#1151=EDGE_CURVE('',#868,#875,#507,.T.);
#1152=EDGE_CURVE('',#876,#877,#643,.T.);
#1153=EDGE_CURVE('',#878,#876,#644,.T.);
#1154=EDGE_CURVE('',#879,#878,#49,.T.);
#1155=EDGE_CURVE('',#880,#879,#645,.T.);
#1156=EDGE_CURVE('',#877,#880,#508,.T.);
#1157=EDGE_CURVE('',#881,#879,#50,.T.);
#1158=EDGE_CURVE('',#882,#881,#509,.T.);
#1159=EDGE_CURVE('',#883,#882,#376,.T.);
#1160=EDGE_CURVE('',#880,#883,#510,.T.);
#1161=EDGE_CURVE('',#884,#885,#51,.T.);
#1162=EDGE_CURVE('',#886,#884,#646,.T.);
#1163=EDGE_CURVE('',#887,#886,#647,.T.);
#1164=EDGE_CURVE('',#888,#887,#648,.T.);
#1165=EDGE_CURVE('',#885,#888,#377,.T.);
#1166=EDGE_CURVE('',#885,#889,#511,.T.);
#1167=EDGE_CURVE('',#890,#888,#649,.T.);
#1168=EDGE_CURVE('',#760,#890,#650,.T.);
#1169=EDGE_CURVE('',#891,#759,#378,.T.);
#1170=EDGE_CURVE('',#889,#891,#379,.T.);
#1171=EDGE_CURVE('',#892,#893,#651,.T.);
#1172=EDGE_CURVE('',#889,#892,#512,.T.);
#1173=EDGE_CURVE('',#893,#891,#652,.T.);
#1174=EDGE_CURVE('',#892,#864,#513,.T.);
#1175=EDGE_CURVE('',#865,#893,#514,.T.);
#1176=EDGE_CURVE('',#867,#756,#653,.T.);
#1177=EDGE_CURVE('',#758,#866,#380,.T.);
#1178=EDGE_CURVE('',#872,#757,#381,.T.);
#1179=EDGE_CURVE('',#862,#870,#654,.T.);
#1180=EDGE_CURVE('',#873,#764,#382,.T.);
#1181=EDGE_CURVE('',#878,#763,#383,.T.);
#1182=EDGE_CURVE('',#875,#877,#655,.T.);
#1183=EDGE_CURVE('',#881,#762,#384,.T.);
#1184=EDGE_CURVE('',#887,#761,#385,.T.);
#1185=EDGE_CURVE('',#883,#884,#656,.T.);
#1186=EDGE_CURVE('',#775,#894,#386,.T.);
#1187=EDGE_CURVE('',#895,#774,#387,.T.);
#1188=EDGE_CURVE('',#896,#895,#657,.T.);
#1189=EDGE_CURVE('',#894,#896,#515,.T.);
#1190=EDGE_CURVE('',#897,#898,#52,.T.);
#1191=EDGE_CURVE('',#767,#897,#388,.T.);
#1192=EDGE_CURVE('',#899,#776,#389,.T.);
#1193=EDGE_CURVE('',#898,#899,#516,.T.);
#1194=EDGE_CURVE('',#900,#897,#658,.T.);
#1195=EDGE_CURVE('',#901,#900,#659,.T.);
#1196=EDGE_CURVE('',#768,#901,#390,.T.);
#1197=EDGE_CURVE('',#902,#769,#391,.T.);
#1198=EDGE_CURVE('',#903,#902,#517,.T.);
#1199=EDGE_CURVE('',#904,#903,#660,.T.);
#1200=EDGE_CURVE('',#770,#904,#392,.T.);
#1201=EDGE_CURVE('',#905,#771,#393,.T.);
#1202=EDGE_CURVE('',#906,#905,#661,.T.);
#1203=EDGE_CURVE('',#907,#906,#53,.T.);
#1204=EDGE_CURVE('',#772,#907,#394,.T.);
#1205=EDGE_CURVE('',#908,#907,#662,.T.);
#1206=EDGE_CURVE('',#773,#908,#395,.T.);
#1207=EDGE_CURVE('',#909,#908,#518,.T.);
#1208=EDGE_CURVE('',#895,#909,#519,.T.);
#1209=EDGE_CURVE('',#898,#784,#396,.T.);
#1210=EDGE_CURVE('',#779,#896,#397,.T.);
#1211=EDGE_CURVE('',#900,#783,#398,.T.);
#1212=EDGE_CURVE('',#903,#782,#399,.T.);
#1213=EDGE_CURVE('',#906,#781,#400,.T.);
#1214=EDGE_CURVE('',#909,#780,#401,.T.);
#1215=EDGE_CURVE('',#807,#910,#663,.T.);
#1216=EDGE_CURVE('',#911,#806,#664,.T.);
#1217=EDGE_CURVE('',#912,#911,#54,.T.);
#1218=EDGE_CURVE('',#910,#912,#520,.T.);
#1219=EDGE_CURVE('',#913,#910,#521,.T.);
#1220=EDGE_CURVE('',#808,#913,#402,.T.);
#1221=EDGE_CURVE('',#914,#809,#403,.T.);
#1222=EDGE_CURVE('',#915,#914,#522,.T.);
#1223=EDGE_CURVE('',#916,#915,#523,.T.);
#1224=EDGE_CURVE('',#810,#916,#404,.T.);
#1225=EDGE_CURVE('',#917,#811,#405,.T.);
#1226=EDGE_CURVE('',#918,#917,#524,.T.);
#1227=EDGE_CURVE('',#805,#918,#406,.T.);
#1228=EDGE_CURVE('',#919,#918,#525,.T.);
#1229=EDGE_CURVE('',#911,#919,#55,.T.);
#1230=EDGE_CURVE('',#915,#803,#665,.T.);
#1231=EDGE_CURVE('',#801,#912,#666,.T.);
#1232=EDGE_CURVE('',#919,#802,#407,.T.);
#1233=EDGE_CURVE('',#920,#790,#667,.T.);
#1234=EDGE_CURVE('',#921,#920,#56,.T.);
#1235=EDGE_CURVE('',#922,#921,#57,.T.);
#1236=EDGE_CURVE('',#791,#922,#408,.T.);
#1237=EDGE_CURVE('',#923,#922,#58,.T.);
#1238=EDGE_CURVE('',#924,#923,#59,.T.);
#1239=EDGE_CURVE('',#789,#924,#409,.T.);
#1240=EDGE_CURVE('',#925,#924,#60,.T.);
#1241=EDGE_CURVE('',#926,#925,#61,.T.);
#1242=EDGE_CURVE('',#920,#926,#62,.T.);
#1243=EDGE_CURVE('',#796,#926,#410,.T.);
#1244=EDGE_CURVE('',#921,#795,#411,.T.);
#1245=EDGE_CURVE('',#923,#794,#412,.T.);
#1246=EDGE_CURVE('',#925,#792,#668,.T.);
#1247=EDGE_CURVE('',#927,#821,#413,.T.);
#1248=EDGE_CURVE('',#928,#927,#669,.T.);
#1249=EDGE_CURVE('',#929,#928,#526,.T.);
#1250=EDGE_CURVE('',#930,#929,#670,.T.);
#1251=EDGE_CURVE('',#822,#930,#414,.T.);
#1252=EDGE_CURVE('',#931,#823,#671,.T.);
#1253=EDGE_CURVE('',#932,#931,#672,.T.);
#1254=EDGE_CURVE('',#933,#932,#673,.T.);
#1255=EDGE_CURVE('',#824,#933,#415,.T.);
#1256=EDGE_CURVE('',#934,#825,#416,.T.);
#1257=EDGE_CURVE('',#935,#934,#527,.T.);
#1258=EDGE_CURVE('',#936,#935,#528,.T.);
#1259=EDGE_CURVE('',#816,#936,#417,.T.);
#1260=EDGE_CURVE('',#937,#817,#418,.T.);
#1261=EDGE_CURVE('',#938,#937,#674,.T.);
#1262=EDGE_CURVE('',#939,#938,#675,.T.);
#1263=EDGE_CURVE('',#818,#939,#419,.T.);
#1264=EDGE_CURVE('',#820,#940,#676,.T.);
#1265=EDGE_CURVE('',#941,#819,#677,.T.);
#1266=EDGE_CURVE('',#942,#941,#678,.T.);
#1267=EDGE_CURVE('',#940,#942,#679,.T.);
#1268=EDGE_CURVE('',#943,#940,#680,.T.);
#1269=EDGE_CURVE('',#927,#943,#681,.T.);
#1270=EDGE_CURVE('',#929,#827,#682,.T.);
#1271=EDGE_CURVE('',#826,#928,#683,.T.);
#1272=EDGE_CURVE('',#932,#836,#684,.T.);
#1273=EDGE_CURVE('',#935,#835,#685,.T.);
#1274=EDGE_CURVE('',#938,#834,#686,.T.);
#1275=EDGE_CURVE('',#942,#833,#420,.T.);
#1276=EDGE_CURVE('',#943,#832,#687,.T.);
#1277=EDGE_CURVE('',#944,#945,#688,.T.);
#1278=EDGE_CURVE('',#946,#944,#689,.T.);
#1279=EDGE_CURVE('',#946,#947,#26,.T.);
#1280=EDGE_CURVE('',#948,#947,#690,.T.);
#1281=EDGE_CURVE('',#949,#948,#691,.T.);
#1282=EDGE_CURVE('',#947,#949,#692,.T.);
#1283=EDGE_CURVE('',#945,#946,#693,.T.);
#1284=EDGE_CURVE('',#950,#951,#694,.T.);
#1285=EDGE_CURVE('',#952,#950,#695,.T.);
#1286=EDGE_CURVE('',#951,#952,#696,.T.);
#1287=EDGE_CURVE('',#951,#953,#27,.T.);
#1288=EDGE_CURVE('',#954,#953,#697,.T.);
#1289=EDGE_CURVE('',#955,#954,#698,.T.);
#1290=EDGE_CURVE('',#953,#955,#699,.T.);
#1291=EDGE_CURVE('',#952,#956,#421,.T.);
#1292=EDGE_CURVE('',#956,#956,#63,.T.);
#1293=EDGE_CURVE('',#957,#957,#64,.T.);
#1294=EDGE_CURVE('',#957,#949,#422,.T.);
#1295=EDGE_CURVE('',#958,#959,#700,.T.);
#1296=EDGE_CURVE('',#960,#958,#701,.T.);
#1297=EDGE_CURVE('',#961,#960,#702,.T.);
#1298=EDGE_CURVE('',#959,#961,#703,.T.);
#1299=EDGE_CURVE('',#962,#963,#704,.T.);
#1300=EDGE_CURVE('',#960,#962,#705,.T.);
#1301=EDGE_CURVE('',#964,#958,#706,.T.);
#1302=EDGE_CURVE('',#963,#964,#707,.T.);
#1303=EDGE_CURVE('',#962,#965,#708,.T.);
#1304=EDGE_CURVE('',#966,#963,#709,.T.);
#1305=EDGE_CURVE('',#967,#966,#710,.T.);
#1306=EDGE_CURVE('',#965,#967,#711,.T.);
#1307=EDGE_CURVE('',#968,#966,#712,.T.);
#1308=EDGE_CURVE('',#969,#968,#713,.T.);
#1309=EDGE_CURVE('',#967,#969,#714,.T.);
#1310=EDGE_CURVE('',#959,#968,#715,.T.);
#1311=EDGE_CURVE('',#969,#961,#716,.T.);
#1312=EDGE_CURVE('',#970,#971,#717,.T.);
#1313=EDGE_CURVE('',#972,#970,#718,.T.);
#1314=EDGE_CURVE('',#973,#972,#719,.T.);
#1315=EDGE_CURVE('',#971,#973,#720,.T.);
#1316=EDGE_CURVE('',#974,#973,#721,.T.);
#1317=EDGE_CURVE('',#975,#974,#722,.T.);
#1318=EDGE_CURVE('',#971,#975,#723,.T.);
#1319=EDGE_CURVE('',#976,#974,#724,.T.);
#1320=EDGE_CURVE('',#977,#976,#725,.T.);
#1321=EDGE_CURVE('',#975,#977,#726,.T.);
#1322=EDGE_CURVE('',#978,#979,#727,.T.);
#1323=EDGE_CURVE('',#980,#978,#728,.T.);
#1324=EDGE_CURVE('',#977,#980,#729,.T.);
#1325=EDGE_CURVE('',#979,#976,#730,.T.);
#1326=EDGE_CURVE('',#980,#970,#731,.T.);
#1327=EDGE_CURVE('',#972,#978,#732,.T.);
#1328=EDGE_CURVE('',#945,#965,#423,.T.);
#1329=EDGE_CURVE('',#970,#954,#424,.T.);
#1330=EDGE_CURVE('',#964,#979,#425,.T.);
#1331=ORIENTED_EDGE('',*,*,#981,.F.);
#1332=ORIENTED_EDGE('',*,*,#982,.F.);
#1333=ORIENTED_EDGE('',*,*,#983,.T.);
#1334=ORIENTED_EDGE('',*,*,#984,.T.);
#1335=ORIENTED_EDGE('',*,*,#985,.T.);
#1336=ORIENTED_EDGE('',*,*,#986,.T.);
#1337=ORIENTED_EDGE('',*,*,#987,.T.);
#1338=ORIENTED_EDGE('',*,*,#988,.T.);
#1339=ORIENTED_EDGE('',*,*,#989,.F.);
#1340=ORIENTED_EDGE('',*,*,#990,.F.);
#1341=ORIENTED_EDGE('',*,*,#991,.T.);
#1342=ORIENTED_EDGE('',*,*,#992,.T.);
#1343=ORIENTED_EDGE('',*,*,#993,.T.);
#1344=ORIENTED_EDGE('',*,*,#994,.T.);
#1345=ORIENTED_EDGE('',*,*,#995,.T.);
#1346=ORIENTED_EDGE('',*,*,#982,.T.);
#1347=ORIENTED_EDGE('',*,*,#996,.F.);
#1348=ORIENTED_EDGE('',*,*,#997,.F.);
#1349=ORIENTED_EDGE('',*,*,#998,.T.);
#1350=ORIENTED_EDGE('',*,*,#999,.T.);
#1351=ORIENTED_EDGE('',*,*,#1000,.T.);
#1352=ORIENTED_EDGE('',*,*,#1001,.T.);
#1353=ORIENTED_EDGE('',*,*,#1002,.T.);
#1354=ORIENTED_EDGE('',*,*,#990,.T.);
#1355=ORIENTED_EDGE('',*,*,#1003,.F.);
#1356=ORIENTED_EDGE('',*,*,#1004,.T.);
#1357=ORIENTED_EDGE('',*,*,#1005,.T.);
#1358=ORIENTED_EDGE('',*,*,#1006,.T.);
#1359=ORIENTED_EDGE('',*,*,#997,.T.);
#1360=ORIENTED_EDGE('',*,*,#1007,.F.);
#1361=ORIENTED_EDGE('',*,*,#1008,.F.);
#1362=ORIENTED_EDGE('',*,*,#1009,.F.);
#1363=ORIENTED_EDGE('',*,*,#1010,.F.);
#1364=ORIENTED_EDGE('',*,*,#1011,.F.);
#1365=ORIENTED_EDGE('',*,*,#1012,.F.);
#1366=ORIENTED_EDGE('',*,*,#1013,.F.);
#1367=ORIENTED_EDGE('',*,*,#1014,.F.);
#1368=ORIENTED_EDGE('',*,*,#1015,.F.);
#1369=ORIENTED_EDGE('',*,*,#1016,.T.);
#1370=ORIENTED_EDGE('',*,*,#1017,.F.);
#1371=ORIENTED_EDGE('',*,*,#1018,.F.);
#1372=ORIENTED_EDGE('',*,*,#1019,.F.);
#1373=ORIENTED_EDGE('',*,*,#1020,.F.);
#1374=ORIENTED_EDGE('',*,*,#1021,.F.);
#1375=ORIENTED_EDGE('',*,*,#1022,.F.);
#1376=ORIENTED_EDGE('',*,*,#1023,.F.);
#1377=ORIENTED_EDGE('',*,*,#1024,.F.);
#1378=ORIENTED_EDGE('',*,*,#1025,.F.);
#1379=ORIENTED_EDGE('',*,*,#1026,.F.);
#1380=ORIENTED_EDGE('',*,*,#1027,.F.);
#1381=ORIENTED_EDGE('',*,*,#1016,.F.);
#1382=ORIENTED_EDGE('',*,*,#1028,.F.);
#1383=ORIENTED_EDGE('',*,*,#1029,.F.);
#1384=ORIENTED_EDGE('',*,*,#1030,.F.);
#1385=ORIENTED_EDGE('',*,*,#1031,.F.);
#1386=ORIENTED_EDGE('',*,*,#1032,.F.);
#1387=ORIENTED_EDGE('',*,*,#1033,.F.);
#1388=ORIENTED_EDGE('',*,*,#1034,.F.);
#1389=ORIENTED_EDGE('',*,*,#1035,.F.);
#1390=ORIENTED_EDGE('',*,*,#1036,.F.);
#1391=ORIENTED_EDGE('',*,*,#1029,.T.);
#1392=ORIENTED_EDGE('',*,*,#1037,.F.);
#1393=ORIENTED_EDGE('',*,*,#1038,.F.);
#1394=ORIENTED_EDGE('',*,*,#1039,.F.);
#1395=ORIENTED_EDGE('',*,*,#1040,.F.);
#1396=ORIENTED_EDGE('',*,*,#1041,.F.);
#1397=ORIENTED_EDGE('',*,*,#1042,.F.);
#1398=ORIENTED_EDGE('',*,*,#1043,.F.);
#1399=ORIENTED_EDGE('',*,*,#1044,.F.);
#1400=ORIENTED_EDGE('',*,*,#1040,.T.);
#1401=ORIENTED_EDGE('',*,*,#1045,.F.);
#1402=ORIENTED_EDGE('',*,*,#1046,.F.);
#1403=ORIENTED_EDGE('',*,*,#1047,.F.);
#1404=ORIENTED_EDGE('',*,*,#1048,.F.);
#1405=ORIENTED_EDGE('',*,*,#1049,.F.);
#1406=ORIENTED_EDGE('',*,*,#1050,.F.);
#1407=ORIENTED_EDGE('',*,*,#1051,.T.);
#1408=ORIENTED_EDGE('',*,*,#1052,.F.);
#1409=ORIENTED_EDGE('',*,*,#1053,.F.);
#1410=ORIENTED_EDGE('',*,*,#1054,.F.);
#1411=ORIENTED_EDGE('',*,*,#1051,.F.);
#1412=ORIENTED_EDGE('',*,*,#1055,.F.);
#1413=ORIENTED_EDGE('',*,*,#1056,.F.);
#1414=ORIENTED_EDGE('',*,*,#1057,.F.);
#1415=ORIENTED_EDGE('',*,*,#1058,.F.);
#1416=ORIENTED_EDGE('',*,*,#1059,.F.);
#1417=ORIENTED_EDGE('',*,*,#1055,.T.);
#1418=ORIENTED_EDGE('',*,*,#1045,.T.);
#1419=ORIENTED_EDGE('',*,*,#1039,.T.);
#1420=ORIENTED_EDGE('',*,*,#1038,.T.);
#1421=ORIENTED_EDGE('',*,*,#1060,.F.);
#1422=ORIENTED_EDGE('',*,*,#1061,.F.);
#1423=ORIENTED_EDGE('',*,*,#1062,.F.);
#1424=ORIENTED_EDGE('',*,*,#1063,.F.);
#1425=ORIENTED_EDGE('',*,*,#1064,.F.);
#1426=ORIENTED_EDGE('',*,*,#1065,.F.);
#1427=ORIENTED_EDGE('',*,*,#1066,.F.);
#1428=ORIENTED_EDGE('',*,*,#1067,.F.);
#1429=ORIENTED_EDGE('',*,*,#1068,.F.);
#1430=ORIENTED_EDGE('',*,*,#1060,.T.);
#1431=ORIENTED_EDGE('',*,*,#1037,.T.);
#1432=ORIENTED_EDGE('',*,*,#1069,.F.);
#1433=ORIENTED_EDGE('',*,*,#1070,.F.);
#1434=ORIENTED_EDGE('',*,*,#1071,.F.);
#1435=ORIENTED_EDGE('',*,*,#1072,.T.);
#1436=ORIENTED_EDGE('',*,*,#1053,.T.);
#1437=ORIENTED_EDGE('',*,*,#1052,.T.);
#1438=ORIENTED_EDGE('',*,*,#1054,.T.);
#1439=ORIENTED_EDGE('',*,*,#1072,.F.);
#1440=ORIENTED_EDGE('',*,*,#1069,.T.);
#1441=ORIENTED_EDGE('',*,*,#1071,.T.);
#1442=ORIENTED_EDGE('',*,*,#1073,.T.);
#1443=ORIENTED_EDGE('',*,*,#1074,.F.);
#1444=ORIENTED_EDGE('',*,*,#1075,.F.);
#1445=ORIENTED_EDGE('',*,*,#1076,.F.);
#1446=ORIENTED_EDGE('',*,*,#1077,.F.);
#1447=ORIENTED_EDGE('',*,*,#1078,.F.);
#1448=ORIENTED_EDGE('',*,*,#1079,.F.);
#1449=ORIENTED_EDGE('',*,*,#1080,.F.);
#1450=ORIENTED_EDGE('',*,*,#1081,.F.);
#1451=ORIENTED_EDGE('',*,*,#1082,.F.);
#1452=ORIENTED_EDGE('',*,*,#1083,.F.);
#1453=ORIENTED_EDGE('',*,*,#1084,.F.);
#1454=ORIENTED_EDGE('',*,*,#1073,.F.);
#1455=ORIENTED_EDGE('',*,*,#1070,.T.);
#1456=ORIENTED_EDGE('',*,*,#1085,.F.);
#1457=ORIENTED_EDGE('',*,*,#1086,.F.);
#1458=ORIENTED_EDGE('',*,*,#1087,.T.);
#1459=ORIENTED_EDGE('',*,*,#1088,.F.);
#1460=ORIENTED_EDGE('',*,*,#1089,.F.);
#1461=ORIENTED_EDGE('',*,*,#1090,.F.);
#1462=ORIENTED_EDGE('',*,*,#1087,.F.);
#1463=ORIENTED_EDGE('',*,*,#1091,.F.);
#1464=ORIENTED_EDGE('',*,*,#1092,.F.);
#1465=ORIENTED_EDGE('',*,*,#1093,.F.);
#1466=ORIENTED_EDGE('',*,*,#1094,.F.);
#1467=ORIENTED_EDGE('',*,*,#1095,.F.);
#1468=ORIENTED_EDGE('',*,*,#1096,.F.);
#1469=ORIENTED_EDGE('',*,*,#1097,.F.);
#1470=ORIENTED_EDGE('',*,*,#1098,.F.);
#1471=ORIENTED_EDGE('',*,*,#1099,.F.);
#1472=ORIENTED_EDGE('',*,*,#1100,.T.);
#1473=ORIENTED_EDGE('',*,*,#1089,.T.);
#1474=ORIENTED_EDGE('',*,*,#1088,.T.);
#1475=ORIENTED_EDGE('',*,*,#1090,.T.);
#1476=ORIENTED_EDGE('',*,*,#1100,.F.);
#1477=ORIENTED_EDGE('',*,*,#1097,.T.);
#1478=ORIENTED_EDGE('',*,*,#1099,.T.);
#1479=ORIENTED_EDGE('',*,*,#1101,.T.);
#1480=ORIENTED_EDGE('',*,*,#1102,.F.);
#1481=ORIENTED_EDGE('',*,*,#985,.F.);
#1482=ORIENTED_EDGE('',*,*,#1103,.F.);
#1483=ORIENTED_EDGE('',*,*,#993,.F.);
#1484=ORIENTED_EDGE('',*,*,#1104,.F.);
#1485=ORIENTED_EDGE('',*,*,#1000,.F.);
#1486=ORIENTED_EDGE('',*,*,#1105,.F.);
#1487=ORIENTED_EDGE('',*,*,#1106,.F.);
#1488=ORIENTED_EDGE('',*,*,#1107,.F.);
#1489=ORIENTED_EDGE('',*,*,#1108,.F.);
#1490=ORIENTED_EDGE('',*,*,#1109,.F.);
#1491=ORIENTED_EDGE('',*,*,#1110,.F.);
#1492=ORIENTED_EDGE('',*,*,#1111,.F.);
#1493=ORIENTED_EDGE('',*,*,#1112,.F.);
#1494=ORIENTED_EDGE('',*,*,#1113,.F.);
#1495=ORIENTED_EDGE('',*,*,#1101,.F.);
#1496=ORIENTED_EDGE('',*,*,#1098,.T.);
#1497=ORIENTED_EDGE('',*,*,#1107,.T.);
#1498=ORIENTED_EDGE('',*,*,#1114,.F.);
#1499=ORIENTED_EDGE('',*,*,#1115,.F.);
#1500=ORIENTED_EDGE('',*,*,#1116,.F.);
#1501=ORIENTED_EDGE('',*,*,#1117,.F.);
#1502=ORIENTED_EDGE('',*,*,#1118,.F.);
#1503=ORIENTED_EDGE('',*,*,#1119,.F.);
#1504=ORIENTED_EDGE('',*,*,#1120,.F.);
#1505=ORIENTED_EDGE('',*,*,#1121,.F.);
#1506=ORIENTED_EDGE('',*,*,#1109,.T.);
#1507=ORIENTED_EDGE('',*,*,#1122,.F.);
#1508=ORIENTED_EDGE('',*,*,#1123,.F.);
#1509=ORIENTED_EDGE('',*,*,#1124,.F.);
#1510=ORIENTED_EDGE('',*,*,#1125,.F.);
#1511=ORIENTED_EDGE('',*,*,#1111,.T.);
#1512=ORIENTED_EDGE('',*,*,#1126,.F.);
#1513=ORIENTED_EDGE('',*,*,#1127,.F.);
#1514=ORIENTED_EDGE('',*,*,#987,.F.);
#1515=ORIENTED_EDGE('',*,*,#986,.F.);
#1516=ORIENTED_EDGE('',*,*,#1102,.T.);
#1517=ORIENTED_EDGE('',*,*,#1113,.T.);
#1518=ORIENTED_EDGE('',*,*,#984,.F.);
#1519=ORIENTED_EDGE('',*,*,#983,.F.);
#1520=ORIENTED_EDGE('',*,*,#995,.F.);
#1521=ORIENTED_EDGE('',*,*,#994,.F.);
#1522=ORIENTED_EDGE('',*,*,#1103,.T.);
#1523=ORIENTED_EDGE('',*,*,#1001,.F.);
#1524=ORIENTED_EDGE('',*,*,#1104,.T.);
#1525=ORIENTED_EDGE('',*,*,#992,.F.);
#1526=ORIENTED_EDGE('',*,*,#991,.F.);
#1527=ORIENTED_EDGE('',*,*,#1002,.F.);
#1528=ORIENTED_EDGE('',*,*,#1128,.F.);
#1529=ORIENTED_EDGE('',*,*,#1105,.T.);
#1530=ORIENTED_EDGE('',*,*,#999,.F.);
#1531=ORIENTED_EDGE('',*,*,#998,.F.);
#1532=ORIENTED_EDGE('',*,*,#1006,.F.);
#1533=ORIENTED_EDGE('',*,*,#1106,.T.);
#1534=ORIENTED_EDGE('',*,*,#1128,.T.);
#1535=ORIENTED_EDGE('',*,*,#1005,.F.);
#1536=ORIENTED_EDGE('',*,*,#1129,.F.);
#1537=ORIENTED_EDGE('',*,*,#1114,.T.);
#1538=ORIENTED_EDGE('',*,*,#1130,.F.);
#1539=ORIENTED_EDGE('',*,*,#1131,.F.);
#1540=ORIENTED_EDGE('',*,*,#1115,.T.);
#1541=ORIENTED_EDGE('',*,*,#1129,.T.);
#1542=ORIENTED_EDGE('',*,*,#1004,.F.);
#1543=ORIENTED_EDGE('',*,*,#1132,.F.);
#1544=ORIENTED_EDGE('',*,*,#1133,.F.);
#1545=ORIENTED_EDGE('',*,*,#1119,.T.);
#1546=ORIENTED_EDGE('',*,*,#1118,.T.);
#1547=ORIENTED_EDGE('',*,*,#1108,.T.);
#1548=ORIENTED_EDGE('',*,*,#1117,.T.);
#1549=ORIENTED_EDGE('',*,*,#1116,.T.);
#1550=ORIENTED_EDGE('',*,*,#1131,.T.);
#1551=ORIENTED_EDGE('',*,*,#1134,.F.);
#1552=ORIENTED_EDGE('',*,*,#1135,.F.);
#1553=ORIENTED_EDGE('',*,*,#1123,.T.);
#1554=ORIENTED_EDGE('',*,*,#1122,.T.);
#1555=ORIENTED_EDGE('',*,*,#1110,.T.);
#1556=ORIENTED_EDGE('',*,*,#1121,.T.);
#1557=ORIENTED_EDGE('',*,*,#1120,.T.);
#1558=ORIENTED_EDGE('',*,*,#1133,.T.);
#1559=ORIENTED_EDGE('',*,*,#1136,.F.);
#1560=ORIENTED_EDGE('',*,*,#988,.F.);
#1561=ORIENTED_EDGE('',*,*,#1127,.T.);
#1562=ORIENTED_EDGE('',*,*,#1126,.T.);
#1563=ORIENTED_EDGE('',*,*,#1112,.T.);
#1564=ORIENTED_EDGE('',*,*,#1125,.T.);
#1565=ORIENTED_EDGE('',*,*,#1124,.T.);
#1566=ORIENTED_EDGE('',*,*,#1135,.T.);
#1567=ORIENTED_EDGE('',*,*,#1137,.F.);
#1568=ORIENTED_EDGE('',*,*,#1138,.F.);
#1569=ORIENTED_EDGE('',*,*,#1139,.F.);
#1570=ORIENTED_EDGE('',*,*,#1140,.F.);
#1571=ORIENTED_EDGE('',*,*,#1141,.F.);
#1572=ORIENTED_EDGE('',*,*,#1142,.F.);
#1573=ORIENTED_EDGE('',*,*,#1143,.F.);
#1574=ORIENTED_EDGE('',*,*,#1144,.F.);
#1575=ORIENTED_EDGE('',*,*,#1145,.F.);
#1576=ORIENTED_EDGE('',*,*,#1146,.F.);
#1577=ORIENTED_EDGE('',*,*,#1147,.F.);
#1578=ORIENTED_EDGE('',*,*,#1148,.F.);
#1579=ORIENTED_EDGE('',*,*,#1149,.F.);
#1580=ORIENTED_EDGE('',*,*,#1150,.F.);
#1581=ORIENTED_EDGE('',*,*,#1151,.F.);
#1582=ORIENTED_EDGE('',*,*,#1143,.T.);
#1583=ORIENTED_EDGE('',*,*,#1152,.F.);
#1584=ORIENTED_EDGE('',*,*,#1153,.F.);
#1585=ORIENTED_EDGE('',*,*,#1154,.F.);
#1586=ORIENTED_EDGE('',*,*,#1155,.F.);
#1587=ORIENTED_EDGE('',*,*,#1156,.F.);
#1588=ORIENTED_EDGE('',*,*,#1155,.T.);
#1589=ORIENTED_EDGE('',*,*,#1157,.F.);
#1590=ORIENTED_EDGE('',*,*,#1158,.F.);
#1591=ORIENTED_EDGE('',*,*,#1159,.F.);
#1592=ORIENTED_EDGE('',*,*,#1160,.F.);
#1593=ORIENTED_EDGE('',*,*,#1161,.F.);
#1594=ORIENTED_EDGE('',*,*,#1162,.F.);
#1595=ORIENTED_EDGE('',*,*,#1163,.F.);
#1596=ORIENTED_EDGE('',*,*,#1164,.F.);
#1597=ORIENTED_EDGE('',*,*,#1165,.F.);
#1598=ORIENTED_EDGE('',*,*,#1166,.F.);
#1599=ORIENTED_EDGE('',*,*,#1165,.T.);
#1600=ORIENTED_EDGE('',*,*,#1167,.F.);
#1601=ORIENTED_EDGE('',*,*,#1168,.F.);
#1602=ORIENTED_EDGE('',*,*,#1010,.T.);
#1603=ORIENTED_EDGE('',*,*,#1169,.F.);
#1604=ORIENTED_EDGE('',*,*,#1170,.F.);
#1605=ORIENTED_EDGE('',*,*,#1171,.F.);
#1606=ORIENTED_EDGE('',*,*,#1172,.F.);
#1607=ORIENTED_EDGE('',*,*,#1170,.T.);
#1608=ORIENTED_EDGE('',*,*,#1173,.F.);
#1609=ORIENTED_EDGE('',*,*,#1139,.T.);
#1610=ORIENTED_EDGE('',*,*,#1174,.F.);
#1611=ORIENTED_EDGE('',*,*,#1171,.T.);
#1612=ORIENTED_EDGE('',*,*,#1175,.F.);
#1613=ORIENTED_EDGE('',*,*,#1176,.F.);
#1614=ORIENTED_EDGE('',*,*,#1141,.T.);
#1615=ORIENTED_EDGE('',*,*,#1177,.F.);
#1616=ORIENTED_EDGE('',*,*,#1008,.T.);
#1617=ORIENTED_EDGE('',*,*,#1178,.F.);
#1618=ORIENTED_EDGE('',*,*,#1146,.T.);
#1619=ORIENTED_EDGE('',*,*,#1145,.T.);
#1620=ORIENTED_EDGE('',*,*,#1179,.F.);
#1621=ORIENTED_EDGE('',*,*,#1137,.T.);
#1622=ORIENTED_EDGE('',*,*,#1142,.T.);
#1623=ORIENTED_EDGE('',*,*,#1176,.T.);
#1624=ORIENTED_EDGE('',*,*,#1007,.T.);
#1625=ORIENTED_EDGE('',*,*,#1180,.F.);
#1626=ORIENTED_EDGE('',*,*,#1148,.T.);
#1627=ORIENTED_EDGE('',*,*,#1147,.T.);
#1628=ORIENTED_EDGE('',*,*,#1178,.T.);
#1629=ORIENTED_EDGE('',*,*,#1028,.T.);
#1630=ORIENTED_EDGE('',*,*,#1015,.T.);
#1631=ORIENTED_EDGE('',*,*,#1014,.T.);
#1632=ORIENTED_EDGE('',*,*,#1181,.F.);
#1633=ORIENTED_EDGE('',*,*,#1153,.T.);
#1634=ORIENTED_EDGE('',*,*,#1152,.T.);
#1635=ORIENTED_EDGE('',*,*,#1182,.F.);
#1636=ORIENTED_EDGE('',*,*,#1150,.T.);
#1637=ORIENTED_EDGE('',*,*,#1149,.T.);
#1638=ORIENTED_EDGE('',*,*,#1180,.T.);
#1639=ORIENTED_EDGE('',*,*,#1013,.T.);
#1640=ORIENTED_EDGE('',*,*,#1183,.F.);
#1641=ORIENTED_EDGE('',*,*,#1157,.T.);
#1642=ORIENTED_EDGE('',*,*,#1154,.T.);
#1643=ORIENTED_EDGE('',*,*,#1181,.T.);
#1644=ORIENTED_EDGE('',*,*,#1183,.T.);
#1645=ORIENTED_EDGE('',*,*,#1012,.T.);
#1646=ORIENTED_EDGE('',*,*,#1184,.F.);
#1647=ORIENTED_EDGE('',*,*,#1163,.T.);
#1648=ORIENTED_EDGE('',*,*,#1162,.T.);
#1649=ORIENTED_EDGE('',*,*,#1185,.F.);
#1650=ORIENTED_EDGE('',*,*,#1159,.T.);
#1651=ORIENTED_EDGE('',*,*,#1158,.T.);
#1652=ORIENTED_EDGE('',*,*,#1168,.T.);
#1653=ORIENTED_EDGE('',*,*,#1167,.T.);
#1654=ORIENTED_EDGE('',*,*,#1164,.T.);
#1655=ORIENTED_EDGE('',*,*,#1184,.T.);
#1656=ORIENTED_EDGE('',*,*,#1011,.T.);
#1657=ORIENTED_EDGE('',*,*,#1177,.T.);
#1658=ORIENTED_EDGE('',*,*,#1140,.T.);
#1659=ORIENTED_EDGE('',*,*,#1175,.T.);
#1660=ORIENTED_EDGE('',*,*,#1173,.T.);
#1661=ORIENTED_EDGE('',*,*,#1169,.T.);
#1662=ORIENTED_EDGE('',*,*,#1009,.T.);
#1663=ORIENTED_EDGE('',*,*,#1186,.F.);
#1664=ORIENTED_EDGE('',*,*,#1025,.T.);
#1665=ORIENTED_EDGE('',*,*,#1187,.F.);
#1666=ORIENTED_EDGE('',*,*,#1188,.F.);
#1667=ORIENTED_EDGE('',*,*,#1189,.F.);
#1668=ORIENTED_EDGE('',*,*,#1190,.F.);
#1669=ORIENTED_EDGE('',*,*,#1191,.F.);
#1670=ORIENTED_EDGE('',*,*,#1017,.T.);
#1671=ORIENTED_EDGE('',*,*,#1027,.T.);
#1672=ORIENTED_EDGE('',*,*,#1192,.F.);
#1673=ORIENTED_EDGE('',*,*,#1193,.F.);
#1674=ORIENTED_EDGE('',*,*,#1194,.F.);
#1675=ORIENTED_EDGE('',*,*,#1195,.F.);
#1676=ORIENTED_EDGE('',*,*,#1196,.F.);
#1677=ORIENTED_EDGE('',*,*,#1018,.T.);
#1678=ORIENTED_EDGE('',*,*,#1191,.T.);
#1679=ORIENTED_EDGE('',*,*,#1197,.F.);
#1680=ORIENTED_EDGE('',*,*,#1198,.F.);
#1681=ORIENTED_EDGE('',*,*,#1199,.F.);
#1682=ORIENTED_EDGE('',*,*,#1200,.F.);
#1683=ORIENTED_EDGE('',*,*,#1020,.T.);
#1684=ORIENTED_EDGE('',*,*,#1022,.T.);
#1685=ORIENTED_EDGE('',*,*,#1201,.F.);
#1686=ORIENTED_EDGE('',*,*,#1202,.F.);
#1687=ORIENTED_EDGE('',*,*,#1203,.F.);
#1688=ORIENTED_EDGE('',*,*,#1204,.F.);
#1689=ORIENTED_EDGE('',*,*,#1023,.T.);
#1690=ORIENTED_EDGE('',*,*,#1204,.T.);
#1691=ORIENTED_EDGE('',*,*,#1205,.F.);
#1692=ORIENTED_EDGE('',*,*,#1206,.F.);
#1693=ORIENTED_EDGE('',*,*,#1187,.T.);
#1694=ORIENTED_EDGE('',*,*,#1024,.T.);
#1695=ORIENTED_EDGE('',*,*,#1206,.T.);
#1696=ORIENTED_EDGE('',*,*,#1207,.F.);
#1697=ORIENTED_EDGE('',*,*,#1208,.F.);
#1698=ORIENTED_EDGE('',*,*,#1209,.F.);
#1699=ORIENTED_EDGE('',*,*,#1193,.T.);
#1700=ORIENTED_EDGE('',*,*,#1192,.T.);
#1701=ORIENTED_EDGE('',*,*,#1026,.T.);
#1702=ORIENTED_EDGE('',*,*,#1186,.T.);
#1703=ORIENTED_EDGE('',*,*,#1189,.T.);
#1704=ORIENTED_EDGE('',*,*,#1210,.F.);
#1705=ORIENTED_EDGE('',*,*,#1030,.T.);
#1706=ORIENTED_EDGE('',*,*,#1036,.T.);
#1707=ORIENTED_EDGE('',*,*,#1035,.T.);
#1708=ORIENTED_EDGE('',*,*,#1211,.F.);
#1709=ORIENTED_EDGE('',*,*,#1194,.T.);
#1710=ORIENTED_EDGE('',*,*,#1190,.T.);
#1711=ORIENTED_EDGE('',*,*,#1209,.T.);
#1712=ORIENTED_EDGE('',*,*,#1034,.T.);
#1713=ORIENTED_EDGE('',*,*,#1212,.F.);
#1714=ORIENTED_EDGE('',*,*,#1198,.T.);
#1715=ORIENTED_EDGE('',*,*,#1197,.T.);
#1716=ORIENTED_EDGE('',*,*,#1019,.T.);
#1717=ORIENTED_EDGE('',*,*,#1196,.T.);
#1718=ORIENTED_EDGE('',*,*,#1195,.T.);
#1719=ORIENTED_EDGE('',*,*,#1211,.T.);
#1720=ORIENTED_EDGE('',*,*,#1212,.T.);
#1721=ORIENTED_EDGE('',*,*,#1033,.T.);
#1722=ORIENTED_EDGE('',*,*,#1213,.F.);
#1723=ORIENTED_EDGE('',*,*,#1202,.T.);
#1724=ORIENTED_EDGE('',*,*,#1201,.T.);
#1725=ORIENTED_EDGE('',*,*,#1021,.T.);
#1726=ORIENTED_EDGE('',*,*,#1200,.T.);
#1727=ORIENTED_EDGE('',*,*,#1199,.T.);
#1728=ORIENTED_EDGE('',*,*,#1207,.T.);
#1729=ORIENTED_EDGE('',*,*,#1205,.T.);
#1730=ORIENTED_EDGE('',*,*,#1203,.T.);
#1731=ORIENTED_EDGE('',*,*,#1213,.T.);
#1732=ORIENTED_EDGE('',*,*,#1032,.T.);
#1733=ORIENTED_EDGE('',*,*,#1214,.F.);
#1734=ORIENTED_EDGE('',*,*,#1210,.T.);
#1735=ORIENTED_EDGE('',*,*,#1188,.T.);
#1736=ORIENTED_EDGE('',*,*,#1208,.T.);
#1737=ORIENTED_EDGE('',*,*,#1214,.T.);
#1738=ORIENTED_EDGE('',*,*,#1031,.T.);
#1739=ORIENTED_EDGE('',*,*,#1215,.F.);
#1740=ORIENTED_EDGE('',*,*,#1063,.T.);
#1741=ORIENTED_EDGE('',*,*,#1216,.F.);
#1742=ORIENTED_EDGE('',*,*,#1217,.F.);
#1743=ORIENTED_EDGE('',*,*,#1218,.F.);
#1744=ORIENTED_EDGE('',*,*,#1219,.F.);
#1745=ORIENTED_EDGE('',*,*,#1220,.F.);
#1746=ORIENTED_EDGE('',*,*,#1064,.T.);
#1747=ORIENTED_EDGE('',*,*,#1215,.T.);
#1748=ORIENTED_EDGE('',*,*,#1221,.F.);
#1749=ORIENTED_EDGE('',*,*,#1222,.F.);
#1750=ORIENTED_EDGE('',*,*,#1223,.F.);
#1751=ORIENTED_EDGE('',*,*,#1224,.F.);
#1752=ORIENTED_EDGE('',*,*,#1066,.T.);
#1753=ORIENTED_EDGE('',*,*,#1061,.T.);
#1754=ORIENTED_EDGE('',*,*,#1068,.T.);
#1755=ORIENTED_EDGE('',*,*,#1225,.F.);
#1756=ORIENTED_EDGE('',*,*,#1226,.F.);
#1757=ORIENTED_EDGE('',*,*,#1227,.F.);
#1758=ORIENTED_EDGE('',*,*,#1216,.T.);
#1759=ORIENTED_EDGE('',*,*,#1062,.T.);
#1760=ORIENTED_EDGE('',*,*,#1227,.T.);
#1761=ORIENTED_EDGE('',*,*,#1228,.F.);
#1762=ORIENTED_EDGE('',*,*,#1229,.F.);
#1763=ORIENTED_EDGE('',*,*,#1230,.F.);
#1764=ORIENTED_EDGE('',*,*,#1222,.T.);
#1765=ORIENTED_EDGE('',*,*,#1221,.T.);
#1766=ORIENTED_EDGE('',*,*,#1065,.T.);
#1767=ORIENTED_EDGE('',*,*,#1220,.T.);
#1768=ORIENTED_EDGE('',*,*,#1219,.T.);
#1769=ORIENTED_EDGE('',*,*,#1218,.T.);
#1770=ORIENTED_EDGE('',*,*,#1231,.F.);
#1771=ORIENTED_EDGE('',*,*,#1056,.T.);
#1772=ORIENTED_EDGE('',*,*,#1059,.T.);
#1773=ORIENTED_EDGE('',*,*,#1232,.F.);
#1774=ORIENTED_EDGE('',*,*,#1228,.T.);
#1775=ORIENTED_EDGE('',*,*,#1226,.T.);
#1776=ORIENTED_EDGE('',*,*,#1225,.T.);
#1777=ORIENTED_EDGE('',*,*,#1067,.T.);
#1778=ORIENTED_EDGE('',*,*,#1224,.T.);
#1779=ORIENTED_EDGE('',*,*,#1223,.T.);
#1780=ORIENTED_EDGE('',*,*,#1230,.T.);
#1781=ORIENTED_EDGE('',*,*,#1058,.T.);
#1782=ORIENTED_EDGE('',*,*,#1231,.T.);
#1783=ORIENTED_EDGE('',*,*,#1217,.T.);
#1784=ORIENTED_EDGE('',*,*,#1229,.T.);
#1785=ORIENTED_EDGE('',*,*,#1232,.T.);
#1786=ORIENTED_EDGE('',*,*,#1057,.T.);
#1787=ORIENTED_EDGE('',*,*,#1233,.F.);
#1788=ORIENTED_EDGE('',*,*,#1234,.F.);
#1789=ORIENTED_EDGE('',*,*,#1235,.F.);
#1790=ORIENTED_EDGE('',*,*,#1236,.F.);
#1791=ORIENTED_EDGE('',*,*,#1043,.T.);
#1792=ORIENTED_EDGE('',*,*,#1236,.T.);
#1793=ORIENTED_EDGE('',*,*,#1237,.F.);
#1794=ORIENTED_EDGE('',*,*,#1238,.F.);
#1795=ORIENTED_EDGE('',*,*,#1239,.F.);
#1796=ORIENTED_EDGE('',*,*,#1041,.T.);
#1797=ORIENTED_EDGE('',*,*,#1044,.T.);
#1798=ORIENTED_EDGE('',*,*,#1233,.T.);
#1799=ORIENTED_EDGE('',*,*,#1042,.T.);
#1800=ORIENTED_EDGE('',*,*,#1239,.T.);
#1801=ORIENTED_EDGE('',*,*,#1240,.F.);
#1802=ORIENTED_EDGE('',*,*,#1241,.F.);
#1803=ORIENTED_EDGE('',*,*,#1242,.F.);
#1804=ORIENTED_EDGE('',*,*,#1242,.T.);
#1805=ORIENTED_EDGE('',*,*,#1243,.F.);
#1806=ORIENTED_EDGE('',*,*,#1049,.T.);
#1807=ORIENTED_EDGE('',*,*,#1244,.F.);
#1808=ORIENTED_EDGE('',*,*,#1234,.T.);
#1809=ORIENTED_EDGE('',*,*,#1244,.T.);
#1810=ORIENTED_EDGE('',*,*,#1048,.T.);
#1811=ORIENTED_EDGE('',*,*,#1245,.F.);
#1812=ORIENTED_EDGE('',*,*,#1237,.T.);
#1813=ORIENTED_EDGE('',*,*,#1235,.T.);
#1814=ORIENTED_EDGE('',*,*,#1047,.T.);
#1815=ORIENTED_EDGE('',*,*,#1246,.F.);
#1816=ORIENTED_EDGE('',*,*,#1240,.T.);
#1817=ORIENTED_EDGE('',*,*,#1238,.T.);
#1818=ORIENTED_EDGE('',*,*,#1245,.T.);
#1819=ORIENTED_EDGE('',*,*,#1241,.T.);
#1820=ORIENTED_EDGE('',*,*,#1246,.T.);
#1821=ORIENTED_EDGE('',*,*,#1046,.T.);
#1822=ORIENTED_EDGE('',*,*,#1050,.T.);
#1823=ORIENTED_EDGE('',*,*,#1243,.T.);
#1824=ORIENTED_EDGE('',*,*,#1080,.T.);
#1825=ORIENTED_EDGE('',*,*,#1247,.F.);
#1826=ORIENTED_EDGE('',*,*,#1248,.F.);
#1827=ORIENTED_EDGE('',*,*,#1249,.F.);
#1828=ORIENTED_EDGE('',*,*,#1250,.F.);
#1829=ORIENTED_EDGE('',*,*,#1251,.F.);
#1830=ORIENTED_EDGE('',*,*,#1252,.F.);
#1831=ORIENTED_EDGE('',*,*,#1253,.F.);
#1832=ORIENTED_EDGE('',*,*,#1254,.F.);
#1833=ORIENTED_EDGE('',*,*,#1255,.F.);
#1834=ORIENTED_EDGE('',*,*,#1082,.T.);
#1835=ORIENTED_EDGE('',*,*,#1256,.F.);
#1836=ORIENTED_EDGE('',*,*,#1257,.F.);
#1837=ORIENTED_EDGE('',*,*,#1258,.F.);
#1838=ORIENTED_EDGE('',*,*,#1259,.F.);
#1839=ORIENTED_EDGE('',*,*,#1074,.T.);
#1840=ORIENTED_EDGE('',*,*,#1084,.T.);
#1841=ORIENTED_EDGE('',*,*,#1260,.F.);
#1842=ORIENTED_EDGE('',*,*,#1261,.F.);
#1843=ORIENTED_EDGE('',*,*,#1262,.F.);
#1844=ORIENTED_EDGE('',*,*,#1263,.F.);
#1845=ORIENTED_EDGE('',*,*,#1076,.T.);
#1846=ORIENTED_EDGE('',*,*,#1264,.F.);
#1847=ORIENTED_EDGE('',*,*,#1078,.T.);
#1848=ORIENTED_EDGE('',*,*,#1265,.F.);
#1849=ORIENTED_EDGE('',*,*,#1266,.F.);
#1850=ORIENTED_EDGE('',*,*,#1267,.F.);
#1851=ORIENTED_EDGE('',*,*,#1079,.T.);
#1852=ORIENTED_EDGE('',*,*,#1264,.T.);
#1853=ORIENTED_EDGE('',*,*,#1268,.F.);
#1854=ORIENTED_EDGE('',*,*,#1269,.F.);
#1855=ORIENTED_EDGE('',*,*,#1247,.T.);
#1856=ORIENTED_EDGE('',*,*,#1270,.F.);
#1857=ORIENTED_EDGE('',*,*,#1249,.T.);
#1858=ORIENTED_EDGE('',*,*,#1271,.F.);
#1859=ORIENTED_EDGE('',*,*,#1085,.T.);
#1860=ORIENTED_EDGE('',*,*,#1252,.T.);
#1861=ORIENTED_EDGE('',*,*,#1081,.T.);
#1862=ORIENTED_EDGE('',*,*,#1251,.T.);
#1863=ORIENTED_EDGE('',*,*,#1250,.T.);
#1864=ORIENTED_EDGE('',*,*,#1270,.T.);
#1865=ORIENTED_EDGE('',*,*,#1096,.T.);
#1866=ORIENTED_EDGE('',*,*,#1272,.F.);
#1867=ORIENTED_EDGE('',*,*,#1253,.T.);
#1868=ORIENTED_EDGE('',*,*,#1272,.T.);
#1869=ORIENTED_EDGE('',*,*,#1095,.T.);
#1870=ORIENTED_EDGE('',*,*,#1273,.F.);
#1871=ORIENTED_EDGE('',*,*,#1257,.T.);
#1872=ORIENTED_EDGE('',*,*,#1256,.T.);
#1873=ORIENTED_EDGE('',*,*,#1083,.T.);
#1874=ORIENTED_EDGE('',*,*,#1255,.T.);
#1875=ORIENTED_EDGE('',*,*,#1254,.T.);
#1876=ORIENTED_EDGE('',*,*,#1273,.T.);
#1877=ORIENTED_EDGE('',*,*,#1094,.T.);
#1878=ORIENTED_EDGE('',*,*,#1274,.F.);
#1879=ORIENTED_EDGE('',*,*,#1261,.T.);
#1880=ORIENTED_EDGE('',*,*,#1260,.T.);
#1881=ORIENTED_EDGE('',*,*,#1075,.T.);
#1882=ORIENTED_EDGE('',*,*,#1259,.T.);
#1883=ORIENTED_EDGE('',*,*,#1258,.T.);
#1884=ORIENTED_EDGE('',*,*,#1274,.T.);
#1885=ORIENTED_EDGE('',*,*,#1093,.T.);
#1886=ORIENTED_EDGE('',*,*,#1275,.F.);
#1887=ORIENTED_EDGE('',*,*,#1266,.T.);
#1888=ORIENTED_EDGE('',*,*,#1265,.T.);
#1889=ORIENTED_EDGE('',*,*,#1077,.T.);
#1890=ORIENTED_EDGE('',*,*,#1263,.T.);
#1891=ORIENTED_EDGE('',*,*,#1262,.T.);
#1892=ORIENTED_EDGE('',*,*,#1276,.F.);
#1893=ORIENTED_EDGE('',*,*,#1268,.T.);
#1894=ORIENTED_EDGE('',*,*,#1267,.T.);
#1895=ORIENTED_EDGE('',*,*,#1275,.T.);
#1896=ORIENTED_EDGE('',*,*,#1092,.T.);
#1897=ORIENTED_EDGE('',*,*,#1271,.T.);
#1898=ORIENTED_EDGE('',*,*,#1248,.T.);
#1899=ORIENTED_EDGE('',*,*,#1269,.T.);
#1900=ORIENTED_EDGE('',*,*,#1276,.T.);
#1901=ORIENTED_EDGE('',*,*,#1091,.T.);
#1902=ORIENTED_EDGE('',*,*,#1086,.T.);
#1903=ORIENTED_EDGE('',*,*,#1277,.F.);
#1904=ORIENTED_EDGE('',*,*,#1278,.F.);
#1905=ORIENTED_EDGE('',*,*,#1279,.T.);
#1906=ORIENTED_EDGE('',*,*,#1280,.F.);
#1907=ORIENTED_EDGE('',*,*,#1281,.F.);
#1908=ORIENTED_EDGE('',*,*,#1282,.F.);
#1909=ORIENTED_EDGE('',*,*,#1279,.F.);
#1910=ORIENTED_EDGE('',*,*,#1283,.F.);
#1911=ORIENTED_EDGE('',*,*,#1284,.F.);
#1912=ORIENTED_EDGE('',*,*,#1285,.F.);
#1913=ORIENTED_EDGE('',*,*,#1286,.F.);
#1914=ORIENTED_EDGE('',*,*,#1287,.T.);
#1915=ORIENTED_EDGE('',*,*,#1288,.F.);
#1916=ORIENTED_EDGE('',*,*,#1289,.F.);
#1917=ORIENTED_EDGE('',*,*,#1290,.F.);
#1918=ORIENTED_EDGE('',*,*,#1287,.F.);
#1919=ORIENTED_EDGE('',*,*,#1284,.T.);
#1920=ORIENTED_EDGE('',*,*,#1286,.T.);
#1921=ORIENTED_EDGE('',*,*,#1291,.T.);
#1922=ORIENTED_EDGE('',*,*,#1292,.F.);
#1923=ORIENTED_EDGE('',*,*,#1291,.F.);
#1924=ORIENTED_EDGE('',*,*,#1285,.T.);
#1925=ORIENTED_EDGE('',*,*,#1293,.F.);
#1926=ORIENTED_EDGE('',*,*,#1294,.T.);
#1927=ORIENTED_EDGE('',*,*,#1281,.T.);
#1928=ORIENTED_EDGE('',*,*,#1280,.T.);
#1929=ORIENTED_EDGE('',*,*,#1282,.T.);
#1930=ORIENTED_EDGE('',*,*,#1294,.F.);
#1931=ORIENTED_EDGE('',*,*,#1295,.F.);
#1932=ORIENTED_EDGE('',*,*,#1296,.F.);
#1933=ORIENTED_EDGE('',*,*,#1297,.F.);
#1934=ORIENTED_EDGE('',*,*,#1298,.F.);
#1935=ORIENTED_EDGE('',*,*,#1299,.F.);
#1936=ORIENTED_EDGE('',*,*,#1300,.F.);
#1937=ORIENTED_EDGE('',*,*,#1296,.T.);
#1938=ORIENTED_EDGE('',*,*,#1301,.F.);
#1939=ORIENTED_EDGE('',*,*,#1302,.F.);
#1940=ORIENTED_EDGE('',*,*,#1303,.F.);
#1941=ORIENTED_EDGE('',*,*,#1299,.T.);
#1942=ORIENTED_EDGE('',*,*,#1304,.F.);
#1943=ORIENTED_EDGE('',*,*,#1305,.F.);
#1944=ORIENTED_EDGE('',*,*,#1306,.F.);
#1945=ORIENTED_EDGE('',*,*,#1305,.T.);
#1946=ORIENTED_EDGE('',*,*,#1307,.F.);
#1947=ORIENTED_EDGE('',*,*,#1308,.F.);
#1948=ORIENTED_EDGE('',*,*,#1309,.F.);
#1949=ORIENTED_EDGE('',*,*,#1308,.T.);
#1950=ORIENTED_EDGE('',*,*,#1310,.F.);
#1951=ORIENTED_EDGE('',*,*,#1298,.T.);
#1952=ORIENTED_EDGE('',*,*,#1311,.F.);
#1953=ORIENTED_EDGE('',*,*,#1312,.F.);
#1954=ORIENTED_EDGE('',*,*,#1313,.F.);
#1955=ORIENTED_EDGE('',*,*,#1314,.F.);
#1956=ORIENTED_EDGE('',*,*,#1315,.F.);
#1957=ORIENTED_EDGE('',*,*,#1315,.T.);
#1958=ORIENTED_EDGE('',*,*,#1316,.F.);
#1959=ORIENTED_EDGE('',*,*,#1317,.F.);
#1960=ORIENTED_EDGE('',*,*,#1318,.F.);
#1961=ORIENTED_EDGE('',*,*,#1317,.T.);
#1962=ORIENTED_EDGE('',*,*,#1319,.F.);
#1963=ORIENTED_EDGE('',*,*,#1320,.F.);
#1964=ORIENTED_EDGE('',*,*,#1321,.F.);
#1965=ORIENTED_EDGE('',*,*,#1322,.F.);
#1966=ORIENTED_EDGE('',*,*,#1323,.F.);
#1967=ORIENTED_EDGE('',*,*,#1324,.F.);
#1968=ORIENTED_EDGE('',*,*,#1320,.T.);
#1969=ORIENTED_EDGE('',*,*,#1325,.F.);
#1970=ORIENTED_EDGE('',*,*,#1326,.F.);
#1971=ORIENTED_EDGE('',*,*,#1323,.T.);
#1972=ORIENTED_EDGE('',*,*,#1327,.F.);
#1973=ORIENTED_EDGE('',*,*,#1313,.T.);
#1974=ORIENTED_EDGE('',*,*,#1277,.T.);
#1975=ORIENTED_EDGE('',*,*,#1328,.T.);
#1976=ORIENTED_EDGE('',*,*,#1306,.T.);
#1977=ORIENTED_EDGE('',*,*,#1309,.T.);
#1978=ORIENTED_EDGE('',*,*,#1311,.T.);
#1979=ORIENTED_EDGE('',*,*,#1297,.T.);
#1980=ORIENTED_EDGE('',*,*,#1300,.T.);
#1981=ORIENTED_EDGE('',*,*,#1303,.T.);
#1982=ORIENTED_EDGE('',*,*,#1328,.F.);
#1983=ORIENTED_EDGE('',*,*,#1283,.T.);
#1984=ORIENTED_EDGE('',*,*,#1278,.T.);
#1985=ORIENTED_EDGE('',*,*,#1321,.T.);
#1986=ORIENTED_EDGE('',*,*,#1324,.T.);
#1987=ORIENTED_EDGE('',*,*,#1326,.T.);
#1988=ORIENTED_EDGE('',*,*,#1329,.T.);
#1989=ORIENTED_EDGE('',*,*,#1288,.T.);
#1990=ORIENTED_EDGE('',*,*,#1290,.T.);
#1991=ORIENTED_EDGE('',*,*,#1289,.T.);
#1992=ORIENTED_EDGE('',*,*,#1329,.F.);
#1993=ORIENTED_EDGE('',*,*,#1312,.T.);
#1994=ORIENTED_EDGE('',*,*,#1318,.T.);
#1995=ORIENTED_EDGE('',*,*,#1304,.T.);
#1996=ORIENTED_EDGE('',*,*,#1302,.T.);
#1997=ORIENTED_EDGE('',*,*,#1330,.T.);
#1998=ORIENTED_EDGE('',*,*,#1325,.T.);
#1999=ORIENTED_EDGE('',*,*,#1319,.T.);
#2000=ORIENTED_EDGE('',*,*,#1316,.T.);
#2001=ORIENTED_EDGE('',*,*,#1314,.T.);
#2002=ORIENTED_EDGE('',*,*,#1327,.T.);
#2003=ORIENTED_EDGE('',*,*,#1322,.T.);
#2004=ORIENTED_EDGE('',*,*,#1330,.F.);
#2005=ORIENTED_EDGE('',*,*,#1301,.T.);
#2006=ORIENTED_EDGE('',*,*,#1295,.T.);
#2007=ORIENTED_EDGE('',*,*,#1310,.T.);
#2008=ORIENTED_EDGE('',*,*,#1307,.T.);
#2009=ORIENTED_EDGE('',*,*,#981,.T.);
#2010=ORIENTED_EDGE('',*,*,#1136,.T.);
#2011=ORIENTED_EDGE('',*,*,#1134,.T.);
#2012=ORIENTED_EDGE('',*,*,#1132,.T.);
#2013=ORIENTED_EDGE('',*,*,#1130,.T.);
#2014=ORIENTED_EDGE('',*,*,#1003,.T.);
#2015=ORIENTED_EDGE('',*,*,#996,.T.);
#2016=ORIENTED_EDGE('',*,*,#989,.T.);
#2017=ORIENTED_EDGE('',*,*,#1293,.T.);
#2018=ORIENTED_EDGE('',*,*,#1161,.T.);
#2019=ORIENTED_EDGE('',*,*,#1166,.T.);
#2020=ORIENTED_EDGE('',*,*,#1172,.T.);
#2021=ORIENTED_EDGE('',*,*,#1174,.T.);
#2022=ORIENTED_EDGE('',*,*,#1138,.T.);
#2023=ORIENTED_EDGE('',*,*,#1179,.T.);
#2024=ORIENTED_EDGE('',*,*,#1144,.T.);
#2025=ORIENTED_EDGE('',*,*,#1151,.T.);
#2026=ORIENTED_EDGE('',*,*,#1182,.T.);
#2027=ORIENTED_EDGE('',*,*,#1156,.T.);
#2028=ORIENTED_EDGE('',*,*,#1160,.T.);
#2029=ORIENTED_EDGE('',*,*,#1185,.T.);
#2030=ORIENTED_EDGE('',*,*,#1292,.T.);
#2031=(
BOUNDED_SURFACE()
B_SPLINE_SURFACE(2,2,((#2708,#2709,#2710,#2711,#2712,#2713,#2714,#2715,
#2716),(#2717,#2718,#2719,#2720,#2721,#2722,#2723,#2724,#2725),(#2726,#2727,
#2728,#2729,#2730,#2731,#2732,#2733,#2734),(#2735,#2736,#2737,#2738,#2739,
#2740,#2741,#2742,#2743),(#2744,#2745,#2746,#2747,#2748,#2749,#2750,#2751,
#2752),(#2753,#2754,#2755,#2756,#2757,#2758,#2759,#2760,#2761),(#2762,#2763,
#2764,#2765,#2766,#2767,#2768,#2769,#2770),(#2771,#2772,#2773,#2774,#2775,
#2776,#2777,#2778,#2779),(#2780,#2781,#2782,#2783,#2784,#2785,#2786,#2787,
#2788)),.UNSPECIFIED.,.T.,.T.,.F.)
B_SPLINE_SURFACE_WITH_KNOTS((3,2,2,2,3),(3,2,2,2,3),(-3.14159265358979,
-1.5707963267949,0.,1.5707963267949,3.14159265358979),(0.,1.5707963267949,
3.14159265358979,4.71238898038469,6.28318530717959),.UNSPECIFIED.)
GEOMETRIC_REPRESENTATION_ITEM()
RATIONAL_B_SPLINE_SURFACE(((1.,0.707106781186548,1.,0.707106781186548,1.,
0.707106781186548,1.,0.707106781186548,1.),(0.707106781186548,0.5,0.707106781186548,
0.5,0.707106781186548,0.5,0.707106781186548,0.5,0.707106781186548),(1.,
0.707106781186548,1.,0.707106781186548,1.,0.707106781186548,1.,0.707106781186548,
1.),(0.707106781186548,0.5,0.707106781186548,0.5,0.707106781186548,0.5,
0.707106781186548,0.5,0.707106781186548),(1.,0.707106781186548,1.,0.707106781186548,
1.,0.707106781186548,1.,0.707106781186548,1.),(0.70710678118655,0.500000000000001,
0.70710678118655,0.500000000000001,0.70710678118655,0.500000000000001,0.70710678118655,
0.500000000000001,0.70710678118655),(1.,0.707106781186548,1.,0.707106781186548,
1.,0.707106781186548,1.,0.707106781186548,1.),(0.707106781186547,0.5,0.707106781186547,
0.5,0.707106781186547,0.5,0.707106781186547,0.5,0.707106781186547),(1.,
0.707106781186548,1.,0.707106781186548,1.,0.707106781186548,1.,0.707106781186548,
1.)))
REPRESENTATION_ITEM('')
SURFACE()
);
#2032=(
BOUNDED_SURFACE()
B_SPLINE_SURFACE(2,2,((#2825,#2826,#2827,#2828,#2829,#2830,#2831,#2832,
#2833),(#2834,#2835,#2836,#2837,#2838,#2839,#2840,#2841,#2842),(#2843,#2844,
#2845,#2846,#2847,#2848,#2849,#2850,#2851),(#2852,#2853,#2854,#2855,#2856,
#2857,#2858,#2859,#2860),(#2861,#2862,#2863,#2864,#2865,#2866,#2867,#2868,
#2869),(#2870,#2871,#2872,#2873,#2874,#2875,#2876,#2877,#2878),(#2879,#2880,
#2881,#2882,#2883,#2884,#2885,#2886,#2887),(#2888,#2889,#2890,#2891,#2892,
#2893,#2894,#2895,#2896),(#2897,#2898,#2899,#2900,#2901,#2902,#2903,#2904,
#2905)),.UNSPECIFIED.,.T.,.T.,.F.)
B_SPLINE_SURFACE_WITH_KNOTS((3,2,2,2,3),(3,2,2,2,3),(-3.14159265358979,
-1.5707963267949,0.,1.5707963267949,3.14159265358979),(0.,1.5707963267949,
3.14159265358979,4.71238898038469,6.28318530717959),.UNSPECIFIED.)
GEOMETRIC_REPRESENTATION_ITEM()
RATIONAL_B_SPLINE_SURFACE(((1.,0.707106781186548,1.,0.707106781186548,1.,
0.707106781186548,1.,0.707106781186548,1.),(0.707106781186548,0.500000000000001,
0.707106781186548,0.500000000000001,0.707106781186548,0.500000000000001,
0.707106781186548,0.500000000000001,0.707106781186548),(1.,0.707106781186548,
1.,0.707106781186548,1.,0.707106781186548,1.,0.707106781186548,1.),(0.707106781186548,
0.5,0.707106781186548,0.5,0.707106781186548,0.5,0.707106781186548,0.5,0.707106781186548),
(1.,0.707106781186548,1.,0.707106781186548,1.,0.707106781186548,1.,0.707106781186548,
1.),(0.707106781186547,0.5,0.707106781186547,0.5,0.707106781186547,0.5,
0.707106781186547,0.5,0.707106781186547),(1.,0.707106781186548,1.,0.707106781186548,
1.,0.707106781186548,1.,0.707106781186548,1.),(0.707106781186548,0.5,0.707106781186548,
0.5,0.707106781186548,0.5,0.707106781186548,0.5,0.707106781186548),(1.,
0.707106781186548,1.,0.707106781186548,1.,0.707106781186548,1.,0.707106781186548,
1.)))
REPRESENTATION_ITEM('')
SURFACE()
);
#2033=(
BOUNDED_SURFACE()
B_SPLINE_SURFACE(2,2,((#2936,#2937,#2938,#2939,#2940,#2941,#2942,#2943,
#2944),(#2945,#2946,#2947,#2948,#2949,#2950,#2951,#2952,#2953),(#2954,#2955,
#2956,#2957,#2958,#2959,#2960,#2961,#2962),(#2963,#2964,#2965,#2966,#2967,
#2968,#2969,#2970,#2971),(#2972,#2973,#2974,#2975,#2976,#2977,#2978,#2979,
#2980),(#2981,#2982,#2983,#2984,#2985,#2986,#2987,#2988,#2989),(#2990,#2991,
#2992,#2993,#2994,#2995,#2996,#2997,#2998),(#2999,#3000,#3001,#3002,#3003,
#3004,#3005,#3006,#3007),(#3008,#3009,#3010,#3011,#3012,#3013,#3014,#3015,
#3016)),.UNSPECIFIED.,.T.,.T.,.F.)
B_SPLINE_SURFACE_WITH_KNOTS((3,2,2,2,3),(3,2,2,2,3),(-3.14159265358979,
-1.5707963267949,0.,1.5707963267949,3.14159265358979),(0.,1.5707963267949,
3.14159265358979,4.71238898038469,6.28318530717959),.UNSPECIFIED.)
GEOMETRIC_REPRESENTATION_ITEM()
RATIONAL_B_SPLINE_SURFACE(((1.,0.707106781186548,1.,0.707106781186548,1.,
0.707106781186548,1.,0.707106781186548,1.),(0.707106781186548,0.500000000000001,
0.707106781186548,0.500000000000001,0.707106781186548,0.500000000000001,
0.707106781186548,0.500000000000001,0.707106781186548),(1.,0.707106781186548,
1.,0.707106781186548,1.,0.707106781186548,1.,0.707106781186548,1.),(0.707106781186547,
0.5,0.707106781186547,0.5,0.707106781186547,0.5,0.707106781186547,0.5,0.707106781186547),
(1.,0.707106781186548,1.,0.707106781186548,1.,0.707106781186548,1.,0.707106781186548,
1.),(0.707106781186545,0.499999999999998,0.707106781186545,0.499999999999998,
0.707106781186545,0.499999999999998,0.707106781186545,0.499999999999998,
0.707106781186545),(1.,0.707106781186548,1.,0.707106781186548,1.,0.707106781186548,
1.,0.707106781186548,1.),(0.707106781186548,0.500000000000001,0.707106781186548,
0.500000000000001,0.707106781186548,0.500000000000001,0.707106781186548,
0.500000000000001,0.707106781186548),(1.,0.707106781186548,1.,0.707106781186548,
1.,0.707106781186548,1.,0.707106781186548,1.)))
REPRESENTATION_ITEM('')
SURFACE()
);
#2034=(
BOUNDED_SURFACE()
B_SPLINE_SURFACE(2,2,((#3074,#3075,#3076,#3077,#3078,#3079,#3080,#3081,
#3082),(#3083,#3084,#3085,#3086,#3087,#3088,#3089,#3090,#3091),(#3092,#3093,
#3094,#3095,#3096,#3097,#3098,#3099,#3100),(#3101,#3102,#3103,#3104,#3105,
#3106,#3107,#3108,#3109),(#3110,#3111,#3112,#3113,#3114,#3115,#3116,#3117,
#3118),(#3119,#3120,#3121,#3122,#3123,#3124,#3125,#3126,#3127),(#3128,#3129,
#3130,#3131,#3132,#3133,#3134,#3135,#3136),(#3137,#3138,#3139,#3140,#3141,
#3142,#3143,#3144,#3145),(#3146,#3147,#3148,#3149,#3150,#3151,#3152,#3153,
#3154),(#3155,#3156,#3157,#3158,#3159,#3160,#3161,#3162,#3163),(#3164,#3165,
#3166,#3167,#3168,#3169,#3170,#3171,#3172)),.UNSPECIFIED.,.T.,.T.,.F.)
B_SPLINE_SURFACE_WITH_KNOTS((3,2,2,2,2,3),(3,2,2,2,3),(2.06606113162368,
3.14159265358979,4.71238898038469,6.28318530717959,7.85398163397448,8.34924643880327),
(0.,1.5707963267949,3.14159265358979,4.71238898038469,6.28318530717959),
 .UNSPECIFIED.)
GEOMETRIC_REPRESENTATION_ITEM()
RATIONAL_B_SPLINE_SURFACE(((0.873537964324969,0.617684618198078,0.873537964324969,
0.617684618198078,0.873537964324969,0.617684618198078,0.873537964324969,
0.617684618198078,0.873537964324969),(0.799454656195471,0.565299808646977,
0.799454656195471,0.565299808646977,0.799454656195471,0.565299808646977,
0.799454656195471,0.565299808646977,0.799454656195471),(1.,0.707106781186548,
1.,0.707106781186548,1.,0.707106781186548,1.,0.707106781186548,1.),(0.707106781186548,
0.500000000000001,0.707106781186548,0.500000000000001,0.707106781186548,
0.500000000000001,0.707106781186548,0.500000000000001,0.707106781186548),
(1.,0.707106781186548,1.,0.707106781186548,1.,0.707106781186548,1.,0.707106781186548,
1.),(0.707106781186547,0.499999999999999,0.707106781186547,0.499999999999999,
0.707106781186547,0.499999999999999,0.707106781186547,0.499999999999999,
0.707106781186547),(1.,0.707106781186548,1.,0.707106781186548,1.,0.707106781186548,
1.,0.707106781186548,1.),(0.707106781186548,0.500000000000001,0.707106781186548,
0.500000000000001,0.707106781186548,0.500000000000001,0.707106781186548,
0.500000000000001,0.707106781186548),(1.,0.707106781186548,1.,0.707106781186548,
1.,0.707106781186548,1.,0.707106781186548,1.),(0.907652124991088,0.641806972539578,
0.907652124991088,0.641806972539578,0.907652124991088,0.641806972539578,
0.907652124991088,0.641806972539578,0.907652124991088),(0.873537964324969,
0.617684618198078,0.873537964324969,0.617684618198078,0.873537964324969,
0.617684618198078,0.873537964324969,0.617684618198078,0.873537964324969)))
REPRESENTATION_ITEM('')
SURFACE()
);
#2035=(
BOUNDED_SURFACE()
B_SPLINE_SURFACE(2,2,((#3327,#3328,#3329,#3330,#3331,#3332,#3333,#3334,
#3335),(#3336,#3337,#3338,#3339,#3340,#3341,#3342,#3343,#3344),(#3345,#3346,
#3347,#3348,#3349,#3350,#3351,#3352,#3353),(#3354,#3355,#3356,#3357,#3358,
#3359,#3360,#3361,#3362),(#3363,#3364,#3365,#3366,#3367,#3368,#3369,#3370,
#3371),(#3372,#3373,#3374,#3375,#3376,#3377,#3378,#3379,#3380),(#3381,#3382,
#3383,#3384,#3385,#3386,#3387,#3388,#3389),(#3390,#3391,#3392,#3393,#3394,
#3395,#3396,#3397,#3398),(#3399,#3400,#3401,#3402,#3403,#3404,#3405,#3406,
#3407),(#3408,#3409,#3410,#3411,#3412,#3413,#3414,#3415,#3416),(#3417,#3418,
#3419,#3420,#3421,#3422,#3423,#3424,#3425)),.UNSPECIFIED.,.T.,.T.,.F.)
B_SPLINE_SURFACE_WITH_KNOTS((3,2,2,2,2,3),(3,2,2,2,3),(2.00778780296104,
3.14159265358979,4.71238898038469,6.28318530717959,7.85398163397448,8.29097311014062),
(0.,1.5707963267949,3.14159265358979,4.71238898038469,6.28318530717959),
 .UNSPECIFIED.)
GEOMETRIC_REPRESENTATION_ITEM()
RATIONAL_B_SPLINE_SURFACE(((0.882371966947981,0.623931201357829,0.882371966947981,
0.623931201357829,0.882371966947981,0.623931201357829,0.882371966947981,
0.623931201357829,0.882371966947981),(0.788588917263031,0.557616570965247,
0.788588917263031,0.557616570965247,0.788588917263031,0.557616570965247,
0.788588917263031,0.557616570965247,0.788588917263031),(1.,0.707106781186548,
1.,0.707106781186548,1.,0.707106781186548,1.,0.707106781186548,1.),(0.707106781186541,
0.499999999999996,0.707106781186541,0.499999999999996,0.707106781186541,
0.499999999999996,0.707106781186541,0.499999999999996,0.707106781186541),
(1.,0.707106781186548,1.,0.707106781186548,1.,0.707106781186548,1.,0.707106781186548,
1.),(0.707106781186547,0.5,0.707106781186547,0.5,0.707106781186547,0.5,
0.707106781186547,0.5,0.707106781186547),(1.,0.707106781186548,1.,0.707106781186548,
1.,0.707106781186548,1.,0.707106781186548,1.),(0.707106781186541,0.499999999999996,
0.707106781186541,0.499999999999996,0.707106781186541,0.499999999999996,
0.707106781186541,0.499999999999996,0.707106781186541),(1.,0.707106781186548,
1.,0.707106781186548,1.,0.707106781186548,1.,0.707106781186548,1.),(0.918517863923516,
0.6494902102213,0.918517863923516,0.6494902102213,0.918517863923516,0.6494902102213,
0.918517863923516,0.6494902102213,0.918517863923516),(0.882371966947981,
0.623931201357829,0.882371966947981,0.623931201357829,0.882371966947981,
0.623931201357829,0.882371966947981,0.623931201357829,0.882371966947981)))
REPRESENTATION_ITEM('')
SURFACE()
);
#2036=(
BOUNDED_SURFACE()
B_SPLINE_SURFACE(2,2,((#3488,#3489,#3490,#3491,#3492,#3493,#3494,#3495,
#3496),(#3497,#3498,#3499,#3500,#3501,#3502,#3503,#3504,#3505),(#3506,#3507,
#3508,#3509,#3510,#3511,#3512,#3513,#3514),(#3515,#3516,#3517,#3518,#3519,
#3520,#3521,#3522,#3523),(#3524,#3525,#3526,#3527,#3528,#3529,#3530,#3531,
#3532),(#3533,#3534,#3535,#3536,#3537,#3538,#3539,#3540,#3541),(#3542,#3543,
#3544,#3545,#3546,#3547,#3548,#3549,#3550),(#3551,#3552,#3553,#3554,#3555,
#3556,#3557,#3558,#3559),(#3560,#3561,#3562,#3563,#3564,#3565,#3566,#3567,
#3568)),.UNSPECIFIED.,.T.,.T.,.F.)
B_SPLINE_SURFACE_WITH_KNOTS((3,2,2,2,3),(3,2,2,2,3),(-3.14159265358979,
-1.5707963267949,0.,1.5707963267949,3.14159265358979),(0.,1.5707963267949,
3.14159265358979,4.71238898038469,6.28318530717959),.UNSPECIFIED.)
GEOMETRIC_REPRESENTATION_ITEM()
RATIONAL_B_SPLINE_SURFACE(((1.,0.707106781186548,1.,0.707106781186548,1.,
0.707106781186548,1.,0.707106781186548,1.),(0.70710678118656,0.500000000000009,
0.70710678118656,0.500000000000009,0.70710678118656,0.500000000000009,0.70710678118656,
0.500000000000009,0.70710678118656),(1.,0.707106781186548,1.,0.707106781186548,
1.,0.707106781186548,1.,0.707106781186548,1.),(0.707106781186545,0.499999999999998,
0.707106781186545,0.499999999999998,0.707106781186545,0.499999999999998,
0.707106781186545,0.499999999999998,0.707106781186545),(1.,0.707106781186548,
1.,0.707106781186548,1.,0.707106781186548,1.,0.707106781186548,1.),(0.70710678118656,
0.500000000000009,0.70710678118656,0.500000000000009,0.70710678118656,0.500000000000009,
0.70710678118656,0.500000000000009,0.70710678118656),(1.,0.707106781186548,
1.,0.707106781186548,1.,0.707106781186548,1.,0.707106781186548,1.),(0.707106781186545,
0.499999999999998,0.707106781186545,0.499999999999998,0.707106781186545,
0.499999999999998,0.707106781186545,0.499999999999998,0.707106781186545),
(1.,0.707106781186548,1.,0.707106781186548,1.,0.707106781186548,1.,0.707106781186548,
1.)))
REPRESENTATION_ITEM('')
SURFACE()
);
#2037=(
BOUNDED_SURFACE()
B_SPLINE_SURFACE(2,2,((#3689,#3690,#3691,#3692,#3693,#3694,#3695,#3696,
#3697),(#3698,#3699,#3700,#3701,#3702,#3703,#3704,#3705,#3706),(#3707,#3708,
#3709,#3710,#3711,#3712,#3713,#3714,#3715),(#3716,#3717,#3718,#3719,#3720,
#3721,#3722,#3723,#3724),(#3725,#3726,#3727,#3728,#3729,#3730,#3731,#3732,
#3733),(#3734,#3735,#3736,#3737,#3738,#3739,#3740,#3741,#3742),(#3743,#3744,
#3745,#3746,#3747,#3748,#3749,#3750,#3751),(#3752,#3753,#3754,#3755,#3756,
#3757,#3758,#3759,#3760),(#3761,#3762,#3763,#3764,#3765,#3766,#3767,#3768,
#3769),(#3770,#3771,#3772,#3773,#3774,#3775,#3776,#3777,#3778),(#3779,#3780,
#3781,#3782,#3783,#3784,#3785,#3786,#3787)),.UNSPECIFIED.,.T.,.T.,.F.)
B_SPLINE_SURFACE_WITH_KNOTS((3,2,2,2,2,3),(3,2,2,2,3),(1.91876773383932,
3.14159265358979,4.71238898038469,6.28318530717959,7.85398163397448,8.2019530410189),
(0.,1.5707963267949,3.14159265358979,4.71238898038469,6.28318530717959),
 .UNSPECIFIED.)
GEOMETRIC_REPRESENTATION_ITEM()
RATIONAL_B_SPLINE_SURFACE(((0.89897999207449,0.635674848546901,0.89897999207449,
0.635674848546901,0.89897999207449,0.635674848546901,0.89897999207449,0.635674848546901,
0.89897999207449),(0.771990091470468,0.545879428687591,0.771990091470468,
0.545879428687591,0.771990091470468,0.545879428687591,0.771990091470468,
0.545879428687591,0.771990091470468),(1.,0.707106781186548,1.,0.707106781186548,
1.,0.707106781186548,1.,0.707106781186548,1.),(0.707106781186538,0.499999999999994,
0.707106781186538,0.499999999999994,0.707106781186538,0.499999999999994,
0.707106781186538,0.499999999999994,0.707106781186538),(1.,0.707106781186548,
1.,0.707106781186548,1.,0.707106781186548,1.,0.707106781186548,1.),(0.707106781186538,
0.499999999999994,0.707106781186538,0.499999999999994,0.707106781186538,
0.499999999999994,0.707106781186538,0.499999999999994,0.707106781186538),
(1.,0.707106781186548,1.,0.707106781186548,1.,0.707106781186548,1.,0.707106781186548,
1.),(0.707106781186538,0.499999999999994,0.707106781186538,0.499999999999994,
0.707106781186538,0.499999999999994,0.707106781186538,0.499999999999994,
0.707106781186538),(1.,0.707106781186548,1.,0.707106781186548,1.,0.707106781186548,
1.,0.707106781186548,1.),(0.935116689716071,0.66122735249895,0.935116689716071,
0.66122735249895,0.935116689716071,0.66122735249895,0.935116689716071,0.66122735249895,
0.935116689716071),(0.89897999207449,0.635674848546901,0.89897999207449,
0.635674848546901,0.89897999207449,0.635674848546901,0.89897999207449,0.635674848546901,
0.89897999207449)))
REPRESENTATION_ITEM('')
SURFACE()
);
#2038=(
BOUNDED_SURFACE()
B_SPLINE_SURFACE(2,2,((#3834,#3835,#3836,#3837,#3838,#3839,#3840,#3841,
#3842),(#3843,#3844,#3845,#3846,#3847,#3848,#3849,#3850,#3851),(#3852,#3853,
#3854,#3855,#3856,#3857,#3858,#3859,#3860),(#3861,#3862,#3863,#3864,#3865,
#3866,#3867,#3868,#3869),(#3870,#3871,#3872,#3873,#3874,#3875,#3876,#3877,
#3878),(#3879,#3880,#3881,#3882,#3883,#3884,#3885,#3886,#3887),(#3888,#3889,
#3890,#3891,#3892,#3893,#3894,#3895,#3896),(#3897,#3898,#3899,#3900,#3901,
#3902,#3903,#3904,#3905),(#3906,#3907,#3908,#3909,#3910,#3911,#3912,#3913,
#3914)),.UNSPECIFIED.,.T.,.T.,.F.)
B_SPLINE_SURFACE_WITH_KNOTS((3,2,2,2,3),(3,2,2,2,3),(-3.14159265358979,
-1.5707963267949,0.,1.5707963267949,3.14159265358979),(0.,1.5707963267949,
3.14159265358979,4.71238898038469,6.28318530717959),.UNSPECIFIED.)
GEOMETRIC_REPRESENTATION_ITEM()
RATIONAL_B_SPLINE_SURFACE(((1.,0.707106781186548,1.,0.707106781186548,1.,
0.707106781186548,1.,0.707106781186548,1.),(0.707106781186548,0.500000000000001,
0.707106781186548,0.500000000000001,0.707106781186548,0.500000000000001,
0.707106781186548,0.500000000000001,0.707106781186548),(1.,0.707106781186548,
1.,0.707106781186548,1.,0.707106781186548,1.,0.707106781186548,1.),(0.707106781186545,
0.499999999999998,0.707106781186545,0.499999999999998,0.707106781186545,
0.499999999999998,0.707106781186545,0.499999999999998,0.707106781186545),
(1.,0.707106781186548,1.,0.707106781186548,1.,0.707106781186548,1.,0.707106781186548,
1.),(0.707106781186548,0.500000000000001,0.707106781186548,0.500000000000001,
0.707106781186548,0.500000000000001,0.707106781186548,0.500000000000001,
0.707106781186548),(1.,0.707106781186548,1.,0.707106781186548,1.,0.707106781186548,
1.,0.707106781186548,1.),(0.707106781186545,0.499999999999998,0.707106781186545,
0.499999999999998,0.707106781186545,0.499999999999998,0.707106781186545,
0.499999999999998,0.707106781186545),(1.,0.707106781186548,1.,0.707106781186548,
1.,0.707106781186548,1.,0.707106781186548,1.)))
REPRESENTATION_ITEM('')
SURFACE()
);
#2039=(
BOUNDED_SURFACE()
B_SPLINE_SURFACE(2,2,((#3982,#3983,#3984,#3985,#3986,#3987,#3988,#3989,
#3990),(#3991,#3992,#3993,#3994,#3995,#3996,#3997,#3998,#3999),(#4000,#4001,
#4002,#4003,#4004,#4005,#4006,#4007,#4008),(#4009,#4010,#4011,#4012,#4013,
#4014,#4015,#4016,#4017),(#4018,#4019,#4020,#4021,#4022,#4023,#4024,#4025,
#4026),(#4027,#4028,#4029,#4030,#4031,#4032,#4033,#4034,#4035),(#4036,#4037,
#4038,#4039,#4040,#4041,#4042,#4043,#4044),(#4045,#4046,#4047,#4048,#4049,
#4050,#4051,#4052,#4053),(#4054,#4055,#4056,#4057,#4058,#4059,#4060,#4061,
#4062),(#4063,#4064,#4065,#4066,#4067,#4068,#4069,#4070,#4071),(#4072,#4073,
#4074,#4075,#4076,#4077,#4078,#4079,#4080)),.UNSPECIFIED.,.T.,.T.,.F.)
B_SPLINE_SURFACE_WITH_KNOTS((3,2,2,2,2,3),(3,2,2,2,3),(2.36640017392614,
3.14159265358979,4.71238898038469,6.28318530717959,7.85398163397448,8.64958548110573),
(0.,1.5707963267949,3.14159265358979,4.71238898038469,6.28318530717959),
 .UNSPECIFIED.)
GEOMETRIC_REPRESENTATION_ITEM()
RATIONAL_B_SPLINE_SURFACE(((0.853578118295937,0.60357087571951,0.853578118295937,
0.60357087571951,0.853578118295937,0.60357087571951,0.853578118295937,0.60357087571951,
0.853578118295937),(0.855456358857201,0.604898992357079,0.855456358857201,
0.604898992357079,0.855456358857201,0.604898992357079,0.855456358857201,
0.604898992357079,0.855456358857201),(1.,0.707106781186548,1.,0.707106781186548,
1.,0.707106781186548,1.,0.707106781186548,1.),(0.707106781186561,0.500000000000009,
0.707106781186561,0.500000000000009,0.707106781186561,0.500000000000009,
0.707106781186561,0.500000000000009,0.707106781186561),(1.,0.707106781186548,
1.,0.707106781186548,1.,0.707106781186548,1.,0.707106781186548,1.),(0.707106781186547,
0.5,0.707106781186547,0.5,0.707106781186547,0.5,0.707106781186547,0.5,0.707106781186547),
(1.,0.707106781186548,1.,0.707106781186548,1.,0.707106781186548,1.,0.707106781186548,
1.),(0.707106781186547,0.5,0.707106781186547,0.5,0.707106781186547,0.5,
0.707106781186547,0.5,0.707106781186547),(1.,0.707106781186548,1.,0.707106781186548,
1.,0.707106781186548,1.,0.707106781186548,1.),(0.851650422329346,0.602207788829468,
0.851650422329346,0.602207788829468,0.851650422329346,0.602207788829468,
0.851650422329346,0.602207788829468,0.851650422329346),(0.853578118295937,
0.60357087571951,0.853578118295937,0.60357087571951,0.853578118295937,0.60357087571951,
0.853578118295937,0.60357087571951,0.853578118295937)))
REPRESENTATION_ITEM('')
SURFACE()
);
#2040=(
BOUNDED_SURFACE()
B_SPLINE_SURFACE(2,2,((#4271,#4272,#4273,#4274,#4275,#4276,#4277,#4278,
#4279),(#4280,#4281,#4282,#4283,#4284,#4285,#4286,#4287,#4288),(#4289,#4290,
#4291,#4292,#4293,#4294,#4295,#4296,#4297),(#4298,#4299,#4300,#4301,#4302,
#4303,#4304,#4305,#4306),(#4307,#4308,#4309,#4310,#4311,#4312,#4313,#4314,
#4315),(#4316,#4317,#4318,#4319,#4320,#4321,#4322,#4323,#4324),(#4325,#4326,
#4327,#4328,#4329,#4330,#4331,#4332,#4333),(#4334,#4335,#4336,#4337,#4338,
#4339,#4340,#4341,#4342),(#4343,#4344,#4345,#4346,#4347,#4348,#4349,#4350,
#4351),(#4352,#4353,#4354,#4355,#4356,#4357,#4358,#4359,#4360),(#4361,#4362,
#4363,#4364,#4365,#4366,#4367,#4368,#4369)),.UNSPECIFIED.,.T.,.T.,.F.)
B_SPLINE_SURFACE_WITH_KNOTS((3,2,2,2,2,3),(3,2,2,2,3),(2.45995136416511,
3.14159265358979,4.71238898038469,6.28318530717959,7.85398163397448,8.7431366713447),
(0.,1.5707963267949,3.14159265358979,4.71238898038469,6.28318530717959),
 .UNSPECIFIED.)
GEOMETRIC_REPRESENTATION_ITEM()
RATIONAL_B_SPLINE_SURFACE(((0.856109228551404,0.605360640945082,0.856109228551404,
0.605360640945082,0.856109228551404,0.605360640945082,0.856109228551404,
0.605360640945082,0.856109228551404),(0.872900064807804,0.617233555123775,
0.872900064807804,0.617233555123775,0.872900064807804,0.617233555123775,
0.872900064807804,0.617233555123775,0.872900064807804),(1.,0.707106781186548,
1.,0.707106781186548,1.,0.707106781186548,1.,0.707106781186548,1.),(0.707106781186578,
0.500000000000022,0.707106781186578,0.500000000000022,0.707106781186578,
0.500000000000022,0.707106781186578,0.500000000000022,0.707106781186578),
(1.,0.707106781186548,1.,0.707106781186548,1.,0.707106781186548,1.,0.707106781186548,
1.),(0.707106781186512,0.499999999999975,0.707106781186512,0.499999999999975,
0.707106781186512,0.499999999999975,0.707106781186512,0.499999999999975,
0.707106781186512),(1.,0.707106781186548,1.,0.707106781186548,1.,0.707106781186548,
1.,0.707106781186548,1.),(0.707106781186578,0.500000000000022,0.707106781186578,
0.500000000000022,0.707106781186578,0.500000000000022,0.707106781186578,
0.500000000000022,0.707106781186578),(1.,0.707106781186548,1.,0.707106781186548,
1.,0.707106781186548,1.,0.707106781186548,1.),(0.834206716378708,0.589873226062747,
0.834206716378708,0.589873226062747,0.834206716378708,0.589873226062747,
0.834206716378708,0.589873226062747,0.834206716378708),(0.856109228551404,
0.605360640945082,0.856109228551404,0.605360640945082,0.856109228551404,
0.605360640945082,0.856109228551404,0.605360640945082,0.856109228551404)))
REPRESENTATION_ITEM('')
SURFACE()
);
#2041=(
BOUNDED_SURFACE()
B_SPLINE_SURFACE(2,2,((#4545,#4546,#4547,#4548,#4549,#4550,#4551,#4552,
#4553),(#4554,#4555,#4556,#4557,#4558,#4559,#4560,#4561,#4562),(#4563,#4564,
#4565,#4566,#4567,#4568,#4569,#4570,#4571),(#4572,#4573,#4574,#4575,#4576,
#4577,#4578,#4579,#4580),(#4581,#4582,#4583,#4584,#4585,#4586,#4587,#4588,
#4589),(#4590,#4591,#4592,#4593,#4594,#4595,#4596,#4597,#4598),(#4599,#4600,
#4601,#4602,#4603,#4604,#4605,#4606,#4607),(#4608,#4609,#4610,#4611,#4612,
#4613,#4614,#4615,#4616),(#4617,#4618,#4619,#4620,#4621,#4622,#4623,#4624,
#4625)),.UNSPECIFIED.,.T.,.T.,.F.)
B_SPLINE_SURFACE_WITH_KNOTS((3,2,2,2,3),(3,2,2,2,3),(-3.14159265358979,
-1.5707963267949,0.,1.5707963267949,3.14159265358979),(0.,1.5707963267949,
3.14159265358979,4.71238898038469,6.28318530717959),.UNSPECIFIED.)
GEOMETRIC_REPRESENTATION_ITEM()
RATIONAL_B_SPLINE_SURFACE(((1.,0.707106781186548,1.,0.707106781186548,1.,
0.707106781186548,1.,0.707106781186548,1.),(0.707106781186547,0.5,0.707106781186547,
0.5,0.707106781186547,0.5,0.707106781186547,0.5,0.707106781186547),(1.,
0.707106781186548,1.,0.707106781186548,1.,0.707106781186548,1.,0.707106781186548,
1.),(0.707106781186548,0.5,0.707106781186548,0.5,0.707106781186548,0.5,
0.707106781186548,0.5,0.707106781186548),(1.,0.707106781186548,1.,0.707106781186548,
1.,0.707106781186548,1.,0.707106781186548,1.),(0.707106781186548,0.5,0.707106781186548,
0.5,0.707106781186548,0.5,0.707106781186548,0.5,0.707106781186548),(1.,
0.707106781186548,1.,0.707106781186548,1.,0.707106781186548,1.,0.707106781186548,
1.),(0.70710678118655,0.500000000000002,0.70710678118655,0.500000000000002,
0.70710678118655,0.500000000000002,0.70710678118655,0.500000000000002,0.70710678118655),
(1.,0.707106781186548,1.,0.707106781186548,1.,0.707106781186548,1.,0.707106781186548,
1.)))
REPRESENTATION_ITEM('')
SURFACE()
);
#2042=(
BOUNDED_SURFACE()
B_SPLINE_SURFACE(2,2,((#4639,#4640,#4641,#4642,#4643,#4644,#4645,#4646,
#4647),(#4648,#4649,#4650,#4651,#4652,#4653,#4654,#4655,#4656),(#4657,#4658,
#4659,#4660,#4661,#4662,#4663,#4664,#4665),(#4666,#4667,#4668,#4669,#4670,
#4671,#4672,#4673,#4674),(#4675,#4676,#4677,#4678,#4679,#4680,#4681,#4682,
#4683),(#4684,#4685,#4686,#4687,#4688,#4689,#4690,#4691,#4692),(#4693,#4694,
#4695,#4696,#4697,#4698,#4699,#4700,#4701),(#4702,#4703,#4704,#4705,#4706,
#4707,#4708,#4709,#4710),(#4711,#4712,#4713,#4714,#4715,#4716,#4717,#4718,
#4719)),.UNSPECIFIED.,.T.,.T.,.F.)
B_SPLINE_SURFACE_WITH_KNOTS((3,2,2,2,3),(3,2,2,2,3),(-3.14159265358979,
-1.5707963267949,0.,1.5707963267949,3.14159265358979),(0.,1.5707963267949,
3.14159265358979,4.71238898038469,6.28318530717959),.UNSPECIFIED.)
GEOMETRIC_REPRESENTATION_ITEM()
RATIONAL_B_SPLINE_SURFACE(((1.,0.707106781186548,1.,0.707106781186548,1.,
0.707106781186548,1.,0.707106781186548,1.),(0.707106781186547,0.5,0.707106781186547,
0.5,0.707106781186547,0.5,0.707106781186547,0.5,0.707106781186547),(1.,
0.707106781186548,1.,0.707106781186548,1.,0.707106781186548,1.,0.707106781186548,
1.),(0.707106781186548,0.5,0.707106781186548,0.5,0.707106781186548,0.5,
0.707106781186548,0.5,0.707106781186548),(1.,0.707106781186548,1.,0.707106781186548,
1.,0.707106781186548,1.,0.707106781186548,1.),(0.707106781186548,0.5,0.707106781186548,
0.5,0.707106781186548,0.5,0.707106781186548,0.5,0.707106781186548),(1.,
0.707106781186548,1.,0.707106781186548,1.,0.707106781186548,1.,0.707106781186548,
1.),(0.707106781186548,0.500000000000001,0.707106781186548,0.500000000000001,
0.707106781186548,0.500000000000001,0.707106781186548,0.500000000000001,
0.707106781186548),(1.,0.707106781186548,1.,0.707106781186548,1.,0.707106781186548,
1.,0.707106781186548,1.)))
REPRESENTATION_ITEM('')
SURFACE()
);
#2043=(
BOUNDED_SURFACE()
B_SPLINE_SURFACE(2,2,((#4733,#4734,#4735,#4736,#4737,#4738,#4739,#4740,
#4741),(#4742,#4743,#4744,#4745,#4746,#4747,#4748,#4749,#4750),(#4751,#4752,
#4753,#4754,#4755,#4756,#4757,#4758,#4759),(#4760,#4761,#4762,#4763,#4764,
#4765,#4766,#4767,#4768),(#4769,#4770,#4771,#4772,#4773,#4774,#4775,#4776,
#4777),(#4778,#4779,#4780,#4781,#4782,#4783,#4784,#4785,#4786),(#4787,#4788,
#4789,#4790,#4791,#4792,#4793,#4794,#4795),(#4796,#4797,#4798,#4799,#4800,
#4801,#4802,#4803,#4804),(#4805,#4806,#4807,#4808,#4809,#4810,#4811,#4812,
#4813)),.UNSPECIFIED.,.T.,.T.,.F.)
B_SPLINE_SURFACE_WITH_KNOTS((3,2,2,2,3),(3,2,2,2,3),(-3.14159265358979,
-1.5707963267949,0.,1.5707963267949,3.14159265358979),(0.,1.5707963267949,
3.14159265358979,4.71238898038469,6.28318530717959),.UNSPECIFIED.)
GEOMETRIC_REPRESENTATION_ITEM()
RATIONAL_B_SPLINE_SURFACE(((1.,0.707106781186548,1.,0.707106781186548,1.,
0.707106781186548,1.,0.707106781186548,1.),(0.707106781186548,0.5,0.707106781186548,
0.5,0.707106781186548,0.5,0.707106781186548,0.5,0.707106781186548),(1.,
0.707106781186548,1.,0.707106781186548,1.,0.707106781186548,1.,0.707106781186548,
1.),(0.707106781186547,0.5,0.707106781186547,0.5,0.707106781186547,0.5,
0.707106781186547,0.5,0.707106781186547),(1.,0.707106781186548,1.,0.707106781186548,
1.,0.707106781186548,1.,0.707106781186548,1.),(0.707106781186548,0.5,0.707106781186548,
0.5,0.707106781186548,0.5,0.707106781186548,0.5,0.707106781186548),(1.,
0.707106781186548,1.,0.707106781186548,1.,0.707106781186548,1.,0.707106781186548,
1.),(0.707106781186547,0.5,0.707106781186547,0.5,0.707106781186547,0.5,
0.707106781186547,0.5,0.707106781186547),(1.,0.707106781186548,1.,0.707106781186548,
1.,0.707106781186548,1.,0.707106781186548,1.)))
REPRESENTATION_ITEM('')
SURFACE()
);
#2044=(
BOUNDED_SURFACE()
B_SPLINE_SURFACE(2,2,((#4993,#4994,#4995,#4996,#4997,#4998,#4999,#5000,
#5001),(#5002,#5003,#5004,#5005,#5006,#5007,#5008,#5009,#5010),(#5011,#5012,
#5013,#5014,#5015,#5016,#5017,#5018,#5019),(#5020,#5021,#5022,#5023,#5024,
#5025,#5026,#5027,#5028),(#5029,#5030,#5031,#5032,#5033,#5034,#5035,#5036,
#5037),(#5038,#5039,#5040,#5041,#5042,#5043,#5044,#5045,#5046),(#5047,#5048,
#5049,#5050,#5051,#5052,#5053,#5054,#5055),(#5056,#5057,#5058,#5059,#5060,
#5061,#5062,#5063,#5064),(#5065,#5066,#5067,#5068,#5069,#5070,#5071,#5072,
#5073)),.UNSPECIFIED.,.T.,.T.,.F.)
B_SPLINE_SURFACE_WITH_KNOTS((3,2,2,2,3),(3,2,2,2,3),(-3.14159265358979,
-1.5707963267949,0.,1.5707963267949,3.14159265358979),(0.,1.5707963267949,
3.14159265358979,4.71238898038469,6.28318530717959),.UNSPECIFIED.)
GEOMETRIC_REPRESENTATION_ITEM()
RATIONAL_B_SPLINE_SURFACE(((1.,0.707106781186548,1.,0.707106781186548,1.,
0.707106781186548,1.,0.707106781186548,1.),(0.707106781186548,0.5,0.707106781186548,
0.5,0.707106781186548,0.5,0.707106781186548,0.5,0.707106781186548),(1.,
0.707106781186548,1.,0.707106781186548,1.,0.707106781186548,1.,0.707106781186548,
1.),(0.707106781186548,0.5,0.707106781186548,0.5,0.707106781186548,0.5,
0.707106781186548,0.5,0.707106781186548),(1.,0.707106781186548,1.,0.707106781186548,
1.,0.707106781186548,1.,0.707106781186548,1.),(0.707106781186548,0.5,0.707106781186548,
0.5,0.707106781186548,0.5,0.707106781186548,0.5,0.707106781186548),(1.,
0.707106781186548,1.,0.707106781186548,1.,0.707106781186548,1.,0.707106781186548,
1.),(0.707106781186544,0.499999999999998,0.707106781186544,0.499999999999998,
0.707106781186544,0.499999999999998,0.707106781186544,0.499999999999998,
0.707106781186544),(1.,0.707106781186548,1.,0.707106781186548,1.,0.707106781186548,
1.,0.707106781186548,1.)))
REPRESENTATION_ITEM('')
SURFACE()
);
#2045=(
BOUNDED_SURFACE()
B_SPLINE_SURFACE(2,2,((#5081,#5082,#5083,#5084,#5085,#5086,#5087,#5088,
#5089),(#5090,#5091,#5092,#5093,#5094,#5095,#5096,#5097,#5098),(#5099,#5100,
#5101,#5102,#5103,#5104,#5105,#5106,#5107),(#5108,#5109,#5110,#5111,#5112,
#5113,#5114,#5115,#5116),(#5117,#5118,#5119,#5120,#5121,#5122,#5123,#5124,
#5125),(#5126,#5127,#5128,#5129,#5130,#5131,#5132,#5133,#5134),(#5135,#5136,
#5137,#5138,#5139,#5140,#5141,#5142,#5143),(#5144,#5145,#5146,#5147,#5148,
#5149,#5150,#5151,#5152),(#5153,#5154,#5155,#5156,#5157,#5158,#5159,#5160,
#5161)),.UNSPECIFIED.,.T.,.T.,.F.)
B_SPLINE_SURFACE_WITH_KNOTS((3,2,2,2,3),(3,2,2,2,3),(-3.14159265358979,
-1.5707963267949,0.,1.5707963267949,3.14159265358979),(0.,1.5707963267949,
3.14159265358979,4.71238898038469,6.28318530717959),.UNSPECIFIED.)
GEOMETRIC_REPRESENTATION_ITEM()
RATIONAL_B_SPLINE_SURFACE(((1.,0.707106781186548,1.,0.707106781186548,1.,
0.707106781186548,1.,0.707106781186548,1.),(0.707106781186548,0.5,0.707106781186548,
0.5,0.707106781186548,0.5,0.707106781186548,0.5,0.707106781186548),(1.,
0.707106781186548,1.,0.707106781186548,1.,0.707106781186548,1.,0.707106781186548,
1.),(0.707106781186548,0.500000000000001,0.707106781186548,0.500000000000001,
0.707106781186548,0.500000000000001,0.707106781186548,0.500000000000001,
0.707106781186548),(1.,0.707106781186548,1.,0.707106781186548,1.,0.707106781186548,
1.,0.707106781186548,1.),(0.707106781186548,0.5,0.707106781186548,0.5,0.707106781186548,
0.5,0.707106781186548,0.5,0.707106781186548),(1.,0.707106781186548,1.,0.707106781186548,
1.,0.707106781186548,1.,0.707106781186548,1.),(0.707106781186548,0.5,0.707106781186548,
0.5,0.707106781186548,0.5,0.707106781186548,0.5,0.707106781186548),(1.,
0.707106781186548,1.,0.707106781186548,1.,0.707106781186548,1.,0.707106781186548,
1.)))
REPRESENTATION_ITEM('')
SURFACE()
);
#2046=(
BOUNDED_SURFACE()
B_SPLINE_SURFACE(2,2,((#5169,#5170,#5171,#5172,#5173,#5174,#5175,#5176,
#5177,#5178,#5179),(#5180,#5181,#5182,#5183,#5184,#5185,#5186,#5187,#5188,
#5189,#5190),(#5191,#5192,#5193,#5194,#5195,#5196,#5197,#5198,#5199,#5200,
#5201),(#5202,#5203,#5204,#5205,#5206,#5207,#5208,#5209,#5210,#5211,#5212),
(#5213,#5214,#5215,#5216,#5217,#5218,#5219,#5220,#5221,#5222,#5223),(#5224,
#5225,#5226,#5227,#5228,#5229,#5230,#5231,#5232,#5233,#5234),(#5235,#5236,
#5237,#5238,#5239,#5240,#5241,#5242,#5243,#5244,#5245),(#5246,#5247,#5248,
#5249,#5250,#5251,#5252,#5253,#5254,#5255,#5256),(#5257,#5258,#5259,#5260,
#5261,#5262,#5263,#5264,#5265,#5266,#5267)),.UNSPECIFIED.,.T.,.T.,.F.)
B_SPLINE_SURFACE_WITH_KNOTS((3,2,2,2,3),(3,2,2,2,2,3),(-3.14159265358979,
-1.5707963267949,0.,1.5707963267949,3.14159265358979),(6.19483544658988,
6.28318530717959,7.85398163397448,9.42477796076938,10.9955742875643,12.4780207537695),
 .UNSPECIFIED.)
GEOMETRIC_REPRESENTATION_ITEM()
RATIONAL_B_SPLINE_SURFACE(((0.968905437823525,0.983526142372233,1.,0.707106781186548,
1.,0.707106781186548,1.,0.707106781186548,1.,0.723580638814315,0.968905437823525),
(0.685119605413536,0.695458004745652,0.707106781186548,0.5,0.707106781186548,
0.5,0.707106781186548,0.5,0.707106781186548,0.511648776440897,0.685119605413536),
(0.968905437823525,0.983526142372233,1.,0.707106781186548,1.,0.707106781186548,
1.,0.707106781186548,1.,0.723580638814315,0.968905437823525),(0.685119605413537,
0.695458004745653,0.707106781186549,0.500000000000001,0.707106781186549,
0.500000000000001,0.707106781186549,0.500000000000001,0.707106781186549,
0.511648776440897,0.685119605413537),(0.968905437823525,0.983526142372233,
1.,0.707106781186548,1.,0.707106781186548,1.,0.707106781186548,1.,0.723580638814315,
0.968905437823525),(0.685119605413536,0.695458004745652,0.707106781186549,
0.500000000000001,0.707106781186549,0.500000000000001,0.707106781186549,
0.500000000000001,0.707106781186549,0.511648776440897,0.685119605413536),
(0.968905437823525,0.983526142372233,1.,0.707106781186548,1.,0.707106781186548,
1.,0.707106781186548,1.,0.723580638814315,0.968905437823525),(0.685119605413535,
0.695458004745651,0.707106781186547,0.5,0.707106781186547,0.5,0.707106781186547,
0.5,0.707106781186547,0.511648776440896,0.685119605413535),(0.968905437823525,
0.983526142372233,1.,0.707106781186548,1.,0.707106781186548,1.,0.707106781186548,
1.,0.723580638814315,0.968905437823525)))
REPRESENTATION_ITEM('')
SURFACE()
);
#2047=(
BOUNDED_SURFACE()
B_SPLINE_SURFACE(2,2,((#5629,#5630,#5631,#5632,#5633,#5634,#5635,#5636,
#5637),(#5638,#5639,#5640,#5641,#5642,#5643,#5644,#5645,#5646),(#5647,#5648,
#5649,#5650,#5651,#5652,#5653,#5654,#5655),(#5656,#5657,#5658,#5659,#5660,
#5661,#5662,#5663,#5664),(#5665,#5666,#5667,#5668,#5669,#5670,#5671,#5672,
#5673),(#5674,#5675,#5676,#5677,#5678,#5679,#5680,#5681,#5682),(#5683,#5684,
#5685,#5686,#5687,#5688,#5689,#5690,#5691)),.UNSPECIFIED.,.F.,.T.,.F.)
B_SPLINE_SURFACE_WITH_KNOTS((3,2,2,3),(3,2,2,2,3),(-1.66671090859591,-0.555570302865302,
0.555570302865302,1.66671090859591),(0.,1.5707963267949,3.14159265358979,
4.71238898038469,6.28318530717959),.UNSPECIFIED.)
GEOMETRIC_REPRESENTATION_ITEM()
RATIONAL_B_SPLINE_SURFACE(((1.,0.707106781186548,1.,0.707106781186548,1.,
0.707106781186548,1.,0.707106781186548,1.),(0.849599784799078,0.600757769126059,
0.849599784799078,0.600757769126059,0.849599784799078,0.600757769126059,
0.849599784799078,0.600757769126059,0.849599784799078),(1.,0.707106781186548,
1.,0.707106781186548,1.,0.707106781186548,1.,0.707106781186548,1.),(0.84959978479908,
0.600757769126061,0.84959978479908,0.600757769126061,0.84959978479908,0.600757769126061,
0.84959978479908,0.600757769126061,0.84959978479908),(1.,0.707106781186548,
1.,0.707106781186548,1.,0.707106781186548,1.,0.707106781186548,1.),(0.849599784799083,
0.600757769126063,0.849599784799083,0.600757769126063,0.849599784799083,
0.600757769126063,0.849599784799083,0.600757769126063,0.849599784799083),
(1.,0.707106781186548,1.,0.707106781186548,1.,0.707106781186548,1.,0.707106781186548,
1.)))
REPRESENTATION_ITEM('')
SURFACE()
);
#2048=(
BOUNDED_SURFACE()
B_SPLINE_SURFACE(2,2,((#5769,#5770,#5771,#5772,#5773,#5774,#5775,#5776,
#5777),(#5778,#5779,#5780,#5781,#5782,#5783,#5784,#5785,#5786),(#5787,#5788,
#5789,#5790,#5791,#5792,#5793,#5794,#5795),(#5796,#5797,#5798,#5799,#5800,
#5801,#5802,#5803,#5804),(#5805,#5806,#5807,#5808,#5809,#5810,#5811,#5812,
#5813),(#5814,#5815,#5816,#5817,#5818,#5819,#5820,#5821,#5822),(#5823,#5824,
#5825,#5826,#5827,#5828,#5829,#5830,#5831)),.UNSPECIFIED.,.F.,.T.,.F.)
B_SPLINE_SURFACE_WITH_KNOTS((3,2,2,3),(3,2,2,2,3),(-1.66670833192233,-0.55556944397411,
0.55556944397411,1.66670833192233),(0.,1.5707963267949,3.14159265358979,
4.71238898038469,6.28318530717959),.UNSPECIFIED.)
GEOMETRIC_REPRESENTATION_ITEM()
RATIONAL_B_SPLINE_SURFACE(((1.,0.707106781186548,1.,0.707106781186548,1.,
0.707106781186548,1.,0.707106781186548,1.),(0.84960023780196,0.60075808944747,
0.84960023780196,0.60075808944747,0.84960023780196,0.60075808944747,0.84960023780196,
0.60075808944747,0.84960023780196),(1.,0.707106781186548,1.,0.707106781186548,
1.,0.707106781186548,1.,0.707106781186548,1.),(0.84960023780196,0.60075808944747,
0.84960023780196,0.60075808944747,0.84960023780196,0.60075808944747,0.84960023780196,
0.60075808944747,0.84960023780196),(1.,0.707106781186548,1.,0.707106781186548,
1.,0.707106781186548,1.,0.707106781186548,1.),(0.849600237801959,0.600758089447469,
0.849600237801959,0.600758089447469,0.849600237801959,0.600758089447469,
0.849600237801959,0.600758089447469,0.849600237801959),(1.,0.707106781186548,
1.,0.707106781186548,1.,0.707106781186548,1.,0.707106781186548,1.)))
REPRESENTATION_ITEM('')
SURFACE()
);
#2049=ADVANCED_FACE('',(#146),#2031,.F.);
#2050=ADVANCED_FACE('',(#147),#2032,.F.);
#2051=ADVANCED_FACE('',(#148),#2033,.F.);
#2052=ADVANCED_FACE('',(#149),#65,.T.);
#2053=ADVANCED_FACE('',(#150),#2034,.T.);
#2054=ADVANCED_FACE('',(#151),#2035,.T.);
#2055=ADVANCED_FACE('',(#152),#2036,.T.);
#2056=ADVANCED_FACE('',(#153),#66,.T.);
#2057=ADVANCED_FACE('',(#154),#2037,.T.);
#2058=ADVANCED_FACE('',(#155),#2038,.T.);
#2059=ADVANCED_FACE('',(#156),#2039,.T.);
#2060=ADVANCED_FACE('',(#157),#67,.T.);
#2061=ADVANCED_FACE('',(#158),#68,.T.);
#2062=ADVANCED_FACE('',(#159),#2040,.T.);
#2063=ADVANCED_FACE('',(#160),#69,.T.);
#2064=ADVANCED_FACE('',(#161),#70,.T.);
#2065=ADVANCED_FACE('',(#162),#71,.T.);
#2066=ADVANCED_FACE('',(#163),#72,.T.);
#2067=ADVANCED_FACE('',(#164),#73,.T.);
#2068=ADVANCED_FACE('',(#165),#74,.T.);
#2069=ADVANCED_FACE('',(#166),#75,.T.);
#2070=ADVANCED_FACE('',(#167),#76,.T.);
#2071=ADVANCED_FACE('',(#168),#77,.T.);
#2072=ADVANCED_FACE('',(#169),#78,.T.);
#2073=ADVANCED_FACE('',(#170),#2041,.F.);
#2074=ADVANCED_FACE('',(#171),#2042,.F.);
#2075=ADVANCED_FACE('',(#172),#2043,.F.);
#2076=ADVANCED_FACE('',(#173),#79,.T.);
#2077=ADVANCED_FACE('',(#174),#80,.T.);
#2078=ADVANCED_FACE('',(#175),#81,.T.);
#2079=ADVANCED_FACE('',(#176),#82,.T.);
#2080=ADVANCED_FACE('',(#177),#83,.T.);
#2081=ADVANCED_FACE('',(#178),#84,.T.);
#2082=ADVANCED_FACE('',(#179),#85,.T.);
#2083=ADVANCED_FACE('',(#180),#86,.T.);
#2084=ADVANCED_FACE('',(#181),#87,.T.);
#2085=ADVANCED_FACE('',(#182),#88,.T.);
#2086=ADVANCED_FACE('',(#183),#2044,.F.);
#2087=ADVANCED_FACE('',(#184),#89,.T.);
#2088=ADVANCED_FACE('',(#185),#2045,.F.);
#2089=ADVANCED_FACE('',(#186),#90,.T.);
#2090=ADVANCED_FACE('',(#187),#2046,.F.);
#2091=ADVANCED_FACE('',(#188),#91,.T.);
#2092=ADVANCED_FACE('',(#189),#92,.T.);
#2093=ADVANCED_FACE('',(#190),#93,.T.);
#2094=ADVANCED_FACE('',(#191),#94,.T.);
#2095=ADVANCED_FACE('',(#192),#95,.T.);
#2096=ADVANCED_FACE('',(#193),#96,.T.);
#2097=ADVANCED_FACE('',(#194),#97,.T.);
#2098=ADVANCED_FACE('',(#195),#98,.T.);
#2099=ADVANCED_FACE('',(#196),#99,.T.);
#2100=ADVANCED_FACE('',(#197),#100,.T.);
#2101=ADVANCED_FACE('',(#198),#101,.T.);
#2102=ADVANCED_FACE('',(#199),#102,.T.);
#2103=ADVANCED_FACE('',(#200),#103,.T.);
#2104=ADVANCED_FACE('',(#201),#104,.T.);
#2105=ADVANCED_FACE('',(#202),#105,.T.);
#2106=ADVANCED_FACE('',(#203),#106,.T.);
#2107=ADVANCED_FACE('',(#204),#107,.T.);
#2108=ADVANCED_FACE('',(#205),#108,.T.);
#2109=ADVANCED_FACE('',(#206),#109,.T.);
#2110=ADVANCED_FACE('',(#207),#110,.T.);
#2111=ADVANCED_FACE('',(#208),#111,.T.);
#2112=ADVANCED_FACE('',(#209),#112,.T.);
#2113=ADVANCED_FACE('',(#210),#113,.T.);
#2114=ADVANCED_FACE('',(#211),#114,.T.);
#2115=ADVANCED_FACE('',(#212),#115,.T.);
#2116=ADVANCED_FACE('',(#213),#116,.T.);
#2117=ADVANCED_FACE('',(#214),#117,.T.);
#2118=ADVANCED_FACE('',(#215),#118,.T.);
#2119=ADVANCED_FACE('',(#216),#119,.T.);
#2120=ADVANCED_FACE('',(#217),#120,.T.);
#2121=ADVANCED_FACE('',(#218),#121,.T.);
#2122=ADVANCED_FACE('',(#219),#122,.T.);
#2123=ADVANCED_FACE('',(#220),#123,.T.);
#2124=ADVANCED_FACE('',(#221),#124,.T.);
#2125=ADVANCED_FACE('',(#222),#125,.T.);
#2126=ADVANCED_FACE('',(#223),#126,.T.);
#2127=ADVANCED_FACE('',(#224),#127,.T.);
#2128=ADVANCED_FACE('',(#225),#128,.T.);
#2129=ADVANCED_FACE('',(#226),#129,.T.);
#2130=ADVANCED_FACE('',(#227),#130,.T.);
#2131=ADVANCED_FACE('',(#228),#131,.T.);
#2132=ADVANCED_FACE('',(#229),#132,.T.);
#2133=ADVANCED_FACE('',(#230),#133,.T.);
#2134=ADVANCED_FACE('',(#231),#2047,.T.);
#2135=ADVANCED_FACE('',(#232),#2048,.T.);
#2136=ADVANCED_FACE('',(#233),#134,.F.);
#2137=ADVANCED_FACE('',(#234),#135,.F.);
#2138=ADVANCED_FACE('',(#235),#136,.F.);
#2139=ADVANCED_FACE('',(#236),#137,.F.);
#2140=ADVANCED_FACE('',(#237),#138,.F.);
#2141=ADVANCED_FACE('',(#238),#139,.F.);
#2142=ADVANCED_FACE('',(#239),#140,.F.);
#2143=ADVANCED_FACE('',(#240),#141,.F.);
#2144=ADVANCED_FACE('',(#241),#142,.F.);
#2145=ADVANCED_FACE('',(#242),#143,.F.);
#2146=ADVANCED_FACE('',(#243),#144,.F.);
#2147=ADVANCED_FACE('',(#244),#145,.F.);
#2148=ADVANCED_FACE('',(#245),#19,.F.);
#2149=ADVANCED_FACE('',(#246),#20,.F.);
#2150=ADVANCED_FACE('',(#247),#21,.F.);
#2151=ADVANCED_FACE('',(#248,#15),#17,.T.);
#2152=ADVANCED_FACE('',(#249,#16),#18,.T.);
#2153=CLOSED_SHELL('',(#2049,#2050,#2051,#2052,#2053,#2054,#2055,#2056,
#2057,#2058,#2059,#2060,#2061,#2062,#2063,#2064,#2065,#2066,#2067,#2068,
#2069,#2070,#2071,#2072,#2073,#2074,#2075,#2076,#2077,#2078,#2079,#2080,
#2081,#2082,#2083,#2084,#2085,#2086,#2087,#2088,#2089,#2090,#2091,#2092,
#2093,#2094,#2095,#2096,#2097,#2098,#2099,#2100,#2101,#2102,#2103,#2104,
#2105,#2106,#2107,#2108,#2109,#2110,#2111,#2112,#2113,#2114,#2115,#2116,
#2117,#2118,#2119,#2120,#2121,#2122,#2123,#2124,#2125,#2126,#2127,#2128,
#2129,#2130,#2131,#2132,#2133,#2134,#2135,#2136,#2137,#2138,#2139,#2140,
#2141,#2142,#2143,#2144,#2145,#2146,#2147,#2148,#2149,#2150,#2151,#2152));
#2154=DERIVED_UNIT_ELEMENT(#2156,1.);
#2155=DERIVED_UNIT_ELEMENT(#6203,-3.);
#2156=(
MASS_UNIT()
NAMED_UNIT(*)
SI_UNIT(.KILO.,.GRAM.)
);
#2157=DERIVED_UNIT((#2154,#2155));
#2158=MEASURE_REPRESENTATION_ITEM('density measure',
POSITIVE_RATIO_MEASURE(7850.),#2157);
#2159=PROPERTY_DEFINITION_REPRESENTATION(#2164,#2161);
#2160=PROPERTY_DEFINITION_REPRESENTATION(#2165,#2162);
#2161=REPRESENTATION('material name',(#2163),#6200);
#2162=REPRESENTATION('density',(#2158),#6200);
#2163=DESCRIPTIVE_REPRESENTATION_ITEM('Steel','Steel');
#2164=PROPERTY_DEFINITION('material property','material name',#6210);
#2165=PROPERTY_DEFINITION('material property','density of part',#6210);
#2166=AXIS2_PLACEMENT_3D('',#2707,#2323,#2324);
#2167=AXIS2_PLACEMENT_3D('',#2805,#2325,#2326);
#2168=AXIS2_PLACEMENT_3D('',#2921,#2329,#2330);
#2169=AXIS2_PLACEMENT_3D('',#3032,#2333,#2334);
#2170=AXIS2_PLACEMENT_3D('',#3047,#2337,#2338);
#2171=AXIS2_PLACEMENT_3D('',#3049,#2339,#2340);
#2172=AXIS2_PLACEMENT_3D('',#3073,#2342,#2343);
#2173=AXIS2_PLACEMENT_3D('',#3486,#2344,#2345);
#2174=AXIS2_PLACEMENT_3D('',#3487,#2346,#2347);
#2175=AXIS2_PLACEMENT_3D('',#3571,#2348,#2349);
#2176=AXIS2_PLACEMENT_3D('',#3616,#2350,#2351);
#2177=AXIS2_PLACEMENT_3D('',#3617,#2352,#2353);
#2178=AXIS2_PLACEMENT_3D('',#3685,#2355,#2356);
#2179=AXIS2_PLACEMENT_3D('',#3687,#2357,#2358);
#2180=AXIS2_PLACEMENT_3D('',#3688,#2359,#2360);
#2181=AXIS2_PLACEMENT_3D('',#4083,#2361,#2362);
#2182=AXIS2_PLACEMENT_3D('',#4085,#2363,#2364);
#2183=AXIS2_PLACEMENT_3D('',#4086,#2365,#2366);
#2184=AXIS2_PLACEMENT_3D('',#4094,#2367,#2368);
#2185=AXIS2_PLACEMENT_3D('',#4184,#2370,#2371);
#2186=AXIS2_PLACEMENT_3D('',#4205,#2373,#2374);
#2187=AXIS2_PLACEMENT_3D('',#4207,#2375,#2376);
#2188=AXIS2_PLACEMENT_3D('',#4208,#2377,#2378);
#2189=AXIS2_PLACEMENT_3D('',#4372,#2379,#2380);
#2190=AXIS2_PLACEMENT_3D('',#4374,#2381,#2382);
#2191=AXIS2_PLACEMENT_3D('',#4375,#2383,#2384);
#2192=AXIS2_PLACEMENT_3D('',#4383,#2385,#2386);
#2193=AXIS2_PLACEMENT_3D('',#4475,#2388,#2389);
#2194=AXIS2_PLACEMENT_3D('',#4499,#2393,#2394);
#2195=AXIS2_PLACEMENT_3D('',#4511,#2396,#2397);
#2196=AXIS2_PLACEMENT_3D('',#4513,#2399,#2400);
#2197=AXIS2_PLACEMENT_3D('',#4517,#2402,#2403);
#2198=AXIS2_PLACEMENT_3D('',#4525,#2405,#2406);
#2199=AXIS2_PLACEMENT_3D('',#4528,#2408,#2409);
#2200=AXIS2_PLACEMENT_3D('',#4529,#2410,#2411);
#2201=AXIS2_PLACEMENT_3D('',#4530,#2412,#2413);
#2202=AXIS2_PLACEMENT_3D('',#4531,#2414,#2415);
#2203=AXIS2_PLACEMENT_3D('',#4536,#2416,#2417);
#2204=AXIS2_PLACEMENT_3D('',#4537,#2418,#2419);
#2205=AXIS2_PLACEMENT_3D('',#4538,#2420,#2421);
#2206=AXIS2_PLACEMENT_3D('',#4540,#2422,#2423);
#2207=AXIS2_PLACEMENT_3D('',#4822,#2424,#2425);
#2208=AXIS2_PLACEMENT_3D('',#4827,#2427,#2428);
#2209=AXIS2_PLACEMENT_3D('',#4838,#2429,#2430);
#2210=AXIS2_PLACEMENT_3D('',#4846,#2431,#2432);
#2211=AXIS2_PLACEMENT_3D('',#4854,#2433,#2434);
#2212=AXIS2_PLACEMENT_3D('',#4861,#2435,#2436);
#2213=AXIS2_PLACEMENT_3D('',#4869,#2437,#2438);
#2214=AXIS2_PLACEMENT_3D('',#4871,#2439,#2440);
#2215=AXIS2_PLACEMENT_3D('',#4873,#2441,#2442);
#2216=AXIS2_PLACEMENT_3D('',#4879,#2443,#2444);
#2217=AXIS2_PLACEMENT_3D('',#4880,#2445,#2446);
#2218=AXIS2_PLACEMENT_3D('',#4902,#2447,#2448);
#2219=AXIS2_PLACEMENT_3D('',#4908,#2449,#2450);
#2220=AXIS2_PLACEMENT_3D('',#4909,#2451,#2452);
#2221=AXIS2_PLACEMENT_3D('',#4911,#2453,#2454);
#2222=AXIS2_PLACEMENT_3D('',#4913,#2455,#2456);
#2223=AXIS2_PLACEMENT_3D('',#4916,#2458,#2459);
#2224=AXIS2_PLACEMENT_3D('',#4917,#2460,#2461);
#2225=AXIS2_PLACEMENT_3D('',#4920,#2462,#2463);
#2226=AXIS2_PLACEMENT_3D('',#4948,#2465,#2466);
#2227=AXIS2_PLACEMENT_3D('',#4950,#2467,#2468);
#2228=AXIS2_PLACEMENT_3D('',#4966,#2471,#2472);
#2229=AXIS2_PLACEMENT_3D('',#4973,#2473,#2474);
#2230=AXIS2_PLACEMENT_3D('',#4984,#2475,#2476);
#2231=AXIS2_PLACEMENT_3D('',#4985,#2477,#2478);
#2232=AXIS2_PLACEMENT_3D('',#4986,#2479,#2480);
#2233=AXIS2_PLACEMENT_3D('',#4987,#2481,#2482);
#2234=AXIS2_PLACEMENT_3D('',#5079,#2485,#2486);
#2235=AXIS2_PLACEMENT_3D('',#5167,#2489,#2490);
#2236=AXIS2_PLACEMENT_3D('',#5273,#2493,#2494);
#2237=AXIS2_PLACEMENT_3D('',#5274,#2495,#2496);
#2238=AXIS2_PLACEMENT_3D('',#5275,#2497,#2498);
#2239=AXIS2_PLACEMENT_3D('',#5294,#2501,#2502);
#2240=AXIS2_PLACEMENT_3D('',#5295,#2503,#2504);
#2241=AXIS2_PLACEMENT_3D('',#5298,#2505,#2506);
#2242=AXIS2_PLACEMENT_3D('',#5302,#2509,#2510);
#2243=AXIS2_PLACEMENT_3D('',#5303,#2511,#2512);
#2244=AXIS2_PLACEMENT_3D('',#5329,#2514,#2515);
#2245=AXIS2_PLACEMENT_3D('',#5333,#2517,#2518);
#2246=AXIS2_PLACEMENT_3D('',#5341,#2520,#2521);
#2247=AXIS2_PLACEMENT_3D('',#5353,#2523,#2524);
#2248=AXIS2_PLACEMENT_3D('',#5355,#2526,#2527);
#2249=AXIS2_PLACEMENT_3D('',#5371,#2529,#2530);
#2250=AXIS2_PLACEMENT_3D('',#5373,#2531,#2532);
#2251=AXIS2_PLACEMENT_3D('',#5374,#2533,#2534);
#2252=AXIS2_PLACEMENT_3D('',#5375,#2535,#2536);
#2253=AXIS2_PLACEMENT_3D('',#5378,#2539,#2540);
#2254=AXIS2_PLACEMENT_3D('',#5380,#2542,#2543);
#2255=AXIS2_PLACEMENT_3D('',#5382,#2545,#2546);
#2256=AXIS2_PLACEMENT_3D('',#5384,#2548,#2549);
#2257=AXIS2_PLACEMENT_3D('',#5386,#2551,#2552);
#2258=AXIS2_PLACEMENT_3D('',#5387,#2553,#2554);
#2259=AXIS2_PLACEMENT_3D('',#5399,#2555,#2556);
#2260=AXIS2_PLACEMENT_3D('',#5400,#2557,#2558);
#2261=AXIS2_PLACEMENT_3D('',#5401,#2559,#2560);
#2262=AXIS2_PLACEMENT_3D('',#5403,#2561,#2562);
#2263=AXIS2_PLACEMENT_3D('',#5405,#2564,#2565);
#2264=AXIS2_PLACEMENT_3D('',#5409,#2567,#2568);
#2265=AXIS2_PLACEMENT_3D('',#5411,#2569,#2570);
#2266=AXIS2_PLACEMENT_3D('',#5413,#2572,#2573);
#2267=AXIS2_PLACEMENT_3D('',#5417,#2575,#2576);
#2268=AXIS2_PLACEMENT_3D('',#5419,#2578,#2579);
#2269=AXIS2_PLACEMENT_3D('',#5421,#2580,#2581);
#2270=AXIS2_PLACEMENT_3D('',#5422,#2582,#2583);
#2271=AXIS2_PLACEMENT_3D('',#5423,#2584,#2585);
#2272=AXIS2_PLACEMENT_3D('',#5432,#2586,#2587);
#2273=AXIS2_PLACEMENT_3D('',#5434,#2589,#2590);
#2274=AXIS2_PLACEMENT_3D('',#5435,#2591,#2592);
#2275=AXIS2_PLACEMENT_3D('',#5442,#2593,#2594);
#2276=AXIS2_PLACEMENT_3D('',#5444,#2595,#2596);
#2277=AXIS2_PLACEMENT_3D('',#5446,#2598,#2599);
#2278=AXIS2_PLACEMENT_3D('',#5448,#2600,#2601);
#2279=AXIS2_PLACEMENT_3D('',#5450,#2602,#2603);
#2280=AXIS2_PLACEMENT_3D('',#5452,#2605,#2606);
#2281=AXIS2_PLACEMENT_3D('',#5454,#2607,#2608);
#2282=AXIS2_PLACEMENT_3D('',#5456,#2609,#2610);
#2283=AXIS2_PLACEMENT_3D('',#5457,#2611,#2612);
#2284=AXIS2_PLACEMENT_3D('',#5458,#2613,#2614);
#2285=AXIS2_PLACEMENT_3D('',#5461,#2617,#2618);
#2286=AXIS2_PLACEMENT_3D('',#5463,#2620,#2621);
#2287=AXIS2_PLACEMENT_3D('',#5468,#2622,#2623);
#2288=AXIS2_PLACEMENT_3D('',#5469,#2624,#2625);
#2289=AXIS2_PLACEMENT_3D('',#5481,#2627,#2628);
#2290=AXIS2_PLACEMENT_3D('',#5489,#2630,#2631);
#2291=AXIS2_PLACEMENT_3D('',#5512,#2633,#2634);
#2292=AXIS2_PLACEMENT_3D('',#5516,#2636,#2637);
#2293=AXIS2_PLACEMENT_3D('',#5518,#2638,#2639);
#2294=AXIS2_PLACEMENT_3D('',#5520,#2641,#2642);
#2295=AXIS2_PLACEMENT_3D('',#5538,#2645,#2646);
#2296=AXIS2_PLACEMENT_3D('',#5575,#2647,#2648);
#2297=AXIS2_PLACEMENT_3D('',#5597,#2649,#2650);
#2298=AXIS2_PLACEMENT_3D('',#5606,#2651,#2652);
#2299=AXIS2_PLACEMENT_3D('',#5611,#2653,#2654);
#2300=AXIS2_PLACEMENT_3D('',#5616,#2655,#2656);
#2301=AXIS2_PLACEMENT_3D('',#5621,#2657,#2658);
#2302=AXIS2_PLACEMENT_3D('',#5623,#2660,#2661);
#2303=AXIS2_PLACEMENT_3D('',#5628,#2662,#2663);
#2304=AXIS2_PLACEMENT_3D('',#5909,#2664,#2665);
#2305=AXIS2_PLACEMENT_3D('',#5912,#2667,#2668);
#2306=AXIS2_PLACEMENT_3D('',#5913,#2669,#2670);
#2307=AXIS2_PLACEMENT_3D('',#5915,#2671,#2672);
#2308=AXIS2_PLACEMENT_3D('',#5917,#2674,#2675);
#2309=AXIS2_PLACEMENT_3D('',#5947,#2676,#2677);
#2310=AXIS2_PLACEMENT_3D('',#5979,#2678,#2679);
#2311=AXIS2_PLACEMENT_3D('',#6011,#2680,#2681);
#2312=AXIS2_PLACEMENT_3D('',#6038,#2682,#2683);
#2313=AXIS2_PLACEMENT_3D('',#6056,#2684,#2685);
#2314=AXIS2_PLACEMENT_3D('',#6086,#2686,#2687);
#2315=AXIS2_PLACEMENT_3D('',#6113,#2688,#2689);
#2316=AXIS2_PLACEMENT_3D('',#6140,#2690,#2691);
#2317=AXIS2_PLACEMENT_3D('',#6172,#2692,#2693);
#2318=AXIS2_PLACEMENT_3D('',#6190,#2694,#2695);
#2319=AXIS2_PLACEMENT_3D('',#6192,#2697,#2698);
#2320=AXIS2_PLACEMENT_3D('',#6194,#2700,#2701);
#2321=AXIS2_PLACEMENT_3D('',#6196,#2703,#2704);
#2322=AXIS2_PLACEMENT_3D('',#6197,#2705,#2706);
#2323=DIRECTION('axis',(0.,0.,1.));
#2324=DIRECTION('refdir',(1.,0.,0.));
#2325=DIRECTION('center_axis',(-0.195795310395393,-0.963961678109374,-0.180116849749633));
#2326=DIRECTION('ref_axis',(-0.709436074766211,0.266041130535413,-0.652627437887614));
#2327=DIRECTION('',(-0.0628014889628627,0.947691706866762,0.312947921737803));
#2328=DIRECTION('',(-0.113495933534885,-0.977435886481148,-0.178150949730436));
#2329=DIRECTION('center_axis',(-0.264910856974288,-0.964242584730221,0.00764693729091559));
#2330=DIRECTION('ref_axis',(-0.963841107971833,0.265021202534407,0.0278223074321079));
#2331=DIRECTION('',(0.18830043189429,0.947692106795938,0.257725858355542));
#2332=DIRECTION('',(-0.208021548873722,-0.977436270865027,-0.036679307540446));
#2333=DIRECTION('center_axis',(-0.186464240523735,-0.96460172186082,0.186479503401975));
#2334=DIRECTION('ref_axis',(-0.682048506126851,0.263711050551812,0.682104330074946));
#2335=DIRECTION('',(0.31723003850061,0.94769189046587,0.0352871565605348));
#2336=DIRECTION('',(-0.167581300777763,-0.977436182272049,0.128588557869958));
#2337=DIRECTION('center_axis',(-1.86280091803432E-5,0.99999873435975,-0.00159089028391707));
#2338=DIRECTION('ref_axis',(2.61431649310918E-5,-0.00159088979665514,-0.999998734192294));
#2339=DIRECTION('center_axis',(1.36829982623795E-16,-1.,-2.28519151379558E-8));
#2340=DIRECTION('ref_axis',(0.0117082017632818,-2.2850348609652E-8,0.99993145665664));
#2341=DIRECTION('',(-0.103047651482113,0.969451520167751,-0.222586907899941));
#2342=DIRECTION('center_axis',(2.11356684118268E-5,-0.999998370668939,0.00180505200789795));
#2343=DIRECTION('ref_axis',(-0.999931454576353,1.41364310504648E-11,0.0117083794275266));
#2344=DIRECTION('center_axis',(9.97836619303229E-10,-0.999999999999999,
-4.84896143998057E-8));
#2345=DIRECTION('ref_axis',(-1.,-9.97836581071068E-10,-1.28385887758721E-9));
#2346=DIRECTION('center_axis',(9.97836619303229E-10,-0.999999999999999,
-4.84896143998057E-8));
#2347=DIRECTION('ref_axis',(-1.,-9.97836581071068E-10,-1.28385887758721E-9));
#2348=DIRECTION('center_axis',(2.23381385843803E-9,1.,2.04938341111179E-8));
#2349=DIRECTION('ref_axis',(1.,-2.23381378091623E-9,-2.87411766484431E-9));
#2350=DIRECTION('center_axis',(2.23381385843803E-9,1.,2.04938341111179E-8));
#2351=DIRECTION('ref_axis',(1.,-2.23381378091623E-9,-2.87411766484431E-9));
#2352=DIRECTION('center_axis',(8.83084183179843E-6,0.999999999960674,-8.17114122332883E-7));
#2353=DIRECTION('ref_axis',(-5.5518398295683E-7,8.17119024906574E-7,0.999999999999512));
#2354=DIRECTION('',(-5.66063189976516E-6,-0.590257840885973,0.807214767729497));
#2355=DIRECTION('center_axis',(-3.19864399197721E-9,-1.,-8.88837265406346E-9));
#2356=DIRECTION('ref_axis',(-1.,3.19864395613614E-9,4.11550849857888E-9));
#2357=DIRECTION('center_axis',(-3.19864399197721E-9,-1.,-8.88837265406346E-9));
#2358=DIRECTION('ref_axis',(-1.,3.19864395613614E-9,4.11550849857888E-9));
#2359=DIRECTION('center_axis',(-3.19864399197721E-9,-1.,-8.88837265406346E-9));
#2360=DIRECTION('ref_axis',(-1.,3.19864395613614E-9,4.11550849857888E-9));
#2361=DIRECTION('center_axis',(1.54565499421464E-5,-0.999999999880532,-1.74155829932895E-7));
#2362=DIRECTION('ref_axis',(4.24263574620925E-16,1.74155829888154E-7,-0.999999999999985));
#2363=DIRECTION('center_axis',(1.54565499421464E-5,-0.999999999880532,-1.74155829932895E-7));
#2364=DIRECTION('ref_axis',(4.24263574620925E-16,1.74155829888154E-7,-0.999999999999985));
#2365=DIRECTION('center_axis',(1.54565499421464E-5,-0.999999999880532,-1.74155829932895E-7));
#2366=DIRECTION('ref_axis',(4.24263574620925E-16,1.74155829888154E-7,-0.999999999999985));
#2367=DIRECTION('center_axis',(1.43941746234524E-5,-0.999999999896391,-1.62071925064136E-7));
#2368=DIRECTION('ref_axis',(-9.7098259021117E-7,1.62057948423739E-7,-0.999999999999515));
#2369=DIRECTION('',(1.12800353144975E-5,-0.738143725812459,0.674643490976132));
#2370=DIRECTION('center_axis',(6.66670988840171E-6,0.999999999977754,-2.17742382162141E-7));
#2371=DIRECTION('ref_axis',(-3.79035946179115E-7,2.17744908720319E-7,0.999999999999905));
#2372=DIRECTION('',(-3.69717196628508E-6,-0.505516542178367,0.862816913122569));
#2373=DIRECTION('center_axis',(-6.44473372089823E-9,-1.,-2.09387029592912E-8));
#2374=DIRECTION('ref_axis',(-1.,6.44473354996523E-9,8.29206314814019E-9));
#2375=DIRECTION('center_axis',(-6.44473372089823E-9,-1.,-2.09387029592912E-8));
#2376=DIRECTION('ref_axis',(-1.,6.44473354996523E-9,8.29206314814019E-9));
#2377=DIRECTION('center_axis',(-6.44473372089823E-9,-1.,-2.09387029592912E-8));
#2378=DIRECTION('ref_axis',(-1.,6.44473354996523E-9,8.29206314814019E-9));
#2379=DIRECTION('center_axis',(1.64229498000804E-5,-0.999999999865012,-5.12519536304834E-7));
#2380=DIRECTION('ref_axis',(2.71900234965844E-16,5.12519536275237E-7,-0.999999999999869));
#2381=DIRECTION('center_axis',(1.64229498000804E-5,-0.999999999865012,-5.12519536304834E-7));
#2382=DIRECTION('ref_axis',(2.71900234965844E-16,5.12519536275237E-7,-0.999999999999869));
#2383=DIRECTION('center_axis',(1.64229498000804E-5,-0.999999999865012,-5.12519536304834E-7));
#2384=DIRECTION('ref_axis',(2.71900234965844E-16,5.12519536275237E-7,-0.999999999999869));
#2385=DIRECTION('center_axis',(1.5095959933623E-5,-0.999999999885945,-4.70973870364162E-7));
#2386=DIRECTION('ref_axis',(-9.94118751801045E-7,4.70958862642782E-7,-0.999999999999395));
#2387=DIRECTION('',(1.26777143579168E-5,-0.800325282346541,0.599566044966028));
#2388=DIRECTION('center_axis',(-0.001835759859551,0.999997018838862,-0.00161006183956766));
#2389=DIRECTION('ref_axis',(-0.751824431638377,-0.00244178487702084,-0.659358826192723));
#2390=DIRECTION('',(-0.0970841694085985,0.977450174837894,-0.187525517622569));
#2391=DIRECTION('',(0.36243609171898,3.64249766309792E-7,-0.932008626258008));
#2392=DIRECTION('',(0.198491293522356,-0.97743633743259,0.0722455027125347));
#2393=DIRECTION('center_axis',(-0.00268744411965356,0.999996335857444,0.00032544706236242));
#2394=DIRECTION('ref_axis',(-0.994050215709921,-0.00270690197085899,0.108889124015114));
#2395=DIRECTION('',(-0.140687056108966,0.947691846727049,-0.286508840859174));
#2396=DIRECTION('center_axis',(0.186109940333631,-0.962822629724901,-0.195794978992413));
#2397=DIRECTION('ref_axis',(0.663339709063825,0.270134380798941,-0.697859474886952));
#2398=DIRECTION('',(0.187364654677364,-0.977436073877317,-0.0975356737862045));
#2399=DIRECTION('center_axis',(-0.00173402962988714,0.999995556728886,0.00242480179172754));
#2400=DIRECTION('ref_axis',(-0.591288143163194,-0.00298081760201504,0.806454863263311));
#2401=DIRECTION('',(-0.306281742891969,0.94769239627005,-0.0898366073657512));
#2402=DIRECTION('center_axis',(0.184226412158206,-0.963405691488569,-0.194705168577383));
#2403=DIRECTION('ref_axis',(0.662139208062841,0.268047521173825,-0.69980154010868));
#2404=DIRECTION('',(0.0546715177879892,-0.977436466494438,-0.204031809063257));
#2405=DIRECTION('center_axis',(0.000630957911410037,0.99999531964096,0.00299375822124372));
#2406=DIRECTION('ref_axis',(0.206225934363873,-0.0030595254817097,0.97849961844631));
#2407=DIRECTION('',(-0.273154396037129,0.947692517769095,0.165122886633153));
#2408=DIRECTION('center_axis',(-0.0082821665872688,-0.963731470354624,-0.266745306921669));
#2409=DIRECTION('ref_axis',(-0.0299084547859368,0.266873852312502,-0.963267268874118));
#2410=DIRECTION('center_axis',(0.0024493762839638,0.99999595192255,0.00144799666204514));
#2411=DIRECTION('ref_axis',(0.86082446871268,-0.00284537141929378,0.508894034084719));
#2412=DIRECTION('center_axis',(0.00260243113654102,0.999996301540727,-0.000790099390341323));
#2413=DIRECTION('ref_axis',(0.95686963739112,-0.00271972514549646,-0.290504905525051));
#2414=DIRECTION('center_axis',(0.00949482345439717,0.999863350526216,-0.0135325016925293));
#2415=DIRECTION('ref_axis',(0.574279651947592,-0.0165311909579586,-0.818492273075601));
#2416=DIRECTION('center_axis',(-3.55726485630648E-5,0.999999423860277,-0.00107285306589052));
#2417=DIRECTION('ref_axis',(-0.0217964984730272,-0.00107337354556914,-0.999761851904516));
#2418=DIRECTION('center_axis',(0.000858737737445929,-0.999999306446837,
0.0008060244065892));
#2419=DIRECTION('ref_axis',(-0.684373282056545,8.78668124963018E-10,0.729131819911292));
#2420=DIRECTION('center_axis',(-0.000756879108683571,0.999999461219617,
-0.00071041853205698));
#2421=DIRECTION('ref_axis',(-0.737214377849711,-0.00103798276422942,-0.675658111535297));
#2422=DIRECTION('center_axis',(1.36829982623795E-16,-1.,-2.28519151379558E-8));
#2423=DIRECTION('ref_axis',(0.729120231027258,-1.56395225784328E-8,0.684385628652997));
#2424=DIRECTION('center_axis',(-0.0005818448367231,-0.999998659137039,-0.00153074514897436));
#2425=DIRECTION('ref_axis',(-0.342077879843064,0.00163743400992827,-0.939670177738943));
#2426=DIRECTION('',(-0.165770237392681,-0.96942945900644,-0.180905368646859));
#2427=DIRECTION('center_axis',(7.20157803283071E-18,1.,-1.20273243411467E-9));
#2428=DIRECTION('ref_axis',(0.355303788670629,1.12425516170142E-9,0.934750885400114));
#2429=DIRECTION('center_axis',(-0.00589344834187304,-0.999791760043805,
-0.0195372417488258));
#2430=DIRECTION('ref_axis',(-0.288738429930921,0.0204067770240769,-0.957190515275051));
#2431=DIRECTION('center_axis',(-0.00114650973051165,-0.999999231138056,
-0.00047248146405257));
#2432=DIRECTION('ref_axis',(-0.923894499991923,0.00124004779274015,-0.382645286350356));
#2433=DIRECTION('center_axis',(7.20157803283071E-18,1.,-1.20273243411467E-9));
#2434=DIRECTION('ref_axis',(0.924567211231236,4.58263879110081E-10,0.381018991542542));
#2435=DIRECTION('center_axis',(-0.208709181894514,-0.964457646503073,-0.162055316156789));
#2436=DIRECTION('ref_axis',(-0.761781267835613,0.264237484285924,-0.591496282214024));
#2437=DIRECTION('center_axis',(-0.00150685485944794,-0.99999870306094,0.000568563866916322));
#2438=DIRECTION('ref_axis',(-0.939583905192021,0.00161044654596352,0.342314901174392));
#2439=DIRECTION('center_axis',(-0.00170970730591485,-0.999998330369757,
0.000645103578249282));
#2440=DIRECTION('ref_axis',(0.353023628512271,1.1246898407045E-9,0.935614406532964));
#2441=DIRECTION('center_axis',(-0.152313609931281,-0.963703401948661,0.219263123443682));
#2442=DIRECTION('ref_axis',(-0.549808181024829,0.266975191867293,0.79147660167916));
#2443=DIRECTION('center_axis',(7.20157803283071E-18,1.,-1.20273243411467E-9));
#2444=DIRECTION('ref_axis',(0.935614395901947,-4.24593042033859E-10,-0.35302365668753));
#2445=DIRECTION('center_axis',(-0.000643467078684555,-0.99999857742146,
0.00155920017166283));
#2446=DIRECTION('ref_axis',(-0.380622484157408,0.00168675801592164,0.924728976187747));
#2447=DIRECTION('center_axis',(-0.000730094254753707,-0.999998168607439,
0.0017691082913398));
#2448=DIRECTION('ref_axis',(0.924376408524432,4.59006644012996E-10,0.381481657964669));
#2449=DIRECTION('center_axis',(7.20157803283071E-18,1.,-1.20273243411467E-9));
#2450=DIRECTION('ref_axis',(0.381481646713216,-1.11177740452965E-9,-0.924376413167803));
#2451=DIRECTION('center_axis',(0.000616919039341359,-0.999998484935206,
0.00162774021027254));
#2452=DIRECTION('ref_axis',(0.354402945112754,0.00174072608219663,0.935091183985879));
#2453=DIRECTION('center_axis',(0.00069997452831965,-0.999998049529728,0.00184688180445477));
#2454=DIRECTION('ref_axis',(-0.935092585213528,4.26699985325614E-10,0.354403522949025));
#2455=DIRECTION('center_axis',(0.231342648843085,-0.963129792950152,0.137337470335163));
#2456=DIRECTION('ref_axis',(0.828186652625777,0.26903717574305,0.491656248288084));
#2457=DIRECTION('',(0.165768939611366,-0.969429408624666,0.180906827825139));
#2458=DIRECTION('center_axis',(7.20157803283071E-18,1.,-1.20273243411467E-9));
#2459=DIRECTION('ref_axis',(0.354403512546163,1.12466625042024E-9,0.935092589156251));
#2460=DIRECTION('center_axis',(0.00106357495770009,-0.999999338215276,0.000438608389496213));
#2461=DIRECTION('ref_axis',(0.924474407813942,0.00115046469305993,0.381242371370302));
#2462=DIRECTION('center_axis',(7.20157803283071E-18,1.,-1.20273243411467E-9));
#2463=DIRECTION('ref_axis',(0.924474596013239,4.5853411572128E-10,0.381243650866684));
#2464=DIRECTION('',(0.243477451016173,-0.942059147169406,-0.23074508463046));
#2465=DIRECTION('center_axis',(0.191630952813862,-0.979727333125733,-0.0584117338382553));
#2466=DIRECTION('ref_axis',(0.937157857902336,0.200335600247034,-0.285658531546961));
#2467=DIRECTION('center_axis',(7.20157803283071E-18,1.,-1.20273243411467E-9));
#2468=DIRECTION('ref_axis',(0.956549670884425,-3.50680056803551E-10,-0.291569420774709));
#2469=DIRECTION('',(-0.0214171138471427,-0.947691236280245,-0.318469194604562));
#2470=DIRECTION('',(0.180905417139428,-0.969429653100353,-0.165769049401084));
#2471=DIRECTION('center_axis',(0.0182566352179968,-0.999539791730751,-0.0242260194287992));
#2472=DIRECTION('ref_axis',(0.601559482417686,0.0303348767402729,-0.798251830167973));
#2473=DIRECTION('center_axis',(7.20157803283071E-18,1.,-1.20273243411467E-9));
#2474=DIRECTION('ref_axis',(0.601836453543092,-9.60525371051468E-10,-0.798619360638517));
#2475=DIRECTION('center_axis',(0.00350388666695819,-0.999889857078644,-0.0144220833957828));
#2476=DIRECTION('ref_axis',(0.236059151384209,0.01484162091046,-0.971625341032498));
#2477=DIRECTION('center_axis',(7.20157803283071E-18,1.,-1.20273243411467E-9));
#2478=DIRECTION('ref_axis',(0.236085156005679,-1.16873415820062E-9,-0.971732370107003));
#2479=DIRECTION('center_axis',(0.00397890666023218,-0.999857966454086,-0.0163772775542588));
#2480=DIRECTION('ref_axis',(-0.23605162336174,-0.0168536915333133,0.971594351666366));
#2481=DIRECTION('center_axis',(-0.00517816926102711,-0.999839243972815,
-0.0171660355054462));
#2482=DIRECTION('ref_axis',(0.288752142988249,-0.017930036583066,0.957235975978663));
#2483=DIRECTION('',(0.0184098821626881,0.977436511400837,0.210425622059951));
#2484=DIRECTION('',(-0.201454938895661,-0.977436070007878,-0.0635187896775423));
#2485=DIRECTION('center_axis',(-0.0010054614538077,-0.999999488502229,0.000109738529008071));
#2486=DIRECTION('ref_axis',(-0.994055834528603,0.00101143222171619,0.108866775668723));
#2487=DIRECTION('',(-0.182932432186566,-0.977435952251531,0.105615739832897));
#2488=DIRECTION('',(-0.0457174451412772,-0.977436347128421,0.206223428644768));
#2489=DIRECTION('center_axis',(0.000187800548478443,-0.999999535828819,
0.000945025449850586));
#2490=DIRECTION('ref_axis',(0.194911405770637,0.000963505135880693,0.980820378845366));
#2491=DIRECTION('',(0.121157029319182,-0.977436207233939,0.173030156431424));
#2492=DIRECTION('',(0.209424493583805,-0.977436047338009,0.0275709058867588));
#2493=DIRECTION('center_axis',(0.000851050581936875,-0.999999604748525,
-0.000257324115650925));
#2494=DIRECTION('ref_axis',(0.957200678913293,0.000889102240183411,-0.289423685598012));
#2495=DIRECTION('center_axis',(0.000271535485836243,-0.999999700599612,
-0.00072461656515711));
#2496=DIRECTION('ref_axis',(0.350901035891427,0.000773822128507738,-0.936412229848392));
#2497=DIRECTION('center_axis',(-0.000411579099099295,-0.999999844977308,
-0.000375030672186699));
#2498=DIRECTION('ref_axis',(-0.737276474109219,0.000556814990030739,-0.67559091962677));
#2499=DIRECTION('',(-0.150065420008232,-0.987858068299384,-0.0402095338640269));
#2500=DIRECTION('',(0.0531350582634621,0.98785843863506,0.145987570706689));
#2501=DIRECTION('center_axis',(-0.11599867195938,-0.992929490063949,-0.0252058696538267));
#2502=DIRECTION('ref_axis',(-0.970286726711088,0.118705634918253,-0.210837947739339));
#2503=DIRECTION('center_axis',(-0.000691509296534119,-0.99999974242256,
0.000192275079352311));
#2504=DIRECTION('ref_axis',(-0.965915461569437,0.000717711404258479,0.258856728696476));
#2505=DIRECTION('center_axis',(-0.000788611684806499,-0.999999665005141,
0.000219274295337481));
#2506=DIRECTION('ref_axis',(0.2678869020086,1.15896568224971E-9,0.963450365993098));
#2507=DIRECTION('',(-0.114347422919193,-0.987864178853556,0.105114371090392));
#2508=DIRECTION('',(0.196733605832525,0.955732685332017,-0.218794247008881));
#2509=DIRECTION('center_axis',(-0.11599867195938,-0.992929490063949,-0.0252058696538267));
#2510=DIRECTION('ref_axis',(-0.970286726711079,0.118705634918253,-0.210837947739384));
#2511=DIRECTION('center_axis',(-0.00018190048680156,-0.999999859891567,
0.000497120769024554));
#2512=DIRECTION('ref_axis',(-0.342010503437441,0.000529354339591225,0.939695980263006));
#2513=DIRECTION('',(0.0202782960976849,-0.987858265322629,0.154028693239739));
#2514=DIRECTION('center_axis',(0.0003693243214096,-0.999999822519748,0.000467504030454009));
#2515=DIRECTION('ref_axis',(0.619898688396834,0.000595785593032995,0.784681630448561));
#2516=DIRECTION('',(-0.277425182055407,0.955733058618525,-0.0980285112872985));
#2517=DIRECTION('center_axis',(0.00653768280616778,-0.998739551546332,0.0497651171058337));
#2518=DIRECTION('ref_axis',(0.130087466838061,0.0501927103973416,0.990231257229656));
#2519=DIRECTION('',(0.1408034383949,-0.987858059663967,0.0656570307972857));
#2520=DIRECTION('center_axis',(0.000676805727983304,-0.999999768667258,
-6.78191537855166E-5));
#2521=DIRECTION('ref_axis',(0.995015956544705,0.000680195141867914,-0.0997135073898913));
#2522=DIRECTION('',(-0.231737976602389,0.955732484101675,0.181308932579376));
#2523=DIRECTION('center_axis',(0.000771842223510717,-0.999999699138815,
-7.73424949458429E-5));
#2524=DIRECTION('ref_axis',(0.0997072677478538,1.19630725259454E-9,0.995016814309315));
#2525=DIRECTION('',(0.130872609193595,-0.987863911201789,-0.0836495852229126));
#2526=DIRECTION('center_axis',(0.000244866456897383,-0.999999878732596,
-0.000427288206196179));
#2527=DIRECTION('ref_axis',(0.497212187370431,0.000492478215627569,-0.867628836655121));
#2528=DIRECTION('',(0.00677707905153324,-0.987858219461568,-0.155210210494508));
#2529=DIRECTION('center_axis',(-0.00292231256766201,-0.999815191274289,
-0.0190011417134568));
#2530=DIRECTION('ref_axis',(0.151981316146929,-0.0192245493356277,0.988196385464493));
#2531=DIRECTION('center_axis',(-0.00333502193068982,-0.999759298566594,
-0.0216846157068593));
#2532=DIRECTION('ref_axis',(0.151972819895817,-0.0219395745089178,0.98814114228853));
#2533=DIRECTION('center_axis',(-0.00333502193068982,-0.999759298566594,
-0.0216846157068593));
#2534=DIRECTION('ref_axis',(0.151972819896231,-0.0219395745089176,0.988141142288467));
#2535=DIRECTION('center_axis',(-0.101544837207119,-0.994586233579173,-0.0220651311207251));
#2536=DIRECTION('ref_axis',(0.9719056898219,-0.103914503197556,0.211189739611142));
#2537=DIRECTION('',(-0.113049272517051,-0.992737014772659,0.0411470713858804));
#2538=DIRECTION('',(0.0886983473667564,0.992736857871532,0.0812781286556465));
#2539=DIRECTION('center_axis',(-0.000147086169391541,-0.999999972359446,
0.000183430549697235));
#2540=DIRECTION('ref_axis',(-0.625923419357136,0.000235119325294531,0.779884490049119));
#2541=DIRECTION('',(-0.0157039432414575,-0.992736760568295,0.119277451276578));
#2542=DIRECTION('center_axis',(0.00572065524846677,-0.999035050129669,0.0435458691030258));
#2543=DIRECTION('ref_axis',(0.130125956081242,0.043920025186806,0.990524238442216));
#2544=DIRECTION('',(0.0985495620274097,-0.992736707421173,0.0690058951305855));
#2545=DIRECTION('center_axis',(-0.00694393480746241,-0.999858025387961,
0.015352877146535));
#2546=DIRECTION('ref_axis',(0.412039710783179,-0.0168501948738548,-0.911010070015929));
#2547=DIRECTION('',(0.109033215927624,-0.992736979459372,-0.0508433617924972));
#2548=DIRECTION('center_axis',(9.79114776911861E-5,-0.99999998357555,-0.000152519643915219));
#2549=DIRECTION('ref_axis',(0.540218889796538,0.000181242652934818,-0.841524520295218));
#2550=DIRECTION('',(-0.000265872477694861,-0.992741134524166,-0.12027040008039));
#2551=DIRECTION('center_axis',(-0.000263910175192386,-0.999999786454859,
-0.000597864244637311));
#2552=DIRECTION('ref_axis',(-0.402756550949216,0.000653520963903446,-0.915306906768348));
#2553=DIRECTION('center_axis',(-0.000548256346422969,-0.999999821410949,
-0.000237892935564431));
#2554=DIRECTION('ref_axis',(-0.915318779875102,0.000597635976376299,-0.402729653786748));
#2555=DIRECTION('center_axis',(-0.000627042188929329,-0.999999766395529,
-0.000272078997884161));
#2556=DIRECTION('ref_axis',(-0.398053171162056,1.10409769052075E-9,0.91736234549268));
#2557=DIRECTION('center_axis',(-0.00218614456600846,-0.999929834357271,
0.011642471137064));
#2558=DIRECTION('ref_axis',(-0.184535027536865,0.0118459428599356,0.982754545779223));
#2559=DIRECTION('center_axis',(-0.000103971393779997,-0.999999990275752,
9.29432311011156E-5));
#2560=DIRECTION('ref_axis',(-0.75155907728884,0.000139452114648187,0.659665774387194));
#2561=DIRECTION('center_axis',(-0.00218614456600846,-0.999929834357271,
0.011642471137064));
#2562=DIRECTION('ref_axis',(-0.184535027546749,0.0118459428599354,0.982754545777367));
#2563=DIRECTION('',(-0.00555128947178337,-0.997970971799653,0.0634280902318193));
#2564=DIRECTION('center_axis',(8.39141027946341E-5,-0.999999992079174,9.38087153636666E-5));
#2565=DIRECTION('ref_axis',(0.745315728847914,-8.65539746812615E-10,-0.666711680062606));
#2566=DIRECTION('',(-0.262465239551449,0.962602880634737,-0.067139349273776));
#2567=DIRECTION('center_axis',(-0.00218614456600846,-0.999929834357271,
0.011642471137064));
#2568=DIRECTION('ref_axis',(-0.184535027542393,0.0118459428599354,0.982754545778185));
#2569=DIRECTION('center_axis',(0.0108276269189135,-0.999941214617975,-0.000574285324260077));
#2570=DIRECTION('ref_axis',(-0.998537689966656,-0.0108428459515405,0.0529614426514803));
#2571=DIRECTION('',(0.0634282326516938,-0.997970969617179,0.00555005441684869));
#2572=DIRECTION('center_axis',(6.12371422016147E-5,-0.999999996559214,-5.59605598842187E-5));
#2573=DIRECTION('ref_axis',(-0.674596016086705,-9.67974420104345E-10,-0.738187113867444));
#2574=DIRECTION('',(-0.0671395715438444,0.962603187824396,0.26246405605953));
#2575=DIRECTION('center_axis',(0.0108276269189135,-0.999941214617975,-0.000574285324260077));
#2576=DIRECTION('ref_axis',(-0.998537689966711,-0.0108428459515405,0.052961442650444));
#2577=DIRECTION('',(0.00535166794917415,-0.997972659473617,-0.0634186927752258));
#2578=DIRECTION('center_axis',(-0.000157091268943123,-0.9999998864456,-0.000449923460870691));
#2579=DIRECTION('ref_axis',(-0.343969151480044,0.000476504108518503,-0.938980828224908));
#2580=DIRECTION('center_axis',(0.0108276269189135,-0.999941214617975,-0.000574285324260077));
#2581=DIRECTION('ref_axis',(-0.998537689966632,-0.0108428459515405,0.0529614426519345));
#2582=DIRECTION('center_axis',(-0.000179665296913361,-0.999999851465056,
-0.000514577735957463));
#2583=DIRECTION('ref_axis',(-0.944108269386257,3.93253101290141E-10,0.329635519440013));
#2584=DIRECTION('center_axis',(-0.00191055009448798,-0.999946410460065,
0.0101747730376879));
#2585=DIRECTION('ref_axis',(0.184538084805628,-0.010352594265787,-0.982770837503962));
#2586=DIRECTION('center_axis',(0.00946267477662666,-0.999955101938549,-0.000501889567872509));
#2587=DIRECTION('ref_axis',(0.998551557757817,0.00947597525675007,-0.0529621788861641));
#2588=DIRECTION('',(-0.00124088145974954,-0.999596478647222,-0.0283785145713671));
#2589=DIRECTION('center_axis',(-3.77932353236395E-5,-0.999999998545536,
-3.84785695292835E-5));
#2590=DIRECTION('ref_axis',(-0.713443399110941,9.05656497407057E-10,0.700712862922486));
#2591=DIRECTION('center_axis',(-0.000135688351836347,0.999999989846423,
4.35410761490451E-5));
#2592=DIRECTION('ref_axis',(-0.953716826968328,-0.000142501335554766,0.30070615831877));
#2593=DIRECTION('center_axis',(0.000120976652366695,-0.999999992598468,
1.29504507963475E-5));
#2594=DIRECTION('ref_axis',(-0.106431281981248,1.19281497555366E-9,0.994320060250133));
#2595=DIRECTION('center_axis',(6.48418872495319E-6,-0.999999996903623,-7.84264599674019E-5));
#2596=DIRECTION('ref_axis',(-1.31871482140411E-16,7.84264599690278E-5,-0.999999996924645));
#2597=DIRECTION('',(0.0141932282603085,-0.999596644289281,-0.0245988007260257));
#2598=DIRECTION('center_axis',(5.29487591336631E-6,0.999999999966446,6.25076552977917E-6));
#2599=DIRECTION('ref_axis',(-2.16897099553769E-8,-6.25076541508889E-6,0.999999999980464));
#2600=DIRECTION('center_axis',(6.48418872495319E-6,-0.999999996903623,-7.84264599674019E-5));
#2601=DIRECTION('ref_axis',(1.07374411542281E-16,7.8426459969024E-5,-0.999999996924645));
#2602=DIRECTION('center_axis',(-5.2895366714621E-5,-0.999999998596512,-3.00937032572214E-6));
#2603=DIRECTION('ref_axis',(-1.14076705210954E-16,-3.00937032992757E-6,
0.999999999995472));
#2604=DIRECTION('',(-0.0270882272684982,-0.999596553746399,0.00854152689938296));
#2605=DIRECTION('center_axis',(-1.96142952478607E-7,0.999999999999813,-5.79350259299535E-7));
#2606=DIRECTION('ref_axis',(0.0436193418802882,-5.70243220859996E-7,-0.999048223567614));
#2607=DIRECTION('center_axis',(-5.2895366714621E-5,-0.999999998596512,-3.00937032572214E-6));
#2608=DIRECTION('ref_axis',(-2.74299385089544E-16,-3.00937033001378E-6,
0.999999999995472));
#2609=DIRECTION('center_axis',(-8.63175021035627E-6,-0.999999993476708,
0.000113895023840374));
#2610=DIRECTION('ref_axis',(-1.45725983698877E-16,0.000113895023844628,
0.999999993513962));
#2611=DIRECTION('center_axis',(0.000120976652366695,-0.999999992598468,
1.29504507963475E-5));
#2612=DIRECTION('ref_axis',(-0.106431260121614,1.19548967508525E-9,0.994320062589972));
#2613=DIRECTION('center_axis',(-0.000105777253155846,0.999999994341475,
-1.13235753970278E-5));
#2614=DIRECTION('ref_axis',(-0.106430982589427,1.28154487301655E-9,0.994320092296766));
#2615=DIRECTION('',(-0.040860967020249,0.9979721655921,-0.0488051029871216));
#2616=DIRECTION('',(0.0504703240607453,-0.997971924642253,-0.0387915456645033));
#2617=DIRECTION('center_axis',(-5.66952471888718E-6,0.999999997632809,6.85728662788118E-5));
#2618=DIRECTION('ref_axis',(-0.0871523189247992,-6.8806058586697E-5,0.996194995255325));
#2619=DIRECTION('',(-0.0430330205849955,-0.997971546136064,-0.0469143074352009));
#2620=DIRECTION('center_axis',(4.62496861476296E-5,0.999999998927022,2.63107060566806E-6));
#2621=DIRECTION('ref_axis',(-4.23695286207988E-7,-2.631051012787E-6,0.999999999996449));
#2622=DIRECTION('center_axis',(7.54726571244899E-6,0.999999995012876,-9.95855742443026E-5));
#2623=DIRECTION('ref_axis',(0.0842623259462332,-9.98673588931344E-5,-0.996443601240252));
#2624=DIRECTION('center_axis',(-0.000410514875577973,0.999999785999946,
-0.000509389436939515));
#2625=DIRECTION('ref_axis',(-0.625915378881136,-0.00065421580056749,-0.779890704189869));
#2626=DIRECTION('',(-0.0206433991524994,0.992740690650688,-0.118489540457479));
#2627=DIRECTION('center_axis',(0.00615740479852264,-0.999951493315718,0.00768748215046443));
#2628=DIRECTION('ref_axis',(-0.625123974005978,-0.00984941702166061,-0.780463327842704));
#2629=DIRECTION('',(0.111148275533439,-0.992736826761994,0.0460396963116565));
#2630=DIRECTION('center_axis',(-0.000713003320788477,0.999999734605764,
0.000149715283507367));
#2631=DIRECTION('ref_axis',(-0.980757512179039,-0.000728512248313699,0.195228511171615));
#2632=DIRECTION('',(0.0921588304296019,-0.992737122699027,-0.0773288768126456));
#2633=DIRECTION('center_axis',(-0.000129976566733194,0.999999883692725,
0.000464457349654529));
#2634=DIRECTION('ref_axis',(-0.27966800196885,-0.000482274287981003,0.960096649346441));
#2635=DIRECTION('',(-0.262512969895649,0.959067602694934,-0.106189802229582));
#2636=DIRECTION('center_axis',(-0.0873287908799177,-0.992910575787908,0.0806366589832195));
#2637=DIRECTION('ref_axis',(-0.729488078060677,0.118863739166007,0.673586338548233));
#2638=DIRECTION('center_axis',(0.0299134249500899,-0.991926005676541,0.123239548320892));
#2639=DIRECTION('ref_axis',(-0.23397238412332,-0.126817976890432,-0.963936784340689));
#2640=DIRECTION('',(-0.0311357855233893,-0.992736893578398,-0.116206811281241));
#2641=DIRECTION('center_axis',(0.000333210431218997,0.99999990385265,0.000285071043973446));
#2642=DIRECTION('ref_axis',(0.75986100685542,-0.000438514186297826,0.650085423591373));
#2643=DIRECTION('',(-0.207182474879247,0.959067918886781,0.193039242293086));
#2644=DIRECTION('',(-0.118478682305906,-0.992736792877969,-0.0208916707187324));
#2645=DIRECTION('center_axis',(0.000236602326380783,0.999999966040557,-0.0001092621808835));
#2646=DIRECTION('ref_axis',(0.90787197032703,-0.000260612518922016,-0.41924744194286));
#2647=DIRECTION('center_axis',(0.000141119458968139,0.999999808054126,-0.000603305071030708));
#2648=DIRECTION('ref_axis',(0.227762035632174,-0.000619589953461799,-0.973716627789101));
#2649=DIRECTION('center_axis',(-0.00539747727004978,0.999962727768224,-0.00673871749305536));
#2650=DIRECTION('ref_axis',(0.625130998855349,0.00863383311929956,0.780472095078218));
#2651=DIRECTION('center_axis',(0.114045985291785,0.992850571572298,0.0352314599099625));
#2652=DIRECTION('ref_axis',(0.948616908064068,-0.119363907981271,0.29304985788498));
#2653=DIRECTION('center_axis',(0.077114916324944,0.994476278282848,-0.0712054886430224));
#2654=DIRECTION('ref_axis',(0.73063839451226,-0.104961573600507,-0.674648504431643));
#2655=DIRECTION('center_axis',(-0.0264331123994326,0.993701082470136,-0.108901098555337));
#2656=DIRECTION('ref_axis',(0.234391083681731,0.112063190645637,0.965661773703828));
#2657=DIRECTION('center_axis',(0.0031367192536567,0.999683672608307,0.0249542724336224));
#2658=DIRECTION('ref_axis',(0.1246778135336,-0.0251506405558129,0.991878464375607));
#2659=DIRECTION('',(-0.166492972751392,-0.955731935381576,-0.242603705075152));
#2660=DIRECTION('center_axis',(0.000315699550316835,0.999999930172517,-0.000199971883572977));
#2661=DIRECTION('ref_axis',(0.844785838714434,-0.000373704375527719,-0.535104426306296));
#2662=DIRECTION('center_axis',(1.34508684115201E-5,0.999999828212445,-0.000585998425969065));
#2663=DIRECTION('ref_axis',(0.0229381882221917,-0.000586152779630369,-0.999736713313061));
#2664=DIRECTION('center_axis',(-1.34350547460955E-7,-0.999999999999989,
-6.73434308759237E-8));
#2665=DIRECTION('ref_axis',(1.3196560816246E-9,6.73434306957897E-8,-0.999999999999998));
#2666=DIRECTION('',(1.33908967923019E-7,0.995815602895423,-0.0913853655133369));
#2667=DIRECTION('center_axis',(-7.20157803283071E-18,-1.,1.20273243411467E-9));
#2668=DIRECTION('ref_axis',(1.36489207687495E-8,-1.20273225141905E-9,-1.));
#2669=DIRECTION('center_axis',(-1.31468810876243E-7,0.999999999999973,-1.90874379910255E-7));
#2670=DIRECTION('ref_axis',(1.2913551531719E-9,1.90874380033494E-7,0.999999999999982));
#2671=DIRECTION('center_axis',(-1.36829982623795E-16,1.,2.28519151379558E-8));
#2672=DIRECTION('ref_axis',(1.33562149671824E-8,-2.2851915568382E-8,1.));
#2673=DIRECTION('',(-1.31036702326659E-7,0.995815570018441,-0.0913857237692545));
#2674=DIRECTION('center_axis',(0.00185446402117839,-0.999994391750271,0.00278880461829601));
#2675=DIRECTION('ref_axis',(0.553717291118051,0.00334909958121205,0.832697991500449));
#2676=DIRECTION('center_axis',(0.00338859823758612,-0.999993768654804,-0.000989976538734961));
#2677=DIRECTION('ref_axis',(0.95986932072125,0.00353024808802696,-0.280425434806766));
#2678=DIRECTION('center_axis',(-8.40694096062688E-5,-0.999992310771855,
-0.00392062871236379));
#2679=DIRECTION('ref_axis',(-0.0221777977309532,0.00392152887780405,-0.999746351280696));
#2680=DIRECTION('center_axis',(-0.00343975853659432,-0.999993725899914,
-0.000846299012465827));
#2681=DIRECTION('ref_axis',(-0.971380317813216,0.00354233461782634,-0.237503115833352));
#2682=DIRECTION('center_axis',(-0.00251605715700529,-0.999989713808901,
0.00377382203800807));
#2683=DIRECTION('ref_axis',(0.554721463889426,-0.00453566713856643,-0.832023752800351));
#2684=DIRECTION('center_axis',(-0.00203827521509274,0.999993236919396,0.00306129868130198));
#2685=DIRECTION('ref_axis',(-0.555860880893536,-0.00367777950776104,0.831267198336464));
#2686=DIRECTION('center_axis',(-0.00323774261185239,0.999994313343773,-0.000943558633484764));
#2687=DIRECTION('ref_axis',(-0.959917304741871,-0.00337242898933655,-0.280263081371437));
#2688=DIRECTION('center_axis',(7.56446825557029E-5,0.999993608719834,-0.00357446462643284));
#2689=DIRECTION('ref_axis',(0.0211575941850673,-0.00357526495292566,-0.999769760339257));
#2690=DIRECTION('center_axis',(0.00329550479241167,0.999994244729704,-0.000806322287701592));
#2691=DIRECTION('ref_axis',(0.971342189042637,-0.00339271387954427,-0.237661190097142));
#2692=DIRECTION('center_axis',(0.00282904734140364,0.999987000277903,0.00424214171631758));
#2693=DIRECTION('ref_axis',(0.554822229558686,-0.00509894844072998,0.83195330055979));
#2694=DIRECTION('center_axis',(5.04066700795618E-14,1.,-2.61516155594549E-8));
#2695=DIRECTION('ref_axis',(-1.53422425577997E-16,2.61516155594549E-8,1.));
#2696=DIRECTION('',(5.04066700795618E-14,1.,-2.61516155594549E-8));
#2697=DIRECTION('center_axis',(-3.55168379456775E-15,1.,1.81743054233903E-9));
#2698=DIRECTION('ref_axis',(1.53422305000129E-16,1.81743054233903E-9,-1.));
#2699=DIRECTION('',(-3.55168379456775E-15,1.,1.81743054233903E-9));
#2700=DIRECTION('center_axis',(-7.93802258711612E-15,1.,3.22868415074482E-8));
#2701=DIRECTION('ref_axis',(-1.,-7.93802258216259E-15,-1.53422575496471E-16));
#2702=DIRECTION('',(-7.93802258711612E-15,1.,3.22868415074482E-8));
#2703=DIRECTION('center_axis',(1.36829982623795E-16,-1.,-2.28519151379558E-8));
#2704=DIRECTION('ref_axis',(5.37834591624041E-23,2.28519151379558E-8,-1.));
#2705=DIRECTION('center_axis',(7.20157803283071E-18,1.,-1.20273243411467E-9));
#2706=DIRECTION('ref_axis',(-5.36102277408616E-23,1.20273243411467E-9,1.));
#2707=CARTESIAN_POINT('',(0.,0.,0.));
#2708=CARTESIAN_POINT('Ctrl Pts',(24.943561948833,-1.62054314095259,0.877041272834664));
#2709=CARTESIAN_POINT('Ctrl Pts',(30.9628092636765,-22.4186383868935,10.1410368433336));
#2710=CARTESIAN_POINT('Ctrl Pts',(18.7311139968119,-34.1893309685122,-5.00362862488438));
#2711=CARTESIAN_POINT('Ctrl Pts',(6.49941872994723,-45.9600235501308,-20.1482940931023));
#2712=CARTESIAN_POINT('Ctrl Pts',(0.480171415103667,-25.1619283041899,-29.4122896636013));
#2713=CARTESIAN_POINT('Ctrl Pts',(-5.5390758997399,-4.36383305824893,-38.6762852341002));
#2714=CARTESIAN_POINT('Ctrl Pts',(6.69261936712476,7.40685952336972,-23.5316197658822));
#2715=CARTESIAN_POINT('Ctrl Pts',(18.9243146339894,19.1775521049884,-8.38695429766427));
#2716=CARTESIAN_POINT('Ctrl Pts',(24.943561948833,-1.62054314095259,0.877041272834664));
#2717=CARTESIAN_POINT('Ctrl Pts',(16.9847819397292,-1.14467317563742,6.98180822524635));
#2718=CARTESIAN_POINT('Ctrl Pts',(23.0040292545728,-21.9427684215784,16.2458037957453));
#2719=CARTESIAN_POINT('Ctrl Pts',(10.7723339877081,-33.713461003197,1.1011383275273));
#2720=CARTESIAN_POINT('Ctrl Pts',(-1.45936127915652,-45.4841535848156,-14.0435271406907));
#2721=CARTESIAN_POINT('Ctrl Pts',(-7.47860859400008,-24.6860583388747,-23.3075227111896));
#2722=CARTESIAN_POINT('Ctrl Pts',(-13.4978559088436,-3.88796309293376,-32.5715182816885));
#2723=CARTESIAN_POINT('Ctrl Pts',(-1.26616064197898,7.88272948868489,-17.4268528134706));
#2724=CARTESIAN_POINT('Ctrl Pts',(10.9655346248857,19.6534220703035,-2.28218734525259));
#2725=CARTESIAN_POINT('Ctrl Pts',(16.9847819397292,-1.14467317563742,6.98180822524635));
#2726=CARTESIAN_POINT('Ctrl Pts',(22.4767680111236,4.14032438999313,13.7817071756966));
#2727=CARTESIAN_POINT('Ctrl Pts',(31.1986351748241,-25.9960389300117,27.2052025970842));
#2728=CARTESIAN_POINT('Ctrl Pts',(13.4749538365651,-43.0517290772609,5.26063817841596));
#2729=CARTESIAN_POINT('Ctrl Pts',(-4.24872750169386,-60.1074192245101,-16.6839262402523));
#2730=CARTESIAN_POINT('Ctrl Pts',(-12.9705946653944,-29.9710559045053,-30.1074216616398));
#2731=CARTESIAN_POINT('Ctrl Pts',(-21.692461829095,0.165307415499603,-43.5309170830274));
#2732=CARTESIAN_POINT('Ctrl Pts',(-3.96878049083599,17.2209975627488,-21.5863526643592));
#2733=CARTESIAN_POINT('Ctrl Pts',(13.754900847423,34.276687709998,0.358211754308992));
#2734=CARTESIAN_POINT('Ctrl Pts',(22.4767680111236,4.14032438999313,13.7817071756966));
#2735=CARTESIAN_POINT('Ctrl Pts',(27.968754082518,9.42532195562368,20.5816061261468));
#2736=CARTESIAN_POINT('Ctrl Pts',(39.3932410950755,-30.0493094384451,38.1646013984231));
#2737=CARTESIAN_POINT('Ctrl Pts',(16.1775736854222,-52.3899971513248,9.42013802930463));
#2738=CARTESIAN_POINT('Ctrl Pts',(-7.0380937242312,-74.7306848642046,-19.3243253398138));
#2739=CARTESIAN_POINT('Ctrl Pts',(-18.4625807367888,-35.2560534701358,-36.9073206120901));
#2740=CARTESIAN_POINT('Ctrl Pts',(-29.8870677493464,4.21857792393295,-54.4903158843663));
#2741=CARTESIAN_POINT('Ctrl Pts',(-6.671400339693,26.5592656368127,-25.7458525152479));
#2742=CARTESIAN_POINT('Ctrl Pts',(16.5442670699604,48.8999533496924,2.99861085387056));
#2743=CARTESIAN_POINT('Ctrl Pts',(27.968754082518,9.42532195562368,20.5816061261468));
#2744=CARTESIAN_POINT('Ctrl Pts',(35.9275340916217,8.94945199030851,14.4768391737351));
#2745=CARTESIAN_POINT('Ctrl Pts',(47.3520211041793,-30.5251794037602,32.0598344460114));
#2746=CARTESIAN_POINT('Ctrl Pts',(24.1363536945259,-52.86586711664,3.31537107689294));
#2747=CARTESIAN_POINT('Ctrl Pts',(0.920686284872541,-75.2065548295197,-25.4290922922255));
#2748=CARTESIAN_POINT('Ctrl Pts',(-10.503800727685,-35.731923435451,-43.0120875645018));
#2749=CARTESIAN_POINT('Ctrl Pts',(-21.9282877402426,3.74270795861779,-60.595082836778));
#2750=CARTESIAN_POINT('Ctrl Pts',(1.28737966941075,26.0833956714975,-31.8506194676596));
#2751=CARTESIAN_POINT('Ctrl Pts',(24.5030470790641,48.4240833843773,-3.10615609854112));
#2752=CARTESIAN_POINT('Ctrl Pts',(35.9275340916217,8.94945199030851,14.4768391737351));
#2753=CARTESIAN_POINT('Ctrl Pts',(43.8863141007254,8.47358202499334,8.37207222132346));
#2754=CARTESIAN_POINT('Ctrl Pts',(55.310801113283,-31.0010493690754,25.9550674935997));
#2755=CARTESIAN_POINT('Ctrl Pts',(32.0951337036297,-53.3417370819552,-2.78939587551874));
#2756=CARTESIAN_POINT('Ctrl Pts',(8.87946629397629,-75.6824247948349,-31.5338592446372));
#2757=CARTESIAN_POINT('Ctrl Pts',(-2.54502071858129,-36.2077934007661,-49.1168545169135));
#2758=CARTESIAN_POINT('Ctrl Pts',(-13.9695077311389,3.26683799330262,-66.6998497891897));
#2759=CARTESIAN_POINT('Ctrl Pts',(9.24615967851451,25.6075257061824,-37.9553864200712));
#2760=CARTESIAN_POINT('Ctrl Pts',(32.4618270881679,47.9482134190621,-9.21092305095279));
#2761=CARTESIAN_POINT('Ctrl Pts',(43.8863141007254,8.47358202499334,8.37207222132346));
#2762=CARTESIAN_POINT('Ctrl Pts',(38.3943280293311,3.18858445936279,1.57217327087322));
#2763=CARTESIAN_POINT('Ctrl Pts',(47.1161951930316,-26.9477788606421,14.9956686922608));
#2764=CARTESIAN_POINT('Ctrl Pts',(29.3925138547726,-44.0034690078912,-6.9488957264074));
#2765=CARTESIAN_POINT('Ctrl Pts',(11.6688325165136,-61.0591591551404,-28.8934601450756));
#2766=CARTESIAN_POINT('Ctrl Pts',(2.94696535281306,-30.9227958351356,-42.3169555664632));
#2767=CARTESIAN_POINT('Ctrl Pts',(-5.7749018108875,-0.786432515130737,-55.7404509878508));
#2768=CARTESIAN_POINT('Ctrl Pts',(11.9487795273715,16.2692576321185,-33.7958865691826));
#2769=CARTESIAN_POINT('Ctrl Pts',(29.6724608656305,33.3249477793676,-11.8513221505144));
#2770=CARTESIAN_POINT('Ctrl Pts',(38.3943280293311,3.18858445936279,1.57217327087322));
#2771=CARTESIAN_POINT('Ctrl Pts',(32.9023419579367,-2.09641310626776,-5.22772567957702));
#2772=CARTESIAN_POINT('Ctrl Pts',(38.9215892727803,-22.8945083522087,4.0362698909219));
#2773=CARTESIAN_POINT('Ctrl Pts',(26.6898940059156,-34.6652009338273,-11.1083955772961));
#2774=CARTESIAN_POINT('Ctrl Pts',(14.458198739051,-46.435893515446,-26.253061045514));
#2775=CARTESIAN_POINT('Ctrl Pts',(8.43895142420742,-25.637798269505,-35.517056616013));
#2776=CARTESIAN_POINT('Ctrl Pts',(2.41970410936386,-4.83970302356409,-44.7810521865119));
#2777=CARTESIAN_POINT('Ctrl Pts',(14.6513993762285,6.93098955805454,-29.6363867182939));
#2778=CARTESIAN_POINT('Ctrl Pts',(26.8830946430932,18.7016821396732,-14.4917212500759));
#2779=CARTESIAN_POINT('Ctrl Pts',(32.9023419579367,-2.09641310626776,-5.22772567957702));
#2780=CARTESIAN_POINT('Ctrl Pts',(24.943561948833,-1.62054314095259,0.877041272834664));
#2781=CARTESIAN_POINT('Ctrl Pts',(30.9628092636765,-22.4186383868935,10.1410368433336));
#2782=CARTESIAN_POINT('Ctrl Pts',(18.7311139968119,-34.1893309685122,-5.00362862488438));
#2783=CARTESIAN_POINT('Ctrl Pts',(6.49941872994723,-45.9600235501308,-20.1482940931023));
#2784=CARTESIAN_POINT('Ctrl Pts',(0.480171415103667,-25.1619283041899,-29.4122896636013));
#2785=CARTESIAN_POINT('Ctrl Pts',(-5.5390758997399,-4.36383305824893,-38.6762852341002));
#2786=CARTESIAN_POINT('Ctrl Pts',(6.69261936712476,7.40685952336972,-23.5316197658822));
#2787=CARTESIAN_POINT('Ctrl Pts',(18.9243146339894,19.1775521049884,-8.38695429766427));
#2788=CARTESIAN_POINT('Ctrl Pts',(24.943561948833,-1.62054314095259,0.877041272834664));
#2789=CARTESIAN_POINT('',(40.3390266868089,-26.2016534954778,13.9983857862349));
#2790=CARTESIAN_POINT('',(35.4387718825723,-26.2016475646641,19.3447256166478));
#2791=CARTESIAN_POINT('Ctrl Pts',(40.3384024521229,-26.2016534942087,13.9981525125526));
#2792=CARTESIAN_POINT('Ctrl Pts',(40.2189904434348,-26.2016535015108,14.3176947819975));
#2793=CARTESIAN_POINT('Ctrl Pts',(40.0827050222083,-26.2016535086849,14.6314051730041));
#2794=CARTESIAN_POINT('Ctrl Pts',(39.3897239202337,-26.2016535404179,16.0200406902258));
#2795=CARTESIAN_POINT('Ctrl Pts',(38.6532500094774,-26.2016535636249,16.9898336672512));
#2796=CARTESIAN_POINT('Ctrl Pts',(37.0599299883581,-26.2016535964207,18.4249763572213));
#2797=CARTESIAN_POINT('Ctrl Pts',(36.2797859501937,-26.2016536072389,18.9443547903369));
#2798=CARTESIAN_POINT('Ctrl Pts',(35.4387711950486,-26.2016536163881,19.3447241738122));
#2799=CARTESIAN_POINT('',(40.5764168534308,-24.4770875599626,14.5518466250859));
#2800=CARTESIAN_POINT('Ctrl Pts',(40.5686862037455,-24.5142477544793,14.5402206810862));
#2801=CARTESIAN_POINT('Ctrl Pts',(40.5074612315033,-25.0787560448797,14.3623062170532));
#2802=CARTESIAN_POINT('Ctrl Pts',(40.430893726558,-25.6415921558706,14.1815948201693));
#2803=CARTESIAN_POINT('Ctrl Pts',(40.3390266868089,-26.2016534954778,13.9983857862349));
#2804=CARTESIAN_POINT('',(37.7903467645456,-24.5410656020088,18.3322801600527));
#2805=CARTESIAN_POINT('Origin',(31.5456608220358,-21.9129852469386,10.8664563120886));
#2806=CARTESIAN_POINT('',(37.6812049665743,-22.8161811916191,18.8965221188225));
#2807=CARTESIAN_POINT('',(37.7938406360998,-24.5158843621886,18.3352440460624));
#2808=CARTESIAN_POINT('',(36.9477958700758,-22.8141766132795,19.4104900824872));
#2809=CARTESIAN_POINT('Ctrl Pts',(37.6837144855823,-22.8193629680516,18.89991154096));
#2810=CARTESIAN_POINT('Ctrl Pts',(37.4458019497009,-22.8169235197288,19.0801794691293));
#2811=CARTESIAN_POINT('Ctrl Pts',(37.1994991685348,-22.8138741128949,19.2498654967938));
#2812=CARTESIAN_POINT('Ctrl Pts',(36.9462943007226,-22.810252546536,19.4079610265935));
#2813=CARTESIAN_POINT('',(36.7502613380804,-24.5158852410434,19.1004263910111));
#2814=CARTESIAN_POINT('',(36.9478433197393,-22.8142937092539,19.4105645306418));
#2815=CARTESIAN_POINT('',(35.2329010991268,-24.473527300457,19.8978530810444));
#2816=CARTESIAN_POINT('Ctrl Pts',(36.7502613380804,-24.5158852410434,19.1004263910111));
#2817=CARTESIAN_POINT('Ctrl Pts',(36.5056672453242,-24.5158864348836,19.2519953520171));
#2818=CARTESIAN_POINT('Ctrl Pts',(36.0147417276069,-24.5158810395625,19.5436268291299));
#2819=CARTESIAN_POINT('Ctrl Pts',(35.4945339758576,-24.5158855682933,19.7790079954735));
#2820=CARTESIAN_POINT('Ctrl Pts',(35.2348926332968,-24.5158858623902,19.8905786630713));
#2821=CARTESIAN_POINT('Ctrl Pts',(35.21801245986,-24.5141051070009,19.8901903358624));
#2822=CARTESIAN_POINT('Ctrl Pts',(35.2998165188632,-25.0791583705399,19.7214149284762));
#2823=CARTESIAN_POINT('Ctrl Pts',(35.3734567086315,-25.6420368179443,19.5395058371452));
#2824=CARTESIAN_POINT('Ctrl Pts',(35.4387718825723,-26.2016475646641,19.3447256166478));
#2825=CARTESIAN_POINT('Ctrl Pts',(-21.1339490130965,-14.5005979667075,7.28744895126275));
#2826=CARTESIAN_POINT('Ctrl Pts',(-20.1903412021218,-37.8763881373039,7.86058047496712));
#2827=CARTESIAN_POINT('Ctrl Pts',(1.6259442435541,-36.830857686777,9.20580368934221));
#2828=CARTESIAN_POINT('Ctrl Pts',(23.44222968923,-35.78532723625,10.5510269037173));
#2829=CARTESIAN_POINT('Ctrl Pts',(22.4986218782552,-12.4095370656536,9.97789538001293));
#2830=CARTESIAN_POINT('Ctrl Pts',(21.5550140672804,10.9662531049428,9.40476385630855));
#2831=CARTESIAN_POINT('Ctrl Pts',(-0.261271378395422,9.92072265441584,8.05954064193346));
#2832=CARTESIAN_POINT('Ctrl Pts',(-22.0775568240713,8.87519220388888,6.71431742755837));
#2833=CARTESIAN_POINT('Ctrl Pts',(-21.1339490130965,-14.5005979667075,7.28744895126275));
#2834=CARTESIAN_POINT('Ctrl Pts',(-20.5040149237609,-14.7533197248303,-2.75692553549356));
#2835=CARTESIAN_POINT('Ctrl Pts',(-19.5604071127862,-38.1291098954267,-2.18379401178918));
#2836=CARTESIAN_POINT('Ctrl Pts',(2.25587833288969,-37.0835794448998,-0.838570797414099));
#2837=CARTESIAN_POINT('Ctrl Pts',(24.0721637785656,-36.0380489943728,0.506652416960984));
#2838=CARTESIAN_POINT('Ctrl Pts',(23.1285559675908,-12.6622588237764,-0.0664791067433919));
#2839=CARTESIAN_POINT('Ctrl Pts',(22.184948156616,10.71353134682,-0.639610630447768));
#2840=CARTESIAN_POINT('Ctrl Pts',(0.368662710940177,9.66800089629303,-1.98483384482285));
#2841=CARTESIAN_POINT('Ctrl Pts',(-21.4476227347357,8.62247044576607,-3.33005705919794));
#2842=CARTESIAN_POINT('Ctrl Pts',(-20.5040149237609,-14.7533197248303,-2.75692553549356));
#2843=CARTESIAN_POINT('Ctrl Pts',(-30.5417824540409,-15.2343728186006,-3.37586856939622));
#2844=CARTESIAN_POINT('Ctrl Pts',(-29.1640165976965,-49.3654654055192,-2.53903674650274));
#2845=CARTESIAN_POINT('Ctrl Pts',(2.69003637825936,-47.8388818612219,-0.574870498224985));
#2846=CARTESIAN_POINT('Ctrl Pts',(34.5440893542152,-46.3122983169247,1.38929575005277));
#2847=CARTESIAN_POINT('Ctrl Pts',(33.1663234978708,-12.1812057300061,0.552463927159285));
#2848=CARTESIAN_POINT('Ctrl Pts',(31.7885576415264,21.9498868569124,-0.2843678957342));
#2849=CARTESIAN_POINT('Ctrl Pts',(-0.0654953344294862,20.4233033126152,
-2.24853414401195));
#2850=CARTESIAN_POINT('Ctrl Pts',(-31.9195483103854,18.8967197683179,-4.21270039228971));
#2851=CARTESIAN_POINT('Ctrl Pts',(-30.5417824540409,-15.2343728186006,-3.37586856939622));
#2852=CARTESIAN_POINT('Ctrl Pts',(-40.579549984321,-15.7154259123709,-3.99481160329889));
#2853=CARTESIAN_POINT('Ctrl Pts',(-38.7676260826069,-60.6018209156116,-2.89427948121629));
#2854=CARTESIAN_POINT('Ctrl Pts',(3.12419442362901,-58.5941842775441,-0.311170199035878));
#2855=CARTESIAN_POINT('Ctrl Pts',(45.0160149298649,-56.5865476394765,2.27193908314454));
#2856=CARTESIAN_POINT('Ctrl Pts',(43.2040910281508,-11.7001526362358,1.17140696106195));
#2857=CARTESIAN_POINT('Ctrl Pts',(41.3921671264367,33.1862423670049,0.0708748389793556));
#2858=CARTESIAN_POINT('Ctrl Pts',(-0.499653379799141,31.1786057289373,-2.51223444320106));
#2859=CARTESIAN_POINT('Ctrl Pts',(-42.391473886035,29.1709690908698,-5.09534372538148));
#2860=CARTESIAN_POINT('Ctrl Pts',(-40.579549984321,-15.7154259123709,-3.99481160329889));
#2861=CARTESIAN_POINT('Ctrl Pts',(-41.2094840736566,-15.4627041542481,6.04956288345742));
#2862=CARTESIAN_POINT('Ctrl Pts',(-39.3975601719425,-60.3490991574888,7.15009500554001));
#2863=CARTESIAN_POINT('Ctrl Pts',(2.49426033429341,-58.3414625194212,9.73320428772043));
#2864=CARTESIAN_POINT('Ctrl Pts',(44.3860808405293,-56.3338258813537,12.3163135699008));
#2865=CARTESIAN_POINT('Ctrl Pts',(42.5741569388152,-11.447430878113,11.2157814478183));
#2866=CARTESIAN_POINT('Ctrl Pts',(40.7622330371011,33.4389641251277,10.1152493257357));
#2867=CARTESIAN_POINT('Ctrl Pts',(-1.12958746913474,31.4313274870601,7.53214004355525));
#2868=CARTESIAN_POINT('Ctrl Pts',(-43.0214079753706,29.4236908489926,4.94903076137483));
#2869=CARTESIAN_POINT('Ctrl Pts',(-41.2094840736566,-15.4627041542481,6.04956288345742));
#2870=CARTESIAN_POINT('Ctrl Pts',(-41.8394181629921,-15.2099823961253,16.0939373702137));
#2871=CARTESIAN_POINT('Ctrl Pts',(-40.0274942612781,-60.096377399366,17.1944694922963));
#2872=CARTESIAN_POINT('Ctrl Pts',(1.86432624495782,-58.0887407612984,19.7775787744767));
#2873=CARTESIAN_POINT('Ctrl Pts',(43.7561467511937,-56.0811041232309,22.3606880566571));
#2874=CARTESIAN_POINT('Ctrl Pts',(41.9442228494796,-11.1947091199902,21.2601559345746));
#2875=CARTESIAN_POINT('Ctrl Pts',(40.1322989477655,33.6916858832505,20.159623812492));
#2876=CARTESIAN_POINT('Ctrl Pts',(-1.75952155847033,31.6840492451829,17.5765145303116));
#2877=CARTESIAN_POINT('Ctrl Pts',(-43.6513420647062,29.6764126071154,14.9934052481311));
#2878=CARTESIAN_POINT('Ctrl Pts',(-41.8394181629921,-15.2099823961253,16.0939373702137));
#2879=CARTESIAN_POINT('Ctrl Pts',(-31.8016506327121,-14.728929302355,16.7128804041164));
#2880=CARTESIAN_POINT('Ctrl Pts',(-30.4238847763677,-48.8600218892735,17.5497122270099));
#2881=CARTESIAN_POINT('Ctrl Pts',(1.43016819958817,-47.3334383449763,19.5138784752876));
#2882=CARTESIAN_POINT('Ctrl Pts',(33.284221175544,-45.806854800679,21.4780447235654));
#2883=CARTESIAN_POINT('Ctrl Pts',(31.9064553191996,-11.6757622137605,20.6412129006719));
#2884=CARTESIAN_POINT('Ctrl Pts',(30.5286894628552,22.4553303731581,19.8043810777784));
#2885=CARTESIAN_POINT('Ctrl Pts',(-1.32536351310067,20.9287468288608,17.8402148295007));
#2886=CARTESIAN_POINT('Ctrl Pts',(-33.1794164890565,19.4021632845635,15.8760485812229));
#2887=CARTESIAN_POINT('Ctrl Pts',(-31.8016506327121,-14.728929302355,16.7128804041164));
#2888=CARTESIAN_POINT('Ctrl Pts',(-21.7638831024321,-14.2478762085847,17.3318234380191));
#2889=CARTESIAN_POINT('Ctrl Pts',(-20.8202752914573,-37.6236663791811,17.9049549617234));
#2890=CARTESIAN_POINT('Ctrl Pts',(0.996010154218507,-36.5781359286541,19.2501781760985));
#2891=CARTESIAN_POINT('Ctrl Pts',(22.8122955998944,-35.5326054781272,20.5954013904736));
#2892=CARTESIAN_POINT('Ctrl Pts',(21.8686877889196,-12.1568153075308,20.0222698667692));
#2893=CARTESIAN_POINT('Ctrl Pts',(20.9250799779448,11.2189748630656,19.4491383430649));
#2894=CARTESIAN_POINT('Ctrl Pts',(-0.891205467731018,10.1734444125387,18.1039151286898));
#2895=CARTESIAN_POINT('Ctrl Pts',(-22.7074909134069,9.1279139620117,16.7586919143147));
#2896=CARTESIAN_POINT('Ctrl Pts',(-21.7638831024321,-14.2478762085847,17.3318234380191));
#2897=CARTESIAN_POINT('Ctrl Pts',(-21.1339490130965,-14.5005979667075,7.28744895126275));
#2898=CARTESIAN_POINT('Ctrl Pts',(-20.1903412021218,-37.8763881373039,7.86058047496713));
#2899=CARTESIAN_POINT('Ctrl Pts',(1.6259442435541,-36.830857686777,9.20580368934222));
#2900=CARTESIAN_POINT('Ctrl Pts',(23.44222968923,-35.78532723625,10.5510269037173));
#2901=CARTESIAN_POINT('Ctrl Pts',(22.4986218782552,-12.4095370656536,9.97789538001293));
#2902=CARTESIAN_POINT('Ctrl Pts',(21.5550140672804,10.9662531049428,9.40476385630855));
#2903=CARTESIAN_POINT('Ctrl Pts',(-0.261271378395422,9.92072265441584,8.05954064193346));
#2904=CARTESIAN_POINT('Ctrl Pts',(-22.0775568240713,8.87519220388888,6.71431742755837));
#2905=CARTESIAN_POINT('Ctrl Pts',(-21.1339490130965,-14.5005979667075,7.28744895126275));
#2906=CARTESIAN_POINT('',(40.1887067951307,-26.2016533358543,7.13101497977514));
#2907=CARTESIAN_POINT('Ctrl Pts',(40.188706794783,-26.2016533372814,7.13101497991573));
#2908=CARTESIAN_POINT('Ctrl Pts',(40.5053688617529,-26.2016533551824,7.91436386463008));
#2909=CARTESIAN_POINT('Ctrl Pts',(40.7195352394016,-26.2016533744203,8.7364670596848));
#2910=CARTESIAN_POINT('Ctrl Pts',(40.9729798369509,-26.2016534213011,10.7879728997152));
#2911=CARTESIAN_POINT('Ctrl Pts',(40.8920359587281,-26.2016534497086,12.0126847631081));
#2912=CARTESIAN_POINT('Ctrl Pts',(40.5151857571766,-26.2016534828955,13.4649431264231));
#2913=CARTESIAN_POINT('Ctrl Pts',(40.4327449239378,-26.2016534881691,13.7338619948932));
#2914=CARTESIAN_POINT('Ctrl Pts',(40.3390266869259,-26.201653494214,13.9983857869032));
#2915=CARTESIAN_POINT('',(40.5498096338787,-24.4776529450578,6.90264838105563));
#2916=CARTESIAN_POINT('Ctrl Pts',(40.5693555648157,-24.5144044457676,6.97327249117122));
#2917=CARTESIAN_POINT('Ctrl Pts',(40.4533779216266,-25.0789941130937,7.02640241088476));
#2918=CARTESIAN_POINT('Ctrl Pts',(40.326470898192,-25.6415764087885,7.07898739831875));
#2919=CARTESIAN_POINT('Ctrl Pts',(40.1887067951307,-26.2016533358544,7.13101497977514));
#2920=CARTESIAN_POINT('',(41.3112121320781,-24.5504513181607,11.1886947909334));
#2921=CARTESIAN_POINT('Origin',(31.5600430009409,-21.9214100193789,10.7553167372387));
#2922=CARTESIAN_POINT('',(41.6559806232982,-22.8162380308776,11.6506264398395));
#2923=CARTESIAN_POINT('',(41.3182715271368,-24.5158849281563,11.1884056907573));
#2924=CARTESIAN_POINT('',(41.5394527958538,-22.8141857322358,12.5386020480957));
#2925=CARTESIAN_POINT('Ctrl Pts',(41.6602886432773,-22.8194935496762,11.6510511274235));
#2926=CARTESIAN_POINT('Ctrl Pts',(41.6331073717252,-22.8179227633397,11.9483800782539));
#2927=CARTESIAN_POINT('Ctrl Pts',(41.5924732639651,-22.8157720626081,12.2447488553808));
#2928=CARTESIAN_POINT('Ctrl Pts',(41.5386315911907,-22.813067955868,12.5384368670771));
#2929=CARTESIAN_POINT('',(41.1773930691137,-24.515884854774,12.4747620121761));
#2930=CARTESIAN_POINT('',(41.5395316093816,-22.8142950615412,12.5386159300161));
#2931=CARTESIAN_POINT('Ctrl Pts',(41.1773930691137,-24.515884854774,12.4747620121761));
#2932=CARTESIAN_POINT('Ctrl Pts',(41.1104627398696,-24.5158861306091,12.8281652017278));
#2933=CARTESIAN_POINT('Ctrl Pts',(40.9554259789665,-24.5158837613535,13.5318837225591));
#2934=CARTESIAN_POINT('Ctrl Pts',(40.7080760491912,-24.5158857035114,14.2086960787726));
#2935=CARTESIAN_POINT('Ctrl Pts',(40.5746400955572,-24.5158861610947,14.5427145358031));
#2936=CARTESIAN_POINT('Ctrl Pts',(-3.56414862891947,-4.87925015386206,41.5857227281468));
#2937=CARTESIAN_POINT('Ctrl Pts',(-9.78963225961695,-24.0074340753156,47.4826370278868));
#2938=CARTESIAN_POINT('Ctrl Pts',(3.65223555415728,-33.1750975743657,35.6871376674563));
#2939=CARTESIAN_POINT('Ctrl Pts',(17.0941033679315,-42.3427610734157,23.8916383070259));
#2940=CARTESIAN_POINT('Ctrl Pts',(23.319586998629,-23.2145771519622,17.9947240072859));
#2941=CARTESIAN_POINT('Ctrl Pts',(29.5450706293265,-4.08639323050864,12.097809707546));
#2942=CARTESIAN_POINT('Ctrl Pts',(16.1032028155523,5.08127026854143,23.8933090679764));
#2943=CARTESIAN_POINT('Ctrl Pts',(2.66133500177801,14.2489337675915,35.6888084284068));
#2944=CARTESIAN_POINT('Ctrl Pts',(-3.56414862891947,-4.87925015386206,41.5857227281468));
#2945=CARTESIAN_POINT('Ctrl Pts',(-10.2264652932652,-5.03824977054008,34.1014947271734));
#2946=CARTESIAN_POINT('Ctrl Pts',(-16.4519489239627,-24.1664336919936,39.9984090269133));
#2947=CARTESIAN_POINT('Ctrl Pts',(-3.01008111018848,-33.3340971910437,28.2029096664829));
#2948=CARTESIAN_POINT('Ctrl Pts',(10.4317867035858,-42.5017606900937,16.4074103060525));
#2949=CARTESIAN_POINT('Ctrl Pts',(16.6572703342832,-23.3735767686402,10.5104960063125));
#2950=CARTESIAN_POINT('Ctrl Pts',(22.8827539649807,-4.24539284718665,4.61358170657255));
#2951=CARTESIAN_POINT('Ctrl Pts',(9.44088615120649,4.92227065186341,16.409081067003));
#2952=CARTESIAN_POINT('Ctrl Pts',(-4.00098166256775,14.0899341509135,28.2045804274334));
#2953=CARTESIAN_POINT('Ctrl Pts',(-10.2264652932652,-5.03824977054008,34.1014947271734));
#2954=CARTESIAN_POINT('Ctrl Pts',(-17.0190319068663,-0.405562864888118,
40.0621034949749));
#2955=CARTESIAN_POINT('Ctrl Pts',(-26.390433415142,-29.199774252446,48.9389000365738));
#2956=CARTESIAN_POINT('Ctrl Pts',(-6.1559989877667,-43.0001246571481,31.1827919083418));
#2957=CARTESIAN_POINT('Ctrl Pts',(14.0784354396086,-56.8004750618501,13.4266837801098));
#2958=CARTESIAN_POINT('Ctrl Pts',(23.4498369478843,-28.0062636742922,4.54988723851097));
#2959=CARTESIAN_POINT('Ctrl Pts',(32.82123845616,0.78794771326574,-4.32690930308789));
#2960=CARTESIAN_POINT('Ctrl Pts',(12.5868040287847,14.5882981179678,13.4291988251441));
#2961=CARTESIAN_POINT('Ctrl Pts',(-7.64763039859059,28.3886485226698,31.185306953376));
#2962=CARTESIAN_POINT('Ctrl Pts',(-17.0190319068663,-0.405562864888118,
40.0621034949749));
#2963=CARTESIAN_POINT('Ctrl Pts',(-23.8115985204673,4.22712404076384,46.0227122627765));
#2964=CARTESIAN_POINT('Ctrl Pts',(-36.3289179063213,-34.2331148128984,57.8793910462342));
#2965=CARTESIAN_POINT('Ctrl Pts',(-9.30191686534491,-52.6661521232524,34.1626741502007));
#2966=CARTESIAN_POINT('Ctrl Pts',(17.7250841756314,-71.0991894336064,10.4459572541672));
#2967=CARTESIAN_POINT('Ctrl Pts',(30.2424035614854,-32.6389505799441,-1.41072152929057));
#2968=CARTESIAN_POINT('Ctrl Pts',(42.7597229473393,5.82128827371814,-13.2674003127483));
#2969=CARTESIAN_POINT('Ctrl Pts',(15.7327219063629,24.2543255840721,10.4493165832852));
#2970=CARTESIAN_POINT('Ctrl Pts',(-11.2942791346134,42.6873628944261,34.1660334793187));
#2971=CARTESIAN_POINT('Ctrl Pts',(-23.8115985204673,4.22712404076384,46.0227122627765));
#2972=CARTESIAN_POINT('Ctrl Pts',(-17.1492818561216,4.38612365744186,53.5069402637499));
#2973=CARTESIAN_POINT('Ctrl Pts',(-29.6666012419755,-34.0741151962204,65.3636190472076));
#2974=CARTESIAN_POINT('Ctrl Pts',(-2.63960020099915,-52.5071525065744,41.6469021511741));
#2975=CARTESIAN_POINT('Ctrl Pts',(24.3874008399772,-70.9401898169284,17.9301852551406));
#2976=CARTESIAN_POINT('Ctrl Pts',(36.9047202258311,-32.4799509632661,6.07350647168284));
#2977=CARTESIAN_POINT('Ctrl Pts',(49.422039611685,5.98028789039616,-5.78317231177491));
#2978=CARTESIAN_POINT('Ctrl Pts',(22.3950385707087,24.4133252007501,17.9335445842586));
#2979=CARTESIAN_POINT('Ctrl Pts',(-4.63196247026767,42.8463625111041,41.6502614802921));
#2980=CARTESIAN_POINT('Ctrl Pts',(-17.1492818561216,4.38612365744186,53.5069402637499));
#2981=CARTESIAN_POINT('Ctrl Pts',(-10.4869651917758,4.54512327411988,60.9911682647233));
#2982=CARTESIAN_POINT('Ctrl Pts',(-23.0042845776297,-33.9151155795424,72.847847048181));
#2983=CARTESIAN_POINT('Ctrl Pts',(4.02271646334661,-52.3481528898964,49.1311301521475));
#2984=CARTESIAN_POINT('Ctrl Pts',(31.049717504323,-70.7811902002504,25.414413256114));
#2985=CARTESIAN_POINT('Ctrl Pts',(43.5670368901769,-32.3209513465881,13.5577344726562));
#2986=CARTESIAN_POINT('Ctrl Pts',(56.0843562760308,6.13928750707418,1.7010556891985));
#2987=CARTESIAN_POINT('Ctrl Pts',(29.0573552350544,24.5723248174282,25.417772585232));
#2988=CARTESIAN_POINT('Ctrl Pts',(2.03035419407809,43.0053621277821,49.1344894812655));
#2989=CARTESIAN_POINT('Ctrl Pts',(-10.4869651917758,4.54512327411988,60.9911682647233));
#2990=CARTESIAN_POINT('Ctrl Pts',(-3.69439857817477,-0.0875636315320816,
55.0305594969217));
#2991=CARTESIAN_POINT('Ctrl Pts',(-13.0658000864505,-28.88177501909,63.9073560385206));
#2992=CARTESIAN_POINT('Ctrl Pts',(7.16863434092483,-42.682125423792,46.1512479102886));
#2993=CARTESIAN_POINT('Ctrl Pts',(27.4030687683001,-56.482475828494,28.3951397820567));
#2994=CARTESIAN_POINT('Ctrl Pts',(36.7744702765758,-27.6882644409361,19.5183432404578));
#2995=CARTESIAN_POINT('Ctrl Pts',(46.1458717848515,1.10594694662178,10.6415466988589));
#2996=CARTESIAN_POINT('Ctrl Pts',(25.9114373574762,14.9062973513238,28.3976548270909));
#2997=CARTESIAN_POINT('Ctrl Pts',(5.67700293010093,28.7066477560258,46.1537629553229));
#2998=CARTESIAN_POINT('Ctrl Pts',(-3.69439857817477,-0.0875636315320816,
55.0305594969217));
#2999=CARTESIAN_POINT('Ctrl Pts',(3.09816803542629,-4.72025053718404,49.0699507291202));
#3000=CARTESIAN_POINT('Ctrl Pts',(-3.12731559527119,-23.8484344586376,54.9668650288601));
#3001=CARTESIAN_POINT('Ctrl Pts',(10.3145522185031,-33.0160979576877,43.1713656684298));
#3002=CARTESIAN_POINT('Ctrl Pts',(23.7564200322773,-42.1837614567377,31.3758663079993));
#3003=CARTESIAN_POINT('Ctrl Pts',(29.9819036629748,-23.0555775352842,25.4789520082594));
#3004=CARTESIAN_POINT('Ctrl Pts',(36.2073872936722,-3.92739361383062,19.5820377085194));
#3005=CARTESIAN_POINT('Ctrl Pts',(22.765519479898,5.24026988521945,31.3775370689498));
#3006=CARTESIAN_POINT('Ctrl Pts',(9.32365166612377,14.4079333842695,43.1730364293802));
#3007=CARTESIAN_POINT('Ctrl Pts',(3.09816803542629,-4.72025053718404,49.0699507291202));
#3008=CARTESIAN_POINT('Ctrl Pts',(-3.56414862891947,-4.87925015386206,41.5857227281468));
#3009=CARTESIAN_POINT('Ctrl Pts',(-9.78963225961695,-24.0074340753156,47.4826370278868));
#3010=CARTESIAN_POINT('Ctrl Pts',(3.65223555415728,-33.1750975743657,35.6871376674563));
#3011=CARTESIAN_POINT('Ctrl Pts',(17.0941033679315,-42.3427610734157,23.8916383070259));
#3012=CARTESIAN_POINT('Ctrl Pts',(23.319586998629,-23.2145771519622,17.9947240072859));
#3013=CARTESIAN_POINT('Ctrl Pts',(29.5450706293265,-4.08639323050864,12.097809707546));
#3014=CARTESIAN_POINT('Ctrl Pts',(16.1032028155523,5.08127026854143,23.8933090679764));
#3015=CARTESIAN_POINT('Ctrl Pts',(2.66133500177801,14.2489337675915,35.6888084284068));
#3016=CARTESIAN_POINT('Ctrl Pts',(-3.56414862891947,-4.87925015386206,41.5857227281468));
#3017=CARTESIAN_POINT('',(35.0577770169824,-26.2005475186527,2.01106045005559));
#3018=CARTESIAN_POINT('Ctrl Pts',(35.0608165269262,-26.2016532201164,2.00387477869914));
#3019=CARTESIAN_POINT('Ctrl Pts',(35.2243514403249,-26.2016532216972,2.07304798215341));
#3020=CARTESIAN_POINT('Ctrl Pts',(35.3861766523546,-26.201653223439,2.14676844650309));
#3021=CARTESIAN_POINT('Ctrl Pts',(36.6245368232684,-26.2016532372844,2.75264421959466));
#3022=CARTESIAN_POINT('Ctrl Pts',(37.5939403100738,-26.2016532548436,3.4749105557833));
#3023=CARTESIAN_POINT('Ctrl Pts',(39.1564503136696,-26.2016532936903,5.17484461399309));
#3024=CARTESIAN_POINT('Ctrl Pts',(39.7577083151359,-26.2016533140055,6.11245940532158));
#3025=CARTESIAN_POINT('Ctrl Pts',(40.188487289727,-26.2016533372835,7.13110780655158));
#3026=CARTESIAN_POINT('',(35.6207439601152,-24.4781968824802,1.78804699845854));
#3027=CARTESIAN_POINT('Ctrl Pts',(35.615704622056,-24.5158633154047,1.79099106582152));
#3028=CARTESIAN_POINT('Ctrl Pts',(35.425367334997,-25.0774344834165,1.85898771948554));
#3029=CARTESIAN_POINT('Ctrl Pts',(35.2392960382617,-25.6389956962508,1.93244958780894));
#3030=CARTESIAN_POINT('Ctrl Pts',(35.0577770169824,-26.2005475186527,2.01106045005558));
#3031=CARTESIAN_POINT('',(38.4253215053577,-24.5511515517654,3.76640488264934));
#3032=CARTESIAN_POINT('Origin',(31.5558328171626,-21.9397525928855,10.6393088045498));
#3033=CARTESIAN_POINT('',(38.9991828308269,-22.8159291661867,3.82488367142494));
#3034=CARTESIAN_POINT('',(38.4301405571355,-24.5158840338231,3.76158612275579));
#3035=CARTESIAN_POINT('',(39.57506203972,-22.814520743116,4.5106756992819));
#3036=CARTESIAN_POINT('Ctrl Pts',(39.0019234028339,-22.818752402925,3.82239334570752));
#3037=CARTESIAN_POINT('Ctrl Pts',(39.2032879463948,-22.8181351511105,4.04281156420059));
#3038=CARTESIAN_POINT('Ctrl Pts',(39.3948782279447,-22.8168741005443,4.27259777243384));
#3039=CARTESIAN_POINT('Ctrl Pts',(39.5755152373141,-22.8149839743072,4.51033491750572));
#3040=CARTESIAN_POINT('',(39.2833634384527,-24.5158845938177,4.73450199908723));
#3041=CARTESIAN_POINT('',(39.575100638236,-22.8142956130691,4.51064608185153));
#3042=CARTESIAN_POINT('Ctrl Pts',(39.2833634384527,-24.5158845938177,4.73450199908723));
#3043=CARTESIAN_POINT('Ctrl Pts',(39.5417867449894,-24.5158854043776,5.08021236134574));
#3044=CARTESIAN_POINT('Ctrl Pts',(39.9876284227441,-24.5158854844571,5.72973913987533));
#3045=CARTESIAN_POINT('Ctrl Pts',(40.336727381624,-24.5158852741525,6.43512025680799));
#3046=CARTESIAN_POINT('Ctrl Pts',(40.4815683523363,-24.5158852329047,6.75862323465588));
#3047=CARTESIAN_POINT('Origin',(31.4348634601254,-23.2997949885736,10.7575608769153));
#3048=CARTESIAN_POINT('',(27.4336526187457,-26.2011124629962,2.17767151924073));
#3049=CARTESIAN_POINT('Origin',(31.4348731661175,-26.2016534201739,10.7583897446175));
#3050=CARTESIAN_POINT('',(27.2544995228237,-24.5158286778305,1.79068561367875));
#3051=CARTESIAN_POINT('',(27.1270406369446,-23.3165687826351,1.51537779422519));
#3052=CARTESIAN_POINT('',(35.2221589673612,-24.5131105544812,1.61700268296237));
#3053=CARTESIAN_POINT('Ctrl Pts',(27.2544912440601,-24.5158849520481,1.79066785983821));
#3054=CARTESIAN_POINT('Ctrl Pts',(27.515120799467,-24.5158871687813,1.66914093268664));
#3055=CARTESIAN_POINT('Ctrl Pts',(27.9141243849289,-24.5158829209351,1.5039042798143));
#3056=CARTESIAN_POINT('Ctrl Pts',(28.4590574788194,-24.5158862924264,1.31891091746754));
#3057=CARTESIAN_POINT('Ctrl Pts',(28.8735686458715,-24.5158849658696,1.1980944696343));
#3058=CARTESIAN_POINT('Ctrl Pts',(29.2929567202057,-24.5158828493866,1.09547787704341));
#3059=CARTESIAN_POINT('Ctrl Pts',(29.7164184569356,-24.5158867440418,1.01123858016041));
#3060=CARTESIAN_POINT('Ctrl Pts',(30.1431539971373,-24.5158842968061,0.945557398362402));
#3061=CARTESIAN_POINT('Ctrl Pts',(30.5723479840835,-24.5158834143164,0.898557882747543));
#3062=CARTESIAN_POINT('Ctrl Pts',(31.0031831874335,-24.5158883410451,0.870314551526387));
#3063=CARTESIAN_POINT('Ctrl Pts',(31.4348397797638,-24.515882336733,0.86090471374776));
#3064=CARTESIAN_POINT('Ctrl Pts',(31.8664963717126,-24.5158883410082,0.870314552260704));
#3065=CARTESIAN_POINT('Ctrl Pts',(32.2973315762071,-24.515883414464,0.898557879810267));
#3066=CARTESIAN_POINT('Ctrl Pts',(32.7265255589572,-24.5158842962526,0.94555740937717));
#3067=CARTESIAN_POINT('Ctrl Pts',(33.1532611147986,-24.5158867461086,1.0112385390387));
#3068=CARTESIAN_POINT('Ctrl Pts',(33.5767227931658,-24.5158828416733,1.09547803051626));
#3069=CARTESIAN_POINT('Ctrl Pts',(33.9961096992777,-24.5158849946489,1.1980935577359));
#3070=CARTESIAN_POINT('Ctrl Pts',(34.5487893585942,-24.5158865817695,1.35918540200397));
#3071=CARTESIAN_POINT('Ctrl Pts',(34.9547988995658,-24.51588295493,1.50696216678239));
#3072=CARTESIAN_POINT('Ctrl Pts',(35.2206658466711,-24.5158854992957,1.61708590132651));
#3073=CARTESIAN_POINT('Origin',(31.4348920504006,-24.4996042570867,10.7600025753446));
#3074=CARTESIAN_POINT('Ctrl Pts',(21.1555594367144,-3.40238838873615,10.7568854713592));
#3075=CARTESIAN_POINT('Ctrl Pts',(21.1555593436063,-3.40238853905038,21.0361655306193));
#3076=CARTESIAN_POINT('Ctrl Pts',(31.4348394028664,-3.40238846668522,21.0361656237273));
#3077=CARTESIAN_POINT('Ctrl Pts',(41.7141194621265,-3.40238839432006,21.0361657168354));
#3078=CARTESIAN_POINT('Ctrl Pts',(41.7141195552346,-3.40238824400582,10.7568856575753));
#3079=CARTESIAN_POINT('Ctrl Pts',(41.7141196483426,-3.40238809369158,0.477605598315176));
#3080=CARTESIAN_POINT('Ctrl Pts',(31.4348395890825,-3.40238816605675,0.477605505207122));
#3081=CARTESIAN_POINT('Ctrl Pts',(21.1555595298224,-3.40238823842191,0.477605412099073));
#3082=CARTESIAN_POINT('Ctrl Pts',(21.1555594367144,-3.40238838873615,10.7568854713592));
#3083=CARTESIAN_POINT('Ctrl Pts',(21.428040288389,-3.55477864282889,10.7568854719118));
#3084=CARTESIAN_POINT('Ctrl Pts',(21.428040197749,-3.55477878915863,20.7636846804347));
#3085=CARTESIAN_POINT('Ctrl Pts',(31.434839406272,-3.5547787187117,20.7636847710747));
#3086=CARTESIAN_POINT('Ctrl Pts',(41.441638614795,-3.55477864826478,20.7636848617147));
#3087=CARTESIAN_POINT('Ctrl Pts',(41.441638705435,-3.55477850193504,10.7568856531917));
#3088=CARTESIAN_POINT('Ctrl Pts',(41.4416387960749,-3.5547783556053,0.750086444668696));
#3089=CARTESIAN_POINT('Ctrl Pts',(31.4348395875519,-3.55477842605222,0.75008635402873));
#3090=CARTESIAN_POINT('Ctrl Pts',(21.4280403790289,-3.55477849649914,0.750086263388768));
#3091=CARTESIAN_POINT('Ctrl Pts',(21.428040288389,-3.55477864282889,10.7568854719118));
#3092=CARTESIAN_POINT('Ctrl Pts',(21.4280402904124,-3.88369613231849,10.7568854677773));
#3093=CARTESIAN_POINT('Ctrl Pts',(21.4280401997725,-3.88369627864824,20.7636846763003));
#3094=CARTESIAN_POINT('Ctrl Pts',(31.4348394082954,-3.88369620820131,20.7636847669403));
#3095=CARTESIAN_POINT('Ctrl Pts',(41.4416386168184,-3.88369613775439,20.7636848575803));
#3096=CARTESIAN_POINT('Ctrl Pts',(41.4416387074584,-3.88369599142465,10.7568856490573));
#3097=CARTESIAN_POINT('Ctrl Pts',(41.4416387980984,-3.88369584509491,0.750086440534281));
#3098=CARTESIAN_POINT('Ctrl Pts',(31.4348395895754,-3.88369591554183,0.750086349894315));
#3099=CARTESIAN_POINT('Ctrl Pts',(21.4280403810524,-3.88369598598875,0.750086259254353));
#3100=CARTESIAN_POINT('Ctrl Pts',(21.4280402904124,-3.88369613231849,10.7568854677773));
#3101=CARTESIAN_POINT('Ctrl Pts',(21.4280402937536,-4.42681205411125,10.7568854609505));
#3102=CARTESIAN_POINT('Ctrl Pts',(21.4280402031136,-4.42681220044099,20.7636846694735));
#3103=CARTESIAN_POINT('Ctrl Pts',(31.4348394116366,-4.42681212999407,20.7636847601135));
#3104=CARTESIAN_POINT('Ctrl Pts',(41.4416386201596,-4.42681205954714,20.7636848507534));
#3105=CARTESIAN_POINT('Ctrl Pts',(41.4416387107995,-4.4268119132174,10.7568856422304));
#3106=CARTESIAN_POINT('Ctrl Pts',(41.4416388014395,-4.42681176688766,0.750086433707441));
#3107=CARTESIAN_POINT('Ctrl Pts',(31.4348395929165,-4.42681183733459,0.750086343067475));
#3108=CARTESIAN_POINT('Ctrl Pts',(21.4280403843935,-4.42681190778151,0.750086252427513));
#3109=CARTESIAN_POINT('Ctrl Pts',(21.4280402937536,-4.42681205411125,10.7568854609505));
#3110=CARTESIAN_POINT('Ctrl Pts',(20.9203355300617,-4.42681205768544,10.7568854563518));
#3111=CARTESIAN_POINT('Ctrl Pts',(20.920335434823,-4.42681221143937,21.2713894285666));
#3112=CARTESIAN_POINT('Ctrl Pts',(31.4348394070379,-4.42681213741825,21.2713895238053));
#3113=CARTESIAN_POINT('Ctrl Pts',(41.9493433792527,-4.42681206339713,21.271389619044));
#3114=CARTESIAN_POINT('Ctrl Pts',(41.9493434744914,-4.42681190964321,10.7568856468291));
#3115=CARTESIAN_POINT('Ctrl Pts',(41.9493435697301,-4.42681175588929,0.24238167461428));
#3116=CARTESIAN_POINT('Ctrl Pts',(31.4348395975152,-4.4268118299104,0.242381579375607));
#3117=CARTESIAN_POINT('Ctrl Pts',(20.9203356253004,-4.42681190393152,0.242381484136938));
#3118=CARTESIAN_POINT('Ctrl Pts',(20.9203355300617,-4.42681205768544,10.7568854563518));
#3119=CARTESIAN_POINT('Ctrl Pts',(20.4126307663698,-4.42681206125964,10.7568854517531));
#3120=CARTESIAN_POINT('Ctrl Pts',(20.4126306665325,-4.42681222243774,21.7790941876598));
#3121=CARTESIAN_POINT('Ctrl Pts',(31.4348394024392,-4.42681214484243,21.7790942874972));
#3122=CARTESIAN_POINT('Ctrl Pts',(42.4570481383459,-4.42681206724712,21.7790943873346));
#3123=CARTESIAN_POINT('Ctrl Pts',(42.4570482381833,-4.42681190606902,10.7568856514278));
#3124=CARTESIAN_POINT('Ctrl Pts',(42.4570483380207,-4.42681174489091,-0.265323084478881));
#3125=CARTESIAN_POINT('Ctrl Pts',(31.4348396021139,-4.42681182248622,-0.265323184316262));
#3126=CARTESIAN_POINT('Ctrl Pts',(20.4126308662072,-4.42681190008153,-0.265323284153638));
#3127=CARTESIAN_POINT('Ctrl Pts',(20.4126307663698,-4.42681206125964,10.7568854517531));
#3128=CARTESIAN_POINT('Ctrl Pts',(20.4126307630287,-3.88369613946688,10.7568854585799));
#3129=CARTESIAN_POINT('Ctrl Pts',(20.4126306631913,-3.88369630064499,21.7790941944867));
#3130=CARTESIAN_POINT('Ctrl Pts',(31.434839399098,-3.88369622304968,21.779094294324));
#3131=CARTESIAN_POINT('Ctrl Pts',(42.4570481350047,-3.88369614545437,21.7790943941614));
#3132=CARTESIAN_POINT('Ctrl Pts',(42.4570482348421,-3.88369598427626,10.7568856582547));
#3133=CARTESIAN_POINT('Ctrl Pts',(42.4570483346795,-3.88369582309815,-0.265323077652041));
#3134=CARTESIAN_POINT('Ctrl Pts',(31.4348395987728,-3.88369590069346,-0.265323177489422));
#3135=CARTESIAN_POINT('Ctrl Pts',(20.4126308628661,-3.88369597828878,-0.265323277326799));
#3136=CARTESIAN_POINT('Ctrl Pts',(20.4126307630287,-3.88369613946688,10.7568854585799));
#3137=CARTESIAN_POINT('Ctrl Pts',(20.4126307596875,-3.34058021767413,10.7568854654068));
#3138=CARTESIAN_POINT('Ctrl Pts',(20.4126306598501,-3.34058037885223,21.7790942013135));
#3139=CARTESIAN_POINT('Ctrl Pts',(31.4348393957569,-3.34058030125692,21.7790943011509));
#3140=CARTESIAN_POINT('Ctrl Pts',(42.4570481316636,-3.34058022366161,21.7790944009883));
#3141=CARTESIAN_POINT('Ctrl Pts',(42.457048231501,-3.3405800624835,10.7568856650815));
#3142=CARTESIAN_POINT('Ctrl Pts',(42.4570483313384,-3.3405799013054,-0.265323070825202));
#3143=CARTESIAN_POINT('Ctrl Pts',(31.4348395954316,-3.34057997890071,-0.265323170662583));
#3144=CARTESIAN_POINT('Ctrl Pts',(20.4126308595249,-3.34058005649602,-0.265323270499959));
#3145=CARTESIAN_POINT('Ctrl Pts',(20.4126307596875,-3.34058021767413,10.7568854654068));
#3146=CARTESIAN_POINT('Ctrl Pts',(20.9203355233794,-3.34058021409993,10.7568854700055));
#3147=CARTESIAN_POINT('Ctrl Pts',(20.9203354281407,-3.34058036785386,21.2713894422203));
#3148=CARTESIAN_POINT('Ctrl Pts',(31.4348394003556,-3.34058029383274,21.271389537459));
#3149=CARTESIAN_POINT('Ctrl Pts',(41.9493433725704,-3.34058021981162,21.2713896326977));
#3150=CARTESIAN_POINT('Ctrl Pts',(41.9493434678091,-3.3405800660577,10.7568856604828));
#3151=CARTESIAN_POINT('Ctrl Pts',(41.9493435630478,-3.34057991230377,0.242381688267959));
#3152=CARTESIAN_POINT('Ctrl Pts',(31.4348395908329,-3.34057998632489,0.242381593029286));
#3153=CARTESIAN_POINT('Ctrl Pts',(20.9203356186181,-3.34058006034601,0.242381497790616));
#3154=CARTESIAN_POINT('Ctrl Pts',(20.9203355233794,-3.34058021409993,10.7568854700055));
#3155=CARTESIAN_POINT('Ctrl Pts',(21.0450435483801,-3.340580213222,10.7568854711351));
#3156=CARTESIAN_POINT('Ctrl Pts',(21.045043454271,-3.34058036515231,21.1466814183492));
#3157=CARTESIAN_POINT('Ctrl Pts',(31.4348394014852,-3.34058029200913,21.1466815124583));
#3158=CARTESIAN_POINT('Ctrl Pts',(41.8246353486993,-3.34058021886594,21.1466816065674));
#3159=CARTESIAN_POINT('Ctrl Pts',(41.8246354428084,-3.34058006693563,10.7568856593532));
#3160=CARTESIAN_POINT('Ctrl Pts',(41.8246355369175,-3.34057991500532,0.367089712139066));
#3161=CARTESIAN_POINT('Ctrl Pts',(31.4348395897033,-3.3405799881485,0.367089618029978));
#3162=CARTESIAN_POINT('Ctrl Pts',(21.0450436424892,-3.34058006129168,0.367089523920894));
#3163=CARTESIAN_POINT('Ctrl Pts',(21.0450435483801,-3.340580213222,10.7568854711351));
#3164=CARTESIAN_POINT('Ctrl Pts',(21.1555594367144,-3.40238838873615,10.7568854713592));
#3165=CARTESIAN_POINT('Ctrl Pts',(21.1555593436063,-3.40238853905038,21.0361655306193));
#3166=CARTESIAN_POINT('Ctrl Pts',(31.4348394028664,-3.40238846668522,21.0361656237273));
#3167=CARTESIAN_POINT('Ctrl Pts',(41.7141194621265,-3.40238839432006,21.0361657168354));
#3168=CARTESIAN_POINT('Ctrl Pts',(41.7141195552346,-3.40238824400582,10.7568856575753));
#3169=CARTESIAN_POINT('Ctrl Pts',(41.7141196483426,-3.40238809369158,0.477605598315176));
#3170=CARTESIAN_POINT('Ctrl Pts',(31.4348395890825,-3.40238816605675,0.477605505207122));
#3171=CARTESIAN_POINT('Ctrl Pts',(21.1555595298224,-3.40238823842191,0.477605412099073));
#3172=CARTESIAN_POINT('Ctrl Pts',(21.1555594367144,-3.40238838873615,10.7568854713592));
#3173=CARTESIAN_POINT('',(26.3049597395697,-3.39746054764485,1.87174019033876));
#3174=CARTESIAN_POINT('',(21.6444152018879,-3.41036021049345,7.66997659923852));
#3175=CARTESIAN_POINT('Ctrl Pts',(26.305499687955,-3.41466819299457,1.8727936579787));
#3176=CARTESIAN_POINT('Ctrl Pts',(24.2865713162427,-3.40717378712332,3.02459097551057));
#3177=CARTESIAN_POINT('Ctrl Pts',(22.6926733565321,-3.4067198897122,4.8875703275916));
#3178=CARTESIAN_POINT('Ctrl Pts',(21.8651863140763,-3.4127802541164,7.05263361033025));
#3179=CARTESIAN_POINT('Ctrl Pts',(21.7872489334889,-3.41335105329855,7.2565514391362));
#3180=CARTESIAN_POINT('Ctrl Pts',(21.7158314964779,-3.41396824589599,7.46311291314778));
#3181=CARTESIAN_POINT('Ctrl Pts',(21.6510658647032,-3.41462400723008,7.67201197834953));
#3182=CARTESIAN_POINT('',(30.5401392092999,-3.41036245402857,0.530407969908734));
#3183=CARTESIAN_POINT('Ctrl Pts',(30.5401541732891,-3.41046626240976,0.530579706156908));
#3184=CARTESIAN_POINT('Ctrl Pts',(29.0542542411538,-3.41023392325285,0.660191884828414));
#3185=CARTESIAN_POINT('Ctrl Pts',(27.5940422941084,-3.41023427791601,1.1204953211673));
#3186=CARTESIAN_POINT('Ctrl Pts',(26.3021338893074,-3.4104665053927,1.86682820294749));
#3187=CARTESIAN_POINT('',(38.6896513964478,-3.4097906589427,3.49402521701858));
#3188=CARTESIAN_POINT('Ctrl Pts',(38.6895685405129,-3.410387771857,3.49400906038539));
#3189=CARTESIAN_POINT('Ctrl Pts',(36.8564987626444,-3.41033835674973,1.6628796314362));
#3190=CARTESIAN_POINT('Ctrl Pts',(34.3045137154423,-3.41033156775461,0.565362553639363));
#3191=CARTESIAN_POINT('Ctrl Pts',(31.7132102304202,-3.41036928631371,0.49513089053816));
#3192=CARTESIAN_POINT('Ctrl Pts',(31.3215711080657,-3.4103749869441,0.484516361187416));
#3193=CARTESIAN_POINT('Ctrl Pts',(30.9299066319037,-3.41038164609293,0.496339771145393));
#3194=CARTESIAN_POINT('Ctrl Pts',(30.5401430874216,-3.41038922666803,0.530452274893093));
#3195=CARTESIAN_POINT('',(39.0018332028791,-3.39100834186523,3.82295869938353));
#3196=CARTESIAN_POINT('Ctrl Pts',(39.0133243000636,-3.40238816405866,3.81209136193254));
#3197=CARTESIAN_POINT('Ctrl Pts',(38.9087010796835,-3.40422231417232,3.70277579664295));
#3198=CARTESIAN_POINT('Ctrl Pts',(38.8015920468938,-3.40617202074166,3.59586715648006));
#3199=CARTESIAN_POINT('Ctrl Pts',(38.6920860899445,-3.40824382714399,3.49144234011706));
#3200=CARTESIAN_POINT('',(41.6125611801032,-3.41036022499302,12.0968083449976));
#3201=CARTESIAN_POINT('Ctrl Pts',(41.6125188781964,-3.41038590906483,12.0968027741479));
#3202=CARTESIAN_POINT('Ctrl Pts',(41.9320443377632,-3.41034323941251,9.67030901565068));
#3203=CARTESIAN_POINT('Ctrl Pts',(41.3498705142145,-3.41033489143509,7.14614961970377));
#3204=CARTESIAN_POINT('Ctrl Pts',(40.005938284005,-3.41036261026881,5.10731984298421));
#3205=CARTESIAN_POINT('Ctrl Pts',(39.707074473912,-3.41036877438637,4.65392463338616));
#3206=CARTESIAN_POINT('Ctrl Pts',(39.3708156111583,-3.41037668555549,4.22259259308149));
#3207=CARTESIAN_POINT('Ctrl Pts',(39.0033317024533,-3.41038620061958,3.82158110000304));
#3208=CARTESIAN_POINT('',(37.3229158923973,-3.41036033592574,19.1659264644519));
#3209=CARTESIAN_POINT('Ctrl Pts',(37.3191411728406,-3.41443887331137,19.1604417147041));
#3210=CARTESIAN_POINT('Ctrl Pts',(39.2543477085507,-3.40767906156782,17.8186179600872));
#3211=CARTESIAN_POINT('Ctrl Pts',(40.6885291760008,-3.40631811638747,15.7963060368444));
#3212=CARTESIAN_POINT('Ctrl Pts',(41.3159206440319,-3.41122251966124,13.5347169495265));
#3213=CARTESIAN_POINT('Ctrl Pts',(41.4465339471893,-3.41224354137455,13.0638887088968));
#3214=CARTESIAN_POINT('Ctrl Pts',(41.5435603145404,-3.41347992339026,12.5816312553352));
#3215=CARTESIAN_POINT('Ctrl Pts',(41.6053365668295,-3.4148268797985,12.0959140278503));
#3216=CARTESIAN_POINT('',(29.2129701799768,-3.41036194727904,20.7790937561443));
#3217=CARTESIAN_POINT('Ctrl Pts',(29.2129795483186,-3.41038799779289,20.7790515071001));
#3218=CARTESIAN_POINT('Ctrl Pts',(31.6740997755917,-3.41033838281608,21.3247529376886));
#3219=CARTESIAN_POINT('Ctrl Pts',(34.3382463221228,-3.41033237484361,20.9204312858479));
#3220=CARTESIAN_POINT('Ctrl Pts',(36.5255994396801,-3.41037144146575,19.6712109650487));
#3221=CARTESIAN_POINT('Ctrl Pts',(36.7986589294964,-3.41037631837009,19.5152638247687));
#3222=CARTESIAN_POINT('Ctrl Pts',(37.0647206199554,-3.41038186785722,19.3466731607554));
#3223=CARTESIAN_POINT('Ctrl Pts',(37.3228894586291,-3.41038807642579,19.1658887166882));
#3224=CARTESIAN_POINT('',(22.5446168236844,-3.41036035122018,15.8896581813795));
#3225=CARTESIAN_POINT('Ctrl Pts',(22.5509611151009,-3.41483400802091,15.8860653413379));
#3226=CARTESIAN_POINT('Ctrl Pts',(23.729050394068,-3.4078081076705,17.9490150559944));
#3227=CARTESIAN_POINT('Ctrl Pts',(25.6435169220882,-3.40635160673931,19.5676819326145));
#3228=CARTESIAN_POINT('Ctrl Pts',(27.8764907313116,-3.41139568573744,20.3841601198689));
#3229=CARTESIAN_POINT('Ctrl Pts',(28.312869438292,-3.41238142442458,20.5437202965983));
#3230=CARTESIAN_POINT('Ctrl Pts',(28.760810282767,-3.41355859757934,20.6734733834551));
#3231=CARTESIAN_POINT('Ctrl Pts',(29.2144937692752,-3.41483797868795,20.7719599864352));
#3232=CARTESIAN_POINT('',(21.1692753327128,-3.4103487449318,10.7568854713834));
#3233=CARTESIAN_POINT('Ctrl Pts',(21.1692753327128,-3.4103487449318,10.7568854713834));
#3234=CARTESIAN_POINT('Ctrl Pts',(21.1692626947327,-3.41034116962506,12.2843791506008));
#3235=CARTESIAN_POINT('Ctrl Pts',(21.5167310449132,-3.41034941409891,13.8129009434734));
#3236=CARTESIAN_POINT('Ctrl Pts',(22.1752277152047,-3.4103725599577,15.188655739265));
#3237=CARTESIAN_POINT('Ctrl Pts',(22.2892718604939,-3.4103765685576,15.4269208465802));
#3238=CARTESIAN_POINT('Ctrl Pts',(22.4125014048763,-3.41038101661002,15.6607589009017));
#3239=CARTESIAN_POINT('Ctrl Pts',(22.5446535710606,-3.41038589445463,15.8896369632255));
#3240=CARTESIAN_POINT('',(20.9802956307754,-4.42301115148826,10.7568854569427));
#3241=CARTESIAN_POINT('Ctrl Pts',(21.1692753327128,-3.4103487449318,10.7568854713834));
#3242=CARTESIAN_POINT('Ctrl Pts',(21.3480108279036,-3.51791790053438,10.7568854716502));
#3243=CARTESIAN_POINT('Ctrl Pts',(21.4460501731886,-3.74793397117939,10.756885469647));
#3244=CARTESIAN_POINT('Ctrl Pts',(21.4246946427718,-3.94594412965275,10.7568854669646));
#3245=CARTESIAN_POINT('Ctrl Pts',(21.4023354862256,-4.15325998857213,10.7568854641562));
#3246=CARTESIAN_POINT('Ctrl Pts',(21.2210062622316,-4.37126544755197,10.7568854597734));
#3247=CARTESIAN_POINT('Ctrl Pts',(21.0243341994541,-4.41529544443992,10.7568854574386));
#3248=CARTESIAN_POINT('Ctrl Pts',(21.0095669031943,-4.41860147580595,10.7568854572632));
#3249=CARTESIAN_POINT('Ctrl Pts',(20.9948589619888,-4.42115828901653,10.7568854570979));
#3250=CARTESIAN_POINT('Ctrl Pts',(20.9802956307754,-4.42301115148826,10.7568854569427));
#3251=CARTESIAN_POINT('',(23.7267614303818,-4.42301712684034,17.8197384721522));
#3252=CARTESIAN_POINT('Ctrl Pts',(23.7267555345825,-4.42301755230408,17.8197438741281));
#3253=CARTESIAN_POINT('Ctrl Pts',(22.0646516158335,-4.42300894775911,16.0056988497234));
#3254=CARTESIAN_POINT('Ctrl Pts',(21.0777242842555,-4.42300639028696,13.6010854877747));
#3255=CARTESIAN_POINT('Ctrl Pts',(20.9873418291777,-4.42301046495082,11.1405080160889));
#3256=CARTESIAN_POINT('Ctrl Pts',(20.9826453494089,-4.4230106766797,11.0126507643102));
#3257=CARTESIAN_POINT('Ctrl Pts',(20.9802975770886,-4.42301090558526,10.8847491588641));
#3258=CARTESIAN_POINT('Ctrl Pts',(20.9802956307754,-4.42301115148826,10.7568854569427));
#3259=CARTESIAN_POINT('',(32.8003937329876,-4.44958153801467,21.1292993363456));
#3260=CARTESIAN_POINT('Ctrl Pts',(32.7994362180303,-4.4230161361285,21.1220276919022));
#3261=CARTESIAN_POINT('Ctrl Pts',(30.3162203053975,-4.42300956692188,21.4488969469634));
#3262=CARTESIAN_POINT('Ctrl Pts',(27.7251717335811,-4.42300771244396,20.8481772820684));
#3263=CARTESIAN_POINT('Ctrl Pts',(25.636743692323,-4.42301103771024,19.4562842850137));
#3264=CARTESIAN_POINT('Ctrl Pts',(24.9355817728295,-4.42301215412414,18.9889747362698));
#3265=CARTESIAN_POINT('Ctrl Pts',(24.2944494993103,-4.42301382496285,18.4392559244351));
#3266=CARTESIAN_POINT('Ctrl Pts',(23.7267644830355,-4.42301600930245,17.8197356749104));
#3267=CARTESIAN_POINT('',(33.2515336572247,-4.44960633746422,21.0598585531367));
#3268=CARTESIAN_POINT('Ctrl Pts',(33.256880706884,-4.42631771013914,21.0903251984874));
#3269=CARTESIAN_POINT('Ctrl Pts',(33.1065647154764,-4.42631375684489,21.1167417112618));
#3270=CARTESIAN_POINT('Ctrl Pts',(32.9557065055711,-4.42631160323136,21.139913094413));
#3271=CARTESIAN_POINT('Ctrl Pts',(32.8044110744037,-4.42631128485398,21.159824481736));
#3272=CARTESIAN_POINT('',(40.9166963160013,-4.44879595277435,15.1783488186122));
#3273=CARTESIAN_POINT('Ctrl Pts',(40.9098656865189,-4.42301588151507,15.175273992109));
#3274=CARTESIAN_POINT('Ctrl Pts',(39.8778395644508,-4.42300953125022,17.3882865542293));
#3275=CARTESIAN_POINT('Ctrl Pts',(38.054695968449,-4.42300769006163,19.2084838178778));
#3276=CARTESIAN_POINT('Ctrl Pts',(35.8418081964135,-4.42301075379462,20.2371832022489));
#3277=CARTESIAN_POINT('Ctrl Pts',(35.0175876863325,-4.42301189492415,20.6203364475336));
#3278=CARTESIAN_POINT('Ctrl Pts',(34.1430327673308,-4.42301369684365,20.8951997868899));
#3279=CARTESIAN_POINT('Ctrl Pts',(33.2502604024027,-4.42301608931822,21.0526388378564));
#3280=CARTESIAN_POINT('',(41.100456854972,-4.44921760320652,14.7605133069344));
#3281=CARTESIAN_POINT('Ctrl Pts',(41.1268944701418,-4.42621447519176,14.7717037800238));
#3282=CARTESIAN_POINT('Ctrl Pts',(41.0678081176701,-4.42617741219217,14.9124138616077));
#3283=CARTESIAN_POINT('Ctrl Pts',(41.0056855561634,-4.42613860485925,15.051751233523));
#3284=CARTESIAN_POINT('Ctrl Pts',(40.940579580105,-4.42609807868103,15.1896205329751));
#3285=CARTESIAN_POINT('',(40.2522591685228,-4.42301669172931,5.13981689393954));
#3286=CARTESIAN_POINT('Ctrl Pts',(40.2522650362027,-4.42301706332781,5.13981315620084));
#3287=CARTESIAN_POINT('Ctrl Pts',(41.595234287087,-4.4230086207541,7.2480693079212));
#3288=CARTESIAN_POINT('Ctrl Pts',(42.1463436927796,-4.42300630714969,9.8424816699443));
#3289=CARTESIAN_POINT('Ctrl Pts',(41.7719428959069,-4.42301070363169,12.3194884085109));
#3290=CARTESIAN_POINT('Ctrl Pts',(41.6452013201209,-4.42301219192194,13.1580008793731));
#3291=CARTESIAN_POINT('Ctrl Pts',(41.4171104536448,-4.42301441026019,13.9766598975429));
#3292=CARTESIAN_POINT('Ctrl Pts',(41.0936245107426,-4.42301730296556,14.7576835669149));
#3293=CARTESIAN_POINT('',(31.8908626177436,-4.42304339442371,0.312283437129377));
#3294=CARTESIAN_POINT('Ctrl Pts',(31.8908638012016,-4.4230154836913,0.312256342257893));
#3295=CARTESIAN_POINT('Ctrl Pts',(34.4019065574571,-4.4230091924728,0.421940701953279));
#3296=CARTESIAN_POINT('Ctrl Pts',(36.8566745220251,-4.42300752121097,1.47265968070564));
#3297=CARTESIAN_POINT('Ctrl Pts',(38.6683370112448,-4.42301084946046,3.20877384632838));
#3298=CARTESIAN_POINT('Ctrl Pts',(39.269711928456,-4.42301195426103,3.78507076633037));
#3299=CARTESIAN_POINT('Ctrl Pts',(39.8042047641232,-4.42301359731548,4.43651909287779));
#3300=CARTESIAN_POINT('Ctrl Pts',(40.2522561306722,-4.42301572090552,5.13981882926646));
#3301=CARTESIAN_POINT('',(27.8591724912625,-4.42304430387813,0.932818272855607));
#3302=CARTESIAN_POINT('Ctrl Pts',(27.8591117421222,-4.42303478936039,0.932651174145527));
#3303=CARTESIAN_POINT('Ctrl Pts',(29.1436736394588,-4.42298261263873,0.465546706681245));
#3304=CARTESIAN_POINT('Ctrl Pts',(30.5238527880659,-4.422982471127,0.252831909888854));
#3305=CARTESIAN_POINT('Ctrl Pts',(31.8908702804619,-4.42303453991948,0.312106420479858));
#3306=CARTESIAN_POINT('',(21.3293046356191,-4.44906977868213,8.04911470572854));
#3307=CARTESIAN_POINT('Ctrl Pts',(21.3364859991992,-4.42301634312278,8.05103919318609));
#3308=CARTESIAN_POINT('Ctrl Pts',(21.9924285056135,-4.42300910935923,5.60324766123449));
#3309=CARTESIAN_POINT('Ctrl Pts',(23.5736305974795,-4.42300714251489,3.41493665559724));
#3310=CARTESIAN_POINT('Ctrl Pts',(25.6879058301277,-4.42301091028208,2.02360279412944));
#3311=CARTESIAN_POINT('Ctrl Pts',(26.3644181905209,-4.42301211586829,1.57841262201654));
#3312=CARTESIAN_POINT('Ctrl Pts',(27.0960929147039,-4.4230138933157,1.21054240887184));
#3313=CARTESIAN_POINT('Ctrl Pts',(27.8591617811881,-4.4230161882486,0.932788848977958));
#3314=CARTESIAN_POINT('',(21.2208012188309,-4.44900168317815,8.49248894786338));
#3315=CARTESIAN_POINT('Ctrl Pts',(21.1939317719548,-4.42615565676411,8.48653541127567));
#3316=CARTESIAN_POINT('Ctrl Pts',(21.2269416956178,-4.42615662705338,8.33755160233527));
#3317=CARTESIAN_POINT('Ctrl Pts',(21.2630984219763,-4.42616253334935,8.18932711685239));
#3318=CARTESIAN_POINT('Ctrl Pts',(21.3023728450796,-4.42617317035396,8.04195820440543));
#3319=CARTESIAN_POINT('Ctrl Pts',(20.9802956307754,-4.42301115148826,10.7568854569427));
#3320=CARTESIAN_POINT('Ctrl Pts',(20.9802840409847,-4.42301261577686,9.99549025714989));
#3321=CARTESIAN_POINT('Ctrl Pts',(21.0637324796827,-4.42301468481545,9.23543903897706));
#3322=CARTESIAN_POINT('Ctrl Pts',(21.2280620876888,-4.42301730638703,8.49409965060925));
#3323=CARTESIAN_POINT('Ctrl Pts',(21.6444555417867,-3.4103856723741,7.66998932020859));
#3324=CARTESIAN_POINT('Ctrl Pts',(21.3305281358435,-3.41036645761953,8.66553360445778));
#3325=CARTESIAN_POINT('Ctrl Pts',(21.1692839862741,-3.41035393194593,9.71096989619284));
#3326=CARTESIAN_POINT('Ctrl Pts',(21.1692753327128,-3.4103487449318,10.7568854713834));
#3327=CARTESIAN_POINT('Ctrl Pts',(20.4791334965857,-7.96660617821189,10.7568854632452));
#3328=CARTESIAN_POINT('Ctrl Pts',(20.4791334817865,-7.96660651628935,21.7125914353452));
#3329=CARTESIAN_POINT('Ctrl Pts',(31.4348394538865,-7.96660650478711,21.7125914501445));
#3330=CARTESIAN_POINT('Ctrl Pts',(42.3905454259864,-7.96660649328486,21.7125914649438));
#3331=CARTESIAN_POINT('Ctrl Pts',(42.3905454407857,-7.9666061552074,10.7568854928438));
#3332=CARTESIAN_POINT('Ctrl Pts',(42.390545455585,-7.96660581712994,-0.198820479256189));
#3333=CARTESIAN_POINT('Ctrl Pts',(31.434839483485,-7.96660582863218,-0.198820494055466));
#3334=CARTESIAN_POINT('Ctrl Pts',(20.479133511385,-7.96660584013443,-0.198820508854738));
#3335=CARTESIAN_POINT('Ctrl Pts',(20.4791334965857,-7.96660617821189,10.7568854632452));
#3336=CARTESIAN_POINT('Ctrl Pts',(20.7910641272343,-8.11640586712798,10.7568854596584));
#3337=CARTESIAN_POINT('Ctrl Pts',(20.7910641128564,-8.1164061955797,21.4006608012473));
#3338=CARTESIAN_POINT('Ctrl Pts',(31.4348394544453,-8.11640618440495,21.4006608156252));
#3339=CARTESIAN_POINT('Ctrl Pts',(42.0786147960341,-8.1164061732302,21.4006608300031));
#3340=CARTESIAN_POINT('Ctrl Pts',(42.078614810412,-8.11640584477847,10.7568854884142));
#3341=CARTESIAN_POINT('Ctrl Pts',(42.0786148247899,-8.11640551632675,0.113110146825346));
#3342=CARTESIAN_POINT('Ctrl Pts',(31.4348394832011,-8.1164055275015,0.113110132447434));
#3343=CARTESIAN_POINT('Ctrl Pts',(20.7910641416122,-8.11640553867625,0.113110118069525));
#3344=CARTESIAN_POINT('Ctrl Pts',(20.7910641272343,-8.11640586712798,10.7568854596584));
#3345=CARTESIAN_POINT('Ctrl Pts',(20.7910641275699,-8.48217488881136,10.7568854498714));
#3346=CARTESIAN_POINT('Ctrl Pts',(20.791064113192,-8.48217521726309,21.4006607914603));
#3347=CARTESIAN_POINT('Ctrl Pts',(31.4348394547808,-8.48217520608834,21.4006608058382));
#3348=CARTESIAN_POINT('Ctrl Pts',(42.0786147963697,-8.48217519491358,21.4006608202161));
#3349=CARTESIAN_POINT('Ctrl Pts',(42.0786148107476,-8.48217486646186,10.7568854786273));
#3350=CARTESIAN_POINT('Ctrl Pts',(42.0786148251255,-8.48217453801013,0.113110137038388));
#3351=CARTESIAN_POINT('Ctrl Pts',(31.4348394835367,-8.48217454918488,0.113110122660475));
#3352=CARTESIAN_POINT('Ctrl Pts',(20.7910641419478,-8.48217456035963,0.113110108282567));
#3353=CARTESIAN_POINT('Ctrl Pts',(20.7910641275699,-8.48217488881136,10.7568854498714));
#3354=CARTESIAN_POINT('Ctrl Pts',(20.7910641280884,-9.04731242535098,10.7568854347499));
#3355=CARTESIAN_POINT('Ctrl Pts',(20.7910641137105,-9.04731275380271,21.4006607763388));
#3356=CARTESIAN_POINT('Ctrl Pts',(31.4348394552993,-9.04731274262796,21.4006607907167));
#3357=CARTESIAN_POINT('Ctrl Pts',(42.0786147968882,-9.04731273145321,21.4006608050946));
#3358=CARTESIAN_POINT('Ctrl Pts',(42.0786148112661,-9.04731240300148,10.7568854635057));
#3359=CARTESIAN_POINT('Ctrl Pts',(42.078614825644,-9.04731207454976,0.113110121916884));
#3360=CARTESIAN_POINT('Ctrl Pts',(31.4348394840551,-9.04731208572451,0.113110107538972));
#3361=CARTESIAN_POINT('Ctrl Pts',(20.7910641424663,-9.04731209689926,0.113110093161063));
#3362=CARTESIAN_POINT('Ctrl Pts',(20.7910641280884,-9.04731242535098,10.7568854347499));
#3363=CARTESIAN_POINT('Ctrl Pts',(20.2627735589311,-9.04731242590563,10.7568854340363));
#3364=CARTESIAN_POINT('Ctrl Pts',(20.2627735438396,-9.04731277065965,21.9289513447824));
#3365=CARTESIAN_POINT('Ctrl Pts',(31.4348394545857,-9.04731275893026,21.9289513598739));
#3366=CARTESIAN_POINT('Ctrl Pts',(42.6069053653318,-9.04731274720086,21.9289513749655));
#3367=CARTESIAN_POINT('Ctrl Pts',(42.6069053804233,-9.04731240244684,10.7568854642194));
#3368=CARTESIAN_POINT('Ctrl Pts',(42.6069053955149,-9.04731205769282,-0.415180446526729));
#3369=CARTESIAN_POINT('Ctrl Pts',(31.4348394847688,-9.04731206942221,-0.415180461618271));
#3370=CARTESIAN_POINT('Ctrl Pts',(20.2627735740227,-9.04731208115161,-0.415180476709808));
#3371=CARTESIAN_POINT('Ctrl Pts',(20.2627735589311,-9.04731242590563,10.7568854340363));
#3372=CARTESIAN_POINT('Ctrl Pts',(19.7344829897739,-9.04731242646028,10.7568854333227));
#3373=CARTESIAN_POINT('Ctrl Pts',(19.7344829739687,-9.04731278751659,22.457241913226));
#3374=CARTESIAN_POINT('Ctrl Pts',(31.4348394538721,-9.04731277523255,22.4572419290312));
#3375=CARTESIAN_POINT('Ctrl Pts',(43.1351959337754,-9.04731276294851,22.4572419448363));
#3376=CARTESIAN_POINT('Ctrl Pts',(43.1351959495806,-9.04731240189219,10.756885464933));
#3377=CARTESIAN_POINT('Ctrl Pts',(43.1351959653857,-9.04731204083588,-0.943471014970341));
#3378=CARTESIAN_POINT('Ctrl Pts',(31.4348394854824,-9.04731205311992,-0.943471030775511));
#3379=CARTESIAN_POINT('Ctrl Pts',(19.734483005579,-9.04731206540396,-0.943471046580677));
#3380=CARTESIAN_POINT('Ctrl Pts',(19.7344829897739,-9.04731242646028,10.7568854333227));
#3381=CARTESIAN_POINT('Ctrl Pts',(19.7344829892554,-8.48217488992065,10.7568854484442));
#3382=CARTESIAN_POINT('Ctrl Pts',(19.7344829734502,-8.48217525097697,22.4572419283475));
#3383=CARTESIAN_POINT('Ctrl Pts',(31.4348394533536,-8.48217523869292,22.4572419441527));
#3384=CARTESIAN_POINT('Ctrl Pts',(43.1351959332569,-8.48217522640888,22.4572419599578));
#3385=CARTESIAN_POINT('Ctrl Pts',(43.1351959490621,-8.48217486535257,10.7568854800545));
#3386=CARTESIAN_POINT('Ctrl Pts',(43.1351959648673,-8.48217450429625,-0.943470999848837));
#3387=CARTESIAN_POINT('Ctrl Pts',(31.4348394849639,-8.4821745165803,-0.943471015654007));
#3388=CARTESIAN_POINT('Ctrl Pts',(19.7344830050606,-8.48217452886434,-0.943471031459174));
#3389=CARTESIAN_POINT('Ctrl Pts',(19.7344829892554,-8.48217488992065,10.7568854484442));
#3390=CARTESIAN_POINT('Ctrl Pts',(19.7344829887369,-7.91703735338102,10.7568854635657));
#3391=CARTESIAN_POINT('Ctrl Pts',(19.7344829729317,-7.91703771443734,22.457241943469));
#3392=CARTESIAN_POINT('Ctrl Pts',(31.4348394528351,-7.9170377021533,22.4572419592742));
#3393=CARTESIAN_POINT('Ctrl Pts',(43.1351959327384,-7.91703768986926,22.4572419750794));
#3394=CARTESIAN_POINT('Ctrl Pts',(43.1351959485436,-7.91703732881294,10.756885495176));
#3395=CARTESIAN_POINT('Ctrl Pts',(43.1351959643488,-7.91703696775663,-0.943470984727334));
#3396=CARTESIAN_POINT('Ctrl Pts',(31.4348394844454,-7.91703698004067,-0.943471000532504));
#3397=CARTESIAN_POINT('Ctrl Pts',(19.7344830045421,-7.91703699232471,-0.94347101633767));
#3398=CARTESIAN_POINT('Ctrl Pts',(19.7344829887369,-7.91703735338102,10.7568854635657));
#3399=CARTESIAN_POINT('Ctrl Pts',(20.2627735578941,-7.91703735282638,10.7568854642793));
#3400=CARTESIAN_POINT('Ctrl Pts',(20.2627735428026,-7.9170376975804,21.9289513750254));
#3401=CARTESIAN_POINT('Ctrl Pts',(31.4348394535487,-7.917037685851,21.9289513901169));
#3402=CARTESIAN_POINT('Ctrl Pts',(42.6069053642948,-7.91703767412161,21.9289514052085));
#3403=CARTESIAN_POINT('Ctrl Pts',(42.6069053793864,-7.91703732936758,10.7568854944624));
#3404=CARTESIAN_POINT('Ctrl Pts',(42.6069053944779,-7.91703698461356,-0.415180416283722));
#3405=CARTESIAN_POINT('Ctrl Pts',(31.4348394837318,-7.91703699634296,-0.415180431375263));
#3406=CARTESIAN_POINT('Ctrl Pts',(20.2627735729857,-7.91703700807236,-0.415180446466801));
#3407=CARTESIAN_POINT('Ctrl Pts',(20.2627735578941,-7.91703735282638,10.7568854642793));
#3408=CARTESIAN_POINT('Ctrl Pts',(20.3759154250935,-7.91703735270759,10.7568854644321));
#3409=CARTESIAN_POINT('Ctrl Pts',(20.3759154101548,-7.91703769397022,21.8158095079789));
#3410=CARTESIAN_POINT('Ctrl Pts',(31.4348394537015,-7.91703768235961,21.8158095229176));
#3411=CARTESIAN_POINT('Ctrl Pts',(42.4937634972484,-7.917037670749,21.8158095378563));
#3412=CARTESIAN_POINT('Ctrl Pts',(42.4937635121871,-7.91703732948637,10.7568854943095));
#3413=CARTESIAN_POINT('Ctrl Pts',(42.4937635271258,-7.91703698822375,-0.302038549237243));
#3414=CARTESIAN_POINT('Ctrl Pts',(31.434839483579,-7.91703699983436,-0.30203856417595));
#3415=CARTESIAN_POINT('Ctrl Pts',(20.3759154400322,-7.91703701144497,-0.302038579114652));
#3416=CARTESIAN_POINT('Ctrl Pts',(20.3759154250935,-7.91703735270759,10.7568854644321));
#3417=CARTESIAN_POINT('Ctrl Pts',(20.4791334965857,-7.96660617821189,10.7568854632452));
#3418=CARTESIAN_POINT('Ctrl Pts',(20.4791334817865,-7.96660651628935,21.7125914353452));
#3419=CARTESIAN_POINT('Ctrl Pts',(31.4348394538865,-7.96660650478711,21.7125914501445));
#3420=CARTESIAN_POINT('Ctrl Pts',(42.3905454259864,-7.96660649328486,21.7125914649438));
#3421=CARTESIAN_POINT('Ctrl Pts',(42.3905454407857,-7.9666061552074,10.7568854928438));
#3422=CARTESIAN_POINT('Ctrl Pts',(42.390545455585,-7.96660581712994,-0.198820479256189));
#3423=CARTESIAN_POINT('Ctrl Pts',(31.434839483485,-7.96660582863218,-0.198820494055466));
#3424=CARTESIAN_POINT('Ctrl Pts',(20.479133511385,-7.96660584013443,-0.198820508854738));
#3425=CARTESIAN_POINT('Ctrl Pts',(20.4791334965857,-7.96660617821189,10.7568854632452));
#3426=CARTESIAN_POINT('',(20.4822693826535,-7.96812528884093,10.7568854632088));
#3427=CARTESIAN_POINT('',(20.7454268628102,-8.71195086686336,10.7568854436616));
#3428=CARTESIAN_POINT('Ctrl Pts',(20.4822693826529,-7.96812528884063,10.7568854632088));
#3429=CARTESIAN_POINT('Ctrl Pts',(20.7910641272367,-8.1190129509353,10.7568854595886));
#3430=CARTESIAN_POINT('Ctrl Pts',(20.7910641275699,-8.48217488881136,10.7568854498714));
#3431=CARTESIAN_POINT('Ctrl Pts',(20.79106412768,-8.60224929195076,10.7568854466586));
#3432=CARTESIAN_POINT('Ctrl Pts',(20.7454268628097,-8.71195086686471,10.7568854436616));
#3433=CARTESIAN_POINT('',(23.3633806221915,-7.97056056992488,3.36075862332854));
#3434=CARTESIAN_POINT('Ctrl Pts',(23.3645335680972,-7.97135053477012,3.36182279564019));
#3435=CARTESIAN_POINT('Ctrl Pts',(21.5919821773698,-7.96828286357544,5.28725627413334));
#3436=CARTESIAN_POINT('Ctrl Pts',(20.5487996156682,-7.96653818821094,7.86705745445665));
#3437=CARTESIAN_POINT('Ctrl Pts',(20.485462100252,-7.96796428158403,10.4791250391541));
#3438=CARTESIAN_POINT('Ctrl Pts',(20.4832179040572,-7.9680148114051,10.5716766982393));
#3439=CARTESIAN_POINT('Ctrl Pts',(20.4821531943586,-7.96806851235149,10.6642742298529));
#3440=CARTESIAN_POINT('Ctrl Pts',(20.4822693826535,-7.96812528884093,10.7568854632088));
#3441=CARTESIAN_POINT('',(31.4345966375489,-7.97025892457913,-0.191367297217611));
#3442=CARTESIAN_POINT('Ctrl Pts',(31.4345966375277,-7.97026172744862,-0.191363251696906));
#3443=CARTESIAN_POINT('Ctrl Pts',(28.6949364552956,-7.97023359499661,-0.191358719376532));
#3444=CARTESIAN_POINT('Ctrl Pts',(25.9664038147795,-7.97023066204042,0.882787362927341));
#3445=CARTESIAN_POINT('Ctrl Pts',(23.9605128381212,-7.97025384482382,2.75695166331421));
#3446=CARTESIAN_POINT('Ctrl Pts',(23.7535884284284,-7.97025623632158,2.95028736602066));
#3447=CARTESIAN_POINT('Ctrl Pts',(23.5542501777119,-7.97025889128496,3.15157284054083));
#3448=CARTESIAN_POINT('Ctrl Pts',(23.3629436071998,-7.97026180360235,3.36035593085317));
#3449=CARTESIAN_POINT('',(41.3568427925183,-7.97052800696661,6.13017953917133));
#3450=CARTESIAN_POINT('Ctrl Pts',(41.357334680664,-7.97025515667334,6.12994969632314));
#3451=CARTESIAN_POINT('Ctrl Pts',(40.2335673828791,-7.97024401177501,3.7199707284126));
#3452=CARTESIAN_POINT('Ctrl Pts',(38.199958956071,-7.97023962154716,1.74850096961253));
#3453=CARTESIAN_POINT('Ctrl Pts',(35.7603139109687,-7.97024304633231,0.699289353673763));
#3454=CARTESIAN_POINT('Ctrl Pts',(34.3996567757045,-7.97024495642918,0.114115180695129));
#3455=CARTESIAN_POINT('Ctrl Pts',(32.9162770713528,-7.97024923419753,-0.191421083207685));
#3456=CARTESIAN_POINT('Ctrl Pts',(31.43459663728,-7.9702555217905,-0.191375655146041));
#3457=CARTESIAN_POINT('',(40.4030726850727,-7.96949654415417,17.0365103236066));
#3458=CARTESIAN_POINT('Ctrl Pts',(40.4092326820886,-7.9666063535622,17.04081416085));
#3459=CARTESIAN_POINT('Ctrl Pts',(41.9159206846712,-7.96770256993434,14.8850576113088));
#3460=CARTESIAN_POINT('Ctrl Pts',(42.6058010140472,-7.96887990499933,12.1804381801352));
#3461=CARTESIAN_POINT('Ctrl Pts',(42.3193876508982,-7.96989849920664,9.57084070866499));
#3462=CARTESIAN_POINT('Ctrl Pts',(42.1890438723359,-7.97036205096394,8.38323971401102));
#3463=CARTESIAN_POINT('Ctrl Pts',(41.8616236261619,-7.9707967556741,7.21395895697671));
#3464=CARTESIAN_POINT('Ctrl Pts',(41.3556509300147,-7.97118971497664,6.13073666517822));
#3465=CARTESIAN_POINT('',(30.0057610490134,-7.96841708963391,21.6118273150119));
#3466=CARTESIAN_POINT('Ctrl Pts',(30.0052733904833,-7.96825857007739,21.6154846747832));
#3467=CARTESIAN_POINT('Ctrl Pts',(32.4789159330075,-7.96738527547864,21.9429468471104));
#3468=CARTESIAN_POINT('Ctrl Pts',(35.0524654925437,-7.96763940924173,21.3910241079953));
#3469=CARTESIAN_POINT('Ctrl Pts',(37.1708660078032,-7.96885521480671,20.0855626000131));
#3470=CARTESIAN_POINT('Ctrl Pts',(38.4381296772294,-7.96958253063319,19.3046130444483));
#3471=CARTESIAN_POINT('Ctrl Pts',(39.5461041120995,-7.97062594709211,18.2591980380215));
#3472=CARTESIAN_POINT('Ctrl Pts',(40.4007070340985,-7.9717441258737,17.0348661579452));
#3473=CARTESIAN_POINT('',(21.146839459388,-7.97025592716268,14.5014121877809));
#3474=CARTESIAN_POINT('Ctrl Pts',(21.1468394593875,-7.97025592716268,14.5014121877797));
#3475=CARTESIAN_POINT('Ctrl Pts',(22.0500107853621,-7.97024358576911,16.9829269576556));
#3476=CARTESIAN_POINT('Ctrl Pts',(23.8869287944307,-7.97023904312889,19.1146073680438));
#3477=CARTESIAN_POINT('Ctrl Pts',(26.204087456708,-7.97024339433604,20.3747965880623));
#3478=CARTESIAN_POINT('Ctrl Pts',(27.3799369960097,-7.97024560236996,21.0142836192764));
#3479=CARTESIAN_POINT('Ctrl Pts',(28.6791004878339,-7.9702500454466,21.4368307978859));
#3480=CARTESIAN_POINT('Ctrl Pts',(30.0058014496251,-7.97025639303324,21.611481906102));
#3481=CARTESIAN_POINT('Ctrl Pts',(20.4822693826535,-7.96812528884093,10.7568854632088));
#3482=CARTESIAN_POINT('Ctrl Pts',(20.4838665423842,-7.96890575577708,12.0299477160178));
#3483=CARTESIAN_POINT('Ctrl Pts',(20.7117315180307,-7.97030586753625,13.305596146099));
#3484=CARTESIAN_POINT('Ctrl Pts',(21.1497606648472,-7.97182637571986,14.5003376295112));
#3485=CARTESIAN_POINT('',(42.1242521643852,-8.71195084553081,10.756885867229));
#3486=CARTESIAN_POINT('Origin',(31.4348395135977,-8.71195085619709,10.7568858535053));
#3487=CARTESIAN_POINT('Origin',(31.4348395135977,-8.71195085619709,10.7568858535053));
#3488=CARTESIAN_POINT('Ctrl Pts',(42.1648858426483,-12.7214717338843,10.7568850643728));
#3489=CARTESIAN_POINT('Ctrl Pts',(42.1648859894722,-12.7214716828513,21.486931343542));
#3490=CARTESIAN_POINT('Ctrl Pts',(31.4348397103031,-12.7214715687372,21.486931490366));
#3491=CARTESIAN_POINT('Ctrl Pts',(20.7047934311339,-12.7214714546231,21.4869316371899));
#3492=CARTESIAN_POINT('Ctrl Pts',(20.70479328431,-12.7214715056561,10.7568853580208));
#3493=CARTESIAN_POINT('Ctrl Pts',(20.704793137486,-12.7214715566891,0.026839078851618));
#3494=CARTESIAN_POINT('Ctrl Pts',(31.4348394166551,-12.7214716708032,0.0268389320276475));
#3495=CARTESIAN_POINT('Ctrl Pts',(42.1648856958243,-12.7214717849173,0.0268387852036812));
#3496=CARTESIAN_POINT('Ctrl Pts',(42.1648858426483,-12.7214717338843,10.7568850643728));
#3497=CARTESIAN_POINT('Ctrl Pts',(42.1648858526952,-11.640385705155,10.7568850596542));
#3498=CARTESIAN_POINT('Ctrl Pts',(42.1648859995192,-11.640385654122,21.4869313388234));
#3499=CARTESIAN_POINT('Ctrl Pts',(31.4348397203501,-11.6403855400079,21.4869314856474));
#3500=CARTESIAN_POINT('Ctrl Pts',(20.7047934411809,-11.6403854258938,21.4869316324713));
#3501=CARTESIAN_POINT('Ctrl Pts',(20.7047932943569,-11.6403854769268,10.7568853533022));
#3502=CARTESIAN_POINT('Ctrl Pts',(20.704793147533,-11.6403855279598,0.0268390741330042));
#3503=CARTESIAN_POINT('Ctrl Pts',(31.4348394267021,-11.6403856420739,0.0268389273090337));
#3504=CARTESIAN_POINT('Ctrl Pts',(42.1648857058713,-11.640385756188,0.0268387804850674));
#3505=CARTESIAN_POINT('Ctrl Pts',(42.1648858526952,-11.640385705155,10.7568850596542));
#3506=CARTESIAN_POINT('Ctrl Pts',(43.1754850723514,-11.6403857159028,10.7568850458257));
#3507=CARTESIAN_POINT('Ctrl Pts',(43.1754852330038,-11.6403856600633,22.4975305446511));
#3508=CARTESIAN_POINT('Ctrl Pts',(31.4348397341785,-11.6403855352014,22.4975307053035));
#3509=CARTESIAN_POINT('Ctrl Pts',(19.6941942353532,-11.6403854103396,22.4975308659559));
#3510=CARTESIAN_POINT('Ctrl Pts',(19.6941940747008,-11.6403854661791,10.7568853671306));
#3511=CARTESIAN_POINT('Ctrl Pts',(19.6941939140483,-11.6403855220186,-0.983760131694669));
#3512=CARTESIAN_POINT('Ctrl Pts',(31.4348394128736,-11.6403856468804,-0.983760292347115));
#3513=CARTESIAN_POINT('Ctrl Pts',(43.1754849116989,-11.6403857717422,-0.983760452999557));
#3514=CARTESIAN_POINT('Ctrl Pts',(43.1754850723514,-11.6403857159028,10.7568850458257));
#3515=CARTESIAN_POINT('Ctrl Pts',(44.1860842920075,-11.6403857266505,10.7568850319973));
#3516=CARTESIAN_POINT('Ctrl Pts',(44.1860844664885,-11.6403856660045,23.5081297504787));
#3517=CARTESIAN_POINT('Ctrl Pts',(31.434839748007,-11.6403855303949,23.5081299249596));
#3518=CARTESIAN_POINT('Ctrl Pts',(18.6835950295255,-11.6403853947854,23.5081300994406));
#3519=CARTESIAN_POINT('Ctrl Pts',(18.6835948550446,-11.6403854554314,10.7568853809591));
#3520=CARTESIAN_POINT('Ctrl Pts',(18.6835946805637,-11.6403855160773,-1.99435933752234));
#3521=CARTESIAN_POINT('Ctrl Pts',(31.4348393990452,-11.6403856516869,-1.99435951200326));
#3522=CARTESIAN_POINT('Ctrl Pts',(44.1860841175266,-11.6403857872965,-1.99435968648418));
#3523=CARTESIAN_POINT('Ctrl Pts',(44.1860842920075,-11.6403857266505,10.7568850319973));
#3524=CARTESIAN_POINT('Ctrl Pts',(44.1860842819606,-12.7214717553798,10.7568850367159));
#3525=CARTESIAN_POINT('Ctrl Pts',(44.1860844564415,-12.7214716947338,23.5081297551973));
#3526=CARTESIAN_POINT('Ctrl Pts',(31.43483973796,-12.7214715591242,23.5081299296782));
#3527=CARTESIAN_POINT('Ctrl Pts',(18.6835950194786,-12.7214714235147,23.5081301041592));
#3528=CARTESIAN_POINT('Ctrl Pts',(18.6835948449977,-12.7214714841607,10.7568853856777));
#3529=CARTESIAN_POINT('Ctrl Pts',(18.6835946705167,-12.7214715448066,-1.99435933280373));
#3530=CARTESIAN_POINT('Ctrl Pts',(31.4348393889982,-12.7214716804162,-1.99435950728465));
#3531=CARTESIAN_POINT('Ctrl Pts',(44.1860841074796,-12.7214718160258,-1.99435968176557));
#3532=CARTESIAN_POINT('Ctrl Pts',(44.1860842819606,-12.7214717553798,10.7568850367159));
#3533=CARTESIAN_POINT('Ctrl Pts',(44.1860842719136,-13.8025577841091,10.7568850414345));
#3534=CARTESIAN_POINT('Ctrl Pts',(44.1860844463945,-13.8025577234631,23.5081297599159));
#3535=CARTESIAN_POINT('Ctrl Pts',(31.4348397279131,-13.8025575878535,23.5081299343969));
#3536=CARTESIAN_POINT('Ctrl Pts',(18.6835950094316,-13.802557452244,23.5081301088778));
#3537=CARTESIAN_POINT('Ctrl Pts',(18.6835948349507,-13.80255751289,10.7568853903963));
#3538=CARTESIAN_POINT('Ctrl Pts',(18.6835946604698,-13.8025575735359,-1.99435932808511));
#3539=CARTESIAN_POINT('Ctrl Pts',(31.4348393789512,-13.8025577091455,-1.99435950256604));
#3540=CARTESIAN_POINT('Ctrl Pts',(44.1860840974326,-13.8025578447551,-1.99435967704695));
#3541=CARTESIAN_POINT('Ctrl Pts',(44.1860842719136,-13.8025577841091,10.7568850414345));
#3542=CARTESIAN_POINT('Ctrl Pts',(43.1754850522574,-13.8025577733613,10.756885055263));
#3543=CARTESIAN_POINT('Ctrl Pts',(43.1754852129099,-13.8025577175219,22.4975305540883));
#3544=CARTESIAN_POINT('Ctrl Pts',(31.4348397140846,-13.80255759266,22.4975307147407));
#3545=CARTESIAN_POINT('Ctrl Pts',(19.6941942152593,-13.8025574677982,22.4975308753931));
#3546=CARTESIAN_POINT('Ctrl Pts',(19.6941940546068,-13.8025575236377,10.7568853765679));
#3547=CARTESIAN_POINT('Ctrl Pts',(19.6941938939544,-13.8025575794772,-0.983760122257441));
#3548=CARTESIAN_POINT('Ctrl Pts',(31.4348393927797,-13.802557704339,-0.983760282909887));
#3549=CARTESIAN_POINT('Ctrl Pts',(43.175484891605,-13.8025578292008,-0.98376044356233));
#3550=CARTESIAN_POINT('Ctrl Pts',(43.1754850522574,-13.8025577733613,10.756885055263));
#3551=CARTESIAN_POINT('Ctrl Pts',(42.1648858326013,-13.8025577626136,10.7568850690914));
#3552=CARTESIAN_POINT('Ctrl Pts',(42.1648859794252,-13.8025577115806,21.4869313482606));
#3553=CARTESIAN_POINT('Ctrl Pts',(31.4348397002561,-13.8025575974665,21.4869314950846));
#3554=CARTESIAN_POINT('Ctrl Pts',(20.7047934210869,-13.8025574833524,21.4869316419085));
#3555=CARTESIAN_POINT('Ctrl Pts',(20.704793274263,-13.8025575343854,10.7568853627394));
#3556=CARTESIAN_POINT('Ctrl Pts',(20.704793127439,-13.8025575854184,0.0268390835702318));
#3557=CARTESIAN_POINT('Ctrl Pts',(31.4348394066082,-13.8025576995325,0.0268389367462613));
#3558=CARTESIAN_POINT('Ctrl Pts',(42.1648856857773,-13.8025578136466,0.026838789922295));
#3559=CARTESIAN_POINT('Ctrl Pts',(42.1648858326013,-13.8025577626136,10.7568850690914));
#3560=CARTESIAN_POINT('Ctrl Pts',(42.1648858426483,-12.7214717338843,10.7568850643728));
#3561=CARTESIAN_POINT('Ctrl Pts',(42.1648859894722,-12.7214716828513,21.486931343542));
#3562=CARTESIAN_POINT('Ctrl Pts',(31.4348397103031,-12.7214715687372,21.486931490366));
#3563=CARTESIAN_POINT('Ctrl Pts',(20.7047934311339,-12.7214714546231,21.4869316371899));
#3564=CARTESIAN_POINT('Ctrl Pts',(20.70479328431,-12.7214715056561,10.7568853580208));
#3565=CARTESIAN_POINT('Ctrl Pts',(20.704793137486,-12.7214715566891,0.026839078851618));
#3566=CARTESIAN_POINT('Ctrl Pts',(31.4348394166551,-12.7214716708032,0.0268389320276475));
#3567=CARTESIAN_POINT('Ctrl Pts',(42.1648856958243,-12.7214717849173,0.0268387852036812));
#3568=CARTESIAN_POINT('Ctrl Pts',(42.1648858426483,-12.7214717338843,10.7568850643728));
#3569=CARTESIAN_POINT('',(42.3176809282003,-13.2930442221081,10.7568850647768));
#3570=CARTESIAN_POINT('',(20.5519979781371,-13.2930441734877,10.7568853661332));
#3571=CARTESIAN_POINT('Origin',(31.4348394531687,-13.2930441977979,10.7568853348547));
#3572=CARTESIAN_POINT('',(42.6429048211629,-13.6402529088411,10.7568850618423));
#3573=CARTESIAN_POINT('Ctrl Pts',(42.6429048211629,-13.640252908841,10.7568850618421));
#3574=CARTESIAN_POINT('Ctrl Pts',(42.4424090605279,-13.5072562430277,10.7568850640051));
#3575=CARTESIAN_POINT('Ctrl Pts',(42.3176809282003,-13.2930442221082,10.7568850647768));
#3576=CARTESIAN_POINT('',(42.1241602563099,-13.6402523550303,7.38655423959945));
#3577=CARTESIAN_POINT('Ctrl Pts',(42.1241585210175,-13.6402511480773,7.38655478673756));
#3578=CARTESIAN_POINT('Ctrl Pts',(42.4679343394969,-13.6402517925441,8.47686878994371));
#3579=CARTESIAN_POINT('Ctrl Pts',(42.6429040121366,-13.6402523879506,9.61696745078406));
#3580=CARTESIAN_POINT('Ctrl Pts',(42.642904821163,-13.640252908841,10.7568850618423));
#3581=CARTESIAN_POINT('',(21.2769020910187,-13.6402384272807,6.02016155335132));
#3582=CARTESIAN_POINT('Ctrl Pts',(21.2768821654345,-13.6402530119618,6.02015226020306));
#3583=CARTESIAN_POINT('Ctrl Pts',(22.4346802319438,-13.6402531663757,3.53724563691577));
#3584=CARTESIAN_POINT('Ctrl Pts',(24.5399279355221,-13.6402532943779,1.50635020915202));
#3585=CARTESIAN_POINT('Ctrl Pts',(27.0598491141626,-13.6402533637881,0.437960611796307));
#3586=CARTESIAN_POINT('Ctrl Pts',(29.5618702241856,-13.6402534327053,-0.622839761235623));
#3587=CARTESIAN_POINT('Ctrl Pts',(32.4656803854767,-13.6402534435263,-0.729504407327361));
#3588=CARTESIAN_POINT('Ctrl Pts',(35.037926227976,-13.640253393589,0.143756042012344));
#3589=CARTESIAN_POINT('Ctrl Pts',(37.5838974530935,-13.6402533441619,1.0080964325451));
#3590=CARTESIAN_POINT('Ctrl Pts',(39.8024945930474,-13.6402532354826,2.82797575827133));
#3591=CARTESIAN_POINT('Ctrl Pts',(41.1475359556698,-13.6402530937969,5.1636516667293));
#3592=CARTESIAN_POINT('Ctrl Pts',(41.5518485444442,-13.6402530512068,5.8657439587058));
#3593=CARTESIAN_POINT('Ctrl Pts',(41.8804878158774,-13.6402530056836,6.61372099085147));
#3594=CARTESIAN_POINT('Ctrl Pts',(42.1241611239565,-13.6402529585069,7.38655396603157));
#3595=CARTESIAN_POINT('',(25.8308238140726,-13.6402374731577,20.463337738651));
#3596=CARTESIAN_POINT('Ctrl Pts',(25.8308238140739,-13.6402374731577,20.4633377386518));
#3597=CARTESIAN_POINT('Ctrl Pts',(23.4344841527613,-13.6402534374916,19.079839997649));
#3598=CARTESIAN_POINT('Ctrl Pts',(21.5779725571068,-13.6402627237774,16.7674144514992));
#3599=CARTESIAN_POINT('Ctrl Pts',(20.7455252936708,-13.6402628982602,14.1272907732069));
#3600=CARTESIAN_POINT('Ctrl Pts',(19.9130780302347,-13.6402630727429,11.4871670949146));
#3601=CARTESIAN_POINT('Ctrl Pts',(20.1051530163393,-13.6402541655395,8.53292952463193));
#3602=CARTESIAN_POINT('Ctrl Pts',(21.2769020910388,-13.6402384272807,6.02016155330834));
#3603=CARTESIAN_POINT('Ctrl Pts',(42.642904821163,-13.640252908841,10.7568850618423));
#3604=CARTESIAN_POINT('Ctrl Pts',(42.6429059524658,-13.6402536372288,12.3508901332129));
#3605=CARTESIAN_POINT('Ctrl Pts',(42.2986130824203,-13.64025421899,13.9445432487294));
#3606=CARTESIAN_POINT('Ctrl Pts',(41.6353529918068,-13.6402546024854,15.4012701021514));
#3607=CARTESIAN_POINT('Ctrl Pts',(40.5695079148732,-13.6402552187543,17.742199651705));
#3608=CARTESIAN_POINT('Ctrl Pts',(38.6815361747745,-13.6402553025364,19.6832412868573));
#3609=CARTESIAN_POINT('Ctrl Pts',(36.380764676497,-13.6402548407283,20.8146494227832));
#3610=CARTESIAN_POINT('Ctrl Pts',(34.0131461919383,-13.6402543655027,21.9789296732137));
#3611=CARTESIAN_POINT('Ctrl Pts',(31.220336012341,-13.6402533097668,22.2686918895809));
#3612=CARTESIAN_POINT('Ctrl Pts',(28.6663030623993,-13.6402519257173,21.6176359372985));
#3613=CARTESIAN_POINT('Ctrl Pts',(27.6763621653213,-13.6402513892609,21.3652872299472));
#3614=CARTESIAN_POINT('Ctrl Pts',(26.7164506208447,-13.6402508024031,20.9746771434664));
#3615=CARTESIAN_POINT('Ctrl Pts',(25.8308142275709,-13.6402501919873,20.463354343285));
#3616=CARTESIAN_POINT('Origin',(31.4348394531687,-13.2930441977979,10.7568853348547));
#3617=CARTESIAN_POINT('Origin',(31.4347076462298,-17.1779200734083,10.7568976105272));
#3618=CARTESIAN_POINT('',(39.578092680146,-17.1779064328754,3.29497376102167));
#3619=CARTESIAN_POINT('',(31.4347137843471,-17.177919430955,-0.288126185556565));
#3620=CARTESIAN_POINT('Ctrl Pts',(39.5781013026126,-17.1778978812715,3.29496585998812));
#3621=CARTESIAN_POINT('Ctrl Pts',(38.8873558927678,-17.1779029866753,2.54115946976491));
#3622=CARTESIAN_POINT('Ctrl Pts',(38.0928405204873,-17.1779073560526,1.88036317274999));
#3623=CARTESIAN_POINT('Ctrl Pts',(37.185701835962,-17.1779108787997,1.32713784680399));
#3624=CARTESIAN_POINT('Ctrl Pts',(35.7462497681292,-17.1779164687119,0.449277214251154));
#3625=CARTESIAN_POINT('Ctrl Pts',(34.0618361614756,-17.1779195009972,-0.0962798143514895));
#3626=CARTESIAN_POINT('Ctrl Pts',(32.4252823915952,-17.1779196601063,-0.243628220925526));
#3627=CARTESIAN_POINT('Ctrl Pts',(32.0917487248526,-17.1779196925331,-0.273658187088448));
#3628=CARTESIAN_POINT('Ctrl Pts',(31.7656906836069,-17.1779196158274,-0.288129745915815));
#3629=CARTESIAN_POINT('Ctrl Pts',(31.4347137843471,-17.177919430955,-0.288126185556497));
#3630=CARTESIAN_POINT('',(38.8967346839369,-17.1779057541031,18.9001540569174));
#3631=CARTESIAN_POINT('Ctrl Pts',(38.8967342142882,-17.1779065207319,18.9001535443889));
#3632=CARTESIAN_POINT('Ctrl Pts',(39.6515587911418,-17.1779089397356,18.2084832335388));
#3633=CARTESIAN_POINT('Ctrl Pts',(40.3131722980328,-17.1779110311809,17.412699923374));
#3634=CARTESIAN_POINT('Ctrl Pts',(40.8668170397641,-17.1779127444871,16.5040853401777));
#3635=CARTESIAN_POINT('Ctrl Pts',(41.7686654755324,-17.1779155353427,15.0240159404225));
#3636=CARTESIAN_POINT('Ctrl Pts',(42.3177009212286,-17.1779171071942,13.2847137181655));
#3637=CARTESIAN_POINT('Ctrl Pts',(42.4471536122681,-17.177917285533,11.6061876541017));
#3638=CARTESIAN_POINT('Ctrl Pts',(42.5279801164607,-17.1779173968826,10.5581646824268));
#3639=CARTESIAN_POINT('Ctrl Pts',(42.4636938024823,-17.1779170252092,9.52410098544989));
#3640=CARTESIAN_POINT('Ctrl Pts',(42.2403144391289,-17.1779161184506,8.46906477412462));
#3641=CARTESIAN_POINT('Ctrl Pts',(41.8338880015719,-17.1779144686532,6.54948454779775));
#3642=CARTESIAN_POINT('Ctrl Pts',(40.8580134766946,-17.1779109243527,4.69177201635628));
#3643=CARTESIAN_POINT('Ctrl Pts',(39.578092680146,-17.1779064328754,3.29497376102167));
#3644=CARTESIAN_POINT('',(22.6721970903664,-17.177901090057,17.4806406979795));
#3645=CARTESIAN_POINT('Ctrl Pts',(22.6721982321767,-17.1779026772722,17.4806398218337));
#3646=CARTESIAN_POINT('Ctrl Pts',(23.4062141992273,-17.1779059495388,18.4372289197007));
#3647=CARTESIAN_POINT('Ctrl Pts',(24.2529400933309,-17.1779086435503,19.2361786075077));
#3648=CARTESIAN_POINT('Ctrl Pts',(25.2637754243206,-17.1779108918616,19.9171519262494));
#3649=CARTESIAN_POINT('Ctrl Pts',(26.6730652427846,-17.1779140264199,20.8665536095175));
#3650=CARTESIAN_POINT('Ctrl Pts',(28.3575569843086,-17.1779159831903,21.4967789866255));
#3651=CARTESIAN_POINT('Ctrl Pts',(30.0238546863913,-17.1779164692481,21.7114042002165));
#3652=CARTESIAN_POINT('Ctrl Pts',(31.2064898451814,-17.1779168142219,21.8637319164692));
#3653=CARTESIAN_POINT('Ctrl Pts',(32.3578384932335,-17.1779165015083,21.8291329540286));
#3654=CARTESIAN_POINT('Ctrl Pts',(33.5416111603502,-17.1779154904062,21.5991136695524));
#3655=CARTESIAN_POINT('Ctrl Pts',(35.4057378462004,-17.1779138981897,21.2368945557281));
#3656=CARTESIAN_POINT('Ctrl Pts',(37.228412675499,-17.1779104221485,20.3415552404586));
#3657=CARTESIAN_POINT('Ctrl Pts',(38.6346815728829,-17.17790590201,19.1327424158174));
#3658=CARTESIAN_POINT('Ctrl Pts',(38.7236469365076,-17.1779056160507,19.0562687963706));
#3659=CARTESIAN_POINT('Ctrl Pts',(38.8110162646305,-17.1779053264714,18.9787013953675));
#3660=CARTESIAN_POINT('Ctrl Pts',(38.8967355881935,-17.1779050336882,18.9001550437544));
#3661=CARTESIAN_POINT('',(24.3351765371275,-17.1778966432242,2.29593198418471));
#3662=CARTESIAN_POINT('Ctrl Pts',(24.3351791616621,-17.1778996288767,2.29593511193943));
#3663=CARTESIAN_POINT('Ctrl Pts',(23.5225935095831,-17.1779034406138,2.97779008556813));
#3664=CARTESIAN_POINT('Ctrl Pts',(22.8278867860548,-17.1779065909741,3.75057381431851));
#3665=CARTESIAN_POINT('Ctrl Pts',(22.22886436478,-17.1779091724703,4.6542152362812));
#3666=CARTESIAN_POINT('Ctrl Pts',(21.3373617993591,-17.1779130144141,5.99907081645476));
#3667=CARTESIAN_POINT('Ctrl Pts',(20.7343504663431,-17.1779152274664,7.5870266001619));
#3668=CARTESIAN_POINT('Ctrl Pts',(20.5045318036598,-17.1779155163664,9.16920253862844));
#3669=CARTESIAN_POINT('Ctrl Pts',(20.3144617213912,-17.1779157552993,10.47773121631));
#3670=CARTESIAN_POINT('Ctrl Pts',(20.3540537179282,-17.1779148264232,11.7539442180468));
#3671=CARTESIAN_POINT('Ctrl Pts',(20.632782502621,-17.1779126447481,13.060798147444));
#3672=CARTESIAN_POINT('Ctrl Pts',(20.9723845645893,-17.1779099866038,14.6530638676987));
#3673=CARTESIAN_POINT('Ctrl Pts',(21.694069077981,-17.1779053769076,16.2059000765234));
#3674=CARTESIAN_POINT('Ctrl Pts',(22.6721948918845,-17.1778995985114,17.4806423848965));
#3675=CARTESIAN_POINT('Ctrl Pts',(31.4347137843471,-17.177919430955,-0.288126185556497));
#3676=CARTESIAN_POINT('Ctrl Pts',(30.7126393710411,-17.177919027629,-0.288118418112995));
#3677=CARTESIAN_POINT('Ctrl Pts',(29.9877816886566,-17.1779181144286,-0.218312737328713));
#3678=CARTESIAN_POINT('Ctrl Pts',(29.2563581307235,-17.1779166342009,-0.0711604816010805));
#3679=CARTESIAN_POINT('Ctrl Pts',(27.4607802514354,-17.1779130003773,0.290084835706607));
#3680=CARTESIAN_POINT('Ctrl Pts',(25.7082396553861,-17.1779058036636,1.14379832042814));
#3681=CARTESIAN_POINT('Ctrl Pts',(24.335176537127,-17.1778966432242,2.29593198418512));
#3682=CARTESIAN_POINT('',(31.4347122707998,-17.3351164755491,-0.0731488629181354));
#3683=CARTESIAN_POINT('',(31.4347137782428,-17.1779290984966,-0.288112964584635));
#3684=CARTESIAN_POINT('',(20.6048052256656,-17.3351165371695,10.756886183404));
#3685=CARTESIAN_POINT('Origin',(31.4348394736756,-17.3351165718109,10.7568853843449));
#3686=CARTESIAN_POINT('',(42.2648737216857,-17.3351166064523,10.7568853397738));
#3687=CARTESIAN_POINT('Origin',(31.4348394736756,-17.3351165718109,10.7568853843449));
#3688=CARTESIAN_POINT('Origin',(31.4348394736756,-17.3351165718109,10.7568853843449));
#3689=CARTESIAN_POINT('Ctrl Pts',(20.222714221147,-12.5808836787612,10.7568853796849));
#3690=CARTESIAN_POINT('Ctrl Pts',(20.222714253372,-12.5808839085406,21.9690106130967));
#3691=CARTESIAN_POINT('Ctrl Pts',(31.4348394867838,-12.5808839335864,21.9690105808717));
#3692=CARTESIAN_POINT('Ctrl Pts',(42.6469647201956,-12.5808839586322,21.9690105486467));
#3693=CARTESIAN_POINT('Ctrl Pts',(42.6469646879707,-12.5808837288528,10.7568853152349));
#3694=CARTESIAN_POINT('Ctrl Pts',(42.6469646557457,-12.5808834990734,-0.455239918176883));
#3695=CARTESIAN_POINT('Ctrl Pts',(31.4348394223339,-12.5808834740276,-0.455239885951917));
#3696=CARTESIAN_POINT('Ctrl Pts',(20.2227141889221,-12.5808834489818,-0.455239853726947));
#3697=CARTESIAN_POINT('Ctrl Pts',(20.222714221147,-12.5808836787612,10.7568853796849));
#3698=CARTESIAN_POINT('Ctrl Pts',(20.5788470450437,-12.7122024055558,10.756885376337));
#3699=CARTESIAN_POINT('Ctrl Pts',(20.5788470762451,-12.7122026280367,21.6128777855957));
#3700=CARTESIAN_POINT('Ctrl Pts',(31.4348394855039,-12.712202652287,21.6128777543943));
#3701=CARTESIAN_POINT('Ctrl Pts',(42.2908318947627,-12.7122026765372,21.6128777231929));
#3702=CARTESIAN_POINT('Ctrl Pts',(42.2908318635613,-12.7122024540563,10.7568853139342));
#3703=CARTESIAN_POINT('Ctrl Pts',(42.2908318323599,-12.7122022315754,-0.0991070953246288));
#3704=CARTESIAN_POINT('Ctrl Pts',(31.4348394231011,-12.7122022073251,-0.0991070641232312));
#3705=CARTESIAN_POINT('Ctrl Pts',(20.5788470138423,-12.7122021830749,-0.0991070329218293));
#3706=CARTESIAN_POINT('Ctrl Pts',(20.5788470450437,-12.7122024055558,10.756885376337));
#3707=CARTESIAN_POINT('Ctrl Pts',(20.5788470442571,-13.1151719260163,10.7568853692044));
#3708=CARTESIAN_POINT('Ctrl Pts',(20.5788470754585,-13.1151721484972,21.6128777784632));
#3709=CARTESIAN_POINT('Ctrl Pts',(31.4348394847173,-13.1151721727475,21.6128777472618));
#3710=CARTESIAN_POINT('Ctrl Pts',(42.2908318939761,-13.1151721969978,21.6128777160604));
#3711=CARTESIAN_POINT('Ctrl Pts',(42.2908318627747,-13.1151719745169,10.7568853068016));
#3712=CARTESIAN_POINT('Ctrl Pts',(42.2908318315733,-13.1151717520359,-0.0991071024571778));
#3713=CARTESIAN_POINT('Ctrl Pts',(31.4348394223145,-13.1151717277857,-0.0991070712557802));
#3714=CARTESIAN_POINT('Ctrl Pts',(20.5788470130557,-13.1151717035354,-0.0991070400543784));
#3715=CARTESIAN_POINT('Ctrl Pts',(20.5788470442571,-13.1151719260163,10.7568853692044));
#3716=CARTESIAN_POINT('Ctrl Pts',(20.5788470431539,-13.6803099372804,10.7568853592015));
#3717=CARTESIAN_POINT('Ctrl Pts',(20.5788470743553,-13.6803101597613,21.6128777684603));
#3718=CARTESIAN_POINT('Ctrl Pts',(31.4348394836141,-13.6803101840116,21.6128777372589));
#3719=CARTESIAN_POINT('Ctrl Pts',(42.2908318928729,-13.6803102082618,21.6128777060575));
#3720=CARTESIAN_POINT('Ctrl Pts',(42.2908318616715,-13.6803099857809,10.7568852967987));
#3721=CARTESIAN_POINT('Ctrl Pts',(42.2908318304701,-13.6803097633,-0.0991071124601046));
#3722=CARTESIAN_POINT('Ctrl Pts',(31.4348394212113,-13.6803097390498,-0.0991070812587069));
#3723=CARTESIAN_POINT('Ctrl Pts',(20.5788470119525,-13.6803097147995,-0.099107050057305));
#3724=CARTESIAN_POINT('Ctrl Pts',(20.5788470431539,-13.6803099372804,10.7568853592015));
#3725=CARTESIAN_POINT('Ctrl Pts',(20.0505560302243,-13.6803099361003,10.7568853607198));
#3726=CARTESIAN_POINT('Ctrl Pts',(20.0505560629441,-13.6803101694079,22.1411687829083));
#3727=CARTESIAN_POINT('Ctrl Pts',(31.4348394851325,-13.6803101948383,22.1411687501885));
#3728=CARTESIAN_POINT('Ctrl Pts',(42.8191229073209,-13.6803102202686,22.1411687174688));
#3729=CARTESIAN_POINT('Ctrl Pts',(42.8191228746012,-13.680309986961,10.7568852952803));
#3730=CARTESIAN_POINT('Ctrl Pts',(42.8191228418814,-13.6803097536534,-0.627398126908135));
#3731=CARTESIAN_POINT('Ctrl Pts',(31.434839419693,-13.680309728223,-0.627398094188366));
#3732=CARTESIAN_POINT('Ctrl Pts',(20.0505559975045,-13.6803097027927,-0.627398061468593));
#3733=CARTESIAN_POINT('Ctrl Pts',(20.0505560302243,-13.6803099361003,10.7568853607198));
#3734=CARTESIAN_POINT('Ctrl Pts',(19.5222650172946,-13.6803099349202,10.7568853622382));
#3735=CARTESIAN_POINT('Ctrl Pts',(19.5222650515328,-13.6803101790545,22.6694597973563));
#3736=CARTESIAN_POINT('Ctrl Pts',(31.4348394866509,-13.680310205665,22.6694597631182));
#3737=CARTESIAN_POINT('Ctrl Pts',(43.347413921769,-13.6803102322755,22.66945972888));
#3738=CARTESIAN_POINT('Ctrl Pts',(43.3474138875308,-13.6803099881411,10.7568852937619));
#3739=CARTESIAN_POINT('Ctrl Pts',(43.3474138532927,-13.6803097440068,-1.15568914135617));
#3740=CARTESIAN_POINT('Ctrl Pts',(31.4348394181746,-13.6803097173963,-1.15568910711803));
#3741=CARTESIAN_POINT('Ctrl Pts',(19.5222649830565,-13.6803096907859,-1.15568907287988));
#3742=CARTESIAN_POINT('Ctrl Pts',(19.5222650172946,-13.6803099349202,10.7568853622382));
#3743=CARTESIAN_POINT('Ctrl Pts',(19.5222650183978,-13.1151719236561,10.7568853722411));
#3744=CARTESIAN_POINT('Ctrl Pts',(19.5222650526359,-13.1151721677904,22.6694598073593));
#3745=CARTESIAN_POINT('Ctrl Pts',(31.434839487754,-13.1151721944009,22.6694597731211));
#3746=CARTESIAN_POINT('Ctrl Pts',(43.3474139228721,-13.1151722210114,22.669459738883));
#3747=CARTESIAN_POINT('Ctrl Pts',(43.347413888634,-13.1151719768771,10.7568853037649));
#3748=CARTESIAN_POINT('Ctrl Pts',(43.3474138543959,-13.1151717327427,-1.15568913135324));
#3749=CARTESIAN_POINT('Ctrl Pts',(31.4348394192777,-13.1151717061323,-1.1556890971151));
#3750=CARTESIAN_POINT('Ctrl Pts',(19.5222649841596,-13.1151716795218,-1.15568906287695));
#3751=CARTESIAN_POINT('Ctrl Pts',(19.5222650183978,-13.1151719236561,10.7568853722411));
#3752=CARTESIAN_POINT('Ctrl Pts',(19.5222650195009,-12.550033912392,10.7568853822441));
#3753=CARTESIAN_POINT('Ctrl Pts',(19.5222650537391,-12.5500341565264,22.6694598173622));
#3754=CARTESIAN_POINT('Ctrl Pts',(31.4348394888572,-12.5500341831368,22.669459783124));
#3755=CARTESIAN_POINT('Ctrl Pts',(43.3474139239753,-12.5500342097473,22.6694597488859));
#3756=CARTESIAN_POINT('Ctrl Pts',(43.3474138897372,-12.550033965613,10.7568853137678));
#3757=CARTESIAN_POINT('Ctrl Pts',(43.347413855499,-12.5500337214787,-1.15568912135031));
#3758=CARTESIAN_POINT('Ctrl Pts',(31.4348394203809,-12.5500336948682,-1.15568908711217));
#3759=CARTESIAN_POINT('Ctrl Pts',(19.5222649852628,-12.5500336682577,-1.15568905287403));
#3760=CARTESIAN_POINT('Ctrl Pts',(19.5222650195009,-12.550033912392,10.7568853822441));
#3761=CARTESIAN_POINT('Ctrl Pts',(20.0505560324306,-12.5500339135721,10.7568853807257));
#3762=CARTESIAN_POINT('Ctrl Pts',(20.0505560651504,-12.5500341468798,22.1411688029141));
#3763=CARTESIAN_POINT('Ctrl Pts',(31.4348394873388,-12.5500341723101,22.1411687701944));
#3764=CARTESIAN_POINT('Ctrl Pts',(42.8191229095273,-12.5500341977405,22.1411687374746));
#3765=CARTESIAN_POINT('Ctrl Pts',(42.8191228768075,-12.5500339644329,10.7568853152862));
#3766=CARTESIAN_POINT('Ctrl Pts',(42.8191228440877,-12.5500337311253,-0.627398106902282));
#3767=CARTESIAN_POINT('Ctrl Pts',(31.4348394218993,-12.5500337056949,-0.627398074182512));
#3768=CARTESIAN_POINT('Ctrl Pts',(20.0505559997108,-12.5500336802645,-0.627398041462739));
#3769=CARTESIAN_POINT('Ctrl Pts',(20.0505560324306,-12.5500339135721,10.7568853807257));
#3770=CARTESIAN_POINT('Ctrl Pts',(20.1390504955604,-12.5500339137698,10.7568853804714));
#3771=CARTESIAN_POINT('Ctrl Pts',(20.1390505280258,-12.5500341452638,22.05267433953));
#3772=CARTESIAN_POINT('Ctrl Pts',(31.4348394870845,-12.5500341704965,22.0526743070646));
#3773=CARTESIAN_POINT('Ctrl Pts',(42.7306284461431,-12.5500341957292,22.0526742745992));
#3774=CARTESIAN_POINT('Ctrl Pts',(42.7306284136777,-12.5500339642352,10.7568853155405));
#3775=CARTESIAN_POINT('Ctrl Pts',(42.7306283812123,-12.5500337327412,-0.538903643518145));
#3776=CARTESIAN_POINT('Ctrl Pts',(31.4348394221536,-12.5500337075085,-0.53890361105272));
#3777=CARTESIAN_POINT('Ctrl Pts',(20.139050463095,-12.5500336822758,-0.53890357858729));
#3778=CARTESIAN_POINT('Ctrl Pts',(20.1390504955604,-12.5500339137698,10.7568853804714));
#3779=CARTESIAN_POINT('Ctrl Pts',(20.222714221147,-12.5808836787612,10.7568853796849));
#3780=CARTESIAN_POINT('Ctrl Pts',(20.222714253372,-12.5808839085406,21.9690106130967));
#3781=CARTESIAN_POINT('Ctrl Pts',(31.4348394867838,-12.5808839335864,21.9690105808717));
#3782=CARTESIAN_POINT('Ctrl Pts',(42.6469647201956,-12.5808839586322,21.9690105486467));
#3783=CARTESIAN_POINT('Ctrl Pts',(42.6469646879707,-12.5808837288528,10.7568853152349));
#3784=CARTESIAN_POINT('Ctrl Pts',(42.6469646557457,-12.5808834990734,-0.455239918176883));
#3785=CARTESIAN_POINT('Ctrl Pts',(31.4348394223339,-12.5808834740276,-0.455239885951917));
#3786=CARTESIAN_POINT('Ctrl Pts',(20.2227141889221,-12.5808834489818,-0.455239853726947));
#3787=CARTESIAN_POINT('Ctrl Pts',(20.222714221147,-12.5808836787612,10.7568853796849));
#3788=CARTESIAN_POINT('',(20.2280524587927,-12.5828863462269,10.7568853796341));
#3789=CARTESIAN_POINT('Ctrl Pts',(20.2280524587927,-12.5828863462269,10.7568853796341));
#3790=CARTESIAN_POINT('Ctrl Pts',(20.5788470450348,-12.7167492961698,10.7568853762565));
#3791=CARTESIAN_POINT('Ctrl Pts',(20.5788470442571,-13.1151719260163,10.7568853692044));
#3792=CARTESIAN_POINT('Ctrl Pts',(20.578847044079,-13.2064269537396,10.7568853675892));
#3793=CARTESIAN_POINT('Ctrl Pts',(20.5519979781372,-13.2930441734874,10.7568853661332));
#3794=CARTESIAN_POINT('',(20.268297371134,-12.5735877960932,9.7799402044056));
#3795=CARTESIAN_POINT('Ctrl Pts',(20.2712125650873,-12.5830840926334,9.78020075820115));
#3796=CARTESIAN_POINT('Ctrl Pts',(20.2426255822269,-12.5830182889551,10.1049812696142));
#3797=CARTESIAN_POINT('Ctrl Pts',(20.2282252702695,-12.5829522846339,10.4309397463912));
#3798=CARTESIAN_POINT('Ctrl Pts',(20.2280524587927,-12.5828863462269,10.7568853796341));
#3799=CARTESIAN_POINT('',(30.9459835364717,-12.5827045750966,-0.439714560808008));
#3800=CARTESIAN_POINT('Ctrl Pts',(30.9459225943973,-12.5821805842818,-0.441093304900757));
#3801=CARTESIAN_POINT('Ctrl Pts',(28.1189107437105,-12.5821769774742,-0.317672220865408));
#3802=CARTESIAN_POINT('Ctrl Pts',(25.3561846911953,-12.5821749163714,0.921644332070458));
#3803=CARTESIAN_POINT('Ctrl Pts',(23.3827160663442,-12.5821749525872,2.95961579491199));
#3804=CARTESIAN_POINT('Ctrl Pts',(21.6044749656528,-12.5821749852203,4.79597872038506));
#3805=CARTESIAN_POINT('Ctrl Pts',(20.4908456894493,-12.5821767021549,7.24237731239855));
#3806=CARTESIAN_POINT('Ctrl Pts',(20.2688418575026,-12.5821797267669,9.7799896170409));
#3807=CARTESIAN_POINT('',(38.9699013618745,-12.4869775936557,19.0526616743159));
#3808=CARTESIAN_POINT('Ctrl Pts',(38.9717929167182,-12.5817208810958,19.0548103711682));
#3809=CARTESIAN_POINT('Ctrl Pts',(40.9888931028894,-12.5813266071769,17.2241143474085));
#3810=CARTESIAN_POINT('Ctrl Pts',(42.3008999987262,-12.5810428807759,14.6379354404997));
#3811=CARTESIAN_POINT('Ctrl Pts',(42.585551826068,-12.5809637271541,11.9267168584265));
#3812=CARTESIAN_POINT('Ctrl Pts',(42.8810930403696,-12.5808815455017,9.11178031132664));
#3813=CARTESIAN_POINT('Ctrl Pts',(42.0597572505548,-12.5810237830564,6.19922084748167));
#3814=CARTESIAN_POINT('Ctrl Pts',(40.3480121678519,-12.5813382371754,3.95691720828498));
#3815=CARTESIAN_POINT('Ctrl Pts',(38.7657012197069,-12.5816289137488,1.88416605321005));
#3816=CARTESIAN_POINT('Ctrl Pts',(36.4269212714767,-12.5820617640696,0.387465730960139));
#3817=CARTESIAN_POINT('Ctrl Pts',(33.8809080299553,-12.5825096743865,-0.180710673586448));
#3818=CARTESIAN_POINT('Ctrl Pts',(32.9205310088503,-12.5826786298219,-0.395031461067711));
#3819=CARTESIAN_POINT('Ctrl Pts',(31.9327907665566,-12.5828495116804,-0.482414832375105));
#3820=CARTESIAN_POINT('Ctrl Pts',(30.9460198663932,-12.583016798669,-0.438893513908293));
#3821=CARTESIAN_POINT('Ctrl Pts',(20.2280524587927,-12.5828863462269,10.7568853796341));
#3822=CARTESIAN_POINT('Ctrl Pts',(20.2267720869666,-12.5823978041453,13.1718384453475));
#3823=CARTESIAN_POINT('Ctrl Pts',(21.0340499051506,-12.5819118144132,15.5860956223996));
#3824=CARTESIAN_POINT('Ctrl Pts',(22.4913151102209,-12.581547889994,17.5159516337448));
#3825=CARTESIAN_POINT('Ctrl Pts',(24.014924353417,-12.5811673974063,19.5336670411343));
#3826=CARTESIAN_POINT('Ctrl Pts',(26.2335082637776,-12.5809266612602,21.0071272573635));
#3827=CARTESIAN_POINT('Ctrl Pts',(28.688575737076,-12.5808950190642,21.6274471066374));
#3828=CARTESIAN_POINT('Ctrl Pts',(31.2409987655228,-12.5808621220987,22.2723657027696));
#3829=CARTESIAN_POINT('Ctrl Pts',(34.0103210184098,-12.5810575390575,21.9803426847388));
#3830=CARTESIAN_POINT('Ctrl Pts',(36.3683025183782,-12.5814201588655,20.8236742404246));
#3831=CARTESIAN_POINT('Ctrl Pts',(37.3123250481467,-12.5815653344186,20.3605997545053));
#3832=CARTESIAN_POINT('Ctrl Pts',(38.1940660640555,-12.5817365102578,19.7611429352557));
#3833=CARTESIAN_POINT('Ctrl Pts',(38.9713455803201,-12.5819232372175,19.0544873091473));
#3834=CARTESIAN_POINT('Ctrl Pts',(41.9147499502961,-8.05291459823293,10.7568858947477));
#3835=CARTESIAN_POINT('Ctrl Pts',(41.9147499368414,-8.05291510639975,21.2367963320208));
#3836=CARTESIAN_POINT('Ctrl Pts',(31.4348394995683,-8.05291511685699,21.236796318566));
#3837=CARTESIAN_POINT('Ctrl Pts',(20.9549290622952,-8.05291512731422,21.2367963051113));
#3838=CARTESIAN_POINT('Ctrl Pts',(20.9549290757499,-8.05291461914741,10.7568858678382));
#3839=CARTESIAN_POINT('Ctrl Pts',(20.9549290892047,-8.05291411098059,0.276975430565131));
#3840=CARTESIAN_POINT('Ctrl Pts',(31.4348395264778,-8.05291410052335,0.276975444019856));
#3841=CARTESIAN_POINT('Ctrl Pts',(41.9147499637509,-8.05291409006612,0.276975457474587));
#3842=CARTESIAN_POINT('Ctrl Pts',(41.9147499502961,-8.05291459823293,10.7568858947477));
#3843=CARTESIAN_POINT('Ctrl Pts',(41.9147499493535,-6.97186869692649,10.756885940329));
#3844=CARTESIAN_POINT('Ctrl Pts',(41.9147499358988,-6.9718692050933,21.2367963776021));
#3845=CARTESIAN_POINT('Ctrl Pts',(31.4348394986257,-6.97186921555054,21.2367963641474));
#3846=CARTESIAN_POINT('Ctrl Pts',(20.9549290613526,-6.97186922600778,21.2367963506927));
#3847=CARTESIAN_POINT('Ctrl Pts',(20.9549290748073,-6.97186871784096,10.7568859134196));
#3848=CARTESIAN_POINT('Ctrl Pts',(20.954929088262,-6.97186820967414,0.276975476146473));
#3849=CARTESIAN_POINT('Ctrl Pts',(31.4348395255351,-6.97186819921691,0.276975489601199));
#3850=CARTESIAN_POINT('Ctrl Pts',(41.9147499628082,-6.97186818875967,0.276975503055929));
#3851=CARTESIAN_POINT('Ctrl Pts',(41.9147499493535,-6.97186869692649,10.756885940329));
#3852=CARTESIAN_POINT('Ctrl Pts',(42.9253116578948,-6.97186869591811,10.7568859416264));
#3853=CARTESIAN_POINT('Ctrl Pts',(42.9253116431426,-6.97186925308667,22.2473580874408));
#3854=CARTESIAN_POINT('Ctrl Pts',(31.4348394973283,-6.97186926455229,22.2473580726887));
#3855=CARTESIAN_POINT('Ctrl Pts',(19.9443673515139,-6.9718692760179,22.2473580579365));
#3856=CARTESIAN_POINT('Ctrl Pts',(19.944367366266,-6.97186871884934,10.7568859121221));
#3857=CARTESIAN_POINT('Ctrl Pts',(19.9443673810182,-6.97186816168077,-0.733586233692211));
#3858=CARTESIAN_POINT('Ctrl Pts',(31.4348395268325,-6.97186815021516,-0.733586218940067));
#3859=CARTESIAN_POINT('Ctrl Pts',(42.9253116726469,-6.97186813874955,-0.733586204187919));
#3860=CARTESIAN_POINT('Ctrl Pts',(42.9253116578948,-6.97186869591811,10.7568859416264));
#3861=CARTESIAN_POINT('Ctrl Pts',(43.935873366436,-6.97186869490973,10.7568859429239));
#3862=CARTESIAN_POINT('Ctrl Pts',(43.9358733503865,-6.97186930108004,23.2579197972795));
#3863=CARTESIAN_POINT('Ctrl Pts',(31.4348394960308,-6.97186931355403,23.2579197812299));
#3864=CARTESIAN_POINT('Ctrl Pts',(18.9338056416752,-6.97186932602802,23.2579197651804));
#3865=CARTESIAN_POINT('Ctrl Pts',(18.9338056577248,-6.97186871985771,10.7568859108247));
#3866=CARTESIAN_POINT('Ctrl Pts',(18.9338056737743,-6.9718681136874,-1.7441479435309));
#3867=CARTESIAN_POINT('Ctrl Pts',(31.43483952813,-6.97186810121341,-1.74414792748133));
#3868=CARTESIAN_POINT('Ctrl Pts',(43.9358733824856,-6.97186808873942,-1.74414791143177));
#3869=CARTESIAN_POINT('Ctrl Pts',(43.935873366436,-6.97186869490973,10.7568859429239));
#3870=CARTESIAN_POINT('Ctrl Pts',(43.9358733673787,-8.05291459621618,10.7568858973425));
#3871=CARTESIAN_POINT('Ctrl Pts',(43.9358733513291,-8.05291520238649,23.2579197516981));
#3872=CARTESIAN_POINT('Ctrl Pts',(31.4348394969735,-8.05291521486048,23.2579197356486));
#3873=CARTESIAN_POINT('Ctrl Pts',(18.9338056426178,-8.05291522733447,23.257919719599));
#3874=CARTESIAN_POINT('Ctrl Pts',(18.9338056586674,-8.05291462116416,10.7568858652434));
#3875=CARTESIAN_POINT('Ctrl Pts',(18.933805674717,-8.05291401499385,-1.74414798911224));
#3876=CARTESIAN_POINT('Ctrl Pts',(31.4348395290726,-8.05291400251986,-1.74414797306268));
#3877=CARTESIAN_POINT('Ctrl Pts',(43.9358733834282,-8.05291399004587,-1.74414795701311));
#3878=CARTESIAN_POINT('Ctrl Pts',(43.9358733673787,-8.05291459621618,10.7568858973425));
#3879=CARTESIAN_POINT('Ctrl Pts',(43.9358733683213,-9.13396049752263,10.7568858517612));
#3880=CARTESIAN_POINT('Ctrl Pts',(43.9358733522717,-9.13396110369294,23.2579197061168));
#3881=CARTESIAN_POINT('Ctrl Pts',(31.4348394979161,-9.13396111616693,23.2579196900672));
#3882=CARTESIAN_POINT('Ctrl Pts',(18.9338056435605,-9.13396112864092,23.2579196740177));
#3883=CARTESIAN_POINT('Ctrl Pts',(18.93380565961,-9.1339605224706,10.756885819662));
#3884=CARTESIAN_POINT('Ctrl Pts',(18.9338056756596,-9.1339599163003,-1.74414803469358));
#3885=CARTESIAN_POINT('Ctrl Pts',(31.4348395300152,-9.13395990382631,-1.74414801864402));
#3886=CARTESIAN_POINT('Ctrl Pts',(43.9358733843709,-9.13395989135232,-1.74414800259445));
#3887=CARTESIAN_POINT('Ctrl Pts',(43.9358733683213,-9.13396049752263,10.7568858517612));
#3888=CARTESIAN_POINT('Ctrl Pts',(42.92531165978,-9.133960498531,10.7568858504638));
#3889=CARTESIAN_POINT('Ctrl Pts',(42.9253116450279,-9.13396105569957,22.2473579962781));
#3890=CARTESIAN_POINT('Ctrl Pts',(31.4348394992135,-9.13396106716518,22.247357981526));
#3891=CARTESIAN_POINT('Ctrl Pts',(19.9443673533992,-9.13396107863079,22.2473579667738));
#3892=CARTESIAN_POINT('Ctrl Pts',(19.9443673681513,-9.13396052146223,10.7568858209595));
#3893=CARTESIAN_POINT('Ctrl Pts',(19.9443673829034,-9.13395996429367,-0.733586324854895));
#3894=CARTESIAN_POINT('Ctrl Pts',(31.4348395287178,-9.13395995282805,-0.733586310102751));
#3895=CARTESIAN_POINT('Ctrl Pts',(42.9253116745322,-9.13395994136244,-0.733586295350603));
#3896=CARTESIAN_POINT('Ctrl Pts',(42.92531165978,-9.133960498531,10.7568858504638));
#3897=CARTESIAN_POINT('Ctrl Pts',(41.9147499512388,-9.13396049953938,10.7568858491663));
#3898=CARTESIAN_POINT('Ctrl Pts',(41.9147499377841,-9.13396100770619,21.2367962864394));
#3899=CARTESIAN_POINT('Ctrl Pts',(31.4348395005109,-9.13396101816343,21.2367962729847));
#3900=CARTESIAN_POINT('Ctrl Pts',(20.9549290632378,-9.13396102862067,21.23679625953));
#3901=CARTESIAN_POINT('Ctrl Pts',(20.9549290766926,-9.13396052045385,10.7568858222569));
#3902=CARTESIAN_POINT('Ctrl Pts',(20.9549290901473,-9.13396001228704,0.276975384983788));
#3903=CARTESIAN_POINT('Ctrl Pts',(31.4348395274204,-9.1339600018298,0.276975398438514));
#3904=CARTESIAN_POINT('Ctrl Pts',(41.9147499646935,-9.13395999137256,0.276975411893244));
#3905=CARTESIAN_POINT('Ctrl Pts',(41.9147499512388,-9.13396049953938,10.7568858491663));
#3906=CARTESIAN_POINT('Ctrl Pts',(41.9147499502961,-8.05291459823293,10.7568858947477));
#3907=CARTESIAN_POINT('Ctrl Pts',(41.9147499368414,-8.05291510639975,21.2367963320208));
#3908=CARTESIAN_POINT('Ctrl Pts',(31.4348394995683,-8.05291511685699,21.236796318566));
#3909=CARTESIAN_POINT('Ctrl Pts',(20.9549290622952,-8.05291512731422,21.2367963051113));
#3910=CARTESIAN_POINT('Ctrl Pts',(20.9549290757499,-8.05291461914741,10.7568858678382));
#3911=CARTESIAN_POINT('Ctrl Pts',(20.9549290892047,-8.05291411098059,0.276975430565131));
#3912=CARTESIAN_POINT('Ctrl Pts',(31.4348395264778,-8.05291410052335,0.276975444019856));
#3913=CARTESIAN_POINT('Ctrl Pts',(41.9147499637509,-8.05291409006612,0.276975457474587));
#3914=CARTESIAN_POINT('Ctrl Pts',(41.9147499502961,-8.05291459823293,10.7568858947477));
#3915=CARTESIAN_POINT('',(42.4798443832033,-9.02326104607037,10.7568858545594));
#3916=CARTESIAN_POINT('Ctrl Pts',(42.4798443832032,-9.02326104607033,10.7568858545594));
#3917=CARTESIAN_POINT('Ctrl Pts',(42.2680785117659,-8.91200911772075,10.7568858589783));
#3918=CARTESIAN_POINT('Ctrl Pts',(42.1242521643852,-8.7119508455308,10.756885867229));
#3919=CARTESIAN_POINT('',(32.3976489458916,-9.02326376033026,-0.246080427957216));
#3920=CARTESIAN_POINT('Ctrl Pts',(32.3976484863615,-9.02326099085636,-0.246075176332037));
#3921=CARTESIAN_POINT('Ctrl Pts',(34.9005651573129,-9.02325435649737,-0.0270459281040681));
#3922=CARTESIAN_POINT('Ctrl Pts',(37.3205073499284,-9.02325030573994,1.07762762097184));
#3923=CARTESIAN_POINT('Ctrl Pts',(39.1270407846518,-9.02324973818946,2.8308709063768));
#3924=CARTESIAN_POINT('Ctrl Pts',(40.9714355076355,-9.02324915874426,4.6208586262568));
#3925=CARTESIAN_POINT('Ctrl Pts',(42.1560095933551,-9.02325221721862,7.06736642644256));
#3926=CARTESIAN_POINT('Ctrl Pts',(42.4207302707873,-9.02325819700715,9.61573757278454));
#3927=CARTESIAN_POINT('Ctrl Pts',(42.4600596424766,-9.02325908542029,9.99434734739268));
#3928=CARTESIAN_POINT('Ctrl Pts',(42.4798424968036,-9.02326003628153,10.3752598984468));
#3929=CARTESIAN_POINT('Ctrl Pts',(42.4798443832033,-9.02326104607036,10.7568858545594));
#3930=CARTESIAN_POINT('',(23.9729378360627,-9.02326555656689,2.61364561300769));
#3931=CARTESIAN_POINT('Ctrl Pts',(23.9729378360627,-9.02326555656689,2.61364561300769));
#3932=CARTESIAN_POINT('Ctrl Pts',(26.0094249574513,-9.02324325220844,0.74760712581591));
#3933=CARTESIAN_POINT('Ctrl Pts',(28.7743740542784,-9.02324035380856,-0.315074464919838));
#3934=CARTESIAN_POINT('Ctrl Pts',(31.5446340337687,-9.0232577795,-0.287568081613917));
#3935=CARTESIAN_POINT('Ctrl Pts',(31.8291623892384,-9.02325956926102,-0.284742951097325));
#3936=CARTESIAN_POINT('Ctrl Pts',(32.1137134191864,-9.02326156398589,-0.270921878820992));
#3937=CARTESIAN_POINT('Ctrl Pts',(32.3976489458925,-9.02326376033026,-0.246080427957138));
#3938=CARTESIAN_POINT('',(20.3990747721979,-9.03682722598147,10.2843106991102));
#3939=CARTESIAN_POINT('Ctrl Pts',(20.3999397456129,-9.02326507361034,10.2843511256048));
#3940=CARTESIAN_POINT('Ctrl Pts',(20.5114394994148,-9.02324392402495,7.68148076040865));
#3941=CARTESIAN_POINT('Ctrl Pts',(21.5809662073012,-9.02324171812087,5.12433683046856));
#3942=CARTESIAN_POINT('Ctrl Pts',(23.3659610824598,-9.02325914890374,3.21465352978647));
#3943=CARTESIAN_POINT('Ctrl Pts',(23.5603519614509,-9.0232610471642,3.00668373638235));
#3944=CARTESIAN_POINT('Ctrl Pts',(23.7630463227375,-9.02326317135431,2.80598186545089));
#3945=CARTESIAN_POINT('Ctrl Pts',(23.9729375741408,-9.02326551005864,2.61364597309153));
#3946=CARTESIAN_POINT('',(30.4721074391245,-9.04167259176544,21.7610156998935));
#3947=CARTESIAN_POINT('Ctrl Pts',(30.4721953975702,-9.02326633922168,21.7598694584633));
#3948=CARTESIAN_POINT('Ctrl Pts',(27.9287939381123,-9.02325522891363,21.537327650673));
#3949=CARTESIAN_POINT('Ctrl Pts',(25.4846411248031,-9.02324837491067,20.406339164344));
#3950=CARTESIAN_POINT('Ctrl Pts',(23.6683654452749,-9.02324726024469,18.6101282702585));
#3951=CARTESIAN_POINT('Ctrl Pts',(21.8602052240313,-9.02324615055925,16.8219431812561));
#3952=CARTESIAN_POINT('Ctrl Pts',(20.7029923785731,-9.02325076881275,14.3974607128309));
#3953=CARTESIAN_POINT('Ctrl Pts',(20.446455921513,-9.02326006419225,11.8738075490668));
#3954=CARTESIAN_POINT('Ctrl Pts',(20.3929117921652,-9.02326200431806,11.3470722344134));
#3955=CARTESIAN_POINT('Ctrl Pts',(20.377216845883,-9.02326414564507,10.8150593839662));
#3956=CARTESIAN_POINT('Ctrl Pts',(20.3999360472202,-9.02326646340454,10.2843756571478));
#3957=CARTESIAN_POINT('',(30.9579445072404,-9.04266897682993,21.7929923659408));
#3958=CARTESIAN_POINT('Ctrl Pts',(30.9544711104165,-9.04651190934366,21.8387819523403));
#3959=CARTESIAN_POINT('Ctrl Pts',(30.7921800814032,-9.04648393595216,21.8316860456882));
#3960=CARTESIAN_POINT('Ctrl Pts',(30.6299656498715,-9.04646030116369,21.8210289838148));
#3961=CARTESIAN_POINT('Ctrl Pts',(30.4680872123153,-9.04644105089614,21.806824221725));
#3962=CARTESIAN_POINT('',(42.4389825517185,-9.04183689707681,11.7196296784002));
#3963=CARTESIAN_POINT('Ctrl Pts',(42.4378231356747,-9.02326576010499,11.7195281598233));
#3964=CARTESIAN_POINT('Ctrl Pts',(42.2161541981283,-9.02325546472075,14.2529724074121));
#3965=CARTESIAN_POINT('Ctrl Pts',(41.0933652579292,-9.02324905785186,16.6872397199595));
#3966=CARTESIAN_POINT('Ctrl Pts',(39.3108286177036,-9.02324790718374,18.5002933485395));
#3967=CARTESIAN_POINT('Ctrl Pts',(37.528854622862,-9.02324675687882,20.3127746992588));
#3968=CARTESIAN_POINT('Ctrl Pts',(35.1064897918349,-9.02325090315758,21.477990381309));
#3969=CARTESIAN_POINT('Ctrl Pts',(32.5842374642673,-9.02325939762847,21.7419176923969));
#3970=CARTESIAN_POINT('Ctrl Pts',(32.0453951444364,-9.02326121234793,21.7983019022632));
#3971=CARTESIAN_POINT('Ctrl Pts',(31.5013309468102,-9.02326322138108,21.8150744124496));
#3972=CARTESIAN_POINT('Ctrl Pts',(30.958004576649,-9.02326540476744,21.791600213667));
#3973=CARTESIAN_POINT('',(42.4709519576251,-9.04272720758971,11.2337652280967));
#3974=CARTESIAN_POINT('Ctrl Pts',(42.5169092841379,-9.0465900486113,11.2372100746445));
#3975=CARTESIAN_POINT('Ctrl Pts',(42.5099149956932,-9.04660843682834,11.3995088001165));
#3976=CARTESIAN_POINT('Ctrl Pts',(42.4993557512299,-9.04663091364886,11.5617720572794));
#3977=CARTESIAN_POINT('Ctrl Pts',(42.4852520049895,-9.04665742953615,11.7236466545594));
#3978=CARTESIAN_POINT('Ctrl Pts',(42.4798443832033,-9.02326104607036,10.7568858545594));
#3979=CARTESIAN_POINT('Ctrl Pts',(42.4798451684291,-9.02326146640135,10.9157400717148));
#3980=CARTESIAN_POINT('Ctrl Pts',(42.4764188605972,-9.02326189694168,11.0747178910936));
#3981=CARTESIAN_POINT('Ctrl Pts',(42.4695497351313,-9.02326233743409,11.2337046981175));
#3982=CARTESIAN_POINT('Ctrl Pts',(42.1986617213408,-18.0534839489177,10.7568853346165));
#3983=CARTESIAN_POINT('Ctrl Pts',(42.1986617656394,-18.0534840445906,21.5207075842896));
#3984=CARTESIAN_POINT('Ctrl Pts',(31.4348395159663,-18.0534840101609,21.5207076285882));
#3985=CARTESIAN_POINT('Ctrl Pts',(20.6710172662932,-18.0534839757313,21.5207076728868));
#3986=CARTESIAN_POINT('Ctrl Pts',(20.6710172219946,-18.0534838800584,10.7568854232137));
#3987=CARTESIAN_POINT('Ctrl Pts',(20.671017177696,-18.0534837843856,-0.0069368264593761));
#3988=CARTESIAN_POINT('Ctrl Pts',(31.4348394273691,-18.0534838188152,-0.00693687075798011));
#3989=CARTESIAN_POINT('Ctrl Pts',(42.1986616770422,-18.0534838532448,-0.00693691505657997));
#3990=CARTESIAN_POINT('Ctrl Pts',(42.1986617213408,-18.0534839489177,10.7568853346165));
#3991=CARTESIAN_POINT('Ctrl Pts',(42.0730219335377,-17.9161558765761,10.7568853361716));
#3992=CARTESIAN_POINT('Ctrl Pts',(42.0730219773192,-17.9161559711323,21.3950677976578));
#3993=CARTESIAN_POINT('Ctrl Pts',(31.4348395158331,-17.9161559371045,21.3950678414393));
#3994=CARTESIAN_POINT('Ctrl Pts',(20.7966570543469,-17.9161559030767,21.3950678852208));
#3995=CARTESIAN_POINT('Ctrl Pts',(20.7966570105653,-17.9161558085206,10.7568854237346));
#3996=CARTESIAN_POINT('Ctrl Pts',(20.7966569667838,-17.9161557139645,0.118702962248451));
#3997=CARTESIAN_POINT('Ctrl Pts',(31.43483942827,-17.9161557479922,0.118702918466918));
#3998=CARTESIAN_POINT('Ctrl Pts',(42.0730218897562,-17.91615578202,0.11870287468539));
#3999=CARTESIAN_POINT('Ctrl Pts',(42.0730219335377,-17.9161558765761,10.7568853361716));
#4000=CARTESIAN_POINT('Ctrl Pts',(42.0730219340748,-17.7240019627909,10.756885337624));
#4001=CARTESIAN_POINT('Ctrl Pts',(42.0730219778563,-17.724002057347,21.3950677991102));
#4002=CARTESIAN_POINT('Ctrl Pts',(31.4348395163702,-17.7240020233192,21.3950678428917));
#4003=CARTESIAN_POINT('Ctrl Pts',(20.796657054884,-17.7240019892915,21.3950678866732));
#4004=CARTESIAN_POINT('Ctrl Pts',(20.7966570111024,-17.7240018947353,10.756885425187));
#4005=CARTESIAN_POINT('Ctrl Pts',(20.7966569673209,-17.7240018001792,0.118702963700852));
#4006=CARTESIAN_POINT('Ctrl Pts',(31.4348394288071,-17.724001834207,0.118702919919319));
#4007=CARTESIAN_POINT('Ctrl Pts',(42.0730218902933,-17.7240018682347,0.11870287613779));
#4008=CARTESIAN_POINT('Ctrl Pts',(42.0730219340748,-17.7240019627909,10.756885337624));
#4009=CARTESIAN_POINT('Ctrl Pts',(42.0730219353915,-17.2529460955999,10.7568853411845));
#4010=CARTESIAN_POINT('Ctrl Pts',(42.073021979173,-17.2529461901561,21.3950678026707));
#4011=CARTESIAN_POINT('Ctrl Pts',(31.4348395176868,-17.2529461561283,21.3950678464522));
#4012=CARTESIAN_POINT('Ctrl Pts',(20.7966570562006,-17.2529461221006,21.3950678902337));
#4013=CARTESIAN_POINT('Ctrl Pts',(20.7966570124191,-17.2529460275444,10.7568854287475));
#4014=CARTESIAN_POINT('Ctrl Pts',(20.7966569686376,-17.2529459329883,0.118702967261341));
#4015=CARTESIAN_POINT('Ctrl Pts',(31.4348394301238,-17.252945967016,0.118702923479808));
#4016=CARTESIAN_POINT('Ctrl Pts',(42.0730218916099,-17.2529460010438,0.11870287969828));
#4017=CARTESIAN_POINT('Ctrl Pts',(42.0730219353915,-17.2529460955999,10.7568853411845));
#4018=CARTESIAN_POINT('Ctrl Pts',(42.5133649600415,-17.2529460970084,10.7568853393722));
#4019=CARTESIAN_POINT('Ctrl Pts',(42.5133650056353,-17.2529461954785,21.8354108255085));
#4020=CARTESIAN_POINT('Ctrl Pts',(31.4348395194991,-17.2529461600422,21.8354108711022));
#4021=CARTESIAN_POINT('Ctrl Pts',(20.3563140333628,-17.252946124606,21.835410916696));
#4022=CARTESIAN_POINT('Ctrl Pts',(20.356313987769,-17.2529460261359,10.7568854305598));
#4023=CARTESIAN_POINT('Ctrl Pts',(20.3563139421753,-17.2529459276659,-0.32164005557649));
#4024=CARTESIAN_POINT('Ctrl Pts',(31.4348394283115,-17.2529459631021,-0.321640101170257));
#4025=CARTESIAN_POINT('Ctrl Pts',(42.5133649144478,-17.2529459985384,-0.32164014676402));
#4026=CARTESIAN_POINT('Ctrl Pts',(42.5133649600415,-17.2529460970084,10.7568853393722));
#4027=CARTESIAN_POINT('Ctrl Pts',(42.9537079846916,-17.2529460984169,10.75688533756));
#4028=CARTESIAN_POINT('Ctrl Pts',(42.9537080320976,-17.2529462008009,22.2757538483463));
#4029=CARTESIAN_POINT('Ctrl Pts',(31.4348395213113,-17.2529461639562,22.2757538957523));
#4030=CARTESIAN_POINT('Ctrl Pts',(19.915971010525,-17.2529461271114,22.2757539431583));
#4031=CARTESIAN_POINT('Ctrl Pts',(19.915970963119,-17.2529460247274,10.756885432372));
#4032=CARTESIAN_POINT('Ctrl Pts',(19.915970915713,-17.2529459223434,-0.76198307841432));
#4033=CARTESIAN_POINT('Ctrl Pts',(31.4348394264993,-17.2529459591882,-0.761983125820322));
#4034=CARTESIAN_POINT('Ctrl Pts',(42.9537079372856,-17.2529459960329,-0.76198317322632));
#4035=CARTESIAN_POINT('Ctrl Pts',(42.9537079846916,-17.2529460984169,10.75688533756));
#4036=CARTESIAN_POINT('Ctrl Pts',(42.9537079833749,-17.7240019656079,10.7568853339995));
#4037=CARTESIAN_POINT('Ctrl Pts',(42.9537080307809,-17.7240020679919,22.2757538447858));
#4038=CARTESIAN_POINT('Ctrl Pts',(31.4348395199946,-17.7240020311471,22.2757538921918));
#4039=CARTESIAN_POINT('Ctrl Pts',(19.9159710092083,-17.7240019943023,22.2757539395978));
#4040=CARTESIAN_POINT('Ctrl Pts',(19.9159709618023,-17.7240018919183,10.7568854288115));
#4041=CARTESIAN_POINT('Ctrl Pts',(19.9159709143963,-17.7240017895343,-0.761983081974809));
#4042=CARTESIAN_POINT('Ctrl Pts',(31.4348394251826,-17.7240018263791,-0.761983129380811));
#4043=CARTESIAN_POINT('Ctrl Pts',(42.9537079359689,-17.7240018632239,-0.761983176786809));
#4044=CARTESIAN_POINT('Ctrl Pts',(42.9537079833749,-17.7240019656079,10.7568853339995));
#4045=CARTESIAN_POINT('Ctrl Pts',(42.9537079820583,-18.1950578327988,10.756885330439));
#4046=CARTESIAN_POINT('Ctrl Pts',(42.9537080294643,-18.1950579351828,22.2757538412253));
#4047=CARTESIAN_POINT('Ctrl Pts',(31.434839518678,-18.195057898338,22.2757538886313));
#4048=CARTESIAN_POINT('Ctrl Pts',(19.9159710078916,-18.1950578614932,22.2757539360373));
#4049=CARTESIAN_POINT('Ctrl Pts',(19.9159709604856,-18.1950577591092,10.756885425251));
#4050=CARTESIAN_POINT('Ctrl Pts',(19.9159709130796,-18.1950576567252,-0.761983085535298));
#4051=CARTESIAN_POINT('Ctrl Pts',(31.434839423866,-18.19505769357,-0.761983132941301));
#4052=CARTESIAN_POINT('Ctrl Pts',(42.9537079346523,-18.1950577304148,-0.761983180347299));
#4053=CARTESIAN_POINT('Ctrl Pts',(42.9537079820583,-18.1950578327988,10.756885330439));
#4054=CARTESIAN_POINT('Ctrl Pts',(42.5133649574082,-18.1950578313903,10.7568853322512));
#4055=CARTESIAN_POINT('Ctrl Pts',(42.513365003002,-18.1950579298603,21.8354108183875));
#4056=CARTESIAN_POINT('Ctrl Pts',(31.4348395168657,-18.1950578944241,21.8354108639813));
#4057=CARTESIAN_POINT('Ctrl Pts',(20.3563140307295,-18.1950578589878,21.835410909575));
#4058=CARTESIAN_POINT('Ctrl Pts',(20.3563139851357,-18.1950577605177,10.7568854234388));
#4059=CARTESIAN_POINT('Ctrl Pts',(20.3563139395419,-18.1950576620477,-0.321640062697468));
#4060=CARTESIAN_POINT('Ctrl Pts',(31.4348394256782,-18.1950576974839,-0.321640108291235));
#4061=CARTESIAN_POINT('Ctrl Pts',(42.5133649118144,-18.1950577329202,-0.321640153884999));
#4062=CARTESIAN_POINT('Ctrl Pts',(42.5133649574082,-18.1950578313903,10.7568853322512));
#4063=CARTESIAN_POINT('Ctrl Pts',(42.3281859487955,-18.1950578307979,10.7568853330134));
#4064=CARTESIAN_POINT('Ctrl Pts',(42.3281859936271,-18.1950579276221,21.6502318105368));
#4065=CARTESIAN_POINT('Ctrl Pts',(31.4348395161036,-18.1950578927781,21.6502318553685));
#4066=CARTESIAN_POINT('Ctrl Pts',(20.5414930385801,-18.1950578579342,21.6502319002002));
#4067=CARTESIAN_POINT('Ctrl Pts',(20.5414929937485,-18.1950577611101,10.7568854226767));
#4068=CARTESIAN_POINT('Ctrl Pts',(20.5414929489168,-18.1950576642859,-0.136461054846826));
#4069=CARTESIAN_POINT('Ctrl Pts',(31.4348394264403,-18.1950576991299,-0.136461099678488));
#4070=CARTESIAN_POINT('Ctrl Pts',(42.3281859039638,-18.1950577339738,-0.136461144510146));
#4071=CARTESIAN_POINT('Ctrl Pts',(42.3281859487955,-18.1950578307979,10.7568853330134));
#4072=CARTESIAN_POINT('Ctrl Pts',(42.1986617213408,-18.0534839489177,10.7568853346165));
#4073=CARTESIAN_POINT('Ctrl Pts',(42.1986617656394,-18.0534840445906,21.5207075842896));
#4074=CARTESIAN_POINT('Ctrl Pts',(31.4348395159663,-18.0534840101609,21.5207076285882));
#4075=CARTESIAN_POINT('Ctrl Pts',(20.6710172662932,-18.0534839757313,21.5207076728868));
#4076=CARTESIAN_POINT('Ctrl Pts',(20.6710172219946,-18.0534838800584,10.7568854232137));
#4077=CARTESIAN_POINT('Ctrl Pts',(20.671017177696,-18.0534837843856,-0.0069368264593761));
#4078=CARTESIAN_POINT('Ctrl Pts',(31.4348394273691,-18.0534838188152,-0.00693687075798011));
#4079=CARTESIAN_POINT('Ctrl Pts',(42.1986616770422,-18.0534838532448,-0.00693691505657997));
#4080=CARTESIAN_POINT('Ctrl Pts',(42.1986617213408,-18.0534839489177,10.7568853346165));
#4081=CARTESIAN_POINT('',(20.6710163926118,-18.0534813727566,10.7568867577164));
#4082=CARTESIAN_POINT('',(42.1983552514551,-18.0531486343681,10.7568853346203));
#4083=CARTESIAN_POINT('Origin',(31.4346843564236,-18.0533150035852,10.7568870713461));
#4084=CARTESIAN_POINT('',(31.4347052590957,-18.0533168778176,21.520555036261));
#4085=CARTESIAN_POINT('Origin',(31.4346843564236,-18.0533150035852,10.7568870713461));
#4086=CARTESIAN_POINT('Origin',(31.4346843564236,-18.0533150035852,10.7568870713461));
#4087=CARTESIAN_POINT('Ctrl Pts',(42.1983552514551,-18.0531486343681,10.7568853346203));
#4088=CARTESIAN_POINT('Ctrl Pts',(42.0224054078205,-17.8604467555413,10.756885336801));
#4089=CARTESIAN_POINT('Ctrl Pts',(42.0347721726313,-17.5446607262209,10.7568853391369));
#4090=CARTESIAN_POINT('Ctrl Pts',(42.2246958456951,-17.3682853749552,10.7568853396885));
#4091=CARTESIAN_POINT('Ctrl Pts',(42.2375179810176,-17.3563779145265,10.7568853397257));
#4092=CARTESIAN_POINT('Ctrl Pts',(42.2509593422599,-17.3452911731007,10.7568853397542));
#4093=CARTESIAN_POINT('Ctrl Pts',(42.2648737216857,-17.3351166064523,10.7568853397738));
#4094=CARTESIAN_POINT('Origin',(31.4346976723239,-18.2523235930731,10.7568869202145));
#4095=CARTESIAN_POINT('',(31.4347083031386,-18.2525103464933,21.7026125033718));
#4096=CARTESIAN_POINT('',(31.4347083002687,-18.2523253668875,21.7024434369927));
#4097=CARTESIAN_POINT('',(34.2671922841564,-18.2722329423265,21.3273299924814));
#4098=CARTESIAN_POINT('Ctrl Pts',(34.2677669151814,-18.2524638082084,21.3296118862708));
#4099=CARTESIAN_POINT('Ctrl Pts',(33.3248022883821,-18.2524842322038,21.5822952970754));
#4100=CARTESIAN_POINT('Ctrl Pts',(32.372310248969,-18.2524996859951,21.7026141845528));
#4101=CARTESIAN_POINT('Ctrl Pts',(31.4347083031386,-18.2525103464933,21.7026125033718));
#4102=CARTESIAN_POINT('',(34.7290681881961,-18.2726515400828,21.1924370068589));
#4103=CARTESIAN_POINT('Ctrl Pts',(34.7386897553761,-18.285219760479,21.2234457597198));
#4104=CARTESIAN_POINT('Ctrl Pts',(34.5850135113854,-18.2849097335907,21.2716576621714));
#4105=CARTESIAN_POINT('Ctrl Pts',(34.4304854721845,-18.2846971837976,21.3165118385395));
#4106=CARTESIAN_POINT('Ctrl Pts',(34.2753699973393,-18.2845814148375,21.3579650210897));
#4107=CARTESIAN_POINT('',(42.2121793477491,-18.269938466076,12.6573067652708));
#4108=CARTESIAN_POINT('Ctrl Pts',(42.2142254940707,-18.2524676533637,12.6576678652967));
#4109=CARTESIAN_POINT('Ctrl Pts',(41.9320653777976,-18.2524977470984,14.2579630870922));
#4110=CARTESIAN_POINT('Ctrl Pts',(41.2620991018637,-18.2525170787801,15.8423984982915));
#4111=CARTESIAN_POINT('Ctrl Pts',(40.3140745725641,-18.2525226012853,17.1575424880253));
#4112=CARTESIAN_POINT('Ctrl Pts',(39.5195521941394,-18.2525272295979,18.2597411109514));
#4113=CARTESIAN_POINT('Ctrl Pts',(38.575464274462,-18.2525231976541,19.1647658241753));
#4114=CARTESIAN_POINT('Ctrl Pts',(37.4308751503571,-18.2525101223112,19.9142059853082));
#4115=CARTESIAN_POINT('Ctrl Pts',(36.6017409353016,-18.2525006506029,20.4570964135375));
#4116=CARTESIAN_POINT('Ctrl Pts',(35.683505101512,-18.252486288899,20.8938195900917));
#4117=CARTESIAN_POINT('Ctrl Pts',(34.7298307442785,-18.2524677898026,21.194851557074));
#4118=CARTESIAN_POINT('',(42.3375071832219,-18.2659981473241,11.7082347959973));
#4119=CARTESIAN_POINT('Ctrl Pts',(42.3590384404515,-18.2743511633591,11.7099203431275));
#4120=CARTESIAN_POINT('Ctrl Pts',(42.3334854381513,-18.2765171810163,12.0256015102442));
#4121=CARTESIAN_POINT('Ctrl Pts',(42.293894468933,-18.2786689547046,12.3436887368056));
#4122=CARTESIAN_POINT('Ctrl Pts',(42.2397980846015,-18.2807878418544,12.6617021246264));
#4123=CARTESIAN_POINT('',(38.0799837297161,-18.2859794317172,2.06426477428602));
#4124=CARTESIAN_POINT('Ctrl Pts',(38.0824356428639,-18.2524851858984,2.06102794625684));
#4125=CARTESIAN_POINT('Ctrl Pts',(38.9847999958709,-18.2524966572676,2.75083193239696));
#4126=CARTESIAN_POINT('Ctrl Pts',(39.7427089081223,-18.2525045970471,3.53898984988563));
#4127=CARTESIAN_POINT('Ctrl Pts',(40.3994076101712,-18.2525094075983,4.47632139811019));
#4128=CARTESIAN_POINT('Ctrl Pts',(41.4001883935946,-18.2525167386729,5.9047746571662));
#4129=CARTESIAN_POINT('Ctrl Pts',(42.0684798977241,-18.2525152935291,7.63825473153508));
#4130=CARTESIAN_POINT('Ctrl Pts',(42.2902194810279,-18.2525055445018,9.35345353088977));
#4131=CARTESIAN_POINT('Ctrl Pts',(42.3929742906863,-18.2525010267724,10.1482819666965));
#4132=CARTESIAN_POINT('Ctrl Pts',(42.4081284064046,-18.2524950606016,10.9173509639188));
#4133=CARTESIAN_POINT('Ctrl Pts',(42.3391329389453,-18.2524873264666,11.7081557912643));
#4134=CARTESIAN_POINT('',(29.5343541880766,-18.2524792685245,-0.0225613268027701));
#4135=CARTESIAN_POINT('Ctrl Pts',(29.5343541880766,-18.2524792685245,-0.0225613268027701));
#4136=CARTESIAN_POINT('Ctrl Pts',(30.9229465940519,-18.2525038490631,-0.267402132374575));
#4137=CARTESIAN_POINT('Ctrl Pts',(32.2779320759479,-18.2525169141456,-0.24786167424426));
#4138=CARTESIAN_POINT('Ctrl Pts',(33.6646290526687,-18.2525189146865,0.0406749730228118));
#4139=CARTESIAN_POINT('Ctrl Pts',(35.2544719453627,-18.2525212082991,0.37148115897418));
#4140=CARTESIAN_POINT('Ctrl Pts',(36.8078830851112,-18.2525068523855,1.08667130804003));
#4141=CARTESIAN_POINT('Ctrl Pts',(38.0824031646136,-18.2524786966482,2.06101058380415));
#4142=CARTESIAN_POINT('',(21.3242455895403,-18.269676219351,6.56890036746676));
#4143=CARTESIAN_POINT('Ctrl Pts',(21.3223661070441,-18.2524584166389,6.56812140314116));
#4144=CARTESIAN_POINT('Ctrl Pts',(21.8040879772679,-18.2524924836962,5.40507150058157));
#4145=CARTESIAN_POINT('Ctrl Pts',(22.4947062074822,-18.2525153362626,4.32753886164779));
#4146=CARTESIAN_POINT('Ctrl Pts',(23.3015195971906,-18.2525260179997,3.43170068688115));
#4147=CARTESIAN_POINT('Ctrl Pts',(23.9403731484066,-18.2525344760468,2.72235524645485));
#4148=CARTESIAN_POINT('Ctrl Pts',(24.6636942029809,-18.252536057727,2.10042789440989));
#4149=CARTESIAN_POINT('Ctrl Pts',(25.4921660197526,-18.2525300707442,1.5648265111014));
#4150=CARTESIAN_POINT('Ctrl Pts',(26.7083534448796,-18.25252128192,0.778569629366278));
#4151=CARTESIAN_POINT('Ctrl Pts',(28.1157335403251,-18.252495276586,0.227535986828676));
#4152=CARTESIAN_POINT('Ctrl Pts',(29.5343579393974,-18.2524556259266,-0.0225400463109331));
#4153=CARTESIAN_POINT('',(20.9967209404433,-18.2687291183053,7.46896897212929));
#4154=CARTESIAN_POINT('Ctrl Pts',(20.9718634158203,-18.2788138311879,7.46114880357722));
#4155=CARTESIAN_POINT('Ctrl Pts',(21.0678161562801,-18.2789011477801,7.15626189097617));
#4156=CARTESIAN_POINT('Ctrl Pts',(21.1769591381379,-18.2794146258687,6.85479926847115));
#4157=CARTESIAN_POINT('Ctrl Pts',(21.2987319880699,-18.2803551929039,6.55855434944814));
#4158=CARTESIAN_POINT('',(23.0517796120231,-18.2725438693015,17.7910835545846));
#4159=CARTESIAN_POINT('Ctrl Pts',(23.0499535566926,-18.25245530363,17.7926151139521));
#4160=CARTESIAN_POINT('Ctrl Pts',(21.864683857626,-18.2525087090969,16.3801362647619));
#4161=CARTESIAN_POINT('Ctrl Pts',(21.000882905933,-18.252538541714,14.5611290305666));
#4162=CARTESIAN_POINT('Ctrl Pts',(20.6651991529511,-18.2525369142379,12.7124608126062));
#4163=CARTESIAN_POINT('Ctrl Pts',(20.4123272862584,-18.2525356882538,11.3198519090815));
#4164=CARTESIAN_POINT('Ctrl Pts',(20.4261373384524,-18.2525191410473,9.96091616433798));
#4165=CARTESIAN_POINT('Ctrl Pts',(20.7098871097135,-18.2524863504448,8.56969222261045));
#4166=CARTESIAN_POINT('Ctrl Pts',(20.78528074497,-18.2524776378291,8.20003754427714));
#4167=CARTESIAN_POINT('Ctrl Pts',(20.8803894756337,-18.25246778166,7.83169759205459));
#4168=CARTESIAN_POINT('Ctrl Pts',(20.9948385901973,-18.2524568482622,7.46838878835693));
#4169=CARTESIAN_POINT('',(23.3691389740589,-18.2723821415515,18.1527019034308));
#4170=CARTESIAN_POINT('Ctrl Pts',(23.3455295150622,-18.2847977016277,18.1743539909388));
#4171=CARTESIAN_POINT('Ctrl Pts',(23.2375255974839,-18.2848075109287,18.0565807808235));
#4172=CARTESIAN_POINT('Ctrl Pts',(23.1313043863141,-18.2849094425652,17.9357086474015));
#4173=CARTESIAN_POINT('Ctrl Pts',(23.0271571748064,-18.2851068731559,17.8118733510096));
#4174=CARTESIAN_POINT('Ctrl Pts',(31.4347083031386,-18.2525103464933,21.7026125033718));
#4175=CARTESIAN_POINT('Ctrl Pts',(31.3090016113022,-18.2525117757736,21.7026122779716));
#4176=CARTESIAN_POINT('Ctrl Pts',(31.1862098364387,-18.2525130910637,21.7005081057391));
#4177=CARTESIAN_POINT('Ctrl Pts',(31.0609873975264,-18.252514350432,21.6962297556186));
#4178=CARTESIAN_POINT('Ctrl Pts',(29.3497984402833,-18.2525315599453,21.6377652699801));
#4179=CARTESIAN_POINT('Ctrl Pts',(27.5356600900496,-18.2525330455434,21.1398558218099));
#4180=CARTESIAN_POINT('Ctrl Pts',(25.9843017256565,-18.2525164375065,20.2490231079267));
#4181=CARTESIAN_POINT('Ctrl Pts',(24.9864073939455,-18.2525057545681,19.6760046899453));
#4182=CARTESIAN_POINT('Ctrl Pts',(24.1137182361152,-18.2524884768752,18.9684290939702));
#4183=CARTESIAN_POINT('Ctrl Pts',(23.367310517707,-18.2524656835884,18.1543843012304));
#4184=CARTESIAN_POINT('Origin',(31.4347222310461,-21.7554141693056,10.7568899809012));
#4185=CARTESIAN_POINT('',(26.6057426814284,-21.7552942930964,1.48022909765214));
#4186=CARTESIAN_POINT('',(23.1351279578078,-21.7532296913553,4.38781737032511));
#4187=CARTESIAN_POINT('Ctrl Pts',(26.6057426814284,-21.7552942930964,1.48022909765214));
#4188=CARTESIAN_POINT('Ctrl Pts',(25.666609244192,-21.7553977517096,1.96930772560323));
#4189=CARTESIAN_POINT('Ctrl Pts',(24.8121099906954,-21.7554268845407,2.60121197572335));
#4190=CARTESIAN_POINT('Ctrl Pts',(24.0980900363121,-21.7553907155899,3.30402104428746));
#4191=CARTESIAN_POINT('Ctrl Pts',(23.7589547730328,-21.7553735365649,3.63783151700515));
#4192=CARTESIAN_POINT('Ctrl Pts',(23.4376997872186,-21.7553415120529,3.99945984369241));
#4193=CARTESIAN_POINT('Ctrl Pts',(23.1380144045455,-21.755293119908,4.3898409152325));
#4194=CARTESIAN_POINT('',(31.4347262023926,-21.7553744849057,0.298698154875572));
#4195=CARTESIAN_POINT('Ctrl Pts',(31.4347262023926,-21.7553744849058,0.298698154875651));
#4196=CARTESIAN_POINT('Ctrl Pts',(30.7418639958212,-21.755374402643,0.298705635293455));
#4197=CARTESIAN_POINT('Ctrl Pts',(30.0463000904613,-21.7553723177832,0.366582892389175));
#4198=CARTESIAN_POINT('Ctrl Pts',(29.3447305521517,-21.755368011962,0.50967362365658));
#4199=CARTESIAN_POINT('Ctrl Pts',(28.4010938457191,-21.755362220475,0.702135894324085));
#4200=CARTESIAN_POINT('Ctrl Pts',(27.4683008360271,-21.7553523943135,1.03132372033226));
#4201=CARTESIAN_POINT('Ctrl Pts',(26.6057779482313,-21.7553390317311,1.48029682520654));
#4202=CARTESIAN_POINT('',(31.4347252167435,-21.8891808730254,0.527078321485175));
#4203=CARTESIAN_POINT('',(31.4347261950496,-21.755416446508,0.298769775044569));
#4204=CARTESIAN_POINT('',(21.2050325597143,-21.8891810212966,10.7568867770978));
#4205=CARTESIAN_POINT('Origin',(31.4348395022377,-21.889181087225,10.7568852633703));
#4206=CARTESIAN_POINT('',(41.6646464447612,-21.8891811531534,10.7568851785441));
#4207=CARTESIAN_POINT('Origin',(31.4348395022377,-21.889181087225,10.7568852633703));
#4208=CARTESIAN_POINT('Origin',(31.4348395022377,-21.889181087225,10.7568852633703));
#4209=CARTESIAN_POINT('',(36.2639240483644,-21.7553421510552,1.48031299404136));
#4210=CARTESIAN_POINT('Ctrl Pts',(36.263925600405,-21.7553401816464,1.48031001238338));
#4211=CARTESIAN_POINT('Ctrl Pts',(35.0830521734492,-21.7553581916125,0.865620295916795));
#4212=CARTESIAN_POINT('Ctrl Pts',(33.7675661401307,-21.7553694006591,0.480380983226951));
#4213=CARTESIAN_POINT('Ctrl Pts',(32.4801023940439,-21.755373063725,0.35106201207063));
#4214=CARTESIAN_POINT('Ctrl Pts',(32.1279645366245,-21.7553740656206,0.315691613824408));
#4215=CARTESIAN_POINT('Ctrl Pts',(31.7836999526379,-21.755374526339,0.298694387215313));
#4216=CARTESIAN_POINT('Ctrl Pts',(31.4347262023926,-21.7553744849058,0.29869815487565));
#4217=CARTESIAN_POINT('',(41.8538233677325,-21.7520884442583,9.84622232870637));
#4218=CARTESIAN_POINT('Ctrl Pts',(41.8533561349737,-21.7553467035383,9.84626320443671));
#4219=CARTESIAN_POINT('Ctrl Pts',(41.6981715986977,-21.7553631409716,8.07110577436575));
#4220=CARTESIAN_POINT('Ctrl Pts',(41.0389553790102,-21.7553720950746,6.2373962433007));
#4221=CARTESIAN_POINT('Ctrl Pts',(39.9973469137337,-21.7553711953448,4.75211225183459));
#4222=CARTESIAN_POINT('Ctrl Pts',(39.2242180843465,-21.7553705275248,3.64966741588075));
#4223=CARTESIAN_POINT('Ctrl Pts',(38.2953960600005,-21.7553652160096,2.74832458908278));
#4224=CARTESIAN_POINT('Ctrl Pts',(37.1635612373083,-21.7553549295317,2.00724837394056));
#4225=CARTESIAN_POINT('Ctrl Pts',(36.8741914252673,-21.7553522996461,1.81778160654277));
#4226=CARTESIAN_POINT('Ctrl Pts',(36.5734968582055,-21.7553493470916,1.64148039614774));
#4227=CARTESIAN_POINT('Ctrl Pts',(36.2639209439807,-21.7553460898729,1.48031895719988));
#4228=CARTESIAN_POINT('',(38.1566947600558,-21.7558707383872,18.7676703501834));
#4229=CARTESIAN_POINT('Ctrl Pts',(38.1559418199973,-21.7570432250257,18.7656897025837));
#4230=CARTESIAN_POINT('Ctrl Pts',(38.9444014870958,-21.7560515502444,18.1062129279009));
#4231=CARTESIAN_POINT('Ctrl Pts',(39.6171767566631,-21.7551670208139,17.3550793688193));
#4232=CARTESIAN_POINT('Ctrl Pts',(40.193239058036,-21.7543289249944,16.4754079993631));
#4233=CARTESIAN_POINT('Ctrl Pts',(41.1047908894651,-21.753002735488,15.0834300032809));
#4234=CARTESIAN_POINT('Ctrl Pts',(41.6851089958916,-21.7518837855122,13.419966433925));
#4235=CARTESIAN_POINT('Ctrl Pts',(41.8486037533592,-21.7510616956084,11.7967268117806));
#4236=CARTESIAN_POINT('Ctrl Pts',(41.9148397931899,-21.7507286452987,11.1391096139424));
#4237=CARTESIAN_POINT('Ctrl Pts',(41.9190622360803,-21.7504467596366,10.5019681650613));
#4238=CARTESIAN_POINT('Ctrl Pts',(41.8621156939377,-21.750195530393,9.84550664802769));
#4239=CARTESIAN_POINT('',(28.7288457963492,-21.7570931135939,20.8558928443497));
#4240=CARTESIAN_POINT('Ctrl Pts',(28.7288457963492,-21.7570931135939,20.8558928443497));
#4241=CARTESIAN_POINT('Ctrl Pts',(29.690283830379,-21.7553519133259,21.1165836840663));
#4242=CARTESIAN_POINT('Ctrl Pts',(30.6668690884836,-21.753813055851,21.2325135089189));
#4243=CARTESIAN_POINT('Ctrl Pts',(31.6149691722947,-21.7528357104488,21.217856516813));
#4244=CARTESIAN_POINT('Ctrl Pts',(33.3541332996465,-21.7510428996554,21.1909702045758));
#4245=CARTESIAN_POINT('Ctrl Pts',(35.2206278920993,-21.751258994464,20.6824360397148));
#4246=CARTESIAN_POINT('Ctrl Pts',(36.7862517581029,-21.7534620061519,19.7460121490521));
#4247=CARTESIAN_POINT('Ctrl Pts',(37.2741301859268,-21.7541485068512,19.4542045026092));
#4248=CARTESIAN_POINT('Ctrl Pts',(37.7340158182625,-21.7549847536539,19.1243145428665));
#4249=CARTESIAN_POINT('Ctrl Pts',(38.1566947600558,-21.7558707383872,18.7676703501834));
#4250=CARTESIAN_POINT('',(21.4637139877573,-21.7572344388542,13.9007538617135));
#4251=CARTESIAN_POINT('Ctrl Pts',(21.4606817774538,-21.7553695325251,13.901725512954));
#4252=CARTESIAN_POINT('Ctrl Pts',(21.9456073446522,-21.7532111133769,15.4519643774624));
#4253=CARTESIAN_POINT('Ctrl Pts',(22.8228323156105,-21.7517347821627,16.8983882184122));
#4254=CARTESIAN_POINT('Ctrl Pts',(23.8925637084763,-21.7518209054533,18.0104812893668));
#4255=CARTESIAN_POINT('Ctrl Pts',(24.6349071474265,-21.7518806709797,18.7822217470468));
#4256=CARTESIAN_POINT('Ctrl Pts',(25.5217985976491,-21.7526211666458,19.4618833210596));
#4257=CARTESIAN_POINT('Ctrl Pts',(26.5170592843751,-21.7538574656242,19.9896148209795));
#4258=CARTESIAN_POINT('Ctrl Pts',(27.2171221786763,-21.7547270740119,20.3608193166209));
#4259=CARTESIAN_POINT('Ctrl Pts',(27.9645887535846,-21.7558200175444,20.6533605018046));
#4260=CARTESIAN_POINT('Ctrl Pts',(28.7287358053641,-21.7568933865017,20.8562162908105));
#4261=CARTESIAN_POINT('Ctrl Pts',(23.1351279578078,-21.7532296913553,4.38781737032511));
#4262=CARTESIAN_POINT('Ctrl Pts',(22.0409702197442,-21.751228391603,5.80803444905843));
#4263=CARTESIAN_POINT('Ctrl Pts',(21.2954399612171,-21.7504701095474,7.60114762762654));
#4264=CARTESIAN_POINT('Ctrl Pts',(21.0615743611995,-21.7517869872397,9.37951939319293));
#4265=CARTESIAN_POINT('Ctrl Pts',(20.9186044484604,-21.7525920388965,10.4666979099206));
#4266=CARTESIAN_POINT('Ctrl Pts',(20.9438842843962,-21.7539825153739,11.5228320796756));
#4267=CARTESIAN_POINT('Ctrl Pts',(21.1425805086492,-21.7555296404726,12.6109425344639));
#4268=CARTESIAN_POINT('Ctrl Pts',(21.2216090255939,-21.7561449868515,13.04372255249));
#4269=CARTESIAN_POINT('Ctrl Pts',(21.3289110338314,-21.7567742852414,13.4758264939067));
#4270=CARTESIAN_POINT('Ctrl Pts',(21.4639090559883,-21.7573550809271,13.9006913552984));
#4271=CARTESIAN_POINT('Ctrl Pts',(41.5326865649861,-22.5970826456936,10.7568851668333));
#4272=CARTESIAN_POINT('Ctrl Pts',(41.5326866487181,-22.5970828571294,20.8547322335684));
#4273=CARTESIAN_POINT('Ctrl Pts',(31.434839581983,-22.5970827920515,20.8547323173004));
#4274=CARTESIAN_POINT('Ctrl Pts',(21.3369925152479,-22.5970827269736,20.8547324010324));
#4275=CARTESIAN_POINT('Ctrl Pts',(21.3369924315159,-22.5970825155377,10.7568853342972));
#4276=CARTESIAN_POINT('Ctrl Pts',(21.3369923477839,-22.5970823041019,0.659038267562124));
#4277=CARTESIAN_POINT('Ctrl Pts',(31.434839414519,-22.5970823691799,0.659038183830137));
#4278=CARTESIAN_POINT('Ctrl Pts',(41.5326864812541,-22.5970824342578,0.659038100098155));
#4279=CARTESIAN_POINT('Ctrl Pts',(41.5326865649861,-22.5970826456936,10.7568851668333));
#4280=CARTESIAN_POINT('Ctrl Pts',(41.4358289306338,-22.4679173270639,10.7568851699729));
#4281=CARTESIAN_POINT('Ctrl Pts',(41.4358290135626,-22.4679175364716,20.7578746016282));
#4282=CARTESIAN_POINT('Ctrl Pts',(31.4348395819073,-22.4679174720179,20.757874684557));
#4283=CARTESIAN_POINT('Ctrl Pts',(21.4338501502519,-22.4679174075642,20.7578747674859));
#4284=CARTESIAN_POINT('Ctrl Pts',(21.4338500673231,-22.4679171981564,10.7568853358305));
#4285=CARTESIAN_POINT('Ctrl Pts',(21.4338499843943,-22.4679169887487,0.755895904175198));
#4286=CARTESIAN_POINT('Ctrl Pts',(31.4348394160496,-22.4679170532024,0.755895821246362));
#4287=CARTESIAN_POINT('Ctrl Pts',(41.4358288477049,-22.4679171176561,0.755895738317529));
#4288=CARTESIAN_POINT('Ctrl Pts',(41.4358289306338,-22.4679173270639,10.7568851699729));
#4289=CARTESIAN_POINT('Ctrl Pts',(41.4358289315663,-22.3023293502223,10.7568851729681));
#4290=CARTESIAN_POINT('Ctrl Pts',(41.4358290144952,-22.3023295596301,20.7578746046235));
#4291=CARTESIAN_POINT('Ctrl Pts',(31.4348395828398,-22.3023294951764,20.7578746875523));
#4292=CARTESIAN_POINT('Ctrl Pts',(21.4338501511845,-22.3023294307227,20.7578747704811));
#4293=CARTESIAN_POINT('Ctrl Pts',(21.4338500682557,-22.3023292213149,10.7568853388258));
#4294=CARTESIAN_POINT('Ctrl Pts',(21.4338499853268,-22.3023290119072,0.755895907170471));
#4295=CARTESIAN_POINT('Ctrl Pts',(31.4348394169822,-22.3023290763609,0.755895824241635));
#4296=CARTESIAN_POINT('Ctrl Pts',(41.4358288486375,-22.3023291408146,0.755895741312802));
#4297=CARTESIAN_POINT('Ctrl Pts',(41.4358289315663,-22.3023293502223,10.7568851729681));
#4298=CARTESIAN_POINT('Ctrl Pts',(41.4358289342192,-21.8312735982551,10.7568851814889));
#4299=CARTESIAN_POINT('Ctrl Pts',(41.435829017148,-21.8312738076628,20.7578746131443));
#4300=CARTESIAN_POINT('Ctrl Pts',(31.4348395854927,-21.8312737432091,20.7578746960731));
#4301=CARTESIAN_POINT('Ctrl Pts',(21.4338501538374,-21.8312736787554,20.7578747790019));
#4302=CARTESIAN_POINT('Ctrl Pts',(21.4338500709085,-21.8312734693477,10.7568853473466));
#4303=CARTESIAN_POINT('Ctrl Pts',(21.4338499879797,-21.8312732599399,0.755895915691263));
#4304=CARTESIAN_POINT('Ctrl Pts',(31.434839419635,-21.8312733243936,0.755895832762426));
#4305=CARTESIAN_POINT('Ctrl Pts',(41.4358288512904,-21.8312733888473,0.755895749833594));
#4306=CARTESIAN_POINT('Ctrl Pts',(41.4358289342192,-21.8312735982551,10.7568851814889));
#4307=CARTESIAN_POINT('Ctrl Pts',(41.8761718511582,-21.831273601093,10.7568851778376));
#4308=CARTESIAN_POINT('Ctrl Pts',(41.8761719377383,-21.8312738197209,21.1982175264319));
#4309=CARTESIAN_POINT('Ctrl Pts',(31.434839589144,-21.8312737524293,21.1982176130121));
#4310=CARTESIAN_POINT('Ctrl Pts',(20.9935072405497,-21.8312736851377,21.1982176995923));
#4311=CARTESIAN_POINT('Ctrl Pts',(20.9935071539695,-21.8312734665098,10.7568853509979));
#4312=CARTESIAN_POINT('Ctrl Pts',(20.9935070673894,-21.8312732478818,0.315553002403645));
#4313=CARTESIAN_POINT('Ctrl Pts',(31.4348394159837,-21.8312733151734,0.315552915823457));
#4314=CARTESIAN_POINT('Ctrl Pts',(41.876171764578,-21.831273382465,0.315552829243272));
#4315=CARTESIAN_POINT('Ctrl Pts',(41.8761718511582,-21.831273601093,10.7568851778376));
#4316=CARTESIAN_POINT('Ctrl Pts',(42.3165147680971,-21.8312736039309,10.7568851741862));
#4317=CARTESIAN_POINT('Ctrl Pts',(42.3165148583287,-21.831273831779,21.6385604397195));
#4318=CARTESIAN_POINT('Ctrl Pts',(31.4348395927954,-21.8312737616496,21.638560529951));
#4319=CARTESIAN_POINT('Ctrl Pts',(20.5531643272621,-21.8312736915201,21.6385606201826));
#4320=CARTESIAN_POINT('Ctrl Pts',(20.5531642370306,-21.8312734636719,10.7568853546493));
#4321=CARTESIAN_POINT('Ctrl Pts',(20.553164146799,-21.8312732358237,-0.124789910883973));
#4322=CARTESIAN_POINT('Ctrl Pts',(31.4348394123323,-21.8312733059532,-0.124790001115513));
#4323=CARTESIAN_POINT('Ctrl Pts',(42.3165146778656,-21.8312733760827,-0.124790091347049));
#4324=CARTESIAN_POINT('Ctrl Pts',(42.3165147680971,-21.8312736039309,10.7568851741862));
#4325=CARTESIAN_POINT('Ctrl Pts',(42.3165147654443,-22.3023293558981,10.7568851656654));
#4326=CARTESIAN_POINT('Ctrl Pts',(42.3165148556758,-22.3023295837463,21.6385604311987));
#4327=CARTESIAN_POINT('Ctrl Pts',(31.4348395901425,-22.3023295136168,21.6385605214302));
#4328=CARTESIAN_POINT('Ctrl Pts',(20.5531643246093,-22.3023294434873,21.6385606116618));
#4329=CARTESIAN_POINT('Ctrl Pts',(20.5531642343777,-22.3023292156391,10.7568853461285));
#4330=CARTESIAN_POINT('Ctrl Pts',(20.5531641441462,-22.302328987791,-0.124789919404764));
#4331=CARTESIAN_POINT('Ctrl Pts',(31.4348394096795,-22.3023290579205,-0.124790009636304));
#4332=CARTESIAN_POINT('Ctrl Pts',(42.3165146752127,-22.3023291280499,-0.12479009986784));
#4333=CARTESIAN_POINT('Ctrl Pts',(42.3165147654443,-22.3023293558981,10.7568851656654));
#4334=CARTESIAN_POINT('Ctrl Pts',(42.3165147627914,-22.7733851078653,10.7568851571446));
#4335=CARTESIAN_POINT('Ctrl Pts',(42.3165148530229,-22.7733853357135,21.6385604226779));
#4336=CARTESIAN_POINT('Ctrl Pts',(31.4348395874897,-22.773385265584,21.6385605129094));
#4337=CARTESIAN_POINT('Ctrl Pts',(20.5531643219564,-22.7733851954545,21.638560603141));
#4338=CARTESIAN_POINT('Ctrl Pts',(20.5531642317249,-22.7733849676064,10.7568853376077));
#4339=CARTESIAN_POINT('Ctrl Pts',(20.5531641414933,-22.7733847397582,-0.124789927925556));
#4340=CARTESIAN_POINT('Ctrl Pts',(31.4348394070266,-22.7733848098877,-0.124790018157096));
#4341=CARTESIAN_POINT('Ctrl Pts',(42.3165146725599,-22.7733848800172,-0.124790108388632));
#4342=CARTESIAN_POINT('Ctrl Pts',(42.3165147627914,-22.7733851078653,10.7568851571446));
#4343=CARTESIAN_POINT('Ctrl Pts',(41.8761718458524,-22.7733851050275,10.756885160796));
#4344=CARTESIAN_POINT('Ctrl Pts',(41.8761719324326,-22.7733853236554,21.1982175093903));
#4345=CARTESIAN_POINT('Ctrl Pts',(31.4348395838383,-22.7733852563638,21.1982175959705));
#4346=CARTESIAN_POINT('Ctrl Pts',(20.993507235244,-22.7733851890722,21.1982176825507));
#4347=CARTESIAN_POINT('Ctrl Pts',(20.9935071486638,-22.7733849704442,10.7568853339564));
#4348=CARTESIAN_POINT('Ctrl Pts',(20.9935070620836,-22.7733847518163,0.315552985362062));
#4349=CARTESIAN_POINT('Ctrl Pts',(31.4348394106779,-22.7733848191079,0.315552898781874));
#4350=CARTESIAN_POINT('Ctrl Pts',(41.8761717592722,-22.7733848863995,0.315552812201689));
#4351=CARTESIAN_POINT('Ctrl Pts',(41.8761718458524,-22.7733851050275,10.756885160796));
#4352=CARTESIAN_POINT('Ctrl Pts',(41.6648910854476,-22.7733851036658,10.7568851625479));
#4353=CARTESIAN_POINT('Ctrl Pts',(41.6648911702758,-22.7733853178698,20.9869367507374));
#4354=CARTESIAN_POINT('Ctrl Pts',(31.4348395820864,-22.7733852519399,20.9869368355656));
#4355=CARTESIAN_POINT('Ctrl Pts',(21.2047879938969,-22.7733851860099,20.9869369203938));
#4356=CARTESIAN_POINT('Ctrl Pts',(21.2047879090687,-22.7733849718059,10.7568853322044));
#4357=CARTESIAN_POINT('Ctrl Pts',(21.2047878242405,-22.7733847576019,0.526833744014973));
#4358=CARTESIAN_POINT('Ctrl Pts',(31.4348394124299,-22.7733848235318,0.526833659186738));
#4359=CARTESIAN_POINT('Ctrl Pts',(41.6648910006193,-22.7733848894618,0.526833574358508));
#4360=CARTESIAN_POINT('Ctrl Pts',(41.6648910854476,-22.7733851036658,10.7568851625479));
#4361=CARTESIAN_POINT('Ctrl Pts',(41.5326865649861,-22.5970826456936,10.7568851668333));
#4362=CARTESIAN_POINT('Ctrl Pts',(41.5326866487181,-22.5970828571294,20.8547322335684));
#4363=CARTESIAN_POINT('Ctrl Pts',(31.434839581983,-22.5970827920515,20.8547323173004));
#4364=CARTESIAN_POINT('Ctrl Pts',(21.3369925152479,-22.5970827269736,20.8547324010324));
#4365=CARTESIAN_POINT('Ctrl Pts',(21.3369924315159,-22.5970825155377,10.7568853342972));
#4366=CARTESIAN_POINT('Ctrl Pts',(21.3369923477839,-22.5970823041019,0.659038267562124));
#4367=CARTESIAN_POINT('Ctrl Pts',(31.434839414519,-22.5970823691799,0.659038183830137));
#4368=CARTESIAN_POINT('Ctrl Pts',(41.5326864812541,-22.5970824342578,0.659038100098155));
#4369=CARTESIAN_POINT('Ctrl Pts',(41.5326865649861,-22.5970826456936,10.7568851668333));
#4370=CARTESIAN_POINT('',(21.3369918088389,-22.5970779317297,10.756885471953));
#4371=CARTESIAN_POINT('',(41.5324322467965,-22.596746263025,10.7568851670973));
#4372=CARTESIAN_POINT('Origin',(31.434712027882,-22.5969120973793,10.7568891012689));
#4373=CARTESIAN_POINT('',(31.4347321045609,-22.5969172723284,20.8546093214814));
#4374=CARTESIAN_POINT('Origin',(31.434712027882,-22.5969120973793,10.7568891012689));
#4375=CARTESIAN_POINT('Origin',(31.434712027882,-22.5969120973793,10.7568891012689));
#4376=CARTESIAN_POINT('Ctrl Pts',(41.5324337102526,-22.5967451317706,10.7568851668415));
#4377=CARTESIAN_POINT('Ctrl Pts',(41.3761994429217,-22.3880052051196,10.7568851719128));
#4378=CARTESIAN_POINT('Ctrl Pts',(41.4167178805842,-22.0757650217296,10.7568851772249));
#4379=CARTESIAN_POINT('Ctrl Pts',(41.6188701747112,-21.9200569996507,10.7568851783652));
#4380=CARTESIAN_POINT('Ctrl Pts',(41.6336100011824,-21.9087036324503,10.7568851784483));
#4381=CARTESIAN_POINT('Ctrl Pts',(41.6489338413469,-21.8983870776662,10.7568851785079));
#4382=CARTESIAN_POINT('Ctrl Pts',(41.6646464447612,-21.8891811531534,10.7568851785441));
#4383=CARTESIAN_POINT('Origin',(31.4347253440236,-22.8140432057676,10.7568886847234));
#4384=CARTESIAN_POINT('',(31.4347355517866,-22.8143109991333,21.0174704728831));
#4385=CARTESIAN_POINT('',(31.4347355440645,-22.8140480379868,21.0172734747648));
#4386=CARTESIAN_POINT('Ctrl Pts',(36.9477958700758,-22.8141766132795,19.4104900824872));
#4387=CARTESIAN_POINT('Ctrl Pts',(35.4252890338039,-22.8143502920441,20.3805881984988));
#4388=CARTESIAN_POINT('Ctrl Pts',(33.5829207780295,-22.8144011890496,20.9397818659735));
#4389=CARTESIAN_POINT('Ctrl Pts',(31.8451626563229,-22.8143299572114,21.0092770216165));
#4390=CARTESIAN_POINT('Ctrl Pts',(31.7075428294942,-22.814324316085,21.0147806133796));
#4391=CARTESIAN_POINT('Ctrl Pts',(31.5723483314505,-22.8143180704974,21.0174771898542));
#4392=CARTESIAN_POINT('Ctrl Pts',(31.4347355517866,-22.8143109991331,21.0174704728829));
#4393=CARTESIAN_POINT('Ctrl Pts',(41.5394527958538,-22.8141857322358,12.5386020480957));
#4394=CARTESIAN_POINT('Ctrl Pts',(41.2284846091562,-22.8143440319226,14.3028718803569));
#4395=CARTESIAN_POINT('Ctrl Pts',(40.4034038080243,-22.8143923573751,16.0422694564236));
#4396=CARTESIAN_POINT('Ctrl Pts',(39.2680762683228,-22.8143254642752,17.3841217916144));
#4397=CARTESIAN_POINT('Ctrl Pts',(38.7913210476163,-22.814297374025,17.9476024470626));
#4398=CARTESIAN_POINT('Ctrl Pts',(38.2734532457674,-22.8142520344952,18.4425191087879));
#4399=CARTESIAN_POINT('Ctrl Pts',(37.6814111302651,-22.8141862022432,18.8967905183969));
#4400=CARTESIAN_POINT('Ctrl Pts',(39.5750431632721,-22.8141910654179,4.51069549271095));
#4401=CARTESIAN_POINT('Ctrl Pts',(40.6033367406161,-22.8143320379977,5.85062177392666));
#4402=CARTESIAN_POINT('Ctrl Pts',(41.3196380015376,-22.814382793806,7.52455120316095));
#4403=CARTESIAN_POINT('Ctrl Pts',(41.5767852743773,-22.8143316279481,9.20095951646238));
#4404=CARTESIAN_POINT('Ctrl Pts',(41.7036223192515,-22.8143063905573,10.0278423922307));
#4405=CARTESIAN_POINT('Ctrl Pts',(41.7282306976023,-22.8142601872564,10.8290321140993));
#4406=CARTESIAN_POINT('Ctrl Pts',(41.656335707426,-22.8141914489705,11.6506573396836));
#4407=CARTESIAN_POINT('',(35.7711284161706,-22.8142326410475,1.45769030920788));
#4408=CARTESIAN_POINT('Ctrl Pts',(35.7711026609514,-22.8141111266205,1.45777874456984));
#4409=CARTESIAN_POINT('Ctrl Pts',(36.7732370794663,-22.8144485887514,1.92480455716344));
#4410=CARTESIAN_POINT('Ctrl Pts',(37.6932576653266,-22.8145003756991,2.55789621410465));
#4411=CARTESIAN_POINT('Ctrl Pts',(38.4605320029891,-22.8142991434805,3.27897746532865));
#4412=CARTESIAN_POINT('Ctrl Pts',(38.6476325603607,-22.8142500728177,3.45481379581935));
#4413=CARTESIAN_POINT('Ctrl Pts',(38.8253077692473,-22.814187160959,3.63472901870983));
#4414=CARTESIAN_POINT('Ctrl Pts',(38.9993474541859,-22.8141082822393,3.82473212323529));
#4415=CARTESIAN_POINT('',(26.6974296865406,-22.8142345626397,1.65549131133464));
#4416=CARTESIAN_POINT('Ctrl Pts',(26.6974296865406,-22.8142345626397,1.65549131133464));
#4417=CARTESIAN_POINT('Ctrl Pts',(27.9586829356893,-22.8142915135871,0.998942016027947));
#4418=CARTESIAN_POINT('Ctrl Pts',(29.377408204445,-22.8143236760649,0.611694411229658));
#4419=CARTESIAN_POINT('Ctrl Pts',(30.7447488954071,-22.8143290643151,0.519519044922311));
#4420=CARTESIAN_POINT('Ctrl Pts',(31.6526510206824,-22.8143326420657,0.458315416944573));
#4421=CARTESIAN_POINT('Ctrl Pts',(32.5502981204562,-22.8143255622972,0.514350036409982));
#4422=CARTESIAN_POINT('Ctrl Pts',(33.4666264381524,-22.8143066937368,0.699480018509197));
#4423=CARTESIAN_POINT('Ctrl Pts',(34.2541143815055,-22.8142904781909,0.858579793165135));
#4424=CARTESIAN_POINT('Ctrl Pts',(35.0345937119588,-22.8142654945255,1.1142112760949));
#4425=CARTESIAN_POINT('Ctrl Pts',(35.7711284161706,-22.8142326410475,1.45769030920788));
#4426=CARTESIAN_POINT('',(21.7935115955843,-22.8136414206734,7.24774277530241));
#4427=CARTESIAN_POINT('Ctrl Pts',(21.7931242424558,-22.8141918355029,7.24760143731933));
#4428=CARTESIAN_POINT('Ctrl Pts',(22.2145031730749,-22.8142975683207,6.08963599476376));
#4429=CARTESIAN_POINT('Ctrl Pts',(22.8553443834055,-22.8143529296941,5.00470039716573));
#4430=CARTESIAN_POINT('Ctrl Pts',(23.6271872567658,-22.8143567546737,4.09949418276389));
#4431=CARTESIAN_POINT('Ctrl Pts',(24.2849605223469,-22.8143600143647,3.32806716280693));
#4432=CARTESIAN_POINT('Ctrl Pts',(25.0364561554818,-22.8143290403613,2.66841720864292));
#4433=CARTESIAN_POINT('Ctrl Pts',(25.9135418964209,-22.814260136237,2.10852782403803));
#4434=CARTESIAN_POINT('Ctrl Pts',(26.1669169544081,-22.8142402310149,1.9467853641289));
#4435=CARTESIAN_POINT('Ctrl Pts',(26.4287739777951,-22.8142172096526,1.79534528523379));
#4436=CARTESIAN_POINT('Ctrl Pts',(26.6974446892696,-22.8141911711906,1.65552014855898));
#4437=CARTESIAN_POINT('',(21.5240692316521,-22.8155181345403,8.10162228692874));
#4438=CARTESIAN_POINT('Ctrl Pts',(21.5214230786255,-22.8176066873749,8.10086900928668));
#4439=CARTESIAN_POINT('Ctrl Pts',(21.6002822302227,-22.8154150191595,7.81287624702526));
#4440=CARTESIAN_POINT('Ctrl Pts',(21.6921129580308,-22.8125977283878,7.52862874179992));
#4441=CARTESIAN_POINT('Ctrl Pts',(21.7966315200617,-22.8091619985313,7.24898219949471));
#4442=CARTESIAN_POINT('',(22.3343686014672,-22.8131597474234,15.4943274235462));
#4443=CARTESIAN_POINT('Ctrl Pts',(22.3336822343555,-22.8141953480419,15.4946838298933));
#4444=CARTESIAN_POINT('Ctrl Pts',(21.6500987150879,-22.8143189658471,14.1817424151368));
#4445=CARTESIAN_POINT('Ctrl Pts',(21.259845100433,-22.8143713182957,12.6976659219588));
#4446=CARTESIAN_POINT('Ctrl Pts',(21.1875392531483,-22.8143522749861,11.2794235710307));
#4447=CARTESIAN_POINT('Ctrl Pts',(21.139477537547,-22.8143396168932,10.3367175094363));
#4448=CARTESIAN_POINT('Ctrl Pts',(21.2184739974603,-22.814297754014,9.39264019892488));
#4449=CARTESIAN_POINT('Ctrl Pts',(21.4392828573271,-22.8142233067778,8.44019031515873));
#4450=CARTESIAN_POINT('Ctrl Pts',(21.4655129967785,-22.8142144631046,8.32704769358662));
#4451=CARTESIAN_POINT('Ctrl Pts',(21.4937156128138,-22.81420517521,8.21413368454976));
#4452=CARTESIAN_POINT('Ctrl Pts',(21.5238803814537,-22.8141954490907,8.10157179241557));
#4453=CARTESIAN_POINT('',(22.7815643736948,-22.8155439782234,16.2700071568627));
#4454=CARTESIAN_POINT('Ctrl Pts',(22.7791433991604,-22.8176997106438,16.2714663483398));
#4455=CARTESIAN_POINT('Ctrl Pts',(22.6210559366525,-22.8142186485699,16.0184786345824));
#4456=CARTESIAN_POINT('Ctrl Pts',(22.4742252908955,-22.8101484634407,15.7580828057682));
#4457=CARTESIAN_POINT('Ctrl Pts',(22.3395362751488,-22.8055416154411,15.4918896745493));
#4458=CARTESIAN_POINT('',(28.7793728214026,-22.8135323441699,20.6672901732979));
#4459=CARTESIAN_POINT('Ctrl Pts',(28.779246203852,-22.8141830932986,20.6677609504089));
#4460=CARTESIAN_POINT('Ctrl Pts',(27.2761358210482,-22.8143269645762,20.2651177482262));
#4461=CARTESIAN_POINT('Ctrl Pts',(25.8441509561732,-22.8143841766077,19.4913840009306));
#4462=CARTESIAN_POINT('Ctrl Pts',(24.7074168608192,-22.8143527636226,18.5042726404447));
#4463=CARTESIAN_POINT('Ctrl Pts',(23.9646680720866,-22.8143322381921,17.8592882326209));
#4464=CARTESIAN_POINT('Ctrl Pts',(23.3252207484184,-22.8142774736311,17.1238062621487));
#4465=CARTESIAN_POINT('Ctrl Pts',(22.7814022818715,-22.8141842024819,16.2701105606335));
#4466=CARTESIAN_POINT('',(29.6535998647619,-22.8159876854192,20.861281988834));
#4467=CARTESIAN_POINT('Ctrl Pts',(29.6528631688351,-22.8188674010075,20.8650117781769));
#4468=CARTESIAN_POINT('Ctrl Pts',(29.3593077908841,-22.8159715079035,20.8110575075259));
#4469=CARTESIAN_POINT('Ctrl Pts',(29.0679954270064,-22.8124685766409,20.74379685647));
#4470=CARTESIAN_POINT('Ctrl Pts',(28.7804962107669,-22.8083992674166,20.663610103172));
#4471=CARTESIAN_POINT('Ctrl Pts',(31.4347355517866,-22.8143109991331,21.0174704728829));
#4472=CARTESIAN_POINT('Ctrl Pts',(30.8453910524222,-22.8142807151024,21.0174417065862));
#4473=CARTESIAN_POINT('Ctrl Pts',(30.2527922444238,-22.8142372408238,20.9672473851549));
#4474=CARTESIAN_POINT('Ctrl Pts',(29.6535498748206,-22.8141790987124,20.8615664416876));
#4475=CARTESIAN_POINT('Origin',(31.4334780370574,-20.8135421779322,10.7556905891617));
#4476=CARTESIAN_POINT('',(26.8663510033224,-24.5147114676248,1.98177313248501));
#4477=CARTESIAN_POINT('',(26.6109724907927,-21.9437775019169,1.48849260910083));
#4478=CARTESIAN_POINT('',(22.2994161867651,-24.5151046554589,6.97389785259375));
#4479=CARTESIAN_POINT('Ctrl Pts',(22.2950394638433,-24.5158852147262,6.9710576277615));
#4480=CARTESIAN_POINT('Ctrl Pts',(22.4051608107487,-24.5158852404433,6.70518895819851));
#4481=CARTESIAN_POINT('Ctrl Pts',(22.5877674210924,-24.515885202005,6.31360402975988));
#4482=CARTESIAN_POINT('Ctrl Pts',(22.8646643191231,-24.5158854487342,5.80889015009475));
#4483=CARTESIAN_POINT('Ctrl Pts',(23.0886476462283,-24.515885369912,5.43977280294975));
#4484=CARTESIAN_POINT('Ctrl Pts',(23.328520346115,-24.5158856319094,5.08077906445551));
#4485=CARTESIAN_POINT('Ctrl Pts',(23.583826241287,-24.5158837450621,4.73259091471922));
#4486=CARTESIAN_POINT('Ctrl Pts',(23.8540725851933,-24.5158869507419,4.39586769012761));
#4487=CARTESIAN_POINT('Ctrl Pts',(24.1387537748279,-24.5158844701197,4.07125590569667));
#4488=CARTESIAN_POINT('Ctrl Pts',(24.4373180196222,-24.5158836606575,3.75936568855258));
#4489=CARTESIAN_POINT('Ctrl Pts',(24.7492072651924,-24.5158850901833,3.46079891628465));
#4490=CARTESIAN_POINT('Ctrl Pts',(25.0738198968974,-24.5158862325962,3.17611924232049));
#4491=CARTESIAN_POINT('Ctrl Pts',(25.410543272663,-24.5158831099463,2.90587309701511));
#4492=CARTESIAN_POINT('Ctrl Pts',(25.758734091131,-24.5158842602624,2.65057043218823));
#4493=CARTESIAN_POINT('Ctrl Pts',(26.2372808475866,-24.5158869989099,2.33081091494319));
#4494=CARTESIAN_POINT('Ctrl Pts',(26.6113387374559,-24.515882690039,2.1148303246006));
#4495=CARTESIAN_POINT('Ctrl Pts',(26.8664715270931,-24.5158848721275,1.98200568447054));
#4496=CARTESIAN_POINT('',(22.1386044224157,-24.5158853719441,7.37333215668069));
#4497=CARTESIAN_POINT('',(22.1386044224157,-24.5158853719441,7.37333215668069));
#4498=CARTESIAN_POINT('',(21.7930565994634,-22.8142943727589,7.24756202471469));
#4499=CARTESIAN_POINT('Origin',(31.4332083909167,-20.8308187561278,10.757056464889));
#4500=CARTESIAN_POINT('',(21.7764926269903,-24.5158848939374,8.61568190551977));
#4501=CARTESIAN_POINT('',(21.7764926269903,-24.5158848939374,8.61568190551977));
#4502=CARTESIAN_POINT('',(22.2500572052276,-24.5150076424337,14.4172326472146));
#4503=CARTESIAN_POINT('Ctrl Pts',(22.2000182790299,-24.5158858975785,14.2979868993098));
#4504=CARTESIAN_POINT('Ctrl Pts',(22.0532874010522,-24.5158855824968,13.908565662666));
#4505=CARTESIAN_POINT('Ctrl Pts',(21.7710546913801,-24.5158858831587,13.0318333714631));
#4506=CARTESIAN_POINT('Ctrl Pts',(21.5427870063364,-24.5158857977651,11.6223279227296));
#4507=CARTESIAN_POINT('Ctrl Pts',(21.5216003702325,-24.5158844511847,10.106819330957));
#4508=CARTESIAN_POINT('Ctrl Pts',(21.6737039893303,-24.5158848414849,9.1086392023089));
#4509=CARTESIAN_POINT('Ctrl Pts',(21.7764926269903,-24.5158848939374,8.61568190551977));
#4510=CARTESIAN_POINT('',(22.6633924452401,-24.5350175418703,15.3211136333641));
#4511=CARTESIAN_POINT('Origin',(31.3334886866202,-21.9740872171277,10.8523232740539));
#4512=CARTESIAN_POINT('',(22.3335988405599,-22.8142945211239,15.4946905432003));
#4513=CARTESIAN_POINT('Origin',(31.4333657302613,-20.6041323992666,10.7588946041018));
#4514=CARTESIAN_POINT('',(23.3323365628103,-24.5296858456704,16.4295134368036));
#4515=CARTESIAN_POINT('',(23.3310923174276,-24.5158851376281,16.4311911884393));
#4516=CARTESIAN_POINT('',(27.601195668265,-24.4775649105014,19.8818973492705));
#4517=CARTESIAN_POINT('Origin',(31.3209773401689,-21.8996177959344,10.8655158277852));
#4518=CARTESIAN_POINT('',(28.8743821628942,-24.5158846127616,20.3126432667215));
#4519=CARTESIAN_POINT('Ctrl Pts',(28.8743821628942,-24.5158846127616,20.3126432667215));
#4520=CARTESIAN_POINT('Ctrl Pts',(28.6666743595298,-24.5158854969079,20.2540619942704));
#4521=CARTESIAN_POINT('Ctrl Pts',(28.2514106503818,-24.5158849384506,20.1349700039428));
#4522=CARTESIAN_POINT('Ctrl Pts',(27.8494608561487,-24.5158847762579,19.9766565051733));
#4523=CARTESIAN_POINT('Ctrl Pts',(27.6490137127294,-24.5158858765253,19.896686262238));
#4524=CARTESIAN_POINT('',(28.7792061832799,-22.8142952482581,20.6678360267866));
#4525=CARTESIAN_POINT('Origin',(31.4353647031013,-20.5699675079026,10.7595282512373));
#4526=CARTESIAN_POINT('',(30.1432275951425,-24.5377722428111,20.5611880494493));
#4527=CARTESIAN_POINT('',(30.1435631225957,-24.5158853263408,20.5650973084794));
#4528=CARTESIAN_POINT('Origin',(31.4341831168281,-21.9097636558777,10.9142843129041));
#4529=CARTESIAN_POINT('Origin',(31.4366830437151,-20.68461541654,10.7580067188939));
#4530=CARTESIAN_POINT('Origin',(31.4363568778058,-20.8531255270405,10.7564519661138));
#4531=CARTESIAN_POINT('Origin',(31.4321617892012,-21.824626355211,10.7612541841318));
#4532=CARTESIAN_POINT('Ctrl Pts',(35.7710745600475,-22.8142532640143,1.45779951754201));
#4533=CARTESIAN_POINT('Ctrl Pts',(35.58510465859,-23.3795742697531,1.50584407056475));
#4534=CARTESIAN_POINT('Ctrl Pts',(35.4021894247874,-23.9448530617913,1.55877240489786));
#4535=CARTESIAN_POINT('Ctrl Pts',(35.2225744073931,-24.5100958416372,1.61635420058809));
#4536=CARTESIAN_POINT('Origin',(31.4348671741334,-21.9322747325939,10.7574175688348));
#4537=CARTESIAN_POINT('Origin',(31.4361774775689,-24.5049656314368,10.7581282787486));
#4538=CARTESIAN_POINT('Origin',(31.4351789902903,-23.5213513446562,10.7571910835762));
#4539=CARTESIAN_POINT('',(22.5320549200617,-26.2016533447996,7.5160579738468));
#4540=CARTESIAN_POINT('Origin',(31.4354017626051,-26.2016534201513,10.7574001266201));
#4541=CARTESIAN_POINT('Ctrl Pts',(22.3005111933509,-24.5150993442325,6.97357692200251));
#4542=CARTESIAN_POINT('Ctrl Pts',(22.3585701111076,-25.0715750803923,7.16246302492667));
#4543=CARTESIAN_POINT('Ctrl Pts',(22.4356235213716,-25.6343191012766,7.3435880348137));
#4544=CARTESIAN_POINT('Ctrl Pts',(22.5320549200617,-26.2016533447996,7.5160579738468));
#4545=CARTESIAN_POINT('Ctrl Pts',(38.490822323229,-12.812076427862,2.77175715185765));
#4546=CARTESIAN_POINT('Ctrl Pts',(36.1029283143454,-24.3107860082229,7.24257235205797));
#4547=CARTESIAN_POINT('Ctrl Pts',(45.0066245806966,-29.2600333482987,0.874663686941182));
#4548=CARTESIAN_POINT('Ctrl Pts',(53.9103208470477,-34.2092806883745,-5.49324497817561));
#4549=CARTESIAN_POINT('Ctrl Pts',(56.2982148559313,-22.7105711080136,-9.96406017837594));
#4550=CARTESIAN_POINT('Ctrl Pts',(58.6861088648149,-11.2118615276526,-14.4348753785763));
#4551=CARTESIAN_POINT('Ctrl Pts',(49.7824125984637,-6.26261418757681,-8.06696671345947));
#4552=CARTESIAN_POINT('Ctrl Pts',(40.8787163321126,-1.31336684750103,-1.69905804834267));
#4553=CARTESIAN_POINT('Ctrl Pts',(38.490822323229,-12.812076427862,2.77175715185765));
#4554=CARTESIAN_POINT('Ctrl Pts',(32.1540008627181,-14.6830369438833,-4.81776866269112));
#4555=CARTESIAN_POINT('Ctrl Pts',(29.7661068538346,-26.1817465242442,-0.346953462490797));
#4556=CARTESIAN_POINT('Ctrl Pts',(38.6698031201857,-31.13099386432,-6.71486212760759));
#4557=CARTESIAN_POINT('Ctrl Pts',(47.5734993865368,-36.0802412043958,-13.0827707927244));
#4558=CARTESIAN_POINT('Ctrl Pts',(49.9613933954204,-24.5815316240349,-17.5535859929247));
#4559=CARTESIAN_POINT('Ctrl Pts',(52.349287404304,-13.0828220436739,-22.024401193125));
#4560=CARTESIAN_POINT('Ctrl Pts',(43.4455911379529,-8.13357470359812,-15.6564925280082));
#4561=CARTESIAN_POINT('Ctrl Pts',(34.5418948716017,-3.18432736352234,-9.28858386289144));
#4562=CARTESIAN_POINT('Ctrl Pts',(32.1540008627181,-14.6830369438833,-4.81776866269112));
#4563=CARTESIAN_POINT('Ctrl Pts',(24.6314001834773,-10.5014914049941,0.562382750445828));
#4564=CARTESIAN_POINT('Ctrl Pts',(20.2260100071796,-31.7152898554143,8.81052328337228));
#4565=CARTESIAN_POINT('Ctrl Pts',(36.6523069527716,-40.8460827343793,-2.93753679488146));
#4566=CARTESIAN_POINT('Ctrl Pts',(53.0786038983636,-49.9768756133443,-14.6855968731352));
#4567=CARTESIAN_POINT('Ctrl Pts',(57.4839940746613,-28.7630771629241,-22.9337374060617));
#4568=CARTESIAN_POINT('Ctrl Pts',(61.8893842509589,-7.54927871250381,-31.1818779389881));
#4569=CARTESIAN_POINT('Ctrl Pts',(45.463087305367,1.58151416646118,-19.4338178607344));
#4570=CARTESIAN_POINT('Ctrl Pts',(29.036790359775,10.7123070454262,-7.68575778248063));
#4571=CARTESIAN_POINT('Ctrl Pts',(24.6314001834773,-10.5014914049941,0.562382750445828));
#4572=CARTESIAN_POINT('Ctrl Pts',(17.1087995042365,-6.31994586610489,5.94253416358278));
#4573=CARTESIAN_POINT('Ctrl Pts',(10.6859131605247,-37.2488331865844,17.9680000292354));
#4574=CARTESIAN_POINT('Ctrl Pts',(34.6348107853575,-50.5611716044386,0.839788537844674));
#4575=CARTESIAN_POINT('Ctrl Pts',(58.5837084101903,-63.8735100222928,-16.288422953546));
#4576=CARTESIAN_POINT('Ctrl Pts',(65.0065947539021,-32.9446227018133,-28.3138888191986));
#4577=CARTESIAN_POINT('Ctrl Pts',(71.4294810976139,-2.01573538133372,-40.3393546848512));
#4578=CARTESIAN_POINT('Ctrl Pts',(47.4805834727811,11.2966030365205,-23.2111431934605));
#4579=CARTESIAN_POINT('Ctrl Pts',(23.5316858479483,24.6089414543747,-6.08293170206982));
#4580=CARTESIAN_POINT('Ctrl Pts',(17.1087995042365,-6.31994586610489,5.94253416358278));
#4581=CARTESIAN_POINT('Ctrl Pts',(23.4456209647473,-4.44898535008358,13.5320599781315));
#4582=CARTESIAN_POINT('Ctrl Pts',(17.0227346210355,-35.3778726705631,25.5575258437841));
#4583=CARTESIAN_POINT('Ctrl Pts',(40.9716322458683,-48.6902110884173,8.42931435239345));
#4584=CARTESIAN_POINT('Ctrl Pts',(64.9205298707011,-62.0025495062715,-8.69889713899724));
#4585=CARTESIAN_POINT('Ctrl Pts',(71.343416214413,-31.073662185792,-20.7243630046498));
#4586=CARTESIAN_POINT('Ctrl Pts',(77.7663025581248,-0.144774865312408,-32.7498288703024));
#4587=CARTESIAN_POINT('Ctrl Pts',(53.817404933292,13.1675635525418,-15.6216173789117));
#4588=CARTESIAN_POINT('Ctrl Pts',(29.8685073084591,26.479901970396,1.50659411247895));
#4589=CARTESIAN_POINT('Ctrl Pts',(23.4456209647473,-4.44898535008358,13.5320599781315));
#4590=CARTESIAN_POINT('Ctrl Pts',(29.7824424252582,-2.57802483406227,21.1215857926803));
#4591=CARTESIAN_POINT('Ctrl Pts',(23.3595560815464,-33.5069121545418,33.1470516583329));
#4592=CARTESIAN_POINT('Ctrl Pts',(47.3084537063792,-46.819250572396,16.0188401669422));
#4593=CARTESIAN_POINT('Ctrl Pts',(71.257351331212,-60.1315889902502,-1.10937132444847));
#4594=CARTESIAN_POINT('Ctrl Pts',(77.6802376749238,-29.2027016697706,-13.1348371901011));
#4595=CARTESIAN_POINT('Ctrl Pts',(84.1031240186356,1.7261856507089,-25.1603030557536));
#4596=CARTESIAN_POINT('Ctrl Pts',(60.1542263938028,15.0385240685631,-8.03209156436296));
#4597=CARTESIAN_POINT('Ctrl Pts',(36.20532876897,28.3508624864173,9.09611992702773));
#4598=CARTESIAN_POINT('Ctrl Pts',(29.7824424252582,-2.57802483406227,21.1215857926803));
#4599=CARTESIAN_POINT('Ctrl Pts',(37.305043104499,-6.75957037295147,15.7414343795434));
#4600=CARTESIAN_POINT('Ctrl Pts',(32.8996529282013,-27.9733688233717,23.9895749124698));
#4601=CARTESIAN_POINT('Ctrl Pts',(49.3259498737933,-37.1041617023367,12.2415148342161));
#4602=CARTESIAN_POINT('Ctrl Pts',(65.7522468193853,-46.2349545813017,0.493454755962342));
#4603=CARTESIAN_POINT('Ctrl Pts',(70.157636995683,-25.0211561308814,-7.75468577696412));
#4604=CARTESIAN_POINT('Ctrl Pts',(74.5630271719807,-3.80735768046119,-16.0028263098906));
#4605=CARTESIAN_POINT('Ctrl Pts',(58.1367302263887,5.3234351985038,-4.25476623163683));
#4606=CARTESIAN_POINT('Ctrl Pts',(41.7104332807967,14.4542280774688,7.49329384661691));
#4607=CARTESIAN_POINT('Ctrl Pts',(37.305043104499,-6.75957037295147,15.7414343795434));
#4608=CARTESIAN_POINT('Ctrl Pts',(44.8276437837399,-10.9411159118407,10.3612829664064));
#4609=CARTESIAN_POINT('Ctrl Pts',(42.4397497748563,-22.4398254922016,14.8320981666067));
#4610=CARTESIAN_POINT('Ctrl Pts',(51.3434460412074,-27.3890728322774,8.46418950148996));
#4611=CARTESIAN_POINT('Ctrl Pts',(60.2471423075586,-32.3383201723532,2.09628083637316));
#4612=CARTESIAN_POINT('Ctrl Pts',(62.6350363164421,-20.8396105919922,-2.37453436382717));
#4613=CARTESIAN_POINT('Ctrl Pts',(65.0229303253257,-9.34090101163128,-6.84534956402749));
#4614=CARTESIAN_POINT('Ctrl Pts',(56.1192340589746,-4.3916536715555,-0.477440898910694));
#4615=CARTESIAN_POINT('Ctrl Pts',(47.2155377926234,0.557593668520285,5.8904677662061));
#4616=CARTESIAN_POINT('Ctrl Pts',(44.8276437837399,-10.9411159118407,10.3612829664064));
#4617=CARTESIAN_POINT('Ctrl Pts',(38.490822323229,-12.812076427862,2.77175715185765));
#4618=CARTESIAN_POINT('Ctrl Pts',(36.1029283143454,-24.3107860082229,7.24257235205798));
#4619=CARTESIAN_POINT('Ctrl Pts',(45.0066245806966,-29.2600333482987,0.874663686941183));
#4620=CARTESIAN_POINT('Ctrl Pts',(53.9103208470477,-34.2092806883745,-5.49324497817561));
#4621=CARTESIAN_POINT('Ctrl Pts',(56.2982148559313,-22.7105711080136,-9.96406017837594));
#4622=CARTESIAN_POINT('Ctrl Pts',(58.6861088648149,-11.2118615276526,-14.4348753785763));
#4623=CARTESIAN_POINT('Ctrl Pts',(49.7824125984637,-6.26261418757681,-8.06696671345947));
#4624=CARTESIAN_POINT('Ctrl Pts',(40.8787163321126,-1.31336684750103,-1.69905804834267));
#4625=CARTESIAN_POINT('Ctrl Pts',(38.490822323229,-12.812076427862,2.77175715185765));
#4626=CARTESIAN_POINT('',(22.8471293941013,-26.2016535131921,14.7606298842749));
#4627=CARTESIAN_POINT('Ctrl Pts',(22.8471293937218,-26.2016535116327,14.7606298844482));
#4628=CARTESIAN_POINT('Ctrl Pts',(22.4660751698179,-26.2016534925691,13.9264064764445));
#4629=CARTESIAN_POINT('Ctrl Pts',(22.2044456399388,-26.2016534724422,13.0412934935768));
#4630=CARTESIAN_POINT('Ctrl Pts',(21.8914689748595,-26.2016534230063,10.87797516656));
#4631=CARTESIAN_POINT('Ctrl Pts',(21.9591787476102,-26.2016533938233,9.6052880203819));
#4632=CARTESIAN_POINT('Ctrl Pts',(22.3442488740285,-26.2016533591222,8.08676789872319));
#4633=CARTESIAN_POINT('Ctrl Pts',(22.4317108951801,-26.2016533525443,7.79891980277987));
#4634=CARTESIAN_POINT('Ctrl Pts',(22.5320549206279,-26.2016533460804,7.51605797325399));
#4635=CARTESIAN_POINT('Ctrl Pts',(22.3015633074208,-24.5141036362395,14.5399747630912));
#4636=CARTESIAN_POINT('Ctrl Pts',(22.4714388124157,-25.0786115017618,14.6235325061062));
#4637=CARTESIAN_POINT('Ctrl Pts',(22.6533556412724,-25.6414550925837,14.6971139696726));
#4638=CARTESIAN_POINT('Ctrl Pts',(22.8471293941013,-26.2016535131921,14.7606298842749));
#4639=CARTESIAN_POINT('Ctrl Pts',(41.0699383342045,-3.80920347455136,6.3291818488669));
#4640=CARTESIAN_POINT('Ctrl Pts',(32.8084390899005,-27.4612764780487,9.545457858832));
#4641=CARTESIAN_POINT('Ctrl Pts',(51.4564549726671,-36.7812260971991,-2.44597919416663));
#4642=CARTESIAN_POINT('Ctrl Pts',(70.1044708554337,-46.1011757163494,-14.4374162471653));
#4643=CARTESIAN_POINT('Ctrl Pts',(78.3659700997377,-22.4491027128521,-17.6536922571304));
#4644=CARTESIAN_POINT('Ctrl Pts',(86.6274693440418,1.20297029064519,-20.8699682670955));
#4645=CARTESIAN_POINT('Ctrl Pts',(67.9794534612751,10.5229199097956,-8.87853121409683));
#4646=CARTESIAN_POINT('Ctrl Pts',(49.3314375785085,19.842869528946,3.11290583890179));
#4647=CARTESIAN_POINT('Ctrl Pts',(41.0699383342045,-3.80920347455136,6.3291818488669));
#4648=CARTESIAN_POINT('Ctrl Pts',(35.8816365851252,-3.06911900462485,-2.24184797602074));
#4649=CARTESIAN_POINT('Ctrl Pts',(27.6201373408212,-26.7211920081222,0.97442803394436));
#4650=CARTESIAN_POINT('Ctrl Pts',(46.2681532235879,-36.0411416272726,-11.0170090190543));
#4651=CARTESIAN_POINT('Ctrl Pts',(64.9161691063545,-45.3610912464229,-23.0084460720529));
#4652=CARTESIAN_POINT('Ctrl Pts',(73.1776683506585,-21.7090182429256,-26.224722082018));
#4653=CARTESIAN_POINT('Ctrl Pts',(81.4391675949625,1.94305476057172,-29.4409980919831));
#4654=CARTESIAN_POINT('Ctrl Pts',(62.7911517121959,11.2630043797221,-17.4495610389845));
#4655=CARTESIAN_POINT('Ctrl Pts',(44.1431358294293,20.5829539988725,-5.45812398598585));
#4656=CARTESIAN_POINT('Ctrl Pts',(35.8816365851252,-3.06911900462485,-2.24184797602074));
#4657=CARTESIAN_POINT('Ctrl Pts',(28.0197149905994,0.860130821808732,2.81368921941309));
#4658=CARTESIAN_POINT('Ctrl Pts',(16.2752039492078,-32.763552280613,7.38593306937064));
#4659=CARTESIAN_POINT('Ctrl Pts',(42.7851414265003,-46.0127517261969,-9.66104117906181));
#4660=CARTESIAN_POINT('Ctrl Pts',(69.2950789037928,-59.2619511717809,-26.7080154274943));
#4661=CARTESIAN_POINT('Ctrl Pts',(81.0395899451843,-25.6382680693592,-31.2802592774518));
#4662=CARTESIAN_POINT('Ctrl Pts',(92.784100986576,7.9854150330625,-35.8525031274094));
#4663=CARTESIAN_POINT('Ctrl Pts',(66.2741635092835,21.2346144786465,-18.8055288789769));
#4664=CARTESIAN_POINT('Ctrl Pts',(39.764226031991,34.4838139242304,-1.75855463054447));
#4665=CARTESIAN_POINT('Ctrl Pts',(28.0197149905994,0.860130821808732,2.81368921941309));
#4666=CARTESIAN_POINT('Ctrl Pts',(20.1577933960735,4.78938064824231,7.86922641484692));
#4667=CARTESIAN_POINT('Ctrl Pts',(4.93027055759437,-38.8059125531037,13.7974381047969));
#4668=CARTESIAN_POINT('Ctrl Pts',(39.3021296294127,-55.9843618251213,-8.30507333906934));
#4669=CARTESIAN_POINT('Ctrl Pts',(73.673988701231,-73.1628110971388,-30.4075847829356));
#4670=CARTESIAN_POINT('Ctrl Pts',(88.9015115397102,-29.5675178957928,-36.3357964728856));
#4671=CARTESIAN_POINT('Ctrl Pts',(104.129034378189,14.0277753055533,-42.2640081628357));
#4672=CARTESIAN_POINT('Ctrl Pts',(69.7571753063711,31.2062245775708,-20.1614967189694));
#4673=CARTESIAN_POINT('Ctrl Pts',(35.3853162345527,48.3846738495884,1.9410147248969));
#4674=CARTESIAN_POINT('Ctrl Pts',(20.1577933960735,4.78938064824231,7.86922641484692));
#4675=CARTESIAN_POINT('Ctrl Pts',(25.3460951451528,4.0492961783158,16.4402562397346));
#4676=CARTESIAN_POINT('Ctrl Pts',(10.1185723066736,-39.5459970230303,22.3684679296846));
#4677=CARTESIAN_POINT('Ctrl Pts',(44.490431378492,-56.7244462950478,0.265956485818292));
#4678=CARTESIAN_POINT('Ctrl Pts',(78.8622904503103,-73.9028955670653,-21.836554958048));
#4679=CARTESIAN_POINT('Ctrl Pts',(94.0898132887895,-30.3076023657193,-27.764766647998));
#4680=CARTESIAN_POINT('Ctrl Pts',(109.317336127269,13.2876908356268,-33.692978337948));
#4681=CARTESIAN_POINT('Ctrl Pts',(74.9454770554503,30.4661401076443,-11.5904668940817));
#4682=CARTESIAN_POINT('Ctrl Pts',(40.573617983632,47.6445893796618,10.5120445497845));
#4683=CARTESIAN_POINT('Ctrl Pts',(25.3460951451528,4.0492961783158,16.4402562397346));
#4684=CARTESIAN_POINT('Ctrl Pts',(30.534396894232,3.30921170838928,25.0112860646222));
#4685=CARTESIAN_POINT('Ctrl Pts',(15.3068740557529,-40.2860814929568,30.9394977545722));
#4686=CARTESIAN_POINT('Ctrl Pts',(49.6787331275712,-57.4645307649743,8.83698631070593));
#4687=CARTESIAN_POINT('Ctrl Pts',(84.0505921993895,-74.6429800369918,-13.2655251331603));
#4688=CARTESIAN_POINT('Ctrl Pts',(99.2781150378687,-31.0476868356458,-19.1937368231104));
#4689=CARTESIAN_POINT('Ctrl Pts',(114.505637876348,12.5476063657003,-25.1219485130604));
#4690=CARTESIAN_POINT('Ctrl Pts',(80.1337788045296,29.7260556377178,-3.0194370691941));
#4691=CARTESIAN_POINT('Ctrl Pts',(45.7619197327112,46.9045049097353,19.0830743746722));
#4692=CARTESIAN_POINT('Ctrl Pts',(30.534396894232,3.30921170838928,25.0112860646222));
#4693=CARTESIAN_POINT('Ctrl Pts',(38.3963184887579,-0.620038118044297,19.9557488691884));
#4694=CARTESIAN_POINT('Ctrl Pts',(26.6518074473663,-34.243721220466,24.5279927191459));
#4695=CARTESIAN_POINT('Ctrl Pts',(53.1617449246588,-47.4929206660499,7.48101847071347));
#4696=CARTESIAN_POINT('Ctrl Pts',(79.6716824019513,-60.7421201116339,-9.56595577771897));
#4697=CARTESIAN_POINT('Ctrl Pts',(91.4161934433429,-27.1184370092122,-14.1381996276765));
#4698=CARTESIAN_POINT('Ctrl Pts',(103.160704484734,6.50524609320947,-18.7104434776341));
#4699=CARTESIAN_POINT('Ctrl Pts',(76.650767007442,19.7544455387934,-1.66346922920165));
#4700=CARTESIAN_POINT('Ctrl Pts',(50.1408295301495,33.0036449843774,15.3835050192308));
#4701=CARTESIAN_POINT('Ctrl Pts',(38.3963184887579,-0.620038118044297,19.9557488691884));
#4702=CARTESIAN_POINT('Ctrl Pts',(46.2582400832838,-4.54928794447788,14.9002116737545));
#4703=CARTESIAN_POINT('Ctrl Pts',(37.9967408389798,-28.2013609479752,18.1164876837196));
#4704=CARTESIAN_POINT('Ctrl Pts',(56.6447567217464,-37.5213105671256,6.12505063072101));
#4705=CARTESIAN_POINT('Ctrl Pts',(75.292772604513,-46.841260186276,-5.86638642227761));
#4706=CARTESIAN_POINT('Ctrl Pts',(83.554271848817,-23.1891871827786,-9.08266243224272));
#4707=CARTESIAN_POINT('Ctrl Pts',(91.815771093121,0.46288582071869,-12.2989384422078));
#4708=CARTESIAN_POINT('Ctrl Pts',(73.1677552103544,9.78283543986907,-0.307501389209194));
#4709=CARTESIAN_POINT('Ctrl Pts',(54.5197393275878,19.1027850590194,11.6839356637894));
#4710=CARTESIAN_POINT('Ctrl Pts',(46.2582400832838,-4.54928794447788,14.9002116737545));
#4711=CARTESIAN_POINT('Ctrl Pts',(41.0699383342045,-3.80920347455136,6.3291818488669));
#4712=CARTESIAN_POINT('Ctrl Pts',(32.8084390899005,-27.4612764780487,9.545457858832));
#4713=CARTESIAN_POINT('Ctrl Pts',(51.4564549726671,-36.7812260971991,-2.44597919416663));
#4714=CARTESIAN_POINT('Ctrl Pts',(70.1044708554337,-46.1011757163494,-14.4374162471653));
#4715=CARTESIAN_POINT('Ctrl Pts',(78.3659700997378,-22.4491027128521,-17.6536922571304));
#4716=CARTESIAN_POINT('Ctrl Pts',(86.6274693440418,1.2029702906452,-20.8699682670955));
#4717=CARTESIAN_POINT('Ctrl Pts',(67.9794534612751,10.5229199097956,-8.87853121409683));
#4718=CARTESIAN_POINT('Ctrl Pts',(49.3314375785085,19.842869528946,3.11290583890179));
#4719=CARTESIAN_POINT('Ctrl Pts',(41.0699383342045,-3.80920347455136,6.3291818488669));
#4720=CARTESIAN_POINT('',(28.1936815169114,-26.2014655997399,19.6601540063256));
#4721=CARTESIAN_POINT('Ctrl Pts',(28.1932425819002,-26.201653623623,19.6613258388464));
#4722=CARTESIAN_POINT('Ctrl Pts',(27.8412207272467,-26.2016536206098,19.5294689880494));
#4723=CARTESIAN_POINT('Ctrl Pts',(27.4963319354937,-26.2016536171292,19.3772039252019));
#4724=CARTESIAN_POINT('Ctrl Pts',(26.0731524188719,-26.2016536004383,18.6468101903518));
#4725=CARTESIAN_POINT('Ctrl Pts',(25.1029096123808,-26.2016535837954,17.8899052027389));
#4726=CARTESIAN_POINT('Ctrl Pts',(23.7149760548688,-26.2016535475071,16.3019296077749));
#4727=CARTESIAN_POINT('Ctrl Pts',(23.2278761952274,-26.2016535298617,15.5583285354788));
#4728=CARTESIAN_POINT('Ctrl Pts',(22.8482170707644,-26.2016535116209,14.7601125522504));
#4729=CARTESIAN_POINT('Ctrl Pts',(27.6514705839149,-24.5142659266642,19.8908371978126));
#4730=CARTESIAN_POINT('Ctrl Pts',(27.8291543873966,-25.0789645917277,19.8288036331471));
#4731=CARTESIAN_POINT('Ctrl Pts',(28.0099912114976,-25.6417150002137,19.7518912903826));
#4732=CARTESIAN_POINT('Ctrl Pts',(28.1936815169114,-26.2014655997399,19.6601540063256));
#4733=CARTESIAN_POINT('Ctrl Pts',(33.5152976762706,1.71757867848543,-2.40251219955015));
#4734=CARTESIAN_POINT('Ctrl Pts',(31.506779415718,-18.5923046275753,11.2399735884195));
#4735=CARTESIAN_POINT('Ctrl Pts',(32.9352523407049,-33.3193230767,-7.70842441023049));
#4736=CARTESIAN_POINT('Ctrl Pts',(34.3637252656919,-48.0463415258246,-26.6568224088805));
#4737=CARTESIAN_POINT('Ctrl Pts',(36.3722435262446,-27.7364582197638,-40.2993081968501));
#4738=CARTESIAN_POINT('Ctrl Pts',(38.3807617867972,-7.42657491370308,-53.9417939848198));
#4739=CARTESIAN_POINT('Ctrl Pts',(36.9522888618102,7.30044353542156,-34.9933959861698));
#4740=CARTESIAN_POINT('Ctrl Pts',(35.5238159368233,22.0274619845462,-16.0449979875198));
#4741=CARTESIAN_POINT('Ctrl Pts',(33.5152976762706,1.71757867848543,-2.40251219955015));
#4742=CARTESIAN_POINT('Ctrl Pts',(23.5308974384894,2.07981219137491,-3.40123031391853));
#4743=CARTESIAN_POINT('Ctrl Pts',(21.5223791779368,-18.2300711146859,10.2412554740511));
#4744=CARTESIAN_POINT('Ctrl Pts',(22.9508521029238,-32.9570895638105,-8.70714252459887));
#4745=CARTESIAN_POINT('Ctrl Pts',(24.3793250279107,-47.6841080129351,-27.6555405232489));
#4746=CARTESIAN_POINT('Ctrl Pts',(26.3878432884634,-27.3742247068744,-41.2980263112185));
#4747=CARTESIAN_POINT('Ctrl Pts',(28.396361549016,-7.0643414008136,-54.9405120991882));
#4748=CARTESIAN_POINT('Ctrl Pts',(26.9678886240291,7.66267704831104,-35.9921141005382));
#4749=CARTESIAN_POINT('Ctrl Pts',(25.5394156990421,22.3896954974357,-17.0437161018882));
#4750=CARTESIAN_POINT('Ctrl Pts',(23.5308974384894,2.07981219137491,-3.40123031391853));
#4751=CARTESIAN_POINT('Ctrl Pts',(22.9196994193225,8.38103382945539,4.70618503892575));
#4752=CARTESIAN_POINT('Ctrl Pts',(20.0518002346816,-20.6188009828892,24.1858555185102));
#4753=CARTESIAN_POINT('Ctrl Pts',(22.0914711788355,-41.6470410700943,-2.86995783298403));
#4754=CARTESIAN_POINT('Ctrl Pts',(24.1311421229894,-62.6752811572994,-29.9257711844783));
#4755=CARTESIAN_POINT('Ctrl Pts',(26.9990413076303,-33.6754463449549,-49.4054416640628));
#4756=CARTESIAN_POINT('Ctrl Pts',(29.8669404922713,-4.67561153261031,-68.8851121436473));
#4757=CARTESIAN_POINT('Ctrl Pts',(27.8272695481174,16.3526285545948,-41.829298792153));
#4758=CARTESIAN_POINT('Ctrl Pts',(25.7875986039635,37.3808686417999,-14.7734854406587));
#4759=CARTESIAN_POINT('Ctrl Pts',(22.9196994193225,8.38103382945539,4.70618503892575));
#4760=CARTESIAN_POINT('Ctrl Pts',(22.3085014001556,14.6822554675359,12.81360039177));
#4761=CARTESIAN_POINT('Ctrl Pts',(18.5812212914263,-23.0075308510924,38.1304555629694));
#4762=CARTESIAN_POINT('Ctrl Pts',(21.2320902547472,-50.3369925763781,2.96722685863082));
#4763=CARTESIAN_POINT('Ctrl Pts',(23.882959218068,-77.6664543016636,-32.1960018457077));
#4764=CARTESIAN_POINT('Ctrl Pts',(27.6102393267972,-39.9766679830353,-57.5128570169071));
#4765=CARTESIAN_POINT('Ctrl Pts',(31.3375194355265,-2.28688166440703,-82.8297121881064));
#4766=CARTESIAN_POINT('Ctrl Pts',(28.6866504722057,25.0425800608786,-47.6664834837679));
#4767=CARTESIAN_POINT('Ctrl Pts',(26.0357815088848,52.3720417861642,-12.5032547794293));
#4768=CARTESIAN_POINT('Ctrl Pts',(22.3085014001556,14.6822554675359,12.81360039177));
#4769=CARTESIAN_POINT('Ctrl Pts',(32.2929016379368,14.3200219546464,13.8123185061384));
#4770=CARTESIAN_POINT('Ctrl Pts',(28.5656215292075,-23.3697643639819,39.1291736773378));
#4771=CARTESIAN_POINT('Ctrl Pts',(31.2164904925284,-50.6992260892675,3.96594497299921));
#4772=CARTESIAN_POINT('Ctrl Pts',(33.8673594558492,-78.0286878145531,-31.1972837313393));
#4773=CARTESIAN_POINT('Ctrl Pts',(37.5946395645784,-40.3389014959248,-56.5141389025387));
#4774=CARTESIAN_POINT('Ctrl Pts',(41.3219196733077,-2.6491151772965,-81.830994073738));
#4775=CARTESIAN_POINT('Ctrl Pts',(38.6710507099869,24.6803465479891,-46.6677653693995));
#4776=CARTESIAN_POINT('Ctrl Pts',(36.020181746666,52.0098082732747,-11.5045366650609));
#4777=CARTESIAN_POINT('Ctrl Pts',(32.2929016379368,14.3200219546464,13.8123185061384));
#4778=CARTESIAN_POINT('Ctrl Pts',(42.277301875718,13.9577884417569,14.8110366205068));
#4779=CARTESIAN_POINT('Ctrl Pts',(38.5500217669887,-23.7319978768714,40.1278917917061));
#4780=CARTESIAN_POINT('Ctrl Pts',(41.2008907303096,-51.061459602157,4.96466308736759));
#4781=CARTESIAN_POINT('Ctrl Pts',(43.8517596936304,-78.3909213274426,-30.198565616971));
#4782=CARTESIAN_POINT('Ctrl Pts',(47.5790398023596,-40.7011350088143,-55.5154207881703));
#4783=CARTESIAN_POINT('Ctrl Pts',(51.3063199110889,-3.01134869018598,-80.8322759593696));
#4784=CARTESIAN_POINT('Ctrl Pts',(48.655450947768,24.3181130350996,-45.6690472550311));
#4785=CARTESIAN_POINT('Ctrl Pts',(46.0045819844472,51.6475747603852,-10.5058185506925));
#4786=CARTESIAN_POINT('Ctrl Pts',(42.277301875718,13.9577884417569,14.8110366205068));
#4787=CARTESIAN_POINT('Ctrl Pts',(42.8884998948849,7.65656680367644,6.70362126766252));
#4788=CARTESIAN_POINT('Ctrl Pts',(40.0206007102439,-21.3432680086681,26.183291747247));
#4789=CARTESIAN_POINT('Ctrl Pts',(42.0602716543978,-42.3715080958732,-0.87252160424726));
#4790=CARTESIAN_POINT('Ctrl Pts',(44.0999425985517,-63.3997481830783,-27.9283349557415));
#4791=CARTESIAN_POINT('Ctrl Pts',(46.9678417831927,-34.3999133707338,-47.408005435326));
#4792=CARTESIAN_POINT('Ctrl Pts',(49.8357409678336,-5.40007855838926,-66.8876759149105));
#4793=CARTESIAN_POINT('Ctrl Pts',(47.7960700236797,15.6281615288159,-39.8318625634163));
#4794=CARTESIAN_POINT('Ctrl Pts',(45.7563990795258,36.656401616021,-12.776049211922));
#4795=CARTESIAN_POINT('Ctrl Pts',(42.8884998948849,7.65656680367644,6.70362126766252));
#4796=CARTESIAN_POINT('Ctrl Pts',(43.4996979140518,1.35534516559595,-1.40379408518176));
#4797=CARTESIAN_POINT('Ctrl Pts',(41.4911796534992,-18.9545381404648,12.2386917027879));
#4798=CARTESIAN_POINT('Ctrl Pts',(42.9196525784861,-33.6815565895895,-6.70970629586211));
#4799=CARTESIAN_POINT('Ctrl Pts',(44.3481255034731,-48.4085750387141,-25.6581042945121));
#4800=CARTESIAN_POINT('Ctrl Pts',(46.3566437640257,-28.0986917326533,-39.3005900824817));
#4801=CARTESIAN_POINT('Ctrl Pts',(48.3651620245784,-7.78880842659255,-52.9430758704514));
#4802=CARTESIAN_POINT('Ctrl Pts',(46.9366890995914,6.93821002253209,-33.9946778718014));
#4803=CARTESIAN_POINT('Ctrl Pts',(45.5082161746045,21.6652284716567,-15.0462798731514));
#4804=CARTESIAN_POINT('Ctrl Pts',(43.4996979140518,1.35534516559595,-1.40379408518176));
#4805=CARTESIAN_POINT('Ctrl Pts',(33.5152976762706,1.71757867848543,-2.40251219955015));
#4806=CARTESIAN_POINT('Ctrl Pts',(31.506779415718,-18.5923046275753,11.2399735884195));
#4807=CARTESIAN_POINT('Ctrl Pts',(32.9352523407049,-33.3193230767,-7.70842441023049));
#4808=CARTESIAN_POINT('Ctrl Pts',(34.3637252656919,-48.0463415258246,-26.6568224088805));
#4809=CARTESIAN_POINT('Ctrl Pts',(36.3722435262446,-27.7364582197638,-40.2993081968501));
#4810=CARTESIAN_POINT('Ctrl Pts',(38.3807617867972,-7.42657491370308,-53.9417939848198));
#4811=CARTESIAN_POINT('Ctrl Pts',(36.9522888618102,7.30044353542156,-34.9933959861698));
#4812=CARTESIAN_POINT('Ctrl Pts',(35.5238159368233,22.0274619845462,-16.0449979875198));
#4813=CARTESIAN_POINT('Ctrl Pts',(33.5152976762706,1.71757867848543,-2.40251219955015));
#4814=CARTESIAN_POINT('Ctrl Pts',(35.4387886580583,-26.2016536163889,19.3447624252501));
#4815=CARTESIAN_POINT('Ctrl Pts',(34.5820453165143,-26.2016536253117,19.7352224354744));
#4816=CARTESIAN_POINT('Ctrl Pts',(33.6728028943283,-26.2016536316339,20.0002424641374));
#4817=CARTESIAN_POINT('Ctrl Pts',(31.5481225772485,-26.2016536382995,20.2919328969494));
#4818=CARTESIAN_POINT('Ctrl Pts',(30.3414429293385,-26.2016536379392,20.2315060285362));
#4819=CARTESIAN_POINT('Ctrl Pts',(28.8421375968147,-26.20165362971,19.8713956447281));
#4820=CARTESIAN_POINT('Ctrl Pts',(28.5147145972961,-26.2016536262001,19.7740982894069));
#4821=CARTESIAN_POINT('Ctrl Pts',(28.1936981427892,-26.2016536235952,19.6601071841302));
#4822=CARTESIAN_POINT('Origin',(31.4351436900208,-2.55873468442269,10.7577288428546));
#4823=CARTESIAN_POINT('',(25.0395908547843,-8.41951593174932E-9,3.77769573153215));
#4824=CARTESIAN_POINT('',(24.751375917638,-1.68578967912347,3.46316622762737));
#4825=CARTESIAN_POINT('',(25.039590746726,-6.40347548752995E-7,3.77769561360797));
#4826=CARTESIAN_POINT('',(31.8477451091291,-1.14000536945548E-8,1.29955687147279));
#4827=CARTESIAN_POINT('Origin',(31.4352475740182,-2.40739521932619E-11,
10.7580021429671));
#4828=CARTESIAN_POINT('',(31.6169302471569,-1.68072404495983,0.868705661759987));
#4829=CARTESIAN_POINT('Ctrl Pts',(31.4585753489219,-1.59270440551028,0.887794985716884));
#4830=CARTESIAN_POINT('Ctrl Pts',(31.5936088619631,-1.06173710069223,1.02231901779555));
#4831=CARTESIAN_POINT('Ctrl Pts',(31.7233683712976,-0.530837300143125,1.15968295488565));
#4832=CARTESIAN_POINT('Ctrl Pts',(31.8477451733272,-1.14000546812835E-8,
1.29955558960134));
#4833=CARTESIAN_POINT('',(30.5725877320018,-1.68685734508962,0.901341892709474));
#4834=CARTESIAN_POINT('Ctrl Pts',(30.5726217163457,-1.68576758221641,0.901684205725194));
#4835=CARTESIAN_POINT('Ctrl Pts',(31.0029092689593,-1.68576666392378,0.86404660127695));
#4836=CARTESIAN_POINT('Ctrl Pts',(31.4348397797002,-1.68576850228023,0.864042283171479));
#4837=CARTESIAN_POINT('',(26.865934609091,-1.68854793138301,1.98271461751082));
#4838=CARTESIAN_POINT('Origin',(31.4515713639043,-1.88674093442469,10.8129469774475));
#4839=CARTESIAN_POINT('Ctrl Pts',(24.751375917638,-1.68578967912347,3.46316622762737));
#4840=CARTESIAN_POINT('Ctrl Pts',(25.0696064708284,-1.68576429349254,3.17153230051588));
#4841=CARTESIAN_POINT('Ctrl Pts',(25.4069508766221,-1.68577305068157,2.90075126999172));
#4842=CARTESIAN_POINT('Ctrl Pts',(25.760533661956,-1.68576824295065,2.653148647285));
#4843=CARTESIAN_POINT('Ctrl Pts',(26.1137845692959,-1.68576343973234,2.40577842803558));
#4844=CARTESIAN_POINT('Ctrl Pts',(26.4832390462061,-1.68574509936962,2.18154611343407));
#4845=CARTESIAN_POINT('Ctrl Pts',(26.8657381865857,-1.68576065190393,1.98235604396883));
#4846=CARTESIAN_POINT('Origin',(31.4335668340208,-4.30602810894921,10.7563888148788));
#4847=CARTESIAN_POINT('',(21.9776240093068,-5.22040058547496E-10,10.3439765823112));
#4848=CARTESIAN_POINT('',(21.5427249352857,-1.68601439960393,10.8423388569903));
#4849=CARTESIAN_POINT('Ctrl Pts',(21.9776240093068,-5.220400586696E-10,
10.3439765823112));
#4850=CARTESIAN_POINT('Ctrl Pts',(21.8295820680964,-0.561928456526967,10.4753783402721));
#4851=CARTESIAN_POINT('Ctrl Pts',(21.6842584966091,-1.12385751133045,10.6130563291473));
#4852=CARTESIAN_POINT('Ctrl Pts',(21.5420573999157,-1.68578793593002,10.7568863908057));
#4853=CARTESIAN_POINT('',(24.7434580865382,-0.000961769938896324,4.06547727549732));
#4854=CARTESIAN_POINT('Origin',(31.4357704204875,-2.49224321994458E-11,
10.7572969192278));
#4855=CARTESIAN_POINT('',(24.1607184561641,-1.61783532355313,4.08032496149254));
#4856=CARTESIAN_POINT('Ctrl Pts',(24.1655546562449,-1.61960016303628,4.07442751493274));
#4857=CARTESIAN_POINT('Ctrl Pts',(24.3482146073858,-1.07508848522515,4.06754210944714));
#4858=CARTESIAN_POINT('Ctrl Pts',(24.5409352050196,-0.535361138684757,4.06458091595403));
#4859=CARTESIAN_POINT('Ctrl Pts',(24.7434580865382,-0.000961769938896324,
4.06547727549732));
#4860=CARTESIAN_POINT('',(21.9888328492419,-1.72681531535097,7.77456991533733));
#4861=CARTESIAN_POINT('Origin',(31.5333402999058,-4.34753027159013,10.8398052982241));
#4862=CARTESIAN_POINT('Ctrl Pts',(21.5420407446649,-1.68578311293856,10.7568863846518));
#4863=CARTESIAN_POINT('Ctrl Pts',(21.5420232101258,-1.68576329075266,10.253294323402));
#4864=CARTESIAN_POINT('Ctrl Pts',(21.5805304107306,-1.6857724908331,9.74970003600659));
#4865=CARTESIAN_POINT('Ctrl Pts',(21.6571272019333,-1.68576833242874,9.25195894893101));
#4866=CARTESIAN_POINT('Ctrl Pts',(21.7337239921573,-1.68576417402443,8.7542178682152));
#4867=CARTESIAN_POINT('Ctrl Pts',(21.848408813755,-1.68574666054434,8.26234012745251));
#4868=CARTESIAN_POINT('Ctrl Pts',(21.9998386632035,-1.6857595374596,7.78204172078958));
#4869=CARTESIAN_POINT('Origin',(31.4361425662425,-2.30894550003507,10.7564109862309));
#4870=CARTESIAN_POINT('',(22.8572882039316,-1.73186709157364,15.7153309437799));
#4871=CARTESIAN_POINT('Origin',(31.4375599603417,-1.70327267194835,10.755876178097));
#4872=CARTESIAN_POINT('',(24.1573649560502,-1.59397838623347,17.4234341139795));
#4873=CARTESIAN_POINT('Origin',(31.5324558552398,-4.3064073160214,10.6239249234921));
#4874=CARTESIAN_POINT('',(24.454581475956,7.66761377027152E-9,17.15313951647));
#4875=CARTESIAN_POINT('Ctrl Pts',(24.454581475956,7.66761765602855E-9,17.15313951647));
#4876=CARTESIAN_POINT('Ctrl Pts',(24.3535002263548,-0.529334525250674,17.2526946779594));
#4877=CARTESIAN_POINT('Ctrl Pts',(24.2549386438618,-1.06078796646277,17.3433794718535));
#4878=CARTESIAN_POINT('Ctrl Pts',(24.1589393308692,-1.59400007880468,17.425149513353));
#4879=CARTESIAN_POINT('Origin',(31.4360347673392,-2.59388659696536E-11,
10.7564516578634));
#4880=CARTESIAN_POINT('Origin',(31.4344033449233,-3.95843466306495,10.7580266055955));
#4881=CARTESIAN_POINT('',(24.7513727920921,-1.68578770304548,18.0506099559782));
#4882=CARTESIAN_POINT('',(24.7429765980665,-0.000760605510492978,17.4487189502748));
#4883=CARTESIAN_POINT('Ctrl Pts',(24.7536722334194,-1.68660873297705,18.0480569745788));
#4884=CARTESIAN_POINT('Ctrl Pts',(24.7464467897887,-1.11926447057407,17.8590931596622));
#4885=CARTESIAN_POINT('Ctrl Pts',(24.7429053007233,-0.557119347477071,17.6592183654326));
#4886=CARTESIAN_POINT('Ctrl Pts',(24.7429765980665,-0.000760605510488538,
17.4487189502748));
#4887=CARTESIAN_POINT('',(29.2936475964698,-1.68548342379785,20.415171988601));
#4888=CARTESIAN_POINT('Ctrl Pts',(29.293630040311,-1.6857616988351,20.4152510928595));
#4889=CARTESIAN_POINT('Ctrl Pts',(28.8722034410858,-1.68574382606479,20.3218293993223));
#4890=CARTESIAN_POINT('Ctrl Pts',(28.4568990210429,-1.68575419208347,20.200788453057));
#4891=CARTESIAN_POINT('Ctrl Pts',(28.0512703934742,-1.68575765983043,20.0531541484364));
#4892=CARTESIAN_POINT('Ctrl Pts',(27.6456417597857,-1.68576112757744,19.9055198415884));
#4893=CARTESIAN_POINT('Ctrl Pts',(27.2496934020768,-1.68575769746829,19.7312937907462));
#4894=CARTESIAN_POINT('Ctrl Pts',(26.8668101610286,-1.68575973715827,19.5319689309289));
#4895=CARTESIAN_POINT('Ctrl Pts',(26.4839269199804,-1.68576177684826,19.3326440711116));
#4896=CARTESIAN_POINT('Ctrl Pts',(26.1141123297617,-1.68576928570207,19.1082222199458));
#4897=CARTESIAN_POINT('Ctrl Pts',(25.7605306268212,-1.68576978195856,18.8606208654797));
#4898=CARTESIAN_POINT('Ctrl Pts',(25.4069489238807,-1.68577027821505,18.6130195110136));
#4899=CARTESIAN_POINT('Ctrl Pts',(25.0696039937686,-1.6857637597504,18.3422414572763));
#4900=CARTESIAN_POINT('Ctrl Pts',(24.7513727920921,-1.68578770304548,18.0506099559782));
#4901=CARTESIAN_POINT('',(31.4778559168978,-1.68606816392077,20.6495422775869));
#4902=CARTESIAN_POINT('Origin',(31.436069571003,-1.70385598714095,10.7539891346523));
#4903=CARTESIAN_POINT('',(31.0219318808226,-1.55641614148965E-8,20.2141016900614));
#4904=CARTESIAN_POINT('Ctrl Pts',(31.021931903524,-7.14608955703691E-8,
20.2141014844997));
#4905=CARTESIAN_POINT('Ctrl Pts',(31.1533375769012,-0.561929061363695,20.3621384567913));
#4906=CARTESIAN_POINT('Ctrl Pts',(31.2910148966643,-1.1238586798587,20.5074581010498));
#4907=CARTESIAN_POINT('Ctrl Pts',(31.4348397849013,-1.68578975940855,20.6496567045816));
#4908=CARTESIAN_POINT('Origin',(31.4354191780096,-2.70063252643408E-11,
10.7555651137543));
#4909=CARTESIAN_POINT('Origin',(31.4345797717202,-2.66623870415039,10.7561537921056));
#4910=CARTESIAN_POINT('',(37.1182065632501,-1.71675867006237,18.867465844874));
#4911=CARTESIAN_POINT('Origin',(31.4337800210542,-1.70468301963535,10.7540436514021));
#4912=CARTESIAN_POINT('',(38.1081565603223,-1.62616133396008,18.0395352661467));
#4913=CARTESIAN_POINT('Origin',(31.2948557841082,-4.31326242010104,10.6695358725602));
#4914=CARTESIAN_POINT('',(37.8302025856889,-0.000665279720591914,17.7361987547942));
#4915=CARTESIAN_POINT('',(37.8300888126745,7.3549789051793E-8,17.7360745921183));
#4916=CARTESIAN_POINT('Origin',(31.4344026936167,-2.68600146201959E-11,
10.7556865688617));
#4917=CARTESIAN_POINT('Origin',(31.4359345385016,-4.24049120329087,10.7573131843962));
#4918=CARTESIAN_POINT('',(38.127974944955,-0.000195148679406112,17.4500351681174));
#4919=CARTESIAN_POINT('',(40.8921167947786,-0.000472443509070312,11.1696777405461));
#4920=CARTESIAN_POINT('Origin',(31.4339609761446,-2.58820500370004E-11,
10.756499302825));
#4921=CARTESIAN_POINT('',(38.7286129997625,-1.68576746105103,17.4403963004985));
#4922=CARTESIAN_POINT('Ctrl Pts',(38.7267183982819,-1.68637445824591,17.4386937548922));
#4923=CARTESIAN_POINT('Ctrl Pts',(38.5380872457252,-1.11898043650839,17.4463142740058));
#4924=CARTESIAN_POINT('Ctrl Pts',(38.3384134586517,-0.556721362037704,17.4500694313643));
#4925=CARTESIAN_POINT('Ctrl Pts',(38.127974944955,-0.000195148679407222,
17.4500351681174));
#4926=CARTESIAN_POINT('',(41.243074278255,-1.68587322394842,12.0481650921339));
#4927=CARTESIAN_POINT('Ctrl Pts',(41.2430516574875,-1.68576764738273,12.0481621143667));
#4928=CARTESIAN_POINT('Ctrl Pts',(41.2054985327502,-1.68576649592063,12.3334721055695));
#4929=CARTESIAN_POINT('Ctrl Pts',(41.1304568661002,-1.68576780014531,12.758972144306));
#4930=CARTESIAN_POINT('Ctrl Pts',(40.9936323767542,-1.68576730145911,13.3181556339511));
#4931=CARTESIAN_POINT('Ctrl Pts',(40.8728076716182,-1.68576847723755,13.7326647507419));
#4932=CARTESIAN_POINT('Ctrl Pts',(40.7340243907373,-1.68576750897789,14.1415118188253));
#4933=CARTESIAN_POINT('Ctrl Pts',(40.577541954578,-1.68576775698853,14.5439170908023));
#4934=CARTESIAN_POINT('Ctrl Pts',(40.403648461558,-1.68576763709813,14.9391103148427));
#4935=CARTESIAN_POINT('Ctrl Pts',(40.2126873898172,-1.68576775523422,15.3263444838695));
#4936=CARTESIAN_POINT('Ctrl Pts',(40.0050151900659,-1.68576811266375,15.7048776289931));
#4937=CARTESIAN_POINT('Ctrl Pts',(39.7810309636237,-1.68577007153359,16.0739957128975));
#4938=CARTESIAN_POINT('Ctrl Pts',(39.5411568966695,-1.68576595102325,16.4329902135279));
#4939=CARTESIAN_POINT('Ctrl Pts',(39.2007552405354,-1.68577183197735,16.8972468393136));
#4940=CARTESIAN_POINT('Ctrl Pts',(38.9230291703704,-1.6857665160192,17.2282306803522));
#4941=CARTESIAN_POINT('Ctrl Pts',(38.7286129997625,-1.68576746105103,17.4403963004985));
#4942=CARTESIAN_POINT('',(41.3276850841984,-1.68576888763113,10.7568365672931));
#4943=CARTESIAN_POINT('Ctrl Pts',(41.3276857117071,-1.68576888760522,10.7568863868516));
#4944=CARTESIAN_POINT('Ctrl Pts',(41.3276972488643,-1.68577068405068,11.1885438133241));
#4945=CARTESIAN_POINT('Ctrl Pts',(41.2994045320096,-1.68576642243206,11.6201989673466));
#4946=CARTESIAN_POINT('Ctrl Pts',(41.2430516575618,-1.68576764738273,12.0481621138022));
#4947=CARTESIAN_POINT('',(40.8919943970098,1.13602444243794E-6,11.1697937376678));
#4948=CARTESIAN_POINT('Origin',(31.9151741352319,-5.68442143394981,10.6092278860139));
#4949=CARTESIAN_POINT('',(38.4142825480401,-0.00134582809694757,4.36140867915954));
#4950=CARTESIAN_POINT('Origin',(30.9015267413522,1.68603071677613E-10,10.918201466701));
#4951=CARTESIAN_POINT('',(39.0132318699908,-1.6857580849141,4.39785861243746));
#4952=CARTESIAN_POINT('Ctrl Pts',(39.013200411643,-1.68576823829843,4.3978850073615));
#4953=CARTESIAN_POINT('Ctrl Pts',(39.3775393221567,-1.68576731417062,4.84336672172601));
#4954=CARTESIAN_POINT('Ctrl Pts',(40.0487684106398,-1.68577129389079,5.78314908016447));
#4955=CARTESIAN_POINT('Ctrl Pts',(40.7767841473235,-1.68576691336597,7.35669594454316));
#4956=CARTESIAN_POINT('Ctrl Pts',(41.2305429734094,-1.68576669592186,9.03004605157284));
#4957=CARTESIAN_POINT('Ctrl Pts',(41.3204360334502,-1.6857691869146,10.1814017901794));
#4958=CARTESIAN_POINT('Ctrl Pts',(41.3276850841984,-1.68576888763113,10.7568365672931));
#4959=CARTESIAN_POINT('Ctrl Pts',(38.9996973448929,-3.38736977730645,3.82497525091411));
#4960=CARTESIAN_POINT('Ctrl Pts',(39.0101635137947,-2.82016065574552,4.01777633044527));
#4961=CARTESIAN_POINT('Ctrl Pts',(39.0146182102328,-2.25295684600502,4.20884936169462));
#4962=CARTESIAN_POINT('Ctrl Pts',(39.0132318699908,-1.6857580849141,4.39785861243746));
#4963=CARTESIAN_POINT('',(38.7286093687794,-1.68622819832562,4.07322141636557));
#4964=CARTESIAN_POINT('',(38.7286129997625,-1.68576891277016,4.07337827629068));
#4965=CARTESIAN_POINT('',(38.4140312469854,8.35248827765306E-7,4.36163895383907));
#4966=CARTESIAN_POINT('Origin',(31.4498777528089,-4.34393447088277,10.7364565056732));
#4967=CARTESIAN_POINT('',(35.8059447539131,-1.01245830945137E-8,2.36003218196179));
#4968=CARTESIAN_POINT('',(35.6422026283029,-1.67906101507142,1.80535914626471));
#4969=CARTESIAN_POINT('Ctrl Pts',(35.8059447539131,-1.012458309454E-8,2.36003218196179));
#4970=CARTESIAN_POINT('Ctrl Pts',(35.7493413644017,-0.557309230635916,2.17158387850403));
#4971=CARTESIAN_POINT('Ctrl Pts',(35.6864763364496,-1.11475397970552,1.98333611968949));
#4972=CARTESIAN_POINT('Ctrl Pts',(35.617313888709,-1.67234555841786,1.79567213722923));
#4973=CARTESIAN_POINT('Origin',(31.4089658676751,1.53065953539926E-11,10.7907453746835));
#4974=CARTESIAN_POINT('Ctrl Pts',(35.6670642394027,-1.68576915193984,1.81503559655065));
#4975=CARTESIAN_POINT('Ctrl Pts',(35.9100903379783,-1.68576929882793,1.93005010094087));
#4976=CARTESIAN_POINT('Ctrl Pts',(36.2759583700448,-1.68576857489286,2.12185517973531));
#4977=CARTESIAN_POINT('Ctrl Pts',(36.7519495853799,-1.68576827334279,2.4106951575996));
#4978=CARTESIAN_POINT('Ctrl Pts',(37.1109446973516,-1.68576545496548,2.65056964675989));
#4979=CARTESIAN_POINT('Ctrl Pts',(37.459137793411,-1.68576978409294,2.90587127745966));
#4980=CARTESIAN_POINT('Ctrl Pts',(37.7958579418427,-1.68576594780146,3.17612101066698));
#4981=CARTESIAN_POINT('Ctrl Pts',(38.2286462719665,-1.68577181040464,3.55566845650491));
#4982=CARTESIAN_POINT('Ctrl Pts',(38.5341470724184,-1.68576596173318,3.86114830686909));
#4983=CARTESIAN_POINT('Ctrl Pts',(38.7285332145995,-1.68576891155902,4.07329120188045));
#4984=CARTESIAN_POINT('Origin',(31.4382289942981,-4.28094981352243,10.7417006368014));
#4985=CARTESIAN_POINT('Origin',(31.4311182987696,-8.47827214194977E-12,
10.77096843116));
#4986=CARTESIAN_POINT('Origin',(31.4285929493084,-1.85058363753951,10.7813628346708));
#4987=CARTESIAN_POINT('Origin',(31.4299387350169,-5.79206155502705,10.7412331227696));
#4988=CARTESIAN_POINT('Ctrl Pts',(26.8651893100298,-1.6904842870376,1.98129370659945));
#4989=CARTESIAN_POINT('Ctrl Pts',(26.6811442543257,-2.25603963416871,1.93938011992719));
#4990=CARTESIAN_POINT('Ctrl Pts',(26.4942019254437,-2.82167792462738,1.902585013465));
#4991=CARTESIAN_POINT('Ctrl Pts',(26.3046442139762,-3.38740504482313,1.87112458334485));
#4992=CARTESIAN_POINT('',(30.5405724800481,-3.38735879518379,0.535360270304318));
#4993=CARTESIAN_POINT('Ctrl Pts',(84.1332946073927,-6.72508171230742,28.6480615473224));
#4994=CARTESIAN_POINT('Ctrl Pts',(90.1263226997316,-30.9520103315703,28.7101108000029));
#4995=CARTESIAN_POINT('Ctrl Pts',(68.7780656096577,-37.018169449696,20.9051367184896));
#4996=CARTESIAN_POINT('Ctrl Pts',(47.4298085195838,-43.0843285678217,13.1001626369763));
#4997=CARTESIAN_POINT('Ctrl Pts',(41.4367804272449,-18.8573999485588,13.0381133842959));
#4998=CARTESIAN_POINT('Ctrl Pts',(35.4437523349059,5.36952867070405,12.9760641316154));
#4999=CARTESIAN_POINT('Ctrl Pts',(56.7920094249798,11.4356877888298,20.7810382131287));
#5000=CARTESIAN_POINT('Ctrl Pts',(78.1402665150537,17.5018469069555,28.586012294642));
#5001=CARTESIAN_POINT('Ctrl Pts',(84.1332946073927,-6.72508171230742,28.6480615473224));
#5002=CARTESIAN_POINT('Ctrl Pts',(80.8020032144852,-7.63958052221798,38.380950961923));
#5003=CARTESIAN_POINT('Ctrl Pts',(86.7950313068241,-31.8665091414809,38.4430002146035));
#5004=CARTESIAN_POINT('Ctrl Pts',(65.4467742167502,-37.9326682596066,30.6380261330902));
#5005=CARTESIAN_POINT('Ctrl Pts',(44.0985171266763,-43.9988273777323,22.8330520515769));
#5006=CARTESIAN_POINT('Ctrl Pts',(38.1054890343374,-19.7718987584694,22.7710027988964));
#5007=CARTESIAN_POINT('Ctrl Pts',(32.1124609419984,4.45502986079349,22.7089535462159));
#5008=CARTESIAN_POINT('Ctrl Pts',(53.4607180320724,10.5211889789192,30.5139276277292));
#5009=CARTESIAN_POINT('Ctrl Pts',(74.8089751221463,16.5873480970449,38.3189017092425));
#5010=CARTESIAN_POINT('Ctrl Pts',(80.8020032144852,-7.63958052221798,38.380950961923));
#5011=CARTESIAN_POINT('Ctrl Pts',(90.2087315773512,-4.96663580409093,41.8200734511375));
#5012=CARTESIAN_POINT('Ctrl Pts',(98.8424805068899,-39.8687280035185,41.9094635992653));
#5013=CARTESIAN_POINT('Ctrl Pts',(68.08749505395,-48.6078318397713,30.6653670285376));
#5014=CARTESIAN_POINT('Ctrl Pts',(37.3325096010101,-57.346935676024,19.4212704578099));
#5015=CARTESIAN_POINT('Ctrl Pts',(28.6987606714714,-22.4448434765964,19.331880309682));
#5016=CARTESIAN_POINT('Ctrl Pts',(20.0650117419326,12.4572487228311,19.2424901615541));
#5017=CARTESIAN_POINT('Ctrl Pts',(50.8199971948725,21.1963525590839,30.4865867322818));
#5018=CARTESIAN_POINT('Ctrl Pts',(81.5749826478124,29.9354563953367,41.7306833030096));
#5019=CARTESIAN_POINT('Ctrl Pts',(90.2087315773512,-4.96663580409093,41.8200734511375));
#5020=CARTESIAN_POINT('Ctrl Pts',(99.6154599402171,-2.29369108596389,45.2591959403519));
#5021=CARTESIAN_POINT('Ctrl Pts',(110.889929706956,-47.8709468655562,45.3759269839272));
#5022=CARTESIAN_POINT('Ctrl Pts',(70.7282158911499,-59.282995419936,30.692707923985));
#5023=CARTESIAN_POINT('Ctrl Pts',(30.566502075344,-70.6950439743158,16.0094888640428));
#5024=CARTESIAN_POINT('Ctrl Pts',(19.2920323086054,-25.1177881947235,15.8927578204675));
#5025=CARTESIAN_POINT('Ctrl Pts',(8.01756254186682,20.4594675848688,15.7760267768922));
#5026=CARTESIAN_POINT('Ctrl Pts',(48.1792763576727,31.8715161392486,30.4592458368344));
#5027=CARTESIAN_POINT('Ctrl Pts',(88.3409901734785,43.2835646936284,45.1424648967766));
#5028=CARTESIAN_POINT('Ctrl Pts',(99.6154599402171,-2.29369108596389,45.2591959403519));
#5029=CARTESIAN_POINT('Ctrl Pts',(102.946751333125,-1.37919227605333,35.5263065257513));
#5030=CARTESIAN_POINT('Ctrl Pts',(114.221221099863,-46.9564480556456,35.6430375693266));
#5031=CARTESIAN_POINT('Ctrl Pts',(74.0595072840574,-58.3684966100254,20.9598185093845));
#5032=CARTESIAN_POINT('Ctrl Pts',(33.8977934682515,-69.7805451644052,6.27659944944228));
#5033=CARTESIAN_POINT('Ctrl Pts',(22.6233237015129,-24.2032893848129,6.15986840586697));
#5034=CARTESIAN_POINT('Ctrl Pts',(11.3488539347743,21.3739663947793,6.04313736229167));
#5035=CARTESIAN_POINT('Ctrl Pts',(51.5105677505802,32.7860149491592,20.7263564222339));
#5036=CARTESIAN_POINT('Ctrl Pts',(91.6722815663861,44.1980635035389,35.409575482176));
#5037=CARTESIAN_POINT('Ctrl Pts',(102.946751333125,-1.37919227605333,35.5263065257513));
#5038=CARTESIAN_POINT('Ctrl Pts',(106.278042726032,-0.464693466142764,25.7934171111508));
#5039=CARTESIAN_POINT('Ctrl Pts',(117.552512492771,-46.041949245735,25.9101481547261));
#5040=CARTESIAN_POINT('Ctrl Pts',(77.3907986769649,-57.4539978001149,11.2269290947839));
#5041=CARTESIAN_POINT('Ctrl Pts',(37.229084861159,-68.8660463544946,-3.45628996515829));
#5042=CARTESIAN_POINT('Ctrl Pts',(25.9546150944204,-23.2887905749024,-3.57302100873359));
#5043=CARTESIAN_POINT('Ctrl Pts',(14.6801453276818,22.2884652046899,-3.68975205230889));
#5044=CARTESIAN_POINT('Ctrl Pts',(54.8418591434877,33.7005137590697,10.9934670076333));
#5045=CARTESIAN_POINT('Ctrl Pts',(95.0035729592935,45.1125623134495,25.6766860675755));
#5046=CARTESIAN_POINT('Ctrl Pts',(106.278042726032,-0.464693466142764,25.7934171111508));
#5047=CARTESIAN_POINT('Ctrl Pts',(96.8713143631661,-3.13763818426981,22.3542946219363));
#5048=CARTESIAN_POINT('Ctrl Pts',(105.505063292705,-38.0397303836974,22.4436847700642));
#5049=CARTESIAN_POINT('Ctrl Pts',(74.750077839765,-46.7788342199502,11.1995881993365));
#5050=CARTESIAN_POINT('Ctrl Pts',(43.9950923868252,-55.5179380562029,-0.044508371391258));
#5051=CARTESIAN_POINT('Ctrl Pts',(35.3613434572864,-20.6158458567753,-0.133898519519153));
#5052=CARTESIAN_POINT('Ctrl Pts',(26.7275945277477,14.2862463426522,-0.223288667647043));
#5053=CARTESIAN_POINT('Ctrl Pts',(57.4825799806875,23.025350178905,11.0208079030807));
#5054=CARTESIAN_POINT('Ctrl Pts',(88.2375654336274,31.7644540151578,22.2649044738084));
#5055=CARTESIAN_POINT('Ctrl Pts',(96.8713143631661,-3.13763818426981,22.3542946219363));
#5056=CARTESIAN_POINT('Ctrl Pts',(87.4645860003002,-5.81058290239685,18.9151721327219));
#5057=CARTESIAN_POINT('Ctrl Pts',(93.4576140926391,-30.0375115216597,18.9772213854024));
#5058=CARTESIAN_POINT('Ctrl Pts',(72.1093570025652,-36.1036706397854,11.1722473038891));
#5059=CARTESIAN_POINT('Ctrl Pts',(50.7610999124913,-42.1698297579112,3.36727322237578));
#5060=CARTESIAN_POINT('Ctrl Pts',(44.7680718201524,-17.9429011386483,3.30522396969529));
#5061=CARTESIAN_POINT('Ctrl Pts',(38.7750437278135,6.2840274806146,3.24317471701481));
#5062=CARTESIAN_POINT('Ctrl Pts',(60.1233008178873,12.3501865987403,11.0481487985281));
#5063=CARTESIAN_POINT('Ctrl Pts',(81.4715579079613,18.416345716866,18.8531228800414));
#5064=CARTESIAN_POINT('Ctrl Pts',(87.4645860003002,-5.81058290239685,18.9151721327219));
#5065=CARTESIAN_POINT('Ctrl Pts',(84.1332946073927,-6.72508171230742,28.6480615473224));
#5066=CARTESIAN_POINT('Ctrl Pts',(90.1263226997316,-30.9520103315703,28.7101108000029));
#5067=CARTESIAN_POINT('Ctrl Pts',(68.7780656096577,-37.018169449696,20.9051367184896));
#5068=CARTESIAN_POINT('Ctrl Pts',(47.4298085195838,-43.0843285678217,13.1001626369763));
#5069=CARTESIAN_POINT('Ctrl Pts',(41.4367804272449,-18.8573999485588,13.0381133842959));
#5070=CARTESIAN_POINT('Ctrl Pts',(35.4437523349059,5.36952867070405,12.9760641316154));
#5071=CARTESIAN_POINT('Ctrl Pts',(56.7920094249798,11.4356877888298,20.7810382131287));
#5072=CARTESIAN_POINT('Ctrl Pts',(78.1402665150537,17.5018469069555,28.586012294642));
#5073=CARTESIAN_POINT('Ctrl Pts',(84.1332946073927,-6.72508171230742,28.6480615473224));
#5074=CARTESIAN_POINT('',(21.9998633230581,-1.68576702577024,7.78204947555346));
#5075=CARTESIAN_POINT('Ctrl Pts',(25.0399069692599,-8.41910632712942E-9,
3.77803517038065));
#5076=CARTESIAN_POINT('Ctrl Pts',(24.9391194868998,-8.30621555042527E-9,
3.87189709066547));
#5077=CARTESIAN_POINT('Ctrl Pts',(24.8403471236011,-8.19088006070821E-9,
3.96779164403236));
#5078=CARTESIAN_POINT('Ctrl Pts',(24.7436464100982,-8.07317400407919E-9,
4.06565718133825));
#5079=CARTESIAN_POINT('Origin',(31.4359611048595,-3.6419562311562,10.7567631939202));
#5080=CARTESIAN_POINT('',(22.867383551444,-1.68576837957308,15.7033093402346));
#5081=CARTESIAN_POINT('Ctrl Pts',(35.8302478835408,1.60518449131156,-2.40694156683665));
#5082=CARTESIAN_POINT('Ctrl Pts',(30.5114877982726,-18.7433002514617,10.1809351456052));
#5083=CARTESIAN_POINT('Ctrl Pts',(34.8263076493157,-33.2183121476825,-8.44322068011715));
#5084=CARTESIAN_POINT('Ctrl Pts',(39.1411275003588,-47.6933240439034,-27.0673765058395));
#5085=CARTESIAN_POINT('Ctrl Pts',(44.4598875856271,-27.3448393011301,-39.6552532182814));
#5086=CARTESIAN_POINT('Ctrl Pts',(49.7786476708953,-6.99635455835687,-52.2431299307233));
#5087=CARTESIAN_POINT('Ctrl Pts',(45.4638278198522,7.47865733786398,-33.6189741050009));
#5088=CARTESIAN_POINT('Ctrl Pts',(41.1490079688091,21.9536692340848,-14.9948182792785));
#5089=CARTESIAN_POINT('Ctrl Pts',(35.8302478835408,1.60518449131156,-2.40694156683665));
#5090=CARTESIAN_POINT('Ctrl Pts',(25.9357789732153,2.50795138997645,-5.31241302354583));
#5091=CARTESIAN_POINT('Ctrl Pts',(20.617018887947,-17.8405333527968,7.27546368889602));
#5092=CARTESIAN_POINT('Ctrl Pts',(24.9318387389902,-32.3155452490176,-11.3486921368263));
#5093=CARTESIAN_POINT('Ctrl Pts',(29.2466585900333,-46.7905571452385,-29.9728479625487));
#5094=CARTESIAN_POINT('Ctrl Pts',(34.5654186753015,-26.4420724024652,-42.5607246749906));
#5095=CARTESIAN_POINT('Ctrl Pts',(39.8841787605698,-6.09358765969198,-55.1486013874324));
#5096=CARTESIAN_POINT('Ctrl Pts',(35.5693589095267,8.38142423652887,-36.5244455617101));
#5097=CARTESIAN_POINT('Ctrl Pts',(31.2545390584836,22.8564361327497,-17.9002897359877));
#5098=CARTESIAN_POINT('Ctrl Pts',(25.9357789732153,2.50795138997645,-5.31241302354583));
#5099=CARTESIAN_POINT('Ctrl Pts',(24.0296666467109,8.90242428900469,2.91498330252926));
#5100=CARTESIAN_POINT('Ctrl Pts',(16.3612941766293,-20.4351953268062,21.0636731646331));
#5101=CARTESIAN_POINT('Ctrl Pts',(22.5822263541768,-41.3046801220553,-5.78787898716438));
#5102=CARTESIAN_POINT('Ctrl Pts',(28.8031585317243,-62.1741649173043,-32.6394311389619));
#5103=CARTESIAN_POINT('Ctrl Pts',(36.4715310018059,-32.8365453014935,-50.7881210010657));
#5104=CARTESIAN_POINT('Ctrl Pts',(44.1399034718875,-3.49892568568259,-68.9368108631695));
#5105=CARTESIAN_POINT('Ctrl Pts',(37.91897129434,17.3705591095665,-42.085258711372));
#5106=CARTESIAN_POINT('Ctrl Pts',(31.6980391167925,38.2400439048156,-15.2337065595746));
#5107=CARTESIAN_POINT('Ctrl Pts',(24.0296666467109,8.90242428900469,2.91498330252926));
#5108=CARTESIAN_POINT('Ctrl Pts',(22.1235543202065,15.2968971880329,11.1423796286043));
#5109=CARTESIAN_POINT('Ctrl Pts',(12.1055694653116,-23.0298573008156,34.8518826403701));
#5110=CARTESIAN_POINT('Ctrl Pts',(20.2326139693634,-50.2938149950929,-0.227065837502428));
#5111=CARTESIAN_POINT('Ctrl Pts',(28.3596584734154,-77.5577726893702,-35.306014315375));
#5112=CARTESIAN_POINT('Ctrl Pts',(38.3776433283103,-39.2310182005217,-59.0155173271408));
#5113=CARTESIAN_POINT('Ctrl Pts',(48.3956281832053,-0.904263711673198,-82.7250203389065));
#5114=CARTESIAN_POINT('Ctrl Pts',(40.2685836791534,26.3596939826041,-47.646071861034));
#5115=CARTESIAN_POINT('Ctrl Pts',(32.1415391751015,53.6236516768814,-12.5671233831614));
#5116=CARTESIAN_POINT('Ctrl Pts',(22.1235543202065,15.2968971880329,11.1423796286043));
#5117=CARTESIAN_POINT('Ctrl Pts',(32.0180232305321,14.394130289368,14.0478510853135));
#5118=CARTESIAN_POINT('Ctrl Pts',(22.0000383756371,-23.9326241994805,37.7573540970793));
#5119=CARTESIAN_POINT('Ctrl Pts',(30.127082879689,-51.1965818937578,2.67840561920676));
#5120=CARTESIAN_POINT('Ctrl Pts',(38.2541273837409,-78.4605395880351,-32.4005428586658));
#5121=CARTESIAN_POINT('Ctrl Pts',(48.2721122386359,-40.1337850991866,-56.1100458704316));
#5122=CARTESIAN_POINT('Ctrl Pts',(58.2900970935308,-1.80703061033809,-79.8195488821974));
#5123=CARTESIAN_POINT('Ctrl Pts',(50.1630525894789,25.4569270839392,-44.7406004043248));
#5124=CARTESIAN_POINT('Ctrl Pts',(42.036008085427,52.7208847782165,-9.66165192645225));
#5125=CARTESIAN_POINT('Ctrl Pts',(32.0180232305321,14.394130289368,14.0478510853135));
#5126=CARTESIAN_POINT('Ctrl Pts',(41.9124921408576,13.4913633907031,16.9533225420227));
#5127=CARTESIAN_POINT('Ctrl Pts',(31.8945072859626,-24.8353910981454,40.6628255537885));
#5128=CARTESIAN_POINT('Ctrl Pts',(40.0215517900145,-52.0993487924227,5.58387707591595));
#5129=CARTESIAN_POINT('Ctrl Pts',(48.1485962940664,-79.3633064867,-29.4950714019566));
#5130=CARTESIAN_POINT('Ctrl Pts',(58.1665811489614,-41.0365519978515,-53.2045744137224));
#5131=CARTESIAN_POINT('Ctrl Pts',(68.1845660038564,-2.70979750900298,-76.9140774254882));
#5132=CARTESIAN_POINT('Ctrl Pts',(60.0575214998045,24.5541601852743,-41.8351289476156));
#5133=CARTESIAN_POINT('Ctrl Pts',(51.9304769957525,51.8181178795516,-6.75618046974306));
#5134=CARTESIAN_POINT('Ctrl Pts',(41.9124921408576,13.4913633907031,16.9533225420227));
#5135=CARTESIAN_POINT('Ctrl Pts',(43.818604467362,7.09689049167491,8.72592621594764));
#5136=CARTESIAN_POINT('Ctrl Pts',(36.1502319972804,-22.240729124136,26.8746160780514));
#5137=CARTESIAN_POINT('Ctrl Pts',(42.3711641748279,-43.1102139193851,0.0230639262539905));
#5138=CARTESIAN_POINT('Ctrl Pts',(48.5920963523754,-63.9796987146341,-26.8284882255435));
#5139=CARTESIAN_POINT('Ctrl Pts',(56.260468822457,-34.6420790988232,-44.9771780876473));
#5140=CARTESIAN_POINT('Ctrl Pts',(63.9288412925386,-5.30445948301236,-63.1258679497511));
#5141=CARTESIAN_POINT('Ctrl Pts',(57.7079091149911,15.5650253122367,-36.2743157979537));
#5142=CARTESIAN_POINT('Ctrl Pts',(51.4869769374436,36.4345101074858,-9.42276364615618));
#5143=CARTESIAN_POINT('Ctrl Pts',(43.818604467362,7.09689049167491,8.72592621594764));
#5144=CARTESIAN_POINT('Ctrl Pts',(45.7247167938664,0.702417592646673,0.498529889872542));
#5145=CARTESIAN_POINT('Ctrl Pts',(40.4059567085981,-19.6460671501266,13.0864066023144));
#5146=CARTESIAN_POINT('Ctrl Pts',(44.7207765596412,-34.1210790463474,-5.53774922340796));
#5147=CARTESIAN_POINT('Ctrl Pts',(49.0355964106843,-48.5960909425683,-24.1619050491303));
#5148=CARTESIAN_POINT('Ctrl Pts',(54.3543564959526,-28.247606199795,-36.7497817615722));
#5149=CARTESIAN_POINT('Ctrl Pts',(59.6731165812209,-7.89912145702176,-49.3376584740141));
#5150=CARTESIAN_POINT('Ctrl Pts',(55.3582967301778,6.57589043919909,-30.7135026482917));
#5151=CARTESIAN_POINT('Ctrl Pts',(51.0434768791347,21.0509023354199,-12.0893468225693));
#5152=CARTESIAN_POINT('Ctrl Pts',(45.7247167938664,0.702417592646673,0.498529889872542));
#5153=CARTESIAN_POINT('Ctrl Pts',(35.8302478835408,1.60518449131156,-2.40694156683665));
#5154=CARTESIAN_POINT('Ctrl Pts',(30.5114877982726,-18.7433002514617,10.1809351456052));
#5155=CARTESIAN_POINT('Ctrl Pts',(34.8263076493157,-33.2183121476825,-8.44322068011715));
#5156=CARTESIAN_POINT('Ctrl Pts',(39.1411275003588,-47.6933240439034,-27.0673765058395));
#5157=CARTESIAN_POINT('Ctrl Pts',(44.4598875856271,-27.3448393011301,-39.6552532182814));
#5158=CARTESIAN_POINT('Ctrl Pts',(49.7786476708953,-6.99635455835687,-52.2431299307233));
#5159=CARTESIAN_POINT('Ctrl Pts',(45.4638278198522,7.47865733786398,-33.6189741050009));
#5160=CARTESIAN_POINT('Ctrl Pts',(41.1490079688091,21.9536692340848,-14.9948182792785));
#5161=CARTESIAN_POINT('Ctrl Pts',(35.8302478835408,1.60518449131156,-2.40694156683665));
#5162=CARTESIAN_POINT('',(29.2936343143835,-1.68576739403917,20.415231901778));
#5163=CARTESIAN_POINT('Ctrl Pts',(24.4545814759555,7.66756471258241E-9,
17.1531395164694));
#5164=CARTESIAN_POINT('Ctrl Pts',(24.5487761663004,7.78846891473929E-9,
17.2536641219854));
#5165=CARTESIAN_POINT('Ctrl Pts',(24.6449753965499,7.90693163898429E-9,
17.3521587838319));
#5166=CARTESIAN_POINT('Ctrl Pts',(24.7431167458822,8.02288702413636E-9,
17.4485687427809));
#5167=CARTESIAN_POINT('Origin',(31.4347308600425,-4.07398172704458,10.7563398239379));
#5168=CARTESIAN_POINT('',(37.1091459225072,-1.68576779875326,18.8606313318602));
#5169=CARTESIAN_POINT('Ctrl Pts',(21.4813642081624,-6.17382507406486,7.70926936056329));
#5170=CARTESIAN_POINT('Ctrl Pts',(21.7041708485256,-7.07769716637711,7.8322480810833));
#5171=CARTESIAN_POINT('Ctrl Pts',(21.8606596521184,-8.00011767761653,7.93557404400258));
#5172=CARTESIAN_POINT('Ctrl Pts',(25.7305457675483,-30.8110935882211,10.4907709659841));
#5173=CARTESIAN_POINT('Ctrl Pts',(5.2626615113129,-35.5695621137431,4.36832630434939));
#5174=CARTESIAN_POINT('Ctrl Pts',(-15.2052227449225,-40.328030639265,-1.75411835728535));
#5175=CARTESIAN_POINT('Ctrl Pts',(-19.0751088603525,-17.5170547286605,-4.3093152792669));
#5176=CARTESIAN_POINT('Ctrl Pts',(-22.9449949757825,5.29392118194411,-6.86451220124846));
#5177=CARTESIAN_POINT('Ctrl Pts',(-2.47711071954706,10.0523897074661,-0.74206753961372));
#5178=CARTESIAN_POINT('Ctrl Pts',(16.3997668451852,14.4409736288621,4.90446811730543));
#5179=CARTESIAN_POINT('Ctrl Pts',(21.4813642081624,-6.17382507406486,7.70926936056329));
#5180=CARTESIAN_POINT('Ctrl Pts',(18.3975367426901,-5.50887056027232,17.5671640365297));
#5181=CARTESIAN_POINT('Ctrl Pts',(18.6203433830533,-6.41274265258457,17.6901427570497));
#5182=CARTESIAN_POINT('Ctrl Pts',(18.776832186646,-7.33516316382398,17.793468719969));
#5183=CARTESIAN_POINT('Ctrl Pts',(22.646718302076,-30.1461390744285,20.3486656419506));
#5184=CARTESIAN_POINT('Ctrl Pts',(2.17883404584057,-34.9046075999505,14.2262209803158));
#5185=CARTESIAN_POINT('Ctrl Pts',(-18.2890502103949,-39.6630761254725,8.10377631868108));
#5186=CARTESIAN_POINT('Ctrl Pts',(-22.1589363258249,-16.8521002148679,5.54857939669952));
#5187=CARTESIAN_POINT('Ctrl Pts',(-26.0288224412548,5.95887569573665,2.99338247471797));
#5188=CARTESIAN_POINT('Ctrl Pts',(-5.56093818501938,10.7173442212586,9.1158271363527));
#5189=CARTESIAN_POINT('Ctrl Pts',(13.3159393797129,15.1059281426547,14.7623627932718));
#5190=CARTESIAN_POINT('Ctrl Pts',(18.3975367426901,-5.50887056027232,17.5671640365297));
#5191=CARTESIAN_POINT('Ctrl Pts',(27.923201647887,-2.38648956166382,20.3630126743441));
#5192=CARTESIAN_POINT('Ctrl Pts',(28.2516593827389,-3.71896232617772,20.5443057987822));
#5193=CARTESIAN_POINT('Ctrl Pts',(28.482352497962,-5.07877885233163,20.6966271644136));
#5194=CARTESIAN_POINT('Ctrl Pts',(34.1872723582375,-38.7063290238476,24.4634547227247));
#5195=CARTESIAN_POINT('Ctrl Pts',(4.01386779068614,-45.7211818608619,15.4378516166454));
#5196=CARTESIAN_POINT('Ctrl Pts',(-26.1595367768652,-52.7360346978763,6.41224851056616));
#5197=CARTESIAN_POINT('Ctrl Pts',(-31.8644566371408,-19.1084845263603,2.64542095225496));
#5198=CARTESIAN_POINT('Ctrl Pts',(-37.5693764974163,14.5190656451557,-1.12140660605623));
#5199=CARTESIAN_POINT('Ctrl Pts',(-7.39597192986494,21.5339184821701,7.90419650002306));
#5200=CARTESIAN_POINT('Ctrl Pts',(20.4319978105483,28.0034937680765,16.2282226987457));
#5201=CARTESIAN_POINT('Ctrl Pts',(27.923201647887,-2.38648956166382,20.3630126743441));
#5202=CARTESIAN_POINT('Ctrl Pts',(37.4488665530838,0.73589143694469,23.1588613121584));
#5203=CARTESIAN_POINT('Ctrl Pts',(37.8829753824246,-1.02518199977086,23.3984688405146));
#5204=CARTESIAN_POINT('Ctrl Pts',(38.1878728092779,-2.82239454083928,23.5997856088581));
#5205=CARTESIAN_POINT('Ctrl Pts',(45.727826414399,-47.2665189732667,28.5782438034989));
#5206=CARTESIAN_POINT('Ctrl Pts',(5.8489015355317,-56.5377561217734,16.6494822529751));
#5207=CARTESIAN_POINT('Ctrl Pts',(-34.0300233433356,-65.8089932702801,4.72072070245123));
#5208=CARTESIAN_POINT('Ctrl Pts',(-41.5699769484567,-21.3648688378526,-0.257737492189605));
#5209=CARTESIAN_POINT('Ctrl Pts',(-49.1099305535778,23.0792555945748,-5.23619568683043));
#5210=CARTESIAN_POINT('Ctrl Pts',(-9.23100567471049,32.3504927430815,6.69256586369342));
#5211=CARTESIAN_POINT('Ctrl Pts',(27.5480562413837,40.9010593934983,17.6940826042195));
#5212=CARTESIAN_POINT('Ctrl Pts',(37.4488665530838,0.73589143694469,23.1588613121584));
#5213=CARTESIAN_POINT('Ctrl Pts',(40.5326940185561,0.0709369231521431,13.300966636192));
#5214=CARTESIAN_POINT('Ctrl Pts',(40.9668028478969,-1.69013651356341,13.5405741645482));
#5215=CARTESIAN_POINT('Ctrl Pts',(41.2717002747502,-3.48734905463182,13.7418909328917));
#5216=CARTESIAN_POINT('Ctrl Pts',(48.8116538798713,-47.9314734870593,18.7203491275325));
#5217=CARTESIAN_POINT('Ctrl Pts',(8.93272900100401,-57.2027106355659,6.79158757700867));
#5218=CARTESIAN_POINT('Ctrl Pts',(-30.9461958778633,-66.4739477840726,-5.13717397351518));
#5219=CARTESIAN_POINT('Ctrl Pts',(-38.4861494829844,-22.0298233516452,-10.115632168156));
#5220=CARTESIAN_POINT('Ctrl Pts',(-46.0261030881055,22.4143010807823,-15.0940903627968));
#5221=CARTESIAN_POINT('Ctrl Pts',(-6.14717820923818,31.685538229289,-3.165328812273));
#5222=CARTESIAN_POINT('Ctrl Pts',(30.631883706856,40.2361048797057,7.83618792825308));
#5223=CARTESIAN_POINT('Ctrl Pts',(40.5326940185561,0.0709369231521431,13.300966636192));
#5224=CARTESIAN_POINT('Ctrl Pts',(43.6165214840284,-0.594017590640397,3.44307196022559));
#5225=CARTESIAN_POINT('Ctrl Pts',(44.0506303133692,-2.35509102735596,3.68267948858175));
#5226=CARTESIAN_POINT('Ctrl Pts',(44.3555277402226,-4.15230356842437,3.88399625692526));
#5227=CARTESIAN_POINT('Ctrl Pts',(51.8954813453436,-48.5964280008518,8.86245445156609));
#5228=CARTESIAN_POINT('Ctrl Pts',(12.0165564664763,-57.8676651493585,-3.06630709895775));
#5229=CARTESIAN_POINT('Ctrl Pts',(-27.862368412391,-67.1389022978651,-14.9950686494816));
#5230=CARTESIAN_POINT('Ctrl Pts',(-35.4023220175121,-22.6947778654377,-19.9735268441224));
#5231=CARTESIAN_POINT('Ctrl Pts',(-42.9422756226332,21.7493465669897,-24.9519850387633));
#5232=CARTESIAN_POINT('Ctrl Pts',(-3.06335074376585,31.0205837154964,-13.0232234882394));
#5233=CARTESIAN_POINT('Ctrl Pts',(33.7157111723283,39.5711503659132,-2.02170674771334));
#5234=CARTESIAN_POINT('Ctrl Pts',(43.6165214840284,-0.594017590640397,3.44307196022559));
#5235=CARTESIAN_POINT('Ctrl Pts',(34.0908565788316,-3.7163985892489,0.647223322411226));
#5236=CARTESIAN_POINT('Ctrl Pts',(34.4193143136836,-5.04887135376281,0.828516446849312));
#5237=CARTESIAN_POINT('Ctrl Pts',(34.6500074289066,-6.40868787991672,0.980837812480707));
#5238=CARTESIAN_POINT('Ctrl Pts',(40.3549272891822,-40.0362380514327,4.7476653707919));
#5239=CARTESIAN_POINT('Ctrl Pts',(10.1815227216308,-47.051090888447,-4.2779377352874));
#5240=CARTESIAN_POINT('Ctrl Pts',(-19.9918818459206,-54.0659437254613,-13.3035408413667));
#5241=CARTESIAN_POINT('Ctrl Pts',(-25.6968017061961,-20.4383935539453,-17.0703683996779));
#5242=CARTESIAN_POINT('Ctrl Pts',(-31.4017215664717,13.1891566175707,-20.8371959579891));
#5243=CARTESIAN_POINT('Ctrl Pts',(-1.2283169989203,20.204009454585,-11.8115928519098));
#5244=CARTESIAN_POINT('Ctrl Pts',(26.5996527414929,26.6735847404914,-3.48756665318717));
#5245=CARTESIAN_POINT('Ctrl Pts',(34.0908565788316,-3.7163985892489,0.647223322411226));
#5246=CARTESIAN_POINT('Ctrl Pts',(24.5651916736348,-6.83877958785741,-2.14862531540314));
#5247=CARTESIAN_POINT('Ctrl Pts',(24.787998313998,-7.74265168016965,-2.02564659488313));
#5248=CARTESIAN_POINT('Ctrl Pts',(24.9444871175907,-8.66507219140907,-1.92232063196385));
#5249=CARTESIAN_POINT('Ctrl Pts',(28.8143732330207,-31.4760481020136,0.632876290017703));
#5250=CARTESIAN_POINT('Ctrl Pts',(8.34648897678522,-36.2345166275356,-5.48956837161704));
#5251=CARTESIAN_POINT('Ctrl Pts',(-12.1213952794502,-40.9929851530576,-11.6120130332518));
#5252=CARTESIAN_POINT('Ctrl Pts',(-15.9912813948802,-18.182009242453,-14.1672099552333));
#5253=CARTESIAN_POINT('Ctrl Pts',(-19.8611675103102,4.62896666815156,-16.7224068772149));
#5254=CARTESIAN_POINT('Ctrl Pts',(0.606716745925264,9.38743519367353,-10.5999622155801));
#5255=CARTESIAN_POINT('Ctrl Pts',(19.4835943106575,13.7760191150696,-4.953426558661));
#5256=CARTESIAN_POINT('Ctrl Pts',(24.5651916736348,-6.83877958785741,-2.14862531540314));
#5257=CARTESIAN_POINT('Ctrl Pts',(21.4813642081624,-6.17382507406486,7.70926936056329));
#5258=CARTESIAN_POINT('Ctrl Pts',(21.7041708485256,-7.07769716637711,7.8322480810833));
#5259=CARTESIAN_POINT('Ctrl Pts',(21.8606596521184,-8.00011767761653,7.93557404400257));
#5260=CARTESIAN_POINT('Ctrl Pts',(25.7305457675483,-30.8110935882211,10.4907709659841));
#5261=CARTESIAN_POINT('Ctrl Pts',(5.2626615113129,-35.5695621137431,4.36832630434939));
#5262=CARTESIAN_POINT('Ctrl Pts',(-15.2052227449225,-40.328030639265,-1.75411835728535));
#5263=CARTESIAN_POINT('Ctrl Pts',(-19.0751088603525,-17.5170547286605,-4.30931527926691));
#5264=CARTESIAN_POINT('Ctrl Pts',(-22.9449949757825,5.29392118194411,-6.86451220124846));
#5265=CARTESIAN_POINT('Ctrl Pts',(-2.47711071954706,10.0523897074661,-0.742067539613722));
#5266=CARTESIAN_POINT('Ctrl Pts',(16.3997668451852,14.4409736288621,4.90446811730543));
#5267=CARTESIAN_POINT('Ctrl Pts',(21.4813642081624,-6.17382507406486,7.70926936056329));
#5268=CARTESIAN_POINT('',(41.2430516575231,-1.68576764738273,12.0481621140961));
#5269=CARTESIAN_POINT('Ctrl Pts',(37.8289830151615,8.37798392758079E-9,
17.7438134159976));
#5270=CARTESIAN_POINT('Ctrl Pts',(37.9306881361814,8.26270224222962E-9,
17.6479635973362));
#5271=CARTESIAN_POINT('Ctrl Pts',(38.0302868979235,8.14496989037452E-9,
17.5500761960027));
#5272=CARTESIAN_POINT('Ctrl Pts',(38.1277235025934,8.02486626722303E-9,
17.4502172245606));
#5273=CARTESIAN_POINT('Origin',(31.4355887384196,-5.61730659543592,10.7566500859213));
#5274=CARTESIAN_POINT('Origin',(31.4351668731223,-5.72038984240056,10.7559967075534));
#5275=CARTESIAN_POINT('Origin',(31.4351785681527,-6.13102448284144,10.757196402829));
#5276=CARTESIAN_POINT('',(21.0806491557004,-6.10738150590226,7.98248843652171));
#5277=CARTESIAN_POINT('',(21.3329851320638,-4.44629176144865,8.05010102832427));
#5278=CARTESIAN_POINT('',(27.7639751445208,-6.19365459537126,0.671250419801698));
#5279=CARTESIAN_POINT('',(27.7639808758154,-6.19279564470646,0.671281104271597));
#5280=CARTESIAN_POINT('',(23.5137478573899,-6.23966878762484,3.50226657404726));
#5281=CARTESIAN_POINT('Ctrl Pts',(23.5217089924497,-6.19279077571678,3.50583950638309));
#5282=CARTESIAN_POINT('Ctrl Pts',(23.8117349706983,-6.19278655018223,3.18934628001383));
#5283=CARTESIAN_POINT('Ctrl Pts',(24.1190728390971,-6.19279089924938,2.89187202390505));
#5284=CARTESIAN_POINT('Ctrl Pts',(24.4445323340847,-6.19279313329666,2.61253814275881));
#5285=CARTESIAN_POINT('Ctrl Pts',(24.7699918306476,-6.19279536734394,2.3332042602605));
#5286=CARTESIAN_POINT('Ctrl Pts',(25.113740939834,-6.19279566210872,2.07219399276796));
#5287=CARTESIAN_POINT('Ctrl Pts',(25.4719711106383,-6.1927967963588,1.8328365548043));
#5288=CARTESIAN_POINT('Ctrl Pts',(25.8302012814427,-6.19279793060888,1.59347911684064));
#5289=CARTESIAN_POINT('Ctrl Pts',(26.2028945034878,-6.19279990711687,1.37578651944588));
#5290=CARTESIAN_POINT('Ctrl Pts',(26.5855181228583,-6.19279819435524,1.18200349803417));
#5291=CARTESIAN_POINT('Ctrl Pts',(26.9681417403382,-6.19279648159362,0.988220477579923));
#5292=CARTESIAN_POINT('Ctrl Pts',(27.3605907322059,-6.19279089410579,0.818121764557208));
#5293=CARTESIAN_POINT('Ctrl Pts',(27.7639860542835,-6.19279774717228,0.67129535044143));
#5294=CARTESIAN_POINT('Origin',(31.5892534546257,-7.40686710296073,10.7904004899399));
#5295=CARTESIAN_POINT('Origin',(31.4354449429293,-6.04101301222687,10.7567242226593));
#5296=CARTESIAN_POINT('',(23.5218714616795,-6.19302097684087,18.0080845225537));
#5297=CARTESIAN_POINT('',(21.3386305498732,-6.2450570610997,14.4281113323206));
#5298=CARTESIAN_POINT('Origin',(31.4354974208405,-6.20109397124817,10.7567096314965));
#5299=CARTESIAN_POINT('',(23.5178535884246,-6.22782790687205,18.0117779329369));
#5300=CARTESIAN_POINT('',(20.8837308236649,-6.10243741888751,8.87320597942455));
#5301=CARTESIAN_POINT('',(20.8650194786443,-6.19279690127462,8.89313995038671));
#5302=CARTESIAN_POINT('Origin',(31.5904155322688,-7.39548393534338,10.7906530029802));
#5303=CARTESIAN_POINT('Origin',(31.4349667325921,-6.23358340921819,10.7565390467492));
#5304=CARTESIAN_POINT('',(30.0339182870853,-6.19279650987119,21.3979421653274));
#5305=CARTESIAN_POINT('Ctrl Pts',(30.0339181831731,-6.19279651344389,21.3979421534123));
#5306=CARTESIAN_POINT('Ctrl Pts',(29.7243810125952,-6.19279692390721,21.3571946351643));
#5307=CARTESIAN_POINT('Ctrl Pts',(29.2627479315093,-6.19279459171937,21.2757856508496));
#5308=CARTESIAN_POINT('Ctrl Pts',(28.6560833801069,-6.19279691518499,21.1273400852128));
#5309=CARTESIAN_POINT('Ctrl Pts',(28.2063772188678,-6.19279563645541,20.9962594856034));
#5310=CARTESIAN_POINT('Ctrl Pts',(27.7628149424778,-6.19279736848116,20.8456921455594));
#5311=CARTESIAN_POINT('Ctrl Pts',(27.3262412832486,-6.19279554102547,20.6759190629244));
#5312=CARTESIAN_POINT('Ctrl Pts',(26.8974902726959,-6.19279654824589,20.487262217517));
#5313=CARTESIAN_POINT('Ctrl Pts',(26.4773747747526,-6.19279709763521,20.2800871314895));
#5314=CARTESIAN_POINT('Ctrl Pts',(26.06669858075,-6.19279508986469,20.0547782269554));
#5315=CARTESIAN_POINT('Ctrl Pts',(25.6662393904468,-6.19279551134199,19.8117716870124));
#5316=CARTESIAN_POINT('Ctrl Pts',(25.2767582275218,-6.19279551559518,19.551535051134));
#5317=CARTESIAN_POINT('Ctrl Pts',(24.8990047500848,-6.19279557401612,19.2745503182032));
#5318=CARTESIAN_POINT('Ctrl Pts',(24.5336888748849,-6.19279709544775,18.9813559507752));
#5319=CARTESIAN_POINT('Ctrl Pts',(24.0641737953461,-6.19279648727111,18.5696011501356));
#5320=CARTESIAN_POINT('Ctrl Pts',(23.7327571854722,-6.19279681503485,18.2382019737242));
#5321=CARTESIAN_POINT('Ctrl Pts',(23.5218809212346,-6.19279665703052,18.0080759726008));
#5322=CARTESIAN_POINT('',(32.8357613762273,-6.19279651344389,21.3979421534123));
#5323=CARTESIAN_POINT('Ctrl Pts',(32.8357613762273,-6.19279651344389,21.3979421534123));
#5324=CARTESIAN_POINT('Ctrl Pts',(32.3707617310656,-6.19279720837481,21.4532128513133));
#5325=CARTESIAN_POINT('Ctrl Pts',(31.4348398842172,-6.19279519274554,21.5263106748643));
#5326=CARTESIAN_POINT('Ctrl Pts',(30.4989180373689,-6.19279720837435,21.4532128676394));
#5327=CARTESIAN_POINT('Ctrl Pts',(30.03391849474,-6.19279651344436,21.3979421904457));
#5328=CARTESIAN_POINT('',(32.7999099148168,-4.44629067746674,21.1256237236391));
#5329=CARTESIAN_POINT('Origin',(31.4346082718434,-6.19726984023497,10.7565833039625));
#5330=CARTESIAN_POINT('',(33.7345153677731,-6.11238451092094,21.2271014251478));
#5331=CARTESIAN_POINT('',(33.7578566845312,-6.19279562534131,21.2353491066176));
#5332=CARTESIAN_POINT('',(40.2320470600973,-6.2319900980925,16.9185304635074));
#5333=CARTESIAN_POINT('Origin',(31.422507114979,-6.64870757888116,10.6595856985302));
#5334=CARTESIAN_POINT('',(41.162130678977,-6.19279641646371,15.2927941802615));
#5335=CARTESIAN_POINT('Ctrl Pts',(41.162130678977,-6.19279641646371,15.2927941802615));
#5336=CARTESIAN_POINT('Ctrl Pts',(41.0266795512096,-6.19279687300273,15.5740603596008));
#5337=CARTESIAN_POINT('Ctrl Pts',(40.7449478826935,-6.19279630417633,16.1320777408374));
#5338=CARTESIAN_POINT('Ctrl Pts',(40.4025586465176,-6.19279726854724,16.6550746443815));
#5339=CARTESIAN_POINT('Ctrl Pts',(40.2266986091985,-6.19279641727698,16.913010525808));
#5340=CARTESIAN_POINT('',(40.913194142188,-4.44629102557904,15.1767143881141));
#5341=CARTESIAN_POINT('Origin',(31.4342084685501,-6.00763070544654,10.756942126642));
#5342=CARTESIAN_POINT('',(41.5204447067632,-6.19279725990654,14.4277462027163));
#5343=CARTESIAN_POINT('',(41.5204447067632,-6.19279725990654,14.4277462027163));
#5344=CARTESIAN_POINT('',(41.162130678977,-6.19279547601955,6.22097542295623));
#5345=CARTESIAN_POINT('Ctrl Pts',(41.162130678977,-6.19279547601955,6.22097542295623));
#5346=CARTESIAN_POINT('Ctrl Pts',(41.4509404051212,-6.19279527457117,6.86126288777609));
#5347=CARTESIAN_POINT('Ctrl Pts',(41.9313671794864,-6.19279512834978,8.18780517316788));
#5348=CARTESIAN_POINT('Ctrl Pts',(42.2245780395045,-6.19279603318697,10.2857959757513));
#5349=CARTESIAN_POINT('Ctrl Pts',(42.1153345431086,-6.19279695037531,12.4013572962725));
#5350=CARTESIAN_POINT('Ctrl Pts',(41.7523565111882,-6.19279598750848,13.7647258331288));
#5351=CARTESIAN_POINT('Ctrl Pts',(41.5204447067632,-6.19279725990654,14.4277462027163));
#5352=CARTESIAN_POINT('',(40.48674468664,-6.19290150245237,4.9899411024782));
#5353=CARTESIAN_POINT('Origin',(31.4341792269962,-6.20044629932793,10.7569450571751));
#5354=CARTESIAN_POINT('',(40.4785401960391,-6.13107261100105,4.99518529343575));
#5355=CARTESIAN_POINT('Origin',(31.4346383554395,-6.13640586755317,10.7572374809987));
#5356=CARTESIAN_POINT('',(31.9030001114444,-6.19332888451831,0.0342616075481452));
#5357=CARTESIAN_POINT('Ctrl Pts',(31.9030042815296,-6.19279505835448,0.0342122842821099));
#5358=CARTESIAN_POINT('Ctrl Pts',(32.7607530522696,-6.19278968714272,0.071669100043977));
#5359=CARTESIAN_POINT('Ctrl Pts',(33.6140229780554,-6.19279450072031,0.212550675774692));
#5360=CARTESIAN_POINT('Ctrl Pts',(34.4383017627713,-6.19279612971051,0.452817240921063));
#5361=CARTESIAN_POINT('Ctrl Pts',(35.2625805474872,-6.19279775870071,0.693083806067434));
#5362=CARTESIAN_POINT('Ctrl Pts',(36.0577806280104,-6.19279620517849,1.03269106186741));
#5363=CARTESIAN_POINT('Ctrl Pts',(36.8012745055201,-6.1927960396304,1.46194810235627));
#5364=CARTESIAN_POINT('Ctrl Pts',(37.5447683830297,-6.19279587408231,1.89120514284512));
#5365=CARTESIAN_POINT('Ctrl Pts',(38.2364764587941,-6.19279709740391,2.41006601064169));
#5366=CARTESIAN_POINT('Ctrl Pts',(38.8566924157716,-6.19279616949904,3.00378019401064));
#5367=CARTESIAN_POINT('Ctrl Pts',(39.4768580971894,-6.19279524166938,3.5974462500901));
#5368=CARTESIAN_POINT('Ctrl Pts',(40.0254612186096,-6.19279216278606,4.2658998159832));
#5369=CARTESIAN_POINT('Ctrl Pts',(40.4867499525555,-6.19279465950949,4.9899376547243));
#5370=CARTESIAN_POINT('',(31.8910221012487,-4.44629044380551,0.30863090951272));
#5371=CARTESIAN_POINT('Origin',(31.4315620655137,-8.03837098922933,10.7355909465276));
#5372=CARTESIAN_POINT('',(31.4350782761109,-6.1937364815845,0.0239337900910475));
#5373=CARTESIAN_POINT('Origin',(31.4368890784229,-6.42501791659547,10.7702276685975));
#5374=CARTESIAN_POINT('Origin',(31.4368852387968,-6.42633510617812,10.7702027029999));
#5375=CARTESIAN_POINT('Origin',(31.581388270384,-7.44261447699421,10.7886914288661));
#5376=CARTESIAN_POINT('',(21.3492326239004,-6.19279725990654,14.4277462027163));
#5377=CARTESIAN_POINT('',(23.3648064201727,-7.94914788001349,3.36206290819414));
#5378=CARTESIAN_POINT('Origin',(31.4349681016781,-7.5209028865772,10.7567240373955));
#5379=CARTESIAN_POINT('',(30.0339181831731,-6.19279651344389,21.3979421534123));
#5380=CARTESIAN_POINT('Origin',(31.4282445741019,-7.51816308528974,10.703259479215));
#5381=CARTESIAN_POINT('',(40.2266986091985,-6.19279641727698,16.913010525808));
#5382=CARTESIAN_POINT('Origin',(31.4478096826645,-7.37419242064741,10.7364889621739));
#5383=CARTESIAN_POINT('',(41.162130678977,-6.19279547601955,6.22097542295623));
#5384=CARTESIAN_POINT('Origin',(31.4349522351415,-9.44310896711811,10.7567106170658));
#5385=CARTESIAN_POINT('',(31.4347114980243,-7.54138331769507,-0.1394047137326));
#5386=CARTESIAN_POINT('Origin',(31.4350626276133,-7.54882333366801,10.7573895386188));
#5387=CARTESIAN_POINT('Origin',(31.434203191066,-11.6062496235817,10.756620086994));
#5388=CARTESIAN_POINT('',(20.2732300289027,-10.8134310980995,10.7571236831714));
#5389=CARTESIAN_POINT('Ctrl Pts',(20.3977485087696,-9.05762206936828,10.2842487131804));
#5390=CARTESIAN_POINT('Ctrl Pts',(20.3542000473293,-9.63530817000015,10.4401254717023));
#5391=CARTESIAN_POINT('Ctrl Pts',(20.3139515966679,-10.2129944805415,10.5977190907068));
#5392=CARTESIAN_POINT('Ctrl Pts',(20.2771072111962,-10.7906810285331,10.7568868812117));
#5393=CARTESIAN_POINT('',(23.5126399426533,-10.7908023935226,2.8999408088914));
#5394=CARTESIAN_POINT('Ctrl Pts',(23.5451398104383,-10.7906817203679,2.8671833572819));
#5395=CARTESIAN_POINT('Ctrl Pts',(23.6864423588805,-10.2016994273233,2.7790060858433));
#5396=CARTESIAN_POINT('Ctrl Pts',(23.8290960710735,-9.61271897397516,2.69447650275329));
#5397=CARTESIAN_POINT('Ctrl Pts',(23.9729168125892,-9.02374025284384,2.61362393917253));
#5398=CARTESIAN_POINT('',(20.3695446379556,-10.7973751928966,9.30151580920981));
#5399=CARTESIAN_POINT('Origin',(31.4347018680087,-10.7980396810831,10.7568364671863));
#5400=CARTESIAN_POINT('Origin',(31.4376695376341,-10.8065657373052,10.7414810446854));
#5401=CARTESIAN_POINT('Origin',(31.4349446244975,-9.64202906458381,10.7567922172231));
#5402=CARTESIAN_POINT('',(30.4626724533647,-10.7372092243414,21.8687787028621));
#5403=CARTESIAN_POINT('Origin',(31.4375499027371,-10.869185457279,10.7421181690025));
#5404=CARTESIAN_POINT('',(30.4722037475957,-9.02374156703251,21.7598757545317));
#5405=CARTESIAN_POINT('Origin',(31.4347547869423,-9.64496168507192,10.7567876631038));
#5406=CARTESIAN_POINT('',(31.4289929883803,-10.7692369744432,21.9131411756272));
#5407=CARTESIAN_POINT('',(31.4348397797002,-10.7906803403408,21.9146368013537));
#5408=CARTESIAN_POINT('',(38.7073114972803,-10.8448017522736,19.2177827646534));
#5409=CARTESIAN_POINT('Origin',(31.4374951462565,-10.8978462875905,10.7424097786096));
#5410=CARTESIAN_POINT('',(42.5486258036461,-10.7669416095629,11.7292184896896));
#5411=CARTESIAN_POINT('Origin',(31.4208321089284,-10.8872222688204,10.7576973090795));
#5412=CARTESIAN_POINT('',(42.4378329227819,-9.02374186836997,11.7195239657829));
#5413=CARTESIAN_POINT('Origin',(31.4347741628889,-9.61671466552307,10.7569448074093));
#5414=CARTESIAN_POINT('',(42.5892413826122,-10.7426412991948,10.7699850370009));
#5415=CARTESIAN_POINT('',(42.5925919540777,-10.7906795976153,10.7568868810742));
#5416=CARTESIAN_POINT('',(32.4069945310997,-10.8128454716973,-0.362325661085345));
#5417=CARTESIAN_POINT('Origin',(31.4205728877004,-10.8598270772271,10.7577110578803));
#5418=CARTESIAN_POINT('',(32.4114557247546,-11.5979354155856,-0.409694439972362));
#5419=CARTESIAN_POINT('Origin',(31.4346690484544,-11.6035057580984,10.7564194575625));
#5420=CARTESIAN_POINT('',(30.9480722034105,-10.797247375726,-0.392849230879817));
#5421=CARTESIAN_POINT('Origin',(31.4200044231513,-10.7997502256502,10.757741208597));
#5422=CARTESIAN_POINT('Origin',(31.4348117814327,-10.7964585483796,10.7568282577612));
#5423=CARTESIAN_POINT('Origin',(31.4335631526216,-12.9177384771295,10.7633498957084));
#5424=CARTESIAN_POINT('Ctrl Pts',(38.6259300423036,-10.8788275919822,19.2891652251667));
#5425=CARTESIAN_POINT('Ctrl Pts',(38.7411390586916,-11.3802263899931,19.2116605907847));
#5426=CARTESIAN_POINT('Ctrl Pts',(38.8551237638217,-11.8816372192943,19.1320214730973));
#5427=CARTESIAN_POINT('Ctrl Pts',(38.9678026519638,-12.3830609852141,19.0502875062384));
#5428=CARTESIAN_POINT('Ctrl Pts',(20.2694438528815,-12.5609110709521,9.78004087500953));
#5429=CARTESIAN_POINT('Ctrl Pts',(20.3002201255511,-11.9733004574677,9.61978061755626));
#5430=CARTESIAN_POINT('Ctrl Pts',(20.3344480184181,-11.3856900387178,9.46054965792374));
#5431=CARTESIAN_POINT('Ctrl Pts',(20.3720639633716,-10.7980798179592,9.30249490238495));
#5432=CARTESIAN_POINT('Origin',(31.4405868395208,-12.9355348217038,10.7566495404466));
#5433=CARTESIAN_POINT('',(30.9481460502996,-10.7906799000436,-0.3902436818919));
#5434=CARTESIAN_POINT('Origin',(31.4347984686021,-12.9273043584803,10.756845619845));
#5435=CARTESIAN_POINT('Origin',(31.4347066336928,-13.370892222626,10.7569259745382));
#5436=CARTESIAN_POINT('',(21.1264228504185,-15.4110500739641,6.48700014361259));
#5437=CARTESIAN_POINT('Ctrl Pts',(21.1264215471797,-15.4109740068178,6.48699960626253));
#5438=CARTESIAN_POINT('Ctrl Pts',(21.173033916385,-14.8208962363095,6.33065312303706));
#5439=CARTESIAN_POINT('Ctrl Pts',(21.2231978191166,-14.2308184645543,6.17498562832903));
#5440=CARTESIAN_POINT('Ctrl Pts',(21.276894724824,-13.6407406914494,6.02015811580761));
#5441=CARTESIAN_POINT('',(22.5828341354633,-15.4108309595392,17.5493251607591));
#5442=CARTESIAN_POINT('Origin',(31.4348137512946,-15.4098032042706,10.7568825600234));
#5443=CARTESIAN_POINT('',(25.8559582743057,-15.4110252873687,20.4197762793212));
#5444=CARTESIAN_POINT('Origin',(31.4348379642548,-15.4102813655909,10.7569000711288));
#5445=CARTESIAN_POINT('',(25.8289872630299,-13.5115812458577,20.4665207222841));
#5446=CARTESIAN_POINT('Origin',(31.4348456941055,-13.5115457607455,10.7568919758125));
#5447=CARTESIAN_POINT('',(38.9729274598554,-15.410860851479,18.9832189040191));
#5448=CARTESIAN_POINT('Origin',(31.4348379639969,-15.4102358603,10.7569000742474));
#5449=CARTESIAN_POINT('',(42.0761742553688,-15.4110098616458,7.40168530376791));
#5450=CARTESIAN_POINT('Origin',(31.4348373127546,-15.4104660738918,10.7568856118451));
#5451=CARTESIAN_POINT('',(42.0862250475562,-15.040151551214,7.3985160635799));
#5452=CARTESIAN_POINT('Origin',(31.4348397375516,-15.0401517162367,10.7568852322773));
#5453=CARTESIAN_POINT('',(39.6838675490905,-15.5285927532327,3.26405764901548));
#5454=CARTESIAN_POINT('Origin',(31.4348373120165,-15.4104820427682,10.7568856118031));
#5455=CARTESIAN_POINT('',(24.2628262532382,-15.410806985116,2.20951544737062));
#5456=CARTESIAN_POINT('Origin',(31.434840244186,-15.4098909861965,10.7568944460934));
#5457=CARTESIAN_POINT('Origin',(31.4348137544331,-15.4098328917203,10.7568825603593));
#5458=CARTESIAN_POINT('Origin',(31.4347437871729,-14.8505076093902,10.7568750704533));
#5459=CARTESIAN_POINT('',(24.3009287544471,-16.3414422879809,2.25502579227032));
#5460=CARTESIAN_POINT('',(22.5549946973527,-14.860385614032,17.5707225854208));
#5461=CARTESIAN_POINT('Origin',(31.4348342638804,-14.8597936549485,10.7569448273028));
#5462=CARTESIAN_POINT('',(38.9325619914799,-16.3470305626857,18.939212744317));
#5463=CARTESIAN_POINT('Origin',(31.4347987441039,-16.3466093420637,10.7568834179053));
#5464=CARTESIAN_POINT('Ctrl Pts',(39.9288911432406,-15.646341225467,3.54498809764572));
#5465=CARTESIAN_POINT('Ctrl Pts',(39.8131513661112,-16.1568604249002,3.45897917773313));
#5466=CARTESIAN_POINT('Ctrl Pts',(39.6961818942248,-16.6673793109237,3.37562880465062));
#5467=CARTESIAN_POINT('Ctrl Pts',(39.5781013026516,-17.1778978812715,3.29496586003059));
#5468=CARTESIAN_POINT('Origin',(31.4348339912746,-16.3405355360129,10.7569769529346));
#5469=CARTESIAN_POINT('Origin',(31.4344835951869,-17.0393569578498,10.7564436908576));
#5470=CARTESIAN_POINT('',(29.5709829448257,-20.0085917327807,0.187034666523828));
#5471=CARTESIAN_POINT('',(29.538160568994,-18.4355280195338,-0.000713363428773055));
#5472=CARTESIAN_POINT('',(26.7001841017669,-20.0161584779502,1.12861757114992));
#5473=CARTESIAN_POINT('Ctrl Pts',(26.898943887606,-20.0088496147909,1.02963201461825));
#5474=CARTESIAN_POINT('Ctrl Pts',(27.3233704878858,-20.0088575496109,0.83170726363373));
#5475=CARTESIAN_POINT('Ctrl Pts',(27.760768696058,-20.0088543629939,0.661600862549582));
#5476=CARTESIAN_POINT('Ctrl Pts',(28.2074015304212,-20.0088558905098,0.52076931388785));
#5477=CARTESIAN_POINT('Ctrl Pts',(28.6539656837088,-20.0088574177908,0.379959421632646));
#5478=CARTESIAN_POINT('Ctrl Pts',(29.1097570517642,-20.008863656714,0.268416831709825));
#5479=CARTESIAN_POINT('Ctrl Pts',(29.5708805483874,-20.0088590456685,0.187092588227346));
#5480=CARTESIAN_POINT('',(23.2069886004384,-20.0088572797203,3.865252515142));
#5481=CARTESIAN_POINT('Origin',(31.4397269357488,-19.9045747994405,10.7627250112718));
#5482=CARTESIAN_POINT('',(21.5189531658544,-20.0088574038485,6.64959151229817));
#5483=CARTESIAN_POINT('Ctrl Pts',(21.5189531658544,-20.0088574038485,6.64959151229817));
#5484=CARTESIAN_POINT('Ctrl Pts',(21.7343627122422,-20.0088562986864,6.14753298141268));
#5485=CARTESIAN_POINT('Ctrl Pts',(22.2161524708958,-20.0088574186653,5.16653598222937));
#5486=CARTESIAN_POINT('Ctrl Pts',(22.8633670438621,-20.0088558051394,4.28592285364782));
#5487=CARTESIAN_POINT('Ctrl Pts',(23.2069886004384,-20.0088572797202,3.865252515142));
#5488=CARTESIAN_POINT('',(21.3223094824209,-18.2525060312546,6.56813801764488));
#5489=CARTESIAN_POINT('Origin',(31.4342369167405,-17.0123952362073,10.7570033096593));
#5490=CARTESIAN_POINT('',(21.0676318336077,-20.0088627882069,7.97900024146273));
#5491=CARTESIAN_POINT('Ctrl Pts',(21.0676318336077,-20.0088627882069,7.97900024146273));
#5492=CARTESIAN_POINT('Ctrl Pts',(21.039784751834,-19.4287095302459,7.81137643948794));
#5493=CARTESIAN_POINT('Ctrl Pts',(21.0159600504101,-18.8485526445777,7.64169667127615));
#5494=CARTESIAN_POINT('Ctrl Pts',(20.9963053849188,-18.2683920473082,7.47015658324762));
#5495=CARTESIAN_POINT('',(21.0752157225726,-20.0491504547187,13.5439425501784));
#5496=CARTESIAN_POINT('Ctrl Pts',(21.0676740654363,-20.0088580748945,13.5347593546937));
#5497=CARTESIAN_POINT('Ctrl Pts',(20.9521843871957,-20.0088559343252,13.0809512478611));
#5498=CARTESIAN_POINT('Ctrl Pts',(20.7604914638609,-20.0088582146844,12.1624374780244));
#5499=CARTESIAN_POINT('Ctrl Pts',(20.6726985960889,-20.0088563452171,10.7568854120488));
#5500=CARTESIAN_POINT('Ctrl Pts',(20.760491311506,-20.0088581893821,9.35133337986433));
#5501=CARTESIAN_POINT('Ctrl Pts',(20.9521834995531,-20.0088582860633,8.43281943717044));
#5502=CARTESIAN_POINT('Ctrl Pts',(21.0676740654363,-20.0088567273493,7.97901155623297));
#5503=CARTESIAN_POINT('',(23.2129781778707,-20.0088584610217,17.6558471974236));
#5504=CARTESIAN_POINT('Ctrl Pts',(23.2129781778707,-20.0088584610217,17.6558471974236));
#5505=CARTESIAN_POINT('Ctrl Pts',(22.9659315648587,-20.0088588704729,17.3537785166951));
#5506=CARTESIAN_POINT('Ctrl Pts',(22.4912307260948,-20.0088556770673,16.7330009254443));
#5507=CARTESIAN_POINT('Ctrl Pts',(21.8967727658274,-20.0088576115099,15.7220893176041));
#5508=CARTESIAN_POINT('Ctrl Pts',(21.4129520778178,-20.0088579714895,14.6625407412669));
#5509=CARTESIAN_POINT('Ctrl Pts',(21.1782324416066,-20.0088572159146,13.9255448848406));
#5510=CARTESIAN_POINT('Ctrl Pts',(21.0741459183389,-20.0088580230463,13.5576906175092));
#5511=CARTESIAN_POINT('',(23.0499304741277,-18.2525047017351,17.7926576987999));
#5512=CARTESIAN_POINT('Origin',(31.4347187087561,-16.9703953812576,10.7572999292225));
#5513=CARTESIAN_POINT('',(23.8243425379336,-19.9313797424771,18.3375970521448));
#5514=CARTESIAN_POINT('',(23.8455494221105,-20.0088571927387,18.3461755038591));
#5515=CARTESIAN_POINT('',(28.2693238697113,-20.108901615921,21.002742181688));
#5516=CARTESIAN_POINT('Origin',(31.2978974396462,-21.1852577221008,10.8838300591044));
#5517=CARTESIAN_POINT('',(34.2158004085973,-19.9104857349281,21.1355637826594));
#5518=CARTESIAN_POINT('Origin',(31.4865974751558,-21.253857438429,10.9664239423405));
#5519=CARTESIAN_POINT('',(34.2678005970373,-18.2525058680443,21.3296419465167));
#5520=CARTESIAN_POINT('Origin',(31.4351232514696,-16.9930849946825,10.7571328040644));
#5521=CARTESIAN_POINT('',(35.1056986835851,-20.0088565649966,20.8424925124389));
#5522=CARTESIAN_POINT('',(35.1056986835851,-20.0088565649966,20.8424925124389));
#5523=CARTESIAN_POINT('',(37.969185451871,-20.0088563102474,19.2713890736129));
#5524=CARTESIAN_POINT('Ctrl Pts',(37.9686003521337,-20.0088563083046,19.2718498837024));
#5525=CARTESIAN_POINT('Ctrl Pts',(37.5310201658734,-20.0088605738307,19.5989393641732));
#5526=CARTESIAN_POINT('Ctrl Pts',(36.6206501914063,-20.008853306492,20.2093732038266));
#5527=CARTESIAN_POINT('Ctrl Pts',(35.6166751975393,-20.0088593506616,20.6491871844249));
#5528=CARTESIAN_POINT('Ctrl Pts',(35.1056986835851,-20.0088565649966,20.8424925124389));
#5529=CARTESIAN_POINT('',(42.0046600807561,-20.0088571467835,12.6206294051425));
#5530=CARTESIAN_POINT('Ctrl Pts',(42.0046600807561,-20.0088571467835,12.6206294051425));
#5531=CARTESIAN_POINT('Ctrl Pts',(41.8812439133981,-20.008855232702,13.2724350139088));
#5532=CARTESIAN_POINT('Ctrl Pts',(41.5415280440939,-20.0088599672052,14.5602248546255));
#5533=CARTESIAN_POINT('Ctrl Pts',(40.6615749035815,-20.008856431333,16.355806246456));
#5534=CARTESIAN_POINT('Ctrl Pts',(39.4753409835563,-20.008857410429,17.9652412557049));
#5535=CARTESIAN_POINT('Ctrl Pts',(38.4901417472959,-20.0088580392897,18.8610743409088));
#5536=CARTESIAN_POINT('Ctrl Pts',(37.969185451871,-20.0088563102474,19.2713890736129));
#5537=CARTESIAN_POINT('',(42.2142727840795,-18.2525053812698,12.6575909875222));
#5538=CARTESIAN_POINT('Origin',(31.4346891609619,-18.4768827754802,10.7569626534207));
#5539=CARTESIAN_POINT('',(37.5911446210829,-20.0082573158971,1.96504765600433));
#5540=CARTESIAN_POINT('Ctrl Pts',(38.0771076379788,-18.3252293089509,2.06805637296926));
#5541=CARTESIAN_POINT('Ctrl Pts',(37.9148013902586,-18.8860357405617,2.02949594540205));
#5542=CARTESIAN_POINT('Ctrl Pts',(37.752805566845,-19.4468392920983,1.99518837383753));
#5543=CARTESIAN_POINT('Ctrl Pts',(37.5913316512227,-20.0076400425314,1.96506850542719));
#5544=CARTESIAN_POINT('',(42.1575200246699,-20.0088600222487,11.2250462431622));
#5545=CARTESIAN_POINT('Ctrl Pts',(42.1575200246699,-20.0088600222487,11.2250462431622));
#5546=CARTESIAN_POINT('Ctrl Pts',(42.2211015142631,-19.4278093135371,11.3829055812868));
#5547=CARTESIAN_POINT('Ctrl Pts',(42.2811951039445,-18.846757300274,11.5436609031231));
#5548=CARTESIAN_POINT('Ctrl Pts',(42.3376129698415,-18.2657039539728,11.7071527217501));
#5549=CARTESIAN_POINT('',(42.1575050101242,-20.0088469506953,10.2887468737587));
#5550=CARTESIAN_POINT('Ctrl Pts',(42.1575048634867,-20.0088572263127,10.2887819218001));
#5551=CARTESIAN_POINT('Ctrl Pts',(42.1779342253812,-20.0088565272517,10.7569137001229));
#5552=CARTESIAN_POINT('Ctrl Pts',(42.1575023983373,-20.0088575758467,11.2250454737656));
#5553=CARTESIAN_POINT('Ctrl Pts',(37.5912297249128,-20.0088561571357,1.96521406917827));
#5554=CARTESIAN_POINT('Ctrl Pts',(37.8468841691599,-20.008855691534,2.14423122664373));
#5555=CARTESIAN_POINT('Ctrl Pts',(38.2186778920852,-20.008859874796,2.42953779849179));
#5556=CARTESIAN_POINT('Ctrl Pts',(38.6881665256745,-20.0088558645292,2.84126872324866));
#5557=CARTESIAN_POINT('Ctrl Pts',(39.0265413406805,-20.0088573950154,3.16518371485058));
#5558=CARTESIAN_POINT('Ctrl Pts',(39.3504568342956,-20.008857047713,3.50355799869592));
#5559=CARTESIAN_POINT('Ctrl Pts',(39.659310062551,-20.0088577215435,3.85573658387348));
#5560=CARTESIAN_POINT('Ctrl Pts',(39.9525054072028,-20.0088558999713,4.22105090286403));
#5561=CARTESIAN_POINT('Ctrl Pts',(40.2294897086855,-20.0088586262924,4.59880653101509));
#5562=CARTESIAN_POINT('Ctrl Pts',(40.4897318752916,-20.0088553795395,4.98828233723801));
#5563=CARTESIAN_POINT('Ctrl Pts',(40.7327315232803,-20.0088579949259,5.38874402961143));
#5564=CARTESIAN_POINT('Ctrl Pts',(40.9580410911242,-20.0088568042481,5.79941877846059));
#5565=CARTESIAN_POINT('Ctrl Pts',(41.1652172259889,-20.008856339741,6.21953528807314));
#5566=CARTESIAN_POINT('Ctrl Pts',(41.3538741144789,-20.0088578398126,6.64828723324065));
#5567=CARTESIAN_POINT('Ctrl Pts',(41.5236435934274,-20.0088567240977,7.08486225064412));
#5568=CARTESIAN_POINT('Ctrl Pts',(41.6742198866118,-20.0088591574488,7.52842167313256));
#5569=CARTESIAN_POINT('Ctrl Pts',(41.8052891871973,-20.0088556599375,7.97813121010017));
#5570=CARTESIAN_POINT('Ctrl Pts',(41.9166304550565,-20.0088585669062,8.43312621525424));
#5571=CARTESIAN_POINT('Ctrl Pts',(42.0080146639052,-20.008856425634,8.89254735392388));
#5572=CARTESIAN_POINT('Ctrl Pts',(42.1030244485761,-20.0088591895528,9.50984191789303));
#5573=CARTESIAN_POINT('Ctrl Pts',(42.1438888285638,-20.0088559310627,9.9768144485655));
#5574=CARTESIAN_POINT('Ctrl Pts',(42.1575023983373,-20.008857226397,10.2887254371611));
#5575=CARTESIAN_POINT('Origin',(31.4347456460617,-18.4284216749334,10.757312754592));
#5576=CARTESIAN_POINT('',(36.8012740100359,-20.0088570984492,1.46194796006005));
#5577=CARTESIAN_POINT('Ctrl Pts',(36.801277125205,-20.0088581163499,1.461942614475));
#5578=CARTESIAN_POINT('Ctrl Pts',(37.2071020231961,-20.0088570917611,1.69624691248371));
#5579=CARTESIAN_POINT('Ctrl Pts',(37.59096317562,-20.0088561576223,1.96502742914043));
#5580=CARTESIAN_POINT('Ctrl Pts',(29.5710942257299,-20.0088580940644,0.187060262775985));
#5581=CARTESIAN_POINT('Ctrl Pts',(29.8785575088212,-20.0088550674035,0.132842163378435));
#5582=CARTESIAN_POINT('Ctrl Pts',(30.3433040595323,-20.0088539641372,0.0716732185694279));
#5583=CARTESIAN_POINT('Ctrl Pts',(30.9665287114732,-20.008856879394,0.030820564203661));
#5584=CARTESIAN_POINT('Ctrl Pts',(31.4348397781949,-20.0088562385379,0.0206038045645417));
#5585=CARTESIAN_POINT('Ctrl Pts',(31.9031508539484,-20.0088568431031,0.0308204980050222));
#5586=CARTESIAN_POINT('Ctrl Pts',(32.3705691784791,-20.0088548381144,0.0614603107677958));
#5587=CARTESIAN_POINT('Ctrl Pts',(32.8362062076873,-20.0088541552856,0.112451468925922));
#5588=CARTESIAN_POINT('Ctrl Pts',(33.2991757393256,-20.0088595535477,0.183704068348641));
#5589=CARTESIAN_POINT('Ctrl Pts',(33.7585965836065,-20.0088561948714,0.275092790173877));
#5590=CARTESIAN_POINT('Ctrl Pts',(34.2135947200787,-20.008857251935,0.386427334089116));
#5591=CARTESIAN_POINT('Ctrl Pts',(34.6633030625002,-20.0088590335375,0.517508822889043));
#5592=CARTESIAN_POINT('Ctrl Pts',(35.1068631385895,-20.0088540727588,0.668083335178695));
#5593=CARTESIAN_POINT('Ctrl Pts',(35.5434392770713,-20.0088572822354,0.837850885230346));
#5594=CARTESIAN_POINT('Ctrl Pts',(36.1151057410696,-20.0088563692454,1.08939697472515));
#5595=CARTESIAN_POINT('Ctrl Pts',(36.5309022477871,-20.0088542531959,1.30583358017406));
#5596=CARTESIAN_POINT('Ctrl Pts',(36.801277125205,-20.0088581163499,1.461942614475));
#5597=CARTESIAN_POINT('Origin',(31.4376532253755,-19.7449845503308,10.7601359968739));
#5598=CARTESIAN_POINT('Ctrl Pts',(23.2129291325204,-20.0114676850656,3.85880248856313));
#5599=CARTESIAN_POINT('Ctrl Pts',(23.1829628347426,-20.592093722691,4.03654647739164));
#5600=CARTESIAN_POINT('Ctrl Pts',(23.1579450163194,-21.172694780747,4.21357611065498));
#5601=CARTESIAN_POINT('Ctrl Pts',(23.1377765494087,-21.7532734817441,4.38962972604261));
#5602=CARTESIAN_POINT('Ctrl Pts',(26.6057426888717,-21.7552942930956,1.48022909377582));
#5603=CARTESIAN_POINT('Ctrl Pts',(26.6920279038879,-21.2142164718486,1.33940777647755));
#5604=CARTESIAN_POINT('Ctrl Pts',(26.7825664885132,-20.6731043038067,1.19964732804916));
#5605=CARTESIAN_POINT('Ctrl Pts',(26.8773401129037,-20.1319561100262,1.06118081913283));
#5606=CARTESIAN_POINT('Origin',(31.3990999032446,-20.1760840194932,10.7445259292071));
#5607=CARTESIAN_POINT('Ctrl Pts',(21.0841749409651,-20.0970136965179,13.5548530157584));
#5608=CARTESIAN_POINT('Ctrl Pts',(21.2089887025062,-20.6493122301192,13.6756787322034));
#5609=CARTESIAN_POINT('Ctrl Pts',(21.3345768225722,-21.2021012605175,13.7913033940811));
#5610=CARTESIAN_POINT('Ctrl Pts',(21.4606800446018,-21.7553580636517,13.901726039034));
#5611=CARTESIAN_POINT('Origin',(31.4214076342725,-19.9562181523013,10.769784630107));
#5612=CARTESIAN_POINT('Ctrl Pts',(28.2382024123243,-20.1175160364833,20.9918663010958));
#5613=CARTESIAN_POINT('Ctrl Pts',(28.4056058128628,-20.6628004190374,20.9497662081585));
#5614=CARTESIAN_POINT('Ctrl Pts',(28.5691565829917,-21.2085957848696,20.9044884674035));
#5615=CARTESIAN_POINT('Ctrl Pts',(28.7287313160824,-21.7548811113212,20.8562322349686));
#5616=CARTESIAN_POINT('Origin',(31.4413343483787,-19.9240312533935,10.7799455534416));
#5617=CARTESIAN_POINT('Ctrl Pts',(37.9702076155605,-20.0095406436268,19.273851249661));
#5618=CARTESIAN_POINT('Ctrl Pts',(38.0365280450011,-20.5913522213337,19.1050100249846));
#5619=CARTESIAN_POINT('Ctrl Pts',(38.0983234385322,-21.1731365133283,18.9357798060948));
#5620=CARTESIAN_POINT('Ctrl Pts',(38.1556259655576,-21.7549004907786,18.7664012518458));
#5621=CARTESIAN_POINT('Origin',(31.4540962435594,-19.8944880556087,10.7589452971293));
#5622=CARTESIAN_POINT('',(42.1575023983373,-20.008857226397,10.2887254371611));
#5623=CARTESIAN_POINT('Origin',(31.4346762524655,-19.8078999977526,10.7569984459107));
#5624=CARTESIAN_POINT('Ctrl Pts',(36.8012575768236,-20.0088517287232,1.4619761597238));
#5625=CARTESIAN_POINT('Ctrl Pts',(36.6203168951892,-20.591017983847,1.46319202921562));
#5626=CARTESIAN_POINT('Ctrl Pts',(36.4411215213126,-21.1731803772245,1.4693559945597));
#5627=CARTESIAN_POINT('Ctrl Pts',(36.2639256005562,-21.7553401816463,1.48031001246211));
#5628=CARTESIAN_POINT('Origin',(31.4348436337637,-19.7882535005183,10.7571760038136));
#5629=CARTESIAN_POINT('Ctrl Pts',(31.4360339067964,-17.9648542990937,10.7564517895741));
#5630=CARTESIAN_POINT('Ctrl Pts',(31.4360339067964,-17.9648542990937,10.7564517895741));
#5631=CARTESIAN_POINT('Ctrl Pts',(31.4360339067964,-17.9648542990937,10.7564517895741));
#5632=CARTESIAN_POINT('Ctrl Pts',(31.4360339067964,-17.9648542990937,10.7564517895741));
#5633=CARTESIAN_POINT('Ctrl Pts',(31.4360339067964,-17.9648542990937,10.7564517895741));
#5634=CARTESIAN_POINT('Ctrl Pts',(31.4360339067964,-17.9648542990937,10.7564517895741));
#5635=CARTESIAN_POINT('Ctrl Pts',(31.4360339067964,-17.9648542990937,10.7564517895741));
#5636=CARTESIAN_POINT('Ctrl Pts',(31.4360339067964,-17.9648542990937,10.7564517895741));
#5637=CARTESIAN_POINT('Ctrl Pts',(31.4360339067964,-17.9648542990937,10.7564517895741));
#5638=CARTESIAN_POINT('Ctrl Pts',(37.181545023375,-17.3829860571992,10.7564523559695));
#5639=CARTESIAN_POINT('Ctrl Pts',(37.1815444904774,-17.382986424445,16.501963509798));
#5640=CARTESIAN_POINT('Ctrl Pts',(31.4360333366489,-17.3829868319953,16.5019629769003));
#5641=CARTESIAN_POINT('Ctrl Pts',(25.6905221828205,-17.3829872395456,16.5019624440027));
#5642=CARTESIAN_POINT('Ctrl Pts',(25.6905227157181,-17.3829868722998,10.7564512901743));
#5643=CARTESIAN_POINT('Ctrl Pts',(25.6905232486157,-17.382986505054,5.01094013634583));
#5644=CARTESIAN_POINT('Ctrl Pts',(31.4360344024442,-17.3829860975037,5.01094066924346));
#5645=CARTESIAN_POINT('Ctrl Pts',(37.1815455562726,-17.3829856899534,5.01094120214109));
#5646=CARTESIAN_POINT('Ctrl Pts',(37.181545023375,-17.3829860571992,10.7564523559695));
#5647=CARTESIAN_POINT('Ctrl Pts',(40.2258809364386,-22.5450119915536,10.7564523411578));
#5648=CARTESIAN_POINT('Ctrl Pts',(40.2258801211781,-22.5450125533895,19.546299077589));
#5649=CARTESIAN_POINT('Ctrl Pts',(31.4360333847469,-22.5450131768858,19.5462982623284));
#5650=CARTESIAN_POINT('Ctrl Pts',(22.6461866483157,-22.545013800382,19.5462974470679));
#5651=CARTESIAN_POINT('Ctrl Pts',(22.6461874635762,-22.5450132385461,10.7564507106367));
#5652=CARTESIAN_POINT('Ctrl Pts',(22.6461882788367,-22.5450126767102,1.96660397420547));
#5653=CARTESIAN_POINT('Ctrl Pts',(31.4360350152679,-22.545012053214,1.96660478946601));
#5654=CARTESIAN_POINT('Ctrl Pts',(40.2258817516991,-22.5450114297177,1.96660560472655));
#5655=CARTESIAN_POINT('Ctrl Pts',(40.2258809364386,-22.5450119915536,10.7564523411578));
#5656=CARTESIAN_POINT('Ctrl Pts',(43.2702168495022,-27.707037925908,10.756452326346));
#5657=CARTESIAN_POINT('Ctrl Pts',(43.2702157518788,-27.707038682334,22.59063464538));
#5658=CARTESIAN_POINT('Ctrl Pts',(31.4360334328448,-27.7070395217762,22.5906335477565));
#5659=CARTESIAN_POINT('Ctrl Pts',(19.6018511138108,-27.7070403612184,22.5906324501331));
#5660=CARTESIAN_POINT('Ctrl Pts',(19.6018522114342,-27.7070396047924,10.7564501310991));
#5661=CARTESIAN_POINT('Ctrl Pts',(19.6018533090576,-27.7070388483665,-1.07773218793489));
#5662=CARTESIAN_POINT('Ctrl Pts',(31.4360356280916,-27.7070380089243,-1.07773109031144));
#5663=CARTESIAN_POINT('Ctrl Pts',(43.2702179471256,-27.7070371694821,-1.077729992688));
#5664=CARTESIAN_POINT('Ctrl Pts',(43.2702168495022,-27.707037925908,10.756452326346));
#5665=CARTESIAN_POINT('Ctrl Pts',(40.2258815973602,-32.8690642921543,10.7564517468084));
#5666=CARTESIAN_POINT('Ctrl Pts',(40.2258807820997,-32.8690648539902,19.5462984832396));
#5667=CARTESIAN_POINT('Ctrl Pts',(31.4360340456685,-32.8690654774865,19.5462976679791));
#5668=CARTESIAN_POINT('Ctrl Pts',(22.6461873092373,-32.8690661009827,19.5462968527185));
#5669=CARTESIAN_POINT('Ctrl Pts',(22.6461881244978,-32.8690655391468,10.7564501162873));
#5670=CARTESIAN_POINT('Ctrl Pts',(22.6461889397584,-32.869064977311,1.96660337985612));
#5671=CARTESIAN_POINT('Ctrl Pts',(31.4360356761896,-32.8690643538147,1.96660419511666));
#5672=CARTESIAN_POINT('Ctrl Pts',(40.2258824126207,-32.8690637303184,1.96660501037719));
#5673=CARTESIAN_POINT('Ctrl Pts',(40.2258815973602,-32.8690642921543,10.7564517468084));
#5674=CARTESIAN_POINT('Ctrl Pts',(37.1815463452183,-38.0310906584006,10.7564511672708));
#5675=CARTESIAN_POINT('Ctrl Pts',(37.1815458123207,-38.0310910256464,16.5019623210992));
#5676=CARTESIAN_POINT('Ctrl Pts',(31.4360346584923,-38.0310914331967,16.5019617882016));
#5677=CARTESIAN_POINT('Ctrl Pts',(25.6905235046639,-38.0310918407471,16.501961255304));
#5678=CARTESIAN_POINT('Ctrl Pts',(25.6905240375615,-38.0310914735012,10.7564501014756));
#5679=CARTESIAN_POINT('Ctrl Pts',(25.6905245704591,-38.0310911062554,5.01093894764712));
#5680=CARTESIAN_POINT('Ctrl Pts',(31.4360357242875,-38.0310906987051,5.01093948054475));
#5681=CARTESIAN_POINT('Ctrl Pts',(37.1815468781159,-38.0310902911548,5.01094001344239));
#5682=CARTESIAN_POINT('Ctrl Pts',(37.1815463452183,-38.0310906584006,10.7564511672708));
#5683=CARTESIAN_POINT('Ctrl Pts',(31.4360351541401,-37.4492232316067,10.756450667871));
#5684=CARTESIAN_POINT('Ctrl Pts',(31.4360351541401,-37.4492232316067,10.756450667871));
#5685=CARTESIAN_POINT('Ctrl Pts',(31.4360351541401,-37.4492232316067,10.756450667871));
#5686=CARTESIAN_POINT('Ctrl Pts',(31.4360351541401,-37.4492232316067,10.756450667871));
#5687=CARTESIAN_POINT('Ctrl Pts',(31.4360351541401,-37.4492232316067,10.756450667871));
#5688=CARTESIAN_POINT('Ctrl Pts',(31.4360351541401,-37.4492232316067,10.756450667871));
#5689=CARTESIAN_POINT('Ctrl Pts',(31.4360351541401,-37.4492232316067,10.756450667871));
#5690=CARTESIAN_POINT('Ctrl Pts',(31.4360351541401,-37.4492232316067,10.756450667871));
#5691=CARTESIAN_POINT('Ctrl Pts',(31.4360351541401,-37.4492232316067,10.756450667871));
#5692=CARTESIAN_POINT('',(26.6161669044126,-18.8368583078046,10.7564533432036));
#5693=CARTESIAN_POINT('',(31.4360346775102,-18.8368587300967,5.93658362300395));
#5694=CARTESIAN_POINT('Ctrl Pts',(26.6161669044126,-18.8368583078046,10.7564533432036));
#5695=CARTESIAN_POINT('Ctrl Pts',(26.6161663204873,-18.836858265944,9.31100107400482));
#5696=CARTESIAN_POINT('Ctrl Pts',(27.3055167362915,-18.8368582258798,7.88305596899239));
#5697=CARTESIAN_POINT('Ctrl Pts',(28.4360739361568,-18.8368582019575,6.98400379534096));
#5698=CARTESIAN_POINT('Ctrl Pts',(29.2803868196476,-18.8368581840921,6.31258147965921));
#5699=CARTESIAN_POINT('Ctrl Pts',(30.3580979707168,-18.8368581752188,5.93658362300393));
#5700=CARTESIAN_POINT('Ctrl Pts',(31.4360346775102,-18.8368581772348,5.93658362300393));
#5701=CARTESIAN_POINT('',(36.2559024506082,-18.8368583258336,10.7564521864174));
#5702=CARTESIAN_POINT('Ctrl Pts',(36.2559024506082,-18.8368583258336,10.7564521864174));
#5703=CARTESIAN_POINT('Ctrl Pts',(36.2559023378219,-18.8368583457537,11.4442980332701));
#5704=CARTESIAN_POINT('Ctrl Pts',(36.1067118144148,-18.8368583653773,12.1315364254914));
#5705=CARTESIAN_POINT('Ctrl Pts',(35.8204551835675,-18.8368583829973,12.7584459455984));
#5706=CARTESIAN_POINT('Ctrl Pts',(35.2295124683769,-18.8368584193718,14.0526259717323));
#5707=CARTESIAN_POINT('Ctrl Pts',(34.0401711759076,-18.8368584461484,15.054036227047));
#5708=CARTESIAN_POINT('Ctrl Pts',(32.6660901905729,-18.8368584540818,15.4167184254613));
#5709=CARTESIAN_POINT('Ctrl Pts',(31.2010903178136,-18.8368584625402,15.8033982356033));
#5710=CARTESIAN_POINT('Ctrl Pts',(29.5604064290093,-18.8368584491486,15.4469414144827));
#5711=CARTESIAN_POINT('Ctrl Pts',(28.3886163433539,-18.8368584192631,14.4906670897648));
#5712=CARTESIAN_POINT('Ctrl Pts',(27.286842989083,-18.8368583911634,13.5915320115238));
#5713=CARTESIAN_POINT('Ctrl Pts',(26.616167480292,-18.8368583490884,12.1819890491425));
#5714=CARTESIAN_POINT('Ctrl Pts',(26.6161669044126,-18.8368583078046,10.7564533432036));
#5715=CARTESIAN_POINT('',(40.6354282349659,-23.314854144985,10.756452334824));
#5716=CARTESIAN_POINT('Ctrl Pts',(36.2559024506082,-18.8368583258336,10.7564521864174));
#5717=CARTESIAN_POINT('Ctrl Pts',(38.7654453216091,-20.0686733960476,10.7564523482633));
#5718=CARTESIAN_POINT('Ctrl Pts',(40.2258809364386,-22.5450119915536,10.7564523411578));
#5719=CARTESIAN_POINT('Ctrl Pts',(40.4471544706949,-22.9202070275271,10.7564523400812));
#5720=CARTESIAN_POINT('Ctrl Pts',(40.6354282349659,-23.314854144985,10.756452334824));
#5721=CARTESIAN_POINT('',(22.2366406704011,-23.3148545974025,10.7564530015067));
#5722=CARTESIAN_POINT('Ctrl Pts',(22.2366406704011,-23.3148545974025,10.7564530015067));
#5723=CARTESIAN_POINT('Ctrl Pts',(22.2366411325953,-23.3148545649688,13.038970781408));
#5724=CARTESIAN_POINT('Ctrl Pts',(23.1286102068939,-23.3148545106246,15.3198923860267));
#5725=CARTESIAN_POINT('Ctrl Pts',(24.6768940927552,-23.3148544487239,16.9968732042494));
#5726=CARTESIAN_POINT('Ctrl Pts',(26.2439161720058,-23.3148543860739,18.6941497777719));
#5727=CARTESIAN_POINT('Ctrl Pts',(28.4810701962653,-23.3148543157833,19.7694883044036));
#5728=CARTESIAN_POINT('Ctrl Pts',(30.7856585575787,-23.3148542567937,19.9328260850736));
#5729=CARTESIAN_POINT('Ctrl Pts',(33.1431694737768,-23.3148541964495,20.0999147536711));
#5730=CARTESIAN_POINT('Ctrl Pts',(35.5637979430588,-23.3148541481404,19.3108035288872));
#5731=CARTESIAN_POINT('Ctrl Pts',(37.3699428598265,-23.3148541253919,17.7862147888547));
#5732=CARTESIAN_POINT('Ctrl Pts',(39.1191326473155,-23.3148541033608,16.3097025613873));
#5733=CARTESIAN_POINT('Ctrl Pts',(40.2876058489617,-23.3148541053027,14.1510044105344));
#5734=CARTESIAN_POINT('Ctrl Pts',(40.5668041391815,-23.3148541307356,11.8780084906037));
#5735=CARTESIAN_POINT('Ctrl Pts',(40.6125193864309,-23.3148541349,11.5058336811002));
#5736=CARTESIAN_POINT('Ctrl Pts',(40.6354281862164,-23.3148541396574,11.1313821972871));
#5737=CARTESIAN_POINT('Ctrl Pts',(40.6354282349658,-23.314854144985,10.756452334824));
#5738=CARTESIAN_POINT('',(31.4360345310336,-23.3148541161216,1.55705732100615));
#5739=CARTESIAN_POINT('Ctrl Pts',(31.4360345310336,-23.3148545019138,1.5570573564102));
#5740=CARTESIAN_POINT('Ctrl Pts',(29.5262691872253,-23.3148545488741,1.55705734014492));
#5741=CARTESIAN_POINT('Ctrl Pts',(27.6123298436581,-23.3148545871757,2.17362818759932));
#5742=CARTESIAN_POINT('Ctrl Pts',(26.0605100781846,-23.3148546094565,3.291025252605));
#5743=CARTESIAN_POINT('Ctrl Pts',(24.2146360292731,-23.3148546359592,4.62015785583266));
#5744=CARTESIAN_POINT('Ctrl Pts',(22.8964397418214,-23.3148546395837,6.64619526387563));
#5745=CARTESIAN_POINT('Ctrl Pts',(22.4308265104131,-23.3148546193443,8.87627139250646));
#5746=CARTESIAN_POINT('Ctrl Pts',(22.3014457361466,-23.3148546137204,9.49594660088205));
#5747=CARTESIAN_POINT('Ctrl Pts',(22.2366405427441,-23.3148546063607,10.1260263763468));
#5748=CARTESIAN_POINT('Ctrl Pts',(22.2366406704011,-23.3148545974026,10.7564530015067));
#5749=CARTESIAN_POINT('Ctrl Pts',(40.6354282349658,-23.314854144985,10.756452334824));
#5750=CARTESIAN_POINT('Ctrl Pts',(40.6354284910911,-23.3148541729757,8.78660415298706));
#5751=CARTESIAN_POINT('Ctrl Pts',(39.9790784300945,-23.3148542171189,6.81583091180472));
#5752=CARTESIAN_POINT('Ctrl Pts',(38.7971907002095,-23.3148542685871,5.23900384297672));
#5753=CARTESIAN_POINT('Ctrl Pts',(37.3429152706647,-23.3148543319171,3.2987680618158));
#5754=CARTESIAN_POINT('Ctrl Pts',(35.0884128369479,-23.3148544062063,1.97206151381618));
#5755=CARTESIAN_POINT('Ctrl Pts',(32.6867680859952,-23.314854469945,1.64247772749601));
#5756=CARTESIAN_POINT('Ctrl Pts',(32.2722390747509,-23.3148544809464,1.58559086235441));
#5757=CARTESIAN_POINT('Ctrl Pts',(31.8547140396725,-23.3148544916186,1.55705735997605));
#5758=CARTESIAN_POINT('Ctrl Pts',(31.4360345310336,-23.3148545019138,1.5570573564102));
#5759=CARTESIAN_POINT('Ctrl Pts',(31.4360346775102,-18.8368581772348,5.93658362300393));
#5760=CARTESIAN_POINT('Ctrl Pts',(31.8376935293422,-18.836858177986,5.93658362300393));
#5761=CARTESIAN_POINT('Ctrl Pts',(32.2413933472603,-18.8368581802137,5.98743439314944));
#5762=CARTESIAN_POINT('Ctrl Pts',(32.6301330934524,-18.8368581838196,6.08684174183819));
#5763=CARTESIAN_POINT('Ctrl Pts',(34.0187571425023,-18.8368581967003,6.44193647139349));
#5764=CARTESIAN_POINT('Ctrl Pts',(35.2284655891687,-18.8368582282745,7.4540735435577));
#5765=CARTESIAN_POINT('Ctrl Pts',(35.8227239655307,-18.8368582671894,8.75943300847623));
#5766=CARTESIAN_POINT('Ctrl Pts',(36.106897764405,-18.8368582857984,9.38365468173785));
#5767=CARTESIAN_POINT('Ctrl Pts',(36.2559025631073,-18.8368583059642,10.0703580309455));
#5768=CARTESIAN_POINT('Ctrl Pts',(36.2559024506082,-18.8368583258336,10.7564521864174));
#5769=CARTESIAN_POINT('Ctrl Pts',(31.4360351541581,11.2476258956425,10.7564507168969));
#5770=CARTESIAN_POINT('Ctrl Pts',(31.4360351541581,11.2476258956425,10.7564507168969));
#5771=CARTESIAN_POINT('Ctrl Pts',(31.4360351541581,11.2476258956425,10.7564507168969));
#5772=CARTESIAN_POINT('Ctrl Pts',(31.4360351541581,11.2476258956425,10.7564507168969));
#5773=CARTESIAN_POINT('Ctrl Pts',(31.4360351541581,11.2476258956425,10.7564507168969));
#5774=CARTESIAN_POINT('Ctrl Pts',(31.4360351541581,11.2476258956425,10.7564507168969));
#5775=CARTESIAN_POINT('Ctrl Pts',(31.4360351541581,11.2476258956425,10.7564507168969));
#5776=CARTESIAN_POINT('Ctrl Pts',(31.4360351541581,11.2476258956425,10.7564507168969));
#5777=CARTESIAN_POINT('Ctrl Pts',(31.4360351541581,11.2476258956425,10.7564507168969));
#5778=CARTESIAN_POINT('Ctrl Pts',(37.1815549783665,11.8294784689859,10.7564501233826));
#5779=CARTESIAN_POINT('Ctrl Pts',(37.1815555112788,11.8294791313047,16.5019699103412));
#5780=CARTESIAN_POINT('Ctrl Pts',(31.4360357243202,11.8294795388661,16.5019704432534));
#5781=CARTESIAN_POINT('Ctrl Pts',(25.6905159373615,11.8294799464276,16.5019709761657));
#5782=CARTESIAN_POINT('Ctrl Pts',(25.6905154044493,11.8294792841089,10.7564511892071));
#5783=CARTESIAN_POINT('Ctrl Pts',(25.690514871537,11.8294786217902,5.01093140224848));
#5784=CARTESIAN_POINT('Ctrl Pts',(31.4360346584956,11.8294782142287,5.01093086933627));
#5785=CARTESIAN_POINT('Ctrl Pts',(37.1815544454543,11.8294778066672,5.01093033642406));
#5786=CARTESIAN_POINT('Ctrl Pts',(37.1815549783665,11.8294784689859,10.7564501233826));
#5787=CARTESIAN_POINT('Ctrl Pts',(40.2258898382487,6.66744287362484,10.7564503786569));
#5788=CARTESIAN_POINT('Ctrl Pts',(40.2258906535312,6.66744388688136,19.5463053559676));
#5789=CARTESIAN_POINT('Ctrl Pts',(31.4360356762204,6.66744451039433,19.54630617125));
#5790=CARTESIAN_POINT('Ctrl Pts',(22.6461806989097,6.6674451339073,19.5463069865324));
#5791=CARTESIAN_POINT('Ctrl Pts',(22.6461798836273,6.66744412065079,10.7564520092217));
#5792=CARTESIAN_POINT('Ctrl Pts',(22.6461790683448,6.66744310739427,1.96659703191099));
#5793=CARTESIAN_POINT('Ctrl Pts',(31.4360340456555,6.6674424838813,1.9665962166286));
#5794=CARTESIAN_POINT('Ctrl Pts',(40.2258890229663,6.66744186036833,1.96659540134623));
#5795=CARTESIAN_POINT('Ctrl Pts',(40.2258898382487,6.66744287362484,10.7564503786569));
#5796=CARTESIAN_POINT('Ctrl Pts',(43.2702246981309,1.50540727826374,10.7564506339312));
#5797=CARTESIAN_POINT('Ctrl Pts',(43.2702257957836,1.50540864245806,22.5906408015939));
#5798=CARTESIAN_POINT('Ctrl Pts',(31.4360356281207,1.50540948192254,22.5906418992465));
#5799=CARTESIAN_POINT('Ctrl Pts',(19.6018454604579,1.50541032138702,22.5906429968991));
#5800=CARTESIAN_POINT('Ctrl Pts',(19.6018443628053,1.5054089571927,10.7564528292363));
#5801=CARTESIAN_POINT('Ctrl Pts',(19.6018432651526,1.50540759299838,-1.07773733842651));
#5802=CARTESIAN_POINT('Ctrl Pts',(31.4360334328155,1.5054067535339,-1.07773843607906));
#5803=CARTESIAN_POINT('Ctrl Pts',(43.2702236004783,1.50540591406941,-1.0777395337316));
#5804=CARTESIAN_POINT('Ctrl Pts',(43.2702246981309,1.50540727826374,10.7564506339312));
#5805=CARTESIAN_POINT('Ctrl Pts',(40.2258891773089,-3.65662788519434,10.7564514539458));
#5806=CARTESIAN_POINT('Ctrl Pts',(40.2258899925914,-3.65662687193783,19.5463064312565));
#5807=CARTESIAN_POINT('Ctrl Pts',(31.4360350152806,-3.65662624842486,19.5463072465388));
#5808=CARTESIAN_POINT('Ctrl Pts',(22.6461800379699,-3.65662562491189,19.5463080618212));
#5809=CARTESIAN_POINT('Ctrl Pts',(22.6461792226875,-3.6566266381684,10.7564530845105));
#5810=CARTESIAN_POINT('Ctrl Pts',(22.646178407405,-3.65662765142491,1.96659810719985));
#5811=CARTESIAN_POINT('Ctrl Pts',(31.4360333847157,-3.65662827493788,1.96659729191746));
#5812=CARTESIAN_POINT('Ctrl Pts',(40.2258883620265,-3.65662889845085,1.96659647663509));
#5813=CARTESIAN_POINT('Ctrl Pts',(40.2258891773089,-3.65662788519434,10.7564514539458));
#5814=CARTESIAN_POINT('Ctrl Pts',(37.1815536564869,-8.81866304865242,10.7564522739604));
#5815=CARTESIAN_POINT('Ctrl Pts',(37.1815541893992,-8.81866238633372,16.501972060919));
#5816=CARTESIAN_POINT('Ctrl Pts',(31.4360344024406,-8.81866197877226,16.5019725938312));
#5817=CARTESIAN_POINT('Ctrl Pts',(25.6905146154819,-8.8186615712108,16.5019731267434));
#5818=CARTESIAN_POINT('Ctrl Pts',(25.6905140825697,-8.8186622335295,10.7564533397848));
#5819=CARTESIAN_POINT('Ctrl Pts',(25.6905135496574,-8.8186628958482,5.0109335528262));
#5820=CARTESIAN_POINT('Ctrl Pts',(31.4360333366161,-8.81866330340966,5.01093301991399));
#5821=CARTESIAN_POINT('Ctrl Pts',(37.1815531235747,-8.81866371097112,5.01093248700178));
#5822=CARTESIAN_POINT('Ctrl Pts',(37.1815536564869,-8.81866304865242,10.7564522739604));
#5823=CARTESIAN_POINT('Ctrl Pts',(31.4360339067781,-8.23680966018604,10.7564527462705));
#5824=CARTESIAN_POINT('Ctrl Pts',(31.4360339067781,-8.23680966018604,10.7564527462705));
#5825=CARTESIAN_POINT('Ctrl Pts',(31.4360339067781,-8.23680966018604,10.7564527462705));
#5826=CARTESIAN_POINT('Ctrl Pts',(31.4360339067781,-8.23680966018604,10.7564527462705));
#5827=CARTESIAN_POINT('Ctrl Pts',(31.4360339067781,-8.23680966018604,10.7564527462705));
#5828=CARTESIAN_POINT('Ctrl Pts',(31.4360339067781,-8.23680966018604,10.7564527462705));
#5829=CARTESIAN_POINT('Ctrl Pts',(31.4360339067781,-8.23680966018604,10.7564527462705));
#5830=CARTESIAN_POINT('Ctrl Pts',(31.4360339067781,-8.23680966018604,10.7564527462705));
#5831=CARTESIAN_POINT('Ctrl Pts',(31.4360339067781,-8.23680966018604,10.7564527462705));
#5832=CARTESIAN_POINT('',(22.2366406165743,-2.88680103458624,10.7564526557806));
#5833=CARTESIAN_POINT('',(40.6354281953732,-2.88680168282162,10.7564513357798));
#5834=CARTESIAN_POINT('Ctrl Pts',(22.2366406165743,-2.88680103458624,10.7564526557806));
#5835=CARTESIAN_POINT('Ctrl Pts',(22.2366403129115,-2.8868009329678,8.34290582590156));
#5836=CARTESIAN_POINT('Ctrl Pts',(23.2320022823747,-2.88680086727971,5.94981432509348));
#5837=CARTESIAN_POINT('Ctrl Pts',(24.9325388877889,-2.88680085562768,4.25003988076891));
#5838=CARTESIAN_POINT('Ctrl Pts',(26.5652012292201,-2.88680084444073,2.61810927995723));
#5839=CARTESIAN_POINT('Ctrl Pts',(28.8418626037033,-2.8868008831995,1.63353828447941));
#5840=CARTESIAN_POINT('Ctrl Pts',(31.1490778479547,-2.88680096145688,1.56153431404352));
#5841=CARTESIAN_POINT('Ctrl Pts',(33.5071726320164,-2.88680104144003,1.48794248617239));
#5842=CARTESIAN_POINT('Ctrl Pts',(35.8915952889734,-2.88680116256037,2.36937223622257));
#5843=CARTESIAN_POINT('Ctrl Pts',(37.6348495653415,-2.88680129091384,3.9591331512049));
#5844=CARTESIAN_POINT('Ctrl Pts',(39.3023622869826,-2.88680141369057,5.47982154763542));
#5845=CARTESIAN_POINT('Ctrl Pts',(40.3820506118761,-2.88680154280167,7.64285555241612));
#5846=CARTESIAN_POINT('Ctrl Pts',(40.5945760099573,-2.88680164492066,9.89044816086013));
#5847=CARTESIAN_POINT('Ctrl Pts',(40.6217986156982,-2.88680165800119,10.1783447040412));
#5848=CARTESIAN_POINT('Ctrl Pts',(40.635428190263,-2.88680167064653,10.4672798393912));
#5849=CARTESIAN_POINT('Ctrl Pts',(40.6354281953732,-2.88680168282162,10.7564513357798));
#5850=CARTESIAN_POINT('',(31.4360344775113,-2.88680174602935,19.9558452877492));
#5851=CARTESIAN_POINT('Ctrl Pts',(31.4360344775113,-2.88680174602935,19.9558452877492));
#5852=CARTESIAN_POINT('Ctrl Pts',(29.4427435913599,-2.88680167580073,19.9558453032497));
#5853=CARTESIAN_POINT('Ctrl Pts',(27.4484535448398,-2.88680157720968,19.2830436419168));
#5854=CARTESIAN_POINT('Ctrl Pts',(25.8623657087508,-2.88680147047062,18.075130569469));
#5855=CARTESIAN_POINT('Ctrl Pts',(24.0107536213253,-2.88680134586255,16.6650028359265));
#5856=CARTESIAN_POINT('Ctrl Pts',(22.7266164282426,-2.88680121061057,14.5272023909078));
#5857=CARTESIAN_POINT('Ctrl Pts',(22.3544368409704,-2.88680110052135,12.2239090819851));
#5858=CARTESIAN_POINT('Ctrl Pts',(22.2761194713214,-2.88680107735539,11.7392294282533));
#5859=CARTESIAN_POINT('Ctrl Pts',(22.2366406783856,-2.88680105527093,11.2477359613043));
#5860=CARTESIAN_POINT('Ctrl Pts',(22.2366406165743,-2.88680103458624,10.7564526557806));
#5861=CARTESIAN_POINT('Ctrl Pts',(40.6354281953732,-2.88680168282162,10.7564513357798));
#5862=CARTESIAN_POINT('Ctrl Pts',(40.6354282316892,-2.88680176934509,12.8114768671713));
#5863=CARTESIAN_POINT('Ctrl Pts',(39.9185994143757,-2.88680183065176,14.8674256666008));
#5864=CARTESIAN_POINT('Ctrl Pts',(38.6403567157018,-2.88680185339159,16.4771670261484));
#5865=CARTESIAN_POINT('Ctrl Pts',(37.1601055112266,-2.88680187972514,18.3413056508679));
#5866=CARTESIAN_POINT('Ctrl Pts',(34.924379933832,-2.88680185375606,19.5953887738197));
#5867=CARTESIAN_POINT('Ctrl Pts',(32.561826580641,-2.88680178278258,19.886700020263));
#5868=CARTESIAN_POINT('Ctrl Pts',(32.1882716448642,-2.88680177156061,19.9327606748549));
#5869=CARTESIAN_POINT('Ctrl Pts',(31.8123830072742,-2.88680175928905,19.9558452848226));
#5870=CARTESIAN_POINT('Ctrl Pts',(31.4360344775113,-2.88680174602935,19.9558452877492));
#5871=CARTESIAN_POINT('',(36.2559024906695,-7.36479623075172,10.7564522083917));
#5872=CARTESIAN_POINT('Ctrl Pts',(40.6354281953732,-2.88680168282162,10.7564513357798));
#5873=CARTESIAN_POINT('Ctrl Pts',(40.447157836439,-3.28144039643425,10.7564513943454));
#5874=CARTESIAN_POINT('Ctrl Pts',(40.2258891773089,-3.65662788519434,10.7564514539458));
#5875=CARTESIAN_POINT('Ctrl Pts',(38.7654513834791,-6.13297492192217,10.7564518473257));
#5876=CARTESIAN_POINT('Ctrl Pts',(36.2559024906695,-7.36479623075172,10.7564522083917));
#5877=CARTESIAN_POINT('',(31.4360346775103,-7.36479621401212,15.576319386091));
#5878=CARTESIAN_POINT('Ctrl Pts',(31.4360346775103,-7.36479621550948,15.576319386091));
#5879=CARTESIAN_POINT('Ctrl Pts',(31.7870437025814,-7.36479621485298,15.576319386091));
#5880=CARTESIAN_POINT('Ctrl Pts',(32.1399075483143,-7.36479621438806,15.5375632899055));
#5881=CARTESIAN_POINT('Ctrl Pts',(32.482725128717,-7.36479621413072,15.4612963988193));
#5882=CARTESIAN_POINT('Ctrl Pts',(33.8854217656182,-7.36479621307774,15.1492373979133));
#5883=CARTESIAN_POINT('Ctrl Pts',(35.1284999485147,-7.36479621566714,14.1727533757033));
#5884=CARTESIAN_POINT('Ctrl Pts',(35.7629855136052,-7.36479622098746,12.8798032155822));
#5885=CARTESIAN_POINT('Ctrl Pts',(36.0860251522175,-7.36479622369623,12.2215153435646));
#5886=CARTESIAN_POINT('Ctrl Pts',(36.255902394093,-7.36479622706518,11.4889705163885));
#5887=CARTESIAN_POINT('Ctrl Pts',(36.2559024906695,-7.36479623075171,10.7564522083917));
#5888=CARTESIAN_POINT('',(26.6161668643515,-7.36479624878104,10.7564536454022));
#5889=CARTESIAN_POINT('Ctrl Pts',(26.6161668643515,-7.36479624878104,10.7564536454022));
#5890=CARTESIAN_POINT('Ctrl Pts',(26.616167458375,-7.36479624182838,12.1379519849027));
#5891=CARTESIAN_POINT('Ctrl Pts',(27.2407970964479,-7.36479623379985,13.501093834536));
#5892=CARTESIAN_POINT('Ctrl Pts',(28.2841702752842,-7.3647962273097,14.4029398186701));
#5893=CARTESIAN_POINT('Ctrl Pts',(29.151219390317,-7.36479622191635,15.1523790205782));
#5894=CARTESIAN_POINT('Ctrl Pts',(30.293027728215,-7.36479621764725,15.576319386091));
#5895=CARTESIAN_POINT('Ctrl Pts',(31.4360346775103,-7.36479621550948,15.576319386091));
#5896=CARTESIAN_POINT('Ctrl Pts',(36.2559024906695,-7.36479623075171,10.7564522083917));
#5897=CARTESIAN_POINT('Ctrl Pts',(36.2559025845068,-7.36479623433368,10.044710437061));
#5898=CARTESIAN_POINT('Ctrl Pts',(36.0956860072554,-7.36479623821518,9.33299345057934));
#5899=CARTESIAN_POINT('Ctrl Pts',(35.7901918789725,-7.36479624202524,8.68946323206389));
#5900=CARTESIAN_POINT('Ctrl Pts',(35.1547372483835,-7.36479624995048,7.35086383056956));
#5901=CARTESIAN_POINT('Ctrl Pts',(33.8648662551596,-7.36479625745829,6.33841425417655));
#5902=CARTESIAN_POINT('Ctrl Pts',(32.4169126775861,-7.3647962616811,6.03744700784644));
#5903=CARTESIAN_POINT('Ctrl Pts',(30.9451682741391,-7.36479626597329,5.7315346724873));
#5904=CARTESIAN_POINT('Ctrl Pts',(29.3354447220136,-7.36479626680445,6.16461063892169));
#5905=CARTESIAN_POINT('Ctrl Pts',(28.2154180872851,-7.36479626383672,7.17054101700673));
#5906=CARTESIAN_POINT('Ctrl Pts',(27.2124893158746,-7.36479626117927,8.07130220154932));
#5907=CARTESIAN_POINT('Ctrl Pts',(26.6161662834307,-7.36479625558034,9.4054276746948));
#5908=CARTESIAN_POINT('Ctrl Pts',(26.6161668643515,-7.36479624878104,10.7564536454022));
#5909=CARTESIAN_POINT('Origin',(31.4360344896592,-2.88674372768808,10.7564515196619));
#5910=CARTESIAN_POINT('',(31.4360348657046,9.19311782254795E-7,19.6909252403328));
#5911=CARTESIAN_POINT('',(31.4360344775192,-2.88674434720646,19.9558400202957));
#5912=CARTESIAN_POINT('Origin',(31.4360347673392,-2.59392507473422E-11,
10.7564516578634));
#5913=CARTESIAN_POINT('Origin',(31.4360345428768,-23.314575170692,10.7564512877841));
#5914=CARTESIAN_POINT('',(31.4360349109003,-26.2016576500451,1.82197849543844));
#5915=CARTESIAN_POINT('Origin',(31.4360348146446,-26.2016534201296,10.7564516636166));
#5916=CARTESIAN_POINT('',(31.4360345309971,-23.3145769266255,1.55703188340156));
#5917=CARTESIAN_POINT('Origin',(31.4303378923089,-20.0185529265423,10.7477811468876));
#5918=CARTESIAN_POINT('',(35.2627442715811,-15.5369545716038,12.3374557502303));
#5919=CARTESIAN_POINT('',(31.2556835695885,-15.5331745802022,14.8867692242788));
#5920=CARTESIAN_POINT('Ctrl Pts',(35.2570243707632,-15.5332002183093,12.3350868222946));
#5921=CARTESIAN_POINT('Ctrl Pts',(34.8671602033787,-15.5334265551163,13.2787290072514));
#5922=CARTESIAN_POINT('Ctrl Pts',(34.1617591201189,-15.5335223011354,14.0279907852597));
#5923=CARTESIAN_POINT('Ctrl Pts',(33.2444812123772,-15.5334790323534,14.4741890356719));
#5924=CARTESIAN_POINT('Ctrl Pts',(32.6179208979345,-15.5334494769684,14.7789713854075));
#5925=CARTESIAN_POINT('Ctrl Pts',(31.9212634247082,-15.5333519197599,14.9158298367728));
#5926=CARTESIAN_POINT('Ctrl Pts',(31.2556963586448,-15.5332051288692,14.8867697826947));
#5927=CARTESIAN_POINT('',(35.965232024312,-15.950248978084,12.4049344851837));
#5928=CARTESIAN_POINT('Ctrl Pts',(35.9651403279132,-15.9502320430091,12.4049113274895));
#5929=CARTESIAN_POINT('Ctrl Pts',(35.7314692407544,-15.8141240197134,12.39268006886));
#5930=CARTESIAN_POINT('Ctrl Pts',(35.4996418555913,-15.6780001454413,12.3711738917664));
#5931=CARTESIAN_POINT('Ctrl Pts',(35.270224975113,-15.5418586087664,12.3405517939134));
#5932=CARTESIAN_POINT('',(31.4311850849009,-15.9474909075664,15.5717949553614));
#5933=CARTESIAN_POINT('Ctrl Pts',(31.4311751265866,-15.9502472554236,15.5763166439295));
#5934=CARTESIAN_POINT('Ctrl Pts',(32.4077985245294,-15.9500681392683,15.5773013086026));
#5935=CARTESIAN_POINT('Ctrl Pts',(33.4781000017148,-15.9499593302753,15.2389767991231));
#5936=CARTESIAN_POINT('Ctrl Pts',(34.2958126233128,-15.9499679039116,14.6362445432978));
#5937=CARTESIAN_POINT('Ctrl Pts',(34.883383074888,-15.9499740645299,14.2031490347044));
#5938=CARTESIAN_POINT('Ctrl Pts',(35.3530919989321,-15.9500309953968,13.6615108178737));
#5939=CARTESIAN_POINT('Ctrl Pts',(35.6994998082273,-15.950140258436,13.0045595095788));
#5940=CARTESIAN_POINT('Ctrl Pts',(35.8013575341389,-15.9501723861317,12.8113895968286));
#5941=CARTESIAN_POINT('Ctrl Pts',(35.8903877251626,-15.9502088109777,12.6105687363634));
#5942=CARTESIAN_POINT('Ctrl Pts',(35.965232024312,-15.950248978084,12.4049344851837));
#5943=CARTESIAN_POINT('Ctrl Pts',(31.2556987360987,-15.5332507948542,14.8868450236514));
#5944=CARTESIAN_POINT('Ctrl Pts',(31.3048505180008,-15.6690347070639,15.1123896721498));
#5945=CARTESIAN_POINT('Ctrl Pts',(31.363365799764,-15.804803175876,15.3370983715003));
#5946=CARTESIAN_POINT('Ctrl Pts',(31.4312011447421,-15.9405579600454,15.5603861174446));
#5947=CARTESIAN_POINT('Origin',(31.4261177768055,-20.1851767989196,10.7592878286656));
#5948=CARTESIAN_POINT('',(34.2005846686139,-15.9503111229418,6.80823796558396));
#5949=CARTESIAN_POINT('',(33.9526417240234,-15.535027431699,7.47249052921869));
#5950=CARTESIAN_POINT('Ctrl Pts',(34.2005389910402,-15.9502490237094,6.80833059400689));
#5951=CARTESIAN_POINT('Ctrl Pts',(34.1277503616955,-15.8132308143948,7.03232845057609));
#5952=CARTESIAN_POINT('Ctrl Pts',(34.0463891384882,-15.6761948453593,7.25210090533153));
#5953=CARTESIAN_POINT('Ctrl Pts',(33.9567600544192,-15.539139072993,7.46713405498597));
#5954=CARTESIAN_POINT('Ctrl Pts',(35.9652393486782,-15.9502892727887,12.4049143613946));
#5955=CARTESIAN_POINT('Ctrl Pts',(36.36464627248,-15.9500468740497,11.3075311260791));
#5956=CARTESIAN_POINT('Ctrl Pts',(36.356235233164,-15.9499267749021,10.1341755206953));
#5957=CARTESIAN_POINT('Ctrl Pts',(35.9408364639449,-15.9499501694303,9.04242500368727));
#5958=CARTESIAN_POINT('Ctrl Pts',(35.665510472346,-15.949965675306,8.31881358269313));
#5959=CARTESIAN_POINT('Ctrl Pts',(35.2179735746299,-15.9500466021614,7.67799459982419));
#5960=CARTESIAN_POINT('Ctrl Pts',(34.6684378900506,-15.9501746032986,7.18116184677648));
#5961=CARTESIAN_POINT('Ctrl Pts',(34.5226836757317,-15.9502085532416,7.04938611391602));
#5962=CARTESIAN_POINT('Ctrl Pts',(34.3661690871742,-15.9502466094117,6.92418117030958));
#5963=CARTESIAN_POINT('Ctrl Pts',(34.200593205065,-15.9502884370716,6.80824394284395));
#5964=CARTESIAN_POINT('',(35.5702881720212,-15.5334498547667,10.7564514325363));
#5965=CARTESIAN_POINT('Ctrl Pts',(35.5702881720212,-15.5334498547667,10.7564514325363));
#5966=CARTESIAN_POINT('Ctrl Pts',(35.5702881720212,-15.533447140635,10.7828608054628));
#5967=CARTESIAN_POINT('Ctrl Pts',(35.5700406596185,-15.533444382304,10.8087728636471));
#5968=CARTESIAN_POINT('Ctrl Pts',(35.5695408564803,-15.5334414885839,10.8350556641524));
#5969=CARTESIAN_POINT('Ctrl Pts',(35.5601291128581,-15.5333869972251,11.3299844893469));
#5970=CARTESIAN_POINT('Ctrl Pts',(35.4564516263135,-15.5332934215802,11.8523813760621));
#5971=CARTESIAN_POINT('Ctrl Pts',(35.2570290651588,-15.5331655160279,12.3350754597527));
#5972=CARTESIAN_POINT('Ctrl Pts',(33.9507577891448,-15.5331661104374,7.47495490073321));
#5973=CARTESIAN_POINT('Ctrl Pts',(34.4578890652682,-15.533322138961,7.86358694904999));
#5974=CARTESIAN_POINT('Ctrl Pts',(34.8626368970099,-15.5334263566627,8.35280670031725));
#5975=CARTESIAN_POINT('Ctrl Pts',(35.1497875308451,-15.5334757246903,8.93983599035387));
#5976=CARTESIAN_POINT('Ctrl Pts',(35.4294294519313,-15.5335238017915,9.51151502935579));
#5977=CARTESIAN_POINT('Ctrl Pts',(35.5702881720213,-15.5335121977491,10.1498341974805));
#5978=CARTESIAN_POINT('Ctrl Pts',(35.5702881720212,-15.5334498547667,10.7564514325363));
#5979=CARTESIAN_POINT('Origin',(31.4362057676682,-20.3004076293319,10.7674860819458));
#5980=CARTESIAN_POINT('',(31.4360346773464,-15.9499375334421,5.93658354750629));
#5981=CARTESIAN_POINT('Ctrl Pts',(34.2005846686139,-15.9503111229418,6.80823796558396));
#5982=CARTESIAN_POINT('Ctrl Pts',(33.473214544409,-15.9501087986983,6.29893137812237));
#5983=CARTESIAN_POINT('Ctrl Pts',(32.5650792301364,-15.9499769498495,5.99166751093688));
#5984=CARTESIAN_POINT('Ctrl Pts',(31.7022332967441,-15.9499446906174,5.94394016266763));
#5985=CARTESIAN_POINT('Ctrl Pts',(31.6128342478417,-15.949941348254,5.93899515524883));
#5986=CARTESIAN_POINT('Ctrl Pts',(31.5261202563286,-15.94993901086,5.93658354750326));
#5987=CARTESIAN_POINT('Ctrl Pts',(31.4360346773464,-15.9499375334421,5.93658354750629));
#5988=CARTESIAN_POINT('',(28.9192727843593,-15.5331391875471,7.47651836105053));
#5989=CARTESIAN_POINT('Ctrl Pts',(28.9192727843593,-15.5331391875471,7.47651836105053));
#5990=CARTESIAN_POINT('Ctrl Pts',(29.530792445954,-15.5333505216772,7.0072864059482));
#5991=CARTESIAN_POINT('Ctrl Pts',(30.3170861499155,-15.5334842100514,6.70401050017258));
#5992=CARTESIAN_POINT('Ctrl Pts',(31.0772750254438,-15.5335135936246,6.63779351041513));
#5993=CARTESIAN_POINT('Ctrl Pts',(31.6825557998515,-15.5335369895365,6.58506994114231));
#5994=CARTESIAN_POINT('Ctrl Pts',(32.2951071799613,-15.5335024864584,6.66392645122727));
#5995=CARTESIAN_POINT('Ctrl Pts',(32.8835997858307,-15.5334046485551,6.88390614795458));
#5996=CARTESIAN_POINT('Ctrl Pts',(33.2682472723841,-15.5333407002519,7.02768813704849));
#5997=CARTESIAN_POINT('Ctrl Pts',(33.6323085406494,-15.5332499409008,7.23091739265565));
#5998=CARTESIAN_POINT('Ctrl Pts',(33.9507509935398,-15.5331397721901,7.47494969304065));
#5999=CARTESIAN_POINT('',(28.3437571135476,-15.9471815371231,7.06598504435411));
#6000=CARTESIAN_POINT('Ctrl Pts',(28.3475728814672,-15.9435502770941,7.07055154246969));
#6001=CARTESIAN_POINT('Ctrl Pts',(28.5445563968962,-15.8067908639805,7.19882370792284));
#6002=CARTESIAN_POINT('Ctrl Pts',(28.7352392162613,-15.6700154210972,7.33426749075992));
#6003=CARTESIAN_POINT('Ctrl Pts',(28.919204527751,-15.5332221038193,7.47645533003948));
#6004=CARTESIAN_POINT('Ctrl Pts',(31.4360346773464,-15.9499375334421,5.93658354750629));
#6005=CARTESIAN_POINT('Ctrl Pts',(30.6969107725566,-15.9499254116918,5.93658354753112));
#6006=CARTESIAN_POINT('Ctrl Pts',(29.9371727018689,-15.9499798312339,6.11210230565066));
#6007=CARTESIAN_POINT('Ctrl Pts',(29.2548625010026,-15.9500990938407,6.45835717476004));
#6008=CARTESIAN_POINT('Ctrl Pts',(28.924644412527,-15.950156813438,6.62593435718744));
#6009=CARTESIAN_POINT('Ctrl Pts',(28.6156678498073,-15.9502289354972,6.83145924182579));
#6010=CARTESIAN_POINT('Ctrl Pts',(28.3404691683754,-15.9503104967802,7.06205021504867));
#6011=CARTESIAN_POINT('Origin',(31.4461018205037,-20.1756520380872,10.7589904804288));
#6012=CARTESIAN_POINT('',(27.6164819288729,-15.5331704254198,12.3385601733531));
#6013=CARTESIAN_POINT('Ctrl Pts',(27.6164808895534,-15.5331633780438,12.3385576642088));
#6014=CARTESIAN_POINT('Ctrl Pts',(27.2281909550822,-15.5334125405385,11.4011400134876));
#6015=CARTESIAN_POINT('Ctrl Pts',(27.1960236674048,-15.5335287643561,10.3800505929067));
#6016=CARTESIAN_POINT('Ctrl Pts',(27.523468629039,-15.5335025787544,9.42083240913976));
#6017=CARTESIAN_POINT('Ctrl Pts',(27.7566504649693,-15.5334839313254,8.73774888868426));
#6018=CARTESIAN_POINT('Ctrl Pts',(28.1682465837224,-15.5333894788205,8.13082102150423));
#6019=CARTESIAN_POINT('Ctrl Pts',(28.6856895038142,-15.5332369440257,7.66976181653285));
#6020=CARTESIAN_POINT('Ctrl Pts',(28.7604394886499,-15.533214908796,7.60315704286263));
#6021=CARTESIAN_POINT('Ctrl Pts',(28.8383931708105,-15.5331913776647,7.53857932901902));
#6022=CARTESIAN_POINT('Ctrl Pts',(28.9192643133125,-15.5331663935898,7.47652486108027));
#6023=CARTESIAN_POINT('',(27.0684094267342,-15.9493486528366,12.7912168991576));
#6024=CARTESIAN_POINT('Ctrl Pts',(27.0721843350937,-15.9468184043976,12.789459901687));
#6025=CARTESIAN_POINT('Ctrl Pts',(27.2484032101987,-15.8089721932213,12.6310427603577));
#6026=CARTESIAN_POINT('Ctrl Pts',(27.4299843276882,-15.6711087081422,12.480655870178));
#6027=CARTESIAN_POINT('Ctrl Pts',(27.6163989087481,-15.5332254316683,12.3385959825755));
#6028=CARTESIAN_POINT('Ctrl Pts',(28.3404628428928,-15.950289746503,7.06205551522516));
#6029=CARTESIAN_POINT('Ctrl Pts',(27.8012218335427,-15.9501432331644,7.51389104355865));
#6030=CARTESIAN_POINT('Ctrl Pts',(27.3626912732307,-15.950037610731,8.07906544287653));
#6031=CARTESIAN_POINT('Ctrl Pts',(27.0582804938114,-15.9499844941507,8.73992121737009));
#6032=CARTESIAN_POINT('Ctrl Pts',(26.7195173392027,-15.9499253834309,9.47535373830722));
#6033=CARTESIAN_POINT('Ctrl Pts',(26.5771952133105,-15.9499379191415,10.2792075499119));
#6034=CARTESIAN_POINT('Ctrl Pts',(26.6254530239303,-15.9500125139508,11.0554989830086));
#6035=CARTESIAN_POINT('Ctrl Pts',(26.6616417177897,-15.9500684528482,11.6376425294548));
#6036=CARTESIAN_POINT('Ctrl Pts',(26.8106000159731,-15.950163880388,12.2414396703726));
#6037=CARTESIAN_POINT('Ctrl Pts',(27.0670239217001,-15.9502901379958,12.7918555472387));
#6038=CARTESIAN_POINT('Origin',(31.4442203115236,-19.887716060481,10.7443082763375));
#6039=CARTESIAN_POINT('Ctrl Pts',(31.2556835695885,-15.5331745802022,14.8867692242788));
#6040=CARTESIAN_POINT('Ctrl Pts',(30.4134495206592,-15.5334096447279,14.8499929063172));
#6041=CARTESIAN_POINT('Ctrl Pts',(29.5162630908992,-15.5335316575157,14.5170676805262));
#6042=CARTESIAN_POINT('Ctrl Pts',(28.8474700010667,-15.5335021674542,13.9800184459444));
#6043=CARTESIAN_POINT('Ctrl Pts',(28.3442986373614,-15.5334799803911,13.5759655335419));
#6044=CARTESIAN_POINT('Ctrl Pts',(27.9421856320296,-15.5333833257645,13.0642038643797));
#6045=CARTESIAN_POINT('Ctrl Pts',(27.6687659826229,-15.5332064540404,12.4593130982168));
#6046=CARTESIAN_POINT('Ctrl Pts',(27.6507015194428,-15.5331947683669,12.4193487906149));
#6047=CARTESIAN_POINT('Ctrl Pts',(27.6332696109259,-15.5331827569246,12.3790892698696));
#6048=CARTESIAN_POINT('Ctrl Pts',(27.6164819288729,-15.5331704254198,12.3385601733531));
#6049=CARTESIAN_POINT('Ctrl Pts',(27.0670257200557,-15.9502792649277,12.7918594074179));
#6050=CARTESIAN_POINT('Ctrl Pts',(27.5169180042074,-15.950031291895,13.7575544108319));
#6051=CARTESIAN_POINT('Ctrl Pts',(28.2448830208409,-15.9499188836942,14.5218526677018));
#6052=CARTESIAN_POINT('Ctrl Pts',(29.185091244312,-15.9499563562871,15.0184202330548));
#6053=CARTESIAN_POINT('Ctrl Pts',(29.8823410257485,-15.9499841456179,15.3866701778731));
#6054=CARTESIAN_POINT('Ctrl Pts',(30.6852325473838,-15.9501031159761,15.5755627362306));
#6055=CARTESIAN_POINT('Ctrl Pts',(31.4311633459647,-15.9502754377991,15.5763166320382));
#6056=CARTESIAN_POINT('Origin',(31.4416535100652,-5.87093843087853,10.7478990865395));
#6057=CARTESIAN_POINT('',(31.4425650703336,-10.2549404885288,15.5703836108994));
#6058=CARTESIAN_POINT('',(26.906839665839,-10.2513860070762,12.4049412651298));
#6059=CARTESIAN_POINT('Ctrl Pts',(31.4416855477917,-10.2513865866567,15.5763160682699));
#6060=CARTESIAN_POINT('Ctrl Pts',(30.4647333665377,-10.2515841663588,15.5774614593997));
#6061=CARTESIAN_POINT('Ctrl Pts',(29.3941316985385,-10.251704467143,15.2391152322525));
#6062=CARTESIAN_POINT('Ctrl Pts',(28.5761999314434,-10.2516952106935,14.6362029722877));
#6063=CARTESIAN_POINT('Ctrl Pts',(27.9884287511475,-10.2516885589476,14.2029462326542));
#6064=CARTESIAN_POINT('Ctrl Pts',(27.5185897561145,-10.2516258592904,13.6610534061057));
#6065=CARTESIAN_POINT('Ctrl Pts',(27.1721779410087,-10.2515055211385,13.0038170179221));
#6066=CARTESIAN_POINT('Ctrl Pts',(27.0704842690614,-10.2514701943164,12.8108767695321));
#6067=CARTESIAN_POINT('Ctrl Pts',(26.9815889092662,-10.251430152345,12.6103134315324));
#6068=CARTESIAN_POINT('Ctrl Pts',(26.906839665839,-10.2513860070762,12.4049412651298));
#6069=CARTESIAN_POINT('',(31.616389005078,-10.6685046387761,14.8867692445413));
#6070=CARTESIAN_POINT('Ctrl Pts',(31.6163714890318,-10.6684162086307,14.8868518553099));
#6071=CARTESIAN_POINT('Ctrl Pts',(31.5673893891792,-10.5331459025884,15.1115202787253));
#6072=CARTESIAN_POINT('Ctrl Pts',(31.5091353840123,-10.3978924030342,15.3353592097467));
#6073=CARTESIAN_POINT('Ctrl Pts',(31.4416522819335,-10.262653809063,15.5577927234111));
#6074=CARTESIAN_POINT('',(27.6155048034612,-10.6680398831091,12.3380444483735));
#6075=CARTESIAN_POINT('Ctrl Pts',(27.6161560630529,-10.668469751897,12.3377733905572));
#6076=CARTESIAN_POINT('Ctrl Pts',(28.006336991626,-10.6682227807244,13.2803037476658));
#6077=CARTESIAN_POINT('Ctrl Pts',(28.7113682182504,-10.6681187433392,14.028563633087));
#6078=CARTESIAN_POINT('Ctrl Pts',(29.6277788266252,-10.6681661602749,14.4742819003611));
#6079=CARTESIAN_POINT('Ctrl Pts',(30.2540196772651,-10.6681985632413,14.7788691501078));
#6080=CARTESIAN_POINT('Ctrl Pts',(30.9516809087035,-10.6683054507337,14.9157919936563));
#6081=CARTESIAN_POINT('Ctrl Pts',(31.6163743198365,-10.6684659570672,14.8867698857615));
#6082=CARTESIAN_POINT('Ctrl Pts',(26.9069235597927,-10.2514280612087,12.4049136188352));
#6083=CARTESIAN_POINT('Ctrl Pts',(27.1444191622217,-10.3897560277898,12.3924918232706));
#6084=CARTESIAN_POINT('Ctrl Pts',(27.3800079709379,-10.5280996331166,12.3704792830018));
#6085=CARTESIAN_POINT('Ctrl Pts',(27.6130938138248,-10.6664606976912,12.3390435877521));
#6086=CARTESIAN_POINT('Origin',(31.4459094475598,-6.14109544503262,10.7592717858888));
#6087=CARTESIAN_POINT('',(28.9197911813049,-10.6676945469697,7.47446672836172));
#6088=CARTESIAN_POINT('Ctrl Pts',(28.9205870524886,-10.6684772721942,7.4755104706337));
#6089=CARTESIAN_POINT('Ctrl Pts',(28.4115206855647,-10.6683278271264,7.86580391367408));
#6090=CARTESIAN_POINT('Ctrl Pts',(28.0048033640938,-10.6682279037257,8.35859643590561));
#6091=CARTESIAN_POINT('Ctrl Pts',(27.7177911114893,-10.6681810609756,8.94904569721705));
#6092=CARTESIAN_POINT('Ctrl Pts',(27.4276031947865,-10.668133699931,9.54602801941341));
#6093=CARTESIAN_POINT('Ctrl Pts',(27.2893621318701,-10.6681484934117,10.2141560728822));
#6094=CARTESIAN_POINT('Ctrl Pts',(27.3027091063408,-10.6682150564637,10.8440356228775));
#6095=CARTESIAN_POINT('Ctrl Pts',(27.3131589981453,-10.6682671713975,11.3371940657719));
#6096=CARTESIAN_POINT('Ctrl Pts',(27.4171805914935,-10.6683562526718,11.8571225547737));
#6097=CARTESIAN_POINT('Ctrl Pts',(27.6161549689435,-10.668477768587,12.3377707475975));
#6098=CARTESIAN_POINT('',(28.6714760168311,-10.2513661144323,6.80824423422499));
#6099=CARTESIAN_POINT('Ctrl Pts',(28.6715250402127,-10.2514228713639,6.80832380657478));
#6100=CARTESIAN_POINT('Ctrl Pts',(28.7446690242828,-10.3891296697073,7.03347873136923));
#6101=CARTESIAN_POINT('Ctrl Pts',(28.8264925628822,-10.5268528549437,7.25435481618384));
#6102=CARTESIAN_POINT('Ctrl Pts',(28.9166847016798,-10.6645943270308,7.47042807900441));
#6103=CARTESIAN_POINT('Ctrl Pts',(26.9068375992903,-10.2513743555417,12.4049355873146));
#6104=CARTESIAN_POINT('Ctrl Pts',(26.5073234584467,-10.2516062007884,11.3072735791475));
#6105=CARTESIAN_POINT('Ctrl Pts',(26.5158380846167,-10.2517207373267,10.1335763823258));
#6106=CARTESIAN_POINT('Ctrl Pts',(26.9315402353008,-10.2516979482199,9.04161759425427));
#6107=CARTESIAN_POINT('Ctrl Pts',(27.2068352147377,-10.2516828563407,8.31847778943651));
#6108=CARTESIAN_POINT('Ctrl Pts',(27.6541000688988,-10.2516052694513,7.67809569706324));
#6109=CARTESIAN_POINT('Ctrl Pts',(28.2032562565126,-10.2514826668489,7.18150129991102));
#6110=CARTESIAN_POINT('Ctrl Pts',(28.349117684126,-10.2514501023599,7.04960081449868));
#6111=CARTESIAN_POINT('Ctrl Pts',(28.5057560029402,-10.2514135990465,6.92428257338841));
#6112=CARTESIAN_POINT('Ctrl Pts',(28.6714730933919,-10.2513734751653,6.8082462812364));
#6113=CARTESIAN_POINT('Origin',(31.4358550084269,-6.24697037354371,10.7677745259969));
#6114=CARTESIAN_POINT('',(33.9528028061999,-10.6684937693545,7.47652323626577));
#6115=CARTESIAN_POINT('Ctrl Pts',(33.9528028061999,-10.6684937693545,7.47652323626577));
#6116=CARTESIAN_POINT('Ctrl Pts',(33.3336316892107,-10.668296844477,7.00141831362436));
#6117=CARTESIAN_POINT('Ctrl Pts',(32.5363780330912,-10.6681733060058,6.69747242361261));
#6118=CARTESIAN_POINT('Ctrl Pts',(31.7681447207301,-10.6681479457239,6.63555914423195));
#6119=CARTESIAN_POINT('Ctrl Pts',(31.1288723657213,-10.6681268425943,6.58403905615564));
#6120=CARTESIAN_POINT('Ctrl Pts',(30.4766352155651,-10.668165769156,6.68054717558557));
#6121=CARTESIAN_POINT('Ctrl Pts',(29.8622793968853,-10.6682694812598,6.93344939516846));
#6122=CARTESIAN_POINT('Ctrl Pts',(29.5240710640533,-10.6683265756937,7.07267431247848));
#6123=CARTESIAN_POINT('Ctrl Pts',(29.2043543064301,-10.6684028489233,7.25795103325248));
#6124=CARTESIAN_POINT('Ctrl Pts',(28.9205914322364,-10.6684931853621,7.47550711275177));
#6125=CARTESIAN_POINT('',(34.5333332653693,-10.2513661965572,7.06350326125411));
#6126=CARTESIAN_POINT('Ctrl Pts',(34.5309510608048,-10.253631413332,7.06635139914595));
#6127=CARTESIAN_POINT('Ctrl Pts',(34.3316707995738,-10.3918797978474,7.19586084652571));
#6128=CARTESIAN_POINT('Ctrl Pts',(34.1388311376046,-10.5301439064662,7.33271081583464));
#6129=CARTESIAN_POINT('Ctrl Pts',(33.9528635785691,-10.6684255665237,7.47645886940532));
#6130=CARTESIAN_POINT('Ctrl Pts',(28.6714760168311,-10.2513661144323,6.80824423422499));
#6131=CARTESIAN_POINT('Ctrl Pts',(29.3979773103322,-10.2515487441398,6.29954363334143));
#6132=CARTESIAN_POINT('Ctrl Pts',(30.304889810216,-10.2516677129292,5.99231839209371));
#6133=CARTESIAN_POINT('Ctrl Pts',(31.1668662669798,-10.2516969917879,5.94410555943695));
#6134=CARTESIAN_POINT('Ctrl Pts',(31.9078983600782,-10.2517221625148,5.90265749433319));
#6135=CARTESIAN_POINT('Ctrl Pts',(32.6744321100445,-10.2516881291646,6.03453233381265));
#6136=CARTESIAN_POINT('Ctrl Pts',(33.382480056928,-10.2515920927027,6.34708924176186));
#6137=CARTESIAN_POINT('Ctrl Pts',(33.8017050964234,-10.2515352308903,6.53214970646106));
#6138=CARTESIAN_POINT('Ctrl Pts',(34.1934458212064,-10.2514573386833,6.77843755941254));
#6139=CARTESIAN_POINT('Ctrl Pts',(34.5333332653693,-10.2513661965572,7.06350326125411));
#6140=CARTESIAN_POINT('Origin',(31.4260435581818,-6.13070839124009,10.7589544842859));
#6141=CARTESIAN_POINT('',(35.2566384512878,-10.6671256425761,12.3419595644024));
#6142=CARTESIAN_POINT('',(35.5702881720212,-10.6682054899276,10.7564515895664));
#6143=CARTESIAN_POINT('Ctrl Pts',(35.2545414316968,-10.6684792946167,12.3410834388847));
#6144=CARTESIAN_POINT('Ctrl Pts',(35.4662280120071,-10.6683495654866,11.8309797022513));
#6145=CARTESIAN_POINT('Ctrl Pts',(35.570288172028,-10.6682582875929,11.2928182510816));
#6146=CARTESIAN_POINT('Ctrl Pts',(35.5702881720212,-10.6682054899277,10.7564515895664));
#6147=CARTESIAN_POINT('',(35.8043114726993,-10.2513473691337,12.7934305997185));
#6148=CARTESIAN_POINT('Ctrl Pts',(35.8042278466251,-10.2514082698267,12.7933730521644));
#6149=CARTESIAN_POINT('Ctrl Pts',(35.6293024844636,-10.3883144049123,12.6359488467399));
#6150=CARTESIAN_POINT('Ctrl Pts',(35.4491017720055,-10.5252395939817,12.4864142643691));
#6151=CARTESIAN_POINT('Ctrl Pts',(35.2641399376379,-10.6621865924106,12.3450585338885));
#6152=CARTESIAN_POINT('Ctrl Pts',(34.5333353790964,-10.2513727256872,7.06350503405112));
#6153=CARTESIAN_POINT('Ctrl Pts',(35.0726577557867,-10.2515132061114,7.51583857326949));
#6154=CARTESIAN_POINT('Ctrl Pts',(35.5112412145555,-10.2516144704949,8.08177221462457));
#6155=CARTESIAN_POINT('Ctrl Pts',(35.8153421395257,-10.2516653701833,8.74329685692269));
#6156=CARTESIAN_POINT('Ctrl Pts',(36.1532961481888,-10.2517219361202,9.47846365957513));
#6157=CARTESIAN_POINT('Ctrl Pts',(36.2950269910329,-10.2517100236548,10.2815477810026));
#6158=CARTESIAN_POINT('Ctrl Pts',(36.2465013504661,-10.2516387451914,11.0573437821242));
#6159=CARTESIAN_POINT('Ctrl Pts',(36.2100893212512,-10.2515852601995,11.6394753383013));
#6160=CARTESIAN_POINT('Ctrl Pts',(36.0609049227651,-10.2514939598716,12.2431656671752));
#6161=CARTESIAN_POINT('Ctrl Pts',(35.8043162867301,-10.251373082492,12.7934202760561));
#6162=CARTESIAN_POINT('Ctrl Pts',(35.5702881720212,-10.6682054899277,10.7564515895664));
#6163=CARTESIAN_POINT('Ctrl Pts',(35.5702881720155,-10.6681612722226,10.3072479597602));
#6164=CARTESIAN_POINT('Ctrl Pts',(35.4983395392679,-10.6681437752887,9.86025522527891));
#6165=CARTESIAN_POINT('Ctrl Pts',(35.3493247492621,-10.6681554306723,9.4229551509118));
#6166=CARTESIAN_POINT('Ctrl Pts',(35.1155068733911,-10.6681737190383,8.73679121709865));
#6167=CARTESIAN_POINT('Ctrl Pts',(34.7011955322719,-10.6682654273062,8.12677975092618));
#6168=CARTESIAN_POINT('Ctrl Pts',(34.18071410621,-10.6684129995323,7.66472283855938));
#6169=CARTESIAN_POINT('Ctrl Pts',(34.1076980826019,-10.6684337017834,7.59990293004332));
#6170=CARTESIAN_POINT('Ctrl Pts',(34.0316446087377,-10.6684557626855,7.53702063785322));
#6171=CARTESIAN_POINT('Ctrl Pts',(33.9528076788839,-10.6684791465035,7.47652697519988));
#6172=CARTESIAN_POINT('Origin',(31.4280157958654,-5.89912986178164,10.7445761551923));
#6173=CARTESIAN_POINT('Ctrl Pts',(35.8043114726993,-10.2513473691337,12.7934305997185));
#6174=CARTESIAN_POINT('Ctrl Pts',(35.3545306084001,-10.2516264132657,13.7579802006422));
#6175=CARTESIAN_POINT('Ctrl Pts',(34.6273552122327,-10.251753099396,14.5214017480956));
#6176=CARTESIAN_POINT('Ctrl Pts',(33.6882615930272,-10.2517106762761,15.0177424117074));
#6177=CARTESIAN_POINT('Ctrl Pts',(32.9909964776685,-10.2516791776471,15.3862690665508));
#6178=CARTESIAN_POINT('Ctrl Pts',(32.1879829738597,-10.2515446327056,15.5754389504628));
#6179=CARTESIAN_POINT('Ctrl Pts',(31.4416994284722,-10.2513500987367,15.5763160519761));
#6180=CARTESIAN_POINT('Ctrl Pts',(31.616389005078,-10.6685046387761,14.8867692445413));
#6181=CARTESIAN_POINT('Ctrl Pts',(32.4669433205389,-10.6682390516945,14.8496289740976));
#6182=CARTESIAN_POINT('Ctrl Pts',(33.3704762419393,-10.6681036499227,14.5109706653817));
#6183=CARTESIAN_POINT('Ctrl Pts',(34.0413057048256,-10.6681394015655,13.9665317597353));
#6184=CARTESIAN_POINT('Ctrl Pts',(34.5413219311,-10.6681660497713,13.5607232762096));
#6185=CARTESIAN_POINT('Ctrl Pts',(34.9410264938385,-10.6682756733049,13.0469863013657));
#6186=CARTESIAN_POINT('Ctrl Pts',(35.2112435412956,-10.6684749679736,12.4416370276398));
#6187=CARTESIAN_POINT('Ctrl Pts',(35.2261156915784,-10.6684859367126,12.4083199388138));
#6188=CARTESIAN_POINT('Ctrl Pts',(35.2405498038233,-10.6684971589067,12.3747990263768));
#6189=CARTESIAN_POINT('Ctrl Pts',(35.2545379538823,-10.6685086301034,12.34109181939));
#6190=CARTESIAN_POINT('Origin',(31.4360346775102,-18.8368569424912,10.756451396102));
#6191=CARTESIAN_POINT('',(31.4360346775102,-18.8368570685385,5.9365836230039));
#6192=CARTESIAN_POINT('Origin',(31.4360346775103,-7.36479428731769,10.7564515729317));
#6193=CARTESIAN_POINT('',(31.4360346775103,-7.36479429607746,15.576319386091));
#6194=CARTESIAN_POINT('Origin',(31.4360347208549,-10.6682631650732,10.7564515896171));
#6195=CARTESIAN_POINT('',(35.5702881720212,-10.6682631650732,10.7564515896171));
#6196=CARTESIAN_POINT('Origin',(31.4360347636635,-26.2016534201296,10.7564513632547));
#6197=CARTESIAN_POINT('Origin',(31.4360347636635,-2.59392507473422E-11,
10.7564516007608));
#6198=UNCERTAINTY_MEASURE_WITH_UNIT(LENGTH_MEASURE(0.01),#6202,
'DISTANCE_ACCURACY_VALUE',
'Maximum model space distance between geometric entities at asserted c
onnectivities');
#6199=UNCERTAINTY_MEASURE_WITH_UNIT(LENGTH_MEASURE(0.01),#6202,
'DISTANCE_ACCURACY_VALUE',
'Maximum model space distance between geometric entities at asserted c
onnectivities');
#6200=(
GEOMETRIC_REPRESENTATION_CONTEXT(3)
GLOBAL_UNCERTAINTY_ASSIGNED_CONTEXT((#6198))
GLOBAL_UNIT_ASSIGNED_CONTEXT((#6202,#6204,#6205))
REPRESENTATION_CONTEXT('','3D')
);
#6201=(
GEOMETRIC_REPRESENTATION_CONTEXT(3)
GLOBAL_UNCERTAINTY_ASSIGNED_CONTEXT((#6199))
GLOBAL_UNIT_ASSIGNED_CONTEXT((#6202,#6204,#6205))
REPRESENTATION_CONTEXT('','3D')
);
#6202=(
LENGTH_UNIT()
NAMED_UNIT(*)
SI_UNIT(.MILLI.,.METRE.)
);
#6203=(
LENGTH_UNIT()
NAMED_UNIT(*)
SI_UNIT($,.METRE.)
);
#6204=(
NAMED_UNIT(*)
PLANE_ANGLE_UNIT()
SI_UNIT($,.RADIAN.)
);
#6205=(
NAMED_UNIT(*)
SI_UNIT($,.STERADIAN.)
SOLID_ANGLE_UNIT()
);
#6206=SHAPE_DEFINITION_REPRESENTATION(#6207,#6208);
#6207=PRODUCT_DEFINITION_SHAPE('',$,#6210);
#6208=SHAPE_REPRESENTATION('',(#2166),#6200);
#6209=PRODUCT_DEFINITION_CONTEXT('part definition',#6214,'design');
#6210=PRODUCT_DEFINITION('2026-04-20-15-59-30-226','Big Wheel',#6211,#6209);
#6211=PRODUCT_DEFINITION_FORMATION('',$,#6216);
#6212=PRODUCT_RELATED_PRODUCT_CATEGORY('Big Wheel','Big Wheel',(#6216));
#6213=APPLICATION_PROTOCOL_DEFINITION('international standard',
'automotive_design',2009,#6214);
#6214=APPLICATION_CONTEXT(
'Core Data for Automotive Mechanical Design Process');
#6215=PRODUCT_CONTEXT('part definition',#6214,'mechanical');
#6216=PRODUCT('2026-04-20-15-59-30-226','Big Wheel',$,(#6215));
#6217=PRESENTATION_STYLE_ASSIGNMENT((#6219));
#6218=PRESENTATION_STYLE_ASSIGNMENT((#6220));
#6219=SURFACE_STYLE_USAGE(.BOTH.,#6221);
#6220=SURFACE_STYLE_USAGE(.BOTH.,#6222);
#6221=SURFACE_SIDE_STYLE('',(#6223));
#6222=SURFACE_SIDE_STYLE('',(#6224));
#6223=SURFACE_STYLE_FILL_AREA(#6225);
#6224=SURFACE_STYLE_FILL_AREA(#6226);
#6225=FILL_AREA_STYLE('Steel - Satin',(#6227));
#6226=FILL_AREA_STYLE('Powder Coat (White)',(#6228));
#6227=FILL_AREA_STYLE_COLOUR('Steel - Satin',#6229);
#6228=FILL_AREA_STYLE_COLOUR('Powder Coat (White)',#6230);
#6229=COLOUR_RGB('Steel - Satin',0.627450980392157,0.627450980392157,0.627450980392157);
#6230=COLOUR_RGB('Powder Coat (White)',0.964705882352941,0.964705882352941,
0.952941176470588);
ENDSEC;
END-ISO-10303-21;
