ISO-10303-21;
HEADER;
/* Generated by software containing ST-Developer
 * from STEP Tools, Inc. (www.steptools.com) 
 */

FILE_DESCRIPTION(
/* description */ (''),
/* implementation_level */ '2;1');

FILE_NAME(
/* name */ 'Big Wheel TPU.step',
/* time_stamp */ '2026-04-29T19:48:10+02:00',
/* author */ (''),
/* organization */ (''),
/* preprocessor_version */ 'ST-DEVELOPER v20.1',
/* originating_system */ 'Autodesk Translation Framework v15.8.0.0',
/* authorisation */ '');

FILE_SCHEMA (('AUTOMOTIVE_DESIGN { 1 0 10303 214 3 1 1 }'));
ENDSEC;

DATA;
#10=MECHANICAL_DESIGN_GEOMETRIC_PRESENTATION_REPRESENTATION('',(#13),#9512);
#11=SHAPE_REPRESENTATION_RELATIONSHIP('SRR','None',#9519,#12);
#12=ADVANCED_BREP_SHAPE_REPRESENTATION('',(#14),#9511);
#13=STYLED_ITEM('',(#9529),#14);
#14=MANIFOLD_SOLID_BREP('Original Big Wheel',#3726);
#15=FACE_BOUND('',#964,.T.);
#16=FACE_BOUND('',#966,.T.);
#17=PLANE('',#4044);
#18=PLANE('',#4045);
#19=TOROIDAL_SURFACE('',#3885,11.2478647541879,0.543115921792756);
#20=TOROIDAL_SURFACE('',#3887,11.9512900200536,0.565137536539626);
#21=TOROIDAL_SURFACE('',#3891,12.5595266354571,1.0810860287293);
#22=TOROIDAL_SURFACE('',#3898,12.178309180775,0.565138011264078);
#23=TOROIDAL_SURFACE('',#3900,12.291904306605,1.08104590130644);
#24=TOROIDAL_SURFACE('',#3902,11.8512253809759,0.471055867190912);
#25=TOROIDAL_SURFACE('',#3912,11.1695895898527,0.471055751967228);
#26=TOROIDAL_SURFACE('',#3936,23.4539388377591,10.7409854342823);
#27=TOROIDAL_SURFACE('',#3937,36.2259710432196,10.7433578170945);
#28=TOROIDAL_SURFACE('',#3938,35.841855153406,10.740198528502);
#29=TOROIDAL_SURFACE('',#3939,34.6620167436241,10.7406192612759);
#30=TOROIDAL_SURFACE('',#3940,34.1746269934912,10.7690208669405);
#31=TOROIDAL_SURFACE('',#3941,31.9340041429723,10.7200352527119);
#32=TOROIDAL_SURFACE('',#3971,36.1035679388609,11.0426472823669);
#33=TOROIDAL_SURFACE('',#3973,36.1235688906968,11.0683701372602);
#34=TOROIDAL_SURFACE('',#3975,34.4135714599182,11.0694043836321);
#35=(
BOUNDED_CURVE()
B_SPLINE_CURVE(2,(#5397,#5398,#5399,#5400,#5401),.UNSPECIFIED.,.F.,.F.)
B_SPLINE_CURVE_WITH_KNOTS((3,2,3),(2.09581582449163,3.14159265358979,4.58390553420787),
 .UNSPECIFIED.)
CURVE()
GEOMETRIC_REPRESENTATION_ITEM()
RATIONAL_B_SPLINE_CURVE((0.869649108526753,0.805002764260303,1.,0.731064011970096,
0.956004706716427))
REPRESENTATION_ITEM('')
);
#36=(
BOUNDED_CURVE()
B_SPLINE_CURVE(2,(#5635,#5636,#5637,#5638,#5639),.UNSPECIFIED.,.F.,.F.)
B_SPLINE_CURVE_WITH_KNOTS((3,2,3),(2.01417031981728,3.14159265358979,3.57540228932481),
 .UNSPECIFIED.)
CURVE()
GEOMETRIC_REPRESENTATION_ITEM()
RATIONAL_B_SPLINE_CURVE((0.881325774159504,0.789779011659272,1.,0.919111155026711,
0.882900744519192))
REPRESENTATION_ITEM('')
);
#37=(
BOUNDED_CURVE()
B_SPLINE_CURVE(2,(#5777,#5778,#5779),.UNSPECIFIED.,.F.,.F.)
B_SPLINE_CURVE_WITH_KNOTS((3,3),(2.13684980440021,2.57360778121855),
 .UNSPECIFIED.)
CURVE()
GEOMETRIC_REPRESENTATION_ITEM()
RATIONAL_B_SPLINE_CURVE((0.864975696637911,0.842231661328189,0.864775428687062))
REPRESENTATION_ITEM('')
);
#38=(
BOUNDED_CURVE()
B_SPLINE_CURVE(2,(#5993,#5994,#5995,#5996,#5997),.UNSPECIFIED.,.F.,.F.)
B_SPLINE_CURVE_WITH_KNOTS((3,2,3),(1.92944689354748,3.14159265358979,3.47780966379945),
 .UNSPECIFIED.)
CURVE()
GEOMETRIC_REPRESENTATION_ITEM()
RATIONAL_B_SPLINE_CURVE((0.896789014093033,0.773981344828903,1.,0.937308433524875,
0.901454173307824))
REPRESENTATION_ITEM('')
);
#39=(
BOUNDED_CURVE()
B_SPLINE_CURVE(2,(#6120,#6121,#6122),.UNSPECIFIED.,.F.,.F.)
B_SPLINE_CURVE_WITH_KNOTS((3,3),(2.04154042222355,2.47943184515152),
 .UNSPECIFIED.)
CURVE()
GEOMETRIC_REPRESENTATION_ITEM()
RATIONAL_B_SPLINE_CURVE((0.877058715578127,0.844347299290247,0.8571590466365))
REPRESENTATION_ITEM('')
);
#40=(
BOUNDED_CURVE()
B_SPLINE_CURVE(2,(#6288,#6289,#6290,#6291,#6292),.UNSPECIFIED.,.F.,.F.)
B_SPLINE_CURVE_WITH_KNOTS((3,2,3),(2.36734403438534,3.14159265358979,4.10364633634962),
 .UNSPECIFIED.)
CURVE()
GEOMETRIC_REPRESENTATION_ITEM()
RATIONAL_B_SPLINE_CURVE((0.853582903622299,0.855632352602086,1.,0.820613917279906,
0.860962294811398))
REPRESENTATION_ITEM('')
);
#41=(
BOUNDED_CURVE()
B_SPLINE_CURVE(2,(#6578,#6579,#6580,#6581,#6582),.UNSPECIFIED.,.F.,.F.)
B_SPLINE_CURVE_WITH_KNOTS((3,2,3),(2.46082451124965,3.14159265358979,4.19838061354177),
 .UNSPECIFIED.)
CURVE()
GEOMETRIC_REPRESENTATION_ITEM()
RATIONAL_B_SPLINE_CURVE((0.856152425927774,0.873062873222699,1.,0.802949611026167,
0.871039234184015))
REPRESENTATION_ITEM('')
);
#42=CONICAL_SURFACE('',#3752,10.3631516319054,0.25020292221606);
#43=CONICAL_SURFACE('',#3765,11.2246042430051,0.947083312012783);
#44=CONICAL_SURFACE('',#3772,11.1235330455113,0.74851941722182);
#45=CONICAL_SURFACE('',#3773,10.6281709409121,1.0478228090107);
#46=CONICAL_SURFACE('',#3780,10.4272203150887,0.650716155503688);
#47=CONICAL_SURFACE('',#3781,10.859467142731,0.213772734099759);
#48=CONICAL_SURFACE('',#3782,10.8552376438335,0.213506573150508);
#49=CONICAL_SURFACE('',#3784,10.9035272521373,0.213234948531964);
#50=CONICAL_SURFACE('',#3786,10.9106475277099,0.21315750158806);
#51=CONICAL_SURFACE('',#3788,10.8865012754925,0.213369358046656);
#52=CONICAL_SURFACE('',#3789,10.8503732218312,0.21349371252181);
#53=CONICAL_SURFACE('',#3790,10.6136755011655,0.19953621034815);
#54=CONICAL_SURFACE('',#3791,10.6192764442604,0.215138688532432);
#55=CONICAL_SURFACE('',#3793,10.3073431356416,0.250740640601755);
#56=CONICAL_SURFACE('',#3795,10.2750035452752,0.250147774636617);
#57=CONICAL_SURFACE('',#3797,10.7230705344092,0.250539011520061);
#58=CONICAL_SURFACE('',#3799,10.2113318922978,0.250175157962557);
#59=CONICAL_SURFACE('',#3802,10.6326650987683,0.250096844076575);
#60=CONICAL_SURFACE('',#3804,10.3022656692511,0.250045912607355);
#61=CONICAL_SURFACE('',#3807,10.7066426967144,0.250627604865533);
#62=CONICAL_SURFACE('',#3809,10.265088064683,0.0508063762904519);
#63=CONICAL_SURFACE('',#3811,10.6354384447561,0.221189429036535);
#64=CONICAL_SURFACE('',#3812,10.666996976647,0.23684603081032);
#65=CONICAL_SURFACE('',#3814,10.8988153759851,0.198142152332671);
#66=CONICAL_SURFACE('',#3815,10.4822231612124,0.215194598002986);
#67=CONICAL_SURFACE('',#3816,10.5766268523387,0.215241634666405);
#68=CONICAL_SURFACE('',#3817,10.9143583954838,0.215315571575263);
#69=CONICAL_SURFACE('',#3818,10.9371033340469,0.215431346575932);
#70=CONICAL_SURFACE('',#3819,10.8970573272011,0.157941341791396);
#71=CONICAL_SURFACE('',#3821,10.8825702609921,0.157783837819671);
#72=CONICAL_SURFACE('',#3824,10.9134034960589,0.15796804828596);
#73=CONICAL_SURFACE('',#3825,10.9075004164183,0.157902303576045);
#74=CONICAL_SURFACE('',#3827,10.8773036742832,0.157820034834488);
#75=CONICAL_SURFACE('',#3829,10.8979696088435,0.158004206339844);
#76=CONICAL_SURFACE('',#3830,11.1491589795498,0.139110159650481);
#77=CONICAL_SURFACE('',#3833,11.1212631560632,0.0267498177032977);
#78=CONICAL_SURFACE('',#3834,11.0708607677087,0.122313114699393);
#79=CONICAL_SURFACE('',#3835,11.0740378768802,0.0868029768229227);
#80=CONICAL_SURFACE('',#3836,11.0495906964422,0.132563860936762);
#81=CONICAL_SURFACE('',#3837,11.3072578571491,0.122365304649228);
#82=CONICAL_SURFACE('',#3838,11.0740937537833,0.121895916853086);
#83=CONICAL_SURFACE('',#3839,11.3909560633206,0.0641555646404996);
#84=CONICAL_SURFACE('',#3842,11.264741962847,0.0646181169014666);
#85=CONICAL_SURFACE('',#3844,11.2649309170672,0.064630639833124);
#86=CONICAL_SURFACE('',#3847,11.2630902230714,0.0646700347218988);
#87=CONICAL_SURFACE('',#3849,11.3910586506684,0.0642780024773328);
#88=CONICAL_SURFACE('',#3852,11.3959329310624,0.0239954764309857);
#89=CONICAL_SURFACE('',#3853,11.3974727548862,0.0247551304940483);
#90=CONICAL_SURFACE('',#3854,11.4008091201921,0.0288188995249516);
#91=CONICAL_SURFACE('',#3855,11.3979207643316,0.0287374397901227);
#92=CONICAL_SURFACE('',#3858,11.3940187992831,0.0288624017247314);
#93=CONICAL_SURFACE('',#3861,11.3498859800762,0.0288684663473754);
#94=CONICAL_SURFACE('',#3865,11.3753593403787,0.064648200191913);
#95=CONICAL_SURFACE('',#3866,11.3748173003034,0.0646845593012049);
#96=CONICAL_SURFACE('',#3867,11.2785211228761,0.0647038807979918);
#97=CONICAL_SURFACE('',#3868,11.2789284895989,0.0646550950786932);
#98=CONICAL_SURFACE('',#3869,11.2717050083337,0.121903798804782);
#99=CONICAL_SURFACE('',#3871,11.2748830948099,0.121830634850527);
#100=CONICAL_SURFACE('',#3872,11.2805601769174,0.122073827078579);
#101=CONICAL_SURFACE('',#3875,11.277876742806,0.122116239075369);
#102=CONICAL_SURFACE('',#3876,11.0958983380291,0.122286714715609);
#103=CONICAL_SURFACE('',#3877,11.1016614554747,0.121928385049614);
#104=CONICAL_SURFACE('',#3878,10.9395642159483,0.149796185367999);
#105=CONICAL_SURFACE('',#3879,11.0989293260668,0.2678222947198);
#106=CONICAL_SURFACE('',#3880,11.1158200045308,0.255310544201053);
#107=CONICAL_SURFACE('',#3881,11.1354059421601,0.262324052306976);
#108=CONICAL_SURFACE('',#3882,10.8798282959753,0.139799812233457);
#109=CONICAL_SURFACE('',#3883,10.9390921345202,0.158120965483102);
#110=CONICAL_SURFACE('',#3884,10.9419707452288,0.157913343834247);
#111=CONICAL_SURFACE('',#3895,11.8153728873723,0.971194197484679);
#112=CONICAL_SURFACE('',#3907,11.7089821531666,0.774133534143206);
#113=CONICAL_SURFACE('',#3908,11.1875483588544,1.06972755177924);
#114=CONICAL_SURFACE('',#3917,10.9760213843006,0.675597251220742);
#115=CONICAL_SURFACE('',#3918,11.4310142545351,0.224657913305429);
#116=CONICAL_SURFACE('',#3919,11.4265612838198,0.224379065246703);
#117=CONICAL_SURFACE('',#3921,11.4773914350279,0.224094485811659);
#118=CONICAL_SURFACE('',#3923,11.4848861553532,0.224013343796427);
#119=CONICAL_SURFACE('',#3925,11.4594698669625,0.224235306712361);
#120=CONICAL_SURFACE('',#3927,11.4214407980974,0.22436559144472);
#121=CONICAL_SURFACE('',#3929,11.1721201335997,0.209733951512028);
#122=CONICAL_SURFACE('',#3932,11.178185014491,0.226088874596218);
#123=CONICAL_SURFACE('',#3934,10.8498342302297,0.263349740634899);
#124=CONICAL_SURFACE('',#3942,10.9085791313953,0.262787412995996);
#125=CONICAL_SURFACE('',#3944,10.8157915944391,0.262729740619165);
#126=CONICAL_SURFACE('',#3947,11.2874417037018,0.263138887947736);
#127=CONICAL_SURFACE('',#3950,10.7487688642693,0.262758378008212);
#128=CONICAL_SURFACE('',#3954,11.1922772825388,0.262676477506072);
#129=CONICAL_SURFACE('',#3957,10.8444883529014,0.262623212707741);
#130=CONICAL_SURFACE('',#3961,11.2701493785129,0.263231534632013);
#131=CONICAL_SURFACE('',#3963,10.7812790198468,0.0532378956690557);
#132=CONICAL_SURFACE('',#3965,11.1946256181807,0.232403208177015);
#133=CONICAL_SURFACE('',#3967,11.2282804239618,0.24880956720631);
#134=CONICAL_SURFACE('',#3970,11.4722320304995,0.208271640794952);
#135=CONICAL_SURFACE('',#3972,11.0339184893322,0.22614744137294);
#136=CONICAL_SURFACE('',#3974,11.1332908487342,0.226196713175279);
#137=CONICAL_SURFACE('',#3976,11.4887978059689,0.22627416302454);
#138=CONICAL_SURFACE('',#3977,11.5127399682469,0.226395437708903);
#139=CONICAL_SURFACE('',#3978,11.4705864621341,0.166105671694244);
#140=CONICAL_SURFACE('',#3980,11.4553367881564,0.165940315816866);
#141=CONICAL_SURFACE('',#3983,11.4877929744579,0.166133709388605);
#142=CONICAL_SURFACE('',#3984,11.4815791587151,0.166064687529274);
#143=CONICAL_SURFACE('',#3986,11.4497930463051,0.165978317502685);
#144=CONICAL_SURFACE('',#3988,11.471546801717,0.166171669671667);
#145=CONICAL_SURFACE('',#3989,11.7357151631248,0.14632429500742);
#146=CONICAL_SURFACE('',#3992,11.6995498436736,0.0281231283020825);
#147=CONICAL_SURFACE('',#3993,11.6535376143154,0.128681556627248);
#148=CONICAL_SURFACE('',#3994,11.6556284378297,0.0913272912736836);
#149=CONICAL_SURFACE('',#3995,11.6309640846043,0.139448662639242);
#150=CONICAL_SURFACE('',#3996,11.9023766699451,0.128736405489874);
#151=CONICAL_SURFACE('',#3997,11.656940515981,0.128243098477441);
#152=CONICAL_SURFACE('',#3998,11.9904798277923,0.0675221719531533);
#153=CONICAL_SURFACE('',#4001,11.8576231059246,0.068008853934951);
#154=CONICAL_SURFACE('',#4003,11.8578220173959,0.0680220300589922);
#155=CONICAL_SURFACE('',#4006,11.8558844451353,0.0680634797404595);
#156=CONICAL_SURFACE('',#4008,11.9905879014556,0.0676509975462454);
#157=CONICAL_SURFACE('',#4011,11.9956471547719,0.0252575707256063);
#158=CONICAL_SURFACE('',#4012,11.9972796455714,0.0260571962237691);
#159=CONICAL_SURFACE('',#4013,12.0008517053686,0.0303347766130775);
#160=CONICAL_SURFACE('',#4014,11.9978113172838,0.030249037134241);
#161=CONICAL_SURFACE('',#4017,11.9937039992192,0.0303805642985795);
#162=CONICAL_SURFACE('',#4020,11.94724840008,0.0303869475376891);
#163=CONICAL_SURFACE('',#4024,11.9740624635448,0.0680405063529789);
#164=CONICAL_SURFACE('',#4025,11.973491891916,0.0680787618908734);
#165=CONICAL_SURFACE('',#4026,11.8721274977591,0.0680990911489549);
#166=CONICAL_SURFACE('',#4027,11.8725562982742,0.0680477608673952);
#167=CONICAL_SURFACE('',#4028,11.8649523573251,0.128251382023421);
#168=CONICAL_SURFACE('',#4030,11.8682976434384,0.128174488649108);
#169=CONICAL_SURFACE('',#4031,11.8742737164953,0.128430076052795);
#170=CONICAL_SURFACE('',#4034,11.8714490757238,0.128474649401752);
#171=CONICAL_SURFACE('',#4035,11.6798929431867,0.128653811601165);
#172=CONICAL_SURFACE('',#4036,11.6859591767871,0.128277221616862);
#173=CONICAL_SURFACE('',#4037,11.5152829371997,0.157552251536524);
#174=CONICAL_SURFACE('',#4038,11.6738583961281,0.280785575042092);
#175=CONICAL_SURFACE('',#4039,11.6937130287332,0.267817663329126);
#176=CONICAL_SURFACE('',#4040,11.7133187727307,0.275096625251485);
#177=CONICAL_SURFACE('',#4041,11.4520472416159,0.147044466498264);
#178=CONICAL_SURFACE('',#4042,11.5148337362466,0.166294247798902);
#179=CONICAL_SURFACE('',#4043,11.5178637219443,0.166076278096087);
#180=CIRCLE('',#3745,9.6210960800091);
#181=CIRCLE('',#3746,9.6210960800091);
#182=CIRCLE('',#3754,10.0565286362382);
#183=CIRCLE('',#3761,10.8632242386052);
#184=CIRCLE('',#3762,10.8632242386052);
#185=CIRCLE('',#3763,11.0597982469833);
#186=CIRCLE('',#3764,11.0597982469833);
#187=CIRCLE('',#3766,11.0061323658639);
#188=CIRCLE('',#3767,11.0061323658639);
#189=CIRCLE('',#3768,11.0061323658639);
#190=CIRCLE('',#3769,10.9386869562351);
#191=CIRCLE('',#3770,10.9386869562351);
#192=CIRCLE('',#3771,10.9386869562351);
#193=CIRCLE('',#3774,10.3961452667922);
#194=CIRCLE('',#3775,10.3961452667922);
#195=CIRCLE('',#3776,10.3961452667922);
#196=CIRCLE('',#3777,10.2619107929206);
#197=CIRCLE('',#3778,10.2619107929206);
#198=CIRCLE('',#3779,10.2619107929206);
#199=CIRCLE('',#3792,10.0554081873364);
#200=CIRCLE('',#3794,9.62097881082101);
#201=CIRCLE('',#3800,10.0565633348517);
#202=CIRCLE('',#3803,10.0567413793988);
#203=CIRCLE('',#3806,10.0566908248112);
#204=CIRCLE('',#3808,9.62103884140575);
#205=CIRCLE('',#3822,10.908039838718);
#206=CIRCLE('',#3828,10.9079887321684);
#207=CIRCLE('',#3841,11.3390334042497);
#208=CIRCLE('',#3850,11.3391115547685);
#209=CIRCLE('',#3856,11.3391594998191);
#210=CIRCLE('',#3857,11.3391514301347);
#211=CIRCLE('',#3859,11.339177897383);
#212=CIRCLE('',#3860,11.3391624474209);
#213=CIRCLE('',#3862,11.3391495082162);
#214=CIRCLE('',#3863,11.339183386579);
#215=CIRCLE('',#3864,11.3391768626904);
#216=CIRCLE('',#3886,0.543115921792756);
#217=CIRCLE('',#3888,0.565137536539626);
#218=CIRCLE('',#3889,11.4349728827423);
#219=CIRCLE('',#3890,11.4349728827423);
#220=CIRCLE('',#3892,1.0810860287293);
#221=CIRCLE('',#3893,11.6418928915614);
#222=CIRCLE('',#3894,11.6418928915614);
#223=CIRCLE('',#3896,11.585402490383);
#224=CIRCLE('',#3897,11.585402490383);
#225=CIRCLE('',#3899,0.565138011264078);
#226=CIRCLE('',#3901,1.08104590130644);
#227=CIRCLE('',#3903,11.5144073223527);
#228=CIRCLE('',#3904,11.5144073223527);
#229=CIRCLE('',#3905,11.5144073223527);
#230=CIRCLE('',#3906,0.471055867190912);
#231=CIRCLE('',#3909,10.9433108071497);
#232=CIRCLE('',#3910,10.9433108071497);
#233=CIRCLE('',#3911,10.9433108071497);
#234=CIRCLE('',#3913,10.8020113609689);
#235=CIRCLE('',#3914,10.8020113609689);
#236=CIRCLE('',#3915,10.8020113609689);
#237=CIRCLE('',#3916,0.471055751967228);
#238=CIRCLE('',#3920,10.7433578170945);
#239=CIRCLE('',#3922,10.7433578170945);
#240=CIRCLE('',#3924,10.740198528502);
#241=CIRCLE('',#3926,10.7406192612759);
#242=CIRCLE('',#3928,10.7690208669405);
#243=CIRCLE('',#3930,10.7200352527119);
#244=CIRCLE('',#3931,10.5858196170928);
#245=CIRCLE('',#3933,10.5846401971962);
#246=CIRCLE('',#3935,10.1272003298275);
#247=CIRCLE('',#3946,10.646725697673);
#248=CIRCLE('',#3948,10.1274695579043);
#249=CIRCLE('',#3949,11.0426472823669);
#250=CIRCLE('',#3951,10.5858561419492);
#251=CIRCLE('',#3952,11.0683701372602);
#252=CIRCLE('',#3955,10.5860435572619);
#253=CIRCLE('',#3958,10.5859903419065);
#254=CIRCLE('',#3959,11.0694043836321);
#255=CIRCLE('',#3962,10.1274093067429);
#256=CIRCLE('',#3969,10.6106909174048);
#257=CIRCLE('',#3979,11.6985250535004);
#258=CIRCLE('',#3981,11.4821471986505);
#259=CIRCLE('',#3982,11.6982028453446);
#260=CIRCLE('',#3985,11.5758899077761);
#261=CIRCLE('',#3987,11.4820934022826);
#262=CIRCLE('',#3990,11.4978810750781);
#263=CIRCLE('',#3991,11.4980752401907);
#264=CIRCLE('',#3999,11.9358246360523);
#265=CIRCLE('',#4000,11.942309341551);
#266=CIRCLE('',#4002,11.9438913969761);
#267=CIRCLE('',#4004,11.9446154982991);
#268=CIRCLE('',#4005,11.9438914432716);
#269=CIRCLE('',#4007,11.9431774031035);
#270=CIRCLE('',#4009,11.9416115339599);
#271=CIRCLE('',#4010,11.9359068997563);
#272=CIRCLE('',#4015,11.935948873826);
#273=CIRCLE('',#4016,11.9359573647652);
#274=CIRCLE('',#4018,11.935960467504);
#275=CIRCLE('',#4019,11.9359767340823);
#276=CIRCLE('',#4021,11.9359756449322);
#277=CIRCLE('',#4022,11.93598250488);
#278=CIRCLE('',#4023,11.9359468507539);
#279=CIRCLE('',#4029,11.489925195154);
#280=CIRCLE('',#4032,11.353180584481);
#281=CIRCLE('',#4033,11.3338968349144);
#282=CYLINDRICAL_SURFACE('',#3744,9.6210960800091);
#283=B_SPLINE_CURVE_WITH_KNOTS('',3,(#4816,#4817,#4818,#4819,#4820,#4821),
 .UNSPECIFIED.,.F.,.F.,(4,2,4),(0.,0.0209250863853576,0.041969279570105),
 .UNSPECIFIED.);
#284=B_SPLINE_CURVE_WITH_KNOTS('',3,(#4822,#4823,#4824,#4825),
 .UNSPECIFIED.,.F.,.F.,(4,4),(6.26927087913697,6.31021079466751),
 .UNSPECIFIED.);
#285=B_SPLINE_CURVE_WITH_KNOTS('',3,(#4850,#4851,#4852,#4853,#4854,#4855),
 .UNSPECIFIED.,.F.,.F.,(4,2,4),(0.,0.0208844387749432,0.0419661200387677),
 .UNSPECIFIED.);
#286=B_SPLINE_CURVE_WITH_KNOTS('',3,(#4856,#4857,#4858,#4859),
 .UNSPECIFIED.,.F.,.F.,(4,4),(6.29186745002307,6.3334144526242),
 .UNSPECIFIED.);
#287=B_SPLINE_CURVE_WITH_KNOTS('',3,(#4954,#4955,#4956,#4957,#4958,#4959,
#4960,#4961),.UNSPECIFIED.,.F.,.F.,(4,2,2,4),(0.0552013388929084,0.37782314750685,
0.591087000866868,0.812706210291755),.UNSPECIFIED.);
#288=B_SPLINE_CURVE_WITH_KNOTS('',3,(#4963,#4964,#4965,#4966),
 .UNSPECIFIED.,.F.,.F.,(4,4),(0.,0.0696978031675473),.UNSPECIFIED.);
#289=B_SPLINE_CURVE_WITH_KNOTS('',3,(#4968,#4969,#4970,#4971,#4972),
 .UNSPECIFIED.,.F.,.F.,(4,1,4),(0.,0.0923455981524458,0.18303500124536),
 .UNSPECIFIED.);
#290=B_SPLINE_CURVE_WITH_KNOTS('',3,(#4976,#4977,#4978,#4979),
 .UNSPECIFIED.,.F.,.F.,(4,4),(0.136865191898769,0.232736061179351),
 .UNSPECIFIED.);
#291=B_SPLINE_CURVE_WITH_KNOTS('',3,(#4984,#4985,#4986,#4987),
 .UNSPECIFIED.,.F.,.F.,(4,4),(0.,0.0696344266283728),.UNSPECIFIED.);
#292=B_SPLINE_CURVE_WITH_KNOTS('',3,(#5070,#5071,#5072,#5073,#5074,#5075),
 .UNSPECIFIED.,.F.,.F.,(4,2,4),(0.0134631884486401,0.3735496209438,0.729648648335262),
 .UNSPECIFIED.);
#293=B_SPLINE_CURVE_WITH_KNOTS('',3,(#5077,#5078,#5079,#5080,#5081),
 .UNSPECIFIED.,.F.,.F.,(4,1,4),(0.,0.115431725277975,0.23086345055595),
 .UNSPECIFIED.);
#294=B_SPLINE_CURVE_WITH_KNOTS('',3,(#5085,#5086,#5087,#5088),
 .UNSPECIFIED.,.F.,.F.,(4,4),(0.119050532965068,0.214937667284427),
 .UNSPECIFIED.);
#295=B_SPLINE_CURVE_WITH_KNOTS('',3,(#5093,#5094,#5095,#5096),
 .UNSPECIFIED.,.F.,.F.,(4,4),(0.,0.0425978237211271),.UNSPECIFIED.);
#296=B_SPLINE_CURVE_WITH_KNOTS('',3,(#5179,#5180,#5181,#5182,#5183,#5184,
#5185,#5186),.UNSPECIFIED.,.F.,.F.,(4,2,2,4),(0.0170128723273297,0.367601643751729,
0.566025993514315,0.774380530967639),.UNSPECIFIED.);
#297=B_SPLINE_CURVE_WITH_KNOTS('',3,(#5188,#5189,#5190,#5191,#5192),
 .UNSPECIFIED.,.F.,.F.,(4,1,4),(0.,0.138518235359006,0.252230803444623),
 .UNSPECIFIED.);
#298=B_SPLINE_CURVE_WITH_KNOTS('',3,(#5196,#5197,#5198,#5199),
 .UNSPECIFIED.,.F.,.F.,(4,4),(0.139667834776298,0.235560847766312),
 .UNSPECIFIED.);
#299=B_SPLINE_CURVE_WITH_KNOTS('',3,(#5204,#5205,#5206,#5207),
 .UNSPECIFIED.,.F.,.F.,(4,4),(0.,0.179887906783306),.UNSPECIFIED.);
#300=B_SPLINE_CURVE_WITH_KNOTS('',3,(#5214,#5215,#5216,#5217,#5218,#5219,
#5220,#5221,#5222,#5223,#5224,#5225,#5226,#5227,#5228,#5229,#5230,#5231,
#5232,#5233),.UNSPECIFIED.,.F.,.F.,(4,1,1,1,1,1,1,1,1,1,1,1,1,1,1,1,1,4),
(6.46641685461661E-5,0.0923453606931677,0.138518074963031,0.184690862279939,
0.230863372207764,0.277036354869242,0.323208967742797,0.36938181356272,
0.41555459329973,0.461727224204072,0.507899855108414,0.554072634845425,
0.600245480665347,0.646418093538902,0.69259107620038,0.738763586128205,
0.7849359156575,0.877281475793556),.UNSPECIFIED.);
#301=B_SPLINE_CURVE_WITH_KNOTS('',3,(#5265,#5266,#5267,#5268,#5269,#5270),
 .UNSPECIFIED.,.F.,.F.,(4,2,4),(0.,0.0208853290007186,0.0419470812446478),
 .UNSPECIFIED.);
#302=B_SPLINE_CURVE_WITH_KNOTS('',3,(#5271,#5272,#5273,#5274),
 .UNSPECIFIED.,.F.,.F.,(4,4),(6.31828068023021,6.35965900665879),
 .UNSPECIFIED.);
#303=B_SPLINE_CURVE_WITH_KNOTS('',3,(#5384,#5385,#5386,#5387,#5388,#5389,
#5390),.UNSPECIFIED.,.F.,.F.,(4,3,4),(0.401414225002622,1.14579664686544,
1.21919407942049),.UNSPECIFIED.);
#304=B_SPLINE_CURVE_WITH_KNOTS('',3,(#5392,#5393,#5394,#5395),
 .UNSPECIFIED.,.F.,.F.,(4,4),(0.650048462548399,0.986393674400966),
 .UNSPECIFIED.);
#305=B_SPLINE_CURVE_WITH_KNOTS('',3,(#5403,#5404,#5405,#5406),
 .UNSPECIFIED.,.F.,.F.,(4,4),(1.3213631610716,1.56620968809054),
 .UNSPECIFIED.);
#306=B_SPLINE_CURVE_WITH_KNOTS('',3,(#5408,#5409,#5410,#5411),
 .UNSPECIFIED.,.F.,.F.,(4,4),(0.546832188599623,0.595924015139416),
 .UNSPECIFIED.);
#307=B_SPLINE_CURVE_WITH_KNOTS('',3,(#5413,#5414,#5415,#5416,#5417,#5418,
#5419),.UNSPECIFIED.,.F.,.F.,(4,3,4),(1.66767976321589,2.47997459399291,
2.74421979166458),.UNSPECIFIED.);
#308=B_SPLINE_CURVE_WITH_KNOTS('',3,(#5421,#5422,#5423,#5424),
 .UNSPECIFIED.,.F.,.F.,(4,4),(0.581933678068972,1.02242418880883),
 .UNSPECIFIED.);
#309=B_SPLINE_CURVE_WITH_KNOTS('',3,(#5426,#5427,#5428,#5429,#5430,#5431,
#5432),.UNSPECIFIED.,.F.,.F.,(4,3,4),(1.25549388639112,2.06055612490166,
2.33212628309406),.UNSPECIFIED.);
#310=B_SPLINE_CURVE_WITH_KNOTS('',3,(#5434,#5435,#5436,#5437,#5438,#5439,
#5440),.UNSPECIFIED.,.F.,.F.,(4,3,4),(0.529351464562505,1.32919339285898,
1.60650655521522),.UNSPECIFIED.);
#311=B_SPLINE_CURVE_WITH_KNOTS('',3,(#5442,#5443,#5444,#5445),
 .UNSPECIFIED.,.F.,.F.,(4,4),(0.475805855058274,0.52483475285968),
 .UNSPECIFIED.);
#312=B_SPLINE_CURVE_WITH_KNOTS('',3,(#5447,#5448,#5449,#5450,#5451,#5452,
#5453),.UNSPECIFIED.,.F.,.F.,(4,3,4),(0.472401636220169,1.25188975544945,
1.54944848813755),.UNSPECIFIED.);
#313=B_SPLINE_CURVE_WITH_KNOTS('',3,(#5455,#5456,#5457,#5458),
 .UNSPECIFIED.,.F.,.F.,(4,4),(0.556118648277827,0.605198992158282),
 .UNSPECIFIED.);
#314=B_SPLINE_CURVE_WITH_KNOTS('',3,(#5460,#5461,#5462,#5463,#5464,#5465,
#5466),.UNSPECIFIED.,.F.,.F.,(4,3,4),(0.972045505685728,1.77364399364353,
2.04925177751886),.UNSPECIFIED.);
#315=B_SPLINE_CURVE_WITH_KNOTS('',3,(#5467,#5468,#5469,#5470,#5471,#5472,
#5473),.UNSPECIFIED.,.F.,.F.,(4,3,4),(0.489127169332749,1.2751269260289,
1.3213631610716),.UNSPECIFIED.);
#316=B_SPLINE_CURVE_WITH_KNOTS('',3,(#5475,#5476,#5477,#5478,#5479,#5480,
#5481),.UNSPECIFIED.,.F.,.F.,(4,3,4),(0.986393674400966,1.47484830647165,
1.56331231212489),.UNSPECIFIED.);
#317=B_SPLINE_CURVE_WITH_KNOTS('',3,(#5483,#5484,#5485,#5486,#5487,#5488,
#5489),.UNSPECIFIED.,.F.,.F.,(4,3,4),(0.493148137507486,1.2527180981828,
1.40726136275385),.UNSPECIFIED.);
#318=B_SPLINE_CURVE_WITH_KNOTS('',3,(#5491,#5492,#5493,#5494,#5495,#5496,
#5497),.UNSPECIFIED.,.F.,.F.,(4,3,4),(0.749797070983691,1.55843084067412,
1.66305226379245),.UNSPECIFIED.);
#319=B_SPLINE_CURVE_WITH_KNOTS('',3,(#5499,#5500,#5501,#5502,#5503,#5504,
#5505),.UNSPECIFIED.,.F.,.F.,(4,3,4),(0.427645204500372,1.1810449410262,
1.34156356296906),.UNSPECIFIED.);
#320=B_SPLINE_CURVE_WITH_KNOTS('',3,(#5507,#5508,#5509,#5510,#5511,#5512,
#5513),.UNSPECIFIED.,.F.,.F.,(4,3,4),(0.83321256905844,1.61630489403564,
1.79431770954939),.UNSPECIFIED.);
#321=B_SPLINE_CURVE_WITH_KNOTS('',3,(#5515,#5516,#5517,#5518),
 .UNSPECIFIED.,.F.,.F.,(4,4),(0.544726414795957,0.593429836320065),
 .UNSPECIFIED.);
#322=B_SPLINE_CURVE_WITH_KNOTS('',3,(#5520,#5521,#5522,#5523,#5524,#5525,
#5526),.UNSPECIFIED.,.F.,.F.,(4,3,4),(0.550491832646871,1.38183241947678,
1.51134456053457),.UNSPECIFIED.);
#323=B_SPLINE_CURVE_WITH_KNOTS('',3,(#5527,#5528,#5529,#5530),
 .UNSPECIFIED.,.F.,.F.,(4,4),(0.568923132868391,1.04958851113008),
 .UNSPECIFIED.);
#324=B_SPLINE_CURVE_WITH_KNOTS('',3,(#5641,#5642,#5643,#5644),
 .UNSPECIFIED.,.F.,.F.,(4,4),(1.25928422775766,1.66946436720582),
 .UNSPECIFIED.);
#325=B_SPLINE_CURVE_WITH_KNOTS('',3,(#5646,#5647,#5648,#5649,#5650,#5651,
#5652),.UNSPECIFIED.,.F.,.F.,(4,3,4),(0.362729925626849,1.20943062205996,
1.64424870757161),.UNSPECIFIED.);
#326=B_SPLINE_CURVE_WITH_KNOTS('',3,(#5654,#5655,#5656,#5657,#5658,#5659,
#5660),.UNSPECIFIED.,.F.,.F.,(4,3,4),(0.879918533344327,1.67789033882443,
2.16149971005288),.UNSPECIFIED.);
#327=B_SPLINE_CURVE_WITH_KNOTS('',3,(#5662,#5663,#5664,#5665,#5666,#5667,
#5668),.UNSPECIFIED.,.F.,.F.,(4,3,4),(0.410451807631735,1.25259161617868,
1.64079195613377),.UNSPECIFIED.);
#328=B_SPLINE_CURVE_WITH_KNOTS('',3,(#5670,#5671,#5672,#5673,#5674,#5675,
#5676),.UNSPECIFIED.,.F.,.F.,(4,3,4),(0.379675796542555,1.23188986226475,
1.71255689922915),.UNSPECIFIED.);
#329=B_SPLINE_CURVE_WITH_KNOTS('',3,(#5678,#5679,#5680,#5681,#5682,#5683,
#5684),.UNSPECIFIED.,.F.,.F.,(4,3,4),(0.596440476344154,1.47562362165025,
1.5702374867384),.UNSPECIFIED.);
#330=B_SPLINE_CURVE_WITH_KNOTS('',3,(#5685,#5686,#5687,#5688,#5689,#5690,
#5691),.UNSPECIFIED.,.F.,.F.,(4,3,4),(0.38730413097306,1.22605947230643,
1.25928422775766),.UNSPECIFIED.);
#331=B_SPLINE_CURVE_WITH_KNOTS('',3,(#5781,#5782,#5783,#5784,#5785,#5786,
#5787,#5788,#5789,#5790,#5791,#5792,#5793),.UNSPECIFIED.,.F.,.F.,(4,3,3,
3,4),(2.75447729862505,3.2647328594104,4.08762489782888,4.93485759318764,
5.27326891844084),.UNSPECIFIED.);
#332=B_SPLINE_CURVE_WITH_KNOTS('',3,(#5795,#5796,#5797,#5798,#5799,#5800,
#5801),.UNSPECIFIED.,.F.,.F.,(4,3,4),(0.198409884727809,1.09050824115446,
1.9826065975811),.UNSPECIFIED.);
#333=B_SPLINE_CURVE_WITH_KNOTS('',3,(#5803,#5804,#5805,#5806,#5807,#5808,
#5809,#5810,#5811,#5812,#5813,#5814,#5815),.UNSPECIFIED.,.F.,.F.,(4,3,3,
3,4),(0.361258909539611,1.23984380012854,2.11300031704851,2.97726444737553,
3.24677657484743),.UNSPECIFIED.);
#334=B_SPLINE_CURVE_WITH_KNOTS('',3,(#5816,#5817,#5818,#5819),
 .UNSPECIFIED.,.F.,.F.,(4,4),(2.38689621826811,2.75447729862505),
 .UNSPECIFIED.);
#335=B_SPLINE_CURVE_WITH_KNOTS('',3,(#5828,#5829,#5830,#5831,#5832,#5833,
#5834),.UNSPECIFIED.,.F.,.F.,(4,3,4),(3.56061797043826,3.78192034665956,
4.34906582170463),.UNSPECIFIED.);
#336=B_SPLINE_CURVE_WITH_KNOTS('',3,(#5836,#5837,#5838,#5839,#5840,#5841,
#5842,#5843,#5844,#5845,#5846,#5847,#5848),.UNSPECIFIED.,.F.,.F.,(4,3,3,
3,4),(4.34907892618849,4.67825300851603,5.1661336839109,5.5776093309245,
6.07939358510537),.UNSPECIFIED.);
#337=B_SPLINE_CURVE_WITH_KNOTS('',3,(#5850,#5851,#5852,#5853,#5854,#5855,
#5856,#5857,#5858,#5859,#5860,#5861,#5862,#5863,#5864,#5865),
 .UNSPECIFIED.,.F.,.F.,(4,3,3,3,3,4),(-1.04176654984426,-0.670105118185482,
-0.152165718823104,0.198377373519672,0.777198269488325,0.838973636046766),
 .UNSPECIFIED.);
#338=B_SPLINE_CURVE_WITH_KNOTS('',3,(#5867,#5868,#5869,#5870,#5871,#5872,
#5873,#5874,#5875,#5876,#5877,#5878,#5879),.UNSPECIFIED.,.F.,.F.,(4,3,3,
3,4),(0.838975553240239,1.15982730149473,1.6847984516832,2.01257495856543,
2.61925714047413),.UNSPECIFIED.);
#339=B_SPLINE_CURVE_WITH_KNOTS('',3,(#5880,#5881,#5882,#5883,#5884,#5885,
#5886,#5887,#5888,#5889),.UNSPECIFIED.,.F.,.F.,(4,3,3,4),(2.61928703410073,
2.93970909309445,3.44648233028909,3.56061797043826),.UNSPECIFIED.);
#340=B_SPLINE_CURVE_WITH_KNOTS('',3,(#5999,#6000,#6001,#6002,#6003,#6004,
#6005,#6006,#6007,#6008,#6009,#6010,#6011),.UNSPECIFIED.,.F.,.F.,(4,3,3,
3,4),(2.11889116283111,2.84839641230496,3.71822845022128,4.5593003166298,
4.89561259090856),.UNSPECIFIED.);
#341=B_SPLINE_CURVE_WITH_KNOTS('',3,(#6013,#6014,#6015,#6016,#6017,#6018,
#6019,#6020,#6021,#6022,#6023,#6024,#6025),.UNSPECIFIED.,.F.,.F.,(4,3,3,
3,4),(6.49729393479989,7.36979686112247,8.27629073198793,9.11436501562095,
9.44077231908676),.UNSPECIFIED.);
#342=B_SPLINE_CURVE_WITH_KNOTS('',3,(#6027,#6028,#6029,#6030,#6031,#6032,
#6033),.UNSPECIFIED.,.F.,.F.,(4,3,4),(6.63828807090063,7.5452013893314,
8.36936356395013),.UNSPECIFIED.);
#343=B_SPLINE_CURVE_WITH_KNOTS('',3,(#6034,#6035,#6036,#6037),
 .UNSPECIFIED.,.F.,.F.,(4,4),(2.01380578537602,2.11889116283111),
 .UNSPECIFIED.);
#344=B_SPLINE_CURVE_WITH_KNOTS('',3,(#6124,#6125,#6126,#6127),
 .UNSPECIFIED.,.F.,.F.,(4,4),(8.31955686904075,8.37078281507125),
 .UNSPECIFIED.);
#345=B_SPLINE_CURVE_WITH_KNOTS('',3,(#6129,#6130,#6131,#6132),
 .UNSPECIFIED.,.F.,.F.,(4,4),(0.211922389507486,0.264087573977029),
 .UNSPECIFIED.);
#346=B_SPLINE_CURVE_WITH_KNOTS('',3,(#6134,#6135,#6136,#6137,#6138,#6139,
#6140,#6141,#6142,#6143),.UNSPECIFIED.,.F.,.F.,(4,3,3,4),(2.81860798380546,
3.63294644797444,4.44734333123128,4.62838244693875),.UNSPECIFIED.);
#347=B_SPLINE_CURVE_WITH_KNOTS('',3,(#6145,#6146,#6147,#6148),
 .UNSPECIFIED.,.F.,.F.,(4,4),(0.155230304702756,0.207390332097787),
 .UNSPECIFIED.);
#348=B_SPLINE_CURVE_WITH_KNOTS('',3,(#6150,#6151,#6152,#6153,#6154,#6155,
#6156,#6157,#6158,#6159),.UNSPECIFIED.,.F.,.F.,(4,3,3,4),(2.82860361886441,
3.64639820622874,4.46089928871998,4.63774603726893),.UNSPECIFIED.);
#349=B_SPLINE_CURVE_WITH_KNOTS('',3,(#6161,#6162,#6163,#6164,#6165,#6166,
#6167),.UNSPECIFIED.,.F.,.F.,(4,3,4),(0.300698664082355,1.13699383402287,
1.23181562830716),.UNSPECIFIED.);
#350=B_SPLINE_CURVE_WITH_KNOTS('',3,(#6169,#6170,#6171,#6172,#6173,#6174,
#6175),.UNSPECIFIED.,.F.,.F.,(4,3,4),(0.2395373359279,1.12655985477282,
1.22161643036277),.UNSPECIFIED.);
#351=B_SPLINE_CURVE_WITH_KNOTS('',3,(#6176,#6177,#6178,#6179,#6180,#6181,
#6182,#6183,#6184,#6185),.UNSPECIFIED.,.F.,.F.,(4,3,3,4),(6.56207950901215,
7.36773571252885,8.19054055526333,8.31955686904075),.UNSPECIFIED.);
#352=B_SPLINE_CURVE_WITH_KNOTS('',3,(#6299,#6300,#6301,#6302),
 .UNSPECIFIED.,.F.,.F.,(4,4),(0.93774699667912,0.988343002377149),
 .UNSPECIFIED.);
#353=B_SPLINE_CURVE_WITH_KNOTS('',3,(#6304,#6305,#6306,#6307,#6308,#6309,
#6310,#6311,#6312,#6313),.UNSPECIFIED.,.F.,.F.,(4,3,3,4),(4.51108443676395,
5.08509939676312,5.51985176243486,5.6369257485356),.UNSPECIFIED.);
#354=B_SPLINE_CURVE_WITH_KNOTS('',3,(#6315,#6316,#6317,#6318),
 .UNSPECIFIED.,.F.,.F.,(4,4),(2.15854901478753,2.25518668291864),
 .UNSPECIFIED.);
#355=B_SPLINE_CURVE_WITH_KNOTS('',3,(#6320,#6321,#6322,#6323,#6324,#6325,
#6326,#6327,#6328,#6329),.UNSPECIFIED.,.F.,.F.,(4,3,3,4),(2.20526915784037,
2.57766459243074,2.87142199136822,3.32916347972654),.UNSPECIFIED.);
#356=B_SPLINE_CURVE_WITH_KNOTS('',3,(#6331,#6332,#6333,#6334,#6335,#6336,
#6337),.UNSPECIFIED.,.F.,.F.,(4,3,4),(3.32906702733158,3.7596751464693,
4.25819856974243),.UNSPECIFIED.);
#357=B_SPLINE_CURVE_WITH_KNOTS('',3,(#6339,#6340,#6341,#6342,#6343,#6344,
#6345,#6346,#6347,#6348),.UNSPECIFIED.,.F.,.F.,(4,3,3,4),(4.25824403877837,
4.62992828436218,5.1577583766533,5.39318602590154),.UNSPECIFIED.);
#358=B_SPLINE_CURVE_WITH_KNOTS('',3,(#6350,#6351,#6352,#6353),
 .UNSPECIFIED.,.F.,.F.,(4,4),(5.38100879729503,5.48009589999779),
 .UNSPECIFIED.);
#359=B_SPLINE_CURVE_WITH_KNOTS('',3,(#6355,#6356,#6357,#6358,#6359,#6360,
#6361,#6362,#6363,#6364),.UNSPECIFIED.,.F.,.F.,(4,3,3,4),(1.96358604599025,
2.45817747691989,2.8777626335644,3.18336158464835),.UNSPECIFIED.);
#360=B_SPLINE_CURVE_WITH_KNOTS('',3,(#6366,#6367,#6368,#6369),
 .UNSPECIFIED.,.F.,.F.,(4,4),(6.95007420119996,6.99878507794379),
 .UNSPECIFIED.);
#361=B_SPLINE_CURVE_WITH_KNOTS('',3,(#6371,#6372,#6373,#6374),
 .UNSPECIFIED.,.F.,.F.,(4,4),(3.23189125365771,3.52840890806414),
 .UNSPECIFIED.);
#362=B_SPLINE_CURVE_WITH_KNOTS('',3,(#6376,#6377,#6378,#6379,#6380,#6381,
#6382,#6383,#6384,#6385,#6386,#6387,#6388),.UNSPECIFIED.,.F.,.F.,(4,3,3,
3,4),(3.52840890806414,3.54373214780573,4.09206014447367,4.41684285723727,
4.46086459400525),.UNSPECIFIED.);
#363=B_SPLINE_CURVE_WITH_KNOTS('',3,(#6396,#6397,#6398,#6399,#6400,#6401,
#6402),.UNSPECIFIED.,.F.,.F.,(4,3,4),(3.37157844320654,3.58516731199625,
3.88498468292909),.UNSPECIFIED.);
#364=B_SPLINE_CURVE_WITH_KNOTS('',3,(#6404,#6405,#6406,#6407,#6408,#6409,
#6410),.UNSPECIFIED.,.F.,.F.,(4,3,4),(3.88887266175321,4.2056406642475,
4.36183116781448),.UNSPECIFIED.);
#365=B_SPLINE_CURVE_WITH_KNOTS('',3,(#6412,#6413,#6414,#6415,#6416,#6417,
#6418,#6419,#6420,#6421),.UNSPECIFIED.,.F.,.F.,(4,3,3,4),(4.41992746911451,
4.97263425522441,5.35042911512086,5.44912444201329),.UNSPECIFIED.);
#366=B_SPLINE_CURVE_WITH_KNOTS('',3,(#6423,#6424,#6425,#6426,#6427,#6428,
#6429,#6430,#6431,#6432),.UNSPECIFIED.,.F.,.F.,(4,3,3,4),(5.42510014483155,
5.90881424726971,6.25503075288738,6.49858207223176),.UNSPECIFIED.);
#367=B_SPLINE_CURVE_WITH_KNOTS('',3,(#6434,#6435,#6436,#6437,#6438,#6439,
#6440,#6441,#6442,#6443),.UNSPECIFIED.,.F.,.F.,(4,3,3,4),(-0.283289371134819,
0.05005386862552,0.602421537899657,0.747074351261795),.UNSPECIFIED.);
#368=B_SPLINE_CURVE_WITH_KNOTS('',3,(#6445,#6446,#6447,#6448,#6449,#6450,
#6451,#6452,#6453,#6454),.UNSPECIFIED.,.F.,.F.,(4,3,3,4),(0.745990655238358,
1.06491167866217,1.57192963517065,1.78166004189554),.UNSPECIFIED.);
#369=B_SPLINE_CURVE_WITH_KNOTS('',3,(#6456,#6457,#6458,#6459,#6460,#6461,
#6462,#6463,#6464,#6465),.UNSPECIFIED.,.F.,.F.,(4,3,3,4),(1.78194154192683,
2.33667196644505,2.75059481346321,2.85802245929108),.UNSPECIFIED.);
#370=B_SPLINE_CURVE_WITH_KNOTS('',3,(#6466,#6467,#6468,#6469,#6470,#6471,
#6472),.UNSPECIFIED.,.F.,.F.,(4,3,4),(2.85814592083189,3.25219302406271,
3.37157844320654),.UNSPECIFIED.);
#371=B_SPLINE_CURVE_WITH_KNOTS('',3,(#6589,#6590,#6591,#6592),
 .UNSPECIFIED.,.F.,.F.,(4,4),(0.14374283649171,0.239564657235535),
 .UNSPECIFIED.);
#372=B_SPLINE_CURVE_WITH_KNOTS('',3,(#6594,#6595,#6596,#6597,#6598,#6599,
#6600,#6601,#6602,#6603),.UNSPECIFIED.,.F.,.F.,(4,3,3,4),(4.45631952389495,
4.89765525713547,5.18412649039971,5.23798014964547),.UNSPECIFIED.);
#373=B_SPLINE_CURVE_WITH_KNOTS('',3,(#6605,#6606,#6607,#6608),
 .UNSPECIFIED.,.F.,.F.,(4,4),(0.128187978128324,0.224359943552461),
 .UNSPECIFIED.);
#374=B_SPLINE_CURVE_WITH_KNOTS('',3,(#6610,#6611,#6612,#6613,#6614,#6615,
#6616,#6617,#6618,#6619),.UNSPECIFIED.,.F.,.F.,(4,3,3,4),(2.02222270319549,
2.47950585166102,2.7873223453258,2.80405542665515),.UNSPECIFIED.);
#375=B_SPLINE_CURVE_WITH_KNOTS('',3,(#6621,#6622,#6623,#6624,#6625,#6626,
#6627,#6628,#6629,#6630),.UNSPECIFIED.,.F.,.F.,(4,3,3,4),(2.80379069647585,
3.22368092248395,3.53875818734624,3.76604607161079),.UNSPECIFIED.);
#376=B_SPLINE_CURVE_WITH_KNOTS('',3,(#6631,#6632,#6633,#6634,#6635,#6636,
#6637),.UNSPECIFIED.,.F.,.F.,(4,3,4),(3.75990253928564,4.09157634087395,
4.17580286431366),.UNSPECIFIED.);
#377=B_SPLINE_CURVE_WITH_KNOTS('',3,(#6638,#6639,#6640,#6641,#6642,#6643,
#6644),.UNSPECIFIED.,.F.,.F.,(4,3,4),(0.968197906777479,1.48876842236435,
1.74867894661872),.UNSPECIFIED.);
#378=B_SPLINE_CURVE_WITH_KNOTS('',3,(#6645,#6646,#6647,#6648,#6649,#6650,
#6651),.UNSPECIFIED.,.F.,.F.,(4,3,4),(1.84090702178279,2.38865285156747,
2.62180933234481),.UNSPECIFIED.);
#379=B_SPLINE_CURVE_WITH_KNOTS('',3,(#6653,#6654,#6655,#6656,#6657,#6658,
#6659),.UNSPECIFIED.,.F.,.F.,(4,3,4),(2.71284122686886,3.26139761797172,
3.30726747324676),.UNSPECIFIED.);
#380=B_SPLINE_CURVE_WITH_KNOTS('',3,(#6662,#6663,#6664,#6665),
 .UNSPECIFIED.,.F.,.F.,(4,4),(3.30726747324676,3.49407702280263),
 .UNSPECIFIED.);
#381=B_SPLINE_CURVE_WITH_KNOTS('',3,(#6667,#6668,#6669,#6670),
 .UNSPECIFIED.,.F.,.F.,(4,4),(0.093801262017627,0.189645253600857),
 .UNSPECIFIED.);
#382=B_SPLINE_CURVE_WITH_KNOTS('',3,(#6671,#6672,#6673,#6674,#6675,#6676,
#6677),.UNSPECIFIED.,.F.,.F.,(4,3,4),(3.58445539654308,4.05296702745559,
4.36594717638266),.UNSPECIFIED.);
#383=B_SPLINE_CURVE_WITH_KNOTS('',3,(#6684,#6685,#6686,#6687,#6688,#6689,
#6690,#6691,#6692,#6693,#6694,#6695,#6696,#6697,#6698,#6699,#6700),
 .UNSPECIFIED.,.F.,.F.,(4,1,1,1,1,1,1,1,1,1,1,1,1,1,4),(0.,0.0923457104042791,
0.138518689998479,0.184691214010042,0.230863812010131,0.277036488665439,
0.323209303757235,0.369381702365998,0.415554607020797,0.461727393177237,
0.507900109147409,0.554072605990847,0.600245272233621,0.646418283242944,
0.738720660070126),.UNSPECIFIED.);
#384=B_SPLINE_CURVE_WITH_KNOTS('',3,(#6709,#6710,#6711,#6712,#6713,#6714,
#6715),.UNSPECIFIED.,.F.,.F.,(4,1,1,1,4),(0.0280805794876265,0.161604534281251,
0.323209068562501,0.484813602843752,0.646418137125002),.UNSPECIFIED.);
#385=B_SPLINE_CURVE_WITH_KNOTS('',3,(#6722,#6723,#6724,#6725,#6726),
 .UNSPECIFIED.,.F.,.F.,(4,1,4),(0.,0.0692589184708917,0.138517836941783),
 .UNSPECIFIED.);
#386=B_SPLINE_CURVE_WITH_KNOTS('',3,(#6735,#6736,#6737,#6738),
 .UNSPECIFIED.,.F.,.F.,(4,4),(0.,0.179382134108361),.UNSPECIFIED.);
#387=B_SPLINE_CURVE_WITH_KNOTS('',3,(#6744,#6745,#6746,#6747),
 .UNSPECIFIED.,.F.,.F.,(4,4),(3.67782144509495E-5,0.0831151513339738),
 .UNSPECIFIED.);
#388=B_SPLINE_CURVE_WITH_KNOTS('',3,(#6830,#6831,#6832,#6833,#6834,#6835),
 .UNSPECIFIED.,.F.,.F.,(4,2,4),(0.,0.392974018470126,0.759037488510723),
 .UNSPECIFIED.);
#389=B_SPLINE_CURVE_WITH_KNOTS('',3,(#6836,#6837,#6838,#6839),
 .UNSPECIFIED.,.F.,.F.,(4,4),(0.,0.0584237091590587),.UNSPECIFIED.);
#390=B_SPLINE_CURVE_WITH_KNOTS('',3,(#6922,#6923,#6924,#6925,#6926,#6927,
#6928,#6929),.UNSPECIFIED.,.F.,.F.,(4,2,2,4),(0.0731267498682391,0.380670264282352,
0.60281844596823,0.830619888774409),.UNSPECIFIED.);
#391=B_SPLINE_CURVE_WITH_KNOTS('',3,(#6930,#6931,#6932,#6933),
 .UNSPECIFIED.,.F.,.F.,(4,4),(0.,0.0690192025088204),.UNSPECIFIED.);
#392=B_SPLINE_CURVE_WITH_KNOTS('',3,(#7015,#7016,#7017,#7018,#7019,#7020,
#7021,#7022),.UNSPECIFIED.,.F.,.F.,(4,2,2,4),(0.0602109204060568,0.377838292733283,
0.593045198717426,0.817714477860548),.UNSPECIFIED.);
#393=B_SPLINE_CURVE_WITH_KNOTS('',3,(#7027,#7028,#7029,#7030,#7031,#7032,
#7033),.UNSPECIFIED.,.F.,.F.,(4,3,4),(5.82464364712813E-15,0.130863217283594,
0.261603604429939),.UNSPECIFIED.);
#394=B_SPLINE_CURVE_WITH_KNOTS('',2,(#7037,#7038,#7039),.UNSPECIFIED.,.F.,
 .F.,(3,3),(0.,0.0923454037581081),.UNSPECIFIED.);
#395=B_SPLINE_CURVE_WITH_KNOTS('',3,(#7040,#7041,#7042,#7043),
 .UNSPECIFIED.,.F.,.F.,(4,4),(0.00993895714238381,0.179956924015945),
 .UNSPECIFIED.);
#396=B_SPLINE_CURVE_WITH_KNOTS('',3,(#7046,#7047,#7048,#7049),
 .UNSPECIFIED.,.F.,.F.,(4,4),(1.78073018361334E-6,0.180012792889334),
 .UNSPECIFIED.);
#397=B_SPLINE_CURVE_WITH_KNOTS('',3,(#7051,#7052,#7053,#7054,#7055,#7056,
#7057),.UNSPECIFIED.,.F.,.F.,(4,3,4),(0.,0.152682198618397,0.305364395285932),
 .UNSPECIFIED.);
#398=B_SPLINE_CURVE_WITH_KNOTS('',3,(#7060,#7061,#7062,#7063),
 .UNSPECIFIED.,.F.,.F.,(4,4),(0.00205167225975623,0.0522387928365178),
 .UNSPECIFIED.);
#399=B_SPLINE_CURVE_WITH_KNOTS('',3,(#7068,#7069,#7070,#7071),
 .UNSPECIFIED.,.F.,.F.,(4,4),(9.79692425831415E-6,0.0373621993125704),
 .UNSPECIFIED.);
#400=B_SPLINE_CURVE_WITH_KNOTS('',3,(#7075,#7076,#7077,#7078),
 .UNSPECIFIED.,.F.,.F.,(4,4),(2.39073144909309E-6,0.0509170449325933),
 .UNSPECIFIED.);
#401=B_SPLINE_CURVE_WITH_KNOTS('',3,(#7080,#7081,#7082,#7083),
 .UNSPECIFIED.,.F.,.F.,(4,4),(1.68940550613417E-6,0.180012427400007),
 .UNSPECIFIED.);
#402=B_SPLINE_CURVE_WITH_KNOTS('',3,(#7086,#7087,#7088,#7089,#7090,#7091,
#7092,#7093,#7094,#7095,#7096,#7097,#7098),.UNSPECIFIED.,.F.,.F.,(4,3,3,
3,4),(1.97427577767351E-9,0.130858439719808,0.261716879439616,0.392575319159424,
0.523433758879232),.UNSPECIFIED.);
#403=B_SPLINE_CURVE_WITH_KNOTS('',3,(#7107,#7108,#7109,#7110),
 .UNSPECIFIED.,.F.,.F.,(4,4),(1.76894637143174E-6,0.0502614080299766),
 .UNSPECIFIED.);
#404=B_SPLINE_CURVE_WITH_KNOTS('',3,(#7116,#7117,#7118,#7119),
 .UNSPECIFIED.,.F.,.F.,(4,4),(0.,0.13851819356347),.UNSPECIFIED.);
#405=B_SPLINE_CURVE_WITH_KNOTS('',3,(#7120,#7121,#7122,#7123,#7124,#7125,
#7126,#7127,#7128,#7129,#7130,#7131,#7132,#7133,#7134),.UNSPECIFIED.,.F.,
 .F.,(4,1,1,1,1,1,1,1,1,1,1,1,4),(0.,0.0923451568416178,0.138517927341666,
0.184690949346063,0.230863330802501,0.277036285208602,0.323209239604085,
0.369381601009382,0.415554496050066,0.461726937611865,0.50790004708662,
0.554072773552569,0.646417999706713),.UNSPECIFIED.);
#406=B_SPLINE_CURVE_WITH_KNOTS('',3,(#7141,#7142,#7143,#7144),
 .UNSPECIFIED.,.F.,.F.,(4,4),(0.,0.180010187998456),.UNSPECIFIED.);
#407=B_SPLINE_CURVE_WITH_KNOTS('',3,(#7145,#7146,#7147,#7148,#7149,#7150,
#7151),.UNSPECIFIED.,.F.,.F.,(4,1,1,1,4),(0.,0.1846909506438,0.369381901287601,
0.554072851931401,0.738758472717641),.UNSPECIFIED.);
#408=B_SPLINE_CURVE_WITH_KNOTS('',3,(#7154,#7155,#7156,#7157),
 .UNSPECIFIED.,.F.,.F.,(4,4),(8.31625268106373E-6,0.178462681372335),
 .UNSPECIFIED.);
#409=B_SPLINE_CURVE_WITH_KNOTS('',3,(#7158,#7159,#7160,#7161,#7162,#7163,
#7164,#7165,#7166,#7167),.UNSPECIFIED.,.F.,.F.,(4,1,1,1,1,1,1,4),(0.0060659611264342,
0.0923453139895267,0.138518033228126,0.184691242474907,0.230863836096409,
0.277036574401728,0.32320903014208,0.415542260471017),.UNSPECIFIED.);
#410=B_SPLINE_CURVE_WITH_KNOTS('',3,(#7171,#7172,#7173,#7174),
 .UNSPECIFIED.,.F.,.F.,(4,4),(0.00050378722673874,0.179941321835929),
 .UNSPECIFIED.);
#411=B_SPLINE_CURVE_WITH_KNOTS('',3,(#7452,#7453,#7454,#7455,#7456,#7457,
#7458,#7459,#7460,#7461,#7462,#7463,#7464),.UNSPECIFIED.,.F.,.F.,(4,3,3,
3,4),(5.80715675475551E-10,0.119974491515677,0.239948983031353,0.359923474547029,
0.479897965469928),.UNSPECIFIED.);
#412=B_SPLINE_CURVE_WITH_KNOTS('',3,(#7476,#7477,#7478,#7479,#7480,#7481,
#7482,#7483,#7484,#7485,#7486,#7487,#7488,#7489,#7490,#7491,#7492),
 .UNSPECIFIED.,.F.,.F.,(4,1,1,1,1,1,1,1,1,1,1,1,1,1,4),(0.,0.100186973591768,
0.150280399470876,0.200373554399353,0.250466774823389,0.300560317176309,
0.350653925131799,0.400746962640736,0.450840392442526,0.500934147350263,
0.551027490700636,0.601120503457115,0.651214105458887,0.701307614652122,
0.801470539551588),.UNSPECIFIED.);
#413=B_SPLINE_CURVE_WITH_KNOTS('',3,(#7495,#7496,#7497,#7498,#7499),
 .UNSPECIFIED.,.F.,.F.,(4,1,4),(0.,0.150280138616834,0.300560243669265),
 .UNSPECIFIED.);
#414=B_SPLINE_CURVE_WITH_KNOTS('',3,(#7506,#7507,#7508,#7509,#7510),
 .UNSPECIFIED.,.F.,.F.,(4,1,4),(0.,0.100186814172832,0.200373628345664),
 .UNSPECIFIED.);
#415=B_SPLINE_CURVE_WITH_KNOTS('',3,(#7518,#7519,#7520,#7521,#7522,#7523,
#7524),.UNSPECIFIED.,.F.,.F.,(4,1,1,1,4),(0.,0.225420247997805,0.450840495995609,
0.676260743993414,0.901680991991218),.UNSPECIFIED.);
#416=B_SPLINE_CURVE_WITH_KNOTS('',3,(#7529,#7530,#7531,#7532,#7533,#7534,
#7535,#7536,#7537,#7538,#7539,#7540,#7541),.UNSPECIFIED.,.F.,.F.,(4,3,3,
3,4),(0.,0.239973859260998,0.479947718521996,0.719921577782995,0.959875984432424),
 .UNSPECIFIED.);
#417=B_SPLINE_CURVE_WITH_KNOTS('',3,(#7560,#7561,#7562,#7563),
 .UNSPECIFIED.,.F.,.F.,(4,4),(0.00349772434099729,0.182402086814552),
 .UNSPECIFIED.);
#418=B_SPLINE_CURVE_WITH_KNOTS('',3,(#7568,#7569,#7570,#7571),
 .UNSPECIFIED.,.F.,.F.,(4,4),(0.,0.182403860299731),.UNSPECIFIED.);
#419=B_SPLINE_CURVE_WITH_KNOTS('',3,(#7595,#7596,#7597,#7598),
 .UNSPECIFIED.,.F.,.F.,(4,4),(0.00908234853792981,0.164183861224465),
 .UNSPECIFIED.);
#420=B_SPLINE_CURVE_WITH_KNOTS('',3,(#7599,#7600,#7601,#7602),
 .UNSPECIFIED.,.F.,.F.,(4,4),(0.,0.181637620603854),.UNSPECIFIED.);
#421=B_SPLINE_CURVE_WITH_KNOTS('',3,(#7608,#7609,#7610,#7611),
 .UNSPECIFIED.,.F.,.F.,(4,4),(0.,0.182400877509537),.UNSPECIFIED.);
#422=B_SPLINE_CURVE_WITH_KNOTS('',3,(#7635,#7636,#7637,#7638),
 .UNSPECIFIED.,.F.,.F.,(4,4),(0.0242967670962032,0.182397835981427),
 .UNSPECIFIED.);
#423=B_SPLINE_CURVE_WITH_KNOTS('',3,(#7644,#7645,#7646,#7647,#7648),
 .UNSPECIFIED.,.F.,.F.,(4,1,4),(0.,0.175326901796122,0.349641351618511),
 .UNSPECIFIED.);
#424=B_SPLINE_CURVE_WITH_KNOTS('',3,(#7652,#7653,#7654,#7655,#7656,#7657,
#7658),.UNSPECIFIED.,.F.,.F.,(4,3,4),(0.,0.130893375016264,0.261766621871132),
 .UNSPECIFIED.);
#425=B_SPLINE_CURVE_WITH_KNOTS('',3,(#7662,#7663,#7664,#7665),
 .UNSPECIFIED.,.F.,.F.,(4,4),(0.,0.180745603008612),.UNSPECIFIED.);
#426=B_SPLINE_CURVE_WITH_KNOTS('',3,(#7669,#7670,#7671,#7672,#7673,#7674,
#7675),.UNSPECIFIED.,.F.,.F.,(4,1,1,1,4),(0.,0.125233478618562,0.250466957237124,
0.375700435855686,0.498385061585141),.UNSPECIFIED.);
#427=B_SPLINE_CURVE_WITH_KNOTS('',3,(#7676,#7677,#7678,#7679,#7680,#7681,
#7682),.UNSPECIFIED.,.F.,.F.,(4,1,1,1,4),(0.,0.150280187811496,0.300560375622993,
0.450840563434489,0.601120751245985),.UNSPECIFIED.);
#428=B_SPLINE_CURVE_WITH_KNOTS('',3,(#7697,#7698,#7699,#7700,#7701,#7702,
#7703),.UNSPECIFIED.,.F.,.F.,(4,1,1,1,4),(0.,0.212896932569408,0.425793865138816,
0.638690797708224,0.851508058349293),.UNSPECIFIED.);
#429=B_SPLINE_CURVE_WITH_KNOTS('',3,(#7704,#7705,#7706,#7707,#7708),
 .UNSPECIFIED.,.F.,.F.,(4,1,4),(0.,0.175326874347607,0.350653748695213),
 .UNSPECIFIED.);
#430=B_SPLINE_CURVE_WITH_KNOTS('',3,(#7711,#7712,#7713,#7714),
 .UNSPECIFIED.,.F.,.F.,(4,4),(0.00755274767316354,0.182269826370791),
 .UNSPECIFIED.);
#431=B_SPLINE_CURVE_WITH_KNOTS('',3,(#7716,#7717,#7718,#7719,#7720,#7721,
#7722,#7723,#7724,#7725,#7726,#7727,#7728,#7729,#7730,#7731,#7732,#7733,
#7734,#7735,#7736,#7737),.UNSPECIFIED.,.F.,.F.,(4,1,1,1,1,1,1,1,1,1,1,1,
1,1,1,1,1,1,1,4),(3.48064528463859E-5,0.100187226909936,0.15028029107317,
0.200373471978292,0.250467249803955,0.300560298676204,0.350654098001216,
0.400747154383993,0.450840763972238,0.500933743960316,0.551027197000179,
0.60112071707563,0.651214250743207,0.701307639415472,0.751401124899316,
0.801494186946655,0.851587454970142,0.90168082819067,0.951774341423602,
1.05196141746579),.UNSPECIFIED.);
#432=B_SPLINE_CURVE_WITH_KNOTS('',2,(#7739,#7740,#7741),.UNSPECIFIED.,.F.,
 .F.,(3,3),(6.04386895118826E-6,0.100186452999894),.UNSPECIFIED.);
#433=B_SPLINE_CURVE_WITH_KNOTS('',3,(#7742,#7743,#7744,#7745),
 .UNSPECIFIED.,.F.,.F.,(4,4),(0.,0.181028747905589),.UNSPECIFIED.);
#434=B_SPLINE_CURVE_WITH_KNOTS('',3,(#7748,#7749,#7750,#7751,#7752,#7753,
#7754,#7755,#7756,#7757,#7758,#7759,#7760,#7761,#7762,#7763,#7764),
 .UNSPECIFIED.,.F.,.F.,(4,1,1,1,1,1,1,1,1,1,1,1,1,1,4),(0.,0.100186762822523,
0.150279911244603,0.200373561268154,0.250467211291705,0.300560359713784,
0.350653688066164,0.400747122536308,0.450840115115519,0.500934060398329,
0.551027261922346,0.601120628872675,0.651214075922064,0.701307750940026,
0.801494168130725),.UNSPECIFIED.);
#435=B_SPLINE_CURVE_WITH_KNOTS('',2,(#7765,#7766,#7767),.UNSPECIFIED.,.F.,
 .F.,(3,3),(0.,0.100186648437392),.UNSPECIFIED.);
#436=B_SPLINE_CURVE_WITH_KNOTS('',3,(#7769,#7770,#7771,#7772),
 .UNSPECIFIED.,.F.,.F.,(4,4),(0.000274741225600693,0.182198583379497),
 .UNSPECIFIED.);
#437=B_SPLINE_CURVE_WITH_KNOTS('',3,(#7773,#7774,#7775,#7776),
 .UNSPECIFIED.,.F.,.F.,(4,4),(8.88454529650068E-6,0.169509205408098),
 .UNSPECIFIED.);
#438=B_SPLINE_CURVE_WITH_KNOTS('',3,(#7778,#7779,#7780,#7781),
 .UNSPECIFIED.,.F.,.F.,(4,4),(0.00918447333523559,0.183023165259352),
 .UNSPECIFIED.);
#439=B_SPLINE_CURVE_WITH_KNOTS('',3,(#7783,#7784,#7785,#7786),
 .UNSPECIFIED.,.F.,.F.,(4,4),(0.0112467322047282,0.183104581701318),
 .UNSPECIFIED.);
#440=B_SPLINE_CURVE_WITH_KNOTS('',3,(#7788,#7789,#7790,#7791),
 .UNSPECIFIED.,.F.,.F.,(4,4),(2.15830188624051E-5,0.182539718286425),
 .UNSPECIFIED.);
#441=B_SPLINE_CURVE_WITH_KNOTS('',3,(#7795,#7796,#7797,#7798),
 .UNSPECIFIED.,.F.,.F.,(4,4),(4.67730329228573E-8,0.182393579741466),
 .UNSPECIFIED.);
#442=B_SPLINE_CURVE_WITH_KNOTS('',3,(#7803,#7804,#7805,#7806,#7807,#7808,
#7809,#7810),.UNSPECIFIED.,.F.,.F.,(4,2,2,4),(0.401412740424808,0.43306907101408,
0.857994428437186,1.21919407942049),.UNSPECIFIED.);
#443=B_SPLINE_CURVE_WITH_KNOTS('',3,(#7812,#7813,#7814,#7815,#7816,#7817),
 .UNSPECIFIED.,.F.,.F.,(4,2,4),(0.568923132679296,0.857149910251556,1.04958882668848),
 .UNSPECIFIED.);
#444=B_SPLINE_CURVE_WITH_KNOTS('',3,(#7819,#7820,#7821,#7822,#7823,#7824,
#7825,#7826),.UNSPECIFIED.,.F.,.F.,(4,2,2,4),(0.550491832646871,0.857920399411898,
1.28687703349298,1.51134456348952),.UNSPECIFIED.);
#445=B_SPLINE_CURVE_WITH_KNOTS('',3,(#7828,#7829,#7830,#7831),
 .UNSPECIFIED.,.F.,.F.,(4,4),(0.544726414795957,0.593433820679232),
 .UNSPECIFIED.);
#446=B_SPLINE_CURVE_WITH_KNOTS('',3,(#7833,#7834,#7835,#7836,#7837,#7838,
#7839,#7840,#7841,#7842),.UNSPECIFIED.,.F.,.F.,(4,2,2,2,4),(0.833209566484559,
0.857927966989064,1.28688900546267,1.71584774245534,1.79432050688916),
 .UNSPECIFIED.);
#447=B_SPLINE_CURVE_WITH_KNOTS('',3,(#7844,#7845,#7846,#7847,#7848,#7849,
#7850,#7851,#7852,#7853),.UNSPECIFIED.,.F.,.F.,(4,2,2,2,4),(0.427645204500372,
0.43585203569591,0.862645956589202,1.28609141586623,1.34156356296906),
 .UNSPECIFIED.);
#448=B_SPLINE_CURVE_WITH_KNOTS('',3,(#7855,#7856,#7857,#7858,#7859,#7860,
#7861,#7862),.UNSPECIFIED.,.F.,.F.,(4,2,2,4),(0.749794047144328,0.857918028595965,
1.28687336327986,1.66305513818344),.UNSPECIFIED.);
#449=B_SPLINE_CURVE_WITH_KNOTS('',3,(#7864,#7865,#7866,#7867,#7868,#7869,
#7870,#7871),.UNSPECIFIED.,.F.,.F.,(4,2,2,4),(0.493148137507486,0.866350748707341,
1.28990442002276,1.40726136275385),.UNSPECIFIED.);
#450=B_SPLINE_CURVE_WITH_KNOTS('',3,(#7873,#7874,#7875,#7876,#7877,#7878),
 .UNSPECIFIED.,.F.,.F.,(4,2,4),(0.986393674398663,1.28687778409225,1.56331555331699),
 .UNSPECIFIED.);
#451=B_SPLINE_CURVE_WITH_KNOTS('',3,(#7882,#7883,#7884,#7885,#7886,#7887,
#7888,#7889),.UNSPECIFIED.,.F.,.F.,(4,2,2,4),(0.489127169332749,0.873816692362894,
1.31072760279277,1.32136316107164),.UNSPECIFIED.);
#452=B_SPLINE_CURVE_WITH_KNOTS('',3,(#7891,#7892,#7893,#7894,#7895,#7896,
#7897,#7898),.UNSPECIFIED.,.F.,.F.,(4,2,2,4),(0.972045505685728,1.31070681611466,
1.74761143770284,2.04925177751886),.UNSPECIFIED.);
#453=B_SPLINE_CURVE_WITH_KNOTS('',3,(#7900,#7901,#7902,#7903),
 .UNSPECIFIED.,.F.,.F.,(4,4),(0.556118648277827,0.605199016637718),
 .UNSPECIFIED.);
#454=B_SPLINE_CURVE_WITH_KNOTS('',3,(#7905,#7906,#7907,#7908,#7909,#7910,
#7911,#7912),.UNSPECIFIED.,.F.,.F.,(4,2,2,4),(0.472401636220169,0.873805828607294,
1.31071069824182,1.54944967311065),.UNSPECIFIED.);
#455=B_SPLINE_CURVE_WITH_KNOTS('',3,(#7914,#7915,#7916,#7917),
 .UNSPECIFIED.,.F.,.F.,(4,4),(0.475805855058274,0.52484340666852),
 .UNSPECIFIED.);
#456=B_SPLINE_CURVE_WITH_KNOTS('',3,(#7919,#7920,#7921,#7922,#7923,#7924,
#7925,#7926),.UNSPECIFIED.,.F.,.F.,(4,2,2,4),(0.529351464562493,0.873815400301767,
1.3107255785756,1.60651853383433),.UNSPECIFIED.);
#457=B_SPLINE_CURVE_WITH_KNOTS('',3,(#7928,#7929,#7930,#7931,#7932,#7933,
#7934,#7935,#7936,#7937),.UNSPECIFIED.,.F.,.F.,(4,2,2,2,4),(1.25549388270123,
1.31070349784226,1.74760654881768,2.18451097144298,2.33212628309406),
 .UNSPECIFIED.);
#458=B_SPLINE_CURVE_WITH_KNOTS('',3,(#7939,#7940,#7941,#7942,#7943,#7944),
 .UNSPECIFIED.,.F.,.F.,(4,2,4),(0.581933678068972,0.87515638521067,1.02242418880883),
 .UNSPECIFIED.);
#459=B_SPLINE_CURVE_WITH_KNOTS('',3,(#7946,#7947,#7948,#7949,#7950,#7951,
#7952,#7953,#7954,#7955),.UNSPECIFIED.,.F.,.F.,(4,2,2,2,4),(1.667676750591,
1.74761200091405,2.18451729145924,2.62142412824689,2.74421979535799),
 .UNSPECIFIED.);
#460=B_SPLINE_CURVE_WITH_KNOTS('',3,(#7957,#7958,#7959,#7960),
 .UNSPECIFIED.,.F.,.F.,(4,4),(0.546832101189347,0.595924015139416),
 .UNSPECIFIED.);
#461=B_SPLINE_CURVE_WITH_KNOTS('',3,(#7961,#7962,#7963,#7964),
 .UNSPECIFIED.,.F.,.F.,(4,4),(1.32136316107164,1.56620968809054),
 .UNSPECIFIED.);
#462=B_SPLINE_CURVE_WITH_KNOTS('',3,(#7965,#7966,#7967,#7968,#7969,#7970),
 .UNSPECIFIED.,.F.,.F.,(4,2,4),(0.650045322063114,0.857920936989668,0.986393674398663),
 .UNSPECIFIED.);
#463=B_SPLINE_CURVE_WITH_KNOTS('',3,(#7974,#7975,#7976,#7977,#7978,#7979,
#7980,#7981),.UNSPECIFIED.,.F.,.F.,(4,2,2,4),(0.596440476343863,0.914997451631901,
1.37249360049583,1.57023783317253),.UNSPECIFIED.);
#464=B_SPLINE_CURVE_WITH_KNOTS('',3,(#7983,#7984,#7985,#7986,#7987,#7988,
#7989,#7990,#7991,#7992),.UNSPECIFIED.,.F.,.F.,(4,2,2,2,4),(0.379675724744295,
0.457512898674596,0.915025331274119,1.37253722590864,1.71255689922915),
 .UNSPECIFIED.);
#465=B_SPLINE_CURVE_WITH_KNOTS('',3,(#7994,#7995,#7996,#7997,#7998,#7999,
#8000,#8001,#8002,#8003),.UNSPECIFIED.,.F.,.F.,(4,2,2,2,4),(0.410451435892538,
0.457630028430597,0.915302295820031,1.37297356402189,1.64079195613377),
 .UNSPECIFIED.);
#466=B_SPLINE_CURVE_WITH_KNOTS('',3,(#8005,#8006,#8007,#8008,#8009,#8010,
#8011,#8012,#8013,#8014),.UNSPECIFIED.,.F.,.F.,(4,2,2,2,4),(0.879918406371475,
0.914752973108464,1.37138479597283,1.82787128829347,2.16149971005288),
 .UNSPECIFIED.);
#467=B_SPLINE_CURVE_WITH_KNOTS('',3,(#8016,#8017,#8018,#8019,#8020,#8021,
#8022,#8023,#8024,#8025),.UNSPECIFIED.,.F.,.F.,(4,2,2,2,4),(0.362729423994799,
0.457511912441668,0.915023267699072,1.37253399182253,1.64424870757161),
 .UNSPECIFIED.);
#468=B_SPLINE_CURVE_WITH_KNOTS('',3,(#8027,#8028,#8029,#8030,#8031,#8032),
 .UNSPECIFIED.,.F.,.F.,(4,2,4),(1.25928422825826,1.37160530465306,1.66946436720582),
 .UNSPECIFIED.);
#469=B_SPLINE_CURVE_WITH_KNOTS('',3,(#8038,#8039,#8040,#8041,#8042,#8043,
#8044,#8045),.UNSPECIFIED.,.F.,.F.,(4,2,2,4),(0.38730413097306,0.459704014742796,
0.916519609235841,1.25928422825826),.UNSPECIFIED.);
#470=B_SPLINE_CURVE_WITH_KNOTS('',3,(#8049,#8050,#8051,#8052),
 .UNSPECIFIED.,.F.,.F.,(4,4),(2.38689621826811,2.75447730139687),
 .UNSPECIFIED.);
#471=B_SPLINE_CURVE_WITH_KNOTS('',3,(#8054,#8055,#8056,#8057,#8058,#8059,
#8060,#8061,#8062,#8063,#8064,#8065,#8066,#8067,#8068,#8069,#8070,#8071),
 .UNSPECIFIED.,.F.,.F.,(4,2,2,2,2,2,2,2,4),(0.361258909539611,0.468374923957489,
0.936749846132597,1.40512476571235,1.87349968220596,2.34187459563826,2.81024950669058,
3.13378514482993,3.24677657484743),.UNSPECIFIED.);
#472=B_SPLINE_CURVE_WITH_KNOTS('',3,(#8073,#8074,#8075,#8076,#8077,#8078,
#8079,#8080,#8081,#8082,#8083,#8084),.UNSPECIFIED.,.F.,.F.,(4,2,2,2,2,4),
(0.198409884727313,0.468370408009106,0.936740435002832,1.4051100154,1.87347915220323,
1.98260659763929),.UNSPECIFIED.);
#473=B_SPLINE_CURVE_WITH_KNOTS('',3,(#8085,#8086,#8087,#8088,#8089,#8090,
#8091,#8092,#8093,#8094,#8095,#8096,#8097,#8098,#8099,#8100),
 .UNSPECIFIED.,.F.,.F.,(4,2,2,2,2,2,2,4),(2.75447730139687,2.81024812899194,
3.27862280889693,3.74699745925345,4.21537207661187,4.68374666247019,5.15212122304366,
5.27326891844084),.UNSPECIFIED.);
#474=B_SPLINE_CURVE_WITH_KNOTS('',3,(#8114,#8115,#8116,#8117,#8118,#8119,
#8120,#8121),.UNSPECIFIED.,.F.,.F.,(4,2,2,4),(2.61928703410073,2.67047451942139,
3.11554674170821,3.56061896399503),.UNSPECIFIED.);
#475=B_SPLINE_CURVE_WITH_KNOTS('',3,(#8123,#8124,#8125,#8126,#8127,#8128,
#8129,#8130,#8131,#8132,#8133,#8134),.UNSPECIFIED.,.F.,.F.,(4,2,2,2,2,4),
(0.838975553240239,0.890144784556388,1.33521949468395,1.78029420481151,
2.22536939304483,2.61925714047413),.UNSPECIFIED.);
#476=B_SPLINE_CURVE_WITH_KNOTS('',3,(#8136,#8137,#8138,#8139,#8140,#8141,
#8142,#8143,#8144,#8145,#8146,#8147,#8148),.UNSPECIFIED.,.F.,.F.,(4,2,2,
3,2,4),(-1.04176654984426,-0.890133946856209,-0.445066973428104,0.,0.445071440784976,
0.838973636046766),.UNSPECIFIED.);
#477=B_SPLINE_CURVE_WITH_KNOTS('',3,(#8150,#8151,#8152,#8153,#8154,#8155,
#8156,#8157,#8158,#8159,#8160,#8161),.UNSPECIFIED.,.F.,.F.,(4,2,2,2,2,4),
(4.34907892618849,4.45076818983104,4.89583278817132,5.34089738651159,5.78596184852702,
6.07939358510537),.UNSPECIFIED.);
#478=B_SPLINE_CURVE_WITH_KNOTS('',3,(#8162,#8163,#8164,#8165,#8166,#8167),
 .UNSPECIFIED.,.F.,.F.,(4,2,4),(3.56061896399503,4.00568706212027,4.34906582170463),
 .UNSPECIFIED.);
#479=B_SPLINE_CURVE_WITH_KNOTS('',3,(#8171,#8172,#8173,#8174,#8175,#8176,
#8177,#8178,#8179,#8180,#8181,#8182,#8183),.UNSPECIFIED.,.F.,.F.,(4,2,2,
3,2,4),(6.63828801792208,7.02596321371299,7.29116596707381,7.55636878187971,
8.02476627683859,8.3693635856601),.UNSPECIFIED.);
#480=B_SPLINE_CURVE_WITH_KNOTS('',3,(#8185,#8186,#8187,#8188,#8189,#8190,
#8191,#8192,#8193,#8194,#8195,#8196,#8197,#8198,#8199,#8200,#8201,#8202,
#8203,#8204,#8205),.UNSPECIFIED.,.F.,.F.,(4,2,2,2,3,2,2,2,2,4),(6.49728359694284,
6.55643920560637,7.02479799259152,7.28994793491563,7.55510683889137,8.0233844392228,
8.49165024387526,8.95992755507747,9.42822756083714,9.44077231908676),
 .UNSPECIFIED.);
#481=B_SPLINE_CURVE_WITH_KNOTS('',3,(#8207,#8208,#8209,#8210,#8211,#8212,
#8213,#8214,#8215,#8216,#8217,#8218,#8219,#8220,#8221,#8222),
 .UNSPECIFIED.,.F.,.F.,(4,2,2,2,2,2,2,4),(2.11889119869552,2.34156100203028,
2.80992769111056,3.27825879229261,3.74654007926044,4.21477913777323,4.68300165506374,
4.89561259090856),.UNSPECIFIED.);
#482=B_SPLINE_CURVE_WITH_KNOTS('',3,(#8224,#8225,#8226,#8227),
 .UNSPECIFIED.,.F.,.F.,(4,4),(2.01380568118436,2.11889119869552),
 .UNSPECIFIED.);
#483=B_SPLINE_CURVE_WITH_KNOTS('',3,(#8231,#8232,#8233,#8234,#8235,#8236),
 .UNSPECIFIED.,.F.,.F.,(4,2,4),(0.155230304702756,0.194624198867144,0.207391321559748),
 .UNSPECIFIED.);
#484=B_SPLINE_CURVE_WITH_KNOTS('',3,(#8238,#8239,#8240,#8241,#8242,#8243,
#8244,#8245,#8246,#8247,#8248,#8249),.UNSPECIFIED.,.F.,.F.,(4,2,2,2,2,4),
(2.81860603700065,3.23094898787604,3.69251353101193,4.15407845880499,4.615643760615,
4.62838451758738),.UNSPECIFIED.);
#485=B_SPLINE_CURVE_WITH_KNOTS('',3,(#8251,#8252,#8253,#8254,#8255,#8256),
 .UNSPECIFIED.,.F.,.F.,(4,2,4),(0.211921405105686,0.244973453118899,0.264087573977029),
 .UNSPECIFIED.);
#486=B_SPLINE_CURVE_WITH_KNOTS('',3,(#8258,#8259,#8260,#8261,#8262,#8263),
 .UNSPECIFIED.,.F.,.F.,(4,2,4),(8.31955686904061,8.36924306177141,8.37078281507125),
 .UNSPECIFIED.);
#487=B_SPLINE_CURVE_WITH_KNOTS('',3,(#8266,#8267,#8268,#8269,#8270,#8271,
#8272,#8273,#8274,#8275,#8276,#8277,#8278),.UNSPECIFIED.,.F.,.F.,(4,2,2,
3,2,4),(6.56207950901215,6.92344981586908,7.18478297575807,7.44611604122804,
7.9076794291835,8.31955686904061),.UNSPECIFIED.);
#488=B_SPLINE_CURVE_WITH_KNOTS('',3,(#8280,#8281,#8282,#8283,#8284,#8285,
#8286,#8287),.UNSPECIFIED.,.F.,.F.,(4,2,2,4),(0.2395373359279,0.461575267811654,
0.923151726462909,1.22161643036277),.UNSPECIFIED.);
#489=B_SPLINE_CURVE_WITH_KNOTS('',3,(#8289,#8290,#8291,#8292,#8293,#8294,
#8295,#8296,#8297,#8298),.UNSPECIFIED.,.F.,.F.,(4,2,2,2,4),(0.300696886582738,
0.461576702587441,0.923154670848377,1.18773200354287,1.23181567530379),
 .UNSPECIFIED.);
#490=B_SPLINE_CURVE_WITH_KNOTS('',3,(#8299,#8300,#8301,#8302,#8303,#8304,
#8305,#8306,#8307,#8308,#8309,#8310),.UNSPECIFIED.,.F.,.F.,(4,2,2,2,2,4),
(2.82860361886441,3.23095115288907,3.69251604742803,4.15408135730908,4.61564707022892,
4.63774603726893),.UNSPECIFIED.);
#491=B_SPLINE_CURVE_WITH_KNOTS('',3,(#8323,#8324,#8325,#8326,#8327,#8328),
 .UNSPECIFIED.,.F.,.F.,(4,2,4),(3.23189125365771,3.52838689783391,3.52841063976804),
 .UNSPECIFIED.);
#492=B_SPLINE_CURVE_WITH_KNOTS('',3,(#8330,#8331,#8332,#8333),
 .UNSPECIFIED.,.F.,.F.,(4,4),(6.95007420119996,6.99878805842249),
 .UNSPECIFIED.);
#493=B_SPLINE_CURVE_WITH_KNOTS('',3,(#8335,#8336,#8337,#8338,#8339,#8340,
#8341,#8342,#8343,#8344),.UNSPECIFIED.,.F.,.F.,(4,2,2,2,4),(1.96355790902799,
2.20530559422172,2.64638445242165,3.08746179793548,3.18337105390178),
 .UNSPECIFIED.);
#494=B_SPLINE_CURVE_WITH_KNOTS('',3,(#8346,#8347,#8348,#8349),
 .UNSPECIFIED.,.F.,.F.,(4,4),(5.38098963771928,5.48009589999779),
 .UNSPECIFIED.);
#495=B_SPLINE_CURVE_WITH_KNOTS('',3,(#8351,#8352,#8353,#8354,#8355,#8356,
#8357,#8358,#8359,#8360),.UNSPECIFIED.,.F.,.F.,(4,2,2,2,4),(4.25824034486048,
4.4105558659123,4.85163143089485,5.29270699587739,5.39318602590154),
 .UNSPECIFIED.);
#496=B_SPLINE_CURVE_WITH_KNOTS('',3,(#8362,#8363,#8364,#8365,#8366,#8367,
#8368,#8369),.UNSPECIFIED.,.F.,.F.,(4,2,2,4),(3.32906702733158,3.52836953534333,
3.96945658082834,4.25819856974243),.UNSPECIFIED.);
#497=B_SPLINE_CURVE_WITH_KNOTS('',3,(#8371,#8372,#8373,#8374,#8375,#8376,
#8377,#8378),.UNSPECIFIED.,.F.,.F.,(4,2,2,4),(2.2052570315286,2.64633148610376,
3.08741413613953,3.32916347973073),.UNSPECIFIED.);
#498=B_SPLINE_CURVE_WITH_KNOTS('',3,(#8380,#8381,#8382,#8383,#8384,#8385),
 .UNSPECIFIED.,.F.,.F.,(4,2,4),(2.15854801746592,2.253204762789,2.25518668291864),
 .UNSPECIFIED.);
#499=B_SPLINE_CURVE_WITH_KNOTS('',3,(#8387,#8388,#8389,#8390,#8391,#8392,
#8393,#8394),.UNSPECIFIED.,.F.,.F.,(4,2,2,4),(4.51107843848475,4.85137599602227,
5.29246267692154,5.6369257485356),.UNSPECIFIED.);
#500=B_SPLINE_CURVE_WITH_KNOTS('',3,(#8396,#8397,#8398,#8399),
 .UNSPECIFIED.,.F.,.F.,(4,4),(0.937746643847932,0.988343002377149),
 .UNSPECIFIED.);
#501=B_SPLINE_CURVE_WITH_KNOTS('',3,(#8400,#8401,#8402,#8403,#8404,#8405,
#8406,#8407),.UNSPECIFIED.,.F.,.F.,(4,2,2,4),(3.52841063976804,3.96946763609003,
4.41054837434616,4.46086459400525),.UNSPECIFIED.);
#502=B_SPLINE_CURVE_WITH_KNOTS('',3,(#8418,#8419,#8420,#8421,#8422,#8423),
 .UNSPECIFIED.,.F.,.F.,(4,2,4),(2.85814592083189,2.95015301379861,3.37157908396156),
 .UNSPECIFIED.);
#503=B_SPLINE_CURVE_WITH_KNOTS('',3,(#8425,#8426,#8427,#8428,#8429,#8430,
#8431,#8432),.UNSPECIFIED.,.F.,.F.,(4,2,2,4),(1.78194106233308,2.10717778006209,
2.52860551374202,2.85802245929108),.UNSPECIFIED.);
#504=B_SPLINE_CURVE_WITH_KNOTS('',3,(#8434,#8435,#8436,#8437,#8438,#8439,
#8440,#8441,#8442,#8443),.UNSPECIFIED.,.F.,.F.,(4,2,2,2,4),(0.745990655238358,
0.842089309337578,1.2637392494152,1.68538918949283,1.78166004189554),
 .UNSPECIFIED.);
#505=B_SPLINE_CURVE_WITH_KNOTS('',3,(#8445,#8446,#8447,#8448,#8449,#8450,
#8451,#8452,#8453),.UNSPECIFIED.,.F.,.F.,(4,3,2,4),(-0.283289371134819,
0.,0.420839873170652,0.747147065697248),.UNSPECIFIED.);
#506=B_SPLINE_CURVE_WITH_KNOTS('',3,(#8455,#8456,#8457,#8458,#8459,#8460,
#8461,#8462,#8463,#8464),.UNSPECIFIED.,.F.,.F.,(4,2,2,2,4),(5.4250988702397,
5.51723888380401,5.9386833999315,6.36019177078195,6.49858415528575),
 .UNSPECIFIED.);
#507=B_SPLINE_CURVE_WITH_KNOTS('',3,(#8466,#8467,#8468,#8469,#8470,#8471,
#8472,#8473),.UNSPECIFIED.,.F.,.F.,(4,2,2,4),(4.41992682701517,4.69893139273925,
5.11975683447952,5.44912444201329),.UNSPECIFIED.);
#508=B_SPLINE_CURVE_WITH_KNOTS('',3,(#8475,#8476,#8477,#8478,#8479,#8480),
 .UNSPECIFIED.,.F.,.F.,(4,2,4),(3.88887266175321,4.21829749591007,4.36183116781448),
 .UNSPECIFIED.);
#509=B_SPLINE_CURVE_WITH_KNOTS('',3,(#8481,#8482,#8483,#8484,#8485,#8486),
 .UNSPECIFIED.,.F.,.F.,(4,2,4),(3.37157908396156,3.79300133033297,3.88498468344747),
 .UNSPECIFIED.);
#510=B_SPLINE_CURVE_WITH_KNOTS('',3,(#8499,#8500,#8501,#8502,#8503,#8504),
 .UNSPECIFIED.,.F.,.F.,(4,2,4),(2.71283650646235,2.89370370661972,3.30726913909566),
 .UNSPECIFIED.);
#511=B_SPLINE_CURVE_WITH_KNOTS('',3,(#8506,#8507,#8508,#8509,#8510,#8511),
 .UNSPECIFIED.,.F.,.F.,(4,2,4),(0.136865191898769,0.185345909255454,0.232736061179351),
 .UNSPECIFIED.);
#512=B_SPLINE_CURVE_WITH_KNOTS('',3,(#8513,#8514,#8515,#8516,#8517,#8518,
#8519,#8520),.UNSPECIFIED.,.F.,.F.,(4,2,2,4),(1.84090600218421,2.06745674369487,
2.48111077833848,2.62181305155373),.UNSPECIFIED.);
#513=B_SPLINE_CURVE_WITH_KNOTS('',3,(#8522,#8523,#8524,#8525,#8526,#8527),
 .UNSPECIFIED.,.F.,.F.,(4,2,4),(0.119050532965068,0.170226883644857,0.214937667284427),
 .UNSPECIFIED.);
#514=B_SPLINE_CURVE_WITH_KNOTS('',3,(#8529,#8530,#8531,#8532,#8533,#8534,
#8535,#8536),.UNSPECIFIED.,.F.,.F.,(4,2,2,4),(0.968197906777479,1.24076027136258,
1.654408053944,1.74868141218391),.UNSPECIFIED.);
#515=B_SPLINE_CURVE_WITH_KNOTS('',3,(#8538,#8539,#8540,#8541,#8542,#8543),
 .UNSPECIFIED.,.F.,.F.,(4,2,4),(0.139667834776298,0.191535832657308,0.235561146984505),
 .UNSPECIFIED.);
#516=B_SPLINE_CURVE_WITH_KNOTS('',3,(#8545,#8546,#8547,#8548,#8549,#8550),
 .UNSPECIFIED.,.F.,.F.,(4,2,4),(3.75990253928564,4.12885350243697,4.17580360744432),
 .UNSPECIFIED.);
#517=B_SPLINE_CURVE_WITH_KNOTS('',3,(#8552,#8553,#8554,#8555,#8556,#8557,
#8558,#8559,#8560,#8561),.UNSPECIFIED.,.F.,.F.,(4,2,2,2,4),(2.80379069608199,
2.89395220343361,3.30748090947145,3.72100696918747,3.76604778945071),
 .UNSPECIFIED.);
#518=B_SPLINE_CURVE_WITH_KNOTS('',3,(#8563,#8564,#8565,#8566,#8567,#8568,
#8569,#8570),.UNSPECIFIED.,.F.,.F.,(4,2,2,4),(2.02221831900957,2.06722119220799,
2.48082731743432,2.80405542665515),.UNSPECIFIED.);
#519=B_SPLINE_CURVE_WITH_KNOTS('',3,(#8572,#8573,#8574,#8575),
 .UNSPECIFIED.,.F.,.F.,(4,4),(0.128187978128324,0.224359943552461),
 .UNSPECIFIED.);
#520=B_SPLINE_CURVE_WITH_KNOTS('',3,(#8577,#8578,#8579,#8580,#8581,#8582,
#8583,#8584),.UNSPECIFIED.,.F.,.F.,(4,2,2,4),(4.45630948394404,4.54647867772392,
4.96011708306908,5.23798230171848),.UNSPECIFIED.);
#521=B_SPLINE_CURVE_WITH_KNOTS('',3,(#8586,#8587,#8588,#8589,#8590,#8591),
 .UNSPECIFIED.,.F.,.F.,(4,2,4),(0.14374283649171,0.192863831264846,0.239564657235535),
 .UNSPECIFIED.);
#522=B_SPLINE_CURVE_WITH_KNOTS('',3,(#8593,#8594,#8595,#8596,#8597,#8598,
#8599,#8600),.UNSPECIFIED.,.F.,.F.,(4,2,2,4),(3.58444942638741,3.71988047453973,
4.13353960855768,4.36595072860211),.UNSPECIFIED.);
#523=B_SPLINE_CURVE_WITH_KNOTS('',3,(#8602,#8603,#8604,#8605,#8606,#8607),
 .UNSPECIFIED.,.F.,.F.,(4,2,4),(0.093801262017627,0.144307910379475,0.189645253600857),
 .UNSPECIFIED.);
#524=B_SPLINE_CURVE_WITH_KNOTS('',3,(#8608,#8609,#8610,#8611,#8612,#8613),
 .UNSPECIFIED.,.F.,.F.,(4,2,4),(3.30726913909566,3.30736903250593,3.49408098828781),
 .UNSPECIFIED.);
#525=B_SPLINE_CURVE_WITH_KNOTS('',3,(#8618,#8619,#8620,#8621,#8622,#8623,
#8624,#8625,#8626,#8627,#8628,#8629,#8630,#8631,#8632,#8633,#8634),
 .UNSPECIFIED.,.F.,.F.,(4,1,1,1,1,1,1,1,1,1,1,1,1,1,4),(0.,0.0923457104042791,
0.138518689998479,0.184691214010042,0.230863812010131,0.277036488665439,
0.323209303757235,0.369381702365998,0.415554607020797,0.461727393177237,
0.507900109147409,0.554072605990847,0.600245272233621,0.646418283242944,
0.738720660070126),.UNSPECIFIED.);
#526=B_SPLINE_CURVE_WITH_KNOTS('',3,(#8642,#8643,#8644,#8645,#8646,#8647,
#8648),.UNSPECIFIED.,.F.,.F.,(4,1,1,1,4),(0.0280805794876265,0.161604534281251,
0.323209068562501,0.484813602843752,0.646418137125002),.UNSPECIFIED.);
#527=B_SPLINE_CURVE_WITH_KNOTS('',3,(#8658,#8659,#8660,#8661,#8662),
 .UNSPECIFIED.,.F.,.F.,(4,1,4),(0.,0.0692589184708917,0.138517836941783),
 .UNSPECIFIED.);
#528=B_SPLINE_CURVE_WITH_KNOTS('',3,(#8670,#8671,#8672,#8673,#8674),
 .UNSPECIFIED.,.F.,.F.,(4,1,4),(0.,0.0923455981524458,0.18303500124536),
 .UNSPECIFIED.);
#529=B_SPLINE_CURVE_WITH_KNOTS('',3,(#8682,#8683,#8684,#8685,#8686),
 .UNSPECIFIED.,.F.,.F.,(4,1,4),(0.,0.115431725277975,0.23086345055595),
 .UNSPECIFIED.);
#530=B_SPLINE_CURVE_WITH_KNOTS('',3,(#8695,#8696,#8697,#8698,#8699),
 .UNSPECIFIED.,.F.,.F.,(4,1,4),(0.,0.138518235359006,0.252230803444623),
 .UNSPECIFIED.);
#531=B_SPLINE_CURVE_WITH_KNOTS('',3,(#8702,#8703,#8704,#8705),
 .UNSPECIFIED.,.F.,.F.,(4,4),(0.,0.179382134108361),.UNSPECIFIED.);
#532=B_SPLINE_CURVE_WITH_KNOTS('',3,(#8713,#8714,#8715,#8716,#8717,#8718,
#8719,#8720,#8721,#8722,#8723,#8724,#8725,#8726,#8727,#8728,#8729,#8730,
#8731,#8732),.UNSPECIFIED.,.F.,.F.,(4,1,1,1,1,1,1,1,1,1,1,1,1,1,1,1,1,4),
(6.45227564113722E-5,0.0923453606931677,0.138518074963031,0.184690862279939,
0.230863372207764,0.277036354869242,0.323208967742797,0.36938181356272,
0.41555459329973,0.461727224204072,0.507899855108414,0.554072634845425,
0.600245480665347,0.646418093538902,0.69259107620038,0.738763586128205,
0.7849359156575,0.877281475793556),.UNSPECIFIED.);
#533=B_SPLINE_CURVE_WITH_KNOTS('',3,(#8739,#8740,#8741,#8742,#8743,#8744,
#8745),.UNSPECIFIED.,.F.,.F.,(4,3,4),(3.03897997151249E-5,0.0595023100901272,
0.0831151513339738),.UNSPECIFIED.);
#534=B_SPLINE_CURVE_WITH_KNOTS('',3,(#8748,#8749,#8750,#8751,#8752,#8753,
#8754,#8755,#8756,#8757,#8758,#8759),.UNSPECIFIED.,.F.,.F.,(4,2,2,2,2,4),
(0.307450200427078,0.400676755696751,0.598348149432146,0.796019543167541,
0.995204012712133,1.05809630321978),.UNSPECIFIED.);
#535=B_SPLINE_CURVE_WITH_KNOTS('',3,(#8760,#8761,#8762,#8763),
 .UNSPECIFIED.,.F.,.F.,(4,4),(0.,0.0584237091590587),.UNSPECIFIED.);
#536=B_SPLINE_CURVE_WITH_KNOTS('',3,(#8766,#8767,#8768,#8769,#8770,#8771,
#8772,#8773,#8774,#8775,#8776,#8777,#8778),.UNSPECIFIED.,.F.,.F.,(4,2,2,
2,3,4),(-0.669506667366184,-0.591087962838878,-0.392919143983893,-0.196459571991947,
0.,0.0807958801473155),.UNSPECIFIED.);
#537=B_SPLINE_CURVE_WITH_KNOTS('',3,(#8779,#8780,#8781,#8782,#8783,#8784,
#8785),.UNSPECIFIED.,.F.,.F.,(4,3,4),(0.,0.0612970490216299,0.0690192025088204),
 .UNSPECIFIED.);
#538=B_SPLINE_CURVE_WITH_KNOTS('',3,(#8788,#8789,#8790,#8791,#8792,#8793,
#8794,#8795,#8796,#8797,#8798,#8799,#8800),.UNSPECIFIED.,.F.,.F.,(4,2,2,
3,2,4),(-0.525542845563918,-0.391613254357425,-0.195806627178713,0.,0.195753899420838,
0.225287821288321),.UNSPECIFIED.);
#539=B_SPLINE_CURVE_WITH_KNOTS('',3,(#8801,#8802,#8803,#8804,#8805,#8806,
#8807),.UNSPECIFIED.,.F.,.F.,(4,3,4),(0.,0.0611516517545563,0.0696978031675473),
 .UNSPECIFIED.);
#540=B_SPLINE_CURVE_WITH_KNOTS('',3,(#8810,#8811,#8812,#8813,#8814,#8815,
#8816,#8817,#8818,#8819,#8820),.UNSPECIFIED.,.F.,.F.,(4,2,2,3,4),(-0.558407848402597,
-0.391873713889167,-0.195936856944583,0.,0.192586222833614),
 .UNSPECIFIED.);
#541=B_SPLINE_CURVE_WITH_KNOTS('',3,(#8821,#8822,#8823,#8824,#8825,#8826,
#8827),.UNSPECIFIED.,.F.,.F.,(4,3,4),(0.,0.0609247347628526,0.0696344266283728),
 .UNSPECIFIED.);
#542=B_SPLINE_CURVE_WITH_KNOTS('',3,(#8830,#8831,#8832,#8833),
 .UNSPECIFIED.,.F.,.F.,(4,4),(0.,0.0425978237211271),.UNSPECIFIED.);
#543=B_SPLINE_CURVE_WITH_KNOTS('',3,(#8834,#8835,#8836,#8837,#8838,#8839,
#8840,#8841,#8842,#8843,#8844,#8845,#8846),.UNSPECIFIED.,.F.,.F.,(4,2,2,
3,2,4),(-0.445213906042179,-0.392432990753226,-0.196216495376613,0.,0.19616928903949,
0.263437048182961),.UNSPECIFIED.);
#544=B_SPLINE_CURVE_WITH_KNOTS('',3,(#8849,#8850,#8851,#8852),
 .UNSPECIFIED.,.F.,.F.,(4,4),(0.,0.179887906783306),.UNSPECIFIED.);
#545=B_SPLINE_CURVE_WITH_KNOTS('',3,(#8853,#8854,#8855,#8856,#8857,#8858,
#8859,#8860,#8861,#8862,#8863,#8864,#8865),.UNSPECIFIED.,.F.,.F.,(4,2,2,
3,2,4),(-0.437389356811514,-0.390413589249694,-0.195206794624847,0.,0.195168066938463,
0.312291264937782),.UNSPECIFIED.);
#546=B_SPLINE_CURVE_WITH_KNOTS('',3,(#8875,#8876,#8877,#8878),
 .UNSPECIFIED.,.F.,.F.,(4,4),(0.00993895714238381,0.179956924015945),
 .UNSPECIFIED.);
#547=B_SPLINE_CURVE_WITH_KNOTS('',2,(#8880,#8881,#8882),.UNSPECIFIED.,.F.,
 .F.,(3,3),(0.,0.0923454037581081),.UNSPECIFIED.);
#548=B_SPLINE_CURVE_WITH_KNOTS('',3,(#8885,#8886,#8887,#8888,#8889,#8890,
#8891,#8892,#8893,#8894,#8895,#8896,#8897),.UNSPECIFIED.,.F.,.F.,(4,3,3,
3,4),(5.82464364712813E-15,0.0736998691176405,0.130863217283594,0.204549775927288,
0.261603604429939),.UNSPECIFIED.);
#549=B_SPLINE_CURVE_WITH_KNOTS('',3,(#8901,#8902,#8903,#8904),
 .UNSPECIFIED.,.F.,.F.,(4,4),(1.78073018361334E-6,0.180012792889334),
 .UNSPECIFIED.);
#550=B_SPLINE_CURVE_WITH_KNOTS('',3,(#8908,#8909,#8910,#8911),
 .UNSPECIFIED.,.F.,.F.,(4,4),(0.00204648378309949,0.0522387928365178),
 .UNSPECIFIED.);
#551=B_SPLINE_CURVE_WITH_KNOTS('',3,(#8914,#8915,#8916,#8917,#8918,#8919,
#8920,#8921,#8922,#8923,#8924,#8925,#8926),.UNSPECIFIED.,.F.,.F.,(4,3,3,
3,4),(0.,0.0763410993091986,0.152682198618397,0.229023296952165,0.305364395285932),
 .UNSPECIFIED.);
#552=B_SPLINE_CURVE_WITH_KNOTS('',3,(#8933,#8934,#8935,#8936),
 .UNSPECIFIED.,.F.,.F.,(4,4),(9.79692425831415E-6,0.0373622560485496),
 .UNSPECIFIED.);
#553=B_SPLINE_CURVE_WITH_KNOTS('',3,(#8941,#8942,#8943,#8944),
 .UNSPECIFIED.,.F.,.F.,(4,4),(0.,0.0509170449325933),.UNSPECIFIED.);
#554=B_SPLINE_CURVE_WITH_KNOTS('',3,(#8946,#8947,#8948,#8949,#8950,#8951,
#8952,#8953,#8954,#8955,#8956,#8957,#8958,#8959,#8960,#8961,#8962,#8963,
#8964,#8965,#8966,#8967,#8968,#8969,#8970),.UNSPECIFIED.,.F.,.F.,(4,3,3,
3,3,3,3,3,4),(1.97427577767351E-9,0.0736866905117363,0.130858439719808,
0.204542739925953,0.261716879439616,0.335391819851847,0.392575319159424,
0.466275130270499,0.523433758879232),.UNSPECIFIED.);
#555=B_SPLINE_CURVE_WITH_KNOTS('',3,(#8974,#8975,#8976,#8977),
 .UNSPECIFIED.,.F.,.F.,(4,4),(1.68940550613417E-6,0.180012427400007),
 .UNSPECIFIED.);
#556=B_SPLINE_CURVE_WITH_KNOTS('',3,(#8990,#8991,#8992,#8993),
 .UNSPECIFIED.,.F.,.F.,(4,4),(0.,0.0502614080299766),.UNSPECIFIED.);
#557=B_SPLINE_CURVE_WITH_KNOTS('',3,(#8995,#8996,#8997,#8998,#8999,#9000,
#9001,#9002,#9003,#9004,#9005,#9006,#9007,#9008,#9009),.UNSPECIFIED.,.F.,
 .F.,(4,1,1,1,1,1,1,1,1,1,1,1,4),(0.,0.0923451568416178,0.138517927341666,
0.184690949346063,0.230863330802501,0.277036285208602,0.323209239604085,
0.369381601009382,0.415554496050066,0.461726937611865,0.50790004708662,
0.554072773552569,0.646417999706713),.UNSPECIFIED.);
#558=B_SPLINE_CURVE_WITH_KNOTS('',3,(#9011,#9012,#9013,#9014),
 .UNSPECIFIED.,.F.,.F.,(4,4),(0.,0.13851819356347),.UNSPECIFIED.);
#559=B_SPLINE_CURVE_WITH_KNOTS('',3,(#9022,#9023,#9024,#9025,#9026,#9027,
#9028),.UNSPECIFIED.,.F.,.F.,(4,1,1,1,4),(0.,0.1846909506438,0.369381901287601,
0.554072851931401,0.738758472717641),.UNSPECIFIED.);
#560=B_SPLINE_CURVE_WITH_KNOTS('',3,(#9029,#9030,#9031,#9032),
 .UNSPECIFIED.,.F.,.F.,(4,4),(0.,0.180010187998456),.UNSPECIFIED.);
#561=B_SPLINE_CURVE_WITH_KNOTS('',3,(#9039,#9040,#9041,#9042),
 .UNSPECIFIED.,.F.,.F.,(4,4),(8.31625268106373E-6,0.178462681372335),
 .UNSPECIFIED.);
#562=B_SPLINE_CURVE_WITH_KNOTS('',3,(#9044,#9045,#9046,#9047,#9048,#9049,
#9050,#9051,#9052,#9053),.UNSPECIFIED.,.F.,.F.,(4,1,1,1,1,1,1,4),(0.0060659611264342,
0.0923453139895267,0.138518033228126,0.184691242474907,0.230863836096409,
0.277036574401728,0.32320903014208,0.415542260471017),.UNSPECIFIED.);
#563=B_SPLINE_CURVE_WITH_KNOTS('',3,(#9058,#9059,#9060,#9061),
 .UNSPECIFIED.,.F.,.F.,(4,4),(0.00050378722673874,0.179941321835929),
 .UNSPECIFIED.);
#564=B_SPLINE_CURVE_WITH_KNOTS('',3,(#9065,#9066,#9067,#9068),
 .UNSPECIFIED.,.F.,.F.,(4,4),(6.29186733645327,6.3334144526242),
 .UNSPECIFIED.);
#565=B_SPLINE_CURVE_WITH_KNOTS('',3,(#9073,#9074,#9075,#9076),
 .UNSPECIFIED.,.F.,.F.,(4,4),(6.26927087913697,6.31021079466751),
 .UNSPECIFIED.);
#566=B_SPLINE_CURVE_WITH_KNOTS('',3,(#9081,#9082,#9083,#9084),
 .UNSPECIFIED.,.F.,.F.,(4,4),(6.31828068023021,6.35965900665879),
 .UNSPECIFIED.);
#567=B_SPLINE_CURVE_WITH_KNOTS('',3,(#9093,#9094,#9095,#9096,#9097,#9098,
#9099,#9100,#9101,#9102,#9103,#9104,#9105,#9106,#9107,#9108,#9109,#9110,
#9111,#9112,#9113,#9114,#9115,#9116,#9117,#9118,#9119,#9120,#9121,#9122,
#9123,#9124,#9125,#9126,#9127,#9128,#9129),.UNSPECIFIED.,.F.,.F.,(4,3,3,
3,3,3,3,3,3,3,3,3,4),(5.80715675475551E-10,0.0494891271810058,0.0990133581748028,
0.119974491515677,0.172694365676309,0.225384267822826,0.239948983031353,
0.292638854961701,0.345359793314064,0.359923474547029,0.409439846513061,
0.458944878027477,0.479897965469928),.UNSPECIFIED.);
#568=B_SPLINE_CURVE_WITH_KNOTS('',3,(#9141,#9142,#9143,#9144,#9145,#9146,
#9147,#9148,#9149,#9150,#9151,#9152,#9153,#9154,#9155,#9156,#9157),
 .UNSPECIFIED.,.F.,.F.,(4,1,1,1,1,1,1,1,1,1,1,1,1,1,4),(0.,0.100186973591768,
0.150280399470876,0.200373554399353,0.250466774823389,0.300560317176309,
0.350653925131799,0.400746962640736,0.450840392442526,0.500934147350263,
0.551027490700636,0.601120503457115,0.651214105458887,0.701307614652122,
0.801470539551588),.UNSPECIFIED.);
#569=B_SPLINE_CURVE_WITH_KNOTS('',3,(#9159,#9160,#9161,#9162,#9163),
 .UNSPECIFIED.,.F.,.F.,(4,1,4),(0.,0.150280138616834,0.300560243669265),
 .UNSPECIFIED.);
#570=B_SPLINE_CURVE_WITH_KNOTS('',3,(#9171,#9172,#9173,#9174,#9175),
 .UNSPECIFIED.,.F.,.F.,(4,1,4),(0.,0.100186814172832,0.200373628345664),
 .UNSPECIFIED.);
#571=B_SPLINE_CURVE_WITH_KNOTS('',3,(#9181,#9182,#9183,#9184,#9185,#9186,
#9187),.UNSPECIFIED.,.F.,.F.,(4,1,1,1,4),(0.,0.225420247997805,0.450840495995609,
0.676260743993414,0.901680991991218),.UNSPECIFIED.);
#572=B_SPLINE_CURVE_WITH_KNOTS('',3,(#9193,#9194,#9195,#9196,#9197,#9198,
#9199,#9200,#9201,#9202,#9203,#9204,#9205,#9206,#9207,#9208,#9209,#9210,
#9211,#9212,#9213,#9214,#9215,#9216,#9217,#9218,#9219,#9220,#9221,#9222,
#9223,#9224,#9225,#9226,#9227,#9228,#9229,#9230,#9231,#9232,#9233,#9234,
#9235,#9236,#9237,#9238,#9239,#9240,#9241),.UNSPECIFIED.,.F.,.F.,(4,3,3,
3,3,3,3,3,3,3,3,3,3,3,3,3,4),(0.,0.0718037395390042,0.143602450078461,0.215402355012624,
0.239973859260998,0.312428799539302,0.384882410238882,0.457338478385757,
0.479947718521996,0.552405952040273,0.624859900684261,0.697312058831403,
0.719921577782995,0.791723682377186,0.863521934626741,0.935323083028776,
0.959875984432424),.UNSPECIFIED.);
#573=B_SPLINE_CURVE_WITH_KNOTS('',3,(#9261,#9262,#9263,#9264),
 .UNSPECIFIED.,.F.,.F.,(4,4),(0.00349772434099729,0.182402086814552),
 .UNSPECIFIED.);
#574=B_SPLINE_CURVE_WITH_KNOTS('',3,(#9266,#9267,#9268,#9269),
 .UNSPECIFIED.,.F.,.F.,(4,4),(0.,0.182403860299731),.UNSPECIFIED.);
#575=B_SPLINE_CURVE_WITH_KNOTS('',3,(#9296,#9297,#9298,#9299),
 .UNSPECIFIED.,.F.,.F.,(4,4),(0.00908234853792981,0.164183861224465),
 .UNSPECIFIED.);
#576=B_SPLINE_CURVE_WITH_KNOTS('',3,(#9300,#9301,#9302,#9303),
 .UNSPECIFIED.,.F.,.F.,(4,4),(0.,0.181978916057066),.UNSPECIFIED.);
#577=B_SPLINE_CURVE_WITH_KNOTS('',3,(#9309,#9310,#9311,#9312),
 .UNSPECIFIED.,.F.,.F.,(4,4),(0.,0.182400877509537),.UNSPECIFIED.);
#578=B_SPLINE_CURVE_WITH_KNOTS('',3,(#9336,#9337,#9338,#9339),
 .UNSPECIFIED.,.F.,.F.,(4,4),(0.0242967670962032,0.182397835981427),
 .UNSPECIFIED.);
#579=B_SPLINE_CURVE_WITH_KNOTS('',3,(#9345,#9346,#9347,#9348,#9349,#9350,
#9351,#9352,#9353,#9354,#9355,#9356,#9357),.UNSPECIFIED.,.F.,.F.,(4,3,3,
3,4),(0.,0.0722474941807342,0.130893375016264,0.203131287881173,0.261766621871132),
 .UNSPECIFIED.);
#580=B_SPLINE_CURVE_WITH_KNOTS('',3,(#9361,#9362,#9363,#9364,#9365),
 .UNSPECIFIED.,.F.,.F.,(4,1,4),(0.,0.175326901796122,0.349641351618511),
 .UNSPECIFIED.);
#581=B_SPLINE_CURVE_WITH_KNOTS('',3,(#9369,#9370,#9371,#9372),
 .UNSPECIFIED.,.F.,.F.,(4,4),(0.,0.181223539775313),.UNSPECIFIED.);
#582=B_SPLINE_CURVE_WITH_KNOTS('',3,(#9374,#9375,#9376,#9377,#9378,#9379,
#9380),.UNSPECIFIED.,.F.,.F.,(4,1,1,1,4),(0.,0.150280187811496,0.300560375622993,
0.450840563434489,0.601120751245985),.UNSPECIFIED.);
#583=B_SPLINE_CURVE_WITH_KNOTS('',3,(#9382,#9383,#9384,#9385,#9386,#9387,
#9388),.UNSPECIFIED.,.F.,.F.,(4,1,1,1,4),(0.,0.125233478618562,0.250466957237124,
0.375700435855686,0.498385061585141),.UNSPECIFIED.);
#584=B_SPLINE_CURVE_WITH_KNOTS('',3,(#9402,#9403,#9404,#9405,#9406),
 .UNSPECIFIED.,.F.,.F.,(4,1,4),(0.,0.175326874347607,0.350653748695213),
 .UNSPECIFIED.);
#585=B_SPLINE_CURVE_WITH_KNOTS('',3,(#9408,#9409,#9410,#9411,#9412,#9413,
#9414),.UNSPECIFIED.,.F.,.F.,(4,1,1,1,4),(0.,0.212896932569408,0.425793865138816,
0.638690797708224,0.851508058349293),.UNSPECIFIED.);
#586=B_SPLINE_CURVE_WITH_KNOTS('',3,(#9418,#9419,#9420,#9421),
 .UNSPECIFIED.,.F.,.F.,(4,4),(0.00755274767316354,0.182269826370791),
 .UNSPECIFIED.);
#587=B_SPLINE_CURVE_WITH_KNOTS('',3,(#9423,#9424,#9425,#9426),
 .UNSPECIFIED.,.F.,.F.,(4,4),(0.,0.181418046429941),.UNSPECIFIED.);
#588=B_SPLINE_CURVE_WITH_KNOTS('',2,(#9428,#9429,#9430),.UNSPECIFIED.,.F.,
 .F.,(3,3),(6.04386895118826E-6,0.100186452999894),.UNSPECIFIED.);
#589=B_SPLINE_CURVE_WITH_KNOTS('',3,(#9431,#9432,#9433,#9434,#9435,#9436,
#9437,#9438,#9439,#9440,#9441,#9442,#9443,#9444,#9445,#9446,#9447,#9448,
#9449,#9450,#9451,#9452),.UNSPECIFIED.,.F.,.F.,(4,1,1,1,1,1,1,1,1,1,1,1,
1,1,1,1,1,1,1,4),(3.48064528463859E-5,0.100187226909936,0.15028029107317,
0.200373471978292,0.250467249803955,0.300560298676204,0.350654098001216,
0.400747154383993,0.450840763972238,0.500933743960316,0.551027197000179,
0.60112071707563,0.651214250743207,0.701307639415472,0.751401124899316,
0.801494186946655,0.851587454970142,0.90168082819067,0.951774341423602,
1.05196141746579),.UNSPECIFIED.);
#590=B_SPLINE_CURVE_WITH_KNOTS('',2,(#9455,#9456,#9457),.UNSPECIFIED.,.F.,
 .F.,(3,3),(0.,0.100186648437392),.UNSPECIFIED.);
#591=B_SPLINE_CURVE_WITH_KNOTS('',3,(#9458,#9459,#9460,#9461,#9462,#9463,
#9464,#9465,#9466,#9467,#9468,#9469,#9470,#9471,#9472,#9473,#9474),
 .UNSPECIFIED.,.F.,.F.,(4,1,1,1,1,1,1,1,1,1,1,1,1,1,4),(0.,0.100186762822523,
0.150279911244603,0.200373561268154,0.250467211291705,0.300560359713784,
0.350653688066164,0.400747122536308,0.450840115115519,0.500934060398329,
0.551027261922346,0.601120628872675,0.651214075922064,0.701307750940026,
0.801494168130725),.UNSPECIFIED.);
#592=B_SPLINE_CURVE_WITH_KNOTS('',3,(#9476,#9477,#9478,#9479),
 .UNSPECIFIED.,.F.,.F.,(4,4),(0.000274741225600693,0.182260915616387),
 .UNSPECIFIED.);
#593=B_SPLINE_CURVE_WITH_KNOTS('',3,(#9480,#9481,#9482,#9483),
 .UNSPECIFIED.,.F.,.F.,(4,4),(8.88454529650068E-6,0.169509205408098),
 .UNSPECIFIED.);
#594=B_SPLINE_CURVE_WITH_KNOTS('',3,(#9485,#9486,#9487,#9488),
 .UNSPECIFIED.,.F.,.F.,(4,4),(0.00918447333523559,0.183023165259352),
 .UNSPECIFIED.);
#595=B_SPLINE_CURVE_WITH_KNOTS('',3,(#9490,#9491,#9492,#9493),
 .UNSPECIFIED.,.F.,.F.,(4,4),(0.0111353082302535,0.183104581701318),
 .UNSPECIFIED.);
#596=B_SPLINE_CURVE_WITH_KNOTS('',3,(#9495,#9496,#9497,#9498),
 .UNSPECIFIED.,.F.,.F.,(4,4),(2.15830188624051E-5,0.182539718286425),
 .UNSPECIFIED.);
#597=B_SPLINE_CURVE_WITH_KNOTS('',3,(#9502,#9503,#9504,#9505),
 .UNSPECIFIED.,.F.,.F.,(4,4),(0.,0.182393579741466),.UNSPECIFIED.);
#598=B_SPLINE_SURFACE_WITH_KNOTS('',3,1,((#4807,#4808),(#4809,#4810),(#4811,
#4812),(#4813,#4814)),.UNSPECIFIED.,.F.,.F.,.F.,(4,4),(2,2),(6.26927087913697,
6.31021079466751),(0.,0.01),.UNSPECIFIED.);
#599=B_SPLINE_SURFACE_WITH_KNOTS('',3,1,((#4841,#4842),(#4843,#4844),(#4845,
#4846),(#4847,#4848)),.UNSPECIFIED.,.F.,.F.,.F.,(4,4),(2,2),(6.29186745002307,
6.3334144526242),(0.,0.01),.UNSPECIFIED.);
#600=B_SPLINE_SURFACE_WITH_KNOTS('',3,1,((#5255,#5256),(#5257,#5258),(#5259,
#5260),(#5261,#5262)),.UNSPECIFIED.,.F.,.F.,.F.,(4,4),(2,2),(6.31828068023021,
6.35965900665879),(0.,0.01),.UNSPECIFIED.);
#601=FACE_OUTER_BOUND('',#783,.T.);
#602=FACE_OUTER_BOUND('',#784,.T.);
#603=FACE_OUTER_BOUND('',#785,.T.);
#604=FACE_OUTER_BOUND('',#786,.T.);
#605=FACE_OUTER_BOUND('',#787,.T.);
#606=FACE_OUTER_BOUND('',#788,.T.);
#607=FACE_OUTER_BOUND('',#789,.T.);
#608=FACE_OUTER_BOUND('',#790,.T.);
#609=FACE_OUTER_BOUND('',#791,.T.);
#610=FACE_OUTER_BOUND('',#792,.T.);
#611=FACE_OUTER_BOUND('',#793,.T.);
#612=FACE_OUTER_BOUND('',#794,.T.);
#613=FACE_OUTER_BOUND('',#795,.T.);
#614=FACE_OUTER_BOUND('',#796,.T.);
#615=FACE_OUTER_BOUND('',#797,.T.);
#616=FACE_OUTER_BOUND('',#798,.T.);
#617=FACE_OUTER_BOUND('',#799,.T.);
#618=FACE_OUTER_BOUND('',#800,.T.);
#619=FACE_OUTER_BOUND('',#801,.T.);
#620=FACE_OUTER_BOUND('',#802,.T.);
#621=FACE_OUTER_BOUND('',#803,.T.);
#622=FACE_OUTER_BOUND('',#804,.T.);
#623=FACE_OUTER_BOUND('',#805,.T.);
#624=FACE_OUTER_BOUND('',#806,.T.);
#625=FACE_OUTER_BOUND('',#807,.T.);
#626=FACE_OUTER_BOUND('',#808,.T.);
#627=FACE_OUTER_BOUND('',#809,.T.);
#628=FACE_OUTER_BOUND('',#810,.T.);
#629=FACE_OUTER_BOUND('',#811,.T.);
#630=FACE_OUTER_BOUND('',#812,.T.);
#631=FACE_OUTER_BOUND('',#813,.T.);
#632=FACE_OUTER_BOUND('',#814,.T.);
#633=FACE_OUTER_BOUND('',#815,.T.);
#634=FACE_OUTER_BOUND('',#816,.T.);
#635=FACE_OUTER_BOUND('',#817,.T.);
#636=FACE_OUTER_BOUND('',#818,.T.);
#637=FACE_OUTER_BOUND('',#819,.T.);
#638=FACE_OUTER_BOUND('',#820,.T.);
#639=FACE_OUTER_BOUND('',#821,.T.);
#640=FACE_OUTER_BOUND('',#822,.T.);
#641=FACE_OUTER_BOUND('',#823,.T.);
#642=FACE_OUTER_BOUND('',#824,.T.);
#643=FACE_OUTER_BOUND('',#825,.T.);
#644=FACE_OUTER_BOUND('',#826,.T.);
#645=FACE_OUTER_BOUND('',#827,.T.);
#646=FACE_OUTER_BOUND('',#828,.T.);
#647=FACE_OUTER_BOUND('',#829,.T.);
#648=FACE_OUTER_BOUND('',#830,.T.);
#649=FACE_OUTER_BOUND('',#831,.T.);
#650=FACE_OUTER_BOUND('',#832,.T.);
#651=FACE_OUTER_BOUND('',#833,.T.);
#652=FACE_OUTER_BOUND('',#834,.T.);
#653=FACE_OUTER_BOUND('',#835,.T.);
#654=FACE_OUTER_BOUND('',#836,.T.);
#655=FACE_OUTER_BOUND('',#837,.T.);
#656=FACE_OUTER_BOUND('',#838,.T.);
#657=FACE_OUTER_BOUND('',#839,.T.);
#658=FACE_OUTER_BOUND('',#840,.T.);
#659=FACE_OUTER_BOUND('',#841,.T.);
#660=FACE_OUTER_BOUND('',#842,.T.);
#661=FACE_OUTER_BOUND('',#843,.T.);
#662=FACE_OUTER_BOUND('',#844,.T.);
#663=FACE_OUTER_BOUND('',#845,.T.);
#664=FACE_OUTER_BOUND('',#846,.T.);
#665=FACE_OUTER_BOUND('',#847,.T.);
#666=FACE_OUTER_BOUND('',#848,.T.);
#667=FACE_OUTER_BOUND('',#849,.T.);
#668=FACE_OUTER_BOUND('',#850,.T.);
#669=FACE_OUTER_BOUND('',#851,.T.);
#670=FACE_OUTER_BOUND('',#852,.T.);
#671=FACE_OUTER_BOUND('',#853,.T.);
#672=FACE_OUTER_BOUND('',#854,.T.);
#673=FACE_OUTER_BOUND('',#855,.T.);
#674=FACE_OUTER_BOUND('',#856,.T.);
#675=FACE_OUTER_BOUND('',#857,.T.);
#676=FACE_OUTER_BOUND('',#858,.T.);
#677=FACE_OUTER_BOUND('',#859,.T.);
#678=FACE_OUTER_BOUND('',#860,.T.);
#679=FACE_OUTER_BOUND('',#861,.T.);
#680=FACE_OUTER_BOUND('',#862,.T.);
#681=FACE_OUTER_BOUND('',#863,.T.);
#682=FACE_OUTER_BOUND('',#864,.T.);
#683=FACE_OUTER_BOUND('',#865,.T.);
#684=FACE_OUTER_BOUND('',#866,.T.);
#685=FACE_OUTER_BOUND('',#867,.T.);
#686=FACE_OUTER_BOUND('',#868,.T.);
#687=FACE_OUTER_BOUND('',#869,.T.);
#688=FACE_OUTER_BOUND('',#870,.T.);
#689=FACE_OUTER_BOUND('',#871,.T.);
#690=FACE_OUTER_BOUND('',#872,.T.);
#691=FACE_OUTER_BOUND('',#873,.T.);
#692=FACE_OUTER_BOUND('',#874,.T.);
#693=FACE_OUTER_BOUND('',#875,.T.);
#694=FACE_OUTER_BOUND('',#876,.T.);
#695=FACE_OUTER_BOUND('',#877,.T.);
#696=FACE_OUTER_BOUND('',#878,.T.);
#697=FACE_OUTER_BOUND('',#879,.T.);
#698=FACE_OUTER_BOUND('',#880,.T.);
#699=FACE_OUTER_BOUND('',#881,.T.);
#700=FACE_OUTER_BOUND('',#882,.T.);
#701=FACE_OUTER_BOUND('',#883,.T.);
#702=FACE_OUTER_BOUND('',#884,.T.);
#703=FACE_OUTER_BOUND('',#885,.T.);
#704=FACE_OUTER_BOUND('',#886,.T.);
#705=FACE_OUTER_BOUND('',#887,.T.);
#706=FACE_OUTER_BOUND('',#888,.T.);
#707=FACE_OUTER_BOUND('',#889,.T.);
#708=FACE_OUTER_BOUND('',#890,.T.);
#709=FACE_OUTER_BOUND('',#891,.T.);
#710=FACE_OUTER_BOUND('',#892,.T.);
#711=FACE_OUTER_BOUND('',#893,.T.);
#712=FACE_OUTER_BOUND('',#894,.T.);
#713=FACE_OUTER_BOUND('',#895,.T.);
#714=FACE_OUTER_BOUND('',#896,.T.);
#715=FACE_OUTER_BOUND('',#897,.T.);
#716=FACE_OUTER_BOUND('',#898,.T.);
#717=FACE_OUTER_BOUND('',#899,.T.);
#718=FACE_OUTER_BOUND('',#900,.T.);
#719=FACE_OUTER_BOUND('',#901,.T.);
#720=FACE_OUTER_BOUND('',#902,.T.);
#721=FACE_OUTER_BOUND('',#903,.T.);
#722=FACE_OUTER_BOUND('',#904,.T.);
#723=FACE_OUTER_BOUND('',#905,.T.);
#724=FACE_OUTER_BOUND('',#906,.T.);
#725=FACE_OUTER_BOUND('',#907,.T.);
#726=FACE_OUTER_BOUND('',#908,.T.);
#727=FACE_OUTER_BOUND('',#909,.T.);
#728=FACE_OUTER_BOUND('',#910,.T.);
#729=FACE_OUTER_BOUND('',#911,.T.);
#730=FACE_OUTER_BOUND('',#912,.T.);
#731=FACE_OUTER_BOUND('',#913,.T.);
#732=FACE_OUTER_BOUND('',#914,.T.);
#733=FACE_OUTER_BOUND('',#915,.T.);
#734=FACE_OUTER_BOUND('',#916,.T.);
#735=FACE_OUTER_BOUND('',#917,.T.);
#736=FACE_OUTER_BOUND('',#918,.T.);
#737=FACE_OUTER_BOUND('',#919,.T.);
#738=FACE_OUTER_BOUND('',#920,.T.);
#739=FACE_OUTER_BOUND('',#921,.T.);
#740=FACE_OUTER_BOUND('',#922,.T.);
#741=FACE_OUTER_BOUND('',#923,.T.);
#742=FACE_OUTER_BOUND('',#924,.T.);
#743=FACE_OUTER_BOUND('',#925,.T.);
#744=FACE_OUTER_BOUND('',#926,.T.);
#745=FACE_OUTER_BOUND('',#927,.T.);
#746=FACE_OUTER_BOUND('',#928,.T.);
#747=FACE_OUTER_BOUND('',#929,.T.);
#748=FACE_OUTER_BOUND('',#930,.T.);
#749=FACE_OUTER_BOUND('',#931,.T.);
#750=FACE_OUTER_BOUND('',#932,.T.);
#751=FACE_OUTER_BOUND('',#933,.T.);
#752=FACE_OUTER_BOUND('',#934,.T.);
#753=FACE_OUTER_BOUND('',#935,.T.);
#754=FACE_OUTER_BOUND('',#936,.T.);
#755=FACE_OUTER_BOUND('',#937,.T.);
#756=FACE_OUTER_BOUND('',#938,.T.);
#757=FACE_OUTER_BOUND('',#939,.T.);
#758=FACE_OUTER_BOUND('',#940,.T.);
#759=FACE_OUTER_BOUND('',#941,.T.);
#760=FACE_OUTER_BOUND('',#942,.T.);
#761=FACE_OUTER_BOUND('',#943,.T.);
#762=FACE_OUTER_BOUND('',#944,.T.);
#763=FACE_OUTER_BOUND('',#945,.T.);
#764=FACE_OUTER_BOUND('',#946,.T.);
#765=FACE_OUTER_BOUND('',#947,.T.);
#766=FACE_OUTER_BOUND('',#948,.T.);
#767=FACE_OUTER_BOUND('',#949,.T.);
#768=FACE_OUTER_BOUND('',#950,.T.);
#769=FACE_OUTER_BOUND('',#951,.T.);
#770=FACE_OUTER_BOUND('',#952,.T.);
#771=FACE_OUTER_BOUND('',#953,.T.);
#772=FACE_OUTER_BOUND('',#954,.T.);
#773=FACE_OUTER_BOUND('',#955,.T.);
#774=FACE_OUTER_BOUND('',#956,.T.);
#775=FACE_OUTER_BOUND('',#957,.T.);
#776=FACE_OUTER_BOUND('',#958,.T.);
#777=FACE_OUTER_BOUND('',#959,.T.);
#778=FACE_OUTER_BOUND('',#960,.T.);
#779=FACE_OUTER_BOUND('',#961,.T.);
#780=FACE_OUTER_BOUND('',#962,.T.);
#781=FACE_OUTER_BOUND('',#963,.T.);
#782=FACE_OUTER_BOUND('',#965,.T.);
#783=EDGE_LOOP('',(#2312,#2313,#2314));
#784=EDGE_LOOP('',(#2315,#2316));
#785=EDGE_LOOP('',(#2317,#2318,#2319));
#786=EDGE_LOOP('',(#2320,#2321,#2322));
#787=EDGE_LOOP('',(#2323,#2324));
#788=EDGE_LOOP('',(#2325,#2326,#2327));
#789=EDGE_LOOP('',(#2328,#2329,#2330,#2331,#2332,#2333,#2334,#2335));
#790=EDGE_LOOP('',(#2336,#2337,#2338,#2339,#2340,#2341,#2342,#2343));
#791=EDGE_LOOP('',(#2344,#2345,#2346,#2347,#2348,#2349,#2350,#2351));
#792=EDGE_LOOP('',(#2352,#2353,#2354,#2355,#2356));
#793=EDGE_LOOP('',(#2357,#2358,#2359,#2360));
#794=EDGE_LOOP('',(#2361,#2362,#2363));
#795=EDGE_LOOP('',(#2364,#2365));
#796=EDGE_LOOP('',(#2366,#2367,#2368));
#797=EDGE_LOOP('',(#2369,#2370,#2371,#2372,#2373,#2374,#2375,#2376,#2377,
#2378,#2379,#2380,#2381,#2382,#2383,#2384,#2385,#2386,#2387,#2388,#2389,
#2390,#2391));
#798=EDGE_LOOP('',(#2392,#2393,#2394,#2395,#2396,#2397,#2398,#2399,#2400,
#2401,#2402));
#799=EDGE_LOOP('',(#2403,#2404,#2405,#2406,#2407,#2408,#2409,#2410));
#800=EDGE_LOOP('',(#2411,#2412,#2413,#2414,#2415,#2416,#2417,#2418,#2419,
#2420));
#801=EDGE_LOOP('',(#2421,#2422,#2423,#2424,#2425,#2426,#2427,#2428));
#802=EDGE_LOOP('',(#2429,#2430,#2431,#2432,#2433,#2434,#2435,#2436,#2437,
#2438,#2439,#2440));
#803=EDGE_LOOP('',(#2441,#2442,#2443,#2444,#2445,#2446,#2447,#2448));
#804=EDGE_LOOP('',(#2449,#2450,#2451,#2452,#2453,#2454,#2455,#2456,#2457,
#2458,#2459,#2460,#2461,#2462,#2463,#2464));
#805=EDGE_LOOP('',(#2465,#2466,#2467,#2468,#2469,#2470,#2471,#2472,#2473,
#2474,#2475,#2476,#2477));
#806=EDGE_LOOP('',(#2478,#2479,#2480,#2481,#2482,#2483,#2484,#2485));
#807=EDGE_LOOP('',(#2486,#2487,#2488,#2489,#2490,#2491,#2492,#2493,#2494,
#2495,#2496,#2497,#2498,#2499,#2500,#2501,#2502,#2503,#2504,#2505));
#808=EDGE_LOOP('',(#2506,#2507,#2508,#2509,#2510));
#809=EDGE_LOOP('',(#2511,#2512,#2513,#2514,#2515));
#810=EDGE_LOOP('',(#2516,#2517,#2518,#2519,#2520));
#811=EDGE_LOOP('',(#2521,#2522,#2523,#2524,#2525,#2526));
#812=EDGE_LOOP('',(#2527,#2528,#2529,#2530,#2531));
#813=EDGE_LOOP('',(#2532,#2533,#2534,#2535,#2536));
#814=EDGE_LOOP('',(#2537,#2538,#2539,#2540,#2541));
#815=EDGE_LOOP('',(#2542,#2543,#2544,#2545,#2546));
#816=EDGE_LOOP('',(#2547,#2548,#2549,#2550,#2551));
#817=EDGE_LOOP('',(#2552,#2553,#2554,#2555,#2556,#2557,#2558,#2559));
#818=EDGE_LOOP('',(#2560,#2561,#2562,#2563,#2564,#2565,#2566,#2567));
#819=EDGE_LOOP('',(#2568,#2569,#2570,#2571,#2572,#2573,#2574,#2575));
#820=EDGE_LOOP('',(#2576,#2577,#2578,#2579,#2580,#2581));
#821=EDGE_LOOP('',(#2582,#2583,#2584,#2585,#2586));
#822=EDGE_LOOP('',(#2587,#2588,#2589,#2590,#2591));
#823=EDGE_LOOP('',(#2592,#2593,#2594,#2595,#2596));
#824=EDGE_LOOP('',(#2597,#2598,#2599,#2600,#2601));
#825=EDGE_LOOP('',(#2602,#2603,#2604,#2605,#2606));
#826=EDGE_LOOP('',(#2607,#2608,#2609,#2610,#2611,#2612,#2613));
#827=EDGE_LOOP('',(#2614,#2615,#2616,#2617));
#828=EDGE_LOOP('',(#2618,#2619,#2620,#2621));
#829=EDGE_LOOP('',(#2622,#2623,#2624,#2625));
#830=EDGE_LOOP('',(#2626,#2627,#2628,#2629,#2630,#2631,#2632,#2633));
#831=EDGE_LOOP('',(#2634,#2635,#2636,#2637,#2638,#2639));
#832=EDGE_LOOP('',(#2640,#2641,#2642,#2643,#2644,#2645,#2646,#2647));
#833=EDGE_LOOP('',(#2648,#2649,#2650,#2651,#2652));
#834=EDGE_LOOP('',(#2653,#2654,#2655,#2656,#2657,#2658,#2659,#2660));
#835=EDGE_LOOP('',(#2661,#2662,#2663,#2664,#2665));
#836=EDGE_LOOP('',(#2666,#2667,#2668,#2669,#2670,#2671));
#837=EDGE_LOOP('',(#2672,#2673,#2674,#2675,#2676));
#838=EDGE_LOOP('',(#2677,#2678,#2679,#2680,#2681,#2682));
#839=EDGE_LOOP('',(#2683,#2684,#2685,#2686,#2687));
#840=EDGE_LOOP('',(#2688,#2689,#2690,#2691,#2692));
#841=EDGE_LOOP('',(#2693,#2694,#2695,#2696,#2697));
#842=EDGE_LOOP('',(#2698,#2699,#2700,#2701));
#843=EDGE_LOOP('',(#2702,#2703,#2704,#2705,#2706));
#844=EDGE_LOOP('',(#2707,#2708,#2709,#2710,#2711,#2712,#2713,#2714,#2715));
#845=EDGE_LOOP('',(#2716,#2717,#2718,#2719,#2720));
#846=EDGE_LOOP('',(#2721,#2722,#2723,#2724,#2725,#2726,#2727,#2728));
#847=EDGE_LOOP('',(#2729,#2730,#2731,#2732,#2733,#2734,#2735,#2736));
#848=EDGE_LOOP('',(#2737,#2738,#2739,#2740,#2741,#2742));
#849=EDGE_LOOP('',(#2743,#2744,#2745,#2746,#2747));
#850=EDGE_LOOP('',(#2748,#2749,#2750,#2751,#2752));
#851=EDGE_LOOP('',(#2753,#2754,#2755,#2756));
#852=EDGE_LOOP('',(#2757,#2758,#2759,#2760,#2761));
#853=EDGE_LOOP('',(#2762,#2763,#2764,#2765,#2766));
#854=EDGE_LOOP('',(#2767,#2768,#2769,#2770,#2771));
#855=EDGE_LOOP('',(#2772,#2773,#2774,#2775,#2776,#2777,#2778,#2779,#2780,
#2781));
#856=EDGE_LOOP('',(#2782,#2783,#2784,#2785,#2786,#2787,#2788,#2789,#2790));
#857=EDGE_LOOP('',(#2791,#2792,#2793,#2794,#2795));
#858=EDGE_LOOP('',(#2796,#2797,#2798,#2799,#2800));
#859=EDGE_LOOP('',(#2801,#2802,#2803,#2804,#2805,#2806));
#860=EDGE_LOOP('',(#2807,#2808,#2809,#2810,#2811,#2812));
#861=EDGE_LOOP('',(#2813,#2814,#2815,#2816,#2817));
#862=EDGE_LOOP('',(#2818,#2819,#2820,#2821,#2822));
#863=EDGE_LOOP('',(#2823,#2824,#2825,#2826,#2827));
#864=EDGE_LOOP('',(#2828,#2829,#2830,#2831,#2832));
#865=EDGE_LOOP('',(#2833,#2834,#2835,#2836,#2837,#2838));
#866=EDGE_LOOP('',(#2839,#2840,#2841,#2842,#2843));
#867=EDGE_LOOP('',(#2844,#2845,#2846,#2847,#2848,#2849));
#868=EDGE_LOOP('',(#2850,#2851,#2852,#2853,#2854));
#869=EDGE_LOOP('',(#2855,#2856,#2857,#2858,#2859));
#870=EDGE_LOOP('',(#2860,#2861,#2862,#2863,#2864));
#871=EDGE_LOOP('',(#2865,#2866,#2867,#2868));
#872=EDGE_LOOP('',(#2869,#2870,#2871,#2872,#2873,#2874,#2875,#2876));
#873=EDGE_LOOP('',(#2877,#2878,#2879,#2880,#2881,#2882,#2883,#2884));
#874=EDGE_LOOP('',(#2885,#2886,#2887,#2888,#2889,#2890,#2891,#2892));
#875=EDGE_LOOP('',(#2893,#2894,#2895,#2896,#2897,#2898,#2899,#2900));
#876=EDGE_LOOP('',(#2901,#2902,#2903,#2904,#2905));
#877=EDGE_LOOP('',(#2906,#2907,#2908,#2909,#2910,#2911));
#878=EDGE_LOOP('',(#2912,#2913,#2914,#2915,#2916,#2917,#2918,#2919,#2920,
#2921,#2922,#2923,#2924,#2925,#2926,#2927,#2928,#2929,#2930,#2931,#2932,
#2933,#2934));
#879=EDGE_LOOP('',(#2935,#2936,#2937,#2938,#2939,#2940,#2941,#2942,#2943,
#2944,#2945));
#880=EDGE_LOOP('',(#2946,#2947,#2948,#2949,#2950,#2951,#2952,#2953));
#881=EDGE_LOOP('',(#2954,#2955,#2956,#2957,#2958,#2959,#2960,#2961,#2962));
#882=EDGE_LOOP('',(#2963,#2964,#2965,#2966,#2967,#2968,#2969,#2970));
#883=EDGE_LOOP('',(#2971,#2972,#2973,#2974,#2975,#2976,#2977,#2978,#2979,
#2980,#2981,#2982));
#884=EDGE_LOOP('',(#2983,#2984,#2985,#2986,#2987,#2988,#2989));
#885=EDGE_LOOP('',(#2990,#2991,#2992,#2993,#2994,#2995,#2996,#2997,#2998,
#2999,#3000,#3001,#3002,#3003,#3004,#3005));
#886=EDGE_LOOP('',(#3006,#3007,#3008,#3009,#3010,#3011,#3012,#3013,#3014,
#3015,#3016,#3017,#3018));
#887=EDGE_LOOP('',(#3019,#3020,#3021,#3022,#3023,#3024,#3025,#3026));
#888=EDGE_LOOP('',(#3027,#3028,#3029,#3030,#3031,#3032,#3033,#3034,#3035,
#3036,#3037,#3038,#3039,#3040,#3041,#3042,#3043,#3044,#3045,#3046));
#889=EDGE_LOOP('',(#3047,#3048,#3049,#3050,#3051));
#890=EDGE_LOOP('',(#3052,#3053,#3054,#3055,#3056));
#891=EDGE_LOOP('',(#3057,#3058,#3059,#3060,#3061));
#892=EDGE_LOOP('',(#3062,#3063,#3064,#3065,#3066,#3067));
#893=EDGE_LOOP('',(#3068,#3069,#3070,#3071,#3072));
#894=EDGE_LOOP('',(#3073,#3074,#3075,#3076,#3077));
#895=EDGE_LOOP('',(#3078,#3079,#3080,#3081,#3082));
#896=EDGE_LOOP('',(#3083,#3084,#3085,#3086,#3087));
#897=EDGE_LOOP('',(#3088,#3089,#3090,#3091,#3092));
#898=EDGE_LOOP('',(#3093,#3094,#3095,#3096,#3097,#3098,#3099,#3100));
#899=EDGE_LOOP('',(#3101,#3102,#3103,#3104,#3105,#3106,#3107,#3108));
#900=EDGE_LOOP('',(#3109,#3110,#3111,#3112,#3113,#3114,#3115,#3116));
#901=EDGE_LOOP('',(#3117,#3118,#3119,#3120,#3121,#3122,#3123,#3124));
#902=EDGE_LOOP('',(#3125,#3126,#3127,#3128,#3129,#3130,#3131,#3132));
#903=EDGE_LOOP('',(#3133,#3134,#3135,#3136,#3137,#3138,#3139,#3140));
#904=EDGE_LOOP('',(#3141,#3142,#3143,#3144,#3145));
#905=EDGE_LOOP('',(#3146,#3147,#3148,#3149,#3150,#3151));
#906=EDGE_LOOP('',(#3152,#3153,#3154,#3155,#3156));
#907=EDGE_LOOP('',(#3157,#3158,#3159,#3160,#3161));
#908=EDGE_LOOP('',(#3162,#3163,#3164,#3165,#3166));
#909=EDGE_LOOP('',(#3167,#3168,#3169,#3170,#3171));
#910=EDGE_LOOP('',(#3172,#3173,#3174,#3175,#3176));
#911=EDGE_LOOP('',(#3177,#3178,#3179,#3180,#3181,#3182,#3183));
#912=EDGE_LOOP('',(#3184,#3185,#3186,#3187));
#913=EDGE_LOOP('',(#3188,#3189,#3190,#3191));
#914=EDGE_LOOP('',(#3192,#3193,#3194,#3195));
#915=EDGE_LOOP('',(#3196,#3197,#3198,#3199,#3200,#3201,#3202,#3203));
#916=EDGE_LOOP('',(#3204,#3205,#3206,#3207,#3208,#3209));
#917=EDGE_LOOP('',(#3210,#3211,#3212,#3213,#3214,#3215,#3216,#3217));
#918=EDGE_LOOP('',(#3218,#3219,#3220,#3221,#3222));
#919=EDGE_LOOP('',(#3223,#3224,#3225,#3226,#3227,#3228,#3229,#3230));
#920=EDGE_LOOP('',(#3231,#3232,#3233,#3234,#3235));
#921=EDGE_LOOP('',(#3236,#3237,#3238,#3239,#3240,#3241));
#922=EDGE_LOOP('',(#3242,#3243,#3244,#3245,#3246));
#923=EDGE_LOOP('',(#3247,#3248,#3249,#3250,#3251,#3252));
#924=EDGE_LOOP('',(#3253,#3254,#3255,#3256,#3257));
#925=EDGE_LOOP('',(#3258,#3259,#3260,#3261,#3262));
#926=EDGE_LOOP('',(#3263,#3264,#3265,#3266,#3267));
#927=EDGE_LOOP('',(#3268,#3269,#3270,#3271));
#928=EDGE_LOOP('',(#3272,#3273,#3274,#3275,#3276));
#929=EDGE_LOOP('',(#3277,#3278,#3279,#3280,#3281,#3282,#3283,#3284,#3285));
#930=EDGE_LOOP('',(#3286,#3287,#3288,#3289,#3290));
#931=EDGE_LOOP('',(#3291,#3292,#3293,#3294,#3295,#3296,#3297,#3298));
#932=EDGE_LOOP('',(#3299,#3300,#3301,#3302,#3303,#3304,#3305,#3306));
#933=EDGE_LOOP('',(#3307,#3308,#3309,#3310,#3311,#3312));
#934=EDGE_LOOP('',(#3313,#3314,#3315,#3316,#3317));
#935=EDGE_LOOP('',(#3318,#3319,#3320,#3321,#3322));
#936=EDGE_LOOP('',(#3323,#3324,#3325,#3326));
#937=EDGE_LOOP('',(#3327,#3328,#3329,#3330,#3331));
#938=EDGE_LOOP('',(#3332,#3333,#3334,#3335,#3336));
#939=EDGE_LOOP('',(#3337,#3338,#3339,#3340,#3341));
#940=EDGE_LOOP('',(#3342,#3343,#3344,#3345,#3346,#3347,#3348,#3349,#3350,
#3351));
#941=EDGE_LOOP('',(#3352,#3353,#3354,#3355,#3356,#3357,#3358,#3359,#3360));
#942=EDGE_LOOP('',(#3361,#3362,#3363,#3364,#3365));
#943=EDGE_LOOP('',(#3366,#3367,#3368,#3369,#3370));
#944=EDGE_LOOP('',(#3371,#3372,#3373,#3374,#3375,#3376));
#945=EDGE_LOOP('',(#3377,#3378,#3379,#3380,#3381,#3382));
#946=EDGE_LOOP('',(#3383,#3384,#3385,#3386,#3387));
#947=EDGE_LOOP('',(#3388,#3389,#3390,#3391,#3392));
#948=EDGE_LOOP('',(#3393,#3394,#3395,#3396,#3397));
#949=EDGE_LOOP('',(#3398,#3399,#3400,#3401,#3402));
#950=EDGE_LOOP('',(#3403,#3404,#3405,#3406,#3407,#3408));
#951=EDGE_LOOP('',(#3409,#3410,#3411,#3412,#3413));
#952=EDGE_LOOP('',(#3414,#3415,#3416,#3417,#3418,#3419));
#953=EDGE_LOOP('',(#3420,#3421,#3422,#3423,#3424));
#954=EDGE_LOOP('',(#3425,#3426,#3427,#3428,#3429));
#955=EDGE_LOOP('',(#3430,#3431,#3432,#3433,#3434));
#956=EDGE_LOOP('',(#3435,#3436,#3437,#3438));
#957=EDGE_LOOP('',(#3439,#3440,#3441,#3442,#3443,#3444,#3445,#3446));
#958=EDGE_LOOP('',(#3447,#3448,#3449,#3450,#3451,#3452,#3453,#3454));
#959=EDGE_LOOP('',(#3455,#3456,#3457,#3458,#3459,#3460,#3461,#3462));
#960=EDGE_LOOP('',(#3463,#3464,#3465,#3466,#3467,#3468,#3469,#3470));
#961=EDGE_LOOP('',(#3471,#3472,#3473,#3474,#3475));
#962=EDGE_LOOP('',(#3476,#3477,#3478,#3479,#3480,#3481));
#963=EDGE_LOOP('',(#3482,#3483,#3484,#3485,#3486,#3487,#3488,#3489));
#964=EDGE_LOOP('',(#3490,#3491,#3492,#3493,#3494,#3495,#3496,#3497));
#965=EDGE_LOOP('',(#3498,#3499,#3500,#3501,#3502,#3503,#3504,#3505,#3506,
#3507,#3508,#3509));
#966=EDGE_LOOP('',(#3510,#3511,#3512,#3513,#3514,#3515,#3516,#3517,#3518,
#3519,#3520,#3521));
#967=LINE('',#4805,#1101);
#968=LINE('',#4836,#1102);
#969=LINE('',#4870,#1103);
#970=LINE('',#4974,#1104);
#971=LINE('',#4981,#1105);
#972=LINE('',#5083,#1106);
#973=LINE('',#5090,#1107);
#974=LINE('',#5194,#1108);
#975=LINE('',#5201,#1109);
#976=LINE('',#5234,#1110);
#977=LINE('',#5245,#1111);
#978=LINE('',#5826,#1112);
#979=LINE('',#6375,#1113);
#980=LINE('',#6394,#1114);
#981=LINE('',#6660,#1115);
#982=LINE('',#6680,#1116);
#983=LINE('',#6682,#1117);
#984=LINE('',#6701,#1118);
#985=LINE('',#6704,#1119);
#986=LINE('',#6706,#1120);
#987=LINE('',#6718,#1121);
#988=LINE('',#6720,#1122);
#989=LINE('',#6730,#1123);
#990=LINE('',#7025,#1124);
#991=LINE('',#7101,#1125);
#992=LINE('',#7114,#1126);
#993=LINE('',#7138,#1127);
#994=LINE('',#7139,#1128);
#995=LINE('',#7175,#1129);
#996=LINE('',#7257,#1130);
#997=LINE('',#7259,#1131);
#998=LINE('',#7341,#1132);
#999=LINE('',#7343,#1133);
#1000=LINE('',#7443,#1134);
#1001=LINE('',#7448,#1135);
#1002=LINE('',#7465,#1136);
#1003=LINE('',#7472,#1137);
#1004=LINE('',#7473,#1138);
#1005=LINE('',#7494,#1139);
#1006=LINE('',#7502,#1140);
#1007=LINE('',#7504,#1141);
#1008=LINE('',#7514,#1142);
#1009=LINE('',#7525,#1143);
#1010=LINE('',#7528,#1144);
#1011=LINE('',#7547,#1145);
#1012=LINE('',#7548,#1146);
#1013=LINE('',#7550,#1147);
#1014=LINE('',#7552,#1148);
#1015=LINE('',#7554,#1149);
#1016=LINE('',#7556,#1150);
#1017=LINE('',#7575,#1151);
#1018=LINE('',#7578,#1152);
#1019=LINE('',#7580,#1153);
#1020=LINE('',#7586,#1154);
#1021=LINE('',#7589,#1155);
#1022=LINE('',#7604,#1156);
#1023=LINE('',#7613,#1157);
#1024=LINE('',#7619,#1158);
#1025=LINE('',#7630,#1159);
#1026=LINE('',#7631,#1160);
#1027=LINE('',#7633,#1161);
#1028=LINE('',#7642,#1162);
#1029=LINE('',#7659,#1163);
#1030=LINE('',#7667,#1164);
#1031=LINE('',#7685,#1165);
#1032=LINE('',#7687,#1166);
#1033=LINE('',#7693,#1167);
#1034=LINE('',#7695,#1168);
#1035=LINE('',#7793,#1169);
#1036=LINE('',#8112,#1170);
#1037=LINE('',#8321,#1171);
#1038=LINE('',#8416,#1172);
#1039=LINE('',#8497,#1173);
#1040=LINE('',#8616,#1174);
#1041=LINE('',#8636,#1175);
#1042=LINE('',#8637,#1176);
#1043=LINE('',#8640,#1177);
#1044=LINE('',#8651,#1178);
#1045=LINE('',#8654,#1179);
#1046=LINE('',#8663,#1180);
#1047=LINE('',#8666,#1181);
#1048=LINE('',#8675,#1182);
#1049=LINE('',#8678,#1183);
#1050=LINE('',#8687,#1184);
#1051=LINE('',#8690,#1185);
#1052=LINE('',#8692,#1186);
#1053=LINE('',#8707,#1187);
#1054=LINE('',#8736,#1188);
#1055=LINE('',#8871,#1189);
#1056=LINE('',#8985,#1190);
#1057=LINE('',#9016,#1191);
#1058=LINE('',#9034,#1192);
#1059=LINE('',#9035,#1193);
#1060=LINE('',#9062,#1194);
#1061=LINE('',#9064,#1195);
#1062=LINE('',#9070,#1196);
#1063=LINE('',#9072,#1197);
#1064=LINE('',#9078,#1198);
#1065=LINE('',#9080,#1199);
#1066=LINE('',#9089,#1200);
#1067=LINE('',#9091,#1201);
#1068=LINE('',#9135,#1202);
#1069=LINE('',#9137,#1203);
#1070=LINE('',#9164,#1204);
#1071=LINE('',#9167,#1205);
#1072=LINE('',#9176,#1206);
#1073=LINE('',#9179,#1207);
#1074=LINE('',#9190,#1208);
#1075=LINE('',#9242,#1209);
#1076=LINE('',#9248,#1210);
#1077=LINE('',#9249,#1211);
#1078=LINE('',#9251,#1212);
#1079=LINE('',#9253,#1213);
#1080=LINE('',#9255,#1214);
#1081=LINE('',#9257,#1215);
#1082=LINE('',#9276,#1216);
#1083=LINE('',#9279,#1217);
#1084=LINE('',#9284,#1218);
#1085=LINE('',#9287,#1219);
#1086=LINE('',#9290,#1220);
#1087=LINE('',#9305,#1221);
#1088=LINE('',#9317,#1222);
#1089=LINE('',#9323,#1223);
#1090=LINE('',#9331,#1224);
#1091=LINE('',#9332,#1225);
#1092=LINE('',#9334,#1226);
#1093=LINE('',#9343,#1227);
#1094=LINE('',#9366,#1228);
#1095=LINE('',#9389,#1229);
#1096=LINE('',#9392,#1230);
#1097=LINE('',#9397,#1231);
#1098=LINE('',#9400,#1232);
#1099=LINE('',#9415,#1233);
#1100=LINE('',#9500,#1234);
#1101=VECTOR('',#4050,10.);
#1102=VECTOR('',#4057,10.);
#1103=VECTOR('',#4068,10.);
#1104=VECTOR('',#4069,9.97523675488353);
#1105=VECTOR('',#4070,9.94382946252939);
#1106=VECTOR('',#4073,9.97523716995381);
#1107=VECTOR('',#4074,9.94382987563142);
#1108=VECTOR('',#4077,9.97523707455667);
#1109=VECTOR('',#4078,9.94382965250256);
#1110=VECTOR('',#4087,9.96666957806886);
#1111=VECTOR('',#4092,10.);
#1112=VECTOR('',#4113,11.2246042430051);
#1113=VECTOR('',#4126,11.1235330455113);
#1114=VECTOR('',#4131,10.6281709409121);
#1115=VECTOR('',#4144,10.4272203150887);
#1116=VECTOR('',#4147,9.97523724195021);
#1117=VECTOR('',#4148,9.50000000000006);
#1118=VECTOR('',#4149,9.97525217743739);
#1119=VECTOR('',#4152,9.94382960774758);
#1120=VECTOR('',#4153,9.97523695725581);
#1121=VECTOR('',#4158,9.94383017503867);
#1122=VECTOR('',#4159,9.97523738087618);
#1123=VECTOR('',#4164,9.94383030018789);
#1124=VECTOR('',#4183,9.96664604583346);
#1125=VECTOR('',#4202,9.96664599257905);
#1126=VECTOR('',#4211,9.93803675558153);
#1127=VECTOR('',#4216,9.96664625288205);
#1128=VECTOR('',#4217,9.94382897652001);
#1129=VECTOR('',#4226,9.9752374293365);
#1130=VECTOR('',#4227,9.97523695312555);
#1131=VECTOR('',#4230,9.9752368262567);
#1132=VECTOR('',#4231,9.97523725259703);
#1133=VECTOR('',#4234,9.97523710155917);
#1134=VECTOR('',#4235,9.9752369287808);
#1135=VECTOR('',#4242,9.98657261482731);
#1136=VECTOR('',#4245,9.98657302058212);
#1137=VECTOR('',#4252,9.95218377498529);
#1138=VECTOR('',#4253,9.98657931243415);
#1139=VECTOR('',#4256,9.98657283103942);
#1140=VECTOR('',#4259,9.95218416498388);
#1141=VECTOR('',#4260,9.9865726055086);
#1142=VECTOR('',#4265,9.98657901881577);
#1143=VECTOR('',#4268,9.95218356413586);
#1144=VECTOR('',#4271,9.98657278034766);
#1145=VECTOR('',#4280,9.99193933297184);
#1146=VECTOR('',#4281,9.991939159595);
#1147=VECTOR('',#4284,9.99193905245844);
#1148=VECTOR('',#4287,9.99193899371829);
#1149=VECTOR('',#4290,9.99193929386087);
#1150=VECTOR('',#4293,9.99194388064931);
#1151=VECTOR('',#4306,9.99773947426206);
#1152=VECTOR('',#4309,9.95940122126311);
#1153=VECTOR('',#4310,9.99773947175311);
#1154=VECTOR('',#4317,9.99774135151636);
#1155=VECTOR('',#4320,9.9594015451906);
#1156=VECTOR('',#4331,9.99954990382227);
#1157=VECTOR('',#4336,9.99955008853357);
#1158=VECTOR('',#4343,9.99954998761655);
#1159=VECTOR('',#4358,9.99774053409623);
#1160=VECTOR('',#4359,9.99774080226072);
#1161=VECTOR('',#4362,9.99774011302038);
#1162=VECTOR('',#4369,9.99193912542939);
#1163=VECTOR('',#4372,9.99194339097619);
#1164=VECTOR('',#4375,9.99193945194961);
#1165=VECTOR('',#4378,9.95567806069154);
#1166=VECTOR('',#4379,9.99193919896408);
#1167=VECTOR('',#4386,9.95567839242028);
#1168=VECTOR('',#4387,9.99193908793104);
#1169=VECTOR('',#4402,9.95218299053688);
#1170=VECTOR('',#4433,10.);
#1171=VECTOR('',#4454,10.);
#1172=VECTOR('',#4463,10.);
#1173=VECTOR('',#4476,10.);
#1174=VECTOR('',#4479,10.);
#1175=VECTOR('',#4480,10.);
#1176=VECTOR('',#4481,10.);
#1177=VECTOR('',#4484,10.);
#1178=VECTOR('',#4487,10.);
#1179=VECTOR('',#4490,10.);
#1180=VECTOR('',#4493,10.);
#1181=VECTOR('',#4496,10.);
#1182=VECTOR('',#4499,10.);
#1183=VECTOR('',#4502,10.);
#1184=VECTOR('',#4505,10.);
#1185=VECTOR('',#4508,10.);
#1186=VECTOR('',#4509,10.);
#1187=VECTOR('',#4514,10.);
#1188=VECTOR('',#4525,10.);
#1189=VECTOR('',#4546,10.);
#1190=VECTOR('',#4577,10.);
#1191=VECTOR('',#4582,10.);
#1192=VECTOR('',#4589,10.);
#1193=VECTOR('',#4590,10.);
#1194=VECTOR('',#4603,10.);
#1195=VECTOR('',#4606,10.);
#1196=VECTOR('',#4609,10.);
#1197=VECTOR('',#4612,10.);
#1198=VECTOR('',#4615,10.);
#1199=VECTOR('',#4618,10.);
#1200=VECTOR('',#4625,10.);
#1201=VECTOR('',#4626,10.);
#1202=VECTOR('',#4633,10.);
#1203=VECTOR('',#4634,10.);
#1204=VECTOR('',#4639,10.);
#1205=VECTOR('',#4642,10.);
#1206=VECTOR('',#4645,10.);
#1207=VECTOR('',#4648,10.);
#1208=VECTOR('',#4651,10.);
#1209=VECTOR('',#4654,10.);
#1210=VECTOR('',#4663,10.);
#1211=VECTOR('',#4664,10.);
#1212=VECTOR('',#4667,10.);
#1213=VECTOR('',#4670,10.);
#1214=VECTOR('',#4673,10.);
#1215=VECTOR('',#4676,10.);
#1216=VECTOR('',#4689,10.);
#1217=VECTOR('',#4692,10.);
#1218=VECTOR('',#4697,10.);
#1219=VECTOR('',#4700,10.);
#1220=VECTOR('',#4703,10.);
#1221=VECTOR('',#4714,10.);
#1222=VECTOR('',#4723,10.);
#1223=VECTOR('',#4730,10.);
#1224=VECTOR('',#4741,10.);
#1225=VECTOR('',#4742,10.);
#1226=VECTOR('',#4745,10.);
#1227=VECTOR('',#4752,10.);
#1228=VECTOR('',#4755,10.);
#1229=VECTOR('',#4758,10.);
#1230=VECTOR('',#4761,10.);
#1231=VECTOR('',#4766,10.);
#1232=VECTOR('',#4769,10.);
#1233=VECTOR('',#4770,10.);
#1234=VECTOR('',#4785,10.);
#1235=ELLIPSE('',#3740,9.62151681168435,9.62150030047057);
#1236=ELLIPSE('',#3741,9.62151681168435,9.62150030047057);
#1237=ELLIPSE('',#3742,9.62134416918168,9.62132911595908);
#1238=ELLIPSE('',#3743,9.62134416918168,9.62132911595908);
#1239=ELLIPSE('',#3747,9.62126258014222,9.62124701739076);
#1240=ELLIPSE('',#3748,9.62126258014222,9.62124701739076);
#1241=ELLIPSE('',#3749,10.2379267093253,10.2035882982121);
#1242=ELLIPSE('',#3750,10.2647336450733,10.2305698235935);
#1243=ELLIPSE('',#3751,10.2177040823637,10.1840334900763);
#1244=ELLIPSE('',#3753,9.62170958376856,9.62169623728195);
#1245=ELLIPSE('',#3755,9.63477481092359,9.63350174479651);
#1246=ELLIPSE('',#3756,9.63477481092359,9.63350174479651);
#1247=ELLIPSE('',#3757,9.66318761706002,9.6578855705245);
#1248=ELLIPSE('',#3758,9.66318761706002,9.6578855705245);
#1249=ELLIPSE('',#3759,9.62134858990088,9.62133100593307);
#1250=ELLIPSE('',#3760,9.62134858990088,9.62133100593307);
#1251=ELLIPSE('',#3783,10.2416101756782,10.2061899262398);
#1252=ELLIPSE('',#3785,10.2410609782528,10.2061899262398);
#1253=ELLIPSE('',#3787,10.2377425431851,10.2031886020769);
#1254=ELLIPSE('',#3796,10.1145882382152,10.1143894127893);
#1255=ELLIPSE('',#3798,10.5253384182535,10.4905149182486);
#1256=ELLIPSE('',#3801,10.5505886307017,10.5149516303972);
#1257=ELLIPSE('',#3805,10.5521312933946,10.5159341644505);
#1258=ELLIPSE('',#3810,10.1839187114378,9.94817262448168);
#1259=ELLIPSE('',#3813,10.0802915273941,10.0801563715346);
#1260=ELLIPSE('',#3820,11.1210015027542,11.1135988008254);
#1261=ELLIPSE('',#3823,11.1206952011163,11.1132927030774);
#1262=ELLIPSE('',#3826,10.9984034983987,10.9970954123873);
#1263=ELLIPSE('',#3831,10.9234196722819,10.9231714781812);
#1264=ELLIPSE('',#3832,10.9232352112337,10.9229870213242);
#1265=ELLIPSE('',#3840,11.345269023294,11.3451938744735);
#1266=ELLIPSE('',#3843,11.3467719859031,11.3466968271273);
#1267=ELLIPSE('',#3845,11.346759840005,11.346696871108);
#1268=ELLIPSE('',#3846,11.3474598867165,11.3473847233842);
#1269=ELLIPSE('',#3848,11.3460814980808,11.3460185329483);
#1270=ELLIPSE('',#3851,11.3445939141391,11.3445309572619);
#1271=ELLIPSE('',#3870,10.9154789193853,10.9154289353963);
#1272=ELLIPSE('',#3873,10.7753893972844,10.7672019931687);
#1273=ELLIPSE('',#3874,10.7927249045151,10.785521555257);
#1274=ELLIPSE('',#3943,10.1279698904022,10.1279544263491);
#1275=ELLIPSE('',#3945,10.1276448212023,10.1276284393587);
#1276=ELLIPSE('',#3953,10.1277307044018,10.1277148589043);
#1277=ELLIPSE('',#3956,10.127912433352,10.1278950531269);
#1278=ELLIPSE('',#3960,10.1277353577904,10.1277168483506);
#1279=ELLIPSE('',#3964,10.7199144330925,10.4717606573491);
#1280=ELLIPSE('',#3966,10.1717764390105,10.1661953373942);
#1281=ELLIPSE('',#3968,10.1418682220248,10.1405281524174);
#1282=VERTEX_POINT('',#4801);
#1283=VERTEX_POINT('',#4802);
#1284=VERTEX_POINT('',#4804);
#1285=VERTEX_POINT('',#4815);
#1286=VERTEX_POINT('',#4832);
#1287=VERTEX_POINT('',#4834);
#1288=VERTEX_POINT('',#4838);
#1289=VERTEX_POINT('',#4849);
#1290=VERTEX_POINT('',#4866);
#1291=VERTEX_POINT('',#4868);
#1292=VERTEX_POINT('',#4952);
#1293=VERTEX_POINT('',#4953);
#1294=VERTEX_POINT('',#4962);
#1295=VERTEX_POINT('',#4967);
#1296=VERTEX_POINT('',#4973);
#1297=VERTEX_POINT('',#4975);
#1298=VERTEX_POINT('',#4980);
#1299=VERTEX_POINT('',#4982);
#1300=VERTEX_POINT('',#5069);
#1301=VERTEX_POINT('',#5076);
#1302=VERTEX_POINT('',#5082);
#1303=VERTEX_POINT('',#5084);
#1304=VERTEX_POINT('',#5089);
#1305=VERTEX_POINT('',#5091);
#1306=VERTEX_POINT('',#5178);
#1307=VERTEX_POINT('',#5187);
#1308=VERTEX_POINT('',#5193);
#1309=VERTEX_POINT('',#5195);
#1310=VERTEX_POINT('',#5200);
#1311=VERTEX_POINT('',#5202);
#1312=VERTEX_POINT('',#5209);
#1313=VERTEX_POINT('',#5211);
#1314=VERTEX_POINT('',#5213);
#1315=VERTEX_POINT('',#5241);
#1316=VERTEX_POINT('',#5243);
#1317=VERTEX_POINT('',#5252);
#1318=VERTEX_POINT('',#5263);
#1319=VERTEX_POINT('',#5264);
#1320=VERTEX_POINT('',#5382);
#1321=VERTEX_POINT('',#5383);
#1322=VERTEX_POINT('',#5391);
#1323=VERTEX_POINT('',#5396);
#1324=VERTEX_POINT('',#5402);
#1325=VERTEX_POINT('',#5407);
#1326=VERTEX_POINT('',#5412);
#1327=VERTEX_POINT('',#5420);
#1328=VERTEX_POINT('',#5425);
#1329=VERTEX_POINT('',#5433);
#1330=VERTEX_POINT('',#5441);
#1331=VERTEX_POINT('',#5446);
#1332=VERTEX_POINT('',#5454);
#1333=VERTEX_POINT('',#5459);
#1334=VERTEX_POINT('',#5474);
#1335=VERTEX_POINT('',#5482);
#1336=VERTEX_POINT('',#5490);
#1337=VERTEX_POINT('',#5498);
#1338=VERTEX_POINT('',#5506);
#1339=VERTEX_POINT('',#5514);
#1340=VERTEX_POINT('',#5519);
#1341=VERTEX_POINT('',#5630);
#1342=VERTEX_POINT('',#5631);
#1343=VERTEX_POINT('',#5634);
#1344=VERTEX_POINT('',#5640);
#1345=VERTEX_POINT('',#5645);
#1346=VERTEX_POINT('',#5653);
#1347=VERTEX_POINT('',#5661);
#1348=VERTEX_POINT('',#5669);
#1349=VERTEX_POINT('',#5677);
#1350=VERTEX_POINT('',#5773);
#1351=VERTEX_POINT('',#5774);
#1352=VERTEX_POINT('',#5776);
#1353=VERTEX_POINT('',#5780);
#1354=VERTEX_POINT('',#5794);
#1355=VERTEX_POINT('',#5802);
#1356=VERTEX_POINT('',#5822);
#1357=VERTEX_POINT('',#5823);
#1358=VERTEX_POINT('',#5825);
#1359=VERTEX_POINT('',#5827);
#1360=VERTEX_POINT('',#5835);
#1361=VERTEX_POINT('',#5849);
#1362=VERTEX_POINT('',#5866);
#1363=VERTEX_POINT('',#5890);
#1364=VERTEX_POINT('',#5992);
#1365=VERTEX_POINT('',#5998);
#1366=VERTEX_POINT('',#6012);
#1367=VERTEX_POINT('',#6026);
#1368=VERTEX_POINT('',#6119);
#1369=VERTEX_POINT('',#6123);
#1370=VERTEX_POINT('',#6128);
#1371=VERTEX_POINT('',#6133);
#1372=VERTEX_POINT('',#6144);
#1373=VERTEX_POINT('',#6149);
#1374=VERTEX_POINT('',#6160);
#1375=VERTEX_POINT('',#6168);
#1376=VERTEX_POINT('',#6285);
#1377=VERTEX_POINT('',#6286);
#1378=VERTEX_POINT('',#6293);
#1379=VERTEX_POINT('',#6297);
#1380=VERTEX_POINT('',#6298);
#1381=VERTEX_POINT('',#6303);
#1382=VERTEX_POINT('',#6314);
#1383=VERTEX_POINT('',#6319);
#1384=VERTEX_POINT('',#6330);
#1385=VERTEX_POINT('',#6338);
#1386=VERTEX_POINT('',#6349);
#1387=VERTEX_POINT('',#6354);
#1388=VERTEX_POINT('',#6365);
#1389=VERTEX_POINT('',#6370);
#1390=VERTEX_POINT('',#6390);
#1391=VERTEX_POINT('',#6391);
#1392=VERTEX_POINT('',#6393);
#1393=VERTEX_POINT('',#6395);
#1394=VERTEX_POINT('',#6403);
#1395=VERTEX_POINT('',#6411);
#1396=VERTEX_POINT('',#6422);
#1397=VERTEX_POINT('',#6433);
#1398=VERTEX_POINT('',#6444);
#1399=VERTEX_POINT('',#6455);
#1400=VERTEX_POINT('',#6473);
#1401=VERTEX_POINT('',#6575);
#1402=VERTEX_POINT('',#6576);
#1403=VERTEX_POINT('',#6583);
#1404=VERTEX_POINT('',#6587);
#1405=VERTEX_POINT('',#6588);
#1406=VERTEX_POINT('',#6593);
#1407=VERTEX_POINT('',#6604);
#1408=VERTEX_POINT('',#6609);
#1409=VERTEX_POINT('',#6620);
#1410=VERTEX_POINT('',#6652);
#1411=VERTEX_POINT('',#6661);
#1412=VERTEX_POINT('',#6666);
#1413=VERTEX_POINT('',#6679);
#1414=VERTEX_POINT('',#6681);
#1415=VERTEX_POINT('',#6683);
#1416=VERTEX_POINT('',#6703);
#1417=VERTEX_POINT('',#6705);
#1418=VERTEX_POINT('',#6707);
#1419=VERTEX_POINT('',#6717);
#1420=VERTEX_POINT('',#6719);
#1421=VERTEX_POINT('',#6721);
#1422=VERTEX_POINT('',#6729);
#1423=VERTEX_POINT('',#6742);
#1424=VERTEX_POINT('',#6829);
#1425=VERTEX_POINT('',#6921);
#1426=VERTEX_POINT('',#7024);
#1427=VERTEX_POINT('',#7026);
#1428=VERTEX_POINT('',#7034);
#1429=VERTEX_POINT('',#7036);
#1430=VERTEX_POINT('',#7045);
#1431=VERTEX_POINT('',#7050);
#1432=VERTEX_POINT('',#7058);
#1433=VERTEX_POINT('',#7065);
#1434=VERTEX_POINT('',#7067);
#1435=VERTEX_POINT('',#7074);
#1436=VERTEX_POINT('',#7079);
#1437=VERTEX_POINT('',#7084);
#1438=VERTEX_POINT('',#7100);
#1439=VERTEX_POINT('',#7102);
#1440=VERTEX_POINT('',#7106);
#1441=VERTEX_POINT('',#7111);
#1442=VERTEX_POINT('',#7113);
#1443=VERTEX_POINT('',#7115);
#1444=VERTEX_POINT('',#7137);
#1445=VERTEX_POINT('',#7140);
#1446=VERTEX_POINT('',#7153);
#1447=VERTEX_POINT('',#7447);
#1448=VERTEX_POINT('',#7449);
#1449=VERTEX_POINT('',#7451);
#1450=VERTEX_POINT('',#7467);
#1451=VERTEX_POINT('',#7468);
#1452=VERTEX_POINT('',#7470);
#1453=VERTEX_POINT('',#7475);
#1454=VERTEX_POINT('',#7493);
#1455=VERTEX_POINT('',#7501);
#1456=VERTEX_POINT('',#7503);
#1457=VERTEX_POINT('',#7505);
#1458=VERTEX_POINT('',#7513);
#1459=VERTEX_POINT('',#7515);
#1460=VERTEX_POINT('',#7517);
#1461=VERTEX_POINT('',#7527);
#1462=VERTEX_POINT('',#7543);
#1463=VERTEX_POINT('',#7559);
#1464=VERTEX_POINT('',#7564);
#1465=VERTEX_POINT('',#7566);
#1466=VERTEX_POINT('',#7573);
#1467=VERTEX_POINT('',#7577);
#1468=VERTEX_POINT('',#7579);
#1469=VERTEX_POINT('',#7581);
#1470=VERTEX_POINT('',#7585);
#1471=VERTEX_POINT('',#7587);
#1472=VERTEX_POINT('',#7591);
#1473=VERTEX_POINT('',#7607);
#1474=VERTEX_POINT('',#7612);
#1475=VERTEX_POINT('',#7614);
#1476=VERTEX_POINT('',#7618);
#1477=VERTEX_POINT('',#7620);
#1478=VERTEX_POINT('',#7624);
#1479=VERTEX_POINT('',#7626);
#1480=VERTEX_POINT('',#7641);
#1481=VERTEX_POINT('',#7643);
#1482=VERTEX_POINT('',#7649);
#1483=VERTEX_POINT('',#7651);
#1484=VERTEX_POINT('',#7661);
#1485=VERTEX_POINT('',#7666);
#1486=VERTEX_POINT('',#7668);
#1487=VERTEX_POINT('',#7684);
#1488=VERTEX_POINT('',#7686);
#1489=VERTEX_POINT('',#7688);
#1490=VERTEX_POINT('',#7692);
#1491=VERTEX_POINT('',#7694);
#1492=VERTEX_POINT('',#7696);
#1493=VERTEX_POINT('',#7710);
#1494=VERTEX_POINT('',#7715);
#1495=VERTEX_POINT('',#7738);
#1496=VERTEX_POINT('',#7747);
#1497=VERTEX_POINT('',#7801);
#1498=VERTEX_POINT('',#7802);
#1499=VERTEX_POINT('',#7811);
#1500=VERTEX_POINT('',#7818);
#1501=VERTEX_POINT('',#7827);
#1502=VERTEX_POINT('',#7832);
#1503=VERTEX_POINT('',#7843);
#1504=VERTEX_POINT('',#7854);
#1505=VERTEX_POINT('',#7863);
#1506=VERTEX_POINT('',#7872);
#1507=VERTEX_POINT('',#7879);
#1508=VERTEX_POINT('',#7881);
#1509=VERTEX_POINT('',#7890);
#1510=VERTEX_POINT('',#7899);
#1511=VERTEX_POINT('',#7904);
#1512=VERTEX_POINT('',#7913);
#1513=VERTEX_POINT('',#7918);
#1514=VERTEX_POINT('',#7927);
#1515=VERTEX_POINT('',#7938);
#1516=VERTEX_POINT('',#7945);
#1517=VERTEX_POINT('',#7956);
#1518=VERTEX_POINT('',#7972);
#1519=VERTEX_POINT('',#7973);
#1520=VERTEX_POINT('',#7982);
#1521=VERTEX_POINT('',#7993);
#1522=VERTEX_POINT('',#8004);
#1523=VERTEX_POINT('',#8015);
#1524=VERTEX_POINT('',#8026);
#1525=VERTEX_POINT('',#8033);
#1526=VERTEX_POINT('',#8035);
#1527=VERTEX_POINT('',#8047);
#1528=VERTEX_POINT('',#8048);
#1529=VERTEX_POINT('',#8053);
#1530=VERTEX_POINT('',#8072);
#1531=VERTEX_POINT('',#8101);
#1532=VERTEX_POINT('',#8103);
#1533=VERTEX_POINT('',#8107);
#1534=VERTEX_POINT('',#8108);
#1535=VERTEX_POINT('',#8111);
#1536=VERTEX_POINT('',#8113);
#1537=VERTEX_POINT('',#8122);
#1538=VERTEX_POINT('',#8135);
#1539=VERTEX_POINT('',#8149);
#1540=VERTEX_POINT('',#8169);
#1541=VERTEX_POINT('',#8170);
#1542=VERTEX_POINT('',#8184);
#1543=VERTEX_POINT('',#8206);
#1544=VERTEX_POINT('',#8229);
#1545=VERTEX_POINT('',#8230);
#1546=VERTEX_POINT('',#8237);
#1547=VERTEX_POINT('',#8250);
#1548=VERTEX_POINT('',#8257);
#1549=VERTEX_POINT('',#8265);
#1550=VERTEX_POINT('',#8279);
#1551=VERTEX_POINT('',#8288);
#1552=VERTEX_POINT('',#8312);
#1553=VERTEX_POINT('',#8313);
#1554=VERTEX_POINT('',#8315);
#1555=VERTEX_POINT('',#8320);
#1556=VERTEX_POINT('',#8322);
#1557=VERTEX_POINT('',#8329);
#1558=VERTEX_POINT('',#8334);
#1559=VERTEX_POINT('',#8345);
#1560=VERTEX_POINT('',#8350);
#1561=VERTEX_POINT('',#8361);
#1562=VERTEX_POINT('',#8370);
#1563=VERTEX_POINT('',#8379);
#1564=VERTEX_POINT('',#8386);
#1565=VERTEX_POINT('',#8395);
#1566=VERTEX_POINT('',#8409);
#1567=VERTEX_POINT('',#8410);
#1568=VERTEX_POINT('',#8412);
#1569=VERTEX_POINT('',#8415);
#1570=VERTEX_POINT('',#8417);
#1571=VERTEX_POINT('',#8424);
#1572=VERTEX_POINT('',#8433);
#1573=VERTEX_POINT('',#8444);
#1574=VERTEX_POINT('',#8454);
#1575=VERTEX_POINT('',#8465);
#1576=VERTEX_POINT('',#8474);
#1577=VERTEX_POINT('',#8488);
#1578=VERTEX_POINT('',#8489);
#1579=VERTEX_POINT('',#8491);
#1580=VERTEX_POINT('',#8496);
#1581=VERTEX_POINT('',#8498);
#1582=VERTEX_POINT('',#8505);
#1583=VERTEX_POINT('',#8512);
#1584=VERTEX_POINT('',#8521);
#1585=VERTEX_POINT('',#8528);
#1586=VERTEX_POINT('',#8537);
#1587=VERTEX_POINT('',#8544);
#1588=VERTEX_POINT('',#8551);
#1589=VERTEX_POINT('',#8562);
#1590=VERTEX_POINT('',#8571);
#1591=VERTEX_POINT('',#8576);
#1592=VERTEX_POINT('',#8585);
#1593=VERTEX_POINT('',#8592);
#1594=VERTEX_POINT('',#8601);
#1595=VERTEX_POINT('',#8615);
#1596=VERTEX_POINT('',#8617);
#1597=VERTEX_POINT('',#8635);
#1598=VERTEX_POINT('',#8639);
#1599=VERTEX_POINT('',#8641);
#1600=VERTEX_POINT('',#8649);
#1601=VERTEX_POINT('',#8653);
#1602=VERTEX_POINT('',#8655);
#1603=VERTEX_POINT('',#8657);
#1604=VERTEX_POINT('',#8665);
#1605=VERTEX_POINT('',#8667);
#1606=VERTEX_POINT('',#8669);
#1607=VERTEX_POINT('',#8677);
#1608=VERTEX_POINT('',#8679);
#1609=VERTEX_POINT('',#8681);
#1610=VERTEX_POINT('',#8689);
#1611=VERTEX_POINT('',#8691);
#1612=VERTEX_POINT('',#8693);
#1613=VERTEX_POINT('',#8701);
#1614=VERTEX_POINT('',#8706);
#1615=VERTEX_POINT('',#8708);
#1616=VERTEX_POINT('',#8712);
#1617=VERTEX_POINT('',#8735);
#1618=VERTEX_POINT('',#8737);
#1619=VERTEX_POINT('',#8747);
#1620=VERTEX_POINT('',#8765);
#1621=VERTEX_POINT('',#8787);
#1622=VERTEX_POINT('',#8809);
#1623=VERTEX_POINT('',#8829);
#1624=VERTEX_POINT('',#8848);
#1625=VERTEX_POINT('',#8869);
#1626=VERTEX_POINT('',#8870);
#1627=VERTEX_POINT('',#8872);
#1628=VERTEX_POINT('',#8874);
#1629=VERTEX_POINT('',#8879);
#1630=VERTEX_POINT('',#8883);
#1631=VERTEX_POINT('',#8899);
#1632=VERTEX_POINT('',#8900);
#1633=VERTEX_POINT('',#8905);
#1634=VERTEX_POINT('',#8907);
#1635=VERTEX_POINT('',#8912);
#1636=VERTEX_POINT('',#8928);
#1637=VERTEX_POINT('',#8930);
#1638=VERTEX_POINT('',#8932);
#1639=VERTEX_POINT('',#8939);
#1640=VERTEX_POINT('',#8940);
#1641=VERTEX_POINT('',#8945);
#1642=VERTEX_POINT('',#8971);
#1643=VERTEX_POINT('',#8973);
#1644=VERTEX_POINT('',#8980);
#1645=VERTEX_POINT('',#8982);
#1646=VERTEX_POINT('',#8984);
#1647=VERTEX_POINT('',#8988);
#1648=VERTEX_POINT('',#8989);
#1649=VERTEX_POINT('',#8994);
#1650=VERTEX_POINT('',#9010);
#1651=VERTEX_POINT('',#9015);
#1652=VERTEX_POINT('',#9019);
#1653=VERTEX_POINT('',#9021);
#1654=VERTEX_POINT('',#9033);
#1655=VERTEX_POINT('',#9037);
#1656=VERTEX_POINT('',#9038);
#1657=VERTEX_POINT('',#9088);
#1658=VERTEX_POINT('',#9090);
#1659=VERTEX_POINT('',#9092);
#1660=VERTEX_POINT('',#9132);
#1661=VERTEX_POINT('',#9133);
#1662=VERTEX_POINT('',#9136);
#1663=VERTEX_POINT('',#9140);
#1664=VERTEX_POINT('',#9158);
#1665=VERTEX_POINT('',#9166);
#1666=VERTEX_POINT('',#9168);
#1667=VERTEX_POINT('',#9170);
#1668=VERTEX_POINT('',#9178);
#1669=VERTEX_POINT('',#9180);
#1670=VERTEX_POINT('',#9188);
#1671=VERTEX_POINT('',#9192);
#1672=VERTEX_POINT('',#9244);
#1673=VERTEX_POINT('',#9260);
#1674=VERTEX_POINT('',#9265);
#1675=VERTEX_POINT('',#9270);
#1676=VERTEX_POINT('',#9274);
#1677=VERTEX_POINT('',#9278);
#1678=VERTEX_POINT('',#9280);
#1679=VERTEX_POINT('',#9282);
#1680=VERTEX_POINT('',#9286);
#1681=VERTEX_POINT('',#9288);
#1682=VERTEX_POINT('',#9292);
#1683=VERTEX_POINT('',#9308);
#1684=VERTEX_POINT('',#9313);
#1685=VERTEX_POINT('',#9315);
#1686=VERTEX_POINT('',#9319);
#1687=VERTEX_POINT('',#9321);
#1688=VERTEX_POINT('',#9325);
#1689=VERTEX_POINT('',#9327);
#1690=VERTEX_POINT('',#9342);
#1691=VERTEX_POINT('',#9344);
#1692=VERTEX_POINT('',#9358);
#1693=VERTEX_POINT('',#9360);
#1694=VERTEX_POINT('',#9368);
#1695=VERTEX_POINT('',#9373);
#1696=VERTEX_POINT('',#9381);
#1697=VERTEX_POINT('',#9391);
#1698=VERTEX_POINT('',#9393);
#1699=VERTEX_POINT('',#9395);
#1700=VERTEX_POINT('',#9399);
#1701=VERTEX_POINT('',#9401);
#1702=VERTEX_POINT('',#9407);
#1703=VERTEX_POINT('',#9417);
#1704=VERTEX_POINT('',#9422);
#1705=VERTEX_POINT('',#9427);
#1706=VERTEX_POINT('',#9454);
#1707=EDGE_CURVE('',#1282,#1283,#1235,.T.);
#1708=EDGE_CURVE('',#1284,#1282,#967,.T.);
#1709=EDGE_CURVE('',#1283,#1284,#1236,.T.);
#1710=EDGE_CURVE('',#1283,#1285,#283,.T.);
#1711=EDGE_CURVE('',#1285,#1283,#284,.T.);
#1712=EDGE_CURVE('',#1285,#1286,#1237,.T.);
#1713=EDGE_CURVE('',#1287,#1285,#1238,.T.);
#1714=EDGE_CURVE('',#1287,#1286,#968,.T.);
#1715=EDGE_CURVE('',#1286,#1288,#180,.T.);
#1716=EDGE_CURVE('',#1288,#1287,#181,.T.);
#1717=EDGE_CURVE('',#1288,#1289,#285,.T.);
#1718=EDGE_CURVE('',#1289,#1288,#286,.T.);
#1719=EDGE_CURVE('',#1289,#1290,#1239,.T.);
#1720=EDGE_CURVE('',#1291,#1289,#1240,.T.);
#1721=EDGE_CURVE('',#1291,#1290,#969,.T.);
#1722=EDGE_CURVE('',#1292,#1293,#287,.T.);
#1723=EDGE_CURVE('',#1294,#1292,#288,.T.);
#1724=EDGE_CURVE('',#1295,#1294,#289,.T.);
#1725=EDGE_CURVE('',#1296,#1295,#970,.T.);
#1726=EDGE_CURVE('',#1297,#1296,#290,.T.);
#1727=EDGE_CURVE('',#1298,#1297,#971,.T.);
#1728=EDGE_CURVE('',#1299,#1298,#1241,.T.);
#1729=EDGE_CURVE('',#1299,#1293,#291,.T.);
#1730=EDGE_CURVE('',#1293,#1300,#292,.T.);
#1731=EDGE_CURVE('',#1301,#1299,#293,.T.);
#1732=EDGE_CURVE('',#1302,#1301,#972,.T.);
#1733=EDGE_CURVE('',#1303,#1302,#294,.T.);
#1734=EDGE_CURVE('',#1304,#1303,#973,.T.);
#1735=EDGE_CURVE('',#1305,#1304,#1242,.T.);
#1736=EDGE_CURVE('',#1305,#1300,#295,.T.);
#1737=EDGE_CURVE('',#1300,#1306,#296,.T.);
#1738=EDGE_CURVE('',#1307,#1305,#297,.T.);
#1739=EDGE_CURVE('',#1308,#1307,#974,.T.);
#1740=EDGE_CURVE('',#1309,#1308,#298,.T.);
#1741=EDGE_CURVE('',#1310,#1309,#975,.T.);
#1742=EDGE_CURVE('',#1311,#1310,#1243,.T.);
#1743=EDGE_CURVE('',#1311,#1306,#299,.T.);
#1744=EDGE_CURVE('',#1306,#1312,#1244,.T.);
#1745=EDGE_CURVE('',#1313,#1311,#182,.T.);
#1746=EDGE_CURVE('',#1314,#1313,#300,.T.);
#1747=EDGE_CURVE('',#1312,#1314,#976,.T.);
#1748=EDGE_CURVE('',#1290,#1315,#1245,.T.);
#1749=EDGE_CURVE('',#1316,#1291,#1246,.T.);
#1750=EDGE_CURVE('',#1316,#1315,#977,.T.);
#1751=EDGE_CURVE('',#1315,#1317,#1247,.T.);
#1752=EDGE_CURVE('',#1317,#1316,#1248,.T.);
#1753=EDGE_CURVE('',#1318,#1319,#301,.T.);
#1754=EDGE_CURVE('',#1319,#1318,#302,.T.);
#1755=EDGE_CURVE('',#1319,#1282,#1249,.T.);
#1756=EDGE_CURVE('',#1284,#1319,#1250,.T.);
#1757=EDGE_CURVE('',#1320,#1321,#303,.T.);
#1758=EDGE_CURVE('',#1321,#1322,#304,.T.);
#1759=EDGE_CURVE('',#1322,#1323,#35,.T.);
#1760=EDGE_CURVE('',#1323,#1324,#305,.T.);
#1761=EDGE_CURVE('',#1324,#1325,#306,.T.);
#1762=EDGE_CURVE('',#1325,#1326,#307,.T.);
#1763=EDGE_CURVE('',#1326,#1327,#308,.T.);
#1764=EDGE_CURVE('',#1327,#1328,#309,.T.);
#1765=EDGE_CURVE('',#1328,#1329,#310,.T.);
#1766=EDGE_CURVE('',#1329,#1330,#311,.T.);
#1767=EDGE_CURVE('',#1330,#1331,#312,.T.);
#1768=EDGE_CURVE('',#1331,#1332,#313,.T.);
#1769=EDGE_CURVE('',#1332,#1333,#314,.T.);
#1770=EDGE_CURVE('',#1333,#1323,#315,.T.);
#1771=EDGE_CURVE('',#1322,#1334,#316,.T.);
#1772=EDGE_CURVE('',#1334,#1335,#317,.T.);
#1773=EDGE_CURVE('',#1335,#1336,#318,.T.);
#1774=EDGE_CURVE('',#1336,#1337,#319,.T.);
#1775=EDGE_CURVE('',#1337,#1338,#320,.T.);
#1776=EDGE_CURVE('',#1338,#1339,#321,.T.);
#1777=EDGE_CURVE('',#1339,#1340,#322,.T.);
#1778=EDGE_CURVE('',#1340,#1320,#323,.T.);
#1779=EDGE_CURVE('',#1341,#1342,#183,.T.);
#1780=EDGE_CURVE('',#1342,#1341,#184,.T.);
#1781=EDGE_CURVE('',#1343,#1341,#36,.T.);
#1782=EDGE_CURVE('',#1343,#1344,#324,.T.);
#1783=EDGE_CURVE('',#1344,#1345,#325,.T.);
#1784=EDGE_CURVE('',#1345,#1346,#326,.T.);
#1785=EDGE_CURVE('',#1346,#1347,#327,.T.);
#1786=EDGE_CURVE('',#1347,#1348,#328,.T.);
#1787=EDGE_CURVE('',#1348,#1349,#329,.T.);
#1788=EDGE_CURVE('',#1349,#1343,#330,.T.);
#1789=EDGE_CURVE('',#1350,#1351,#185,.T.);
#1790=EDGE_CURVE('',#1352,#1351,#37,.T.);
#1791=EDGE_CURVE('',#1352,#1353,#331,.T.);
#1792=EDGE_CURVE('',#1353,#1354,#332,.T.);
#1793=EDGE_CURVE('',#1354,#1355,#333,.T.);
#1794=EDGE_CURVE('',#1355,#1352,#334,.T.);
#1795=EDGE_CURVE('',#1351,#1350,#186,.T.);
#1796=EDGE_CURVE('',#1356,#1357,#187,.T.);
#1797=EDGE_CURVE('',#1357,#1358,#978,.T.);
#1798=EDGE_CURVE('',#1358,#1359,#335,.T.);
#1799=EDGE_CURVE('',#1359,#1360,#336,.T.);
#1800=EDGE_CURVE('',#1360,#1361,#337,.T.);
#1801=EDGE_CURVE('',#1361,#1362,#338,.T.);
#1802=EDGE_CURVE('',#1362,#1358,#339,.T.);
#1803=EDGE_CURVE('',#1357,#1363,#188,.T.);
#1804=EDGE_CURVE('',#1363,#1356,#189,.T.);
#1805=EDGE_CURVE('',#1364,#1350,#38,.T.);
#1806=EDGE_CURVE('',#1364,#1365,#340,.T.);
#1807=EDGE_CURVE('',#1365,#1366,#341,.T.);
#1808=EDGE_CURVE('',#1366,#1367,#342,.T.);
#1809=EDGE_CURVE('',#1367,#1364,#343,.T.);
#1810=EDGE_CURVE('',#1368,#1342,#39,.T.);
#1811=EDGE_CURVE('',#1368,#1369,#344,.T.);
#1812=EDGE_CURVE('',#1369,#1370,#345,.T.);
#1813=EDGE_CURVE('',#1370,#1371,#346,.T.);
#1814=EDGE_CURVE('',#1371,#1372,#347,.T.);
#1815=EDGE_CURVE('',#1372,#1373,#348,.T.);
#1816=EDGE_CURVE('',#1373,#1374,#349,.T.);
#1817=EDGE_CURVE('',#1374,#1375,#350,.T.);
#1818=EDGE_CURVE('',#1375,#1368,#351,.T.);
#1819=EDGE_CURVE('',#1376,#1377,#190,.T.);
#1820=EDGE_CURVE('',#1377,#1363,#40,.T.);
#1821=EDGE_CURVE('',#1377,#1378,#191,.T.);
#1822=EDGE_CURVE('',#1378,#1376,#192,.T.);
#1823=EDGE_CURVE('',#1379,#1380,#352,.T.);
#1824=EDGE_CURVE('',#1380,#1381,#353,.T.);
#1825=EDGE_CURVE('',#1381,#1382,#354,.T.);
#1826=EDGE_CURVE('',#1382,#1383,#355,.T.);
#1827=EDGE_CURVE('',#1383,#1384,#356,.T.);
#1828=EDGE_CURVE('',#1384,#1385,#357,.T.);
#1829=EDGE_CURVE('',#1385,#1386,#358,.T.);
#1830=EDGE_CURVE('',#1386,#1387,#359,.T.);
#1831=EDGE_CURVE('',#1387,#1388,#360,.T.);
#1832=EDGE_CURVE('',#1388,#1389,#361,.T.);
#1833=EDGE_CURVE('',#1389,#1378,#979,.T.);
#1834=EDGE_CURVE('',#1389,#1379,#362,.T.);
#1835=EDGE_CURVE('',#1390,#1391,#193,.T.);
#1836=EDGE_CURVE('',#1391,#1392,#980,.T.);
#1837=EDGE_CURVE('',#1392,#1393,#363,.T.);
#1838=EDGE_CURVE('',#1393,#1394,#364,.T.);
#1839=EDGE_CURVE('',#1394,#1395,#365,.T.);
#1840=EDGE_CURVE('',#1395,#1396,#366,.T.);
#1841=EDGE_CURVE('',#1396,#1397,#367,.T.);
#1842=EDGE_CURVE('',#1397,#1398,#368,.T.);
#1843=EDGE_CURVE('',#1398,#1399,#369,.T.);
#1844=EDGE_CURVE('',#1399,#1392,#370,.T.);
#1845=EDGE_CURVE('',#1391,#1400,#194,.T.);
#1846=EDGE_CURVE('',#1400,#1390,#195,.T.);
#1847=EDGE_CURVE('',#1401,#1402,#196,.T.);
#1848=EDGE_CURVE('',#1402,#1400,#41,.T.);
#1849=EDGE_CURVE('',#1402,#1403,#197,.T.);
#1850=EDGE_CURVE('',#1403,#1401,#198,.T.);
#1851=EDGE_CURVE('',#1404,#1405,#371,.T.);
#1852=EDGE_CURVE('',#1405,#1406,#372,.T.);
#1853=EDGE_CURVE('',#1406,#1407,#373,.T.);
#1854=EDGE_CURVE('',#1407,#1408,#374,.T.);
#1855=EDGE_CURVE('',#1408,#1409,#375,.T.);
#1856=EDGE_CURVE('',#1409,#1309,#376,.T.);
#1857=EDGE_CURVE('',#1308,#1303,#377,.T.);
#1858=EDGE_CURVE('',#1302,#1297,#378,.T.);
#1859=EDGE_CURVE('',#1296,#1410,#379,.T.);
#1860=EDGE_CURVE('',#1410,#1403,#981,.T.);
#1861=EDGE_CURVE('',#1410,#1411,#380,.T.);
#1862=EDGE_CURVE('',#1411,#1412,#381,.T.);
#1863=EDGE_CURVE('',#1412,#1404,#382,.T.);
#1864=EDGE_CURVE('',#1407,#1413,#982,.T.);
#1865=EDGE_CURVE('',#1413,#1414,#983,.T.);
#1866=EDGE_CURVE('',#1414,#1415,#383,.T.);
#1867=EDGE_CURVE('',#1415,#1408,#984,.T.);
#1868=EDGE_CURVE('',#1416,#1406,#985,.T.);
#1869=EDGE_CURVE('',#1405,#1417,#986,.T.);
#1870=EDGE_CURVE('',#1417,#1418,#1251,.T.);
#1871=EDGE_CURVE('',#1418,#1416,#384,.T.);
#1872=EDGE_CURVE('',#1419,#1404,#987,.T.);
#1873=EDGE_CURVE('',#1412,#1420,#988,.T.);
#1874=EDGE_CURVE('',#1420,#1421,#385,.T.);
#1875=EDGE_CURVE('',#1421,#1419,#1252,.T.);
#1876=EDGE_CURVE('',#1422,#1411,#989,.T.);
#1877=EDGE_CURVE('',#1294,#1422,#1253,.T.);
#1878=EDGE_CURVE('',#1409,#1313,#386,.T.);
#1879=EDGE_CURVE('',#1415,#1314,#199,.T.);
#1880=EDGE_CURVE('',#1312,#1423,#200,.T.);
#1881=EDGE_CURVE('',#1414,#1423,#387,.T.);
#1882=EDGE_CURVE('',#1423,#1424,#388,.T.);
#1883=EDGE_CURVE('',#1418,#1424,#389,.T.);
#1884=EDGE_CURVE('',#1424,#1425,#390,.T.);
#1885=EDGE_CURVE('',#1421,#1425,#391,.T.);
#1886=EDGE_CURVE('',#1425,#1292,#392,.T.);
#1887=EDGE_CURVE('',#1289,#1426,#990,.T.);
#1888=EDGE_CURVE('',#1426,#1427,#393,.T.);
#1889=EDGE_CURVE('',#1427,#1428,#1254,.T.);
#1890=EDGE_CURVE('',#1428,#1429,#394,.T.);
#1891=EDGE_CURVE('',#1429,#1291,#395,.T.);
#1892=EDGE_CURVE('',#1287,#1430,#396,.T.);
#1893=EDGE_CURVE('',#1430,#1431,#397,.T.);
#1894=EDGE_CURVE('',#1431,#1432,#1255,.T.);
#1895=EDGE_CURVE('',#1432,#1288,#398,.T.);
#1896=EDGE_CURVE('',#1433,#1430,#201,.T.);
#1897=EDGE_CURVE('',#1285,#1434,#399,.T.);
#1898=EDGE_CURVE('',#1434,#1433,#1256,.T.);
#1899=EDGE_CURVE('',#1435,#1283,#400,.T.);
#1900=EDGE_CURVE('',#1284,#1436,#401,.T.);
#1901=EDGE_CURVE('',#1436,#1437,#202,.T.);
#1902=EDGE_CURVE('',#1437,#1435,#402,.T.);
#1903=EDGE_CURVE('',#1319,#1438,#991,.T.);
#1904=EDGE_CURVE('',#1438,#1439,#1257,.T.);
#1905=EDGE_CURVE('',#1439,#1436,#203,.T.);
#1906=EDGE_CURVE('',#1440,#1318,#403,.T.);
#1907=EDGE_CURVE('',#1441,#1318,#204,.T.);
#1908=EDGE_CURVE('',#1441,#1442,#992,.T.);
#1909=EDGE_CURVE('',#1442,#1443,#404,.T.);
#1910=EDGE_CURVE('',#1443,#1440,#405,.T.);
#1911=EDGE_CURVE('',#1317,#1441,#1258,.T.);
#1912=EDGE_CURVE('',#1317,#1444,#993,.T.);
#1913=EDGE_CURVE('',#1444,#1339,#994,.T.);
#1914=EDGE_CURVE('',#1338,#1445,#406,.T.);
#1915=EDGE_CURVE('',#1445,#1442,#407,.T.);
#1916=EDGE_CURVE('',#1316,#1446,#408,.T.);
#1917=EDGE_CURVE('',#1446,#1444,#409,.T.);
#1918=EDGE_CURVE('',#1429,#1446,#1259,.T.);
#1919=EDGE_CURVE('',#1427,#1320,#410,.T.);
#1920=EDGE_CURVE('',#1340,#1428,#995,.T.);
#1921=EDGE_CURVE('',#1431,#1321,#996,.T.);
#1922=EDGE_CURVE('',#1433,#1334,#997,.T.);
#1923=EDGE_CURVE('',#1437,#1335,#998,.T.);
#1924=EDGE_CURVE('',#1439,#1336,#999,.T.);
#1925=EDGE_CURVE('',#1443,#1337,#1000,.T.);
#1926=EDGE_CURVE('',#1325,#1447,#1001,.T.);
#1927=EDGE_CURVE('',#1447,#1448,#1260,.T.);
#1928=EDGE_CURVE('',#1448,#1449,#411,.T.);
#1929=EDGE_CURVE('',#1449,#1326,#1002,.T.);
#1930=EDGE_CURVE('',#1450,#1451,#205,.T.);
#1931=EDGE_CURVE('',#1451,#1452,#1261,.T.);
#1932=EDGE_CURVE('',#1452,#1324,#1003,.T.);
#1933=EDGE_CURVE('',#1333,#1450,#1004,.T.);
#1934=EDGE_CURVE('',#1453,#1450,#412,.T.);
#1935=EDGE_CURVE('',#1332,#1454,#1005,.T.);
#1936=EDGE_CURVE('',#1454,#1453,#413,.T.);
#1937=EDGE_CURVE('',#1455,#1331,#1006,.T.);
#1938=EDGE_CURVE('',#1330,#1456,#1007,.T.);
#1939=EDGE_CURVE('',#1456,#1457,#414,.T.);
#1940=EDGE_CURVE('',#1457,#1455,#1262,.T.);
#1941=EDGE_CURVE('',#1328,#1458,#1008,.T.);
#1942=EDGE_CURVE('',#1458,#1459,#206,.T.);
#1943=EDGE_CURVE('',#1459,#1460,#415,.T.);
#1944=EDGE_CURVE('',#1460,#1329,#1009,.T.);
#1945=EDGE_CURVE('',#1327,#1461,#1010,.T.);
#1946=EDGE_CURVE('',#1461,#1458,#416,.T.);
#1947=EDGE_CURVE('',#1449,#1462,#1263,.T.);
#1948=EDGE_CURVE('',#1462,#1461,#1264,.T.);
#1949=EDGE_CURVE('',#1451,#1344,#1011,.T.);
#1950=EDGE_CURVE('',#1349,#1448,#1012,.T.);
#1951=EDGE_CURVE('',#1453,#1345,#1013,.T.);
#1952=EDGE_CURVE('',#1457,#1346,#1014,.T.);
#1953=EDGE_CURVE('',#1459,#1347,#1015,.T.);
#1954=EDGE_CURVE('',#1462,#1348,#1016,.T.);
#1955=EDGE_CURVE('',#1373,#1463,#417,.T.);
#1956=EDGE_CURVE('',#1463,#1464,#1265,.T.);
#1957=EDGE_CURVE('',#1464,#1465,#207,.T.);
#1958=EDGE_CURVE('',#1465,#1374,#418,.T.);
#1959=EDGE_CURVE('',#1466,#1463,#1266,.T.);
#1960=EDGE_CURVE('',#1372,#1466,#1017,.T.);
#1961=EDGE_CURVE('',#1467,#1371,#1018,.T.);
#1962=EDGE_CURVE('',#1370,#1468,#1019,.T.);
#1963=EDGE_CURVE('',#1468,#1469,#1267,.T.);
#1964=EDGE_CURVE('',#1469,#1467,#1268,.T.);
#1965=EDGE_CURVE('',#1375,#1470,#1020,.T.);
#1966=EDGE_CURVE('',#1470,#1471,#1269,.T.);
#1967=EDGE_CURVE('',#1471,#1369,#1021,.T.);
#1968=EDGE_CURVE('',#1465,#1472,#208,.T.);
#1969=EDGE_CURVE('',#1472,#1470,#1270,.T.);
#1970=EDGE_CURVE('',#1469,#1365,#419,.T.);
#1971=EDGE_CURVE('',#1367,#1464,#420,.T.);
#1972=EDGE_CURVE('',#1472,#1366,#1022,.T.);
#1973=EDGE_CURVE('',#1473,#1354,#421,.T.);
#1974=EDGE_CURVE('',#1353,#1474,#1023,.T.);
#1975=EDGE_CURVE('',#1474,#1475,#209,.T.);
#1976=EDGE_CURVE('',#1475,#1473,#210,.T.);
#1977=EDGE_CURVE('',#1355,#1476,#1024,.T.);
#1978=EDGE_CURVE('',#1476,#1477,#211,.T.);
#1979=EDGE_CURVE('',#1477,#1474,#212,.T.);
#1980=EDGE_CURVE('',#1473,#1478,#213,.T.);
#1981=EDGE_CURVE('',#1478,#1479,#214,.T.);
#1982=EDGE_CURVE('',#1479,#1476,#215,.T.);
#1983=EDGE_CURVE('',#1475,#1360,#1025,.T.);
#1984=EDGE_CURVE('',#1359,#1478,#1026,.T.);
#1985=EDGE_CURVE('',#1477,#1361,#1027,.T.);
#1986=EDGE_CURVE('',#1479,#1362,#422,.T.);
#1987=EDGE_CURVE('',#1382,#1480,#1028,.T.);
#1988=EDGE_CURVE('',#1480,#1481,#423,.T.);
#1989=EDGE_CURVE('',#1481,#1482,#1271,.T.);
#1990=EDGE_CURVE('',#1482,#1483,#424,.T.);
#1991=EDGE_CURVE('',#1483,#1383,#1029,.T.);
#1992=EDGE_CURVE('',#1484,#1381,#425,.T.);
#1993=EDGE_CURVE('',#1380,#1485,#1030,.T.);
#1994=EDGE_CURVE('',#1485,#1486,#426,.T.);
#1995=EDGE_CURVE('',#1486,#1484,#427,.T.);
#1996=EDGE_CURVE('',#1487,#1379,#1031,.T.);
#1997=EDGE_CURVE('',#1388,#1488,#1032,.T.);
#1998=EDGE_CURVE('',#1488,#1489,#1272,.T.);
#1999=EDGE_CURVE('',#1489,#1487,#1273,.T.);
#2000=EDGE_CURVE('',#1490,#1387,#1033,.T.);
#2001=EDGE_CURVE('',#1386,#1491,#1034,.T.);
#2002=EDGE_CURVE('',#1491,#1492,#428,.T.);
#2003=EDGE_CURVE('',#1492,#1490,#429,.T.);
#2004=EDGE_CURVE('',#1384,#1493,#430,.T.);
#2005=EDGE_CURVE('',#1493,#1494,#431,.T.);
#2006=EDGE_CURVE('',#1494,#1495,#432,.T.);
#2007=EDGE_CURVE('',#1495,#1385,#433,.T.);
#2008=EDGE_CURVE('',#1483,#1496,#434,.T.);
#2009=EDGE_CURVE('',#1496,#1493,#435,.T.);
#2010=EDGE_CURVE('',#1481,#1394,#436,.T.);
#2011=EDGE_CURVE('',#1393,#1482,#437,.T.);
#2012=EDGE_CURVE('',#1486,#1395,#438,.T.);
#2013=EDGE_CURVE('',#1489,#1396,#439,.T.);
#2014=EDGE_CURVE('',#1492,#1397,#440,.T.);
#2015=EDGE_CURVE('',#1494,#1398,#1035,.T.);
#2016=EDGE_CURVE('',#1496,#1399,#441,.T.);
#2017=EDGE_CURVE('',#1497,#1498,#442,.T.);
#2018=EDGE_CURVE('',#1499,#1497,#443,.T.);
#2019=EDGE_CURVE('',#1500,#1499,#444,.T.);
#2020=EDGE_CURVE('',#1501,#1500,#445,.T.);
#2021=EDGE_CURVE('',#1502,#1501,#446,.T.);
#2022=EDGE_CURVE('',#1503,#1502,#447,.T.);
#2023=EDGE_CURVE('',#1504,#1503,#448,.T.);
#2024=EDGE_CURVE('',#1505,#1504,#449,.T.);
#2025=EDGE_CURVE('',#1506,#1505,#450,.T.);
#2026=EDGE_CURVE('',#1506,#1507,#216,.T.);
#2027=EDGE_CURVE('',#1508,#1507,#451,.T.);
#2028=EDGE_CURVE('',#1509,#1508,#452,.T.);
#2029=EDGE_CURVE('',#1510,#1509,#453,.T.);
#2030=EDGE_CURVE('',#1511,#1510,#454,.T.);
#2031=EDGE_CURVE('',#1512,#1511,#455,.T.);
#2032=EDGE_CURVE('',#1513,#1512,#456,.T.);
#2033=EDGE_CURVE('',#1514,#1513,#457,.T.);
#2034=EDGE_CURVE('',#1515,#1514,#458,.T.);
#2035=EDGE_CURVE('',#1516,#1515,#459,.T.);
#2036=EDGE_CURVE('',#1517,#1516,#460,.T.);
#2037=EDGE_CURVE('',#1507,#1517,#461,.T.);
#2038=EDGE_CURVE('',#1498,#1506,#462,.T.);
#2039=EDGE_CURVE('',#1518,#1519,#463,.T.);
#2040=EDGE_CURVE('',#1520,#1518,#464,.T.);
#2041=EDGE_CURVE('',#1521,#1520,#465,.T.);
#2042=EDGE_CURVE('',#1522,#1521,#466,.T.);
#2043=EDGE_CURVE('',#1523,#1522,#467,.T.);
#2044=EDGE_CURVE('',#1524,#1523,#468,.T.);
#2045=EDGE_CURVE('',#1524,#1525,#217,.T.);
#2046=EDGE_CURVE('',#1526,#1525,#218,.T.);
#2047=EDGE_CURVE('',#1525,#1526,#219,.T.);
#2048=EDGE_CURVE('',#1519,#1524,#469,.T.);
#2049=EDGE_CURVE('',#1527,#1528,#470,.T.);
#2050=EDGE_CURVE('',#1529,#1527,#471,.T.);
#2051=EDGE_CURVE('',#1530,#1529,#472,.T.);
#2052=EDGE_CURVE('',#1528,#1530,#473,.T.);
#2053=EDGE_CURVE('',#1528,#1531,#220,.T.);
#2054=EDGE_CURVE('',#1532,#1531,#221,.T.);
#2055=EDGE_CURVE('',#1531,#1532,#222,.T.);
#2056=EDGE_CURVE('',#1533,#1534,#223,.T.);
#2057=EDGE_CURVE('',#1534,#1533,#224,.T.);
#2058=EDGE_CURVE('',#1534,#1535,#1036,.T.);
#2059=EDGE_CURVE('',#1536,#1535,#474,.T.);
#2060=EDGE_CURVE('',#1537,#1536,#475,.T.);
#2061=EDGE_CURVE('',#1538,#1537,#476,.T.);
#2062=EDGE_CURVE('',#1539,#1538,#477,.T.);
#2063=EDGE_CURVE('',#1535,#1539,#478,.T.);
#2064=EDGE_CURVE('',#1540,#1541,#479,.T.);
#2065=EDGE_CURVE('',#1542,#1540,#480,.T.);
#2066=EDGE_CURVE('',#1543,#1542,#481,.T.);
#2067=EDGE_CURVE('',#1543,#1532,#225,.T.);
#2068=EDGE_CURVE('',#1541,#1543,#482,.T.);
#2069=EDGE_CURVE('',#1544,#1545,#483,.T.);
#2070=EDGE_CURVE('',#1546,#1544,#484,.T.);
#2071=EDGE_CURVE('',#1547,#1546,#485,.T.);
#2072=EDGE_CURVE('',#1548,#1547,#486,.T.);
#2073=EDGE_CURVE('',#1548,#1526,#226,.T.);
#2074=EDGE_CURVE('',#1549,#1548,#487,.T.);
#2075=EDGE_CURVE('',#1550,#1549,#488,.T.);
#2076=EDGE_CURVE('',#1551,#1550,#489,.T.);
#2077=EDGE_CURVE('',#1545,#1551,#490,.T.);
#2078=EDGE_CURVE('',#1552,#1553,#227,.T.);
#2079=EDGE_CURVE('',#1554,#1552,#228,.T.);
#2080=EDGE_CURVE('',#1553,#1554,#229,.T.);
#2081=EDGE_CURVE('',#1553,#1533,#230,.T.);
#2082=EDGE_CURVE('',#1554,#1555,#1037,.T.);
#2083=EDGE_CURVE('',#1556,#1555,#491,.T.);
#2084=EDGE_CURVE('',#1557,#1556,#492,.T.);
#2085=EDGE_CURVE('',#1558,#1557,#493,.T.);
#2086=EDGE_CURVE('',#1559,#1558,#494,.T.);
#2087=EDGE_CURVE('',#1560,#1559,#495,.T.);
#2088=EDGE_CURVE('',#1561,#1560,#496,.T.);
#2089=EDGE_CURVE('',#1562,#1561,#497,.T.);
#2090=EDGE_CURVE('',#1563,#1562,#498,.T.);
#2091=EDGE_CURVE('',#1564,#1563,#499,.T.);
#2092=EDGE_CURVE('',#1565,#1564,#500,.T.);
#2093=EDGE_CURVE('',#1555,#1565,#501,.T.);
#2094=EDGE_CURVE('',#1566,#1567,#231,.T.);
#2095=EDGE_CURVE('',#1568,#1566,#232,.T.);
#2096=EDGE_CURVE('',#1567,#1568,#233,.T.);
#2097=EDGE_CURVE('',#1567,#1569,#1038,.T.);
#2098=EDGE_CURVE('',#1570,#1569,#502,.T.);
#2099=EDGE_CURVE('',#1571,#1570,#503,.T.);
#2100=EDGE_CURVE('',#1572,#1571,#504,.T.);
#2101=EDGE_CURVE('',#1573,#1572,#505,.T.);
#2102=EDGE_CURVE('',#1574,#1573,#506,.T.);
#2103=EDGE_CURVE('',#1575,#1574,#507,.T.);
#2104=EDGE_CURVE('',#1576,#1575,#508,.T.);
#2105=EDGE_CURVE('',#1569,#1576,#509,.T.);
#2106=EDGE_CURVE('',#1577,#1578,#234,.T.);
#2107=EDGE_CURVE('',#1579,#1577,#235,.T.);
#2108=EDGE_CURVE('',#1578,#1579,#236,.T.);
#2109=EDGE_CURVE('',#1578,#1568,#237,.T.);
#2110=EDGE_CURVE('',#1579,#1580,#1039,.T.);
#2111=EDGE_CURVE('',#1581,#1580,#510,.T.);
#2112=EDGE_CURVE('',#1582,#1581,#511,.T.);
#2113=EDGE_CURVE('',#1583,#1582,#512,.T.);
#2114=EDGE_CURVE('',#1584,#1583,#513,.T.);
#2115=EDGE_CURVE('',#1585,#1584,#514,.T.);
#2116=EDGE_CURVE('',#1586,#1585,#515,.T.);
#2117=EDGE_CURVE('',#1587,#1586,#516,.T.);
#2118=EDGE_CURVE('',#1588,#1587,#517,.T.);
#2119=EDGE_CURVE('',#1589,#1588,#518,.T.);
#2120=EDGE_CURVE('',#1590,#1589,#519,.T.);
#2121=EDGE_CURVE('',#1591,#1590,#520,.T.);
#2122=EDGE_CURVE('',#1592,#1591,#521,.T.);
#2123=EDGE_CURVE('',#1593,#1592,#522,.T.);
#2124=EDGE_CURVE('',#1594,#1593,#523,.T.);
#2125=EDGE_CURVE('',#1580,#1594,#524,.T.);
#2126=EDGE_CURVE('',#1595,#1588,#1040,.T.);
#2127=EDGE_CURVE('',#1596,#1595,#525,.T.);
#2128=EDGE_CURVE('',#1597,#1596,#1041,.T.);
#2129=EDGE_CURVE('',#1589,#1597,#1042,.T.);
#2130=EDGE_CURVE('',#1598,#1590,#1043,.T.);
#2131=EDGE_CURVE('',#1599,#1598,#526,.T.);
#2132=EDGE_CURVE('',#1600,#1599,#238,.T.);
#2133=EDGE_CURVE('',#1591,#1600,#1044,.T.);
#2134=EDGE_CURVE('',#1601,#1592,#1045,.T.);
#2135=EDGE_CURVE('',#1602,#1601,#239,.T.);
#2136=EDGE_CURVE('',#1603,#1602,#527,.T.);
#2137=EDGE_CURVE('',#1593,#1603,#1046,.T.);
#2138=EDGE_CURVE('',#1604,#1594,#1047,.T.);
#2139=EDGE_CURVE('',#1605,#1604,#240,.T.);
#2140=EDGE_CURVE('',#1606,#1605,#528,.T.);
#2141=EDGE_CURVE('',#1581,#1606,#1048,.T.);
#2142=EDGE_CURVE('',#1607,#1582,#1049,.T.);
#2143=EDGE_CURVE('',#1608,#1607,#241,.T.);
#2144=EDGE_CURVE('',#1609,#1608,#529,.T.);
#2145=EDGE_CURVE('',#1583,#1609,#1050,.T.);
#2146=EDGE_CURVE('',#1585,#1610,#1051,.T.);
#2147=EDGE_CURVE('',#1611,#1584,#1052,.T.);
#2148=EDGE_CURVE('',#1612,#1611,#242,.T.);
#2149=EDGE_CURVE('',#1610,#1612,#530,.T.);
#2150=EDGE_CURVE('',#1587,#1613,#531,.T.);
#2151=EDGE_CURVE('',#1614,#1586,#1053,.T.);
#2152=EDGE_CURVE('',#1615,#1614,#243,.T.);
#2153=EDGE_CURVE('',#1613,#1615,#244,.T.);
#2154=EDGE_CURVE('',#1616,#1613,#532,.T.);
#2155=EDGE_CURVE('',#1595,#1616,#245,.T.);
#2156=EDGE_CURVE('',#1617,#1616,#1054,.T.);
#2157=EDGE_CURVE('',#1618,#1617,#246,.T.);
#2158=EDGE_CURVE('',#1596,#1618,#533,.T.);
#2159=EDGE_CURVE('',#1619,#1618,#534,.T.);
#2160=EDGE_CURVE('',#1599,#1619,#535,.T.);
#2161=EDGE_CURVE('',#1620,#1619,#536,.T.);
#2162=EDGE_CURVE('',#1602,#1620,#537,.T.);
#2163=EDGE_CURVE('',#1621,#1620,#538,.T.);
#2164=EDGE_CURVE('',#1605,#1621,#539,.T.);
#2165=EDGE_CURVE('',#1622,#1621,#540,.T.);
#2166=EDGE_CURVE('',#1608,#1622,#541,.T.);
#2167=EDGE_CURVE('',#1612,#1623,#542,.T.);
#2168=EDGE_CURVE('',#1623,#1622,#543,.T.);
#2169=EDGE_CURVE('',#1615,#1624,#544,.T.);
#2170=EDGE_CURVE('',#1624,#1623,#545,.T.);
#2171=EDGE_CURVE('',#1617,#1624,#1274,.T.);
#2172=EDGE_CURVE('',#1625,#1626,#1055,.T.);
#2173=EDGE_CURVE('',#1627,#1625,#1275,.T.);
#2174=EDGE_CURVE('',#1628,#1627,#546,.T.);
#2175=EDGE_CURVE('',#1629,#1628,#547,.T.);
#2176=EDGE_CURVE('',#1630,#1629,#247,.T.);
#2177=EDGE_CURVE('',#1626,#1630,#548,.T.);
#2178=EDGE_CURVE('',#1631,#1632,#549,.T.);
#2179=EDGE_CURVE('',#1633,#1631,#248,.T.);
#2180=EDGE_CURVE('',#1634,#1633,#550,.T.);
#2181=EDGE_CURVE('',#1635,#1634,#249,.T.);
#2182=EDGE_CURVE('',#1632,#1635,#551,.T.);
#2183=EDGE_CURVE('',#1636,#1632,#250,.T.);
#2184=EDGE_CURVE('',#1637,#1636,#251,.T.);
#2185=EDGE_CURVE('',#1638,#1637,#552,.T.);
#2186=EDGE_CURVE('',#1631,#1638,#1276,.T.);
#2187=EDGE_CURVE('',#1639,#1640,#553,.T.);
#2188=EDGE_CURVE('',#1641,#1639,#554,.T.);
#2189=EDGE_CURVE('',#1642,#1641,#252,.T.);
#2190=EDGE_CURVE('',#1643,#1642,#555,.T.);
#2191=EDGE_CURVE('',#1640,#1643,#1277,.T.);
#2192=EDGE_CURVE('',#1644,#1642,#253,.T.);
#2193=EDGE_CURVE('',#1645,#1644,#254,.T.);
#2194=EDGE_CURVE('',#1646,#1645,#1056,.T.);
#2195=EDGE_CURVE('',#1643,#1646,#1278,.T.);
#2196=EDGE_CURVE('',#1647,#1648,#556,.T.);
#2197=EDGE_CURVE('',#1649,#1647,#557,.T.);
#2198=EDGE_CURVE('',#1650,#1649,#558,.T.);
#2199=EDGE_CURVE('',#1651,#1650,#1057,.T.);
#2200=EDGE_CURVE('',#1648,#1651,#255,.T.);
#2201=EDGE_CURVE('',#1651,#1652,#1279,.T.);
#2202=EDGE_CURVE('',#1653,#1650,#559,.T.);
#2203=EDGE_CURVE('',#1501,#1653,#560,.T.);
#2204=EDGE_CURVE('',#1654,#1500,#1058,.T.);
#2205=EDGE_CURVE('',#1652,#1654,#1059,.T.);
#2206=EDGE_CURVE('',#1655,#1656,#561,.T.);
#2207=EDGE_CURVE('',#1652,#1655,#1280,.T.);
#2208=EDGE_CURVE('',#1656,#1654,#562,.T.);
#2209=EDGE_CURVE('',#1655,#1627,#1281,.T.);
#2210=EDGE_CURVE('',#1628,#1656,#256,.T.);
#2211=EDGE_CURVE('',#1630,#1497,#563,.T.);
#2212=EDGE_CURVE('',#1499,#1629,#1060,.T.);
#2213=EDGE_CURVE('',#1635,#1498,#1061,.T.);
#2214=EDGE_CURVE('',#1625,#1633,#564,.T.);
#2215=EDGE_CURVE('',#1636,#1505,#1062,.T.);
#2216=EDGE_CURVE('',#1641,#1504,#1063,.T.);
#2217=EDGE_CURVE('',#1638,#1640,#565,.T.);
#2218=EDGE_CURVE('',#1644,#1503,#1064,.T.);
#2219=EDGE_CURVE('',#1649,#1502,#1065,.T.);
#2220=EDGE_CURVE('',#1646,#1648,#566,.T.);
#2221=EDGE_CURVE('',#1516,#1657,#1066,.T.);
#2222=EDGE_CURVE('',#1658,#1515,#1067,.T.);
#2223=EDGE_CURVE('',#1659,#1658,#567,.T.);
#2224=EDGE_CURVE('',#1657,#1659,#257,.T.);
#2225=EDGE_CURVE('',#1660,#1661,#258,.T.);
#2226=EDGE_CURVE('',#1508,#1660,#1068,.T.);
#2227=EDGE_CURVE('',#1662,#1517,#1069,.T.);
#2228=EDGE_CURVE('',#1661,#1662,#259,.T.);
#2229=EDGE_CURVE('',#1663,#1660,#568,.T.);
#2230=EDGE_CURVE('',#1664,#1663,#569,.T.);
#2231=EDGE_CURVE('',#1509,#1664,#1070,.T.);
#2232=EDGE_CURVE('',#1665,#1510,#1071,.T.);
#2233=EDGE_CURVE('',#1666,#1665,#260,.T.);
#2234=EDGE_CURVE('',#1667,#1666,#570,.T.);
#2235=EDGE_CURVE('',#1511,#1667,#1072,.T.);
#2236=EDGE_CURVE('',#1668,#1512,#1073,.T.);
#2237=EDGE_CURVE('',#1669,#1668,#571,.T.);
#2238=EDGE_CURVE('',#1670,#1669,#261,.T.);
#2239=EDGE_CURVE('',#1513,#1670,#1074,.T.);
#2240=EDGE_CURVE('',#1671,#1670,#572,.T.);
#2241=EDGE_CURVE('',#1514,#1671,#1075,.T.);
#2242=EDGE_CURVE('',#1672,#1671,#262,.T.);
#2243=EDGE_CURVE('',#1658,#1672,#263,.T.);
#2244=EDGE_CURVE('',#1661,#1523,#1076,.T.);
#2245=EDGE_CURVE('',#1519,#1659,#1077,.T.);
#2246=EDGE_CURVE('',#1663,#1522,#1078,.T.);
#2247=EDGE_CURVE('',#1666,#1521,#1079,.T.);
#2248=EDGE_CURVE('',#1669,#1520,#1080,.T.);
#2249=EDGE_CURVE('',#1672,#1518,#1081,.T.);
#2250=EDGE_CURVE('',#1551,#1673,#573,.T.);
#2251=EDGE_CURVE('',#1674,#1550,#574,.T.);
#2252=EDGE_CURVE('',#1675,#1674,#264,.T.);
#2253=EDGE_CURVE('',#1673,#1675,#265,.T.);
#2254=EDGE_CURVE('',#1676,#1673,#266,.T.);
#2255=EDGE_CURVE('',#1545,#1676,#1082,.T.);
#2256=EDGE_CURVE('',#1677,#1544,#1083,.T.);
#2257=EDGE_CURVE('',#1678,#1677,#267,.T.);
#2258=EDGE_CURVE('',#1679,#1678,#268,.T.);
#2259=EDGE_CURVE('',#1546,#1679,#1084,.T.);
#2260=EDGE_CURVE('',#1680,#1547,#1085,.T.);
#2261=EDGE_CURVE('',#1681,#1680,#269,.T.);
#2262=EDGE_CURVE('',#1549,#1681,#1086,.T.);
#2263=EDGE_CURVE('',#1682,#1681,#270,.T.);
#2264=EDGE_CURVE('',#1674,#1682,#271,.T.);
#2265=EDGE_CURVE('',#1678,#1542,#575,.T.);
#2266=EDGE_CURVE('',#1541,#1675,#576,.T.);
#2267=EDGE_CURVE('',#1682,#1540,#1087,.T.);
#2268=EDGE_CURVE('',#1683,#1529,#577,.T.);
#2269=EDGE_CURVE('',#1684,#1683,#272,.T.);
#2270=EDGE_CURVE('',#1685,#1684,#273,.T.);
#2271=EDGE_CURVE('',#1530,#1685,#1088,.T.);
#2272=EDGE_CURVE('',#1686,#1685,#274,.T.);
#2273=EDGE_CURVE('',#1687,#1686,#275,.T.);
#2274=EDGE_CURVE('',#1527,#1687,#1089,.T.);
#2275=EDGE_CURVE('',#1688,#1687,#276,.T.);
#2276=EDGE_CURVE('',#1689,#1688,#277,.T.);
#2277=EDGE_CURVE('',#1683,#1689,#278,.T.);
#2278=EDGE_CURVE('',#1539,#1689,#1090,.T.);
#2279=EDGE_CURVE('',#1684,#1538,#1091,.T.);
#2280=EDGE_CURVE('',#1686,#1537,#1092,.T.);
#2281=EDGE_CURVE('',#1688,#1536,#578,.T.);
#2282=EDGE_CURVE('',#1690,#1561,#1093,.T.);
#2283=EDGE_CURVE('',#1691,#1690,#579,.T.);
#2284=EDGE_CURVE('',#1692,#1691,#279,.T.);
#2285=EDGE_CURVE('',#1693,#1692,#580,.T.);
#2286=EDGE_CURVE('',#1562,#1693,#1094,.T.);
#2287=EDGE_CURVE('',#1694,#1563,#581,.T.);
#2288=EDGE_CURVE('',#1695,#1694,#582,.T.);
#2289=EDGE_CURVE('',#1696,#1695,#583,.T.);
#2290=EDGE_CURVE('',#1564,#1696,#1095,.T.);
#2291=EDGE_CURVE('',#1697,#1565,#1096,.T.);
#2292=EDGE_CURVE('',#1698,#1697,#280,.T.);
#2293=EDGE_CURVE('',#1699,#1698,#281,.T.);
#2294=EDGE_CURVE('',#1556,#1699,#1097,.T.);
#2295=EDGE_CURVE('',#1700,#1557,#1098,.T.);
#2296=EDGE_CURVE('',#1701,#1700,#584,.T.);
#2297=EDGE_CURVE('',#1702,#1701,#585,.T.);
#2298=EDGE_CURVE('',#1558,#1702,#1099,.T.);
#2299=EDGE_CURVE('',#1560,#1703,#586,.T.);
#2300=EDGE_CURVE('',#1704,#1559,#587,.T.);
#2301=EDGE_CURVE('',#1705,#1704,#588,.T.);
#2302=EDGE_CURVE('',#1703,#1705,#589,.T.);
#2303=EDGE_CURVE('',#1706,#1703,#590,.T.);
#2304=EDGE_CURVE('',#1690,#1706,#591,.T.);
#2305=EDGE_CURVE('',#1692,#1575,#592,.T.);
#2306=EDGE_CURVE('',#1576,#1691,#593,.T.);
#2307=EDGE_CURVE('',#1695,#1574,#594,.T.);
#2308=EDGE_CURVE('',#1698,#1573,#595,.T.);
#2309=EDGE_CURVE('',#1701,#1572,#596,.T.);
#2310=EDGE_CURVE('',#1705,#1571,#1100,.T.);
#2311=EDGE_CURVE('',#1706,#1570,#597,.T.);
#2312=ORIENTED_EDGE('',*,*,#1707,.F.);
#2313=ORIENTED_EDGE('',*,*,#1708,.F.);
#2314=ORIENTED_EDGE('',*,*,#1709,.F.);
#2315=ORIENTED_EDGE('',*,*,#1710,.F.);
#2316=ORIENTED_EDGE('',*,*,#1711,.F.);
#2317=ORIENTED_EDGE('',*,*,#1712,.F.);
#2318=ORIENTED_EDGE('',*,*,#1713,.F.);
#2319=ORIENTED_EDGE('',*,*,#1714,.T.);
#2320=ORIENTED_EDGE('',*,*,#1715,.F.);
#2321=ORIENTED_EDGE('',*,*,#1714,.F.);
#2322=ORIENTED_EDGE('',*,*,#1716,.F.);
#2323=ORIENTED_EDGE('',*,*,#1717,.F.);
#2324=ORIENTED_EDGE('',*,*,#1718,.F.);
#2325=ORIENTED_EDGE('',*,*,#1719,.F.);
#2326=ORIENTED_EDGE('',*,*,#1720,.F.);
#2327=ORIENTED_EDGE('',*,*,#1721,.T.);
#2328=ORIENTED_EDGE('',*,*,#1722,.F.);
#2329=ORIENTED_EDGE('',*,*,#1723,.F.);
#2330=ORIENTED_EDGE('',*,*,#1724,.F.);
#2331=ORIENTED_EDGE('',*,*,#1725,.F.);
#2332=ORIENTED_EDGE('',*,*,#1726,.F.);
#2333=ORIENTED_EDGE('',*,*,#1727,.F.);
#2334=ORIENTED_EDGE('',*,*,#1728,.F.);
#2335=ORIENTED_EDGE('',*,*,#1729,.T.);
#2336=ORIENTED_EDGE('',*,*,#1730,.F.);
#2337=ORIENTED_EDGE('',*,*,#1729,.F.);
#2338=ORIENTED_EDGE('',*,*,#1731,.F.);
#2339=ORIENTED_EDGE('',*,*,#1732,.F.);
#2340=ORIENTED_EDGE('',*,*,#1733,.F.);
#2341=ORIENTED_EDGE('',*,*,#1734,.F.);
#2342=ORIENTED_EDGE('',*,*,#1735,.F.);
#2343=ORIENTED_EDGE('',*,*,#1736,.T.);
#2344=ORIENTED_EDGE('',*,*,#1737,.F.);
#2345=ORIENTED_EDGE('',*,*,#1736,.F.);
#2346=ORIENTED_EDGE('',*,*,#1738,.F.);
#2347=ORIENTED_EDGE('',*,*,#1739,.F.);
#2348=ORIENTED_EDGE('',*,*,#1740,.F.);
#2349=ORIENTED_EDGE('',*,*,#1741,.F.);
#2350=ORIENTED_EDGE('',*,*,#1742,.F.);
#2351=ORIENTED_EDGE('',*,*,#1743,.T.);
#2352=ORIENTED_EDGE('',*,*,#1744,.F.);
#2353=ORIENTED_EDGE('',*,*,#1743,.F.);
#2354=ORIENTED_EDGE('',*,*,#1745,.F.);
#2355=ORIENTED_EDGE('',*,*,#1746,.F.);
#2356=ORIENTED_EDGE('',*,*,#1747,.F.);
#2357=ORIENTED_EDGE('',*,*,#1748,.F.);
#2358=ORIENTED_EDGE('',*,*,#1721,.F.);
#2359=ORIENTED_EDGE('',*,*,#1749,.F.);
#2360=ORIENTED_EDGE('',*,*,#1750,.T.);
#2361=ORIENTED_EDGE('',*,*,#1751,.F.);
#2362=ORIENTED_EDGE('',*,*,#1750,.F.);
#2363=ORIENTED_EDGE('',*,*,#1752,.F.);
#2364=ORIENTED_EDGE('',*,*,#1753,.F.);
#2365=ORIENTED_EDGE('',*,*,#1754,.F.);
#2366=ORIENTED_EDGE('',*,*,#1755,.F.);
#2367=ORIENTED_EDGE('',*,*,#1756,.F.);
#2368=ORIENTED_EDGE('',*,*,#1708,.T.);
#2369=ORIENTED_EDGE('',*,*,#1757,.T.);
#2370=ORIENTED_EDGE('',*,*,#1758,.T.);
#2371=ORIENTED_EDGE('',*,*,#1759,.T.);
#2372=ORIENTED_EDGE('',*,*,#1760,.T.);
#2373=ORIENTED_EDGE('',*,*,#1761,.T.);
#2374=ORIENTED_EDGE('',*,*,#1762,.T.);
#2375=ORIENTED_EDGE('',*,*,#1763,.T.);
#2376=ORIENTED_EDGE('',*,*,#1764,.T.);
#2377=ORIENTED_EDGE('',*,*,#1765,.T.);
#2378=ORIENTED_EDGE('',*,*,#1766,.T.);
#2379=ORIENTED_EDGE('',*,*,#1767,.T.);
#2380=ORIENTED_EDGE('',*,*,#1768,.T.);
#2381=ORIENTED_EDGE('',*,*,#1769,.T.);
#2382=ORIENTED_EDGE('',*,*,#1770,.T.);
#2383=ORIENTED_EDGE('',*,*,#1759,.F.);
#2384=ORIENTED_EDGE('',*,*,#1771,.T.);
#2385=ORIENTED_EDGE('',*,*,#1772,.T.);
#2386=ORIENTED_EDGE('',*,*,#1773,.T.);
#2387=ORIENTED_EDGE('',*,*,#1774,.T.);
#2388=ORIENTED_EDGE('',*,*,#1775,.T.);
#2389=ORIENTED_EDGE('',*,*,#1776,.T.);
#2390=ORIENTED_EDGE('',*,*,#1777,.T.);
#2391=ORIENTED_EDGE('',*,*,#1778,.T.);
#2392=ORIENTED_EDGE('',*,*,#1779,.T.);
#2393=ORIENTED_EDGE('',*,*,#1780,.T.);
#2394=ORIENTED_EDGE('',*,*,#1781,.F.);
#2395=ORIENTED_EDGE('',*,*,#1782,.T.);
#2396=ORIENTED_EDGE('',*,*,#1783,.T.);
#2397=ORIENTED_EDGE('',*,*,#1784,.T.);
#2398=ORIENTED_EDGE('',*,*,#1785,.T.);
#2399=ORIENTED_EDGE('',*,*,#1786,.T.);
#2400=ORIENTED_EDGE('',*,*,#1787,.T.);
#2401=ORIENTED_EDGE('',*,*,#1788,.T.);
#2402=ORIENTED_EDGE('',*,*,#1781,.T.);
#2403=ORIENTED_EDGE('',*,*,#1789,.T.);
#2404=ORIENTED_EDGE('',*,*,#1790,.F.);
#2405=ORIENTED_EDGE('',*,*,#1791,.T.);
#2406=ORIENTED_EDGE('',*,*,#1792,.T.);
#2407=ORIENTED_EDGE('',*,*,#1793,.T.);
#2408=ORIENTED_EDGE('',*,*,#1794,.T.);
#2409=ORIENTED_EDGE('',*,*,#1790,.T.);
#2410=ORIENTED_EDGE('',*,*,#1795,.T.);
#2411=ORIENTED_EDGE('',*,*,#1796,.T.);
#2412=ORIENTED_EDGE('',*,*,#1797,.T.);
#2413=ORIENTED_EDGE('',*,*,#1798,.T.);
#2414=ORIENTED_EDGE('',*,*,#1799,.T.);
#2415=ORIENTED_EDGE('',*,*,#1800,.T.);
#2416=ORIENTED_EDGE('',*,*,#1801,.T.);
#2417=ORIENTED_EDGE('',*,*,#1802,.T.);
#2418=ORIENTED_EDGE('',*,*,#1797,.F.);
#2419=ORIENTED_EDGE('',*,*,#1803,.T.);
#2420=ORIENTED_EDGE('',*,*,#1804,.T.);
#2421=ORIENTED_EDGE('',*,*,#1795,.F.);
#2422=ORIENTED_EDGE('',*,*,#1789,.F.);
#2423=ORIENTED_EDGE('',*,*,#1805,.F.);
#2424=ORIENTED_EDGE('',*,*,#1806,.T.);
#2425=ORIENTED_EDGE('',*,*,#1807,.T.);
#2426=ORIENTED_EDGE('',*,*,#1808,.T.);
#2427=ORIENTED_EDGE('',*,*,#1809,.T.);
#2428=ORIENTED_EDGE('',*,*,#1805,.T.);
#2429=ORIENTED_EDGE('',*,*,#1780,.F.);
#2430=ORIENTED_EDGE('',*,*,#1810,.F.);
#2431=ORIENTED_EDGE('',*,*,#1811,.T.);
#2432=ORIENTED_EDGE('',*,*,#1812,.T.);
#2433=ORIENTED_EDGE('',*,*,#1813,.T.);
#2434=ORIENTED_EDGE('',*,*,#1814,.T.);
#2435=ORIENTED_EDGE('',*,*,#1815,.T.);
#2436=ORIENTED_EDGE('',*,*,#1816,.T.);
#2437=ORIENTED_EDGE('',*,*,#1817,.T.);
#2438=ORIENTED_EDGE('',*,*,#1818,.T.);
#2439=ORIENTED_EDGE('',*,*,#1810,.T.);
#2440=ORIENTED_EDGE('',*,*,#1779,.F.);
#2441=ORIENTED_EDGE('',*,*,#1819,.T.);
#2442=ORIENTED_EDGE('',*,*,#1820,.T.);
#2443=ORIENTED_EDGE('',*,*,#1803,.F.);
#2444=ORIENTED_EDGE('',*,*,#1796,.F.);
#2445=ORIENTED_EDGE('',*,*,#1804,.F.);
#2446=ORIENTED_EDGE('',*,*,#1820,.F.);
#2447=ORIENTED_EDGE('',*,*,#1821,.T.);
#2448=ORIENTED_EDGE('',*,*,#1822,.T.);
#2449=ORIENTED_EDGE('',*,*,#1823,.T.);
#2450=ORIENTED_EDGE('',*,*,#1824,.T.);
#2451=ORIENTED_EDGE('',*,*,#1825,.T.);
#2452=ORIENTED_EDGE('',*,*,#1826,.T.);
#2453=ORIENTED_EDGE('',*,*,#1827,.T.);
#2454=ORIENTED_EDGE('',*,*,#1828,.T.);
#2455=ORIENTED_EDGE('',*,*,#1829,.T.);
#2456=ORIENTED_EDGE('',*,*,#1830,.T.);
#2457=ORIENTED_EDGE('',*,*,#1831,.T.);
#2458=ORIENTED_EDGE('',*,*,#1832,.T.);
#2459=ORIENTED_EDGE('',*,*,#1833,.T.);
#2460=ORIENTED_EDGE('',*,*,#1821,.F.);
#2461=ORIENTED_EDGE('',*,*,#1819,.F.);
#2462=ORIENTED_EDGE('',*,*,#1822,.F.);
#2463=ORIENTED_EDGE('',*,*,#1833,.F.);
#2464=ORIENTED_EDGE('',*,*,#1834,.T.);
#2465=ORIENTED_EDGE('',*,*,#1835,.T.);
#2466=ORIENTED_EDGE('',*,*,#1836,.T.);
#2467=ORIENTED_EDGE('',*,*,#1837,.T.);
#2468=ORIENTED_EDGE('',*,*,#1838,.T.);
#2469=ORIENTED_EDGE('',*,*,#1839,.T.);
#2470=ORIENTED_EDGE('',*,*,#1840,.T.);
#2471=ORIENTED_EDGE('',*,*,#1841,.T.);
#2472=ORIENTED_EDGE('',*,*,#1842,.T.);
#2473=ORIENTED_EDGE('',*,*,#1843,.T.);
#2474=ORIENTED_EDGE('',*,*,#1844,.T.);
#2475=ORIENTED_EDGE('',*,*,#1836,.F.);
#2476=ORIENTED_EDGE('',*,*,#1845,.T.);
#2477=ORIENTED_EDGE('',*,*,#1846,.T.);
#2478=ORIENTED_EDGE('',*,*,#1847,.T.);
#2479=ORIENTED_EDGE('',*,*,#1848,.T.);
#2480=ORIENTED_EDGE('',*,*,#1845,.F.);
#2481=ORIENTED_EDGE('',*,*,#1835,.F.);
#2482=ORIENTED_EDGE('',*,*,#1846,.F.);
#2483=ORIENTED_EDGE('',*,*,#1848,.F.);
#2484=ORIENTED_EDGE('',*,*,#1849,.T.);
#2485=ORIENTED_EDGE('',*,*,#1850,.T.);
#2486=ORIENTED_EDGE('',*,*,#1851,.T.);
#2487=ORIENTED_EDGE('',*,*,#1852,.T.);
#2488=ORIENTED_EDGE('',*,*,#1853,.T.);
#2489=ORIENTED_EDGE('',*,*,#1854,.T.);
#2490=ORIENTED_EDGE('',*,*,#1855,.T.);
#2491=ORIENTED_EDGE('',*,*,#1856,.T.);
#2492=ORIENTED_EDGE('',*,*,#1740,.T.);
#2493=ORIENTED_EDGE('',*,*,#1857,.T.);
#2494=ORIENTED_EDGE('',*,*,#1733,.T.);
#2495=ORIENTED_EDGE('',*,*,#1858,.T.);
#2496=ORIENTED_EDGE('',*,*,#1726,.T.);
#2497=ORIENTED_EDGE('',*,*,#1859,.T.);
#2498=ORIENTED_EDGE('',*,*,#1860,.T.);
#2499=ORIENTED_EDGE('',*,*,#1849,.F.);
#2500=ORIENTED_EDGE('',*,*,#1847,.F.);
#2501=ORIENTED_EDGE('',*,*,#1850,.F.);
#2502=ORIENTED_EDGE('',*,*,#1860,.F.);
#2503=ORIENTED_EDGE('',*,*,#1861,.T.);
#2504=ORIENTED_EDGE('',*,*,#1862,.T.);
#2505=ORIENTED_EDGE('',*,*,#1863,.T.);
#2506=ORIENTED_EDGE('',*,*,#1854,.F.);
#2507=ORIENTED_EDGE('',*,*,#1864,.T.);
#2508=ORIENTED_EDGE('',*,*,#1865,.T.);
#2509=ORIENTED_EDGE('',*,*,#1866,.T.);
#2510=ORIENTED_EDGE('',*,*,#1867,.T.);
#2511=ORIENTED_EDGE('',*,*,#1868,.T.);
#2512=ORIENTED_EDGE('',*,*,#1852,.F.);
#2513=ORIENTED_EDGE('',*,*,#1869,.T.);
#2514=ORIENTED_EDGE('',*,*,#1870,.T.);
#2515=ORIENTED_EDGE('',*,*,#1871,.T.);
#2516=ORIENTED_EDGE('',*,*,#1872,.T.);
#2517=ORIENTED_EDGE('',*,*,#1863,.F.);
#2518=ORIENTED_EDGE('',*,*,#1873,.T.);
#2519=ORIENTED_EDGE('',*,*,#1874,.T.);
#2520=ORIENTED_EDGE('',*,*,#1875,.T.);
#2521=ORIENTED_EDGE('',*,*,#1876,.T.);
#2522=ORIENTED_EDGE('',*,*,#1861,.F.);
#2523=ORIENTED_EDGE('',*,*,#1859,.F.);
#2524=ORIENTED_EDGE('',*,*,#1725,.T.);
#2525=ORIENTED_EDGE('',*,*,#1724,.T.);
#2526=ORIENTED_EDGE('',*,*,#1877,.T.);
#2527=ORIENTED_EDGE('',*,*,#1727,.T.);
#2528=ORIENTED_EDGE('',*,*,#1858,.F.);
#2529=ORIENTED_EDGE('',*,*,#1732,.T.);
#2530=ORIENTED_EDGE('',*,*,#1731,.T.);
#2531=ORIENTED_EDGE('',*,*,#1728,.T.);
#2532=ORIENTED_EDGE('',*,*,#1739,.T.);
#2533=ORIENTED_EDGE('',*,*,#1738,.T.);
#2534=ORIENTED_EDGE('',*,*,#1735,.T.);
#2535=ORIENTED_EDGE('',*,*,#1734,.T.);
#2536=ORIENTED_EDGE('',*,*,#1857,.F.);
#2537=ORIENTED_EDGE('',*,*,#1878,.T.);
#2538=ORIENTED_EDGE('',*,*,#1745,.T.);
#2539=ORIENTED_EDGE('',*,*,#1742,.T.);
#2540=ORIENTED_EDGE('',*,*,#1741,.T.);
#2541=ORIENTED_EDGE('',*,*,#1856,.F.);
#2542=ORIENTED_EDGE('',*,*,#1855,.F.);
#2543=ORIENTED_EDGE('',*,*,#1867,.F.);
#2544=ORIENTED_EDGE('',*,*,#1879,.T.);
#2545=ORIENTED_EDGE('',*,*,#1746,.T.);
#2546=ORIENTED_EDGE('',*,*,#1878,.F.);
#2547=ORIENTED_EDGE('',*,*,#1880,.F.);
#2548=ORIENTED_EDGE('',*,*,#1747,.T.);
#2549=ORIENTED_EDGE('',*,*,#1879,.F.);
#2550=ORIENTED_EDGE('',*,*,#1866,.F.);
#2551=ORIENTED_EDGE('',*,*,#1881,.T.);
#2552=ORIENTED_EDGE('',*,*,#1882,.F.);
#2553=ORIENTED_EDGE('',*,*,#1881,.F.);
#2554=ORIENTED_EDGE('',*,*,#1865,.F.);
#2555=ORIENTED_EDGE('',*,*,#1864,.F.);
#2556=ORIENTED_EDGE('',*,*,#1853,.F.);
#2557=ORIENTED_EDGE('',*,*,#1868,.F.);
#2558=ORIENTED_EDGE('',*,*,#1871,.F.);
#2559=ORIENTED_EDGE('',*,*,#1883,.T.);
#2560=ORIENTED_EDGE('',*,*,#1884,.F.);
#2561=ORIENTED_EDGE('',*,*,#1883,.F.);
#2562=ORIENTED_EDGE('',*,*,#1870,.F.);
#2563=ORIENTED_EDGE('',*,*,#1869,.F.);
#2564=ORIENTED_EDGE('',*,*,#1851,.F.);
#2565=ORIENTED_EDGE('',*,*,#1872,.F.);
#2566=ORIENTED_EDGE('',*,*,#1875,.F.);
#2567=ORIENTED_EDGE('',*,*,#1885,.T.);
#2568=ORIENTED_EDGE('',*,*,#1886,.F.);
#2569=ORIENTED_EDGE('',*,*,#1885,.F.);
#2570=ORIENTED_EDGE('',*,*,#1874,.F.);
#2571=ORIENTED_EDGE('',*,*,#1873,.F.);
#2572=ORIENTED_EDGE('',*,*,#1862,.F.);
#2573=ORIENTED_EDGE('',*,*,#1876,.F.);
#2574=ORIENTED_EDGE('',*,*,#1877,.F.);
#2575=ORIENTED_EDGE('',*,*,#1723,.T.);
#2576=ORIENTED_EDGE('',*,*,#1887,.T.);
#2577=ORIENTED_EDGE('',*,*,#1888,.T.);
#2578=ORIENTED_EDGE('',*,*,#1889,.T.);
#2579=ORIENTED_EDGE('',*,*,#1890,.T.);
#2580=ORIENTED_EDGE('',*,*,#1891,.T.);
#2581=ORIENTED_EDGE('',*,*,#1720,.T.);
#2582=ORIENTED_EDGE('',*,*,#1892,.T.);
#2583=ORIENTED_EDGE('',*,*,#1893,.T.);
#2584=ORIENTED_EDGE('',*,*,#1894,.T.);
#2585=ORIENTED_EDGE('',*,*,#1895,.T.);
#2586=ORIENTED_EDGE('',*,*,#1716,.T.);
#2587=ORIENTED_EDGE('',*,*,#1896,.T.);
#2588=ORIENTED_EDGE('',*,*,#1892,.F.);
#2589=ORIENTED_EDGE('',*,*,#1713,.T.);
#2590=ORIENTED_EDGE('',*,*,#1897,.T.);
#2591=ORIENTED_EDGE('',*,*,#1898,.T.);
#2592=ORIENTED_EDGE('',*,*,#1899,.T.);
#2593=ORIENTED_EDGE('',*,*,#1709,.T.);
#2594=ORIENTED_EDGE('',*,*,#1900,.T.);
#2595=ORIENTED_EDGE('',*,*,#1901,.T.);
#2596=ORIENTED_EDGE('',*,*,#1902,.T.);
#2597=ORIENTED_EDGE('',*,*,#1900,.F.);
#2598=ORIENTED_EDGE('',*,*,#1756,.T.);
#2599=ORIENTED_EDGE('',*,*,#1903,.T.);
#2600=ORIENTED_EDGE('',*,*,#1904,.T.);
#2601=ORIENTED_EDGE('',*,*,#1905,.T.);
#2602=ORIENTED_EDGE('',*,*,#1906,.T.);
#2603=ORIENTED_EDGE('',*,*,#1907,.F.);
#2604=ORIENTED_EDGE('',*,*,#1908,.T.);
#2605=ORIENTED_EDGE('',*,*,#1909,.T.);
#2606=ORIENTED_EDGE('',*,*,#1910,.T.);
#2607=ORIENTED_EDGE('',*,*,#1911,.F.);
#2608=ORIENTED_EDGE('',*,*,#1912,.T.);
#2609=ORIENTED_EDGE('',*,*,#1913,.T.);
#2610=ORIENTED_EDGE('',*,*,#1776,.F.);
#2611=ORIENTED_EDGE('',*,*,#1914,.T.);
#2612=ORIENTED_EDGE('',*,*,#1915,.T.);
#2613=ORIENTED_EDGE('',*,*,#1908,.F.);
#2614=ORIENTED_EDGE('',*,*,#1916,.T.);
#2615=ORIENTED_EDGE('',*,*,#1917,.T.);
#2616=ORIENTED_EDGE('',*,*,#1912,.F.);
#2617=ORIENTED_EDGE('',*,*,#1752,.T.);
#2618=ORIENTED_EDGE('',*,*,#1891,.F.);
#2619=ORIENTED_EDGE('',*,*,#1918,.T.);
#2620=ORIENTED_EDGE('',*,*,#1916,.F.);
#2621=ORIENTED_EDGE('',*,*,#1749,.T.);
#2622=ORIENTED_EDGE('',*,*,#1919,.T.);
#2623=ORIENTED_EDGE('',*,*,#1778,.F.);
#2624=ORIENTED_EDGE('',*,*,#1920,.T.);
#2625=ORIENTED_EDGE('',*,*,#1889,.F.);
#2626=ORIENTED_EDGE('',*,*,#1921,.T.);
#2627=ORIENTED_EDGE('',*,*,#1757,.F.);
#2628=ORIENTED_EDGE('',*,*,#1919,.F.);
#2629=ORIENTED_EDGE('',*,*,#1888,.F.);
#2630=ORIENTED_EDGE('',*,*,#1887,.F.);
#2631=ORIENTED_EDGE('',*,*,#1718,.T.);
#2632=ORIENTED_EDGE('',*,*,#1895,.F.);
#2633=ORIENTED_EDGE('',*,*,#1894,.F.);
#2634=ORIENTED_EDGE('',*,*,#1922,.T.);
#2635=ORIENTED_EDGE('',*,*,#1771,.F.);
#2636=ORIENTED_EDGE('',*,*,#1758,.F.);
#2637=ORIENTED_EDGE('',*,*,#1921,.F.);
#2638=ORIENTED_EDGE('',*,*,#1893,.F.);
#2639=ORIENTED_EDGE('',*,*,#1896,.F.);
#2640=ORIENTED_EDGE('',*,*,#1772,.F.);
#2641=ORIENTED_EDGE('',*,*,#1922,.F.);
#2642=ORIENTED_EDGE('',*,*,#1898,.F.);
#2643=ORIENTED_EDGE('',*,*,#1897,.F.);
#2644=ORIENTED_EDGE('',*,*,#1711,.T.);
#2645=ORIENTED_EDGE('',*,*,#1899,.F.);
#2646=ORIENTED_EDGE('',*,*,#1902,.F.);
#2647=ORIENTED_EDGE('',*,*,#1923,.T.);
#2648=ORIENTED_EDGE('',*,*,#1773,.F.);
#2649=ORIENTED_EDGE('',*,*,#1923,.F.);
#2650=ORIENTED_EDGE('',*,*,#1901,.F.);
#2651=ORIENTED_EDGE('',*,*,#1905,.F.);
#2652=ORIENTED_EDGE('',*,*,#1924,.T.);
#2653=ORIENTED_EDGE('',*,*,#1924,.F.);
#2654=ORIENTED_EDGE('',*,*,#1904,.F.);
#2655=ORIENTED_EDGE('',*,*,#1903,.F.);
#2656=ORIENTED_EDGE('',*,*,#1754,.T.);
#2657=ORIENTED_EDGE('',*,*,#1906,.F.);
#2658=ORIENTED_EDGE('',*,*,#1910,.F.);
#2659=ORIENTED_EDGE('',*,*,#1925,.T.);
#2660=ORIENTED_EDGE('',*,*,#1774,.F.);
#2661=ORIENTED_EDGE('',*,*,#1914,.F.);
#2662=ORIENTED_EDGE('',*,*,#1775,.F.);
#2663=ORIENTED_EDGE('',*,*,#1925,.F.);
#2664=ORIENTED_EDGE('',*,*,#1909,.F.);
#2665=ORIENTED_EDGE('',*,*,#1915,.F.);
#2666=ORIENTED_EDGE('',*,*,#1920,.F.);
#2667=ORIENTED_EDGE('',*,*,#1777,.F.);
#2668=ORIENTED_EDGE('',*,*,#1913,.F.);
#2669=ORIENTED_EDGE('',*,*,#1917,.F.);
#2670=ORIENTED_EDGE('',*,*,#1918,.F.);
#2671=ORIENTED_EDGE('',*,*,#1890,.F.);
#2672=ORIENTED_EDGE('',*,*,#1926,.T.);
#2673=ORIENTED_EDGE('',*,*,#1927,.T.);
#2674=ORIENTED_EDGE('',*,*,#1928,.T.);
#2675=ORIENTED_EDGE('',*,*,#1929,.T.);
#2676=ORIENTED_EDGE('',*,*,#1762,.F.);
#2677=ORIENTED_EDGE('',*,*,#1930,.T.);
#2678=ORIENTED_EDGE('',*,*,#1931,.T.);
#2679=ORIENTED_EDGE('',*,*,#1932,.T.);
#2680=ORIENTED_EDGE('',*,*,#1760,.F.);
#2681=ORIENTED_EDGE('',*,*,#1770,.F.);
#2682=ORIENTED_EDGE('',*,*,#1933,.T.);
#2683=ORIENTED_EDGE('',*,*,#1934,.T.);
#2684=ORIENTED_EDGE('',*,*,#1933,.F.);
#2685=ORIENTED_EDGE('',*,*,#1769,.F.);
#2686=ORIENTED_EDGE('',*,*,#1935,.T.);
#2687=ORIENTED_EDGE('',*,*,#1936,.T.);
#2688=ORIENTED_EDGE('',*,*,#1937,.T.);
#2689=ORIENTED_EDGE('',*,*,#1767,.F.);
#2690=ORIENTED_EDGE('',*,*,#1938,.T.);
#2691=ORIENTED_EDGE('',*,*,#1939,.T.);
#2692=ORIENTED_EDGE('',*,*,#1940,.T.);
#2693=ORIENTED_EDGE('',*,*,#1765,.F.);
#2694=ORIENTED_EDGE('',*,*,#1941,.T.);
#2695=ORIENTED_EDGE('',*,*,#1942,.T.);
#2696=ORIENTED_EDGE('',*,*,#1943,.T.);
#2697=ORIENTED_EDGE('',*,*,#1944,.T.);
#2698=ORIENTED_EDGE('',*,*,#1764,.F.);
#2699=ORIENTED_EDGE('',*,*,#1945,.T.);
#2700=ORIENTED_EDGE('',*,*,#1946,.T.);
#2701=ORIENTED_EDGE('',*,*,#1941,.F.);
#2702=ORIENTED_EDGE('',*,*,#1929,.F.);
#2703=ORIENTED_EDGE('',*,*,#1947,.T.);
#2704=ORIENTED_EDGE('',*,*,#1948,.T.);
#2705=ORIENTED_EDGE('',*,*,#1945,.F.);
#2706=ORIENTED_EDGE('',*,*,#1763,.F.);
#2707=ORIENTED_EDGE('',*,*,#1949,.T.);
#2708=ORIENTED_EDGE('',*,*,#1782,.F.);
#2709=ORIENTED_EDGE('',*,*,#1788,.F.);
#2710=ORIENTED_EDGE('',*,*,#1950,.T.);
#2711=ORIENTED_EDGE('',*,*,#1927,.F.);
#2712=ORIENTED_EDGE('',*,*,#1926,.F.);
#2713=ORIENTED_EDGE('',*,*,#1761,.F.);
#2714=ORIENTED_EDGE('',*,*,#1932,.F.);
#2715=ORIENTED_EDGE('',*,*,#1931,.F.);
#2716=ORIENTED_EDGE('',*,*,#1783,.F.);
#2717=ORIENTED_EDGE('',*,*,#1949,.F.);
#2718=ORIENTED_EDGE('',*,*,#1930,.F.);
#2719=ORIENTED_EDGE('',*,*,#1934,.F.);
#2720=ORIENTED_EDGE('',*,*,#1951,.T.);
#2721=ORIENTED_EDGE('',*,*,#1784,.F.);
#2722=ORIENTED_EDGE('',*,*,#1951,.F.);
#2723=ORIENTED_EDGE('',*,*,#1936,.F.);
#2724=ORIENTED_EDGE('',*,*,#1935,.F.);
#2725=ORIENTED_EDGE('',*,*,#1768,.F.);
#2726=ORIENTED_EDGE('',*,*,#1937,.F.);
#2727=ORIENTED_EDGE('',*,*,#1940,.F.);
#2728=ORIENTED_EDGE('',*,*,#1952,.T.);
#2729=ORIENTED_EDGE('',*,*,#1952,.F.);
#2730=ORIENTED_EDGE('',*,*,#1939,.F.);
#2731=ORIENTED_EDGE('',*,*,#1938,.F.);
#2732=ORIENTED_EDGE('',*,*,#1766,.F.);
#2733=ORIENTED_EDGE('',*,*,#1944,.F.);
#2734=ORIENTED_EDGE('',*,*,#1943,.F.);
#2735=ORIENTED_EDGE('',*,*,#1953,.T.);
#2736=ORIENTED_EDGE('',*,*,#1785,.F.);
#2737=ORIENTED_EDGE('',*,*,#1948,.F.);
#2738=ORIENTED_EDGE('',*,*,#1954,.T.);
#2739=ORIENTED_EDGE('',*,*,#1786,.F.);
#2740=ORIENTED_EDGE('',*,*,#1953,.F.);
#2741=ORIENTED_EDGE('',*,*,#1942,.F.);
#2742=ORIENTED_EDGE('',*,*,#1946,.F.);
#2743=ORIENTED_EDGE('',*,*,#1950,.F.);
#2744=ORIENTED_EDGE('',*,*,#1787,.F.);
#2745=ORIENTED_EDGE('',*,*,#1954,.F.);
#2746=ORIENTED_EDGE('',*,*,#1947,.F.);
#2747=ORIENTED_EDGE('',*,*,#1928,.F.);
#2748=ORIENTED_EDGE('',*,*,#1955,.T.);
#2749=ORIENTED_EDGE('',*,*,#1956,.T.);
#2750=ORIENTED_EDGE('',*,*,#1957,.T.);
#2751=ORIENTED_EDGE('',*,*,#1958,.T.);
#2752=ORIENTED_EDGE('',*,*,#1816,.F.);
#2753=ORIENTED_EDGE('',*,*,#1959,.T.);
#2754=ORIENTED_EDGE('',*,*,#1955,.F.);
#2755=ORIENTED_EDGE('',*,*,#1815,.F.);
#2756=ORIENTED_EDGE('',*,*,#1960,.T.);
#2757=ORIENTED_EDGE('',*,*,#1961,.T.);
#2758=ORIENTED_EDGE('',*,*,#1813,.F.);
#2759=ORIENTED_EDGE('',*,*,#1962,.T.);
#2760=ORIENTED_EDGE('',*,*,#1963,.T.);
#2761=ORIENTED_EDGE('',*,*,#1964,.T.);
#2762=ORIENTED_EDGE('',*,*,#1818,.F.);
#2763=ORIENTED_EDGE('',*,*,#1965,.T.);
#2764=ORIENTED_EDGE('',*,*,#1966,.T.);
#2765=ORIENTED_EDGE('',*,*,#1967,.T.);
#2766=ORIENTED_EDGE('',*,*,#1811,.F.);
#2767=ORIENTED_EDGE('',*,*,#1958,.F.);
#2768=ORIENTED_EDGE('',*,*,#1968,.T.);
#2769=ORIENTED_EDGE('',*,*,#1969,.T.);
#2770=ORIENTED_EDGE('',*,*,#1965,.F.);
#2771=ORIENTED_EDGE('',*,*,#1817,.F.);
#2772=ORIENTED_EDGE('',*,*,#1970,.T.);
#2773=ORIENTED_EDGE('',*,*,#1806,.F.);
#2774=ORIENTED_EDGE('',*,*,#1809,.F.);
#2775=ORIENTED_EDGE('',*,*,#1971,.T.);
#2776=ORIENTED_EDGE('',*,*,#1956,.F.);
#2777=ORIENTED_EDGE('',*,*,#1959,.F.);
#2778=ORIENTED_EDGE('',*,*,#1960,.F.);
#2779=ORIENTED_EDGE('',*,*,#1814,.F.);
#2780=ORIENTED_EDGE('',*,*,#1961,.F.);
#2781=ORIENTED_EDGE('',*,*,#1964,.F.);
#2782=ORIENTED_EDGE('',*,*,#1972,.T.);
#2783=ORIENTED_EDGE('',*,*,#1807,.F.);
#2784=ORIENTED_EDGE('',*,*,#1970,.F.);
#2785=ORIENTED_EDGE('',*,*,#1963,.F.);
#2786=ORIENTED_EDGE('',*,*,#1962,.F.);
#2787=ORIENTED_EDGE('',*,*,#1812,.F.);
#2788=ORIENTED_EDGE('',*,*,#1967,.F.);
#2789=ORIENTED_EDGE('',*,*,#1966,.F.);
#2790=ORIENTED_EDGE('',*,*,#1969,.F.);
#2791=ORIENTED_EDGE('',*,*,#1971,.F.);
#2792=ORIENTED_EDGE('',*,*,#1808,.F.);
#2793=ORIENTED_EDGE('',*,*,#1972,.F.);
#2794=ORIENTED_EDGE('',*,*,#1968,.F.);
#2795=ORIENTED_EDGE('',*,*,#1957,.F.);
#2796=ORIENTED_EDGE('',*,*,#1973,.T.);
#2797=ORIENTED_EDGE('',*,*,#1792,.F.);
#2798=ORIENTED_EDGE('',*,*,#1974,.T.);
#2799=ORIENTED_EDGE('',*,*,#1975,.T.);
#2800=ORIENTED_EDGE('',*,*,#1976,.T.);
#2801=ORIENTED_EDGE('',*,*,#1974,.F.);
#2802=ORIENTED_EDGE('',*,*,#1791,.F.);
#2803=ORIENTED_EDGE('',*,*,#1794,.F.);
#2804=ORIENTED_EDGE('',*,*,#1977,.T.);
#2805=ORIENTED_EDGE('',*,*,#1978,.T.);
#2806=ORIENTED_EDGE('',*,*,#1979,.T.);
#2807=ORIENTED_EDGE('',*,*,#1973,.F.);
#2808=ORIENTED_EDGE('',*,*,#1980,.T.);
#2809=ORIENTED_EDGE('',*,*,#1981,.T.);
#2810=ORIENTED_EDGE('',*,*,#1982,.T.);
#2811=ORIENTED_EDGE('',*,*,#1977,.F.);
#2812=ORIENTED_EDGE('',*,*,#1793,.F.);
#2813=ORIENTED_EDGE('',*,*,#1980,.F.);
#2814=ORIENTED_EDGE('',*,*,#1976,.F.);
#2815=ORIENTED_EDGE('',*,*,#1983,.T.);
#2816=ORIENTED_EDGE('',*,*,#1799,.F.);
#2817=ORIENTED_EDGE('',*,*,#1984,.T.);
#2818=ORIENTED_EDGE('',*,*,#1983,.F.);
#2819=ORIENTED_EDGE('',*,*,#1975,.F.);
#2820=ORIENTED_EDGE('',*,*,#1979,.F.);
#2821=ORIENTED_EDGE('',*,*,#1985,.T.);
#2822=ORIENTED_EDGE('',*,*,#1800,.F.);
#2823=ORIENTED_EDGE('',*,*,#1801,.F.);
#2824=ORIENTED_EDGE('',*,*,#1985,.F.);
#2825=ORIENTED_EDGE('',*,*,#1978,.F.);
#2826=ORIENTED_EDGE('',*,*,#1982,.F.);
#2827=ORIENTED_EDGE('',*,*,#1986,.T.);
#2828=ORIENTED_EDGE('',*,*,#1981,.F.);
#2829=ORIENTED_EDGE('',*,*,#1984,.F.);
#2830=ORIENTED_EDGE('',*,*,#1798,.F.);
#2831=ORIENTED_EDGE('',*,*,#1802,.F.);
#2832=ORIENTED_EDGE('',*,*,#1986,.F.);
#2833=ORIENTED_EDGE('',*,*,#1826,.F.);
#2834=ORIENTED_EDGE('',*,*,#1987,.T.);
#2835=ORIENTED_EDGE('',*,*,#1988,.T.);
#2836=ORIENTED_EDGE('',*,*,#1989,.T.);
#2837=ORIENTED_EDGE('',*,*,#1990,.T.);
#2838=ORIENTED_EDGE('',*,*,#1991,.T.);
#2839=ORIENTED_EDGE('',*,*,#1992,.T.);
#2840=ORIENTED_EDGE('',*,*,#1824,.F.);
#2841=ORIENTED_EDGE('',*,*,#1993,.T.);
#2842=ORIENTED_EDGE('',*,*,#1994,.T.);
#2843=ORIENTED_EDGE('',*,*,#1995,.T.);
#2844=ORIENTED_EDGE('',*,*,#1996,.T.);
#2845=ORIENTED_EDGE('',*,*,#1834,.F.);
#2846=ORIENTED_EDGE('',*,*,#1832,.F.);
#2847=ORIENTED_EDGE('',*,*,#1997,.T.);
#2848=ORIENTED_EDGE('',*,*,#1998,.T.);
#2849=ORIENTED_EDGE('',*,*,#1999,.T.);
#2850=ORIENTED_EDGE('',*,*,#2000,.T.);
#2851=ORIENTED_EDGE('',*,*,#1830,.F.);
#2852=ORIENTED_EDGE('',*,*,#2001,.T.);
#2853=ORIENTED_EDGE('',*,*,#2002,.T.);
#2854=ORIENTED_EDGE('',*,*,#2003,.T.);
#2855=ORIENTED_EDGE('',*,*,#2004,.T.);
#2856=ORIENTED_EDGE('',*,*,#2005,.T.);
#2857=ORIENTED_EDGE('',*,*,#2006,.T.);
#2858=ORIENTED_EDGE('',*,*,#2007,.T.);
#2859=ORIENTED_EDGE('',*,*,#1828,.F.);
#2860=ORIENTED_EDGE('',*,*,#1827,.F.);
#2861=ORIENTED_EDGE('',*,*,#1991,.F.);
#2862=ORIENTED_EDGE('',*,*,#2008,.T.);
#2863=ORIENTED_EDGE('',*,*,#2009,.T.);
#2864=ORIENTED_EDGE('',*,*,#2004,.F.);
#2865=ORIENTED_EDGE('',*,*,#2010,.T.);
#2866=ORIENTED_EDGE('',*,*,#1838,.F.);
#2867=ORIENTED_EDGE('',*,*,#2011,.T.);
#2868=ORIENTED_EDGE('',*,*,#1989,.F.);
#2869=ORIENTED_EDGE('',*,*,#1992,.F.);
#2870=ORIENTED_EDGE('',*,*,#1995,.F.);
#2871=ORIENTED_EDGE('',*,*,#2012,.T.);
#2872=ORIENTED_EDGE('',*,*,#1839,.F.);
#2873=ORIENTED_EDGE('',*,*,#2010,.F.);
#2874=ORIENTED_EDGE('',*,*,#1988,.F.);
#2875=ORIENTED_EDGE('',*,*,#1987,.F.);
#2876=ORIENTED_EDGE('',*,*,#1825,.F.);
#2877=ORIENTED_EDGE('',*,*,#2012,.F.);
#2878=ORIENTED_EDGE('',*,*,#1994,.F.);
#2879=ORIENTED_EDGE('',*,*,#1993,.F.);
#2880=ORIENTED_EDGE('',*,*,#1823,.F.);
#2881=ORIENTED_EDGE('',*,*,#1996,.F.);
#2882=ORIENTED_EDGE('',*,*,#1999,.F.);
#2883=ORIENTED_EDGE('',*,*,#2013,.T.);
#2884=ORIENTED_EDGE('',*,*,#1840,.F.);
#2885=ORIENTED_EDGE('',*,*,#2013,.F.);
#2886=ORIENTED_EDGE('',*,*,#1998,.F.);
#2887=ORIENTED_EDGE('',*,*,#1997,.F.);
#2888=ORIENTED_EDGE('',*,*,#1831,.F.);
#2889=ORIENTED_EDGE('',*,*,#2000,.F.);
#2890=ORIENTED_EDGE('',*,*,#2003,.F.);
#2891=ORIENTED_EDGE('',*,*,#2014,.T.);
#2892=ORIENTED_EDGE('',*,*,#1841,.F.);
#2893=ORIENTED_EDGE('',*,*,#2014,.F.);
#2894=ORIENTED_EDGE('',*,*,#2002,.F.);
#2895=ORIENTED_EDGE('',*,*,#2001,.F.);
#2896=ORIENTED_EDGE('',*,*,#1829,.F.);
#2897=ORIENTED_EDGE('',*,*,#2007,.F.);
#2898=ORIENTED_EDGE('',*,*,#2006,.F.);
#2899=ORIENTED_EDGE('',*,*,#2015,.T.);
#2900=ORIENTED_EDGE('',*,*,#1842,.F.);
#2901=ORIENTED_EDGE('',*,*,#2016,.T.);
#2902=ORIENTED_EDGE('',*,*,#1843,.F.);
#2903=ORIENTED_EDGE('',*,*,#2015,.F.);
#2904=ORIENTED_EDGE('',*,*,#2005,.F.);
#2905=ORIENTED_EDGE('',*,*,#2009,.F.);
#2906=ORIENTED_EDGE('',*,*,#2011,.F.);
#2907=ORIENTED_EDGE('',*,*,#1837,.F.);
#2908=ORIENTED_EDGE('',*,*,#1844,.F.);
#2909=ORIENTED_EDGE('',*,*,#2016,.F.);
#2910=ORIENTED_EDGE('',*,*,#2008,.F.);
#2911=ORIENTED_EDGE('',*,*,#1990,.F.);
#2912=ORIENTED_EDGE('',*,*,#2017,.F.);
#2913=ORIENTED_EDGE('',*,*,#2018,.F.);
#2914=ORIENTED_EDGE('',*,*,#2019,.F.);
#2915=ORIENTED_EDGE('',*,*,#2020,.F.);
#2916=ORIENTED_EDGE('',*,*,#2021,.F.);
#2917=ORIENTED_EDGE('',*,*,#2022,.F.);
#2918=ORIENTED_EDGE('',*,*,#2023,.F.);
#2919=ORIENTED_EDGE('',*,*,#2024,.F.);
#2920=ORIENTED_EDGE('',*,*,#2025,.F.);
#2921=ORIENTED_EDGE('',*,*,#2026,.T.);
#2922=ORIENTED_EDGE('',*,*,#2027,.F.);
#2923=ORIENTED_EDGE('',*,*,#2028,.F.);
#2924=ORIENTED_EDGE('',*,*,#2029,.F.);
#2925=ORIENTED_EDGE('',*,*,#2030,.F.);
#2926=ORIENTED_EDGE('',*,*,#2031,.F.);
#2927=ORIENTED_EDGE('',*,*,#2032,.F.);
#2928=ORIENTED_EDGE('',*,*,#2033,.F.);
#2929=ORIENTED_EDGE('',*,*,#2034,.F.);
#2930=ORIENTED_EDGE('',*,*,#2035,.F.);
#2931=ORIENTED_EDGE('',*,*,#2036,.F.);
#2932=ORIENTED_EDGE('',*,*,#2037,.F.);
#2933=ORIENTED_EDGE('',*,*,#2026,.F.);
#2934=ORIENTED_EDGE('',*,*,#2038,.F.);
#2935=ORIENTED_EDGE('',*,*,#2039,.F.);
#2936=ORIENTED_EDGE('',*,*,#2040,.F.);
#2937=ORIENTED_EDGE('',*,*,#2041,.F.);
#2938=ORIENTED_EDGE('',*,*,#2042,.F.);
#2939=ORIENTED_EDGE('',*,*,#2043,.F.);
#2940=ORIENTED_EDGE('',*,*,#2044,.F.);
#2941=ORIENTED_EDGE('',*,*,#2045,.T.);
#2942=ORIENTED_EDGE('',*,*,#2046,.F.);
#2943=ORIENTED_EDGE('',*,*,#2047,.F.);
#2944=ORIENTED_EDGE('',*,*,#2045,.F.);
#2945=ORIENTED_EDGE('',*,*,#2048,.F.);
#2946=ORIENTED_EDGE('',*,*,#2049,.F.);
#2947=ORIENTED_EDGE('',*,*,#2050,.F.);
#2948=ORIENTED_EDGE('',*,*,#2051,.F.);
#2949=ORIENTED_EDGE('',*,*,#2052,.F.);
#2950=ORIENTED_EDGE('',*,*,#2053,.T.);
#2951=ORIENTED_EDGE('',*,*,#2054,.F.);
#2952=ORIENTED_EDGE('',*,*,#2055,.F.);
#2953=ORIENTED_EDGE('',*,*,#2053,.F.);
#2954=ORIENTED_EDGE('',*,*,#2056,.F.);
#2955=ORIENTED_EDGE('',*,*,#2057,.F.);
#2956=ORIENTED_EDGE('',*,*,#2058,.T.);
#2957=ORIENTED_EDGE('',*,*,#2059,.F.);
#2958=ORIENTED_EDGE('',*,*,#2060,.F.);
#2959=ORIENTED_EDGE('',*,*,#2061,.F.);
#2960=ORIENTED_EDGE('',*,*,#2062,.F.);
#2961=ORIENTED_EDGE('',*,*,#2063,.F.);
#2962=ORIENTED_EDGE('',*,*,#2058,.F.);
#2963=ORIENTED_EDGE('',*,*,#2064,.F.);
#2964=ORIENTED_EDGE('',*,*,#2065,.F.);
#2965=ORIENTED_EDGE('',*,*,#2066,.F.);
#2966=ORIENTED_EDGE('',*,*,#2067,.T.);
#2967=ORIENTED_EDGE('',*,*,#2054,.T.);
#2968=ORIENTED_EDGE('',*,*,#2055,.T.);
#2969=ORIENTED_EDGE('',*,*,#2067,.F.);
#2970=ORIENTED_EDGE('',*,*,#2068,.F.);
#2971=ORIENTED_EDGE('',*,*,#2069,.F.);
#2972=ORIENTED_EDGE('',*,*,#2070,.F.);
#2973=ORIENTED_EDGE('',*,*,#2071,.F.);
#2974=ORIENTED_EDGE('',*,*,#2072,.F.);
#2975=ORIENTED_EDGE('',*,*,#2073,.T.);
#2976=ORIENTED_EDGE('',*,*,#2046,.T.);
#2977=ORIENTED_EDGE('',*,*,#2047,.T.);
#2978=ORIENTED_EDGE('',*,*,#2073,.F.);
#2979=ORIENTED_EDGE('',*,*,#2074,.F.);
#2980=ORIENTED_EDGE('',*,*,#2075,.F.);
#2981=ORIENTED_EDGE('',*,*,#2076,.F.);
#2982=ORIENTED_EDGE('',*,*,#2077,.F.);
#2983=ORIENTED_EDGE('',*,*,#2078,.F.);
#2984=ORIENTED_EDGE('',*,*,#2079,.F.);
#2985=ORIENTED_EDGE('',*,*,#2080,.F.);
#2986=ORIENTED_EDGE('',*,*,#2081,.T.);
#2987=ORIENTED_EDGE('',*,*,#2056,.T.);
#2988=ORIENTED_EDGE('',*,*,#2057,.T.);
#2989=ORIENTED_EDGE('',*,*,#2081,.F.);
#2990=ORIENTED_EDGE('',*,*,#2078,.T.);
#2991=ORIENTED_EDGE('',*,*,#2080,.T.);
#2992=ORIENTED_EDGE('',*,*,#2082,.T.);
#2993=ORIENTED_EDGE('',*,*,#2083,.F.);
#2994=ORIENTED_EDGE('',*,*,#2084,.F.);
#2995=ORIENTED_EDGE('',*,*,#2085,.F.);
#2996=ORIENTED_EDGE('',*,*,#2086,.F.);
#2997=ORIENTED_EDGE('',*,*,#2087,.F.);
#2998=ORIENTED_EDGE('',*,*,#2088,.F.);
#2999=ORIENTED_EDGE('',*,*,#2089,.F.);
#3000=ORIENTED_EDGE('',*,*,#2090,.F.);
#3001=ORIENTED_EDGE('',*,*,#2091,.F.);
#3002=ORIENTED_EDGE('',*,*,#2092,.F.);
#3003=ORIENTED_EDGE('',*,*,#2093,.F.);
#3004=ORIENTED_EDGE('',*,*,#2082,.F.);
#3005=ORIENTED_EDGE('',*,*,#2079,.T.);
#3006=ORIENTED_EDGE('',*,*,#2094,.F.);
#3007=ORIENTED_EDGE('',*,*,#2095,.F.);
#3008=ORIENTED_EDGE('',*,*,#2096,.F.);
#3009=ORIENTED_EDGE('',*,*,#2097,.T.);
#3010=ORIENTED_EDGE('',*,*,#2098,.F.);
#3011=ORIENTED_EDGE('',*,*,#2099,.F.);
#3012=ORIENTED_EDGE('',*,*,#2100,.F.);
#3013=ORIENTED_EDGE('',*,*,#2101,.F.);
#3014=ORIENTED_EDGE('',*,*,#2102,.F.);
#3015=ORIENTED_EDGE('',*,*,#2103,.F.);
#3016=ORIENTED_EDGE('',*,*,#2104,.F.);
#3017=ORIENTED_EDGE('',*,*,#2105,.F.);
#3018=ORIENTED_EDGE('',*,*,#2097,.F.);
#3019=ORIENTED_EDGE('',*,*,#2106,.F.);
#3020=ORIENTED_EDGE('',*,*,#2107,.F.);
#3021=ORIENTED_EDGE('',*,*,#2108,.F.);
#3022=ORIENTED_EDGE('',*,*,#2109,.T.);
#3023=ORIENTED_EDGE('',*,*,#2095,.T.);
#3024=ORIENTED_EDGE('',*,*,#2094,.T.);
#3025=ORIENTED_EDGE('',*,*,#2096,.T.);
#3026=ORIENTED_EDGE('',*,*,#2109,.F.);
#3027=ORIENTED_EDGE('',*,*,#2106,.T.);
#3028=ORIENTED_EDGE('',*,*,#2108,.T.);
#3029=ORIENTED_EDGE('',*,*,#2110,.T.);
#3030=ORIENTED_EDGE('',*,*,#2111,.F.);
#3031=ORIENTED_EDGE('',*,*,#2112,.F.);
#3032=ORIENTED_EDGE('',*,*,#2113,.F.);
#3033=ORIENTED_EDGE('',*,*,#2114,.F.);
#3034=ORIENTED_EDGE('',*,*,#2115,.F.);
#3035=ORIENTED_EDGE('',*,*,#2116,.F.);
#3036=ORIENTED_EDGE('',*,*,#2117,.F.);
#3037=ORIENTED_EDGE('',*,*,#2118,.F.);
#3038=ORIENTED_EDGE('',*,*,#2119,.F.);
#3039=ORIENTED_EDGE('',*,*,#2120,.F.);
#3040=ORIENTED_EDGE('',*,*,#2121,.F.);
#3041=ORIENTED_EDGE('',*,*,#2122,.F.);
#3042=ORIENTED_EDGE('',*,*,#2123,.F.);
#3043=ORIENTED_EDGE('',*,*,#2124,.F.);
#3044=ORIENTED_EDGE('',*,*,#2125,.F.);
#3045=ORIENTED_EDGE('',*,*,#2110,.F.);
#3046=ORIENTED_EDGE('',*,*,#2107,.T.);
#3047=ORIENTED_EDGE('',*,*,#2119,.T.);
#3048=ORIENTED_EDGE('',*,*,#2126,.F.);
#3049=ORIENTED_EDGE('',*,*,#2127,.F.);
#3050=ORIENTED_EDGE('',*,*,#2128,.F.);
#3051=ORIENTED_EDGE('',*,*,#2129,.F.);
#3052=ORIENTED_EDGE('',*,*,#2130,.F.);
#3053=ORIENTED_EDGE('',*,*,#2131,.F.);
#3054=ORIENTED_EDGE('',*,*,#2132,.F.);
#3055=ORIENTED_EDGE('',*,*,#2133,.F.);
#3056=ORIENTED_EDGE('',*,*,#2121,.T.);
#3057=ORIENTED_EDGE('',*,*,#2134,.F.);
#3058=ORIENTED_EDGE('',*,*,#2135,.F.);
#3059=ORIENTED_EDGE('',*,*,#2136,.F.);
#3060=ORIENTED_EDGE('',*,*,#2137,.F.);
#3061=ORIENTED_EDGE('',*,*,#2123,.T.);
#3062=ORIENTED_EDGE('',*,*,#2138,.F.);
#3063=ORIENTED_EDGE('',*,*,#2139,.F.);
#3064=ORIENTED_EDGE('',*,*,#2140,.F.);
#3065=ORIENTED_EDGE('',*,*,#2141,.F.);
#3066=ORIENTED_EDGE('',*,*,#2111,.T.);
#3067=ORIENTED_EDGE('',*,*,#2125,.T.);
#3068=ORIENTED_EDGE('',*,*,#2142,.F.);
#3069=ORIENTED_EDGE('',*,*,#2143,.F.);
#3070=ORIENTED_EDGE('',*,*,#2144,.F.);
#3071=ORIENTED_EDGE('',*,*,#2145,.F.);
#3072=ORIENTED_EDGE('',*,*,#2113,.T.);
#3073=ORIENTED_EDGE('',*,*,#2146,.F.);
#3074=ORIENTED_EDGE('',*,*,#2115,.T.);
#3075=ORIENTED_EDGE('',*,*,#2147,.F.);
#3076=ORIENTED_EDGE('',*,*,#2148,.F.);
#3077=ORIENTED_EDGE('',*,*,#2149,.F.);
#3078=ORIENTED_EDGE('',*,*,#2150,.F.);
#3079=ORIENTED_EDGE('',*,*,#2117,.T.);
#3080=ORIENTED_EDGE('',*,*,#2151,.F.);
#3081=ORIENTED_EDGE('',*,*,#2152,.F.);
#3082=ORIENTED_EDGE('',*,*,#2153,.F.);
#3083=ORIENTED_EDGE('',*,*,#2118,.T.);
#3084=ORIENTED_EDGE('',*,*,#2150,.T.);
#3085=ORIENTED_EDGE('',*,*,#2154,.F.);
#3086=ORIENTED_EDGE('',*,*,#2155,.F.);
#3087=ORIENTED_EDGE('',*,*,#2126,.T.);
#3088=ORIENTED_EDGE('',*,*,#2127,.T.);
#3089=ORIENTED_EDGE('',*,*,#2155,.T.);
#3090=ORIENTED_EDGE('',*,*,#2156,.F.);
#3091=ORIENTED_EDGE('',*,*,#2157,.F.);
#3092=ORIENTED_EDGE('',*,*,#2158,.F.);
#3093=ORIENTED_EDGE('',*,*,#2120,.T.);
#3094=ORIENTED_EDGE('',*,*,#2129,.T.);
#3095=ORIENTED_EDGE('',*,*,#2128,.T.);
#3096=ORIENTED_EDGE('',*,*,#2158,.T.);
#3097=ORIENTED_EDGE('',*,*,#2159,.F.);
#3098=ORIENTED_EDGE('',*,*,#2160,.F.);
#3099=ORIENTED_EDGE('',*,*,#2131,.T.);
#3100=ORIENTED_EDGE('',*,*,#2130,.T.);
#3101=ORIENTED_EDGE('',*,*,#2160,.T.);
#3102=ORIENTED_EDGE('',*,*,#2161,.F.);
#3103=ORIENTED_EDGE('',*,*,#2162,.F.);
#3104=ORIENTED_EDGE('',*,*,#2135,.T.);
#3105=ORIENTED_EDGE('',*,*,#2134,.T.);
#3106=ORIENTED_EDGE('',*,*,#2122,.T.);
#3107=ORIENTED_EDGE('',*,*,#2133,.T.);
#3108=ORIENTED_EDGE('',*,*,#2132,.T.);
#3109=ORIENTED_EDGE('',*,*,#2162,.T.);
#3110=ORIENTED_EDGE('',*,*,#2163,.F.);
#3111=ORIENTED_EDGE('',*,*,#2164,.F.);
#3112=ORIENTED_EDGE('',*,*,#2139,.T.);
#3113=ORIENTED_EDGE('',*,*,#2138,.T.);
#3114=ORIENTED_EDGE('',*,*,#2124,.T.);
#3115=ORIENTED_EDGE('',*,*,#2137,.T.);
#3116=ORIENTED_EDGE('',*,*,#2136,.T.);
#3117=ORIENTED_EDGE('',*,*,#2164,.T.);
#3118=ORIENTED_EDGE('',*,*,#2165,.F.);
#3119=ORIENTED_EDGE('',*,*,#2166,.F.);
#3120=ORIENTED_EDGE('',*,*,#2143,.T.);
#3121=ORIENTED_EDGE('',*,*,#2142,.T.);
#3122=ORIENTED_EDGE('',*,*,#2112,.T.);
#3123=ORIENTED_EDGE('',*,*,#2141,.T.);
#3124=ORIENTED_EDGE('',*,*,#2140,.T.);
#3125=ORIENTED_EDGE('',*,*,#2167,.F.);
#3126=ORIENTED_EDGE('',*,*,#2148,.T.);
#3127=ORIENTED_EDGE('',*,*,#2147,.T.);
#3128=ORIENTED_EDGE('',*,*,#2114,.T.);
#3129=ORIENTED_EDGE('',*,*,#2145,.T.);
#3130=ORIENTED_EDGE('',*,*,#2144,.T.);
#3131=ORIENTED_EDGE('',*,*,#2166,.T.);
#3132=ORIENTED_EDGE('',*,*,#2168,.F.);
#3133=ORIENTED_EDGE('',*,*,#2169,.F.);
#3134=ORIENTED_EDGE('',*,*,#2152,.T.);
#3135=ORIENTED_EDGE('',*,*,#2151,.T.);
#3136=ORIENTED_EDGE('',*,*,#2116,.T.);
#3137=ORIENTED_EDGE('',*,*,#2146,.T.);
#3138=ORIENTED_EDGE('',*,*,#2149,.T.);
#3139=ORIENTED_EDGE('',*,*,#2167,.T.);
#3140=ORIENTED_EDGE('',*,*,#2170,.F.);
#3141=ORIENTED_EDGE('',*,*,#2154,.T.);
#3142=ORIENTED_EDGE('',*,*,#2153,.T.);
#3143=ORIENTED_EDGE('',*,*,#2169,.T.);
#3144=ORIENTED_EDGE('',*,*,#2171,.F.);
#3145=ORIENTED_EDGE('',*,*,#2156,.T.);
#3146=ORIENTED_EDGE('',*,*,#2172,.F.);
#3147=ORIENTED_EDGE('',*,*,#2173,.F.);
#3148=ORIENTED_EDGE('',*,*,#2174,.F.);
#3149=ORIENTED_EDGE('',*,*,#2175,.F.);
#3150=ORIENTED_EDGE('',*,*,#2176,.F.);
#3151=ORIENTED_EDGE('',*,*,#2177,.F.);
#3152=ORIENTED_EDGE('',*,*,#2178,.F.);
#3153=ORIENTED_EDGE('',*,*,#2179,.F.);
#3154=ORIENTED_EDGE('',*,*,#2180,.F.);
#3155=ORIENTED_EDGE('',*,*,#2181,.F.);
#3156=ORIENTED_EDGE('',*,*,#2182,.F.);
#3157=ORIENTED_EDGE('',*,*,#2183,.F.);
#3158=ORIENTED_EDGE('',*,*,#2184,.F.);
#3159=ORIENTED_EDGE('',*,*,#2185,.F.);
#3160=ORIENTED_EDGE('',*,*,#2186,.F.);
#3161=ORIENTED_EDGE('',*,*,#2178,.T.);
#3162=ORIENTED_EDGE('',*,*,#2187,.F.);
#3163=ORIENTED_EDGE('',*,*,#2188,.F.);
#3164=ORIENTED_EDGE('',*,*,#2189,.F.);
#3165=ORIENTED_EDGE('',*,*,#2190,.F.);
#3166=ORIENTED_EDGE('',*,*,#2191,.F.);
#3167=ORIENTED_EDGE('',*,*,#2190,.T.);
#3168=ORIENTED_EDGE('',*,*,#2192,.F.);
#3169=ORIENTED_EDGE('',*,*,#2193,.F.);
#3170=ORIENTED_EDGE('',*,*,#2194,.F.);
#3171=ORIENTED_EDGE('',*,*,#2195,.F.);
#3172=ORIENTED_EDGE('',*,*,#2196,.F.);
#3173=ORIENTED_EDGE('',*,*,#2197,.F.);
#3174=ORIENTED_EDGE('',*,*,#2198,.F.);
#3175=ORIENTED_EDGE('',*,*,#2199,.F.);
#3176=ORIENTED_EDGE('',*,*,#2200,.F.);
#3177=ORIENTED_EDGE('',*,*,#2201,.F.);
#3178=ORIENTED_EDGE('',*,*,#2199,.T.);
#3179=ORIENTED_EDGE('',*,*,#2202,.F.);
#3180=ORIENTED_EDGE('',*,*,#2203,.F.);
#3181=ORIENTED_EDGE('',*,*,#2020,.T.);
#3182=ORIENTED_EDGE('',*,*,#2204,.F.);
#3183=ORIENTED_EDGE('',*,*,#2205,.F.);
#3184=ORIENTED_EDGE('',*,*,#2206,.F.);
#3185=ORIENTED_EDGE('',*,*,#2207,.F.);
#3186=ORIENTED_EDGE('',*,*,#2205,.T.);
#3187=ORIENTED_EDGE('',*,*,#2208,.F.);
#3188=ORIENTED_EDGE('',*,*,#2174,.T.);
#3189=ORIENTED_EDGE('',*,*,#2209,.F.);
#3190=ORIENTED_EDGE('',*,*,#2206,.T.);
#3191=ORIENTED_EDGE('',*,*,#2210,.F.);
#3192=ORIENTED_EDGE('',*,*,#2211,.F.);
#3193=ORIENTED_EDGE('',*,*,#2176,.T.);
#3194=ORIENTED_EDGE('',*,*,#2212,.F.);
#3195=ORIENTED_EDGE('',*,*,#2018,.T.);
#3196=ORIENTED_EDGE('',*,*,#2213,.F.);
#3197=ORIENTED_EDGE('',*,*,#2181,.T.);
#3198=ORIENTED_EDGE('',*,*,#2180,.T.);
#3199=ORIENTED_EDGE('',*,*,#2214,.F.);
#3200=ORIENTED_EDGE('',*,*,#2172,.T.);
#3201=ORIENTED_EDGE('',*,*,#2177,.T.);
#3202=ORIENTED_EDGE('',*,*,#2211,.T.);
#3203=ORIENTED_EDGE('',*,*,#2017,.T.);
#3204=ORIENTED_EDGE('',*,*,#2215,.F.);
#3205=ORIENTED_EDGE('',*,*,#2183,.T.);
#3206=ORIENTED_EDGE('',*,*,#2182,.T.);
#3207=ORIENTED_EDGE('',*,*,#2213,.T.);
#3208=ORIENTED_EDGE('',*,*,#2038,.T.);
#3209=ORIENTED_EDGE('',*,*,#2025,.T.);
#3210=ORIENTED_EDGE('',*,*,#2024,.T.);
#3211=ORIENTED_EDGE('',*,*,#2216,.F.);
#3212=ORIENTED_EDGE('',*,*,#2188,.T.);
#3213=ORIENTED_EDGE('',*,*,#2187,.T.);
#3214=ORIENTED_EDGE('',*,*,#2217,.F.);
#3215=ORIENTED_EDGE('',*,*,#2185,.T.);
#3216=ORIENTED_EDGE('',*,*,#2184,.T.);
#3217=ORIENTED_EDGE('',*,*,#2215,.T.);
#3218=ORIENTED_EDGE('',*,*,#2023,.T.);
#3219=ORIENTED_EDGE('',*,*,#2218,.F.);
#3220=ORIENTED_EDGE('',*,*,#2192,.T.);
#3221=ORIENTED_EDGE('',*,*,#2189,.T.);
#3222=ORIENTED_EDGE('',*,*,#2216,.T.);
#3223=ORIENTED_EDGE('',*,*,#2218,.T.);
#3224=ORIENTED_EDGE('',*,*,#2022,.T.);
#3225=ORIENTED_EDGE('',*,*,#2219,.F.);
#3226=ORIENTED_EDGE('',*,*,#2197,.T.);
#3227=ORIENTED_EDGE('',*,*,#2196,.T.);
#3228=ORIENTED_EDGE('',*,*,#2220,.F.);
#3229=ORIENTED_EDGE('',*,*,#2194,.T.);
#3230=ORIENTED_EDGE('',*,*,#2193,.T.);
#3231=ORIENTED_EDGE('',*,*,#2203,.T.);
#3232=ORIENTED_EDGE('',*,*,#2202,.T.);
#3233=ORIENTED_EDGE('',*,*,#2198,.T.);
#3234=ORIENTED_EDGE('',*,*,#2219,.T.);
#3235=ORIENTED_EDGE('',*,*,#2021,.T.);
#3236=ORIENTED_EDGE('',*,*,#2212,.T.);
#3237=ORIENTED_EDGE('',*,*,#2175,.T.);
#3238=ORIENTED_EDGE('',*,*,#2210,.T.);
#3239=ORIENTED_EDGE('',*,*,#2208,.T.);
#3240=ORIENTED_EDGE('',*,*,#2204,.T.);
#3241=ORIENTED_EDGE('',*,*,#2019,.T.);
#3242=ORIENTED_EDGE('',*,*,#2221,.F.);
#3243=ORIENTED_EDGE('',*,*,#2035,.T.);
#3244=ORIENTED_EDGE('',*,*,#2222,.F.);
#3245=ORIENTED_EDGE('',*,*,#2223,.F.);
#3246=ORIENTED_EDGE('',*,*,#2224,.F.);
#3247=ORIENTED_EDGE('',*,*,#2225,.F.);
#3248=ORIENTED_EDGE('',*,*,#2226,.F.);
#3249=ORIENTED_EDGE('',*,*,#2027,.T.);
#3250=ORIENTED_EDGE('',*,*,#2037,.T.);
#3251=ORIENTED_EDGE('',*,*,#2227,.F.);
#3252=ORIENTED_EDGE('',*,*,#2228,.F.);
#3253=ORIENTED_EDGE('',*,*,#2229,.F.);
#3254=ORIENTED_EDGE('',*,*,#2230,.F.);
#3255=ORIENTED_EDGE('',*,*,#2231,.F.);
#3256=ORIENTED_EDGE('',*,*,#2028,.T.);
#3257=ORIENTED_EDGE('',*,*,#2226,.T.);
#3258=ORIENTED_EDGE('',*,*,#2232,.F.);
#3259=ORIENTED_EDGE('',*,*,#2233,.F.);
#3260=ORIENTED_EDGE('',*,*,#2234,.F.);
#3261=ORIENTED_EDGE('',*,*,#2235,.F.);
#3262=ORIENTED_EDGE('',*,*,#2030,.T.);
#3263=ORIENTED_EDGE('',*,*,#2032,.T.);
#3264=ORIENTED_EDGE('',*,*,#2236,.F.);
#3265=ORIENTED_EDGE('',*,*,#2237,.F.);
#3266=ORIENTED_EDGE('',*,*,#2238,.F.);
#3267=ORIENTED_EDGE('',*,*,#2239,.F.);
#3268=ORIENTED_EDGE('',*,*,#2033,.T.);
#3269=ORIENTED_EDGE('',*,*,#2239,.T.);
#3270=ORIENTED_EDGE('',*,*,#2240,.F.);
#3271=ORIENTED_EDGE('',*,*,#2241,.F.);
#3272=ORIENTED_EDGE('',*,*,#2222,.T.);
#3273=ORIENTED_EDGE('',*,*,#2034,.T.);
#3274=ORIENTED_EDGE('',*,*,#2241,.T.);
#3275=ORIENTED_EDGE('',*,*,#2242,.F.);
#3276=ORIENTED_EDGE('',*,*,#2243,.F.);
#3277=ORIENTED_EDGE('',*,*,#2244,.F.);
#3278=ORIENTED_EDGE('',*,*,#2228,.T.);
#3279=ORIENTED_EDGE('',*,*,#2227,.T.);
#3280=ORIENTED_EDGE('',*,*,#2036,.T.);
#3281=ORIENTED_EDGE('',*,*,#2221,.T.);
#3282=ORIENTED_EDGE('',*,*,#2224,.T.);
#3283=ORIENTED_EDGE('',*,*,#2245,.F.);
#3284=ORIENTED_EDGE('',*,*,#2048,.T.);
#3285=ORIENTED_EDGE('',*,*,#2044,.T.);
#3286=ORIENTED_EDGE('',*,*,#2043,.T.);
#3287=ORIENTED_EDGE('',*,*,#2246,.F.);
#3288=ORIENTED_EDGE('',*,*,#2229,.T.);
#3289=ORIENTED_EDGE('',*,*,#2225,.T.);
#3290=ORIENTED_EDGE('',*,*,#2244,.T.);
#3291=ORIENTED_EDGE('',*,*,#2042,.T.);
#3292=ORIENTED_EDGE('',*,*,#2247,.F.);
#3293=ORIENTED_EDGE('',*,*,#2233,.T.);
#3294=ORIENTED_EDGE('',*,*,#2232,.T.);
#3295=ORIENTED_EDGE('',*,*,#2029,.T.);
#3296=ORIENTED_EDGE('',*,*,#2231,.T.);
#3297=ORIENTED_EDGE('',*,*,#2230,.T.);
#3298=ORIENTED_EDGE('',*,*,#2246,.T.);
#3299=ORIENTED_EDGE('',*,*,#2247,.T.);
#3300=ORIENTED_EDGE('',*,*,#2041,.T.);
#3301=ORIENTED_EDGE('',*,*,#2248,.F.);
#3302=ORIENTED_EDGE('',*,*,#2237,.T.);
#3303=ORIENTED_EDGE('',*,*,#2236,.T.);
#3304=ORIENTED_EDGE('',*,*,#2031,.T.);
#3305=ORIENTED_EDGE('',*,*,#2235,.T.);
#3306=ORIENTED_EDGE('',*,*,#2234,.T.);
#3307=ORIENTED_EDGE('',*,*,#2242,.T.);
#3308=ORIENTED_EDGE('',*,*,#2240,.T.);
#3309=ORIENTED_EDGE('',*,*,#2238,.T.);
#3310=ORIENTED_EDGE('',*,*,#2248,.T.);
#3311=ORIENTED_EDGE('',*,*,#2040,.T.);
#3312=ORIENTED_EDGE('',*,*,#2249,.F.);
#3313=ORIENTED_EDGE('',*,*,#2245,.T.);
#3314=ORIENTED_EDGE('',*,*,#2223,.T.);
#3315=ORIENTED_EDGE('',*,*,#2243,.T.);
#3316=ORIENTED_EDGE('',*,*,#2249,.T.);
#3317=ORIENTED_EDGE('',*,*,#2039,.T.);
#3318=ORIENTED_EDGE('',*,*,#2250,.F.);
#3319=ORIENTED_EDGE('',*,*,#2076,.T.);
#3320=ORIENTED_EDGE('',*,*,#2251,.F.);
#3321=ORIENTED_EDGE('',*,*,#2252,.F.);
#3322=ORIENTED_EDGE('',*,*,#2253,.F.);
#3323=ORIENTED_EDGE('',*,*,#2254,.F.);
#3324=ORIENTED_EDGE('',*,*,#2255,.F.);
#3325=ORIENTED_EDGE('',*,*,#2077,.T.);
#3326=ORIENTED_EDGE('',*,*,#2250,.T.);
#3327=ORIENTED_EDGE('',*,*,#2256,.F.);
#3328=ORIENTED_EDGE('',*,*,#2257,.F.);
#3329=ORIENTED_EDGE('',*,*,#2258,.F.);
#3330=ORIENTED_EDGE('',*,*,#2259,.F.);
#3331=ORIENTED_EDGE('',*,*,#2070,.T.);
#3332=ORIENTED_EDGE('',*,*,#2074,.T.);
#3333=ORIENTED_EDGE('',*,*,#2072,.T.);
#3334=ORIENTED_EDGE('',*,*,#2260,.F.);
#3335=ORIENTED_EDGE('',*,*,#2261,.F.);
#3336=ORIENTED_EDGE('',*,*,#2262,.F.);
#3337=ORIENTED_EDGE('',*,*,#2251,.T.);
#3338=ORIENTED_EDGE('',*,*,#2075,.T.);
#3339=ORIENTED_EDGE('',*,*,#2262,.T.);
#3340=ORIENTED_EDGE('',*,*,#2263,.F.);
#3341=ORIENTED_EDGE('',*,*,#2264,.F.);
#3342=ORIENTED_EDGE('',*,*,#2265,.F.);
#3343=ORIENTED_EDGE('',*,*,#2257,.T.);
#3344=ORIENTED_EDGE('',*,*,#2256,.T.);
#3345=ORIENTED_EDGE('',*,*,#2069,.T.);
#3346=ORIENTED_EDGE('',*,*,#2255,.T.);
#3347=ORIENTED_EDGE('',*,*,#2254,.T.);
#3348=ORIENTED_EDGE('',*,*,#2253,.T.);
#3349=ORIENTED_EDGE('',*,*,#2266,.F.);
#3350=ORIENTED_EDGE('',*,*,#2068,.T.);
#3351=ORIENTED_EDGE('',*,*,#2066,.T.);
#3352=ORIENTED_EDGE('',*,*,#2267,.F.);
#3353=ORIENTED_EDGE('',*,*,#2263,.T.);
#3354=ORIENTED_EDGE('',*,*,#2261,.T.);
#3355=ORIENTED_EDGE('',*,*,#2260,.T.);
#3356=ORIENTED_EDGE('',*,*,#2071,.T.);
#3357=ORIENTED_EDGE('',*,*,#2259,.T.);
#3358=ORIENTED_EDGE('',*,*,#2258,.T.);
#3359=ORIENTED_EDGE('',*,*,#2265,.T.);
#3360=ORIENTED_EDGE('',*,*,#2065,.T.);
#3361=ORIENTED_EDGE('',*,*,#2266,.T.);
#3362=ORIENTED_EDGE('',*,*,#2252,.T.);
#3363=ORIENTED_EDGE('',*,*,#2264,.T.);
#3364=ORIENTED_EDGE('',*,*,#2267,.T.);
#3365=ORIENTED_EDGE('',*,*,#2064,.T.);
#3366=ORIENTED_EDGE('',*,*,#2268,.F.);
#3367=ORIENTED_EDGE('',*,*,#2269,.F.);
#3368=ORIENTED_EDGE('',*,*,#2270,.F.);
#3369=ORIENTED_EDGE('',*,*,#2271,.F.);
#3370=ORIENTED_EDGE('',*,*,#2051,.T.);
#3371=ORIENTED_EDGE('',*,*,#2271,.T.);
#3372=ORIENTED_EDGE('',*,*,#2272,.F.);
#3373=ORIENTED_EDGE('',*,*,#2273,.F.);
#3374=ORIENTED_EDGE('',*,*,#2274,.F.);
#3375=ORIENTED_EDGE('',*,*,#2049,.T.);
#3376=ORIENTED_EDGE('',*,*,#2052,.T.);
#3377=ORIENTED_EDGE('',*,*,#2268,.T.);
#3378=ORIENTED_EDGE('',*,*,#2050,.T.);
#3379=ORIENTED_EDGE('',*,*,#2274,.T.);
#3380=ORIENTED_EDGE('',*,*,#2275,.F.);
#3381=ORIENTED_EDGE('',*,*,#2276,.F.);
#3382=ORIENTED_EDGE('',*,*,#2277,.F.);
#3383=ORIENTED_EDGE('',*,*,#2277,.T.);
#3384=ORIENTED_EDGE('',*,*,#2278,.F.);
#3385=ORIENTED_EDGE('',*,*,#2062,.T.);
#3386=ORIENTED_EDGE('',*,*,#2279,.F.);
#3387=ORIENTED_EDGE('',*,*,#2269,.T.);
#3388=ORIENTED_EDGE('',*,*,#2279,.T.);
#3389=ORIENTED_EDGE('',*,*,#2061,.T.);
#3390=ORIENTED_EDGE('',*,*,#2280,.F.);
#3391=ORIENTED_EDGE('',*,*,#2272,.T.);
#3392=ORIENTED_EDGE('',*,*,#2270,.T.);
#3393=ORIENTED_EDGE('',*,*,#2060,.T.);
#3394=ORIENTED_EDGE('',*,*,#2281,.F.);
#3395=ORIENTED_EDGE('',*,*,#2275,.T.);
#3396=ORIENTED_EDGE('',*,*,#2273,.T.);
#3397=ORIENTED_EDGE('',*,*,#2280,.T.);
#3398=ORIENTED_EDGE('',*,*,#2276,.T.);
#3399=ORIENTED_EDGE('',*,*,#2281,.T.);
#3400=ORIENTED_EDGE('',*,*,#2059,.T.);
#3401=ORIENTED_EDGE('',*,*,#2063,.T.);
#3402=ORIENTED_EDGE('',*,*,#2278,.T.);
#3403=ORIENTED_EDGE('',*,*,#2089,.T.);
#3404=ORIENTED_EDGE('',*,*,#2282,.F.);
#3405=ORIENTED_EDGE('',*,*,#2283,.F.);
#3406=ORIENTED_EDGE('',*,*,#2284,.F.);
#3407=ORIENTED_EDGE('',*,*,#2285,.F.);
#3408=ORIENTED_EDGE('',*,*,#2286,.F.);
#3409=ORIENTED_EDGE('',*,*,#2287,.F.);
#3410=ORIENTED_EDGE('',*,*,#2288,.F.);
#3411=ORIENTED_EDGE('',*,*,#2289,.F.);
#3412=ORIENTED_EDGE('',*,*,#2290,.F.);
#3413=ORIENTED_EDGE('',*,*,#2091,.T.);
#3414=ORIENTED_EDGE('',*,*,#2291,.F.);
#3415=ORIENTED_EDGE('',*,*,#2292,.F.);
#3416=ORIENTED_EDGE('',*,*,#2293,.F.);
#3417=ORIENTED_EDGE('',*,*,#2294,.F.);
#3418=ORIENTED_EDGE('',*,*,#2083,.T.);
#3419=ORIENTED_EDGE('',*,*,#2093,.T.);
#3420=ORIENTED_EDGE('',*,*,#2295,.F.);
#3421=ORIENTED_EDGE('',*,*,#2296,.F.);
#3422=ORIENTED_EDGE('',*,*,#2297,.F.);
#3423=ORIENTED_EDGE('',*,*,#2298,.F.);
#3424=ORIENTED_EDGE('',*,*,#2085,.T.);
#3425=ORIENTED_EDGE('',*,*,#2299,.F.);
#3426=ORIENTED_EDGE('',*,*,#2087,.T.);
#3427=ORIENTED_EDGE('',*,*,#2300,.F.);
#3428=ORIENTED_EDGE('',*,*,#2301,.F.);
#3429=ORIENTED_EDGE('',*,*,#2302,.F.);
#3430=ORIENTED_EDGE('',*,*,#2088,.T.);
#3431=ORIENTED_EDGE('',*,*,#2299,.T.);
#3432=ORIENTED_EDGE('',*,*,#2303,.F.);
#3433=ORIENTED_EDGE('',*,*,#2304,.F.);
#3434=ORIENTED_EDGE('',*,*,#2282,.T.);
#3435=ORIENTED_EDGE('',*,*,#2305,.F.);
#3436=ORIENTED_EDGE('',*,*,#2284,.T.);
#3437=ORIENTED_EDGE('',*,*,#2306,.F.);
#3438=ORIENTED_EDGE('',*,*,#2104,.T.);
#3439=ORIENTED_EDGE('',*,*,#2287,.T.);
#3440=ORIENTED_EDGE('',*,*,#2090,.T.);
#3441=ORIENTED_EDGE('',*,*,#2286,.T.);
#3442=ORIENTED_EDGE('',*,*,#2285,.T.);
#3443=ORIENTED_EDGE('',*,*,#2305,.T.);
#3444=ORIENTED_EDGE('',*,*,#2103,.T.);
#3445=ORIENTED_EDGE('',*,*,#2307,.F.);
#3446=ORIENTED_EDGE('',*,*,#2288,.T.);
#3447=ORIENTED_EDGE('',*,*,#2307,.T.);
#3448=ORIENTED_EDGE('',*,*,#2102,.T.);
#3449=ORIENTED_EDGE('',*,*,#2308,.F.);
#3450=ORIENTED_EDGE('',*,*,#2292,.T.);
#3451=ORIENTED_EDGE('',*,*,#2291,.T.);
#3452=ORIENTED_EDGE('',*,*,#2092,.T.);
#3453=ORIENTED_EDGE('',*,*,#2290,.T.);
#3454=ORIENTED_EDGE('',*,*,#2289,.T.);
#3455=ORIENTED_EDGE('',*,*,#2308,.T.);
#3456=ORIENTED_EDGE('',*,*,#2101,.T.);
#3457=ORIENTED_EDGE('',*,*,#2309,.F.);
#3458=ORIENTED_EDGE('',*,*,#2296,.T.);
#3459=ORIENTED_EDGE('',*,*,#2295,.T.);
#3460=ORIENTED_EDGE('',*,*,#2084,.T.);
#3461=ORIENTED_EDGE('',*,*,#2294,.T.);
#3462=ORIENTED_EDGE('',*,*,#2293,.T.);
#3463=ORIENTED_EDGE('',*,*,#2309,.T.);
#3464=ORIENTED_EDGE('',*,*,#2100,.T.);
#3465=ORIENTED_EDGE('',*,*,#2310,.F.);
#3466=ORIENTED_EDGE('',*,*,#2301,.T.);
#3467=ORIENTED_EDGE('',*,*,#2300,.T.);
#3468=ORIENTED_EDGE('',*,*,#2086,.T.);
#3469=ORIENTED_EDGE('',*,*,#2298,.T.);
#3470=ORIENTED_EDGE('',*,*,#2297,.T.);
#3471=ORIENTED_EDGE('',*,*,#2311,.F.);
#3472=ORIENTED_EDGE('',*,*,#2303,.T.);
#3473=ORIENTED_EDGE('',*,*,#2302,.T.);
#3474=ORIENTED_EDGE('',*,*,#2310,.T.);
#3475=ORIENTED_EDGE('',*,*,#2099,.T.);
#3476=ORIENTED_EDGE('',*,*,#2306,.T.);
#3477=ORIENTED_EDGE('',*,*,#2283,.T.);
#3478=ORIENTED_EDGE('',*,*,#2304,.T.);
#3479=ORIENTED_EDGE('',*,*,#2311,.T.);
#3480=ORIENTED_EDGE('',*,*,#2098,.T.);
#3481=ORIENTED_EDGE('',*,*,#2105,.T.);
#3482=ORIENTED_EDGE('',*,*,#2157,.T.);
#3483=ORIENTED_EDGE('',*,*,#2171,.T.);
#3484=ORIENTED_EDGE('',*,*,#2170,.T.);
#3485=ORIENTED_EDGE('',*,*,#2168,.T.);
#3486=ORIENTED_EDGE('',*,*,#2165,.T.);
#3487=ORIENTED_EDGE('',*,*,#2163,.T.);
#3488=ORIENTED_EDGE('',*,*,#2161,.T.);
#3489=ORIENTED_EDGE('',*,*,#2159,.T.);
#3490=ORIENTED_EDGE('',*,*,#1880,.T.);
#3491=ORIENTED_EDGE('',*,*,#1882,.T.);
#3492=ORIENTED_EDGE('',*,*,#1884,.T.);
#3493=ORIENTED_EDGE('',*,*,#1886,.T.);
#3494=ORIENTED_EDGE('',*,*,#1722,.T.);
#3495=ORIENTED_EDGE('',*,*,#1730,.T.);
#3496=ORIENTED_EDGE('',*,*,#1737,.T.);
#3497=ORIENTED_EDGE('',*,*,#1744,.T.);
#3498=ORIENTED_EDGE('',*,*,#2217,.T.);
#3499=ORIENTED_EDGE('',*,*,#2191,.T.);
#3500=ORIENTED_EDGE('',*,*,#2195,.T.);
#3501=ORIENTED_EDGE('',*,*,#2220,.T.);
#3502=ORIENTED_EDGE('',*,*,#2200,.T.);
#3503=ORIENTED_EDGE('',*,*,#2201,.T.);
#3504=ORIENTED_EDGE('',*,*,#2207,.T.);
#3505=ORIENTED_EDGE('',*,*,#2209,.T.);
#3506=ORIENTED_EDGE('',*,*,#2173,.T.);
#3507=ORIENTED_EDGE('',*,*,#2214,.T.);
#3508=ORIENTED_EDGE('',*,*,#2179,.T.);
#3509=ORIENTED_EDGE('',*,*,#2186,.T.);
#3510=ORIENTED_EDGE('',*,*,#1748,.T.);
#3511=ORIENTED_EDGE('',*,*,#1751,.T.);
#3512=ORIENTED_EDGE('',*,*,#1911,.T.);
#3513=ORIENTED_EDGE('',*,*,#1907,.T.);
#3514=ORIENTED_EDGE('',*,*,#1753,.T.);
#3515=ORIENTED_EDGE('',*,*,#1755,.T.);
#3516=ORIENTED_EDGE('',*,*,#1707,.T.);
#3517=ORIENTED_EDGE('',*,*,#1710,.T.);
#3518=ORIENTED_EDGE('',*,*,#1712,.T.);
#3519=ORIENTED_EDGE('',*,*,#1715,.T.);
#3520=ORIENTED_EDGE('',*,*,#1717,.T.);
#3521=ORIENTED_EDGE('',*,*,#1719,.T.);
#3522=(
BOUNDED_SURFACE()
B_SPLINE_SURFACE(1,2,((#4795,#4796,#4797),(#4798,#4799,#4800)),
 .UNSPECIFIED.,.F.,.F.,.F.)
B_SPLINE_SURFACE_WITH_KNOTS((2,2),(3,3),(-2.7971893457921E-9,5.62016877333398E-5),
(2.74764565733653,3.48930387988579),.UNSPECIFIED.)
GEOMETRIC_REPRESENTATION_ITEM()
RATIONAL_B_SPLINE_SURFACE(((1.,0.932027205755882,1.),(1.,0.932027205755882,
1.)))
REPRESENTATION_ITEM('')
SURFACE()
);
#3523=(
BOUNDED_SURFACE()
B_SPLINE_SURFACE(1,2,((#4826,#4827,#4828),(#4829,#4830,#4831)),
 .UNSPECIFIED.,.F.,.F.,.F.)
B_SPLINE_SURFACE_WITH_KNOTS((2,2),(3,3),(4.68712243441183E-18,5.6202126141647E-5),
(2.73720951396066,3.52250780387713),.UNSPECIFIED.)
GEOMETRIC_REPRESENTATION_ITEM()
RATIONAL_B_SPLINE_SURFACE(((1.,0.923898641322601,1.),(1.,0.923898641322601,
1.)))
REPRESENTATION_ITEM('')
SURFACE()
);
#3524=(
BOUNDED_SURFACE()
B_SPLINE_SURFACE(1,2,((#4860,#4861,#4862),(#4863,#4864,#4865)),
 .UNSPECIFIED.,.F.,.F.,.F.)
B_SPLINE_SURFACE_WITH_KNOTS((2,2),(3,3),(-3.8288174331516E-15,5.62001126885185E-5),
(-0.406823556420342,0.37847851455199),.UNSPECIFIED.)
GEOMETRIC_REPRESENTATION_ITEM()
RATIONAL_B_SPLINE_SURFACE(((1.,0.923897917934454,1.),(1.,0.923897917934454,
1.)))
REPRESENTATION_ITEM('')
SURFACE()
);
#3525=(
BOUNDED_SURFACE()
B_SPLINE_SURFACE(2,2,((#4871,#4872,#4873,#4874,#4875,#4876,#4877,#4878,
#4879),(#4880,#4881,#4882,#4883,#4884,#4885,#4886,#4887,#4888),(#4889,#4890,
#4891,#4892,#4893,#4894,#4895,#4896,#4897),(#4898,#4899,#4900,#4901,#4902,
#4903,#4904,#4905,#4906),(#4907,#4908,#4909,#4910,#4911,#4912,#4913,#4914,
#4915),(#4916,#4917,#4918,#4919,#4920,#4921,#4922,#4923,#4924),(#4925,#4926,
#4927,#4928,#4929,#4930,#4931,#4932,#4933),(#4934,#4935,#4936,#4937,#4938,
#4939,#4940,#4941,#4942),(#4943,#4944,#4945,#4946,#4947,#4948,#4949,#4950,
#4951)),.UNSPECIFIED.,.T.,.T.,.F.)
B_SPLINE_SURFACE_WITH_KNOTS((3,2,2,2,3),(3,2,2,2,3),(-3.14159265358979,
-1.5707963267949,0.,1.5707963267949,3.14159265358979),(0.,1.5707963267949,
3.14159265358979,4.71238898038469,6.28318530717959),.UNSPECIFIED.)
GEOMETRIC_REPRESENTATION_ITEM()
RATIONAL_B_SPLINE_SURFACE(((1.,0.707106781186548,1.,0.707106781186548,1.,
0.707106781186548,1.,0.707106781186548,1.),(0.707106781186548,0.5,0.707106781186548,
0.5,0.707106781186548,0.5,0.707106781186548,0.5,0.707106781186548),(1.,
0.707106781186548,1.,0.707106781186548,1.,0.707106781186548,1.,0.707106781186548,
1.),(0.707106781186548,0.5,0.707106781186548,0.5,0.707106781186548,0.5,
0.707106781186548,0.5,0.707106781186548),(1.,0.707106781186548,1.,0.707106781186548,
1.,0.707106781186548,1.,0.707106781186548,1.),(0.70710678118655,0.500000000000001,
0.70710678118655,0.500000000000001,0.70710678118655,0.500000000000001,0.70710678118655,
0.500000000000001,0.70710678118655),(1.,0.707106781186548,1.,0.707106781186548,
1.,0.707106781186548,1.,0.707106781186548,1.),(0.707106781186547,0.5,0.707106781186547,
0.5,0.707106781186547,0.5,0.707106781186547,0.5,0.707106781186547),(1.,
0.707106781186548,1.,0.707106781186548,1.,0.707106781186548,1.,0.707106781186548,
1.)))
REPRESENTATION_ITEM('')
SURFACE()
);
#3526=(
BOUNDED_SURFACE()
B_SPLINE_SURFACE(2,2,((#4988,#4989,#4990,#4991,#4992,#4993,#4994,#4995,
#4996),(#4997,#4998,#4999,#5000,#5001,#5002,#5003,#5004,#5005),(#5006,#5007,
#5008,#5009,#5010,#5011,#5012,#5013,#5014),(#5015,#5016,#5017,#5018,#5019,
#5020,#5021,#5022,#5023),(#5024,#5025,#5026,#5027,#5028,#5029,#5030,#5031,
#5032),(#5033,#5034,#5035,#5036,#5037,#5038,#5039,#5040,#5041),(#5042,#5043,
#5044,#5045,#5046,#5047,#5048,#5049,#5050),(#5051,#5052,#5053,#5054,#5055,
#5056,#5057,#5058,#5059),(#5060,#5061,#5062,#5063,#5064,#5065,#5066,#5067,
#5068)),.UNSPECIFIED.,.T.,.T.,.F.)
B_SPLINE_SURFACE_WITH_KNOTS((3,2,2,2,3),(3,2,2,2,3),(-3.14159265358979,
-1.5707963267949,0.,1.5707963267949,3.14159265358979),(0.,1.5707963267949,
3.14159265358979,4.71238898038469,6.28318530717959),.UNSPECIFIED.)
GEOMETRIC_REPRESENTATION_ITEM()
RATIONAL_B_SPLINE_SURFACE(((1.,0.707106781186548,1.,0.707106781186548,1.,
0.707106781186548,1.,0.707106781186548,1.),(0.707106781186548,0.500000000000001,
0.707106781186548,0.500000000000001,0.707106781186548,0.500000000000001,
0.707106781186548,0.500000000000001,0.707106781186548),(1.,0.707106781186548,
1.,0.707106781186548,1.,0.707106781186548,1.,0.707106781186548,1.),(0.707106781186548,
0.5,0.707106781186548,0.5,0.707106781186548,0.5,0.707106781186548,0.5,0.707106781186548),
(1.,0.707106781186548,1.,0.707106781186548,1.,0.707106781186548,1.,0.707106781186548,
1.),(0.707106781186547,0.5,0.707106781186547,0.5,0.707106781186547,0.5,
0.707106781186547,0.5,0.707106781186547),(1.,0.707106781186548,1.,0.707106781186548,
1.,0.707106781186548,1.,0.707106781186548,1.),(0.707106781186548,0.5,0.707106781186548,
0.5,0.707106781186548,0.5,0.707106781186548,0.5,0.707106781186548),(1.,
0.707106781186548,1.,0.707106781186548,1.,0.707106781186548,1.,0.707106781186548,
1.)))
REPRESENTATION_ITEM('')
SURFACE()
);
#3527=(
BOUNDED_SURFACE()
B_SPLINE_SURFACE(2,2,((#5097,#5098,#5099,#5100,#5101,#5102,#5103,#5104,
#5105),(#5106,#5107,#5108,#5109,#5110,#5111,#5112,#5113,#5114),(#5115,#5116,
#5117,#5118,#5119,#5120,#5121,#5122,#5123),(#5124,#5125,#5126,#5127,#5128,
#5129,#5130,#5131,#5132),(#5133,#5134,#5135,#5136,#5137,#5138,#5139,#5140,
#5141),(#5142,#5143,#5144,#5145,#5146,#5147,#5148,#5149,#5150),(#5151,#5152,
#5153,#5154,#5155,#5156,#5157,#5158,#5159),(#5160,#5161,#5162,#5163,#5164,
#5165,#5166,#5167,#5168),(#5169,#5170,#5171,#5172,#5173,#5174,#5175,#5176,
#5177)),.UNSPECIFIED.,.T.,.T.,.F.)
B_SPLINE_SURFACE_WITH_KNOTS((3,2,2,2,3),(3,2,2,2,3),(-3.14159265358979,
-1.5707963267949,0.,1.5707963267949,3.14159265358979),(0.,1.5707963267949,
3.14159265358979,4.71238898038469,6.28318530717959),.UNSPECIFIED.)
GEOMETRIC_REPRESENTATION_ITEM()
RATIONAL_B_SPLINE_SURFACE(((1.,0.707106781186548,1.,0.707106781186548,1.,
0.707106781186548,1.,0.707106781186548,1.),(0.707106781186548,0.500000000000001,
0.707106781186548,0.500000000000001,0.707106781186548,0.500000000000001,
0.707106781186548,0.500000000000001,0.707106781186548),(1.,0.707106781186548,
1.,0.707106781186548,1.,0.707106781186548,1.,0.707106781186548,1.),(0.707106781186547,
0.5,0.707106781186547,0.5,0.707106781186547,0.5,0.707106781186547,0.5,0.707106781186547),
(1.,0.707106781186548,1.,0.707106781186548,1.,0.707106781186548,1.,0.707106781186548,
1.),(0.707106781186545,0.499999999999998,0.707106781186545,0.499999999999998,
0.707106781186545,0.499999999999998,0.707106781186545,0.499999999999998,
0.707106781186545),(1.,0.707106781186548,1.,0.707106781186548,1.,0.707106781186548,
1.,0.707106781186548,1.),(0.707106781186548,0.500000000000001,0.707106781186548,
0.500000000000001,0.707106781186548,0.500000000000001,0.707106781186548,
0.500000000000001,0.707106781186548),(1.,0.707106781186548,1.,0.707106781186548,
1.,0.707106781186548,1.,0.707106781186548,1.)))
REPRESENTATION_ITEM('')
SURFACE()
);
#3528=(
BOUNDED_SURFACE()
B_SPLINE_SURFACE(1,2,((#5235,#5236,#5237),(#5238,#5239,#5240)),
 .UNSPECIFIED.,.F.,.F.,.F.)
B_SPLINE_SURFACE_WITH_KNOTS((2,2),(3,3),(-3.65056160947198E-15,5.6121031643927E-5),
(-0.241321461903927,0.194400692722171),.UNSPECIFIED.)
GEOMETRIC_REPRESENTATION_ITEM()
RATIONAL_B_SPLINE_SURFACE(((1.,0.97636199290665,1.),(1.,0.97636199290665,
1.)))
REPRESENTATION_ITEM('')
SURFACE()
);
#3529=(
BOUNDED_SURFACE()
B_SPLINE_SURFACE(1,2,((#5246,#5247,#5248),(#5249,#5250,#5251)),
 .UNSPECIFIED.,.F.,.F.,.F.)
B_SPLINE_SURFACE_WITH_KNOTS((2,2),(3,3),(-3.526470813533E-15,5.59563891716825E-5),
(-0.182543926801062,0.165154581463518),.UNSPECIFIED.)
GEOMETRIC_REPRESENTATION_ITEM()
RATIONAL_B_SPLINE_SURFACE(((1.,0.984926241085312,1.),(1.,0.984926241085312,
1.)))
REPRESENTATION_ITEM('')
SURFACE()
);
#3530=(
BOUNDED_SURFACE()
B_SPLINE_SURFACE(1,2,((#5275,#5276,#5277),(#5278,#5279,#5280)),
 .UNSPECIFIED.,.F.,.F.,.F.)
B_SPLINE_SURFACE_WITH_KNOTS((2,2),(3,3),(-2.79723842559992E-9,5.62026754013152E-5),
(2.73573462180869,3.5210306271189),.UNSPECIFIED.)
GEOMETRIC_REPRESENTATION_ITEM()
RATIONAL_B_SPLINE_SURFACE(((1.,0.92389907840978,1.),(1.,0.92389907840978,
1.)))
REPRESENTATION_ITEM('')
SURFACE()
);
#3531=(
BOUNDED_SURFACE()
B_SPLINE_SURFACE(2,2,((#5283,#5284,#5285,#5286,#5287,#5288,#5289,#5290,
#5291),(#5292,#5293,#5294,#5295,#5296,#5297,#5298,#5299,#5300),(#5301,#5302,
#5303,#5304,#5305,#5306,#5307,#5308,#5309),(#5310,#5311,#5312,#5313,#5314,
#5315,#5316,#5317,#5318),(#5319,#5320,#5321,#5322,#5323,#5324,#5325,#5326,
#5327),(#5328,#5329,#5330,#5331,#5332,#5333,#5334,#5335,#5336),(#5337,#5338,
#5339,#5340,#5341,#5342,#5343,#5344,#5345),(#5346,#5347,#5348,#5349,#5350,
#5351,#5352,#5353,#5354),(#5355,#5356,#5357,#5358,#5359,#5360,#5361,#5362,
#5363),(#5364,#5365,#5366,#5367,#5368,#5369,#5370,#5371,#5372),(#5373,#5374,
#5375,#5376,#5377,#5378,#5379,#5380,#5381)),.UNSPECIFIED.,.T.,.T.,.F.)
B_SPLINE_SURFACE_WITH_KNOTS((3,2,2,2,2,3),(3,2,2,2,3),(2.0660611316237,
3.14159265358979,4.71238898038469,6.28318530717959,7.85398163397448,8.34924643880328),
(0.,1.5707963267949,3.14159265358979,4.71238898038469,6.28318530717959),
 .UNSPECIFIED.)
GEOMETRIC_REPRESENTATION_ITEM()
RATIONAL_B_SPLINE_SURFACE(((0.873537964324967,0.617684618198077,0.873537964324967,
0.617684618198077,0.873537964324967,0.617684618198077,0.873537964324967,
0.617684618198077,0.873537964324967),(0.799454656195474,0.565299808646979,
0.799454656195474,0.565299808646979,0.799454656195474,0.565299808646979,
0.799454656195474,0.565299808646979,0.799454656195474),(1.,0.707106781186548,
1.,0.707106781186548,1.,0.707106781186548,1.,0.707106781186548,1.),(0.707106781186548,
0.500000000000001,0.707106781186548,0.500000000000001,0.707106781186548,
0.500000000000001,0.707106781186548,0.500000000000001,0.707106781186548),
(1.,0.707106781186548,1.,0.707106781186548,1.,0.707106781186548,1.,0.707106781186548,
1.),(0.707106781186547,0.499999999999999,0.707106781186547,0.499999999999999,
0.707106781186547,0.499999999999999,0.707106781186547,0.499999999999999,
0.707106781186547),(1.,0.707106781186548,1.,0.707106781186548,1.,0.707106781186548,
1.,0.707106781186548,1.),(0.707106781186548,0.500000000000001,0.707106781186548,
0.500000000000001,0.707106781186548,0.500000000000001,0.707106781186548,
0.500000000000001,0.707106781186548),(1.,0.707106781186548,1.,0.707106781186548,
1.,0.707106781186548,1.,0.707106781186548,1.),(0.907652124991085,0.641806972539576,
0.907652124991085,0.641806972539576,0.907652124991085,0.641806972539576,
0.907652124991085,0.641806972539576,0.907652124991085),(0.873537964324967,
0.617684618198077,0.873537964324967,0.617684618198077,0.873537964324967,
0.617684618198077,0.873537964324967,0.617684618198077,0.873537964324967)))
REPRESENTATION_ITEM('')
SURFACE()
);
#3532=(
BOUNDED_SURFACE()
B_SPLINE_SURFACE(2,2,((#5531,#5532,#5533,#5534,#5535,#5536,#5537,#5538,
#5539),(#5540,#5541,#5542,#5543,#5544,#5545,#5546,#5547,#5548),(#5549,#5550,
#5551,#5552,#5553,#5554,#5555,#5556,#5557),(#5558,#5559,#5560,#5561,#5562,
#5563,#5564,#5565,#5566),(#5567,#5568,#5569,#5570,#5571,#5572,#5573,#5574,
#5575),(#5576,#5577,#5578,#5579,#5580,#5581,#5582,#5583,#5584),(#5585,#5586,
#5587,#5588,#5589,#5590,#5591,#5592,#5593),(#5594,#5595,#5596,#5597,#5598,
#5599,#5600,#5601,#5602),(#5603,#5604,#5605,#5606,#5607,#5608,#5609,#5610,
#5611),(#5612,#5613,#5614,#5615,#5616,#5617,#5618,#5619,#5620),(#5621,#5622,
#5623,#5624,#5625,#5626,#5627,#5628,#5629)),.UNSPECIFIED.,.T.,.T.,.F.)
B_SPLINE_SURFACE_WITH_KNOTS((3,2,2,2,2,3),(3,2,2,2,3),(2.00778780289347,
3.14159265358979,4.71238898038469,6.28318530717959,7.85398163397448,8.29097311007306),
(0.,1.5707963267949,3.14159265358979,4.71238898038469,6.28318530717959),
 .UNSPECIFIED.)
GEOMETRIC_REPRESENTATION_ITEM()
RATIONAL_B_SPLINE_SURFACE(((0.882371966959158,0.623931201365733,0.882371966959158,
0.623931201365733,0.882371966959158,0.623931201365733,0.882371966959158,
0.623931201365733,0.882371966959158),(0.788588917250433,0.557616570956339,
0.788588917250433,0.557616570956339,0.788588917250433,0.557616570956339,
0.788588917250433,0.557616570956339,0.788588917250433),(1.,0.707106781186548,
1.,0.707106781186548,1.,0.707106781186548,1.,0.707106781186548,1.),(0.707106781186541,
0.499999999999996,0.707106781186541,0.499999999999996,0.707106781186541,
0.499999999999996,0.707106781186541,0.499999999999996,0.707106781186541),
(1.,0.707106781186548,1.,0.707106781186548,1.,0.707106781186548,1.,0.707106781186548,
1.),(0.707106781186547,0.5,0.707106781186547,0.5,0.707106781186547,0.5,
0.707106781186547,0.5,0.707106781186547),(1.,0.707106781186548,1.,0.707106781186548,
1.,0.707106781186548,1.,0.707106781186548,1.),(0.707106781186541,0.499999999999996,
0.707106781186541,0.499999999999996,0.707106781186541,0.499999999999996,
0.707106781186541,0.499999999999996,0.707106781186541),(1.,0.707106781186548,
1.,0.707106781186548,1.,0.707106781186548,1.,0.707106781186548,1.),(0.918517863936114,
0.649490210230209,0.918517863936114,0.649490210230209,0.918517863936114,
0.649490210230209,0.918517863936114,0.649490210230209,0.918517863936114),
(0.882371966959158,0.623931201365733,0.882371966959158,0.623931201365733,
0.882371966959158,0.623931201365733,0.882371966959158,0.623931201365733,
0.882371966959158)))
REPRESENTATION_ITEM('')
SURFACE()
);
#3533=(
BOUNDED_SURFACE()
B_SPLINE_SURFACE(2,2,((#5692,#5693,#5694,#5695,#5696,#5697,#5698,#5699,
#5700),(#5701,#5702,#5703,#5704,#5705,#5706,#5707,#5708,#5709),(#5710,#5711,
#5712,#5713,#5714,#5715,#5716,#5717,#5718),(#5719,#5720,#5721,#5722,#5723,
#5724,#5725,#5726,#5727),(#5728,#5729,#5730,#5731,#5732,#5733,#5734,#5735,
#5736),(#5737,#5738,#5739,#5740,#5741,#5742,#5743,#5744,#5745),(#5746,#5747,
#5748,#5749,#5750,#5751,#5752,#5753,#5754),(#5755,#5756,#5757,#5758,#5759,
#5760,#5761,#5762,#5763),(#5764,#5765,#5766,#5767,#5768,#5769,#5770,#5771,
#5772)),.UNSPECIFIED.,.T.,.T.,.F.)
B_SPLINE_SURFACE_WITH_KNOTS((3,2,2,2,3),(3,2,2,2,3),(-3.14159265358979,
-1.5707963267949,0.,1.5707963267949,3.14159265358979),(0.,1.5707963267949,
3.14159265358979,4.71238898038469,6.28318530717959),.UNSPECIFIED.)
GEOMETRIC_REPRESENTATION_ITEM()
RATIONAL_B_SPLINE_SURFACE(((1.,0.707106781186548,1.,0.707106781186548,1.,
0.707106781186548,1.,0.707106781186548,1.),(0.70710678118656,0.500000000000009,
0.70710678118656,0.500000000000009,0.70710678118656,0.500000000000009,0.70710678118656,
0.500000000000009,0.70710678118656),(1.,0.707106781186548,1.,0.707106781186548,
1.,0.707106781186548,1.,0.707106781186548,1.),(0.707106781186545,0.499999999999998,
0.707106781186545,0.499999999999998,0.707106781186545,0.499999999999998,
0.707106781186545,0.499999999999998,0.707106781186545),(1.,0.707106781186548,
1.,0.707106781186548,1.,0.707106781186548,1.,0.707106781186548,1.),(0.70710678118656,
0.500000000000009,0.70710678118656,0.500000000000009,0.70710678118656,0.500000000000009,
0.70710678118656,0.500000000000009,0.70710678118656),(1.,0.707106781186548,
1.,0.707106781186548,1.,0.707106781186548,1.,0.707106781186548,1.),(0.707106781186545,
0.499999999999998,0.707106781186545,0.499999999999998,0.707106781186545,
0.499999999999998,0.707106781186545,0.499999999999998,0.707106781186545),
(1.,0.707106781186548,1.,0.707106781186548,1.,0.707106781186548,1.,0.707106781186548,
1.)))
REPRESENTATION_ITEM('')
SURFACE()
);
#3534=(
BOUNDED_SURFACE()
B_SPLINE_SURFACE(2,2,((#5893,#5894,#5895,#5896,#5897,#5898,#5899,#5900,
#5901),(#5902,#5903,#5904,#5905,#5906,#5907,#5908,#5909,#5910),(#5911,#5912,
#5913,#5914,#5915,#5916,#5917,#5918,#5919),(#5920,#5921,#5922,#5923,#5924,
#5925,#5926,#5927,#5928),(#5929,#5930,#5931,#5932,#5933,#5934,#5935,#5936,
#5937),(#5938,#5939,#5940,#5941,#5942,#5943,#5944,#5945,#5946),(#5947,#5948,
#5949,#5950,#5951,#5952,#5953,#5954,#5955),(#5956,#5957,#5958,#5959,#5960,
#5961,#5962,#5963,#5964),(#5965,#5966,#5967,#5968,#5969,#5970,#5971,#5972,
#5973),(#5974,#5975,#5976,#5977,#5978,#5979,#5980,#5981,#5982),(#5983,#5984,
#5985,#5986,#5987,#5988,#5989,#5990,#5991)),.UNSPECIFIED.,.T.,.T.,.F.)
B_SPLINE_SURFACE_WITH_KNOTS((3,2,2,2,2,3),(3,2,2,2,3),(1.91876773383928,
3.14159265358979,4.71238898038469,6.28318530717959,7.85398163397448,8.20195304101887),
(0.,1.5707963267949,3.14159265358979,4.71238898038469,6.28318530717959),
 .UNSPECIFIED.)
GEOMETRIC_REPRESENTATION_ITEM()
RATIONAL_B_SPLINE_SURFACE(((0.898979992074498,0.635674848546906,0.898979992074498,
0.635674848546906,0.898979992074498,0.635674848546906,0.898979992074498,
0.635674848546906,0.898979992074498),(0.771990091470461,0.545879428687586,
0.771990091470461,0.545879428687586,0.771990091470461,0.545879428687586,
0.771990091470461,0.545879428687586,0.771990091470461),(1.,0.707106781186548,
1.,0.707106781186548,1.,0.707106781186548,1.,0.707106781186548,1.),(0.707106781186538,
0.499999999999994,0.707106781186538,0.499999999999994,0.707106781186538,
0.499999999999994,0.707106781186538,0.499999999999994,0.707106781186538),
(1.,0.707106781186548,1.,0.707106781186548,1.,0.707106781186548,1.,0.707106781186548,
1.),(0.707106781186538,0.499999999999994,0.707106781186538,0.499999999999994,
0.707106781186538,0.499999999999994,0.707106781186538,0.499999999999994,
0.707106781186538),(1.,0.707106781186548,1.,0.707106781186548,1.,0.707106781186548,
1.,0.707106781186548,1.),(0.707106781186538,0.499999999999994,0.707106781186538,
0.499999999999994,0.707106781186538,0.499999999999994,0.707106781186538,
0.499999999999994,0.707106781186538),(1.,0.707106781186548,1.,0.707106781186548,
1.,0.707106781186548,1.,0.707106781186548,1.),(0.935116689716078,0.661227352498955,
0.935116689716078,0.661227352498955,0.935116689716078,0.661227352498955,
0.935116689716078,0.661227352498955,0.935116689716078),(0.898979992074498,
0.635674848546906,0.898979992074498,0.635674848546906,0.898979992074498,
0.635674848546906,0.898979992074498,0.635674848546906,0.898979992074498)))
REPRESENTATION_ITEM('')
SURFACE()
);
#3535=(
BOUNDED_SURFACE()
B_SPLINE_SURFACE(2,2,((#6038,#6039,#6040,#6041,#6042,#6043,#6044,#6045,
#6046),(#6047,#6048,#6049,#6050,#6051,#6052,#6053,#6054,#6055),(#6056,#6057,
#6058,#6059,#6060,#6061,#6062,#6063,#6064),(#6065,#6066,#6067,#6068,#6069,
#6070,#6071,#6072,#6073),(#6074,#6075,#6076,#6077,#6078,#6079,#6080,#6081,
#6082),(#6083,#6084,#6085,#6086,#6087,#6088,#6089,#6090,#6091),(#6092,#6093,
#6094,#6095,#6096,#6097,#6098,#6099,#6100),(#6101,#6102,#6103,#6104,#6105,
#6106,#6107,#6108,#6109),(#6110,#6111,#6112,#6113,#6114,#6115,#6116,#6117,
#6118)),.UNSPECIFIED.,.T.,.T.,.F.)
B_SPLINE_SURFACE_WITH_KNOTS((3,2,2,2,3),(3,2,2,2,3),(-3.14159265358979,
-1.5707963267949,0.,1.5707963267949,3.14159265358979),(0.,1.5707963267949,
3.14159265358979,4.71238898038469,6.28318530717959),.UNSPECIFIED.)
GEOMETRIC_REPRESENTATION_ITEM()
RATIONAL_B_SPLINE_SURFACE(((1.,0.707106781186548,1.,0.707106781186548,1.,
0.707106781186548,1.,0.707106781186548,1.),(0.707106781186548,0.500000000000001,
0.707106781186548,0.500000000000001,0.707106781186548,0.500000000000001,
0.707106781186548,0.500000000000001,0.707106781186548),(1.,0.707106781186548,
1.,0.707106781186548,1.,0.707106781186548,1.,0.707106781186548,1.),(0.707106781186545,
0.499999999999998,0.707106781186545,0.499999999999998,0.707106781186545,
0.499999999999998,0.707106781186545,0.499999999999998,0.707106781186545),
(1.,0.707106781186548,1.,0.707106781186548,1.,0.707106781186548,1.,0.707106781186548,
1.),(0.707106781186548,0.500000000000001,0.707106781186548,0.500000000000001,
0.707106781186548,0.500000000000001,0.707106781186548,0.500000000000001,
0.707106781186548),(1.,0.707106781186548,1.,0.707106781186548,1.,0.707106781186548,
1.,0.707106781186548,1.),(0.707106781186545,0.499999999999998,0.707106781186545,
0.499999999999998,0.707106781186545,0.499999999999998,0.707106781186545,
0.499999999999998,0.707106781186545),(1.,0.707106781186548,1.,0.707106781186548,
1.,0.707106781186548,1.,0.707106781186548,1.)))
REPRESENTATION_ITEM('')
SURFACE()
);
#3536=(
BOUNDED_SURFACE()
B_SPLINE_SURFACE(2,2,((#6186,#6187,#6188,#6189,#6190,#6191,#6192,#6193,
#6194),(#6195,#6196,#6197,#6198,#6199,#6200,#6201,#6202,#6203),(#6204,#6205,
#6206,#6207,#6208,#6209,#6210,#6211,#6212),(#6213,#6214,#6215,#6216,#6217,
#6218,#6219,#6220,#6221),(#6222,#6223,#6224,#6225,#6226,#6227,#6228,#6229,
#6230),(#6231,#6232,#6233,#6234,#6235,#6236,#6237,#6238,#6239),(#6240,#6241,
#6242,#6243,#6244,#6245,#6246,#6247,#6248),(#6249,#6250,#6251,#6252,#6253,
#6254,#6255,#6256,#6257),(#6258,#6259,#6260,#6261,#6262,#6263,#6264,#6265,
#6266),(#6267,#6268,#6269,#6270,#6271,#6272,#6273,#6274,#6275),(#6276,#6277,
#6278,#6279,#6280,#6281,#6282,#6283,#6284)),.UNSPECIFIED.,.T.,.T.,.F.)
B_SPLINE_SURFACE_WITH_KNOTS((3,2,2,2,2,3),(3,2,2,2,3),(2.36640009600541,
3.14159265358979,4.71238898038469,6.28318530717959,7.85398163397448,8.649585403185),
(0.,1.5707963267949,3.14159265358979,4.71238898038469,6.28318530717959),
 .UNSPECIFIED.)
GEOMETRIC_REPRESENTATION_ITEM()
RATIONAL_B_SPLINE_SURFACE(((0.853578117918345,0.603570875452512,0.853578117918345,
0.603570875452512,0.853578117918345,0.603570875452512,0.853578117918345,
0.603570875452512,0.853578117918345),(0.855456344327976,0.604898982083366,
0.855456344327976,0.604898982083366,0.855456344327976,0.604898982083366,
0.855456344327976,0.604898982083366,0.855456344327976),(1.,0.707106781186548,
1.,0.707106781186548,1.,0.707106781186548,1.,0.707106781186548,1.),(0.707106781186561,
0.500000000000009,0.707106781186561,0.500000000000009,0.707106781186561,
0.500000000000009,0.707106781186561,0.500000000000009,0.707106781186561),
(1.,0.707106781186548,1.,0.707106781186548,1.,0.707106781186548,1.,0.707106781186548,
1.),(0.707106781186547,0.5,0.707106781186547,0.5,0.707106781186547,0.5,
0.707106781186547,0.5,0.707106781186547),(1.,0.707106781186548,1.,0.707106781186548,
1.,0.707106781186548,1.,0.707106781186548,1.),(0.707106781186547,0.5,0.707106781186547,
0.5,0.707106781186547,0.5,0.707106781186547,0.5,0.707106781186547),(1.,
0.707106781186548,1.,0.707106781186548,1.,0.707106781186548,1.,0.707106781186548,
1.),(0.851650436858571,0.602207799103181,0.851650436858571,0.602207799103181,
0.851650436858571,0.602207799103181,0.851650436858571,0.602207799103181,
0.851650436858571),(0.853578117918345,0.603570875452512,0.853578117918345,
0.603570875452512,0.853578117918345,0.603570875452512,0.853578117918345,
0.603570875452512,0.853578117918345)))
REPRESENTATION_ITEM('')
SURFACE()
);
#3537=(
BOUNDED_SURFACE()
B_SPLINE_SURFACE(2,2,((#6476,#6477,#6478,#6479,#6480,#6481,#6482,#6483,
#6484),(#6485,#6486,#6487,#6488,#6489,#6490,#6491,#6492,#6493),(#6494,#6495,
#6496,#6497,#6498,#6499,#6500,#6501,#6502),(#6503,#6504,#6505,#6506,#6507,
#6508,#6509,#6510,#6511),(#6512,#6513,#6514,#6515,#6516,#6517,#6518,#6519,
#6520),(#6521,#6522,#6523,#6524,#6525,#6526,#6527,#6528,#6529),(#6530,#6531,
#6532,#6533,#6534,#6535,#6536,#6537,#6538),(#6539,#6540,#6541,#6542,#6543,
#6544,#6545,#6546,#6547),(#6548,#6549,#6550,#6551,#6552,#6553,#6554,#6555,
#6556),(#6557,#6558,#6559,#6560,#6561,#6562,#6563,#6564,#6565),(#6566,#6567,
#6568,#6569,#6570,#6571,#6572,#6573,#6574)),.UNSPECIFIED.,.T.,.T.,.F.)
B_SPLINE_SURFACE_WITH_KNOTS((3,2,2,2,2,3),(3,2,2,2,3),(2.45995125778593,
3.14159265358979,4.71238898038469,6.28318530717959,7.85398163397448,8.74313656496552),
(0.,1.5707963267949,3.14159265358979,4.71238898038469,6.28318530717959),
 .UNSPECIFIED.)
GEOMETRIC_REPRESENTATION_ITEM()
RATIONAL_B_SPLINE_SURFACE(((0.85610922331054,0.605360637239232,0.85610922331054,
0.605360637239232,0.85610922331054,0.605360637239232,0.85610922331054,0.605360637239232,
0.85610922331054),(0.87290004497217,0.617233541097863,0.87290004497217,
0.617233541097863,0.87290004497217,0.617233541097863,0.87290004497217,0.617233541097863,
0.87290004497217),(1.,0.707106781186548,1.,0.707106781186548,1.,0.707106781186548,
1.,0.707106781186548,1.),(0.707106781186578,0.500000000000022,0.707106781186578,
0.500000000000022,0.707106781186578,0.500000000000022,0.707106781186578,
0.500000000000022,0.707106781186578),(1.,0.707106781186548,1.,0.707106781186548,
1.,0.707106781186548,1.,0.707106781186548,1.),(0.707106781186512,0.499999999999975,
0.707106781186512,0.499999999999975,0.707106781186512,0.499999999999975,
0.707106781186512,0.499999999999975,0.707106781186512),(1.,0.707106781186548,
1.,0.707106781186548,1.,0.707106781186548,1.,0.707106781186548,1.),(0.707106781186578,
0.500000000000022,0.707106781186578,0.500000000000022,0.707106781186578,
0.500000000000022,0.707106781186578,0.500000000000022,0.707106781186578),
(1.,0.707106781186548,1.,0.707106781186548,1.,0.707106781186548,1.,0.707106781186548,
1.),(0.834206736214342,0.589873240088659,0.834206736214342,0.589873240088659,
0.834206736214342,0.589873240088659,0.834206736214342,0.589873240088659,
0.834206736214342),(0.85610922331054,0.605360637239232,0.85610922331054,
0.605360637239232,0.85610922331054,0.605360637239232,0.85610922331054,0.605360637239232,
0.85610922331054)))
REPRESENTATION_ITEM('')
SURFACE()
);
#3538=(
BOUNDED_SURFACE()
B_SPLINE_SURFACE(2,2,((#6748,#6749,#6750,#6751,#6752,#6753,#6754,#6755,
#6756),(#6757,#6758,#6759,#6760,#6761,#6762,#6763,#6764,#6765),(#6766,#6767,
#6768,#6769,#6770,#6771,#6772,#6773,#6774),(#6775,#6776,#6777,#6778,#6779,
#6780,#6781,#6782,#6783),(#6784,#6785,#6786,#6787,#6788,#6789,#6790,#6791,
#6792),(#6793,#6794,#6795,#6796,#6797,#6798,#6799,#6800,#6801),(#6802,#6803,
#6804,#6805,#6806,#6807,#6808,#6809,#6810),(#6811,#6812,#6813,#6814,#6815,
#6816,#6817,#6818,#6819),(#6820,#6821,#6822,#6823,#6824,#6825,#6826,#6827,
#6828)),.UNSPECIFIED.,.T.,.T.,.F.)
B_SPLINE_SURFACE_WITH_KNOTS((3,2,2,2,3),(3,2,2,2,3),(-3.14159265358979,
-1.5707963267949,0.,1.5707963267949,3.14159265358979),(0.,1.5707963267949,
3.14159265358979,4.71238898038469,6.28318530717959),.UNSPECIFIED.)
GEOMETRIC_REPRESENTATION_ITEM()
RATIONAL_B_SPLINE_SURFACE(((1.,0.707106781186548,1.,0.707106781186548,1.,
0.707106781186548,1.,0.707106781186548,1.),(0.707106781186547,0.5,0.707106781186547,
0.5,0.707106781186547,0.5,0.707106781186547,0.5,0.707106781186547),(1.,
0.707106781186548,1.,0.707106781186548,1.,0.707106781186548,1.,0.707106781186548,
1.),(0.707106781186548,0.5,0.707106781186548,0.5,0.707106781186548,0.5,
0.707106781186548,0.5,0.707106781186548),(1.,0.707106781186548,1.,0.707106781186548,
1.,0.707106781186548,1.,0.707106781186548,1.),(0.707106781186548,0.5,0.707106781186548,
0.5,0.707106781186548,0.5,0.707106781186548,0.5,0.707106781186548),(1.,
0.707106781186548,1.,0.707106781186548,1.,0.707106781186548,1.,0.707106781186548,
1.),(0.70710678118655,0.500000000000002,0.70710678118655,0.500000000000002,
0.70710678118655,0.500000000000002,0.70710678118655,0.500000000000002,0.70710678118655),
(1.,0.707106781186548,1.,0.707106781186548,1.,0.707106781186548,1.,0.707106781186548,
1.)))
REPRESENTATION_ITEM('')
SURFACE()
);
#3539=(
BOUNDED_SURFACE()
B_SPLINE_SURFACE(2,2,((#6840,#6841,#6842,#6843,#6844,#6845,#6846,#6847,
#6848),(#6849,#6850,#6851,#6852,#6853,#6854,#6855,#6856,#6857),(#6858,#6859,
#6860,#6861,#6862,#6863,#6864,#6865,#6866),(#6867,#6868,#6869,#6870,#6871,
#6872,#6873,#6874,#6875),(#6876,#6877,#6878,#6879,#6880,#6881,#6882,#6883,
#6884),(#6885,#6886,#6887,#6888,#6889,#6890,#6891,#6892,#6893),(#6894,#6895,
#6896,#6897,#6898,#6899,#6900,#6901,#6902),(#6903,#6904,#6905,#6906,#6907,
#6908,#6909,#6910,#6911),(#6912,#6913,#6914,#6915,#6916,#6917,#6918,#6919,
#6920)),.UNSPECIFIED.,.T.,.T.,.F.)
B_SPLINE_SURFACE_WITH_KNOTS((3,2,2,2,3),(3,2,2,2,3),(-3.14159265358979,
-1.5707963267949,0.,1.5707963267949,3.14159265358979),(0.,1.5707963267949,
3.14159265358979,4.71238898038469,6.28318530717959),.UNSPECIFIED.)
GEOMETRIC_REPRESENTATION_ITEM()
RATIONAL_B_SPLINE_SURFACE(((1.,0.707106781186548,1.,0.707106781186548,1.,
0.707106781186548,1.,0.707106781186548,1.),(0.707106781186547,0.5,0.707106781186547,
0.5,0.707106781186547,0.5,0.707106781186547,0.5,0.707106781186547),(1.,
0.707106781186548,1.,0.707106781186548,1.,0.707106781186548,1.,0.707106781186548,
1.),(0.707106781186548,0.5,0.707106781186548,0.5,0.707106781186548,0.5,
0.707106781186548,0.5,0.707106781186548),(1.,0.707106781186548,1.,0.707106781186548,
1.,0.707106781186548,1.,0.707106781186548,1.),(0.707106781186548,0.5,0.707106781186548,
0.5,0.707106781186548,0.5,0.707106781186548,0.5,0.707106781186548),(1.,
0.707106781186548,1.,0.707106781186548,1.,0.707106781186548,1.,0.707106781186548,
1.),(0.707106781186548,0.500000000000001,0.707106781186548,0.500000000000001,
0.707106781186548,0.500000000000001,0.707106781186548,0.500000000000001,
0.707106781186548),(1.,0.707106781186548,1.,0.707106781186548,1.,0.707106781186548,
1.,0.707106781186548,1.)))
REPRESENTATION_ITEM('')
SURFACE()
);
#3540=(
BOUNDED_SURFACE()
B_SPLINE_SURFACE(2,2,((#6934,#6935,#6936,#6937,#6938,#6939,#6940,#6941,
#6942),(#6943,#6944,#6945,#6946,#6947,#6948,#6949,#6950,#6951),(#6952,#6953,
#6954,#6955,#6956,#6957,#6958,#6959,#6960),(#6961,#6962,#6963,#6964,#6965,
#6966,#6967,#6968,#6969),(#6970,#6971,#6972,#6973,#6974,#6975,#6976,#6977,
#6978),(#6979,#6980,#6981,#6982,#6983,#6984,#6985,#6986,#6987),(#6988,#6989,
#6990,#6991,#6992,#6993,#6994,#6995,#6996),(#6997,#6998,#6999,#7000,#7001,
#7002,#7003,#7004,#7005),(#7006,#7007,#7008,#7009,#7010,#7011,#7012,#7013,
#7014)),.UNSPECIFIED.,.T.,.T.,.F.)
B_SPLINE_SURFACE_WITH_KNOTS((3,2,2,2,3),(3,2,2,2,3),(-3.14159265358979,
-1.5707963267949,0.,1.5707963267949,3.14159265358979),(0.,1.5707963267949,
3.14159265358979,4.71238898038469,6.28318530717959),.UNSPECIFIED.)
GEOMETRIC_REPRESENTATION_ITEM()
RATIONAL_B_SPLINE_SURFACE(((1.,0.707106781186548,1.,0.707106781186548,1.,
0.707106781186548,1.,0.707106781186548,1.),(0.707106781186548,0.5,0.707106781186548,
0.5,0.707106781186548,0.5,0.707106781186548,0.5,0.707106781186548),(1.,
0.707106781186548,1.,0.707106781186548,1.,0.707106781186548,1.,0.707106781186548,
1.),(0.707106781186547,0.5,0.707106781186547,0.5,0.707106781186547,0.5,
0.707106781186547,0.5,0.707106781186547),(1.,0.707106781186548,1.,0.707106781186548,
1.,0.707106781186548,1.,0.707106781186548,1.),(0.707106781186548,0.5,0.707106781186548,
0.5,0.707106781186548,0.5,0.707106781186548,0.5,0.707106781186548),(1.,
0.707106781186548,1.,0.707106781186548,1.,0.707106781186548,1.,0.707106781186548,
1.),(0.707106781186547,0.5,0.707106781186547,0.5,0.707106781186547,0.5,
0.707106781186547,0.5,0.707106781186547),(1.,0.707106781186548,1.,0.707106781186548,
1.,0.707106781186548,1.,0.707106781186548,1.)))
REPRESENTATION_ITEM('')
SURFACE()
);
#3541=(
BOUNDED_SURFACE()
B_SPLINE_SURFACE(2,2,((#7176,#7177,#7178,#7179,#7180,#7181,#7182,#7183,
#7184),(#7185,#7186,#7187,#7188,#7189,#7190,#7191,#7192,#7193),(#7194,#7195,
#7196,#7197,#7198,#7199,#7200,#7201,#7202),(#7203,#7204,#7205,#7206,#7207,
#7208,#7209,#7210,#7211),(#7212,#7213,#7214,#7215,#7216,#7217,#7218,#7219,
#7220),(#7221,#7222,#7223,#7224,#7225,#7226,#7227,#7228,#7229),(#7230,#7231,
#7232,#7233,#7234,#7235,#7236,#7237,#7238),(#7239,#7240,#7241,#7242,#7243,
#7244,#7245,#7246,#7247),(#7248,#7249,#7250,#7251,#7252,#7253,#7254,#7255,
#7256)),.UNSPECIFIED.,.T.,.T.,.F.)
B_SPLINE_SURFACE_WITH_KNOTS((3,2,2,2,3),(3,2,2,2,3),(-3.14159265358979,
-1.5707963267949,0.,1.5707963267949,3.14159265358979),(0.,1.5707963267949,
3.14159265358979,4.71238898038469,6.28318530717959),.UNSPECIFIED.)
GEOMETRIC_REPRESENTATION_ITEM()
RATIONAL_B_SPLINE_SURFACE(((1.,0.707106781186548,1.,0.707106781186548,1.,
0.707106781186548,1.,0.707106781186548,1.),(0.707106781186548,0.5,0.707106781186548,
0.5,0.707106781186548,0.5,0.707106781186548,0.5,0.707106781186548),(1.,
0.707106781186548,1.,0.707106781186548,1.,0.707106781186548,1.,0.707106781186548,
1.),(0.707106781186548,0.5,0.707106781186548,0.5,0.707106781186548,0.5,
0.707106781186548,0.5,0.707106781186548),(1.,0.707106781186548,1.,0.707106781186548,
1.,0.707106781186548,1.,0.707106781186548,1.),(0.707106781186548,0.5,0.707106781186548,
0.5,0.707106781186548,0.5,0.707106781186548,0.5,0.707106781186548),(1.,
0.707106781186548,1.,0.707106781186548,1.,0.707106781186548,1.,0.707106781186548,
1.),(0.707106781186544,0.499999999999998,0.707106781186544,0.499999999999998,
0.707106781186544,0.499999999999998,0.707106781186544,0.499999999999998,
0.707106781186544),(1.,0.707106781186548,1.,0.707106781186548,1.,0.707106781186548,
1.,0.707106781186548,1.)))
REPRESENTATION_ITEM('')
SURFACE()
);
#3542=(
BOUNDED_SURFACE()
B_SPLINE_SURFACE(2,2,((#7260,#7261,#7262,#7263,#7264,#7265,#7266,#7267,
#7268),(#7269,#7270,#7271,#7272,#7273,#7274,#7275,#7276,#7277),(#7278,#7279,
#7280,#7281,#7282,#7283,#7284,#7285,#7286),(#7287,#7288,#7289,#7290,#7291,
#7292,#7293,#7294,#7295),(#7296,#7297,#7298,#7299,#7300,#7301,#7302,#7303,
#7304),(#7305,#7306,#7307,#7308,#7309,#7310,#7311,#7312,#7313),(#7314,#7315,
#7316,#7317,#7318,#7319,#7320,#7321,#7322),(#7323,#7324,#7325,#7326,#7327,
#7328,#7329,#7330,#7331),(#7332,#7333,#7334,#7335,#7336,#7337,#7338,#7339,
#7340)),.UNSPECIFIED.,.T.,.T.,.F.)
B_SPLINE_SURFACE_WITH_KNOTS((3,2,2,2,3),(3,2,2,2,3),(-3.14159265358979,
-1.5707963267949,0.,1.5707963267949,3.14159265358979),(0.,1.5707963267949,
3.14159265358979,4.71238898038469,6.28318530717959),.UNSPECIFIED.)
GEOMETRIC_REPRESENTATION_ITEM()
RATIONAL_B_SPLINE_SURFACE(((1.,0.707106781186548,1.,0.707106781186548,1.,
0.707106781186548,1.,0.707106781186548,1.),(0.707106781186548,0.5,0.707106781186548,
0.5,0.707106781186548,0.5,0.707106781186548,0.5,0.707106781186548),(1.,
0.707106781186548,1.,0.707106781186548,1.,0.707106781186548,1.,0.707106781186548,
1.),(0.707106781186548,0.500000000000001,0.707106781186548,0.500000000000001,
0.707106781186548,0.500000000000001,0.707106781186548,0.500000000000001,
0.707106781186548),(1.,0.707106781186548,1.,0.707106781186548,1.,0.707106781186548,
1.,0.707106781186548,1.),(0.707106781186548,0.5,0.707106781186548,0.5,0.707106781186548,
0.5,0.707106781186548,0.5,0.707106781186548),(1.,0.707106781186548,1.,0.707106781186548,
1.,0.707106781186548,1.,0.707106781186548,1.),(0.707106781186548,0.5,0.707106781186548,
0.5,0.707106781186548,0.5,0.707106781186548,0.5,0.707106781186548),(1.,
0.707106781186548,1.,0.707106781186548,1.,0.707106781186548,1.,0.707106781186548,
1.)))
REPRESENTATION_ITEM('')
SURFACE()
);
#3543=(
BOUNDED_SURFACE()
B_SPLINE_SURFACE(2,2,((#7344,#7345,#7346,#7347,#7348,#7349,#7350,#7351,
#7352,#7353,#7354),(#7355,#7356,#7357,#7358,#7359,#7360,#7361,#7362,#7363,
#7364,#7365),(#7366,#7367,#7368,#7369,#7370,#7371,#7372,#7373,#7374,#7375,
#7376),(#7377,#7378,#7379,#7380,#7381,#7382,#7383,#7384,#7385,#7386,#7387),
(#7388,#7389,#7390,#7391,#7392,#7393,#7394,#7395,#7396,#7397,#7398),(#7399,
#7400,#7401,#7402,#7403,#7404,#7405,#7406,#7407,#7408,#7409),(#7410,#7411,
#7412,#7413,#7414,#7415,#7416,#7417,#7418,#7419,#7420),(#7421,#7422,#7423,
#7424,#7425,#7426,#7427,#7428,#7429,#7430,#7431),(#7432,#7433,#7434,#7435,
#7436,#7437,#7438,#7439,#7440,#7441,#7442)),.UNSPECIFIED.,.T.,.T.,.F.)
B_SPLINE_SURFACE_WITH_KNOTS((3,2,2,2,3),(3,2,2,2,2,3),(-3.14159265358979,
-1.5707963267949,0.,1.5707963267949,3.14159265358979),(6.19483450380585,
6.28318530717959,7.85398163397448,9.42477796076938,10.9955742875643,12.4780198109854),
 .UNSPECIFIED.)
GEOMETRIC_REPRESENTATION_ITEM()
RATIONAL_B_SPLINE_SURFACE(((0.968905125787775,0.9835259665792,1.,0.707106781186548,
1.,0.707106781186548,1.,0.707106781186548,1.,0.723580814607348,0.968905125787775),
(0.685119384770941,0.695457880441206,0.707106781186548,0.5,0.707106781186548,
0.5,0.707106781186548,0.5,0.707106781186548,0.511648900745342,0.685119384770941),
(0.968905125787775,0.9835259665792,1.,0.707106781186548,1.,0.707106781186548,
1.,0.707106781186548,1.,0.723580814607348,0.968905125787775),(0.685119384770942,
0.695457880441207,0.707106781186549,0.500000000000001,0.707106781186549,
0.500000000000001,0.707106781186549,0.500000000000001,0.707106781186549,
0.511648900745343,0.685119384770942),(0.968905125787775,0.9835259665792,
1.,0.707106781186548,1.,0.707106781186548,1.,0.707106781186548,1.,0.723580814607348,
0.968905125787775),(0.685119384770942,0.695457880441207,0.707106781186549,
0.500000000000001,0.707106781186549,0.500000000000001,0.707106781186549,
0.500000000000001,0.707106781186549,0.511648900745343,0.685119384770942),
(0.968905125787775,0.9835259665792,1.,0.707106781186548,1.,0.707106781186548,
1.,0.707106781186548,1.,0.723580814607348,0.968905125787775),(0.685119384770941,
0.695457880441206,0.707106781186547,0.5,0.707106781186547,0.5,0.707106781186547,
0.5,0.707106781186547,0.511648900745342,0.685119384770941),(0.968905125787775,
0.9835259665792,1.,0.707106781186548,1.,0.707106781186548,1.,0.707106781186548,
1.,0.723580814607348,0.968905125787775)))
REPRESENTATION_ITEM('')
SURFACE()
);
#3544=ADVANCED_FACE('',(#601),#3522,.T.);
#3545=ADVANCED_FACE('',(#602),#598,.F.);
#3546=ADVANCED_FACE('',(#603),#3523,.T.);
#3547=ADVANCED_FACE('',(#604),#282,.F.);
#3548=ADVANCED_FACE('',(#605),#599,.F.);
#3549=ADVANCED_FACE('',(#606),#3524,.T.);
#3550=ADVANCED_FACE('',(#607),#3525,.T.);
#3551=ADVANCED_FACE('',(#608),#3526,.T.);
#3552=ADVANCED_FACE('',(#609),#3527,.T.);
#3553=ADVANCED_FACE('',(#610),#42,.F.);
#3554=ADVANCED_FACE('',(#611),#3528,.T.);
#3555=ADVANCED_FACE('',(#612),#3529,.T.);
#3556=ADVANCED_FACE('',(#613),#600,.F.);
#3557=ADVANCED_FACE('',(#614),#3530,.T.);
#3558=ADVANCED_FACE('',(#615),#3531,.F.);
#3559=ADVANCED_FACE('',(#616),#3532,.F.);
#3560=ADVANCED_FACE('',(#617),#3533,.F.);
#3561=ADVANCED_FACE('',(#618),#43,.F.);
#3562=ADVANCED_FACE('',(#619),#3534,.F.);
#3563=ADVANCED_FACE('',(#620),#3535,.F.);
#3564=ADVANCED_FACE('',(#621),#3536,.F.);
#3565=ADVANCED_FACE('',(#622),#44,.F.);
#3566=ADVANCED_FACE('',(#623),#45,.F.);
#3567=ADVANCED_FACE('',(#624),#3537,.F.);
#3568=ADVANCED_FACE('',(#625),#46,.F.);
#3569=ADVANCED_FACE('',(#626),#47,.F.);
#3570=ADVANCED_FACE('',(#627),#48,.F.);
#3571=ADVANCED_FACE('',(#628),#49,.F.);
#3572=ADVANCED_FACE('',(#629),#50,.F.);
#3573=ADVANCED_FACE('',(#630),#51,.F.);
#3574=ADVANCED_FACE('',(#631),#52,.F.);
#3575=ADVANCED_FACE('',(#632),#53,.F.);
#3576=ADVANCED_FACE('',(#633),#54,.F.);
#3577=ADVANCED_FACE('',(#634),#55,.F.);
#3578=ADVANCED_FACE('',(#635),#3538,.T.);
#3579=ADVANCED_FACE('',(#636),#3539,.T.);
#3580=ADVANCED_FACE('',(#637),#3540,.T.);
#3581=ADVANCED_FACE('',(#638),#56,.F.);
#3582=ADVANCED_FACE('',(#639),#57,.F.);
#3583=ADVANCED_FACE('',(#640),#58,.F.);
#3584=ADVANCED_FACE('',(#641),#59,.F.);
#3585=ADVANCED_FACE('',(#642),#60,.F.);
#3586=ADVANCED_FACE('',(#643),#61,.F.);
#3587=ADVANCED_FACE('',(#644),#62,.F.);
#3588=ADVANCED_FACE('',(#645),#63,.F.);
#3589=ADVANCED_FACE('',(#646),#64,.F.);
#3590=ADVANCED_FACE('',(#647),#65,.F.);
#3591=ADVANCED_FACE('',(#648),#3541,.T.);
#3592=ADVANCED_FACE('',(#649),#66,.F.);
#3593=ADVANCED_FACE('',(#650),#3542,.T.);
#3594=ADVANCED_FACE('',(#651),#67,.F.);
#3595=ADVANCED_FACE('',(#652),#3543,.T.);
#3596=ADVANCED_FACE('',(#653),#68,.F.);
#3597=ADVANCED_FACE('',(#654),#69,.F.);
#3598=ADVANCED_FACE('',(#655),#70,.F.);
#3599=ADVANCED_FACE('',(#656),#71,.F.);
#3600=ADVANCED_FACE('',(#657),#72,.F.);
#3601=ADVANCED_FACE('',(#658),#73,.F.);
#3602=ADVANCED_FACE('',(#659),#74,.F.);
#3603=ADVANCED_FACE('',(#660),#75,.F.);
#3604=ADVANCED_FACE('',(#661),#76,.F.);
#3605=ADVANCED_FACE('',(#662),#77,.F.);
#3606=ADVANCED_FACE('',(#663),#78,.F.);
#3607=ADVANCED_FACE('',(#664),#79,.F.);
#3608=ADVANCED_FACE('',(#665),#80,.F.);
#3609=ADVANCED_FACE('',(#666),#81,.F.);
#3610=ADVANCED_FACE('',(#667),#82,.F.);
#3611=ADVANCED_FACE('',(#668),#83,.F.);
#3612=ADVANCED_FACE('',(#669),#84,.F.);
#3613=ADVANCED_FACE('',(#670),#85,.F.);
#3614=ADVANCED_FACE('',(#671),#86,.F.);
#3615=ADVANCED_FACE('',(#672),#87,.F.);
#3616=ADVANCED_FACE('',(#673),#88,.F.);
#3617=ADVANCED_FACE('',(#674),#89,.F.);
#3618=ADVANCED_FACE('',(#675),#90,.F.);
#3619=ADVANCED_FACE('',(#676),#91,.F.);
#3620=ADVANCED_FACE('',(#677),#92,.F.);
#3621=ADVANCED_FACE('',(#678),#93,.F.);
#3622=ADVANCED_FACE('',(#679),#94,.F.);
#3623=ADVANCED_FACE('',(#680),#95,.F.);
#3624=ADVANCED_FACE('',(#681),#96,.F.);
#3625=ADVANCED_FACE('',(#682),#97,.F.);
#3626=ADVANCED_FACE('',(#683),#98,.F.);
#3627=ADVANCED_FACE('',(#684),#99,.F.);
#3628=ADVANCED_FACE('',(#685),#100,.F.);
#3629=ADVANCED_FACE('',(#686),#101,.F.);
#3630=ADVANCED_FACE('',(#687),#102,.F.);
#3631=ADVANCED_FACE('',(#688),#103,.F.);
#3632=ADVANCED_FACE('',(#689),#104,.F.);
#3633=ADVANCED_FACE('',(#690),#105,.F.);
#3634=ADVANCED_FACE('',(#691),#106,.F.);
#3635=ADVANCED_FACE('',(#692),#107,.F.);
#3636=ADVANCED_FACE('',(#693),#108,.F.);
#3637=ADVANCED_FACE('',(#694),#109,.F.);
#3638=ADVANCED_FACE('',(#695),#110,.F.);
#3639=ADVANCED_FACE('',(#696),#19,.F.);
#3640=ADVANCED_FACE('',(#697),#20,.F.);
#3641=ADVANCED_FACE('',(#698),#21,.F.);
#3642=ADVANCED_FACE('',(#699),#111,.T.);
#3643=ADVANCED_FACE('',(#700),#22,.F.);
#3644=ADVANCED_FACE('',(#701),#23,.F.);
#3645=ADVANCED_FACE('',(#702),#24,.F.);
#3646=ADVANCED_FACE('',(#703),#112,.T.);
#3647=ADVANCED_FACE('',(#704),#113,.T.);
#3648=ADVANCED_FACE('',(#705),#25,.F.);
#3649=ADVANCED_FACE('',(#706),#114,.T.);
#3650=ADVANCED_FACE('',(#707),#115,.T.);
#3651=ADVANCED_FACE('',(#708),#116,.T.);
#3652=ADVANCED_FACE('',(#709),#117,.T.);
#3653=ADVANCED_FACE('',(#710),#118,.T.);
#3654=ADVANCED_FACE('',(#711),#119,.T.);
#3655=ADVANCED_FACE('',(#712),#120,.T.);
#3656=ADVANCED_FACE('',(#713),#121,.T.);
#3657=ADVANCED_FACE('',(#714),#122,.T.);
#3658=ADVANCED_FACE('',(#715),#123,.T.);
#3659=ADVANCED_FACE('',(#716),#26,.T.);
#3660=ADVANCED_FACE('',(#717),#27,.T.);
#3661=ADVANCED_FACE('',(#718),#28,.T.);
#3662=ADVANCED_FACE('',(#719),#29,.T.);
#3663=ADVANCED_FACE('',(#720),#30,.T.);
#3664=ADVANCED_FACE('',(#721),#31,.T.);
#3665=ADVANCED_FACE('',(#722),#124,.T.);
#3666=ADVANCED_FACE('',(#723),#125,.T.);
#3667=ADVANCED_FACE('',(#724),#126,.T.);
#3668=ADVANCED_FACE('',(#725),#127,.T.);
#3669=ADVANCED_FACE('',(#726),#128,.T.);
#3670=ADVANCED_FACE('',(#727),#129,.T.);
#3671=ADVANCED_FACE('',(#728),#130,.T.);
#3672=ADVANCED_FACE('',(#729),#131,.T.);
#3673=ADVANCED_FACE('',(#730),#132,.T.);
#3674=ADVANCED_FACE('',(#731),#133,.T.);
#3675=ADVANCED_FACE('',(#732),#134,.T.);
#3676=ADVANCED_FACE('',(#733),#32,.T.);
#3677=ADVANCED_FACE('',(#734),#135,.T.);
#3678=ADVANCED_FACE('',(#735),#33,.T.);
#3679=ADVANCED_FACE('',(#736),#136,.T.);
#3680=ADVANCED_FACE('',(#737),#34,.T.);
#3681=ADVANCED_FACE('',(#738),#137,.T.);
#3682=ADVANCED_FACE('',(#739),#138,.T.);
#3683=ADVANCED_FACE('',(#740),#139,.T.);
#3684=ADVANCED_FACE('',(#741),#140,.T.);
#3685=ADVANCED_FACE('',(#742),#141,.T.);
#3686=ADVANCED_FACE('',(#743),#142,.T.);
#3687=ADVANCED_FACE('',(#744),#143,.T.);
#3688=ADVANCED_FACE('',(#745),#144,.T.);
#3689=ADVANCED_FACE('',(#746),#145,.T.);
#3690=ADVANCED_FACE('',(#747),#146,.T.);
#3691=ADVANCED_FACE('',(#748),#147,.T.);
#3692=ADVANCED_FACE('',(#749),#148,.T.);
#3693=ADVANCED_FACE('',(#750),#149,.T.);
#3694=ADVANCED_FACE('',(#751),#150,.T.);
#3695=ADVANCED_FACE('',(#752),#151,.T.);
#3696=ADVANCED_FACE('',(#753),#152,.T.);
#3697=ADVANCED_FACE('',(#754),#153,.T.);
#3698=ADVANCED_FACE('',(#755),#154,.T.);
#3699=ADVANCED_FACE('',(#756),#155,.T.);
#3700=ADVANCED_FACE('',(#757),#156,.T.);
#3701=ADVANCED_FACE('',(#758),#157,.T.);
#3702=ADVANCED_FACE('',(#759),#158,.T.);
#3703=ADVANCED_FACE('',(#760),#159,.T.);
#3704=ADVANCED_FACE('',(#761),#160,.T.);
#3705=ADVANCED_FACE('',(#762),#161,.T.);
#3706=ADVANCED_FACE('',(#763),#162,.T.);
#3707=ADVANCED_FACE('',(#764),#163,.T.);
#3708=ADVANCED_FACE('',(#765),#164,.T.);
#3709=ADVANCED_FACE('',(#766),#165,.T.);
#3710=ADVANCED_FACE('',(#767),#166,.T.);
#3711=ADVANCED_FACE('',(#768),#167,.T.);
#3712=ADVANCED_FACE('',(#769),#168,.T.);
#3713=ADVANCED_FACE('',(#770),#169,.T.);
#3714=ADVANCED_FACE('',(#771),#170,.T.);
#3715=ADVANCED_FACE('',(#772),#171,.T.);
#3716=ADVANCED_FACE('',(#773),#172,.T.);
#3717=ADVANCED_FACE('',(#774),#173,.T.);
#3718=ADVANCED_FACE('',(#775),#174,.T.);
#3719=ADVANCED_FACE('',(#776),#175,.T.);
#3720=ADVANCED_FACE('',(#777),#176,.T.);
#3721=ADVANCED_FACE('',(#778),#177,.T.);
#3722=ADVANCED_FACE('',(#779),#178,.T.);
#3723=ADVANCED_FACE('',(#780),#179,.T.);
#3724=ADVANCED_FACE('',(#781,#15),#17,.T.);
#3725=ADVANCED_FACE('',(#782,#16),#18,.T.);
#3726=CLOSED_SHELL('',(#3544,#3545,#3546,#3547,#3548,#3549,#3550,#3551,
#3552,#3553,#3554,#3555,#3556,#3557,#3558,#3559,#3560,#3561,#3562,#3563,
#3564,#3565,#3566,#3567,#3568,#3569,#3570,#3571,#3572,#3573,#3574,#3575,
#3576,#3577,#3578,#3579,#3580,#3581,#3582,#3583,#3584,#3585,#3586,#3587,
#3588,#3589,#3590,#3591,#3592,#3593,#3594,#3595,#3596,#3597,#3598,#3599,
#3600,#3601,#3602,#3603,#3604,#3605,#3606,#3607,#3608,#3609,#3610,#3611,
#3612,#3613,#3614,#3615,#3616,#3617,#3618,#3619,#3620,#3621,#3622,#3623,
#3624,#3625,#3626,#3627,#3628,#3629,#3630,#3631,#3632,#3633,#3634,#3635,
#3636,#3637,#3638,#3639,#3640,#3641,#3642,#3643,#3644,#3645,#3646,#3647,
#3648,#3649,#3650,#3651,#3652,#3653,#3654,#3655,#3656,#3657,#3658,#3659,
#3660,#3661,#3662,#3663,#3664,#3665,#3666,#3667,#3668,#3669,#3670,#3671,
#3672,#3673,#3674,#3675,#3676,#3677,#3678,#3679,#3680,#3681,#3682,#3683,
#3684,#3685,#3686,#3687,#3688,#3689,#3690,#3691,#3692,#3693,#3694,#3695,
#3696,#3697,#3698,#3699,#3700,#3701,#3702,#3703,#3704,#3705,#3706,#3707,
#3708,#3709,#3710,#3711,#3712,#3713,#3714,#3715,#3716,#3717,#3718,#3719,
#3720,#3721,#3722,#3723,#3724,#3725));
#3727=DERIVED_UNIT_ELEMENT(#3729,1.);
#3728=DERIVED_UNIT_ELEMENT(#9514,-3.);
#3729=(
MASS_UNIT()
NAMED_UNIT(*)
SI_UNIT(.KILO.,.GRAM.)
);
#3730=DERIVED_UNIT((#3727,#3728));
#3731=MEASURE_REPRESENTATION_ITEM('density measure',
POSITIVE_RATIO_MEASURE(7850.),#3730);
#3732=PROPERTY_DEFINITION_REPRESENTATION(#3737,#3734);
#3733=PROPERTY_DEFINITION_REPRESENTATION(#3738,#3735);
#3734=REPRESENTATION('material name',(#3736),#9511);
#3735=REPRESENTATION('density',(#3731),#9511);
#3736=DESCRIPTIVE_REPRESENTATION_ITEM('Steel','Steel');
#3737=PROPERTY_DEFINITION('material property','material name',#9521);
#3738=PROPERTY_DEFINITION('material property','density of part',#9521);
#3739=AXIS2_PLACEMENT_3D('',#4794,#4046,#4047);
#3740=AXIS2_PLACEMENT_3D('',#4803,#4048,#4049);
#3741=AXIS2_PLACEMENT_3D('',#4806,#4051,#4052);
#3742=AXIS2_PLACEMENT_3D('',#4833,#4053,#4054);
#3743=AXIS2_PLACEMENT_3D('',#4835,#4055,#4056);
#3744=AXIS2_PLACEMENT_3D('',#4837,#4058,#4059);
#3745=AXIS2_PLACEMENT_3D('',#4839,#4060,#4061);
#3746=AXIS2_PLACEMENT_3D('',#4840,#4062,#4063);
#3747=AXIS2_PLACEMENT_3D('',#4867,#4064,#4065);
#3748=AXIS2_PLACEMENT_3D('',#4869,#4066,#4067);
#3749=AXIS2_PLACEMENT_3D('',#4983,#4071,#4072);
#3750=AXIS2_PLACEMENT_3D('',#5092,#4075,#4076);
#3751=AXIS2_PLACEMENT_3D('',#5203,#4079,#4080);
#3752=AXIS2_PLACEMENT_3D('',#5208,#4081,#4082);
#3753=AXIS2_PLACEMENT_3D('',#5210,#4083,#4084);
#3754=AXIS2_PLACEMENT_3D('',#5212,#4085,#4086);
#3755=AXIS2_PLACEMENT_3D('',#5242,#4088,#4089);
#3756=AXIS2_PLACEMENT_3D('',#5244,#4090,#4091);
#3757=AXIS2_PLACEMENT_3D('',#5253,#4093,#4094);
#3758=AXIS2_PLACEMENT_3D('',#5254,#4095,#4096);
#3759=AXIS2_PLACEMENT_3D('',#5281,#4097,#4098);
#3760=AXIS2_PLACEMENT_3D('',#5282,#4099,#4100);
#3761=AXIS2_PLACEMENT_3D('',#5632,#4101,#4102);
#3762=AXIS2_PLACEMENT_3D('',#5633,#4103,#4104);
#3763=AXIS2_PLACEMENT_3D('',#5775,#4105,#4106);
#3764=AXIS2_PLACEMENT_3D('',#5820,#4107,#4108);
#3765=AXIS2_PLACEMENT_3D('',#5821,#4109,#4110);
#3766=AXIS2_PLACEMENT_3D('',#5824,#4111,#4112);
#3767=AXIS2_PLACEMENT_3D('',#5891,#4114,#4115);
#3768=AXIS2_PLACEMENT_3D('',#5892,#4116,#4117);
#3769=AXIS2_PLACEMENT_3D('',#6287,#4118,#4119);
#3770=AXIS2_PLACEMENT_3D('',#6294,#4120,#4121);
#3771=AXIS2_PLACEMENT_3D('',#6295,#4122,#4123);
#3772=AXIS2_PLACEMENT_3D('',#6296,#4124,#4125);
#3773=AXIS2_PLACEMENT_3D('',#6389,#4127,#4128);
#3774=AXIS2_PLACEMENT_3D('',#6392,#4129,#4130);
#3775=AXIS2_PLACEMENT_3D('',#6474,#4132,#4133);
#3776=AXIS2_PLACEMENT_3D('',#6475,#4134,#4135);
#3777=AXIS2_PLACEMENT_3D('',#6577,#4136,#4137);
#3778=AXIS2_PLACEMENT_3D('',#6584,#4138,#4139);
#3779=AXIS2_PLACEMENT_3D('',#6585,#4140,#4141);
#3780=AXIS2_PLACEMENT_3D('',#6586,#4142,#4143);
#3781=AXIS2_PLACEMENT_3D('',#6678,#4145,#4146);
#3782=AXIS2_PLACEMENT_3D('',#6702,#4150,#4151);
#3783=AXIS2_PLACEMENT_3D('',#6708,#4154,#4155);
#3784=AXIS2_PLACEMENT_3D('',#6716,#4156,#4157);
#3785=AXIS2_PLACEMENT_3D('',#6727,#4160,#4161);
#3786=AXIS2_PLACEMENT_3D('',#6728,#4162,#4163);
#3787=AXIS2_PLACEMENT_3D('',#6731,#4165,#4166);
#3788=AXIS2_PLACEMENT_3D('',#6732,#4167,#4168);
#3789=AXIS2_PLACEMENT_3D('',#6733,#4169,#4170);
#3790=AXIS2_PLACEMENT_3D('',#6734,#4171,#4172);
#3791=AXIS2_PLACEMENT_3D('',#6739,#4173,#4174);
#3792=AXIS2_PLACEMENT_3D('',#6740,#4175,#4176);
#3793=AXIS2_PLACEMENT_3D('',#6741,#4177,#4178);
#3794=AXIS2_PLACEMENT_3D('',#6743,#4179,#4180);
#3795=AXIS2_PLACEMENT_3D('',#7023,#4181,#4182);
#3796=AXIS2_PLACEMENT_3D('',#7035,#4184,#4185);
#3797=AXIS2_PLACEMENT_3D('',#7044,#4186,#4187);
#3798=AXIS2_PLACEMENT_3D('',#7059,#4188,#4189);
#3799=AXIS2_PLACEMENT_3D('',#7064,#4190,#4191);
#3800=AXIS2_PLACEMENT_3D('',#7066,#4192,#4193);
#3801=AXIS2_PLACEMENT_3D('',#7072,#4194,#4195);
#3802=AXIS2_PLACEMENT_3D('',#7073,#4196,#4197);
#3803=AXIS2_PLACEMENT_3D('',#7085,#4198,#4199);
#3804=AXIS2_PLACEMENT_3D('',#7099,#4200,#4201);
#3805=AXIS2_PLACEMENT_3D('',#7103,#4203,#4204);
#3806=AXIS2_PLACEMENT_3D('',#7104,#4205,#4206);
#3807=AXIS2_PLACEMENT_3D('',#7105,#4207,#4208);
#3808=AXIS2_PLACEMENT_3D('',#7112,#4209,#4210);
#3809=AXIS2_PLACEMENT_3D('',#7135,#4212,#4213);
#3810=AXIS2_PLACEMENT_3D('',#7136,#4214,#4215);
#3811=AXIS2_PLACEMENT_3D('',#7152,#4218,#4219);
#3812=AXIS2_PLACEMENT_3D('',#7168,#4220,#4221);
#3813=AXIS2_PLACEMENT_3D('',#7169,#4222,#4223);
#3814=AXIS2_PLACEMENT_3D('',#7170,#4224,#4225);
#3815=AXIS2_PLACEMENT_3D('',#7258,#4228,#4229);
#3816=AXIS2_PLACEMENT_3D('',#7342,#4232,#4233);
#3817=AXIS2_PLACEMENT_3D('',#7444,#4236,#4237);
#3818=AXIS2_PLACEMENT_3D('',#7445,#4238,#4239);
#3819=AXIS2_PLACEMENT_3D('',#7446,#4240,#4241);
#3820=AXIS2_PLACEMENT_3D('',#7450,#4243,#4244);
#3821=AXIS2_PLACEMENT_3D('',#7466,#4246,#4247);
#3822=AXIS2_PLACEMENT_3D('',#7469,#4248,#4249);
#3823=AXIS2_PLACEMENT_3D('',#7471,#4250,#4251);
#3824=AXIS2_PLACEMENT_3D('',#7474,#4254,#4255);
#3825=AXIS2_PLACEMENT_3D('',#7500,#4257,#4258);
#3826=AXIS2_PLACEMENT_3D('',#7511,#4261,#4262);
#3827=AXIS2_PLACEMENT_3D('',#7512,#4263,#4264);
#3828=AXIS2_PLACEMENT_3D('',#7516,#4266,#4267);
#3829=AXIS2_PLACEMENT_3D('',#7526,#4269,#4270);
#3830=AXIS2_PLACEMENT_3D('',#7542,#4272,#4273);
#3831=AXIS2_PLACEMENT_3D('',#7544,#4274,#4275);
#3832=AXIS2_PLACEMENT_3D('',#7545,#4276,#4277);
#3833=AXIS2_PLACEMENT_3D('',#7546,#4278,#4279);
#3834=AXIS2_PLACEMENT_3D('',#7549,#4282,#4283);
#3835=AXIS2_PLACEMENT_3D('',#7551,#4285,#4286);
#3836=AXIS2_PLACEMENT_3D('',#7553,#4288,#4289);
#3837=AXIS2_PLACEMENT_3D('',#7555,#4291,#4292);
#3838=AXIS2_PLACEMENT_3D('',#7557,#4294,#4295);
#3839=AXIS2_PLACEMENT_3D('',#7558,#4296,#4297);
#3840=AXIS2_PLACEMENT_3D('',#7565,#4298,#4299);
#3841=AXIS2_PLACEMENT_3D('',#7567,#4300,#4301);
#3842=AXIS2_PLACEMENT_3D('',#7572,#4302,#4303);
#3843=AXIS2_PLACEMENT_3D('',#7574,#4304,#4305);
#3844=AXIS2_PLACEMENT_3D('',#7576,#4307,#4308);
#3845=AXIS2_PLACEMENT_3D('',#7582,#4311,#4312);
#3846=AXIS2_PLACEMENT_3D('',#7583,#4313,#4314);
#3847=AXIS2_PLACEMENT_3D('',#7584,#4315,#4316);
#3848=AXIS2_PLACEMENT_3D('',#7588,#4318,#4319);
#3849=AXIS2_PLACEMENT_3D('',#7590,#4321,#4322);
#3850=AXIS2_PLACEMENT_3D('',#7592,#4323,#4324);
#3851=AXIS2_PLACEMENT_3D('',#7593,#4325,#4326);
#3852=AXIS2_PLACEMENT_3D('',#7594,#4327,#4328);
#3853=AXIS2_PLACEMENT_3D('',#7603,#4329,#4330);
#3854=AXIS2_PLACEMENT_3D('',#7605,#4332,#4333);
#3855=AXIS2_PLACEMENT_3D('',#7606,#4334,#4335);
#3856=AXIS2_PLACEMENT_3D('',#7615,#4337,#4338);
#3857=AXIS2_PLACEMENT_3D('',#7616,#4339,#4340);
#3858=AXIS2_PLACEMENT_3D('',#7617,#4341,#4342);
#3859=AXIS2_PLACEMENT_3D('',#7621,#4344,#4345);
#3860=AXIS2_PLACEMENT_3D('',#7622,#4346,#4347);
#3861=AXIS2_PLACEMENT_3D('',#7623,#4348,#4349);
#3862=AXIS2_PLACEMENT_3D('',#7625,#4350,#4351);
#3863=AXIS2_PLACEMENT_3D('',#7627,#4352,#4353);
#3864=AXIS2_PLACEMENT_3D('',#7628,#4354,#4355);
#3865=AXIS2_PLACEMENT_3D('',#7629,#4356,#4357);
#3866=AXIS2_PLACEMENT_3D('',#7632,#4360,#4361);
#3867=AXIS2_PLACEMENT_3D('',#7634,#4363,#4364);
#3868=AXIS2_PLACEMENT_3D('',#7639,#4365,#4366);
#3869=AXIS2_PLACEMENT_3D('',#7640,#4367,#4368);
#3870=AXIS2_PLACEMENT_3D('',#7650,#4370,#4371);
#3871=AXIS2_PLACEMENT_3D('',#7660,#4373,#4374);
#3872=AXIS2_PLACEMENT_3D('',#7683,#4376,#4377);
#3873=AXIS2_PLACEMENT_3D('',#7689,#4380,#4381);
#3874=AXIS2_PLACEMENT_3D('',#7690,#4382,#4383);
#3875=AXIS2_PLACEMENT_3D('',#7691,#4384,#4385);
#3876=AXIS2_PLACEMENT_3D('',#7709,#4388,#4389);
#3877=AXIS2_PLACEMENT_3D('',#7746,#4390,#4391);
#3878=AXIS2_PLACEMENT_3D('',#7768,#4392,#4393);
#3879=AXIS2_PLACEMENT_3D('',#7777,#4394,#4395);
#3880=AXIS2_PLACEMENT_3D('',#7782,#4396,#4397);
#3881=AXIS2_PLACEMENT_3D('',#7787,#4398,#4399);
#3882=AXIS2_PLACEMENT_3D('',#7792,#4400,#4401);
#3883=AXIS2_PLACEMENT_3D('',#7794,#4403,#4404);
#3884=AXIS2_PLACEMENT_3D('',#7799,#4405,#4406);
#3885=AXIS2_PLACEMENT_3D('',#7800,#4407,#4408);
#3886=AXIS2_PLACEMENT_3D('',#7880,#4409,#4410);
#3887=AXIS2_PLACEMENT_3D('',#7971,#4411,#4412);
#3888=AXIS2_PLACEMENT_3D('',#8034,#4413,#4414);
#3889=AXIS2_PLACEMENT_3D('',#8036,#4415,#4416);
#3890=AXIS2_PLACEMENT_3D('',#8037,#4417,#4418);
#3891=AXIS2_PLACEMENT_3D('',#8046,#4419,#4420);
#3892=AXIS2_PLACEMENT_3D('',#8102,#4421,#4422);
#3893=AXIS2_PLACEMENT_3D('',#8104,#4423,#4424);
#3894=AXIS2_PLACEMENT_3D('',#8105,#4425,#4426);
#3895=AXIS2_PLACEMENT_3D('',#8106,#4427,#4428);
#3896=AXIS2_PLACEMENT_3D('',#8109,#4429,#4430);
#3897=AXIS2_PLACEMENT_3D('',#8110,#4431,#4432);
#3898=AXIS2_PLACEMENT_3D('',#8168,#4434,#4435);
#3899=AXIS2_PLACEMENT_3D('',#8223,#4436,#4437);
#3900=AXIS2_PLACEMENT_3D('',#8228,#4438,#4439);
#3901=AXIS2_PLACEMENT_3D('',#8264,#4440,#4441);
#3902=AXIS2_PLACEMENT_3D('',#8311,#4442,#4443);
#3903=AXIS2_PLACEMENT_3D('',#8314,#4444,#4445);
#3904=AXIS2_PLACEMENT_3D('',#8316,#4446,#4447);
#3905=AXIS2_PLACEMENT_3D('',#8317,#4448,#4449);
#3906=AXIS2_PLACEMENT_3D('',#8318,#4450,#4451);
#3907=AXIS2_PLACEMENT_3D('',#8319,#4452,#4453);
#3908=AXIS2_PLACEMENT_3D('',#8408,#4455,#4456);
#3909=AXIS2_PLACEMENT_3D('',#8411,#4457,#4458);
#3910=AXIS2_PLACEMENT_3D('',#8413,#4459,#4460);
#3911=AXIS2_PLACEMENT_3D('',#8414,#4461,#4462);
#3912=AXIS2_PLACEMENT_3D('',#8487,#4464,#4465);
#3913=AXIS2_PLACEMENT_3D('',#8490,#4466,#4467);
#3914=AXIS2_PLACEMENT_3D('',#8492,#4468,#4469);
#3915=AXIS2_PLACEMENT_3D('',#8493,#4470,#4471);
#3916=AXIS2_PLACEMENT_3D('',#8494,#4472,#4473);
#3917=AXIS2_PLACEMENT_3D('',#8495,#4474,#4475);
#3918=AXIS2_PLACEMENT_3D('',#8614,#4477,#4478);
#3919=AXIS2_PLACEMENT_3D('',#8638,#4482,#4483);
#3920=AXIS2_PLACEMENT_3D('',#8650,#4485,#4486);
#3921=AXIS2_PLACEMENT_3D('',#8652,#4488,#4489);
#3922=AXIS2_PLACEMENT_3D('',#8656,#4491,#4492);
#3923=AXIS2_PLACEMENT_3D('',#8664,#4494,#4495);
#3924=AXIS2_PLACEMENT_3D('',#8668,#4497,#4498);
#3925=AXIS2_PLACEMENT_3D('',#8676,#4500,#4501);
#3926=AXIS2_PLACEMENT_3D('',#8680,#4503,#4504);
#3927=AXIS2_PLACEMENT_3D('',#8688,#4506,#4507);
#3928=AXIS2_PLACEMENT_3D('',#8694,#4510,#4511);
#3929=AXIS2_PLACEMENT_3D('',#8700,#4512,#4513);
#3930=AXIS2_PLACEMENT_3D('',#8709,#4515,#4516);
#3931=AXIS2_PLACEMENT_3D('',#8710,#4517,#4518);
#3932=AXIS2_PLACEMENT_3D('',#8711,#4519,#4520);
#3933=AXIS2_PLACEMENT_3D('',#8733,#4521,#4522);
#3934=AXIS2_PLACEMENT_3D('',#8734,#4523,#4524);
#3935=AXIS2_PLACEMENT_3D('',#8738,#4526,#4527);
#3936=AXIS2_PLACEMENT_3D('',#8746,#4528,#4529);
#3937=AXIS2_PLACEMENT_3D('',#8764,#4530,#4531);
#3938=AXIS2_PLACEMENT_3D('',#8786,#4532,#4533);
#3939=AXIS2_PLACEMENT_3D('',#8808,#4534,#4535);
#3940=AXIS2_PLACEMENT_3D('',#8828,#4536,#4537);
#3941=AXIS2_PLACEMENT_3D('',#8847,#4538,#4539);
#3942=AXIS2_PLACEMENT_3D('',#8866,#4540,#4541);
#3943=AXIS2_PLACEMENT_3D('',#8867,#4542,#4543);
#3944=AXIS2_PLACEMENT_3D('',#8868,#4544,#4545);
#3945=AXIS2_PLACEMENT_3D('',#8873,#4547,#4548);
#3946=AXIS2_PLACEMENT_3D('',#8884,#4549,#4550);
#3947=AXIS2_PLACEMENT_3D('',#8898,#4551,#4552);
#3948=AXIS2_PLACEMENT_3D('',#8906,#4553,#4554);
#3949=AXIS2_PLACEMENT_3D('',#8913,#4555,#4556);
#3950=AXIS2_PLACEMENT_3D('',#8927,#4557,#4558);
#3951=AXIS2_PLACEMENT_3D('',#8929,#4559,#4560);
#3952=AXIS2_PLACEMENT_3D('',#8931,#4561,#4562);
#3953=AXIS2_PLACEMENT_3D('',#8937,#4563,#4564);
#3954=AXIS2_PLACEMENT_3D('',#8938,#4565,#4566);
#3955=AXIS2_PLACEMENT_3D('',#8972,#4567,#4568);
#3956=AXIS2_PLACEMENT_3D('',#8978,#4569,#4570);
#3957=AXIS2_PLACEMENT_3D('',#8979,#4571,#4572);
#3958=AXIS2_PLACEMENT_3D('',#8981,#4573,#4574);
#3959=AXIS2_PLACEMENT_3D('',#8983,#4575,#4576);
#3960=AXIS2_PLACEMENT_3D('',#8986,#4578,#4579);
#3961=AXIS2_PLACEMENT_3D('',#8987,#4580,#4581);
#3962=AXIS2_PLACEMENT_3D('',#9017,#4583,#4584);
#3963=AXIS2_PLACEMENT_3D('',#9018,#4585,#4586);
#3964=AXIS2_PLACEMENT_3D('',#9020,#4587,#4588);
#3965=AXIS2_PLACEMENT_3D('',#9036,#4591,#4592);
#3966=AXIS2_PLACEMENT_3D('',#9043,#4593,#4594);
#3967=AXIS2_PLACEMENT_3D('',#9054,#4595,#4596);
#3968=AXIS2_PLACEMENT_3D('',#9055,#4597,#4598);
#3969=AXIS2_PLACEMENT_3D('',#9056,#4599,#4600);
#3970=AXIS2_PLACEMENT_3D('',#9057,#4601,#4602);
#3971=AXIS2_PLACEMENT_3D('',#9063,#4604,#4605);
#3972=AXIS2_PLACEMENT_3D('',#9069,#4607,#4608);
#3973=AXIS2_PLACEMENT_3D('',#9071,#4610,#4611);
#3974=AXIS2_PLACEMENT_3D('',#9077,#4613,#4614);
#3975=AXIS2_PLACEMENT_3D('',#9079,#4616,#4617);
#3976=AXIS2_PLACEMENT_3D('',#9085,#4619,#4620);
#3977=AXIS2_PLACEMENT_3D('',#9086,#4621,#4622);
#3978=AXIS2_PLACEMENT_3D('',#9087,#4623,#4624);
#3979=AXIS2_PLACEMENT_3D('',#9130,#4627,#4628);
#3980=AXIS2_PLACEMENT_3D('',#9131,#4629,#4630);
#3981=AXIS2_PLACEMENT_3D('',#9134,#4631,#4632);
#3982=AXIS2_PLACEMENT_3D('',#9138,#4635,#4636);
#3983=AXIS2_PLACEMENT_3D('',#9139,#4637,#4638);
#3984=AXIS2_PLACEMENT_3D('',#9165,#4640,#4641);
#3985=AXIS2_PLACEMENT_3D('',#9169,#4643,#4644);
#3986=AXIS2_PLACEMENT_3D('',#9177,#4646,#4647);
#3987=AXIS2_PLACEMENT_3D('',#9189,#4649,#4650);
#3988=AXIS2_PLACEMENT_3D('',#9191,#4652,#4653);
#3989=AXIS2_PLACEMENT_3D('',#9243,#4655,#4656);
#3990=AXIS2_PLACEMENT_3D('',#9245,#4657,#4658);
#3991=AXIS2_PLACEMENT_3D('',#9246,#4659,#4660);
#3992=AXIS2_PLACEMENT_3D('',#9247,#4661,#4662);
#3993=AXIS2_PLACEMENT_3D('',#9250,#4665,#4666);
#3994=AXIS2_PLACEMENT_3D('',#9252,#4668,#4669);
#3995=AXIS2_PLACEMENT_3D('',#9254,#4671,#4672);
#3996=AXIS2_PLACEMENT_3D('',#9256,#4674,#4675);
#3997=AXIS2_PLACEMENT_3D('',#9258,#4677,#4678);
#3998=AXIS2_PLACEMENT_3D('',#9259,#4679,#4680);
#3999=AXIS2_PLACEMENT_3D('',#9271,#4681,#4682);
#4000=AXIS2_PLACEMENT_3D('',#9272,#4683,#4684);
#4001=AXIS2_PLACEMENT_3D('',#9273,#4685,#4686);
#4002=AXIS2_PLACEMENT_3D('',#9275,#4687,#4688);
#4003=AXIS2_PLACEMENT_3D('',#9277,#4690,#4691);
#4004=AXIS2_PLACEMENT_3D('',#9281,#4693,#4694);
#4005=AXIS2_PLACEMENT_3D('',#9283,#4695,#4696);
#4006=AXIS2_PLACEMENT_3D('',#9285,#4698,#4699);
#4007=AXIS2_PLACEMENT_3D('',#9289,#4701,#4702);
#4008=AXIS2_PLACEMENT_3D('',#9291,#4704,#4705);
#4009=AXIS2_PLACEMENT_3D('',#9293,#4706,#4707);
#4010=AXIS2_PLACEMENT_3D('',#9294,#4708,#4709);
#4011=AXIS2_PLACEMENT_3D('',#9295,#4710,#4711);
#4012=AXIS2_PLACEMENT_3D('',#9304,#4712,#4713);
#4013=AXIS2_PLACEMENT_3D('',#9306,#4715,#4716);
#4014=AXIS2_PLACEMENT_3D('',#9307,#4717,#4718);
#4015=AXIS2_PLACEMENT_3D('',#9314,#4719,#4720);
#4016=AXIS2_PLACEMENT_3D('',#9316,#4721,#4722);
#4017=AXIS2_PLACEMENT_3D('',#9318,#4724,#4725);
#4018=AXIS2_PLACEMENT_3D('',#9320,#4726,#4727);
#4019=AXIS2_PLACEMENT_3D('',#9322,#4728,#4729);
#4020=AXIS2_PLACEMENT_3D('',#9324,#4731,#4732);
#4021=AXIS2_PLACEMENT_3D('',#9326,#4733,#4734);
#4022=AXIS2_PLACEMENT_3D('',#9328,#4735,#4736);
#4023=AXIS2_PLACEMENT_3D('',#9329,#4737,#4738);
#4024=AXIS2_PLACEMENT_3D('',#9330,#4739,#4740);
#4025=AXIS2_PLACEMENT_3D('',#9333,#4743,#4744);
#4026=AXIS2_PLACEMENT_3D('',#9335,#4746,#4747);
#4027=AXIS2_PLACEMENT_3D('',#9340,#4748,#4749);
#4028=AXIS2_PLACEMENT_3D('',#9341,#4750,#4751);
#4029=AXIS2_PLACEMENT_3D('',#9359,#4753,#4754);
#4030=AXIS2_PLACEMENT_3D('',#9367,#4756,#4757);
#4031=AXIS2_PLACEMENT_3D('',#9390,#4759,#4760);
#4032=AXIS2_PLACEMENT_3D('',#9394,#4762,#4763);
#4033=AXIS2_PLACEMENT_3D('',#9396,#4764,#4765);
#4034=AXIS2_PLACEMENT_3D('',#9398,#4767,#4768);
#4035=AXIS2_PLACEMENT_3D('',#9416,#4771,#4772);
#4036=AXIS2_PLACEMENT_3D('',#9453,#4773,#4774);
#4037=AXIS2_PLACEMENT_3D('',#9475,#4775,#4776);
#4038=AXIS2_PLACEMENT_3D('',#9484,#4777,#4778);
#4039=AXIS2_PLACEMENT_3D('',#9489,#4779,#4780);
#4040=AXIS2_PLACEMENT_3D('',#9494,#4781,#4782);
#4041=AXIS2_PLACEMENT_3D('',#9499,#4783,#4784);
#4042=AXIS2_PLACEMENT_3D('',#9501,#4786,#4787);
#4043=AXIS2_PLACEMENT_3D('',#9506,#4788,#4789);
#4044=AXIS2_PLACEMENT_3D('',#9507,#4790,#4791);
#4045=AXIS2_PLACEMENT_3D('',#9508,#4792,#4793);
#4046=DIRECTION('axis',(0.,0.,1.));
#4047=DIRECTION('refdir',(1.,0.,0.));
#4048=DIRECTION('center_axis',(1.23259516440783E-32,-1.,5.55111512312578E-17));
#4049=DIRECTION('ref_axis',(0.381481657407318,-5.13131986293396E-17,-0.924376408754445));
#4050=DIRECTION('',(0.,1.,1.76261227835539E-9));
#4051=DIRECTION('center_axis',(-3.62228720408719E-19,1.,1.76260856846555E-9));
#4052=DIRECTION('ref_axis',(0.381481657407318,1.62931400579449E-9,-0.924376408754445));
#4053=DIRECTION('center_axis',(1.23259516440783E-32,-1.,5.55111512312578E-17));
#4054=DIRECTION('ref_axis',(0.935614406668422,-1.95967480605036E-17,-0.353023628153268));
#4055=DIRECTION('center_axis',(-3.62228720408719E-19,1.,1.76260856846555E-9));
#4056=DIRECTION('ref_axis',(0.935614406668422,6.22242290885377E-10,-0.353023628153268));
#4057=DIRECTION('',(0.,1.,1.76261227835539E-9));
#4058=DIRECTION('center_axis',(0.,1.,1.76261227835539E-9));
#4059=DIRECTION('ref_axis',(-0.924567196018155,6.71588817847227E-10,-0.381019028458065));
#4060=DIRECTION('center_axis',(1.23259516440783E-32,-1.,5.55111512312578E-17));
#4061=DIRECTION('ref_axis',(-0.924567196018155,-2.11508048860663E-17,-0.381019028458065));
#4062=DIRECTION('center_axis',(-3.62228720408719E-19,1.,1.76260856846555E-9));
#4063=DIRECTION('ref_axis',(-0.924567196018155,6.71587570481019E-10,-0.381019028458065));
#4064=DIRECTION('center_axis',(1.23259516440783E-32,-1.,5.55111512312578E-17));
#4065=DIRECTION('ref_axis',(-0.3553037763682,-5.18890979309331E-17,-0.934750890076333));
#4066=DIRECTION('center_axis',(-3.62228720408719E-19,1.,1.76260856846555E-9));
#4067=DIRECTION('ref_axis',(-0.3553037763682,1.64759980963177E-9,-0.934750890076333));
#4068=DIRECTION('',(0.,1.,1.76261227835539E-9));
#4069=DIRECTION('',(-0.115257126215851,-0.976721760873636,-0.180915440724023));
#4070=DIRECTION('',(-0.0637163299605906,0.946112957164106,0.317506695334985));
#4071=DIRECTION('center_axis',(-0.192879385385271,-0.965046407379028,-0.177434422529088));
#4072=DIRECTION('ref_axis',(-0.710234391209417,0.262079056020947,-0.653361827732963));
#4073=DIRECTION('',(-0.21124956165945,-0.976722157426443,-0.0372484884381152));
#4074=DIRECTION('',(0.191043441757246,0.946113368313955,0.261480205100057));
#4075=DIRECTION('center_axis',(-0.260963364836697,-0.965319313148525,0.00753298583356964));
#4076=DIRECTION('ref_axis',(-0.964917388055316,0.261072066032465,0.027853376205534));
#4077=DIRECTION('',(-0.170181774068594,-0.976722066639282,0.130583951214369));
#4078=DIRECTION('',(0.3218511894504,0.946113146690676,0.0358011942318833));
#4079=DIRECTION('center_axis',(-0.183683673761929,-0.965668210792869,0.183698706194194));
#4080=DIRECTION('ref_axis',(-0.68280259642671,0.259778572372895,0.682858482885615));
#4081=DIRECTION('center_axis',(-1.88940615354235E-5,0.999998697953736,-0.00161360895095823));
#4082=DIRECTION('ref_axis',(2.60129494968091E-5,-0.00161360845921061,-0.999998697794686));
#4083=DIRECTION('center_axis',(-1.36829982623794E-16,1.,2.28519151379558E-8));
#4084=DIRECTION('ref_axis',(-0.0117082271945544,2.28503487498664E-8,-0.999931456358865));
#4085=DIRECTION('center_axis',(2.07974987927485E-5,-0.999998422395534,0.00177616832154503));
#4086=DIRECTION('ref_axis',(-0.999931454576353,-2.05836116452875E-11,0.0117083794275266));
#4087=DIRECTION('',(-0.104620094846013,0.968496834832518,-0.225983443362132));
#4088=DIRECTION('center_axis',(1.23259516440783E-32,-1.,5.55111512312578E-17));
#4089=DIRECTION('ref_axis',(0.236085155378771,-5.39419825571763E-17,-0.971732370259312));
#4090=DIRECTION('center_axis',(-3.62228720408719E-19,1.,1.76260856846555E-9));
#4091=DIRECTION('ref_axis',(0.236085155378771,1.71278385894096E-9,-0.971732370259312));
#4092=DIRECTION('',(0.,1.,1.76261227835539E-9));
#4093=DIRECTION('center_axis',(1.23259516440783E-32,-1.,5.55111512312578E-17));
#4094=DIRECTION('ref_axis',(0.60183645282177,-4.43322800863851E-17,-0.798619361182102));
#4095=DIRECTION('center_axis',(-3.62228720408719E-19,1.,1.76260856846555E-9));
#4096=DIRECTION('ref_axis',(0.60183645282177,1.4076530886156E-9,-0.798619361182102));
#4097=DIRECTION('center_axis',(1.23259516440783E-32,-1.,5.55111512312578E-17));
#4098=DIRECTION('ref_axis',(-0.354403522732445,-5.1908066005887E-17,-0.935092585295613));
#4099=DIRECTION('center_axis',(-3.62228720408719E-19,1.,1.76260856846555E-9));
#4100=DIRECTION('ref_axis',(-0.354403522732445,1.64820214227073E-9,-0.935092585295613));
#4101=DIRECTION('center_axis',(9.81871071209256E-10,-0.999999999999999,
-5.06598776092649E-8));
#4102=DIRECTION('ref_axis',(-1.,-9.81871029806437E-10,-1.28385888057474E-9));
#4103=DIRECTION('center_axis',(9.81871071209256E-10,-0.999999999999999,
-5.06598776092649E-8));
#4104=DIRECTION('ref_axis',(-1.,-9.81871029806437E-10,-1.28385888057474E-9));
#4105=DIRECTION('center_axis',(2.19807299888814E-9,1.,2.31120298051962E-8));
#4106=DIRECTION('ref_axis',(1.,-2.19807291413926E-9,-2.87411767153236E-9));
#4107=DIRECTION('center_axis',(2.19807299888814E-9,1.,2.31120298051962E-8));
#4108=DIRECTION('ref_axis',(1.,-2.19807291413926E-9,-2.87411767153236E-9));
#4109=DIRECTION('center_axis',(8.78672756094103E-6,0.999999999961069,-8.10053202515055E-7));
#4110=DIRECTION('ref_axis',(-4.20124514103163E-7,8.10056894281284E-7,0.999999999999584));
#4111=DIRECTION('center_axis',(-3.1474658502907E-9,-1.,-1.16922557314546E-8));
#4112=DIRECTION('ref_axis',(-1.,3.14746580289839E-9,4.11550850815563E-9));
#4113=DIRECTION('',(5.47293695563248E-6,0.584052433565789,-0.81171593234082));
#4114=DIRECTION('center_axis',(-3.1474658502907E-9,-1.,-1.16922557314546E-8));
#4115=DIRECTION('ref_axis',(-1.,3.14746580289839E-9,4.11550850815563E-9));
#4116=DIRECTION('center_axis',(-3.1474658502907E-9,-1.,-1.16922557314546E-8));
#4117=DIRECTION('ref_axis',(-1.,3.14746580289839E-9,4.11550850815563E-9));
#4118=DIRECTION('center_axis',(1.52092451429675E-5,-0.999999999884324,-1.74315433694134E-7));
#4119=DIRECTION('ref_axis',(4.24263603523922E-16,1.74315433649799E-7,-0.999999999999985));
#4120=DIRECTION('center_axis',(1.52092451429675E-5,-0.999999999884324,-1.74315433694134E-7));
#4121=DIRECTION('ref_axis',(4.24263603523922E-16,1.74315433649799E-7,-0.999999999999985));
#4122=DIRECTION('center_axis',(1.52092451429675E-5,-0.999999999884324,-1.74315433694134E-7));
#4123=DIRECTION('ref_axis',(4.24263603523922E-16,1.74315433649799E-7,-0.999999999999985));
#4124=DIRECTION('center_axis',(1.44131564694389E-5,-0.999999999896117,-1.65283601491694E-7));
#4125=DIRECTION('ref_axis',(-7.39434682756212E-7,1.65272943754302E-7,-0.999999999999713));
#4126=DIRECTION('',(-1.10637064125025E-5,0.732697401538572,-0.680554566259179));
#4127=DIRECTION('center_axis',(6.61369340106947E-6,0.999999999978107,-2.13040611390959E-7));
#4128=DIRECTION('ref_axis',(-2.85975573207209E-7,2.13042502979499E-7,0.999999999999936));
#4129=DIRECTION('center_axis',(-6.34161814354897E-9,-1.,-2.35497807517987E-8));
#4130=DIRECTION('ref_axis',(-1.,6.34161795092168E-9,8.29206316743573E-9));
#4131=DIRECTION('',(3.55101627810921E-6,0.4994582285698,-0.866337969790836));
#4132=DIRECTION('center_axis',(-6.34161814354897E-9,-1.,-2.35497807517987E-8));
#4133=DIRECTION('ref_axis',(-1.,6.34161795092168E-9,8.29206316743573E-9));
#4134=DIRECTION('center_axis',(-6.34161814354897E-9,-1.,-2.35497807517987E-8));
#4135=DIRECTION('ref_axis',(-1.,6.34161795092168E-9,8.29206316743573E-9));
#4136=DIRECTION('center_axis',(1.61601826031862E-5,-0.999999999869296,-5.07265320765589E-7));
#4137=DIRECTION('ref_axis',(2.71900319638719E-16,5.07265320734691E-7,-0.999999999999871));
#4138=DIRECTION('center_axis',(1.61601826031862E-5,-0.999999999869296,-5.07265320765589E-7));
#4139=DIRECTION('ref_axis',(2.71900319638719E-16,5.07265320734691E-7,-0.999999999999871));
#4140=DIRECTION('center_axis',(1.61601826031862E-5,-0.999999999869296,-5.07265320765589E-7));
#4141=DIRECTION('ref_axis',(2.71900319638719E-16,5.07265320734691E-7,-0.999999999999871));
#4142=DIRECTION('center_axis',(1.51627232257427E-5,-0.999999999884933,-4.76064038415882E-7));
#4143=DIRECTION('ref_axis',(-7.59400324550553E-7,4.76052524161228E-7,-0.999999999999598));
#4144=DIRECTION('',(-1.25242351521933E-5,0.795650475143969,-0.605755991506746));
#4145=DIRECTION('center_axis',(-0.0018629440534985,0.999996929899058,-0.00163390082670262));
#4146=DIRECTION('ref_axis',(-0.751824323501582,-0.00247794117255108,-0.659358814606231));
#4147=DIRECTION('',(0.201571419242828,-0.976722226361904,0.0733665828226834));
#4148=DIRECTION('',(0.36243609171898,3.61167557844993E-7,-0.932008626258009));
#4149=DIRECTION('',(-0.0985907347948927,0.97673648648769,-0.190435561217664));
#4150=DIRECTION('center_axis',(-0.00272724968222452,0.999996226508158,0.000330270518473813));
#4151=DIRECTION('ref_axis',(-0.99405010188203,-0.00274699606925973,0.108889159060579));
#4152=DIRECTION('',(-0.142736471309544,0.946113102733353,-0.290682466953836));
#4153=DIRECTION('',(0.190272119093666,-0.976721954238369,-0.0990492039563564));
#4154=DIRECTION('center_axis',(0.183344658015751,-0.963939731550306,-0.192885796044738));
#4155=DIRECTION('ref_axis',(0.664109340319146,0.266120637942127,-0.698669156441118));
#4156=DIRECTION('center_axis',(-0.00175971977013331,0.999995424089199,0.00246072895560337));
#4157=DIRECTION('ref_axis',(-0.591287958178609,-0.00302498171439935,0.80645483444431));
#4158=DIRECTION('',(-0.31074341278587,0.94611366685613,-0.0911452730438568));
#4159=DIRECTION('',(0.0555198935043581,-0.97672235851065,-0.207197914590514));
#4160=DIRECTION('center_axis',(0.181485873267243,-0.964506236749908,-0.191808751299197));
#4161=DIRECTION('ref_axis',(0.662895602342688,0.264060067542465,-0.700600957124806));
#4162=DIRECTION('center_axis',(0.000640306379066035,0.999995179912651,0.00303811770776973));
#4163=DIRECTION('ref_axis',(0.206226308284916,-0.00310485933100648,0.978499396841771));
#4164=DIRECTION('',(-0.277133494010865,0.946113790927979,0.167528269594176));
#4165=DIRECTION('center_axis',(-0.00815888018453312,-0.964822751394829,
-0.262774601255612));
#4166=DIRECTION('ref_axis',(-0.0299423216405189,0.262901233148328,-0.964358024275147));
#4167=DIRECTION('center_axis',(0.00248566012236414,0.999995831097124,0.00146944960060447));
#4168=DIRECTION('ref_axis',(0.860824531267674,-0.00288752287828568,0.508893690842613));
#4169=DIRECTION('center_axis',(0.00264097795844087,0.99999619116949,-0.000801799186348777));
#4170=DIRECTION('ref_axis',(0.956869326459668,-0.0027600084261099,-0.29050554974752));
#4171=DIRECTION('center_axis',(0.00963713651509594,0.99985922324008,-0.0137353304122383));
#4172=DIRECTION('ref_axis',(0.574277280951259,-0.0167789660510997,-0.818488894782016));
#4173=DIRECTION('center_axis',(-3.60987641070826E-5,0.999999406695469,-0.0010887174059864));
#4174=DIRECTION('ref_axis',(-0.0217967015732644,-0.0010892455867422,-0.999761830309888));
#4175=DIRECTION('center_axis',(0.000844997952250164,-0.999999328465303,
0.000793125087450272));
#4176=DIRECTION('ref_axis',(-0.684373282056545,-1.28348355034681E-9,0.729131819911292));
#4177=DIRECTION('center_axis',(-0.000767682856382102,0.999999445730844,
-0.000720556061354258));
#4178=DIRECTION('ref_axis',(-0.737214307853703,-0.00105279695533688,-0.675658164987559));
#4179=DIRECTION('center_axis',(-1.36829982623794E-16,1.,2.28519151379558E-8));
#4180=DIRECTION('ref_axis',(-0.72912182209409,1.56394836666595E-8,-0.684383933582747));
#4181=DIRECTION('center_axis',(-0.000590155462636623,-0.999998620555028,
-0.001552612176784));
#4182=DIRECTION('ref_axis',(-0.342078020919748,0.00166082472035367,-0.939670085330419));
#4183=DIRECTION('',(-0.16829967080532,-0.968474116428071,-0.183665746985355));
#4184=DIRECTION('center_axis',(-0.00579919149934595,-0.999798368357184,
-0.0192247758964177));
#4185=DIRECTION('ref_axis',(-0.288740338419263,0.0200804041372074,-0.957196842002321));
#4186=DIRECTION('center_axis',(-0.0011628786701669,-0.99999920902549,-0.000479230209418261));
#4187=DIRECTION('ref_axis',(-0.923894485762131,0.00125775335531035,-0.382645262919619));
#4188=DIRECTION('center_axis',(-0.205597806104115,-0.965528243799137,-0.159639445474258));
#4189=DIRECTION('ref_axis',(-0.762626884373069,0.260298310455818,-0.592152872833757));
#4190=DIRECTION('center_axis',(-0.00152837698328391,-0.99999866575022,0.000576681520663311));
#4191=DIRECTION('ref_axis',(-0.939583824674975,0.00163344721328143,0.342315013195956));
#4192=DIRECTION('center_axis',(-0.0016823520781861,-0.999998383372241,0.000634779008548865));
#4193=DIRECTION('ref_axis',(0.353023628512271,-1.64971608753548E-9,0.935614406532964));
#4194=DIRECTION('center_axis',(-0.150046434137254,-0.964795482943236,0.215999406700627));
#4195=DIRECTION('ref_axis',(-0.550431230297666,0.263001285343491,0.792373513326051));
#4196=DIRECTION('center_axis',(-0.000652658375045364,-0.9999985364957,0.00158146878070422));
#4197=DIRECTION('ref_axis',(-0.380622478200737,0.00171084889230295,0.92472893438261));
#4198=DIRECTION('center_axis',(-0.000718412788443101,-0.999998226748139,
0.00174079971378899));
#4199=DIRECTION('ref_axis',(0.924376408524431,-6.72219595500438E-10,0.381481657964669));
#4200=DIRECTION('center_axis',(0.0006257316074029,-0.999998441346218,0.00165098912469552));
#4201=DIRECTION('ref_axis',(0.354403039371944,0.00176558917485508,0.935091101646676));
#4202=DIRECTION('',(0.168298352958411,-0.968474065663702,0.183667222248027));
#4203=DIRECTION('center_axis',(0.227903139277809,-0.96423817735123,0.135295589158324));
#4204=DIRECTION('ref_axis',(0.829139742056441,0.265037237644786,0.492222054365914));
#4205=DIRECTION('center_axis',(0.000688774978512216,-0.999998111450635,
0.00181732886201301));
#4206=DIRECTION('ref_axis',(-0.935092585213528,-6.24234232656204E-10,0.354403522949025));
#4207=DIRECTION('center_axis',(0.00107875836457258,-0.999999319186707,0.000444866848089798));
#4208=DIRECTION('ref_axis',(0.924473983845561,0.00116688736459959,0.381243349537531));
#4209=DIRECTION('center_axis',(1.23259516440783E-32,-1.,5.55111512312578E-17));
#4210=DIRECTION('ref_axis',(-0.924474611605395,-2.11632718538866E-17,-0.381243613057392));
#4211=DIRECTION('',(0.246981285725999,-0.94032627088891,-0.234065693294189));
#4212=DIRECTION('center_axis',(0.194603612234515,-0.979086731338692,-0.0593178440420253));
#4213=DIRECTION('ref_axis',(0.936545090665599,0.203443290664783,-0.285471751025646));
#4214=DIRECTION('center_axis',(1.23259516440783E-32,-1.,5.55111512312578E-17));
#4215=DIRECTION('ref_axis',(0.956549670819462,-1.61853542128138E-17,-0.29156942098783));
#4216=DIRECTION('',(0.183665794402123,-0.968474316339917,-0.168298468669705));
#4217=DIRECTION('',(-0.0217291006206657,-0.946112473557461,-0.323108392904302));
#4218=DIRECTION('center_axis',(0.0185248897456409,-0.999526164894357,-0.0245819883551097));
#4219=DIRECTION('ref_axis',(0.601551281572747,0.0307806057701746,-0.798240947300128));
#4220=DIRECTION('center_axis',(0.00355462578149457,-0.999886643838511,-0.0146309298717709));
#4221=DIRECTION('ref_axis',(0.236058392956282,0.0150565425433312,-0.971622218581656));
#4222=DIRECTION('center_axis',(0.00391526180525187,-0.999862474189437,-0.0161153167134342));
#4223=DIRECTION('ref_axis',(-0.236052687582717,-0.0165841100990665,0.971598731975911));
#4224=DIRECTION('center_axis',(-0.00525586851743593,-0.99983438298261,-0.0174236176470427));
#4225=DIRECTION('ref_axis',(0.288750739368478,-0.0181990825533297,0.957231322047275));
#4226=DIRECTION('',(0.0186955610512218,0.976722404767988,0.213690945108159));
#4227=DIRECTION('',(-0.204581051783468,-0.97672195035578,-0.0645044567791407));
#4228=DIRECTION('center_axis',(-0.00102033136311057,-0.999999473261466,
0.00011135842910029));
#4229=DIRECTION('ref_axis',(-0.994055819630582,0.00102639010276939,0.108866771707118));
#4230=DIRECTION('',(-0.185771118081201,-0.976721829527037,0.107254647508713));
#4231=DIRECTION('',(-0.0464268741501393,-0.976722236767052,0.209423536311978));
#4232=DIRECTION('center_axis',(0.000190577838274092,-0.999999522001417,
0.000958997927406867));
#4233=DIRECTION('ref_axis',(0.194913946488959,0.000977750958686206,0.980819859845406));
#4234=DIRECTION('',(0.123037105639364,-0.976722092500196,0.175715180499371));
#4235=DIRECTION('',(0.212674275303223,-0.976721927275012,0.0279987393365423));
#4236=DIRECTION('center_axis',(0.000863635504271165,-0.999999592971726,
-0.000261132337869003));
#4237=DIRECTION('ref_axis',(0.957201380328163,0.000902250731291379,-0.289421325132543));
#4238=DIRECTION('center_axis',(0.000275550397941052,-0.999999691678077,
-0.000735333753033637));
#4239=DIRECTION('ref_axis',(0.350900845822262,0.000785266674548086,-0.936412291545488));
#4240=DIRECTION('center_axis',(-0.000417942968967087,-0.99999984014514,
-0.000380832467566703));
#4241=DIRECTION('ref_axis',(-0.73727647520457,0.000565426563190663,-0.675590911278954));
#4242=DIRECTION('',(-0.152445204641283,-0.987467450837104,-0.0408471923043643));
#4243=DIRECTION('center_axis',(-0.114168230107814,-0.993151635972297,-0.0248081276923266));
#4244=DIRECTION('ref_axis',(-0.97050380687807,0.116832478213678,-0.210885117705412));
#4245=DIRECTION('',(0.0539776913771934,0.987467832533906,0.148302692303202));
#4246=DIRECTION('center_axis',(-0.000702202558883344,-0.999999734395381,
0.000195245314868063));
#4247=DIRECTION('ref_axis',(-0.965915446126532,0.000728809060206917,0.2588567553137));
#4248=DIRECTION('center_axis',(-0.000775993906101718,-0.999999675639848,
0.000215762962810464));
#4249=DIRECTION('ref_axis',(0.2678869020086,-1.69799608341414E-9,0.963450365993098));
#4250=DIRECTION('center_axis',(-0.114168230107814,-0.993151635972297,-0.0248081276923266));
#4251=DIRECTION('ref_axis',(-0.97050380687806,0.116832478213678,-0.210885117705457));
#4252=DIRECTION('',(0.199649390787628,0.954379220278053,-0.222036989394974));
#4253=DIRECTION('',(-0.116160803291231,-0.987473754691409,0.106781325962862));
#4254=DIRECTION('center_axis',(-0.00018471299848024,-0.999999855526945,
0.000504804118103232));
#4255=DIRECTION('ref_axis',(-0.342010505739211,0.000537536261520558,0.939695974780554));
#4256=DIRECTION('',(0.0205998758273999,-0.987467654678318,0.156471326702364));
#4257=DIRECTION('center_axis',(0.000375034988642289,-0.99999981699019,0.000474729758461316));
#4258=DIRECTION('ref_axis',(0.619895598921747,0.000604995525829384,0.784684064077933));
#4259=DIRECTION('',(-0.281536898576619,0.954379603795248,-0.0994813882064568));
#4260=DIRECTION('',(0.143036343571698,-0.98746744225612,0.0666982376213556));
#4261=DIRECTION('center_axis',(0.00643333713275591,-0.998779490144644,0.0489708304988019));
#4262=DIRECTION('ref_axis',(0.130092668886675,0.0493915991480949,0.990270855592315));
#4263=DIRECTION('center_axis',(0.000687271374651477,-0.9999997614574,-6.887090166852E-5));
#4264=DIRECTION('ref_axis',(0.995016574504005,0.000690713503204339,-0.0997072684269915));
#4265=DIRECTION('',(0.132948053333369,-0.98747347800938,-0.0849761457288205));
#4266=DIRECTION('center_axis',(0.000759492755187952,-0.999999708689124,
-7.61079618497353E-5));
#4267=DIRECTION('ref_axis',(0.0997072677478538,-1.75424977086177E-9,0.995016814309315));
#4268=DIRECTION('',(-0.235172559170109,0.954379012100197,0.183996110491589));
#4269=DIRECTION('center_axis',(0.000248652448147688,-0.999999874952346,
-0.000433897743068635));
#4270=DIRECTION('ref_axis',(0.497210930117221,0.00050009528233098,-0.867629552791211));
#4271=DIRECTION('',(0.00688455213644004,-0.987467606414797,-0.157671586607454));
#4272=DIRECTION('center_axis',(-0.0029679999100255,-0.999809366901715,-0.0192982080029824));
#4273=DIRECTION('ref_axis',(0.151980430873875,-0.01952510833753,0.988190628763397));
#4274=DIRECTION('center_axis',(-0.0032816866516814,-0.999766936659048,-0.0213378278206184));
#4275=DIRECTION('ref_axis',(0.151973980968018,-0.0215887091643335,0.988148691617487));
#4276=DIRECTION('center_axis',(-0.0032816866516814,-0.999766936659048,-0.0213378278206184));
#4277=DIRECTION('ref_axis',(0.151973980967604,-0.0215887091643336,0.98814869161755));
#4278=DIRECTION('center_axis',(-0.103175393298354,-0.994410481996942,-0.0224194449605741));
#4279=DIRECTION('ref_axis',(0.971733946175894,-0.105583110839804,0.211152420196441));
#4280=DIRECTION('',(-0.114860224689978,-0.992501571619123,0.0418062090811773));
#4281=DIRECTION('',(0.0901192181888332,0.992501409311016,0.0825801370105439));
#4282=DIRECTION('center_axis',(-0.00014940717967213,-0.999999971480797,
0.00018632203071213));
#4283=DIRECTION('ref_axis',(-0.625923418542824,0.00023882712128506,0.779884489576034));
#4284=DIRECTION('',(-0.0159555067818579,-0.992501309508914,0.121188169498611));
#4285=DIRECTION('center_axis',(0.00581210588546778,-0.999003936705906,0.0442419921712091));
#4286=DIRECTION('ref_axis',(0.130121903455688,0.0446221295558741,0.990493390081412));
#4287=DIRECTION('',(0.100128240300824,-0.992501254503088,0.0701113065350849));
#4288=DIRECTION('center_axis',(-0.0070528989962828,-0.99985353441708,0.0155937913741775));
#4289=DIRECTION('ref_axis',(0.412037859721075,-0.0171146052736586,-0.911005978269519));
#4290=DIRECTION('',(0.110779834197781,-0.992501534889796,-0.0516578317054814));
#4291=DIRECTION('center_axis',(9.94564746050868E-5,-0.999999983052649,-0.000154929373167934));
#4292=DIRECTION('ref_axis',(0.540218889512001,0.00018410513575279,-0.841524519856504));
#4293=DIRECTION('',(-0.000270131562452917,-0.99250582291103,-0.122197047904762));
#4294=DIRECTION('center_axis',(-0.000268075517991602,-0.999999779658971,
-0.000607303487147022));
#4295=DIRECTION('ref_axis',(-0.402756550696135,0.00066383838907185,-0.915306899455011));
#4296=DIRECTION('center_axis',(-0.000557098382444452,-0.999999815603352,
-0.000241732609965028));
#4297=DIRECTION('ref_axis',(-0.915318776859533,0.000607275610480014,-0.402729646220268));
#4298=DIRECTION('center_axis',(-0.00215117104417271,-0.999932061502207,
0.0114562141689642));
#4299=DIRECTION('ref_axis',(-0.184535438545523,0.0116564308408048,0.982756734670826));
#4300=DIRECTION('center_axis',(-0.000617009518482096,-0.999999773810278,
-0.000267728681999725));
#4301=DIRECTION('ref_axis',(-0.398053171162056,-1.61620629850076E-9,0.91736234549268));
#4302=DIRECTION('center_axis',(-0.000105647999807252,-0.999999989959892,
9.44389585850637E-5));
#4303=DIRECTION('ref_axis',(-0.751559075508765,0.000141698863380721,0.659665775936454));
#4304=DIRECTION('center_axis',(-0.00215117104417271,-0.999932061502207,
0.0114562141689642));
#4305=DIRECTION('ref_axis',(-0.184535438555407,0.0116564308408046,0.98275673466897));
#4306=DIRECTION('',(-0.00564117947687462,-0.997904659811055,0.0644551551196095));
#4307=DIRECTION('center_axis',(8.52672676566592E-5,-0.999999991821948,9.53183944627271E-5));
#4308=DIRECTION('ref_axis',(0.745315903319798,1.18229506688825E-9,-0.666711485020765));
#4309=DIRECTION('',(-0.266412630964315,0.961446831708546,-0.0681491002161536));
#4310=DIRECTION('',(0.0644553028769781,-0.997904657378546,0.00563992138640262));
#4311=DIRECTION('center_axis',(0.0106544047696508,-0.999943080540156,-0.000565100759490802));
#4312=DIRECTION('ref_axis',(-0.998539553271532,-0.0106693804817305,0.052961541446848));
#4313=DIRECTION('center_axis',(-0.00215117104417271,-0.999932061502207,
0.0114562141689642));
#4314=DIRECTION('ref_axis',(-0.184535438551052,0.0116564308408047,0.982756734669788));
#4315=DIRECTION('center_axis',(6.22246175485158E-5,-0.999999996447178,-5.68659903447264E-5));
#4316=DIRECTION('ref_axis',(-0.674595888683904,1.27673741101832E-9,-0.738187230295116));
#4317=DIRECTION('',(0.00543832585596347,-0.997906402075496,-0.0644456151233171));
#4318=DIRECTION('center_axis',(0.0106544047696508,-0.999943080540156,-0.000565100759490802));
#4319=DIRECTION('ref_axis',(-0.998539553271586,-0.0106693804817305,0.0529615414458116));
#4320=DIRECTION('',(-0.0681493294114401,0.961447146812135,0.266411435166692));
#4321=DIRECTION('center_axis',(-0.000159624688358072,-0.999999882752079,
-0.000457182443212857));
#4322=DIRECTION('ref_axis',(-0.34396913754185,0.000484191572869458,-0.938980829398149));
#4323=DIRECTION('center_axis',(-0.000176790652996502,-0.999999856178657,
-0.000506347440666246));
#4324=DIRECTION('ref_axis',(-0.944108269386257,-5.84177023263853E-10,0.329635519440013));
#4325=DIRECTION('center_axis',(0.0106544047696508,-0.999943080540156,-0.000565100759490802));
#4326=DIRECTION('ref_axis',(-0.998539553271507,-0.0106693804817305,0.0529615414473022));
#4327=DIRECTION('center_axis',(-0.0019415770610204,-0.999944655742055,0.010340006354863));
#4328=DIRECTION('ref_axis',(0.184537760577427,-0.0105207154178076,-0.982769113000692));
#4329=DIRECTION('center_axis',(0.00961633823459765,-0.999953631872676,-0.000510042746373758));
#4330=DIRECTION('ref_axis',(0.998550089854918,0.00962985486107187,-0.0529620991473204));
#4331=DIRECTION('',(-0.00126104171478552,-0.999583257494386,-0.0288395754251963));
#4332=DIRECTION('center_axis',(-3.8406747159701E-5,-0.999999998497812,-3.91062492575688E-5));
#4333=DIRECTION('ref_axis',(-0.713443434228741,-1.20888592823836E-9,0.700712827166664));
#4334=DIRECTION('center_axis',(-0.000137891052474565,0.999999989513956,
4.42509440255325E-5));
#4335=DIRECTION('ref_axis',(-0.953716826502719,-0.000144815549883957,0.300706158689905));
#4336=DIRECTION('',(0.014423821760133,-0.999583428571874,-0.0249984537587529));
#4337=DIRECTION('center_axis',(6.38044170581894E-6,-0.999999997001687,-7.71745827125403E-5));
#4338=DIRECTION('ref_axis',(-1.31858555527317E-16,7.71745827140888E-5,-0.999999997022042));
#4339=DIRECTION('center_axis',(0.000119041025956634,-0.99999999283346,1.27402974895813E-5));
#4340=DIRECTION('ref_axis',(-0.106431281981248,-1.75563343296613E-9,0.994320060250133));
#4341=DIRECTION('center_axis',(5.38082920211794E-6,0.999999999965329,6.35527866112253E-6));
#4342=DIRECTION('ref_axis',(-1.67634428900165E-8,-6.35527857101118E-6,0.999999999979805));
#4343=DIRECTION('',(-0.0275283222107685,-0.999583335166749,0.00868029568494614));
#4344=DIRECTION('center_axis',(-5.20490408496682E-5,-0.999999998641056,
-2.96416649767836E-6));
#4345=DIRECTION('ref_axis',(-1.14077201420479E-16,-2.964166501689E-6,0.999999999995607));
#4346=DIRECTION('center_axis',(6.38044170581894E-6,-0.999999997001687,-7.71745827125403E-5));
#4347=DIRECTION('ref_axis',(1.07387338178733E-16,7.71745827140851E-5,-0.999999997022042));
#4348=DIRECTION('center_axis',(-1.99326996725258E-7,0.999999999999809,-5.85712413597513E-7));
#4349=DIRECTION('ref_axis',(0.0436193418099702,-5.76460433979517E-7,-0.999048223570681));
#4350=DIRECTION('center_axis',(0.000119041025956634,-0.99999999283346,1.27402974895813E-5));
#4351=DIRECTION('ref_axis',(-0.106431260121614,-1.75300153552044E-9,0.994320062589972));
#4352=DIRECTION('center_axis',(-8.49364220891148E-6,-0.999999993684114,
0.000112069757385113));
#4353=DIRECTION('ref_axis',(-1.45707211489913E-16,0.000112069757389167,
0.999999993720185));
#4354=DIRECTION('center_axis',(-5.20490408496682E-5,-0.999999998641056,
-2.96416649767836E-6));
#4355=DIRECTION('ref_axis',(-2.74299881299092E-16,-2.96416650177383E-6,
0.999999999995607));
#4356=DIRECTION('center_axis',(-0.0001074829666154,0.999999994157545,-1.15031316843449E-5));
#4357=DIRECTION('ref_axis',(-0.106431202579854,-1.74670658710361E-9,0.994320068749196));
#4358=DIRECTION('',(0.0512875732029108,-0.997905643380205,-0.0394196872754639));
#4359=DIRECTION('',(-0.0415226153730906,0.997905892450758,-0.0495953851142929));
#4360=DIRECTION('center_axis',(-5.76094790921946E-6,0.999999997555638,6.96816714808276E-5));
#4361=DIRECTION('ref_axis',(-0.0871523184581944,-6.99186125254286E-5,0.996194995218682));
#4362=DIRECTION('',(-0.043729839408372,-0.997905252517577,-0.0476739776308719));
#4363=DIRECTION('center_axis',(4.69954757861868E-5,0.999999998892131,2.67653966431969E-6));
#4364=DIRECTION('ref_axis',(-3.27428844196687E-7,-2.67652427976433E-6,0.999999999996364));
#4365=DIRECTION('center_axis',(7.66896909823798E-6,0.999999994851048,-0.000101188398512524));
#4366=DIRECTION('ref_axis',(0.0842623246543364,-0.000101474737898517,-0.996443601187104));
#4367=DIRECTION('center_axis',(-0.000416994082104428,0.999999779193032,
-0.000517426151514866));
#4368=DIRECTION('ref_axis',(-0.625915378129487,-0.000664538996780249,-0.779890696065124));
#4369=DIRECTION('',(0.11292877467807,-0.992501377597823,0.0467772093666764));
#4370=DIRECTION('center_axis',(0.00605889565098701,-0.999953033025711,0.0075644911375984));
#4371=DIRECTION('ref_axis',(-0.625124936547909,-0.00969183897309239,-0.780464529599707));
#4372=DIRECTION('',(-0.0209740911709094,0.992505365548961,-0.120387652423649));
#4373=DIRECTION('center_axis',(-0.000724257144411705,0.999999726161383,
0.000152081384437351));
#4374=DIRECTION('ref_axis',(-0.980757498836332,-0.000740011453988048,0.195228534951606));
#4375=DIRECTION('',(0.093635136004576,-0.992501682638453,-0.0785676222450738));
#4376=DIRECTION('center_axis',(-0.00013202783098436,0.999999879991245,0.000471790364158532));
#4377=DIRECTION('ref_axis',(-0.279667984649373,-0.000489888364583956,0.960096650536574));
#4378=DIRECTION('',(-0.266431481211224,0.957809396311072,-0.107774886489443));
#4379=DIRECTION('',(-0.0316345539191464,-0.992501446054361,-0.118068347063635));
#4380=DIRECTION('center_axis',(0.029442326740603,-0.992179308199555,0.121298680028898));
#4381=DIRECTION('ref_axis',(-0.234032132238121,-0.124820753004672,-0.96418293943599));
#4382=DIRECTION('center_axis',(-0.085950806765526,-0.993133310106966,0.0793642688641151));
#4383=DIRECTION('ref_axis',(-0.729651720042274,0.116988154767824,0.67373744076114));
#4384=DIRECTION('center_axis',(0.000338468981776326,0.99999990079313,0.000289572925466235));
#4385=DIRECTION('ref_axis',(0.759861004527718,-0.000445436562021672,0.650085421605804));
#4386=DIRECTION('',(-0.210275074145223,0.957809720664002,0.195920729364627));
#4387=DIRECTION('',(-0.120376608087074,-0.992501342420998,-0.0212263401924893));
#4388=DIRECTION('center_axis',(0.000240335944603799,0.999999964960668,-0.000110983312327118));
#4389=DIRECTION('ref_axis',(0.907871969348892,-0.000264723746349228,-0.419247441485219));
#4390=DIRECTION('center_axis',(0.000143346737739914,0.999999801949238,-0.000612823952460173));
#4391=DIRECTION('ref_axis',(0.227763387726026,-0.000629365938011755,-0.973716305250189));
#4392=DIRECTION('center_axis',(-0.00548135671670365,0.999961560307532,-0.00684343743083733));
#4393=DIRECTION('ref_axis',(0.625130267854815,0.008768004751683,0.78047118480085));
#4394=DIRECTION('center_axis',(0.115619407696733,0.992651202907403,0.035717529734603));
#4395=DIRECTION('ref_axis',(0.948426421847937,-0.121010699388465,0.292991011763559));
#4396=DIRECTION('center_axis',(0.0781977763653192,0.994319613154841,-0.0722053645315043));
#4397=DIRECTION('ref_axis',(0.730523292935136,-0.106435458826502,-0.674542223721835));
#4398=DIRECTION('center_axis',(-0.0268007755342308,0.993524063529682,-0.11041582141266));
#4399=DIRECTION('ref_axis',(0.234349328902949,0.113621895722033,0.965489749741171));
#4400=DIRECTION('center_axis',(0.00318572620171427,0.999673709325016,0.0253441518487438));
#4401=DIRECTION('ref_axis',(0.124676571040933,-0.025543587930525,0.991868578869757));
#4402=DIRECTION('',(-0.168960557903938,-0.954378447606,-0.246199327005481));
#4403=DIRECTION('center_axis',(0.000320580354951904,0.999999927997339,-0.000203060465350683));
#4404=DIRECTION('ref_axis',(0.844785836879959,-0.000379480324348259,-0.535104425137478));
#4405=DIRECTION('center_axis',(1.36588506116192E-5,0.999999822860699,-0.000595056305613406));
#4406=DIRECTION('ref_axis',(0.0229477468292736,-0.000595213046774261,-0.999736488599315));
#4407=DIRECTION('center_axis',(-6.58090390049514E-9,1.,1.47939238637207E-8));
#4408=DIRECTION('ref_axis',(1.,6.58090377903419E-9,9.05783794791565E-9));
#4409=DIRECTION('center_axis',(9.05783769990439E-9,1.47939239233295E-8,
-1.));
#4410=DIRECTION('ref_axis',(-1.,-6.58090376020245E-9,-9.05783779726178E-9));
#4411=DIRECTION('center_axis',(-9.81433421010531E-10,1.,2.99709088102951E-8));
#4412=DIRECTION('ref_axis',(1.,9.81433289938781E-10,1.35082795632308E-9));
#4413=DIRECTION('center_axis',(1.35082789142812E-9,2.99709088116208E-8,
-1.));
#4414=DIRECTION('ref_axis',(-1.,-9.81433343159543E-10,-1.35082792084257E-9));
#4415=DIRECTION('center_axis',(9.32777517304676E-10,-0.999999999999999,
-4.64524055332482E-8));
#4416=DIRECTION('ref_axis',(-1.,-9.32777480121791E-10,-1.28385887884408E-9));
#4417=DIRECTION('center_axis',(9.32777517304676E-10,-0.999999999999999,
-4.64524055332482E-8));
#4418=DIRECTION('ref_axis',(-1.,-9.32777480121791E-10,-1.28385887884408E-9));
#4419=DIRECTION('center_axis',(-9.9416032262039E-9,-1.,3.32167304772923E-9));
#4420=DIRECTION('ref_axis',(-1.,9.94160324584618E-9,1.36834423349822E-8));
#4421=DIRECTION('center_axis',(-1.36834422377794E-8,-3.32167291169388E-9,
-1.));
#4422=DIRECTION('ref_axis',(1.,-9.94160324584618E-9,-1.36834422047566E-8));
#4423=DIRECTION('center_axis',(2.08816934928785E-9,1.,2.02819501193829E-8));
#4424=DIRECTION('ref_axis',(1.,-2.08816927358906E-9,-2.87411766765801E-9));
#4425=DIRECTION('center_axis',(2.08816934928785E-9,1.,2.02819501193829E-8));
#4426=DIRECTION('ref_axis',(1.,-2.08816927358906E-9,-2.87411766765801E-9));
#4427=DIRECTION('center_axis',(8.63456834585073E-6,0.999999999962404,-7.97757647219566E-7));
#4428=DIRECTION('ref_axis',(-1.53421872016482E-16,7.9775764716744E-7,0.999999999999682));
#4429=DIRECTION('center_axis',(-2.99009255812028E-9,-1.,-9.43316474932843E-9));
#4430=DIRECTION('ref_axis',(-1.,2.99009251998892E-9,4.11550850260788E-9));
#4431=DIRECTION('center_axis',(-2.99009255812028E-9,-1.,-9.43316474932843E-9));
#4432=DIRECTION('ref_axis',(-1.,2.99009251998892E-9,4.11550850260788E-9));
#4433=DIRECTION('',(4.87260824955014E-6,0.564313393243353,-0.825560654453948));
#4434=DIRECTION('center_axis',(2.08816934928785E-9,1.,2.02819501193829E-8));
#4435=DIRECTION('ref_axis',(1.,-2.08816919185618E-9,-2.87411768858475E-9));
#4436=DIRECTION('center_axis',(-2.87411778562635E-9,2.02819501253846E-8,
-1.));
#4437=DIRECTION('ref_axis',(-1.,2.08816936609837E-9,2.8741178279785E-9));
#4438=DIRECTION('center_axis',(9.32777517304676E-10,-0.999999999999999,
-4.64524055332482E-8));
#4439=DIRECTION('ref_axis',(-1.,-9.32777442105631E-10,-1.28385888205063E-9));
#4440=DIRECTION('center_axis',(1.28385890513691E-9,4.64524055344458E-8,
-0.999999999999999));
#4441=DIRECTION('ref_axis',(1.,9.32777442105631E-10,1.28385894846667E-9));
#4442=DIRECTION('center_axis',(-2.99009255812028E-9,-1.,-9.43316474932843E-9));
#4443=DIRECTION('ref_axis',(-1.,2.99009273870991E-9,4.11550847463508E-9));
#4444=DIRECTION('center_axis',(1.44487828859818E-5,-0.999999999895603,-1.63925183815916E-7));
#4445=DIRECTION('ref_axis',(4.24263603574296E-16,1.63925183771756E-7,-0.999999999999987));
#4446=DIRECTION('center_axis',(1.44487828859818E-5,-0.999999999895603,-1.63925183815916E-7));
#4447=DIRECTION('ref_axis',(4.24263603574296E-16,1.63925183771756E-7,-0.999999999999987));
#4448=DIRECTION('center_axis',(1.44487828859818E-5,-0.999999999895603,-1.63925183815916E-7));
#4449=DIRECTION('ref_axis',(4.24263603574296E-16,1.63925183771756E-7,-0.999999999999987));
#4450=DIRECTION('center_axis',(-4.11550837434999E-9,9.43316476163418E-9,
-1.));
#4451=DIRECTION('ref_axis',(1.,-2.99009248643321E-9,-4.11550840255602E-9));
#4452=DIRECTION('center_axis',(1.44487828859818E-5,-0.999999999895603,-1.63925183815916E-7));
#4453=DIRECTION('ref_axis',(1.53422326108865E-16,1.63925183776844E-7,-0.999999999999986));
#4454=DIRECTION('',(1.03312705436241E-5,-0.715027160413279,0.699096674119244));
#4455=DIRECTION('center_axis',(6.43963497458272E-6,0.999999999979244,-2.09150053442908E-7));
#4456=DIRECTION('ref_axis',(-1.53422149948283E-16,2.09150053441328E-7,0.999999999999978));
#4457=DIRECTION('center_axis',(-6.02453723671564E-9,-1.,-2.06978135186553E-8));
#4458=DIRECTION('ref_axis',(-1.,6.02453706760459E-9,8.29206315625793E-9));
#4459=DIRECTION('center_axis',(-6.02453723671564E-9,-1.,-2.06978135186553E-8));
#4460=DIRECTION('ref_axis',(-1.,6.02453706760459E-9,8.29206315625793E-9));
#4461=DIRECTION('center_axis',(-6.02453723671564E-9,-1.,-2.06978135186553E-8));
#4462=DIRECTION('ref_axis',(-1.,6.02453706760459E-9,8.29206315625793E-9));
#4463=DIRECTION('',(3.09336368228672E-6,0.480363019473741,-0.877069763195894));
#4464=DIRECTION('center_axis',(-6.02453723671564E-9,-1.,-2.06978135186553E-8));
#4465=DIRECTION('ref_axis',(-1.,6.02453700747662E-9,8.29206326109968E-9));
#4466=DIRECTION('center_axis',(1.53521734732222E-5,-0.99999999988204,-4.80227576538095E-7));
#4467=DIRECTION('ref_axis',(2.71900319809699E-16,4.80227576502409E-7,-0.999999999999885));
#4468=DIRECTION('center_axis',(1.53521734732222E-5,-0.99999999988204,-4.80227576538095E-7));
#4469=DIRECTION('ref_axis',(2.71900319809699E-16,4.80227576502409E-7,-0.999999999999885));
#4470=DIRECTION('center_axis',(1.53521734732222E-5,-0.99999999988204,-4.80227576538095E-7));
#4471=DIRECTION('ref_axis',(2.71900319809699E-16,4.80227576502409E-7,-0.999999999999885));
#4472=DIRECTION('center_axis',(-8.29206298380542E-9,2.06978135686111E-8,
-1.));
#4473=DIRECTION('ref_axis',(1.,-6.02453693117686E-9,-8.29206310850017E-9));
#4474=DIRECTION('center_axis',(1.53521734732222E-5,-0.99999999988204,-4.80227576538095E-7));
#4475=DIRECTION('ref_axis',(1.53422475462137E-16,4.80227576627702E-7,-0.999999999999885));
#4476=DIRECTION('',(1.19798166594766E-5,-0.780333891451522,0.625363108688551));
#4477=DIRECTION('center_axis',(-0.00195150447837256,0.999996631065198,-0.00171157486681733));
#4478=DIRECTION('ref_axis',(-1.52613842233934E-16,0.0017115781259816,0.999998535249087));
#4479=DIRECTION('',(-0.103522888625043,0.974319276027054,-0.199962396196995));
#4480=DIRECTION('',(0.362436091718983,3.41548551829884E-7,-0.932008626258015));
#4481=DIRECTION('',(0.211655024015139,-0.974303592615582,0.0770367459432226));
#4482=DIRECTION('center_axis',(-0.00285693105441085,0.999995859115204,0.000345973113903664));
#4483=DIRECTION('ref_axis',(1.53585603551428E-16,0.000345974525838067,-0.999999940150812));
#4484=DIRECTION('',(-0.149404963106658,0.940798747814302,-0.304262835571712));
#4485=DIRECTION('center_axis',(0.174781902191002,-0.967285053307377,-0.183877438296925));
#4486=DIRECTION('ref_axis',(-0.838189047497961,-0.244160029077926,0.487673047087009));
#4487=DIRECTION('',(0.199790470980897,-0.974303293662322,-0.104004132917796));
#4488=DIRECTION('center_axis',(-0.00184341700353374,0.999994978454678,0.00257776631576712));
#4489=DIRECTION('ref_axis',(1.54638923968069E-16,0.00257777069564338,-0.999996677543601));
#4490=DIRECTION('',(-0.325261023658382,0.940799362790295,-0.095403487682974));
#4491=DIRECTION('center_axis',(0.173000650863917,-0.967801624240639,-0.182840889622214));
#4492=DIRECTION('ref_axis',(-0.83855850569874,-0.242104337566205,0.488062621240272));
#4493=DIRECTION('',(0.0582972754807303,-0.974303738499603,-0.217562985862076));
#4494=DIRECTION('center_axis',(0.000670763449795536,0.99999471046311,0.00318262819001308));
#4495=DIRECTION('ref_axis',(0.195118183806629,-0.00325233542925729,0.980774345434391));
#4496=DIRECTION('',(-0.290080887888651,0.940799498459154,0.17535501755221));
#4497=DIRECTION('center_axis',(-0.00777718536098558,-0.96809020381324,-0.250481282072534));
#4498=DIRECTION('ref_axis',(-0.104748277128583,-0.248322077246023,0.962997375069535));
#4499=DIRECTION('',(-0.121022854914801,-0.974303081154219,-0.189965719648745));
#4500=DIRECTION('center_axis',(0.00260386965809933,0.999995425152858,0.00153932977606658));
#4501=DIRECTION('ref_axis',(1.54148918035147E-16,0.00153933499452654,-0.999998815223186));
#4502=DIRECTION('',(-0.0666930862217226,0.940798590389421,0.332340254214712));
#4503=DIRECTION('center_axis',(-0.183852063207717,-0.968294104415923,-0.169129968390087));
#4504=DIRECTION('ref_axis',(0.581253107438183,-0.245852675498592,0.775694067944083));
#4505=DIRECTION('',(-0.221817313642294,-0.974303517013265,-0.0391118409704551));
#4506=DIRECTION('center_axis',(0.00276655866436094,0.999995820328948,-0.00083992725320664));
#4507=DIRECTION('ref_axis',(1.53025591907159E-16,-0.000839930467562304,
-0.999999647258343));
#4508=DIRECTION('',(-0.178695109695039,-0.974303416838179,0.137116409333561));
#4509=DIRECTION('',(0.199968787756753,0.940799038215757,0.273696279871323));
#4510=DIRECTION('center_axis',(-0.248743081127655,-0.968542886919861,0.0071802359336417));
#4511=DIRECTION('ref_axis',(0.966546047033356,-0.247737671207468,0.0664438501961934));
#4512=DIRECTION('center_axis',(0.0101013391357512,0.999845333613748,-0.014396937121362));
#4513=DIRECTION('ref_axis',(-1.46607979673166E-16,0.0143976716880905,0.999896348153128));
#4514=DIRECTION('',(0.336887726457906,0.940798796331274,0.037473785285832));
#4515=DIRECTION('center_axis',(-0.175076422699825,-0.96886091605388,0.175090752348227));
#4516=DIRECTION('ref_axis',(0.726188567430706,-0.247160953621814,-0.641530691033324));
#4517=DIRECTION('center_axis',(1.97576268921624E-5,-0.999998576208816,0.00168736183948764));
#4518=DIRECTION('ref_axis',(-2.13769365490499E-16,0.00168736183981711,0.999998576403997));
#4519=DIRECTION('center_axis',(-3.7812522760863E-5,0.999999349022883,-0.00114040520114561));
#4520=DIRECTION('ref_axis',(-0.0217961352357542,-0.00114095844909311,-0.999761784978103));
#4521=DIRECTION('center_axis',(0.000802748107197387,-0.999999393938615,
0.000753470556888125));
#4522=DIRECTION('ref_axis',(-2.08353911166499E-16,0.000753470799658027,
0.999999716140837));
#4523=DIRECTION('center_axis',(-0.000802748107197387,0.999999393938615,
-0.000753470556888125));
#4524=DIRECTION('ref_axis',(-1.53066427445129E-16,0.000753470799658162,
0.999999716140837));
#4525=DIRECTION('',(-0.10975935963752,0.965268793621131,-0.237084455486159));
#4526=DIRECTION('center_axis',(1.36829982623794E-16,-1.,-2.28519151379558E-8));
#4527=DIRECTION('ref_axis',(-0.729121461357206,1.56394922130857E-8,-0.684384317900646));
#4528=DIRECTION('center_axis',(0.631115199589352,0.174188906440701,0.755878184445275));
#4529=DIRECTION('ref_axis',(0.749212780996884,-0.389307439061593,-0.535835727329019));
#4530=DIRECTION('center_axis',(0.51661437002948,-0.0688876320453153,0.853442491811975));
#4531=DIRECTION('ref_axis',(0.782834512757076,-0.365737592217308,-0.50339461585865));
#4532=DIRECTION('center_axis',(0.99446835737818,-0.0337268918381148,0.099474534130528));
#4533=DIRECTION('ref_axis',(0.0608766751811237,-0.586695079388656,-0.80751651019656));
#4534=DIRECTION('center_axis',(0.792681048056355,-0.0443056351218468,-0.608024478741381));
#4535=DIRECTION('ref_axis',(-0.546992537801535,-0.492057061970957,-0.677258452404949));
#4536=DIRECTION('center_axis',(-0.0625749035581713,0.0234674766782137,0.997764330382202));
#4537=DIRECTION('ref_axis',(0.997108024125348,0.0446700864423666,0.0614831001338998));
#4538=DIRECTION('center_axis',(0.664829610311974,0.0148320041798623,0.746847776259954));
#4539=DIRECTION('ref_axis',(0.677827194691289,-0.432152207457618,-0.594806492673412));
#4540=DIRECTION('center_axis',(-1.97576268921624E-5,0.999998576208816,-0.00168736183948764));
#4541=DIRECTION('ref_axis',(0.000179488064456136,-0.00168735826638383,-0.999998560302021));
#4542=DIRECTION('center_axis',(1.36829982623794E-16,-1.,-2.28519151379558E-8));
#4543=DIRECTION('ref_axis',(-0.0117082211228947,2.28503485999213E-8,-0.999931456429958));
#4544=DIRECTION('center_axis',(-0.000617130649275897,-0.999998491570852,
-0.00162357808007618));
#4545=DIRECTION('ref_axis',(-0.342078497378752,0.00173673699355417,-0.93966977464198));
#4546=DIRECTION('',(-0.17656665774178,-0.96524387262164,-0.192687523571912));
#4547=DIRECTION('center_axis',(-1.23259516440783E-32,1.,-5.55111512312578E-17));
#4548=DIRECTION('ref_axis',(-0.3553037763682,-1.64434532049479E-16,-0.934750890076333));
#4549=DIRECTION('center_axis',(-0.00550934022309437,-0.999818022107006,
-0.0182638944461831));
#4550=DIRECTION('ref_axis',(-4.30782307822158E-17,-0.0182641716329321,0.999833196105512));
#4551=DIRECTION('center_axis',(-0.00121600779577633,-0.999999135099895,
-0.00050112324030871));
#4552=DIRECTION('ref_axis',(-1.53658852561007E-16,-0.000501123610808382,
0.999999874437555));
#4553=DIRECTION('center_axis',(-1.23259516440783E-32,1.,-5.55111512312578E-17));
#4554=DIRECTION('ref_axis',(-0.924567196018155,1.3703114809151E-16,-0.381019028458064));
#4555=DIRECTION('center_axis',(-0.195966278009419,-0.96873333678326,-0.152160901968627));
#4556=DIRECTION('ref_axis',(-0.92598676847289,0.233874684772795,-0.29639692379571));
#4557=DIRECTION('center_axis',(-0.00159823472619248,-0.999998540992093,
0.000603041827649087));
#4558=DIRECTION('ref_axis',(-1.53137473059251E-16,0.00060304259784166,0.999999818169796));
#4559=DIRECTION('center_axis',(-0.00159823472619248,-0.999998540992093,
0.000603041827649087));
#4560=DIRECTION('ref_axis',(-1.12859318370099E-17,0.000603042597841756,
0.999999818169796));
#4561=DIRECTION('center_axis',(-0.143027219225044,-0.968065342293155,0.205894894573876));
#4562=DIRECTION('ref_axis',(-0.255050114100557,0.237059081197838,0.937417959780444));
#4563=DIRECTION('center_axis',(-1.23259516440783E-32,1.,-5.55111512312578E-17));
#4564=DIRECTION('ref_axis',(0.935614406668422,-1.91838660584606E-16,-0.353023628153268));
#4565=DIRECTION('center_axis',(-0.000682492267018547,-0.999998399637011,
0.00165376168849729));
#4566=DIRECTION('ref_axis',(-1.52641157040098E-16,0.0016537620736549,0.999998632534567));
#4567=DIRECTION('center_axis',(-0.000682492267018547,-0.999998399637011,
0.00165376168849729));
#4568=DIRECTION('ref_axis',(2.12402456504318E-16,0.00165376207365498,0.999998632534567));
#4569=DIRECTION('center_axis',(-1.23259516440783E-32,1.,-5.55111512312578E-17));
#4570=DIRECTION('ref_axis',(0.381481657407318,1.64430187158182E-16,-0.924376408754445));
#4571=DIRECTION('center_axis',(0.000654336350071991,-0.999998295580836,
0.00172646441128771));
#4572=DIRECTION('ref_axis',(-1.52606809050641E-16,0.00172646478088585,0.99999850965857));
#4573=DIRECTION('center_axis',(0.000654336350071991,-0.999998295580836,
0.00172646441128771));
#4574=DIRECTION('ref_axis',(-4.67211103572653E-16,0.00172646478088585,0.99999850965857));
#4575=DIRECTION('center_axis',(0.217253229215494,-0.967557202611006,0.128973230055717));
#4576=DIRECTION('ref_axis',(0.929507620588099,0.245406780351813,0.27530182604917));
#4577=DIRECTION('',(0.176565274217958,-0.965243816223733,0.19268907385262));
#4578=DIRECTION('center_axis',(-1.23259516440783E-32,1.,-5.55111512312578E-17));
#4579=DIRECTION('ref_axis',(-0.354403522732445,-1.0962204139459E-16,-0.935092585295613));
#4580=DIRECTION('center_axis',(0.00112803909453759,-0.999999255562074,0.00046519146574403));
#4581=DIRECTION('ref_axis',(-1.53202575471011E-16,0.000465191761715856,
0.999999891798307));
#4582=DIRECTION('',(0.258369378472185,-0.9344997046433,-0.244858257548079));
#4583=DIRECTION('center_axis',(-1.23259516440783E-32,1.,-5.55111512312578E-17));
#4584=DIRECTION('ref_axis',(-0.924474611605395,1.91844748666417E-16,-0.381243613057392));
#4585=DIRECTION('center_axis',(0.204335370348511,-0.976917464759406,-0.0622842152763576));
#4586=DIRECTION('ref_axis',(-1.83154951512057E-16,-0.0636266781788816,0.997973770108173));
#4587=DIRECTION('center_axis',(-1.23259516440783E-32,1.,-5.55111512312578E-17));
#4588=DIRECTION('ref_axis',(0.956549670819462,1.55349610981673E-16,-0.29156942098783));
#4589=DIRECTION('',(-0.0227442589879468,-0.940798063527085,-0.33820364035116));
#4590=DIRECTION('',(0.192687579111634,-0.965244091891829,-0.176565398433602));
#4591=DIRECTION('center_axis',(0.0193981337763755,-0.999480427969118,-0.025740755868132));
#4592=DIRECTION('ref_axis',(-1.65528083063903E-16,-0.0257456001988679,0.999668527098058));
#4593=DIRECTION('center_axis',(-1.23259516440783E-32,1.,-5.55111512312578E-17));
#4594=DIRECTION('ref_axis',(0.60183645282177,-2.72868517923589E-16,-0.798619361182102));
#4595=DIRECTION('center_axis',(0.00371954858644239,-0.999875880485277,-0.0153097544756557));
#4596=DIRECTION('ref_axis',(-1.60633355665574E-16,-0.0153098603823004,0.999882797219291));
#4597=DIRECTION('center_axis',(-1.23259516440783E-32,1.,-5.55111512312578E-17));
#4598=DIRECTION('ref_axis',(0.236085155378771,0.,-0.971732370259313));
#4599=DIRECTION('center_axis',(0.00371954858644239,-0.999875880485277,-0.0153097544756557));
#4600=DIRECTION('ref_axis',(2.42160863599385E-16,-0.0153098603823005,0.999882797219291));
#4601=DIRECTION('center_axis',(-0.00550934022309437,-0.999818022107006,
-0.0182638944461831));
#4602=DIRECTION('ref_axis',(-1.62020727604488E-16,-0.018264171632932,0.999833196105512));
#4603=DIRECTION('',(0.0196308063537466,0.974303789387041,0.224380831240004));
#4604=DIRECTION('center_axis',(0.322716163983568,0.0828151799321622,-0.942865803535442));
#4605=DIRECTION('ref_axis',(-0.911269215104602,-0.242056514678224,-0.333162214700997));
#4606=DIRECTION('',(-0.214815207122078,-0.974303289325198,-0.0677312867085706));
#4607=DIRECTION('center_axis',(-0.0010687680687565,-0.999999422064022,0.000116646631997286));
#4608=DIRECTION('ref_axis',(-1.53367168825065E-16,0.000116646698618091,
0.999999993196774));
#4609=DIRECTION('',(-0.195064305088261,-0.974303156102111,0.112620055451499));
#4610=DIRECTION('center_axis',(0.956291092637615,-0.0815627676852216,0.280811077184435));
#4611=DIRECTION('ref_axis',(0.184223959458875,-0.57772488720871,-0.795170099702559));
#4612=DIRECTION('',(-0.0487493773204319,-0.974303603795641,0.21989994506979));
#4613=DIRECTION('center_axis',(0.000199624442329604,-0.999999475541904,
0.00100452277162527));
#4614=DIRECTION('ref_axis',(-1.52947850570391E-16,0.00100452279164031,0.999999495466853));
#4615=DIRECTION('',(0.129192031688657,-0.974303445193096,0.184505326841857));
#4616=DIRECTION('center_axis',(0.298021169825384,-0.0600713894705463,-0.952667208684642));
#4617=DIRECTION('ref_axis',(0.93006335430425,0.242917263505503,0.275632654218119));
#4618=DIRECTION('',(0.223313293137517,-0.974303263761136,0.0293993763960356));
#4619=DIRECTION('center_axis',(0.000904628716060569,-0.999999553415281,
-0.00027352536556724));
#4620=DIRECTION('ref_axis',(-1.53551397630798E-16,-0.000273525477487455,
0.999999962591906));
#4621=DIRECTION('center_axis',(0.000288628140467844,-0.999999661718814,
-0.000770231168631674));
#4622=DIRECTION('ref_axis',(0.362402770517041,0.000822471709836533,-0.932021220499759));
#4623=DIRECTION('center_axis',(-0.000438767308377006,-0.999999823819232,
-0.000399805896423744));
#4624=DIRECTION('ref_axis',(1.53611018862849E-16,0.000399805934908438,-0.999999920077604));
#4625=DIRECTION('',(-0.160253169045514,-0.986141540328216,-0.0429393089134246));
#4626=DIRECTION('',(0.0567423322548197,0.986141961768629,0.155898489310844));
#4627=DIRECTION('center_axis',(-0.108532063041219,-0.993813168402005,-0.0235834179623011));
#4628=DIRECTION('ref_axis',(-1.11985909645766E-16,-0.0237235542064163,0.999718556882793));
#4629=DIRECTION('center_axis',(-0.000737194234110509,-0.999999707264606,
0.000204976495630005));
#4630=DIRECTION('ref_axis',(-1.53325458602459E-16,0.000204976551327913,
0.999999978992307));
#4631=DIRECTION('center_axis',(-0.000737194234110509,-0.999999707264606,
0.000204976495630005));
#4632=DIRECTION('ref_axis',(-3.02481607455324E-16,0.000204976551327925,
0.999999978992306));
#4633=DIRECTION('',(-0.122110428954099,-0.986148496829329,0.112250547178626));
#4634=DIRECTION('',(0.209152360808666,0.949815738733942,-0.232605572636292));
#4635=DIRECTION('center_axis',(-0.108532063041219,-0.993813168402005,-0.0235834179623011));
#4636=DIRECTION('ref_axis',(-1.70327206171584E-16,-0.0237235542064163,0.999718556882793));
#4637=DIRECTION('center_axis',(-0.000193916296853995,-0.999999840770608,
0.000529957760542543));
#4638=DIRECTION('ref_axis',(-0.342010513555262,0.000564320666685952,0.939695956232574));
#4639=DIRECTION('',(0.0216549642379682,-0.986141764898643,0.16448550710151));
#4640=DIRECTION('center_axis',(0.000393721917431077,-0.999999798297181,
0.000498386045038546));
#4641=DIRECTION('ref_axis',(-1.53186899152028E-16,0.000498386083667683,
0.999999875805648));
#4642=DIRECTION('',(-0.294937585670831,0.949816157852958,-0.104216538227416));
#4643=DIRECTION('center_axis',(0.00611239724902271,-0.998898293199553,0.0465278243945569));
#4644=DIRECTION('ref_axis',(-1.47353683278143E-16,-0.0465286935912449,-0.998916953841856));
#4645=DIRECTION('',(0.150362403190024,-0.986141530649256,0.0701144010575735));
#4646=DIRECTION('center_axis',(0.000721518137921684,-0.999999737092044,
-7.2300891333088E-5));
#4647=DIRECTION('ref_axis',(-1.53456387719769E-16,-7.23009101526716E-5,
0.999999997386289));
#4648=DIRECTION('',(-0.246366366116687,0.949815512140743,0.192754005258714));
#4649=DIRECTION('center_axis',(0.000721518137921684,-0.999999737092044,
-7.2300891333088E-5));
#4650=DIRECTION('ref_axis',(-3.77741982744035E-16,-7.2300910152639E-5,0.999999997386289));
#4651=DIRECTION('',(0.139757498948571,-0.986148191862129,-0.089328523858246));
#4652=DIRECTION('center_axis',(0.000261041204831013,-0.999999862182126,
-0.000455514234243171));
#4653=DIRECTION('ref_axis',(1.53637319845789E-16,0.000455514249763063,-0.999999896253379));
#4654=DIRECTION('',(0.00723716641796384,-0.986141712247247,-0.165747237649096));
#4655=DIRECTION('center_axis',(-0.00311767315662886,-0.999789653199487,
-0.0202713953475933));
#4656=DIRECTION('ref_axis',(1.62962620343277E-16,0.0202714938661366,-0.99979451215559));
#4657=DIRECTION('center_axis',(-0.00311767315662886,-0.999789653199487,
-0.0202713953475933));
#4658=DIRECTION('ref_axis',(2.61030277507427E-16,0.0202714938661366,-0.99979451215559));
#4659=DIRECTION('center_axis',(-0.00311767315662886,-0.999789653199487,
-0.0202713953475933));
#4660=DIRECTION('ref_axis',(5.22611921556435E-17,0.0202714938661365,-0.99979451215559));
#4661=DIRECTION('center_axis',(-0.108532063041219,-0.993813168402005,-0.0235834179623011));
#4662=DIRECTION('ref_axis',(-1.64580978688373E-16,-0.0237235542064163,0.999718556882794));
#4663=DIRECTION('',(-0.120808041776187,-0.991701549076119,0.0439710655116292));
#4664=DIRECTION('',(0.0947858679213777,0.991701369910235,0.0868563881390063));
#4665=DIRECTION('center_axis',(-0.000157018200305595,-0.999999968500806,
0.000195815400341026));
#4666=DIRECTION('ref_axis',(-1.53329784642285E-16,0.000195815402754962,
0.999999980828164));
#4667=DIRECTION('',(-0.0167817317174118,-0.991701259196392,0.127463665367256));
#4668=DIRECTION('center_axis',(0.00611239724902271,-0.998898293199553,0.0465278243945569));
#4669=DIRECTION('ref_axis',(0.401905423038519,0.0450592867376992,0.914571862464027));
#4670=DIRECTION('',(0.105313186172021,-0.991701198494893,0.0737418858050801));
#4671=DIRECTION('center_axis',(-0.00741000612380879,-0.999838325780279,
0.0163833485629071));
#4672=DIRECTION('ref_axis',(-1.4566546981792E-16,0.016383798371445,0.999865776567497));
#4673=DIRECTION('',(0.116516355609284,-0.991701508659236,-0.0543328316814564));
#4674=DIRECTION('center_axis',(0.000104522790732558,-0.999999981282377,
-0.000162819628199029));
#4675=DIRECTION('ref_axis',(0.537290254124731,0.00019348072871466,-0.843397382843811));
#4676=DIRECTION('',(-0.000284119938149649,-0.991706248589679,-0.128524845006895));
#4677=DIRECTION('center_axis',(-0.000281734737352065,-0.999999756634083,
-0.000638245495665657));
#4678=DIRECTION('ref_axis',(-1.53723587503753E-16,-0.000638245520995903,
0.999999796321307));
#4679=DIRECTION('center_axis',(-0.000586159055484821,-0.999999795864195,
-0.000254340579031009));
#4680=DIRECTION('ref_axis',(-1.5354233960444E-16,-0.000254340622724504,
0.999999967655423));
#4681=DIRECTION('center_axis',(-0.000586159055484821,-0.999999795864195,
-0.000254340579031009));
#4682=DIRECTION('ref_axis',(-2.01441280441079E-16,-0.00025434062272447,
0.999999967655423));
#4683=DIRECTION('center_axis',(-0.00204362602853912,-0.999938684878303,
0.0108834772248833));
#4684=DIRECTION('ref_axis',(2.20319634718917E-16,0.0108834999518717,0.999940772960478));
#4685=DIRECTION('center_axis',(-0.00011115834773938,-0.999999988885058,
9.93665241779129E-5));
#4686=DIRECTION('ref_axis',(1.533753285526E-16,-9.93665247918898E-5,-0.999999995063147));
#4687=DIRECTION('center_axis',(-0.00204362602853912,-0.999938684878303,
0.0108834772248833));
#4688=DIRECTION('ref_axis',(-2.30833649654056E-16,0.0108834999518715,0.999940772960478));
#4689=DIRECTION('',(-0.0059367413407733,-0.997679080780719,0.067832196446756));
#4690=DIRECTION('center_axis',(8.97145895440552E-5,-0.999999990946422,0.000100291811875153));
#4691=DIRECTION('ref_axis',(0.659469018723495,0.000134556530885787,0.751731730897672));
#4692=DIRECTION('',(-0.279295819177464,0.957543474870131,-0.0714446577682617));
#4693=DIRECTION('center_axis',(-0.00204362602853912,-0.999938684878303,
0.0108834772248833));
#4694=DIRECTION('ref_axis',(-4.06557650546097E-16,0.0108834999518715,0.999940772960478));
#4695=DIRECTION('center_axis',(0.0101217407018158,-0.999948629760767,-0.00053684702636847));
#4696=DIRECTION('ref_axis',(-3.74076501092738E-16,-0.000536874528372524,
0.99999985588286));
#4697=DIRECTION('',(0.0678323500775753,-0.997679078202036,0.00593541918395785));
#4698=DIRECTION('center_axis',(6.5470058053928E-5,-0.999999996067016,-5.98300871544333E-5));
#4699=DIRECTION('ref_axis',(1.53450499309006E-16,5.98300872825891E-5,-0.99999999821018));
#4700=DIRECTION('',(-0.0714448985941052,0.957543820425659,0.279294572860826));
#4701=DIRECTION('center_axis',(0.0101217407018158,-0.999948629760767,-0.00053684702636847));
#4702=DIRECTION('ref_axis',(-4.56154838024689E-16,-0.000536874528372529,
0.99999985588286));
#4703=DIRECTION('',(0.00572326055717754,-0.997681010210876,-0.0678221656481141));
#4704=DIRECTION('center_axis',(-0.000167951122701771,-0.999999870202041,
-0.000481028400900196));
#4705=DIRECTION('ref_axis',(-0.343969090139875,0.000509446509755167,-0.938980833400022));
#4706=DIRECTION('center_axis',(0.0101217407018158,-0.999948629760767,-0.00053684702636847));
#4707=DIRECTION('ref_axis',(4.38875479102528E-17,-0.0005368745283725,0.99999985588286));
#4708=DIRECTION('center_axis',(-0.000167951122701771,-0.999999870202041,
-0.000481028400900196));
#4709=DIRECTION('ref_axis',(-3.69268336636778E-16,-0.000481028407684503,
0.999999884305829));
#4710=DIRECTION('center_axis',(-0.00204362602853912,-0.999938684878303,
0.0108834772248833));
#4711=DIRECTION('ref_axis',(-1.48274135078663E-16,0.0108834999518716,0.999940772960478));
#4712=DIRECTION('center_axis',(0.0101217407018158,-0.999948629760767,-0.00053684702636847));
#4713=DIRECTION('ref_axis',(0.931352088826297,0.00962280707160553,-0.363992703529831));
#4714=DIRECTION('',(-0.00132735258503152,-0.999538266684864,-0.0303560795843525));
#4715=DIRECTION('center_axis',(-4.04245288222312E-5,-0.9999999983359,-4.11589255671085E-5));
#4716=DIRECTION('ref_axis',(-1.53441683208673E-16,-4.11589256006838E-5,
0.999999999152971));
#4717=DIRECTION('center_axis',(-0.000145135530955338,0.999999988383273,
4.65739315499425E-5));
#4718=DIRECTION('ref_axis',(-1.5344424005777E-16,-4.65739320403539E-5,0.999999998915434));
#4719=DIRECTION('center_axis',(0.000113088974737822,-0.999999993532177,
1.2104957101744E-5));
#4720=DIRECTION('ref_axis',(-4.78244698716206E-16,1.21049571792092E-5,0.999999999926735));
#4721=DIRECTION('center_axis',(6.06141962229954E-6,-0.999999997294145,-7.33141791201541E-5));
#4722=DIRECTION('ref_axis',(-1.3185852762352E-16,7.33141791214796E-5,-0.999999997312516));
#4723=DIRECTION('',(0.0151822871745821,-0.999538456211318,-0.0263129760924831));
#4724=DIRECTION('center_axis',(5.66352118733174E-6,0.999999999961602,6.68730997138711E-6));
#4725=DIRECTION('ref_axis',(-1.53425406350756E-16,-6.68730997143949E-6,
0.99999999997764));
#4726=DIRECTION('center_axis',(6.06141962229954E-6,-0.999999997294145,-7.33141791201541E-5));
#4727=DIRECTION('ref_axis',(1.07387366151993E-16,7.33141791214761E-5,-0.999999997312516));
#4728=DIRECTION('center_axis',(-4.94465888137366E-5,-0.999999998773557,
-2.81428369497405E-6));
#4729=DIRECTION('ref_axis',(-1.14077202481465E-16,-2.81428369841021E-6,
0.99999999999604));
#4730=DIRECTION('',(-0.028975877265452,-0.999538352663538,0.00913674402388004));
#4731=DIRECTION('center_axis',(-2.0979900756682E-7,0.999999999999787,-6.18339104252463E-7));
#4732=DIRECTION('ref_axis',(0.0436193415706049,-6.08599288977667E-7,-0.999048223581112));
#4733=DIRECTION('center_axis',(-4.94465888137366E-5,-0.999999998773557,
-2.81428369497405E-6));
#4734=DIRECTION('ref_axis',(-2.74299882360146E-16,-2.8142836984908E-6,0.99999999999604));
#4735=DIRECTION('center_axis',(-8.06896010343527E-6,-0.999999994299735,
0.000106467944059607));
#4736=DIRECTION('ref_axis',(-1.45707170971475E-16,0.000106467944063084,
0.999999994332288));
#4737=DIRECTION('center_axis',(0.000113088974737822,-0.999999993532177,
1.2104957101744E-5));
#4738=DIRECTION('ref_axis',(-4.7483773024061E-16,1.21049571791078E-5,0.999999999926735));
#4739=DIRECTION('center_axis',(-0.000113088974737822,0.999999993532177,
-1.2104957101744E-5));
#4740=DIRECTION('ref_axis',(-1.53416532913766E-16,1.21049571792474E-5,0.999999999926735));
#4741=DIRECTION('',(-0.0436981416770659,0.997680445689736,-0.0521938760996002));
#4742=DIRECTION('',(0.0539747210006493,-0.997680170072031,-0.0414850302873796));
#4743=DIRECTION('center_axis',(-6.06141962229954E-6,0.999999997294145,7.33141791201541E-5));
#4744=DIRECTION('ref_axis',(-0.0871523168709662,-7.35634852717218E-5,0.996194995095055));
#4745=DIRECTION('',(-0.04602100732516,-0.997679737292883,-0.0501717916760226));
#4746=DIRECTION('center_axis',(4.94465888137366E-5,0.999999998773557,2.81428369497405E-6));
#4747=DIRECTION('ref_axis',(-1.53423577568149E-16,-2.81428369838754E-6,
0.99999999999604));
#4748=DIRECTION('center_axis',(8.06896010343527E-6,0.999999994299735,-0.000106467944059607));
#4749=DIRECTION('ref_axis',(0.084262320259528,-0.000106769211479341,-0.996443601005504));
#4750=DIRECTION('center_axis',(-0.000438241041046468,0.999999756117363,
-0.000543792244262653));
#4751=DIRECTION('ref_axis',(-1.53165455383276E-16,0.000543792296481727,
0.999999852144958));
#4752=DIRECTION('',(-0.0220602033323053,0.99170574256851,-0.126621750049422));
#4753=DIRECTION('center_axis',(0.00575597722611786,-0.999957612002516,0.00718630116251506));
#4754=DIRECTION('ref_axis',(-3.98890616366239E-16,0.00718642021112902,0.99997417734887));
#4755=DIRECTION('',(0.118776572851854,-0.991701334603842,0.0491994785188536));
#4756=DIRECTION('center_axis',(-0.000761161420011318,0.99999969754398,0.000159828787053673));
#4757=DIRECTION('ref_axis',(1.53497715545298E-16,0.000159828833353465,-0.999999987227372));
#4758=DIRECTION('',(0.0984838536350305,-0.991701672026525,-0.0826360954606955));
#4759=DIRECTION('center_axis',(-0.00013875438731893,0.999999867452239,0.000495825295803831));
#4760=DIRECTION('ref_axis',(-0.279667861631388,-0.000514845428080383,0.96009667331197));
#4761=DIRECTION('',(-0.27921116338654,0.953564199128712,-0.112944430497271));
#4762=DIRECTION('center_axis',(-0.0817078003682491,-0.993796596026535,0.0754464120091546));
#4763=DIRECTION('ref_axis',(-1.6766060345143E-16,0.0756995264258312,0.997130674334565));
#4764=DIRECTION('center_axis',(0.0279914790131819,-0.992933763317309,0.115321371684438));
#4765=DIRECTION('ref_axis',(1.49262341454203E-16,0.115366576718191,0.99332298522501));
#4766=DIRECTION('',(-0.0332726883522591,-0.99170141059385,-0.124182287126549));
#4767=DIRECTION('center_axis',(0.000355712912969641,0.999999890427637,0.000304323903808246));
#4768=DIRECTION('ref_axis',(1.53565938833727E-16,0.000304323923061478,-0.999999953693474));
#4769=DIRECTION('',(-0.220361159171807,0.953564554350272,0.205318290016318));
#4770=DIRECTION('',(-0.126610077433452,-0.991701295853424,-0.0223255032403413));
#4771=DIRECTION('center_axis',(0.000252579183745581,0.999999961299561,-0.000116638897612209));
#4772=DIRECTION('ref_axis',(-1.53367172506967E-16,0.000116638901332859,
0.999999993197683));
#4773=DIRECTION('center_axis',(0.000150650539667634,0.999999781251721,-0.000644050406398311));
#4774=DIRECTION('ref_axis',(0.236816398516433,-0.000661406537748271,-0.971554196087433));
#4775=DIRECTION('center_axis',(-0.00575597722611786,0.999957612002516,-0.00718630116251506));
#4776=DIRECTION('ref_axis',(-1.500249661473E-16,0.00718642021112908,0.99997417734887));
#4777=DIRECTION('center_axis',(0.120711285339693,0.991986996963155,0.0372905275862376));
#4778=DIRECTION('ref_axis',(-1.7105169709464E-16,-0.0375652173168268,0.999294178131715));
#4779=DIRECTION('center_axis',(0.0817078003682491,0.993796596026535,-0.0754464120091546));
#4780=DIRECTION('ref_axis',(-1.17237839291855E-16,0.0756995264258312,0.997130674334565));
#4781=DIRECTION('center_axis',(-0.0279914790131819,0.992933763317309,-0.115321371684438));
#4782=DIRECTION('ref_axis',(-9.79234636143763E-17,0.115366576718191,0.99332298522501));
#4783=DIRECTION('center_axis',(0.00334626397771266,0.999639989284094,0.0266213136694752));
#4784=DIRECTION('ref_axis',(-1.65938132657926E-16,-0.0266214627165755,0.999645586056793));
#4785=DIRECTION('',(-0.177002777941389,-0.94981489571182,-0.257917972396216));
#4786=DIRECTION('center_axis',(0.000336551503455183,0.999999920643964,-0.00021317868378079));
#4787=DIRECTION('ref_axis',(-1.53321585408646E-16,0.000213178695853826,
0.999999977277422));
#4788=DIRECTION('center_axis',(1.43394270718777E-5,0.999999804767196,-0.000624707892005083));
#4789=DIRECTION('ref_axis',(0.0218389123873289,-0.000624872058236888,-0.999761307233206));
#4790=DIRECTION('center_axis',(1.36829982623794E-16,-1.,-2.28519151379558E-8));
#4791=DIRECTION('ref_axis',(-1.,-1.36829959962472E-16,-9.91659623610538E-16));
#4792=DIRECTION('center_axis',(-1.23259516440783E-32,1.,-5.55111512312578E-17));
#4793=DIRECTION('ref_axis',(1.,9.86076131526265E-32,8.03329338184648E-16));
#4794=CARTESIAN_POINT('',(0.,0.,0.));
#4795=CARTESIAN_POINT('Ctrl Pts',(24.6331325670583,-0.000540767446216665,
17.5577742341207));
#4796=CARTESIAN_POINT('Ctrl Pts',(27.2785611870994,-0.000540772108597473,
20.2029281715165));
#4797=CARTESIAN_POINT('Ctrl Pts',(31.0159984280118,-0.00054077239657459,
20.3663090357913));
#4798=CARTESIAN_POINT('Ctrl Pts',(24.6331325670583,4.95035901431904E-9,
17.5577742341216));
#4799=CARTESIAN_POINT('Ctrl Pts',(27.2785611870994,2.87978206129797E-10,
20.2029281715174));
#4800=CARTESIAN_POINT('Ctrl Pts',(31.0159984280118,1.0887064593939E-15,
20.3663090357923));
#4801=CARTESIAN_POINT('',(31.0159984472823,1.08860674381123E-15,20.3663085949662));
#4802=CARTESIAN_POINT('',(24.6349463306603,-0.0013013540633455,17.5559602821716));
#4803=CARTESIAN_POINT('Origin',(31.4362091151553,5.55043749676798E-16,10.7539746759548));
#4804=CARTESIAN_POINT('',(31.0159984472823,-0.000540772396573813,20.3663085949652));
#4805=CARTESIAN_POINT('',(31.0159984472823,-0.000540772396573813,20.3663085949652));
#4806=CARTESIAN_POINT('Origin',(31.4362091151553,-0.000540728540551708,
10.7539746759539));
#4807=CARTESIAN_POINT('Ctrl Pts',(24.3418689308788,-0.000540740000339809,
17.2555822279832));
#4808=CARTESIAN_POINT('Ctrl Pts',(24.3418689308788,0.0994592599996602,17.2555822281595));
#4809=CARTESIAN_POINT('Ctrl Pts',(24.43801323326,-0.000540740181192301,
17.358187250481));
#4810=CARTESIAN_POINT('Ctrl Pts',(24.43801323326,0.0994592598188077,17.3581872506572));
#4811=CARTESIAN_POINT('Ctrl Pts',(24.5359141122288,-0.000540740357797494,
17.4583826067919));
#4812=CARTESIAN_POINT('Ctrl Pts',(24.5359141122288,0.0994592596422025,17.4583826069682));
#4813=CARTESIAN_POINT('Ctrl Pts',(24.6350887573022,-0.000540740529519679,
17.5558076322818));
#4814=CARTESIAN_POINT('Ctrl Pts',(24.6350887573022,0.0994592594704803,17.555807632458));
#4815=CARTESIAN_POINT('',(24.3418618569707,-0.000540740000273563,17.2555746787137));
#4816=CARTESIAN_POINT('Ctrl Pts',(24.6350887573022,9.32617156244875E-16,
17.5558076322827));
#4817=CARTESIAN_POINT('Ctrl Pts',(24.5853308995076,9.29903768993121E-16,
17.5069275928293));
#4818=CARTESIAN_POINT('Ctrl Pts',(24.5360794797106,-7.41069887490408E-14,
17.4575351870819));
#4819=CARTESIAN_POINT('Ctrl Pts',(24.4383259518683,-7.41125441889939E-14,
17.35745727761));
#4820=CARTESIAN_POINT('Ctrl Pts',(24.3898328458458,9.18788997242234E-16,
17.3067692297345));
#4821=CARTESIAN_POINT('Ctrl Pts',(24.3418689308788,9.1594754784291E-16,
17.2555822279842));
#4822=CARTESIAN_POINT('Ctrl Pts',(24.3418689308788,-0.000540740000339809,
17.2555822279832));
#4823=CARTESIAN_POINT('Ctrl Pts',(24.43801323326,-0.000540740181192301,
17.358187250481));
#4824=CARTESIAN_POINT('Ctrl Pts',(24.5359141122288,-0.000540740357797494,
17.4583826067919));
#4825=CARTESIAN_POINT('Ctrl Pts',(24.6350887573022,-0.000540740529519679,
17.5558076322818));
#4826=CARTESIAN_POINT('Ctrl Pts',(21.8246286591564,-0.000540727803282163,
10.3356936480646));
#4827=CARTESIAN_POINT('Ctrl Pts',(21.6510180000738,-0.0005407348201346,
14.3166329177924));
#4828=CARTESIAN_POINT('Ctrl Pts',(24.3429156453104,-0.00054073999864759,
17.2546091555201));
#4829=CARTESIAN_POINT('Ctrl Pts',(21.8246286591564,1.21953663402861E-8,
10.3356936480655));
#4830=CARTESIAN_POINT('Ctrl Pts',(21.6510180000738,5.17851390407692E-9,
14.3166329177933));
#4831=CARTESIAN_POINT('Ctrl Pts',(24.3429156453104,9.13941426779585E-16,
17.2546091555211));
#4832=CARTESIAN_POINT('',(21.8246286591564,1.67326276532404E-15,10.3356936480655));
#4833=CARTESIAN_POINT('Origin',(31.4368347140675,5.55111512312578E-16,10.7548756354153));
#4834=CARTESIAN_POINT('',(21.8246286591564,-0.000540727803285963,10.3356936480646));
#4835=CARTESIAN_POINT('Origin',(31.4368347140675,-0.000540728542137526,
10.7548756354143));
#4836=CARTESIAN_POINT('',(21.8246286591564,-0.000540727803285963,10.3356936480646));
#4837=CARTESIAN_POINT('Origin',(31.436566068893,-0.000540728543653282,10.755734640866));
#4838=CARTESIAN_POINT('',(24.6354356482128,-0.00150247842230912,3.95510492162477));
#4839=CARTESIAN_POINT('Origin',(31.436566068893,5.55111512312578E-16,10.7557346408669));
#4840=CARTESIAN_POINT('Origin',(31.436566068893,-0.000540728543653282,10.755734640866));
#4841=CARTESIAN_POINT('Ctrl Pts',(24.9367048379706,-0.000540716041918419,
3.66298896114325));
#4842=CARTESIAN_POINT('Ctrl Pts',(24.9367048379706,0.0994592839580816,3.66298896131951));
#4843=CARTESIAN_POINT('Ctrl Pts',(24.8334361062758,-0.000540716211433193,
3.7591616329402));
#4844=CARTESIAN_POINT('Ctrl Pts',(24.8334361062758,0.0994592837885668,3.75916163311647));
#4845=CARTESIAN_POINT('Ctrl Pts',(24.7329629818468,-0.000540716383494981,
3.8567793292447));
#4846=CARTESIAN_POINT('Ctrl Pts',(24.7329629818468,0.0994592836165051,3.85677932942096));
#4847=CARTESIAN_POINT('Ctrl Pts',(24.6356270339444,-0.000540716557126772,
3.95528775276686));
#4848=CARTESIAN_POINT('Ctrl Pts',(24.6356270339444,0.0994592834428732,3.95528775294312));
#4849=CARTESIAN_POINT('',(24.9363835834222,-0.000540716041310535,3.66264400296391));
#4850=CARTESIAN_POINT('Ctrl Pts',(24.6356270339444,1.77673631016062E-16,
3.95528775276781));
#4851=CARTESIAN_POINT('Ctrl Pts',(24.6845565519424,1.74924779515755E-16,
3.90576884648966));
#4852=CARTESIAN_POINT('Ctrl Pts',(24.7339968443464,-1.27197939672004E-13,
3.85675775446804));
#4853=CARTESIAN_POINT('Ctrl Pts',(24.8343551334078,-1.27203349263444E-13,
3.75930721846763));
#4854=CARTESIAN_POINT('Ctrl Pts',(24.8852794197964,1.64136887023287E-16,
3.71088070710567));
#4855=CARTESIAN_POINT('Ctrl Pts',(24.9367048379706,1.6147836106456E-16,
3.66298896114421));
#4856=CARTESIAN_POINT('Ctrl Pts',(24.9367048379706,-0.000540716041918419,
3.66298896114325));
#4857=CARTESIAN_POINT('Ctrl Pts',(24.8334361062758,-0.000540716211433193,
3.7591616329402));
#4858=CARTESIAN_POINT('Ctrl Pts',(24.7329629818468,-0.000540716383494981,
3.8567793292447));
#4859=CARTESIAN_POINT('Ctrl Pts',(24.6356270339444,-0.000540716557126772,
3.95528775276686));
#4860=CARTESIAN_POINT('Ctrl Pts',(31.8552344033918,-0.00054071160250478,
1.14432782154854));
#4861=CARTESIAN_POINT('Ctrl Pts',(27.8743081614579,-0.000540711296481649,
0.970708736650429));
#4862=CARTESIAN_POINT('Ctrl Pts',(24.9363454768764,-0.000540716041246495,
3.66260241305521));
#4863=CARTESIAN_POINT('Ctrl Pts',(31.8552344033918,4.43874187663976E-9,
1.14432782154949));
#4864=CARTESIAN_POINT('Ctrl Pts',(27.8743081614579,4.74476500743523E-9,
0.970708736651382));
#4865=CARTESIAN_POINT('Ctrl Pts',(24.9363454768764,1.61379519599476E-16,
3.66260241305616));
#4866=CARTESIAN_POINT('',(31.8552395329597,-2.2732331425232E-15,1.14421020209153));
#4867=CARTESIAN_POINT('Origin',(31.436034720855,5.55179274948359E-16,10.756451331659));
#4868=CARTESIAN_POINT('',(31.8552395329597,-0.000540711602299054,1.14421020209058));
#4869=CARTESIAN_POINT('Origin',(31.436034720855,-0.000540728544914862,10.756451331658));
#4870=CARTESIAN_POINT('',(31.8552395329597,-0.000540711602299054,1.14421020209058));
#4871=CARTESIAN_POINT('Ctrl Pts',(24.8387932318457,-1.62108383988982,0.714824426186064));
#4872=CARTESIAN_POINT('Ctrl Pts',(30.955914486768,-22.4191791135672,10.12945400772));
#4873=CARTESIAN_POINT('Ctrl Pts',(18.5253298659706,-34.1898716498427,-5.26146621937291));
#4874=CARTESIAN_POINT('Ctrl Pts',(6.09474524517316,-45.9605641861182,-20.6523864464658));
#4875=CARTESIAN_POINT('Ctrl Pts',(-0.0223760097491518,-25.1624689124408,
-30.0670160279998));
#4876=CARTESIAN_POINT('Ctrl Pts',(-6.13949726467147,-4.36437363876345,-39.4816456095337));
#4877=CARTESIAN_POINT('Ctrl Pts',(6.29108735612595,7.40631889751204,-24.0907253824408));
#4878=CARTESIAN_POINT('Ctrl Pts',(18.7216719769234,19.1770114337875,-8.69980515534789));
#4879=CARTESIAN_POINT('Ctrl Pts',(24.8387932318457,-1.62108383988982,0.714824426186064));
#4880=CARTESIAN_POINT('Ctrl Pts',(16.7506021656833,-1.14521389285233,6.91885588333692));
#4881=CARTESIAN_POINT('Ctrl Pts',(22.8677234206057,-21.9433091665297,16.3334854648709));
#4882=CARTESIAN_POINT('Ctrl Pts',(10.4371387998082,-33.7140017028052,0.942565237777945));
#4883=CARTESIAN_POINT('Ctrl Pts',(-1.99344582098918,-45.4846942390807,-14.448354989315));
#4884=CARTESIAN_POINT('Ctrl Pts',(-8.1105670759115,-24.6865989654033,-23.8629845708489));
#4885=CARTESIAN_POINT('Ctrl Pts',(-14.2276883308338,-3.88850369172596,-33.2776141523829));
#4886=CARTESIAN_POINT('Ctrl Pts',(-1.7971037100364,7.88218884454954,-17.88669392529));
#4887=CARTESIAN_POINT('Ctrl Pts',(10.633480910761,19.652881380825,-2.49577369819704));
#4888=CARTESIAN_POINT('Ctrl Pts',(16.7506021656833,-1.14521389285233,6.91885588333692));
#4889=CARTESIAN_POINT('Ctrl Pts',(22.3318888236044,4.13978365241931,13.8293223124767));
#4890=CARTESIAN_POINT('Ctrl Pts',(31.1955749655765,-25.9965797077755,27.4710858604028));
#4891=CARTESIAN_POINT('Ctrl Pts',(13.183703686858,-43.0522697893226,5.16969920417009));
#4892=CARTESIAN_POINT('Ctrl Pts',(-4.82816759186047,-60.1079598708698,-17.1316874520626));
#4893=CARTESIAN_POINT('Ctrl Pts',(-13.6918537338326,-29.971596510675,-30.7734509999887));
#4894=CARTESIAN_POINT('Ctrl Pts',(-22.5555398758047,0.164766849519853,-44.4152145479148));
#4895=CARTESIAN_POINT('Ctrl Pts',(-4.54366859708619,17.220456931067,-22.1138278916821));
#4896=CARTESIAN_POINT('Ctrl Pts',(13.4682026816323,34.2761470126141,0.187558764550571));
#4897=CARTESIAN_POINT('Ctrl Pts',(22.3318888236044,4.13978365241931,13.8293223124767));
#4898=CARTESIAN_POINT('Ctrl Pts',(27.9131754815255,9.42478119769096,20.7397887416164));
#4899=CARTESIAN_POINT('Ctrl Pts',(39.5234265105475,-30.0498502490213,38.6086862559347));
#4900=CARTESIAN_POINT('Ctrl Pts',(15.9302685739079,-52.3905378758401,9.39683317056225));
#4901=CARTESIAN_POINT('Ctrl Pts',(-7.66288936273175,-74.7312255026589,-19.8150199148102));
#4902=CARTESIAN_POINT('Ctrl Pts',(-19.2731403917537,-35.2565940559466,-37.6839174291285));
#4903=CARTESIAN_POINT('Ctrl Pts',(-30.8833914207756,4.21803739076566,-55.5528149434467));
#4904=CARTESIAN_POINT('Ctrl Pts',(-7.290233484136,26.5587250175845,-26.3409618580743));
#4905=CARTESIAN_POINT('Ctrl Pts',(16.3029244525036,48.8994126444032,2.87089122729818));
#4906=CARTESIAN_POINT('Ctrl Pts',(27.9131754815255,9.42478119769096,20.7397887416164));
#4907=CARTESIAN_POINT('Ctrl Pts',(36.0013665476879,8.94891125065347,14.5357572844656));
#4908=CARTESIAN_POINT('Ctrl Pts',(47.6116175767098,-30.5257201960588,32.4046547987838));
#4909=CARTESIAN_POINT('Ctrl Pts',(24.0184596400702,-52.8664078228776,3.1928017134114));
#4910=CARTESIAN_POINT('Ctrl Pts',(0.425301703430588,-75.2070954496964,-26.0190513719611));
#4911=CARTESIAN_POINT('Ctrl Pts',(-11.1849493255913,-35.7324640029841,-43.8879488862793));
#4912=CARTESIAN_POINT('Ctrl Pts',(-22.7952003546132,3.74216744372817,-61.7568464005976));
#4913=CARTESIAN_POINT('Ctrl Pts',(0.797957582026353,26.082855070547,-32.5449933152251));
#4914=CARTESIAN_POINT('Ctrl Pts',(24.391115518666,48.4235426973657,-3.33314022985267));
#4915=CARTESIAN_POINT('Ctrl Pts',(36.0013665476879,8.94891125065347,14.5357572844656));
#4916=CARTESIAN_POINT('Ctrl Pts',(44.0895576138502,8.47304130361597,8.33172582731474));
#4917=CARTESIAN_POINT('Ctrl Pts',(55.6998086428721,-31.0015901430963,26.200623341633));
#4918=CARTESIAN_POINT('Ctrl Pts',(32.1066507062325,-53.3422777699151,-3.01122974373946));
#4919=CARTESIAN_POINT('Ctrl Pts',(8.51349276959293,-75.6829653967338,-32.2230828291119));
#4920=CARTESIAN_POINT('Ctrl Pts',(-3.09675825942898,-36.2083339500216,-50.0919803434302));
#4921=CARTESIAN_POINT('Ctrl Pts',(-14.7070092884509,3.26629749669068,-67.9608778577484));
#4922=CARTESIAN_POINT('Ctrl Pts',(8.8861486481887,25.6069851235095,-38.749024772376));
#4923=CARTESIAN_POINT('Ctrl Pts',(32.4793065848283,47.9476727503282,-9.53717168700352));
#4924=CARTESIAN_POINT('Ctrl Pts',(44.0895576138502,8.47304130361597,8.33172582731474));
#4925=CARTESIAN_POINT('Ctrl Pts',(38.5082709559291,3.18804375834433,1.42125939817498));
#4926=CARTESIAN_POINT('Ctrl Pts',(47.3719570979012,-26.9483196018505,15.0630229461011));
#4927=CARTESIAN_POINT('Ctrl Pts',(29.3600858191827,-44.0040096833976,-7.23836371013161));
#4928=CARTESIAN_POINT('Ctrl Pts',(11.3482145404642,-61.0596997649447,-29.5397503663643));
#4929=CARTESIAN_POINT('Ctrl Pts',(2.48452839849211,-30.9233364047499,-43.1815139142904));
#4930=CARTESIAN_POINT('Ctrl Pts',(-6.37915774348,-0.786973044555133,-56.8232774622165));
#4931=CARTESIAN_POINT('Ctrl Pts',(11.6327135352385,16.268717036992,-34.5218908059838));
#4932=CARTESIAN_POINT('Ctrl Pts',(29.644584813957,33.3244071185391,-12.2205041497511));
#4933=CARTESIAN_POINT('Ctrl Pts',(38.5082709559291,3.18804375834433,1.42125939817498));
#4934=CARTESIAN_POINT('Ctrl Pts',(32.926984298008,-2.09695378692732,-5.48920703096479));
#4935=CARTESIAN_POINT('Ctrl Pts',(39.0441055529303,-22.8950490606047,3.92542255056916));
#4936=CARTESIAN_POINT('Ctrl Pts',(26.6135209321329,-34.6657415968802,-11.4654976765238));
#4937=CARTESIAN_POINT('Ctrl Pts',(14.1829363113355,-46.4364341331556,-26.8564179036167));
#4938=CARTESIAN_POINT('Ctrl Pts',(8.0658150564132,-25.6383388594783,-36.2710474851506));
#4939=CARTESIAN_POINT('Ctrl Pts',(1.94869380149088,-4.84024358580094,-45.6856770666846));
#4940=CARTESIAN_POINT('Ctrl Pts',(14.3792784222883,6.93044895047455,-30.2947568395917));
#4941=CARTESIAN_POINT('Ctrl Pts',(26.8098630430857,18.70114148675,-14.9038366124987));
#4942=CARTESIAN_POINT('Ctrl Pts',(32.926984298008,-2.09695378692732,-5.48920703096479));
#4943=CARTESIAN_POINT('Ctrl Pts',(24.8387932318457,-1.62108383988982,0.714824426186064));
#4944=CARTESIAN_POINT('Ctrl Pts',(30.955914486768,-22.4191791135672,10.12945400772));
#4945=CARTESIAN_POINT('Ctrl Pts',(18.5253298659706,-34.1898716498427,-5.26146621937291));
#4946=CARTESIAN_POINT('Ctrl Pts',(6.09474524517316,-45.9605641861182,-20.6523864464658));
#4947=CARTESIAN_POINT('Ctrl Pts',(-0.0223760097491518,-25.1624689124408,
-30.0670160279998));
#4948=CARTESIAN_POINT('Ctrl Pts',(-6.13949726467147,-4.36437363876345,-39.4816456095337));
#4949=CARTESIAN_POINT('Ctrl Pts',(6.29108735612595,7.40631889751204,-24.0907253824408));
#4950=CARTESIAN_POINT('Ctrl Pts',(18.7216719769234,19.1770114337875,-8.69980515534789));
#4951=CARTESIAN_POINT('Ctrl Pts',(24.8387932318457,-1.62108383988982,0.714824426186064));
#4952=CARTESIAN_POINT('',(35.5046569856458,-26.2021883188936,19.4827962455125));
#4953=CARTESIAN_POINT('',(40.4845907297887,-26.2021942337003,14.0495240601336));
#4954=CARTESIAN_POINT('Ctrl Pts',(35.50471866952,-26.2016536195462,19.4829258198895));
#4955=CARTESIAN_POINT('Ctrl Pts',(36.4730915568022,-26.2016536090116,19.0219319229308));
#4956=CARTESIAN_POINT('Ctrl Pts',(37.3601471931017,-26.2016535950571,18.4065734695226));
#4957=CARTESIAN_POINT('Ctrl Pts',(38.6405091130984,-26.2016535666086,17.1616649740729));
#4958=CARTESIAN_POINT('Ctrl Pts',(39.0942563510587,-26.2016535539265,16.612459881888));
#4959=CARTESIAN_POINT('Ctrl Pts',(39.8907975127539,-26.201653526259,15.4017270491586));
#4960=CARTESIAN_POINT('Ctrl Pts',(40.2255209718911,-26.2016535111901,14.7412596744107));
#4961=CARTESIAN_POINT('Ctrl Pts',(40.4840749041885,-26.2016534953792,14.0493772938054));
#4962=CARTESIAN_POINT('',(35.2954662048078,-24.4740683397655,20.0449187439346));
#4963=CARTESIAN_POINT('Ctrl Pts',(35.2803079788243,-24.5146458628635,20.0371303148897));
#4964=CARTESIAN_POINT('Ctrl Pts',(35.3634421851284,-25.0796991258972,19.865610590217));
#4965=CARTESIAN_POINT('Ctrl Pts',(35.4382797763564,-25.642577572757,19.6807436257695));
#4966=CARTESIAN_POINT('Ctrl Pts',(35.5046569856458,-26.2021883188936,19.4827962455125));
#4967=CARTESIAN_POINT('',(36.8374714729507,-24.5164259945415,19.2345246798728));
#4968=CARTESIAN_POINT('Ctrl Pts',(36.8374714729507,-24.5164259945415,19.2345246798728));
#4969=CARTESIAN_POINT('Ctrl Pts',(36.588900240475,-24.5164271888354,19.3885581768301));
#4970=CARTESIAN_POINT('Ctrl Pts',(36.0899921940143,-24.5164217943875,19.6849316291806));
#4971=CARTESIAN_POINT('Ctrl Pts',(35.5613257796349,-24.516426323823,19.9241401315622));
#4972=CARTESIAN_POINT('Ctrl Pts',(35.297462626626,-24.5164266182539,20.0375249563568));
#4973=CARTESIAN_POINT('',(37.0382179488639,-22.8147173677058,19.5496300623707));
#4974=CARTESIAN_POINT('',(37.0382661697586,-22.8148344636805,19.5497057212603));
#4975=CARTESIAN_POINT('',(37.7835523962169,-22.8167219445067,19.027304896235));
#4976=CARTESIAN_POINT('Ctrl Pts',(37.786102720412,-22.8199037209493,19.0307494309178));
#4977=CARTESIAN_POINT('Ctrl Pts',(37.5443216880123,-22.8174642731662,19.2139485449184));
#4978=CARTESIAN_POINT('Ctrl Pts',(37.2940139835751,-22.8144148668403,19.3863936949933));
#4979=CARTESIAN_POINT('Ctrl Pts',(37.0366919634409,-22.8107933009548,19.5470598838251));
#4980=CARTESIAN_POINT('',(37.8944777628194,-24.541543197708,18.4538958206338));
#4981=CARTESIAN_POINT('',(37.8980195400436,-24.5164251133957,18.4569003455754));
#4982=CARTESIAN_POINT('',(40.7258407960932,-24.4776305132636,14.6119837380098));
#4983=CARTESIAN_POINT('Origin',(31.5482433062388,-21.9135259757842,10.8666689165299));
#4984=CARTESIAN_POINT('Ctrl Pts',(40.7179845478137,-24.5147884943241,14.6001692836127));
#4985=CARTESIAN_POINT('Ctrl Pts',(40.6557640475676,-25.0792967841919,14.4193618997477));
#4986=CARTESIAN_POINT('Ctrl Pts',(40.5779515425419,-25.6421328946417,14.235712104454));
#4987=CARTESIAN_POINT('Ctrl Pts',(40.4845907297887,-26.2021942337003,14.0495240601336));
#4988=CARTESIAN_POINT('Ctrl Pts',(-21.987945550603,-14.5011386848375,7.22946633661816));
#4989=CARTESIAN_POINT('Ctrl Pts',(-21.0289945231896,-37.8769288571498,7.81191700096495));
#4990=CARTESIAN_POINT('Ctrl Pts',(1.14202727119641,-36.8313984106505,9.17901376672248));
#4991=CARTESIAN_POINT('Ctrl Pts',(23.3130490655824,-35.7858679641512,10.54611053248));
#4992=CARTESIAN_POINT('Ctrl Pts',(22.3540980381691,-12.4100777918388,9.96365986813322));
#4993=CARTESIAN_POINT('Ctrl Pts',(21.3951470107557,10.9657123804735,9.38120920378644));
#4994=CARTESIAN_POINT('Ctrl Pts',(-0.775874783630335,9.9201819339742,8.01411243802891));
#4995=CARTESIAN_POINT('Ctrl Pts',(-22.9468965780164,8.87465148747485,6.64701567227138));
#4996=CARTESIAN_POINT('Ctrl Pts',(-21.987945550603,-14.5011386848375,7.22946633661816));
#4997=CARTESIAN_POINT('Ctrl Pts',(-21.3477686305465,-14.7538604128874,-2.97823131329338));
#4998=CARTESIAN_POINT('Ctrl Pts',(-20.3888176031331,-38.1296505851998,-2.39578064894659));
#4999=CARTESIAN_POINT('Ctrl Pts',(1.78220419125291,-37.0841201387004,-1.02868388318907));
#5000=CARTESIAN_POINT('Ctrl Pts',(23.9532259856389,-36.0385896922011,0.338412882568453));
#5001=CARTESIAN_POINT('Ctrl Pts',(22.9942749582256,-12.6627995198888,-0.24403778177833));
#5002=CARTESIAN_POINT('Ctrl Pts',(22.0353239308122,10.7129906524236,-0.826488446125115));
#5003=CARTESIAN_POINT('Ctrl Pts',(-0.135697863573833,9.66746020592426,-2.19358521188264));
#5004=CARTESIAN_POINT('Ctrl Pts',(-22.3067196579599,8.6219297594249,-3.56068197764016));
#5005=CARTESIAN_POINT('Ctrl Pts',(-21.3477686305465,-14.7538604128874,-2.97823131329338));
#5006=CARTESIAN_POINT('Ctrl Pts',(-31.5487518930262,-15.2349135048046,-3.60723846303214));
#5007=CARTESIAN_POINT('Ctrl Pts',(-30.1485833398306,-49.3660060942286,-2.75679972247832));
#5008=CARTESIAN_POINT('Ctrl Pts',(2.22342171703508,-47.8394225558121,-0.76069580698203));
#5009=CARTESIAN_POINT('Ctrl Pts',(34.5954267739008,-46.3128390173956,1.23540810851426));
#5010=CARTESIAN_POINT('Ctrl Pts',(33.1952582207053,-12.1817464279716,0.38496936796044));
#5011=CARTESIAN_POINT('Ctrl Pts',(31.7950896675097,21.9493461614524,-0.465469372593378));
#5012=CARTESIAN_POINT('Ctrl Pts',(-0.576915389356004,20.4227626230359,-2.46157328808967));
#5013=CARTESIAN_POINT('Ctrl Pts',(-32.9489204462217,18.8961790846194,-4.45767720358595));
#5014=CARTESIAN_POINT('Ctrl Pts',(-31.5487518930262,-15.2349135048046,-3.60723846303214));
#5015=CARTESIAN_POINT('Ctrl Pts',(-41.7497351555059,-15.7159665967218,-4.23624561277089));
#5016=CARTESIAN_POINT('Ctrl Pts',(-39.9083490765282,-60.6023616032575,-3.11781879601004));
#5017=CARTESIAN_POINT('Ctrl Pts',(2.66463924281725,-58.5947249729238,-0.492707730774996));
#5018=CARTESIAN_POINT('Ctrl Pts',(45.2376275621627,-56.58708834259,2.13240333446005));
#5019=CARTESIAN_POINT('Ctrl Pts',(43.396241483185,-11.7006933360544,1.0139765176992));
#5020=CARTESIAN_POINT('Ctrl Pts',(41.5548554042072,33.1857016704813,-0.104450299061655));
#5021=CARTESIAN_POINT('Ctrl Pts',(-1.01813291513817,31.1780650401476,-2.7295613642967));
#5022=CARTESIAN_POINT('Ctrl Pts',(-43.5911212344836,29.1704284098139,-5.35467242953174));
#5023=CARTESIAN_POINT('Ctrl Pts',(-41.7497351555059,-15.7159665967218,-4.23624561277089));
#5024=CARTESIAN_POINT('Ctrl Pts',(-42.3899120755624,-15.4632448686719,5.97145203714065));
#5025=CARTESIAN_POINT('Ctrl Pts',(-40.5485259965847,-60.3496398752075,7.0898788539015));
#5026=CARTESIAN_POINT('Ctrl Pts',(2.02446232276075,-58.3420032448738,9.71498991913655));
#5027=CARTESIAN_POINT('Ctrl Pts',(44.5974506421062,-56.3343666145401,12.3401009843716));
#5028=CARTESIAN_POINT('Ctrl Pts',(42.7560645631285,-11.4479716080044,11.2216741676107));
#5029=CARTESIAN_POINT('Ctrl Pts',(40.9146784841507,33.4384233985313,10.1032473508499));
#5030=CARTESIAN_POINT('Ctrl Pts',(-1.65830983519467,31.4307867681975,7.47813628561484));
#5031=CARTESIAN_POINT('Ctrl Pts',(-44.2312981545401,29.4231501378638,4.8530252203798));
#5032=CARTESIAN_POINT('Ctrl Pts',(-42.3899120755624,-15.4632448686719,5.97145203714065));
#5033=CARTESIAN_POINT('Ctrl Pts',(-43.0300889956189,-15.2105231406219,16.1791496870522));
#5034=CARTESIAN_POINT('Ctrl Pts',(-41.1887029166412,-60.0969181471576,17.297576503813));
#5035=CARTESIAN_POINT('Ctrl Pts',(1.38428540270425,-58.0892815168239,19.9226875690481));
#5036=CARTESIAN_POINT('Ctrl Pts',(43.9572737220497,-56.0816448864902,22.5477986342831));
#5037=CARTESIAN_POINT('Ctrl Pts',(42.115887643072,-11.1952498799545,21.4293718175223));
#5038=CARTESIAN_POINT('Ctrl Pts',(40.2745015640942,33.6911451265812,20.3109450007614));
#5039=CARTESIAN_POINT('Ctrl Pts',(-2.29848675525117,31.6835084962475,17.6858339355264));
#5040=CARTESIAN_POINT('Ctrl Pts',(-44.8714750745966,29.6758718659137,15.0607228702913));
#5041=CARTESIAN_POINT('Ctrl Pts',(-43.0300889956189,-15.2105231406219,16.1791496870522));
#5042=CARTESIAN_POINT('Ctrl Pts',(-32.8291057331392,-14.7294700487047,16.8081568367909));
#5043=CARTESIAN_POINT('Ctrl Pts',(-31.4289371799436,-48.8605626381288,17.6585955773448));
#5044=CARTESIAN_POINT('Ctrl Pts',(0.943067876922083,-47.3339790997122,19.6546994928411));
#5045=CARTESIAN_POINT('Ctrl Pts',(33.3150729337878,-45.8073955612957,21.6508034083373));
#5046=CARTESIAN_POINT('Ctrl Pts',(31.9149043805923,-11.6763029718717,20.8003646677835));
#5047=CARTESIAN_POINT('Ctrl Pts',(30.5147358273967,22.4547896175523,19.9499259272297));
#5048=CARTESIAN_POINT('Ctrl Pts',(-1.857269229469,20.9282060791358,17.9538220117334));
#5049=CARTESIAN_POINT('Ctrl Pts',(-34.2292742863347,19.4016225407193,15.9577180962371));
#5050=CARTESIAN_POINT('Ctrl Pts',(-32.8291057331392,-14.7294700487047,16.8081568367909));
#5051=CARTESIAN_POINT('Ctrl Pts',(-22.6281224706595,-14.2484169567876,17.4371639865297));
#5052=CARTESIAN_POINT('Ctrl Pts',(-21.6691714432461,-37.6242071290999,18.0196146508765));
#5053=CARTESIAN_POINT('Ctrl Pts',(0.501850351139915,-36.5786766826006,19.386711416634));
#5054=CARTESIAN_POINT('Ctrl Pts',(22.672872145526,-35.5331462361012,20.7538081823915));
#5055=CARTESIAN_POINT('Ctrl Pts',(21.7139211181126,-12.1573560637889,20.1713575180448));
#5056=CARTESIAN_POINT('Ctrl Pts',(20.7549700906992,11.2184341085235,19.588906853698));
#5057=CARTESIAN_POINT('Ctrl Pts',(-1.41605170368683,10.1729036620241,18.2218100879405));
#5058=CARTESIAN_POINT('Ctrl Pts',(-23.5870734980729,9.12737321552479,16.8547133221829));
#5059=CARTESIAN_POINT('Ctrl Pts',(-22.6281224706595,-14.2484169567876,17.4371639865297));
#5060=CARTESIAN_POINT('Ctrl Pts',(-21.987945550603,-14.5011386848375,7.22946633661817));
#5061=CARTESIAN_POINT('Ctrl Pts',(-21.0289945231896,-37.8769288571498,7.81191700096495));
#5062=CARTESIAN_POINT('Ctrl Pts',(1.14202727119641,-36.8313984106505,9.17901376672248));
#5063=CARTESIAN_POINT('Ctrl Pts',(23.3130490655824,-35.7858679641512,10.54611053248));
#5064=CARTESIAN_POINT('Ctrl Pts',(22.3540980381691,-12.4100777918388,9.96365986813322));
#5065=CARTESIAN_POINT('Ctrl Pts',(21.3951470107557,10.9657123804735,9.38120920378644));
#5066=CARTESIAN_POINT('Ctrl Pts',(-0.775874783630335,9.9201819339742,8.01411243802891));
#5067=CARTESIAN_POINT('Ctrl Pts',(-22.9468965780164,8.87465148747485,6.64701567227138));
#5068=CARTESIAN_POINT('Ctrl Pts',(-21.987945550603,-14.5011386848375,7.22946633661817));
#5069=CARTESIAN_POINT('',(40.3318266122296,-26.202194053516,7.07048868771514));
#5070=CARTESIAN_POINT('Ctrl Pts',(40.484727399327,-26.2016534953837,14.0495724814886));
#5071=CARTESIAN_POINT('Ctrl Pts',(40.8852748770568,-26.2016534695485,12.9190247559119));
#5072=CARTESIAN_POINT('Ctrl Pts',(41.0770504979222,-26.2016534424593,11.7265501059395));
#5073=CARTESIAN_POINT('Ctrl Pts',(41.020107682826,-26.2016533879325,9.34045733459021));
#5074=CARTESIAN_POINT('Ctrl Pts',(40.7768144977379,-26.2016533610445,8.17088681683485));
#5075=CARTESIAN_POINT('Ctrl Pts',(40.3319605252421,-26.201653335897,7.07043455386127));
#5076=CARTESIAN_POINT('',(41.3365890857895,-24.5164255884348,12.5011259208942));
#5077=CARTESIAN_POINT('Ctrl Pts',(41.3365890857895,-24.5164255884348,12.5011259208942));
#5078=CARTESIAN_POINT('Ctrl Pts',(41.2685704585089,-24.516426865328,12.8602755037719));
#5079=CARTESIAN_POINT('Ctrl Pts',(41.1110127746643,-24.5164244981794,13.5754366021777));
#5080=CARTESIAN_POINT('Ctrl Pts',(40.8596408948114,-24.5164264423636,14.263254037354));
#5081=CARTESIAN_POINT('Ctrl Pts',(40.7240352508743,-24.516426900947,14.6027036888077));
#5082=CARTESIAN_POINT('',(41.7045426242355,-22.8147325579195,12.5659929406144));
#5083=CARTESIAN_POINT('',(41.7046160576065,-22.8148357953932,12.5660181189984));
#5084=CARTESIAN_POINT('',(41.8229585514241,-22.8167787620709,11.6635897753171));
#5085=CARTESIAN_POINT('Ctrl Pts',(41.8273366205086,-22.8200342808708,11.6640213683803));
#5086=CARTESIAN_POINT('Ctrl Pts',(41.7997133770614,-22.8184634954245,11.9661849363022));
#5087=CARTESIAN_POINT('Ctrl Pts',(41.758418552102,-22.8163127955803,12.2673727179417));
#5088=CARTESIAN_POINT('Ctrl Pts',(41.7037014049734,-22.8136086897194,12.5658361444706));
#5089=CARTESIAN_POINT('',(41.4725986478659,-24.5509218020977,11.1941464403498));
#5090=CARTESIAN_POINT('',(41.4797582504471,-24.5164256579658,11.1938532365255));
#5091=CARTESIAN_POINT('',(40.6988010418515,-24.4781936620357,6.83840881621325));
#5092=CARTESIAN_POINT('Origin',(31.5628593417114,-21.9219507478917,10.7537221940958));
#5093=CARTESIAN_POINT('Ctrl Pts',(40.7186647928038,-24.5149451629569,6.91018128573109));
#5094=CARTESIAN_POINT('Ctrl Pts',(40.6008013342782,-25.0795348304421,6.96417510486032));
#5095=CARTESIAN_POINT('Ctrl Pts',(40.4718307820073,-25.6421171262943,7.01761513102863));
#5096=CARTESIAN_POINT('Ctrl Pts',(40.3318266122296,-26.202194053516,7.07048868771514));
#5097=CARTESIAN_POINT('Ctrl Pts',(-4.13245735530112,-4.87979097468112,42.0854356513441));
#5098=CARTESIAN_POINT('Ctrl Pts',(-10.4591683621075,-24.00797491379,48.0782346782447));
#5099=CARTESIAN_POINT('Ctrl Pts',(3.20126640798826,-33.1756383775244,36.090938552352));
#5100=CARTESIAN_POINT('Ctrl Pts',(16.861701178084,-42.3433018412587,24.1036424264593));
#5101=CARTESIAN_POINT('Ctrl Pts',(23.1884121848904,-23.2151179021498,18.1108433995587));
#5102=CARTESIAN_POINT('Ctrl Pts',(29.5151231916968,-4.08693396304086,12.1180443726582));
#5103=CARTESIAN_POINT('Ctrl Pts',(15.854688421601,5.08072950069347,24.1053404985508));
#5104=CARTESIAN_POINT('Ctrl Pts',(2.19425365150527,14.2483929644278,36.0926366244435));
#5105=CARTESIAN_POINT('Ctrl Pts',(-4.13245735530112,-4.87979097468112,42.0854356513441));
#5106=CARTESIAN_POINT('Ctrl Pts',(-10.9031043719127,-5.03879056895135,34.4795128856435));
#5107=CARTESIAN_POINT('Ctrl Pts',(-17.229815378719,-24.1669745080603,40.472311912544));
#5108=CARTESIAN_POINT('Ctrl Pts',(-3.56938060862328,-33.3346379717946,28.4850157866514));
#5109=CARTESIAN_POINT('Ctrl Pts',(10.0910541614725,-42.5023014355289,16.4977196607587));
#5110=CARTESIAN_POINT('Ctrl Pts',(16.4177651682789,-23.37411749642,10.5049206338581));
#5111=CARTESIAN_POINT('Ctrl Pts',(22.7444761750853,-4.24593355731109,4.51212160695749));
#5112=CARTESIAN_POINT('Ctrl Pts',(9.08404140498949,4.92172990642324,16.4994177328502));
#5113=CARTESIAN_POINT('Ctrl Pts',(-4.57639336510628,14.0893933701576,28.4867138587429));
#5114=CARTESIAN_POINT('Ctrl Pts',(-10.9031043719127,-5.03879056895135,34.4795128856435));
#5115=CARTESIAN_POINT('Ctrl Pts',(-17.8061192231332,-0.406103681145461,
40.5370421353099));
#5116=CARTESIAN_POINT('Ctrl Pts',(-27.3299012437386,-29.2003150952805,49.5581767444451));
#5117=CARTESIAN_POINT('Ctrl Pts',(-6.76645162242229,-43.0006654468207,31.5133513688859));
#5118=CARTESIAN_POINT('Ctrl Pts',(13.7969979988941,-56.8010157983609,13.4685259933267));
#5119=CARTESIAN_POINT('Ctrl Pts',(23.3207800194995,-28.0068043842259,4.44739138419158));
#5120=CARTESIAN_POINT('Ctrl Pts',(32.8445620401048,0.78740702990914,-4.57374322494354));
#5121=CARTESIAN_POINT('Ctrl Pts',(12.2811124187885,14.5877573814494,13.4710821506156));
#5122=CARTESIAN_POINT('Ctrl Pts',(-8.28233720252786,28.3881077329896,31.5159075261748));
#5123=CARTESIAN_POINT('Ctrl Pts',(-17.8061192231332,-0.406103681145461,
40.5370421353099));
#5124=CARTESIAN_POINT('Ctrl Pts',(-24.7091340743538,4.22658320666043,46.5945713849764));
#5125=CARTESIAN_POINT('Ctrl Pts',(-37.4299871087582,-34.2336556825007,58.6440415763461));
#5126=CARTESIAN_POINT('Ctrl Pts',(-9.96352263622128,-52.6666929218469,34.5416869511204));
#5127=CARTESIAN_POINT('Ctrl Pts',(17.5029418363156,-71.099730161193,10.4393323258948));
#5128=CARTESIAN_POINT('Ctrl Pts',(30.22379487072,-32.6394912720318,-1.61013786547489));
#5129=CARTESIAN_POINT('Ctrl Pts',(42.9446479051244,5.82074761712938,-13.6596080568446));
#5130=CARTESIAN_POINT('Ctrl Pts',(15.4781834325875,24.2537848564755,10.4427465683811));
#5131=CARTESIAN_POINT('Ctrl Pts',(-11.9882810399494,42.6868220958216,34.5451011936068));
#5132=CARTESIAN_POINT('Ctrl Pts',(-24.7091340743538,4.22658320666043,46.5945713849764));
#5133=CARTESIAN_POINT('Ctrl Pts',(-17.9384870577423,4.38558280093066,54.2004941506771));
#5134=CARTESIAN_POINT('Ctrl Pts',(-30.6593400921467,-34.0746560882305,66.2499643420468));
#5135=CARTESIAN_POINT('Ctrl Pts',(-3.19287561960974,-52.5076933275766,42.1476097168211));
#5136=CARTESIAN_POINT('Ctrl Pts',(24.2735888529272,-70.9407305669227,18.0452550915955));
#5137=CARTESIAN_POINT('Ctrl Pts',(36.9944418873316,-32.4804916777616,5.99578490022577));
#5138=CARTESIAN_POINT('Ctrl Pts',(49.715294921736,5.97974721139961,-6.0536852911439));
#5139=CARTESIAN_POINT('Ctrl Pts',(22.248830449199,24.4127844507457,18.0486693340818));
#5140=CARTESIAN_POINT('Ctrl Pts',(-5.21763402333789,42.8458216900918,42.1510239593074));
#5141=CARTESIAN_POINT('Ctrl Pts',(-17.9384870577423,4.38558280093066,54.2004941506771));
#5142=CARTESIAN_POINT('Ctrl Pts',(-11.1678400411307,4.54458239520089,61.8064169163778));
#5143=CARTESIAN_POINT('Ctrl Pts',(-23.8886930755351,-33.9156564939603,73.8558871077474));
#5144=CARTESIAN_POINT('Ctrl Pts',(3.5777713970018,-52.3486937333064,49.7535324825218));
#5145=CARTESIAN_POINT('Ctrl Pts',(31.0442358695387,-70.7817309726525,25.6511778572961));
#5146=CARTESIAN_POINT('Ctrl Pts',(43.7650889039431,-32.3214920834913,13.6017076659264));
#5147=CARTESIAN_POINT('Ctrl Pts',(56.4859419383475,6.13874680566984,1.55223747455677));
#5148=CARTESIAN_POINT('Ctrl Pts',(29.0194774658106,24.571784045016,25.6545920997824));
#5149=CARTESIAN_POINT('Ctrl Pts',(1.55301299327365,43.0048212843621,49.7569467250081));
#5150=CARTESIAN_POINT('Ctrl Pts',(-11.1678400411307,4.54458239520089,61.8064169163778));
#5151=CARTESIAN_POINT('Ctrl Pts',(-4.26482518991016,-0.0881044926049998,
55.7488876667113));
#5152=CARTESIAN_POINT('Ctrl Pts',(-13.7886072105155,-28.8823159067401,64.7700222758464));
#5153=CARTESIAN_POINT('Ctrl Pts',(6.77484241080081,-42.6826662582803,46.7251969002872));
#5154=CARTESIAN_POINT('Ctrl Pts',(27.3382920321172,-56.4830166098205,28.6803715247281));
#5155=CARTESIAN_POINT('Ctrl Pts',(36.8620740527226,-27.6888051956854,19.6592369155929));
#5156=CARTESIAN_POINT('Ctrl Pts',(46.3858560733279,1.1054062184496,10.6381023064578));
#5157=CARTESIAN_POINT('Ctrl Pts',(25.8224064520116,14.9057565699898,28.682927682017));
#5158=CARTESIAN_POINT('Ctrl Pts',(5.25895683069523,28.70610692153,46.7277530575761));
#5159=CARTESIAN_POINT('Ctrl Pts',(-4.26482518991016,-0.0881044926049998,
55.7488876667113));
#5160=CARTESIAN_POINT('Ctrl Pts',(2.63818966131043,-4.72079138041089,49.6913584170448));
#5161=CARTESIAN_POINT('Ctrl Pts',(-3.68852134549596,-23.8489753195198,55.6841574439454));
#5162=CARTESIAN_POINT('Ctrl Pts',(9.97191342459981,-33.0166387832541,43.6968613180527));
#5163=CARTESIAN_POINT('Ctrl Pts',(23.6323481946956,-42.1843022469885,31.70956519216));
#5164=CARTESIAN_POINT('Ctrl Pts',(29.959059201502,-23.0561183078796,25.7167661652594));
#5165=CARTESIAN_POINT('Ctrl Pts',(36.2857702083084,-3.92793436877063,19.7239671383588));
#5166=CARTESIAN_POINT('Ctrl Pts',(22.6253354382126,5.2397290949637,31.7112632642515));
#5167=CARTESIAN_POINT('Ctrl Pts',(8.96490066811682,14.407392558698,43.6985593901442));
#5168=CARTESIAN_POINT('Ctrl Pts',(2.63818966131043,-4.72079138041089,49.6913584170448));
#5169=CARTESIAN_POINT('Ctrl Pts',(-4.13245735530111,-4.87979097468112,42.0854356513441));
#5170=CARTESIAN_POINT('Ctrl Pts',(-10.4591683621075,-24.00797491379,48.0782346782447));
#5171=CARTESIAN_POINT('Ctrl Pts',(3.20126640798826,-33.1756383775244,36.090938552352));
#5172=CARTESIAN_POINT('Ctrl Pts',(16.861701178084,-42.3433018412587,24.1036424264593));
#5173=CARTESIAN_POINT('Ctrl Pts',(23.1884121848904,-23.2151179021498,18.1108433995587));
#5174=CARTESIAN_POINT('Ctrl Pts',(29.5151231916968,-4.08693396304086,12.1180443726582));
#5175=CARTESIAN_POINT('Ctrl Pts',(15.854688421601,5.08072950069347,24.1053404985508));
#5176=CARTESIAN_POINT('Ctrl Pts',(2.19425365150527,14.2483929644278,36.0926366244435));
#5177=CARTESIAN_POINT('Ctrl Pts',(-4.13245735530111,-4.87979097468112,42.0854356513441));
#5178=CARTESIAN_POINT('',(35.117467081591,-26.2010882209851,1.86728286483277));
#5179=CARTESIAN_POINT('Ctrl Pts',(40.3317368473965,-26.2016533358991,7.07052664815788));
#5180=CARTESIAN_POINT('Ctrl Pts',(39.8769796847966,-26.201653311325,5.99516474150752));
#5181=CARTESIAN_POINT('Ctrl Pts',(39.2358149472307,-26.2016532888818,5.00997160144133));
#5182=CARTESIAN_POINT('Ctrl Pts',(37.9802935667523,-26.2016532584699,3.679149203302));
#5183=CARTESIAN_POINT('Ctrl Pts',(37.479039227301,-26.2016532484826,3.24574407486161));
#5184=CARTESIAN_POINT('Ctrl Pts',(36.3691973300899,-26.2016532306938,2.46730950191827));
#5185=CARTESIAN_POINT('Ctrl Pts',(35.760229013559,-26.2016532230078,2.13040036798692));
#5186=CARTESIAN_POINT('Ctrl Pts',(35.1206867740092,-26.2016532168259,1.85987938547834));
#5187=CARTESIAN_POINT('',(39.4117622253616,-24.5164253043041,4.6350080214136));
#5188=CARTESIAN_POINT('Ctrl Pts',(39.4117622253616,-24.5164253043041,4.6350080214136));
#5189=CARTESIAN_POINT('Ctrl Pts',(39.6743875368827,-24.5164261158991,4.98633969037549));
#5190=CARTESIAN_POINT('Ctrl Pts',(40.1274786728123,-24.5164261979234,5.64642787993808));
#5191=CARTESIAN_POINT('Ctrl Pts',(40.4822540375277,-24.5164259897306,6.36327860852819));
#5192=CARTESIAN_POINT('Ctrl Pts',(40.629450145975,-24.5164259494514,6.69204179739799));
#5193=CARTESIAN_POINT('',(39.7082038933162,-22.8150614529324,4.40754227475562));
#5194=CARTESIAN_POINT('',(39.7082431194504,-22.8148363228853,4.4075121757417));
#5195=CARTESIAN_POINT('',(39.1229607948476,-22.8164698739498,3.71059915701052));
#5196=CARTESIAN_POINT('Ctrl Pts',(39.1257459290011,-22.8192931106806,3.70806833818342));
#5197=CARTESIAN_POINT('Ctrl Pts',(39.3303846927825,-22.8186758595261,3.93207059275142));
#5198=CARTESIAN_POINT('Ctrl Pts',(39.5250902634638,-22.8174148096478,4.16559316209864));
#5199=CARTESIAN_POINT('Ctrl Pts',(39.7086644599769,-22.8155246841225,4.40719595181094));
#5200=CARTESIAN_POINT('',(38.5397762873204,-24.5516357823771,3.65116169988731));
#5201=CARTESIAN_POINT('',(38.5446658012588,-24.5164247413967,3.6462723747353));
#5202=CARTESIAN_POINT('',(35.6894637795568,-24.4787404097541,1.64058520086515));
#5203=CARTESIAN_POINT('Origin',(31.5585806996604,-21.940293321051,10.6358279535025));
#5204=CARTESIAN_POINT('Ctrl Pts',(35.684466680243,-24.5164040170783,1.64363512175339));
#5205=CARTESIAN_POINT('Ctrl Pts',(35.4910344779474,-25.0779751852937,1.71273741035366));
#5206=CARTESIAN_POINT('Ctrl Pts',(35.3019376316716,-25.639536398348,1.78739377889237));
#5207=CARTESIAN_POINT('Ctrl Pts',(35.117467081591,-26.2010882209851,1.86728286483277));
#5208=CARTESIAN_POINT('Origin',(31.4356458551625,-23.3003355173347,10.7561304078173));
#5209=CARTESIAN_POINT('',(27.369373180944,-26.2016531658275,2.03660305709238));
#5210=CARTESIAN_POINT('Origin',(31.4356542141372,-26.2016534201385,10.7568442328848));
#5211=CARTESIAN_POINT('',(35.2845087862728,-24.5136519623771,1.46681159272682));
#5212=CARTESIAN_POINT('Origin',(31.4356734163656,-24.5001449856136,10.7584842168466));
#5213=CARTESIAN_POINT('',(27.1873070265517,-24.5163693795032,1.64332470290921));
#5214=CARTESIAN_POINT('Ctrl Pts',(27.1872986131741,-24.5164256537207,1.64330666038816));
#5215=CARTESIAN_POINT('Ctrl Pts',(27.4521660475306,-24.5164278700901,1.51980368564063));
#5216=CARTESIAN_POINT('Ctrl Pts',(27.8576574961708,-24.5164236217492,1.35188025792485));
#5217=CARTESIAN_POINT('Ctrl Pts',(28.411451290775,-24.5164269926866,1.1638788734261));
#5218=CARTESIAN_POINT('Ctrl Pts',(28.8327024768035,-24.5164256657681,1.04109793050614));
#5219=CARTESIAN_POINT('Ctrl Pts',(29.2589098694196,-24.5164235489779,0.936812775434105));
#5220=CARTESIAN_POINT('Ctrl Pts',(29.6892571628443,-24.5164274433809,0.851203733886336));
#5221=CARTESIAN_POINT('Ctrl Pts',(30.1229314923176,-24.5164249959485,0.784454565392428));
#5222=CARTESIAN_POINT('Ctrl Pts',(30.5591042432791,-24.516424113318,0.736690830011477));
#5223=CARTESIAN_POINT('Ctrl Pts',(30.9969448970901,-24.5164290399622,0.707988257632238));
#5224=CARTESIAN_POINT('Ctrl Pts',(31.4356202957998,-24.516423035622,0.698425414361294));
#5225=CARTESIAN_POINT('Ctrl Pts',(31.8742956941218,-24.5164290399253,0.707988258378496));
#5226=CARTESIAN_POINT('Ctrl Pts',(32.3121363490958,-24.5164241134656,0.736690827026441));
#5227=CARTESIAN_POINT('Ctrl Pts',(32.748309095793,-24.5164249953949,0.784454576586299));
#5228=CARTESIAN_POINT('Ctrl Pts',(33.1819834411603,-24.5164274454476,0.851203692095974));
#5229=CARTESIAN_POINT('Ctrl Pts',(33.6123306752733,-24.5164235412645,0.936812931402453));
#5230=CARTESIAN_POINT('Ctrl Pts',(34.0385368806716,-24.5164256945473,1.04109700378013));
#5231=CARTESIAN_POINT('Ctrl Pts',(34.6002032011152,-24.5164272821502,1.20480822762978));
#5232=CARTESIAN_POINT('Ctrl Pts',(35.0128145232408,-24.5164236557532,1.35498786663226));
#5233=CARTESIAN_POINT('Ctrl Pts',(35.2830045101364,-24.5164262004487,1.46690223100635));
#5234=CARTESIAN_POINT('',(27.0577756384632,-23.3171094834835,1.3635403371948));
#5235=CARTESIAN_POINT('Ctrl Pts',(35.8777460802727,-0.000540713502081045,
2.2220329620646));
#5236=CARTESIAN_POINT('Ctrl Pts',(33.9858072774049,-0.000540711767296984,
1.23782101613031));
#5237=CARTESIAN_POINT('Ctrl Pts',(31.8552396154032,-0.000540711602295119,
1.14420890013148));
#5238=CARTESIAN_POINT('Ctrl Pts',(35.8777460802727,8.15775632082386E-17,
2.22203296206556));
#5239=CARTESIAN_POINT('Ctrl Pts',(33.9858072774049,1.73478414198669E-9,
1.23782101613126));
#5240=CARTESIAN_POINT('Ctrl Pts',(31.8552396154032,1.89978600704801E-9,
1.14420890013244));
#5241=CARTESIAN_POINT('',(35.8778001475775,1.20820779596353E-16,2.22192901356408));
#5242=CARTESIAN_POINT('Origin',(31.4318383029194,5.55924663941942E-16,10.7696284538062));
#5243=CARTESIAN_POINT('',(35.8778001475775,-0.000540713501893306,2.22192901356313));
#5244=CARTESIAN_POINT('Origin',(31.4318383029194,-0.000540728568142637,
10.7696284538053));
#5245=CARTESIAN_POINT('',(35.8778001475775,-0.000540713501893306,2.22192901356313));
#5246=CARTESIAN_POINT('Ctrl Pts',(38.5285077418794,-0.000540717086973077,
4.25588692986639));
#5247=CARTESIAN_POINT('Ctrl Pts',(37.381853797255,-0.00054071488393708,
3.00601704980942));
#5248=CARTESIAN_POINT('Ctrl Pts',(35.877800190481,-0.000540713501893919,
2.22192903592942));
#5249=CARTESIAN_POINT('Ctrl Pts',(38.5285077418794,1.94260387895264E-16,
4.25588692986734));
#5250=CARTESIAN_POINT('Ctrl Pts',(37.381853797255,2.20303619119505E-9,3.00601704981038));
#5251=CARTESIAN_POINT('Ctrl Pts',(35.877800190481,3.58507935177153E-9,2.22192903593037));
#5252=CARTESIAN_POINT('',(38.528549938357,-0.00188653746638156,4.2558482180283));
#5253=CARTESIAN_POINT('Origin',(31.4093256696933,5.57008866114428E-16,10.7897269736471));
#5254=CARTESIAN_POINT('Origin',(31.4093256696933,-0.000540728603565686,
10.7897269736462));
#5255=CARTESIAN_POINT('Ctrl Pts',(37.9382706667114,-0.000540741050840505,
17.8515742975684));
#5256=CARTESIAN_POINT('Ctrl Pts',(37.9382706667114,0.0994592589491595,17.8515742977447));
#5257=CARTESIAN_POINT('Ctrl Pts',(38.040763311082,-0.000540740880377313,
17.7548635507553));
#5258=CARTESIAN_POINT('Ctrl Pts',(38.040763311082,0.0994592591196227,17.7548635509316));
#5259=CARTESIAN_POINT('Ctrl Pts',(38.140561640518,-0.000540740707280184,
17.6566584626339));
#5260=CARTESIAN_POINT('Ctrl Pts',(38.140561640518,0.0994592592927198,17.6566584628102));
#5261=CARTESIAN_POINT('Ctrl Pts',(38.2373313962364,-0.00054074053247252,
17.5574829186432));
#5262=CARTESIAN_POINT('Ctrl Pts',(38.2373313962364,0.0994592594675275,17.5574829188194));
#5263=CARTESIAN_POINT('',(38.2375869270917,-0.000735897236201593,17.5572979019321));
#5264=CARTESIAN_POINT('',(37.9349727408456,-0.00120602913416143,17.8481145550575));
#5265=CARTESIAN_POINT('Ctrl Pts',(38.2373313962363,9.32752681516436E-16,
17.5574829186441));
#5266=CARTESIAN_POINT('Ctrl Pts',(38.1887122725221,9.35518682359477E-16,
17.6073107600696));
#5267=CARTESIAN_POINT('Ctrl Pts',(38.139581872887,1.21153155932425E-13,
17.6566366591324));
#5268=CARTESIAN_POINT('Ctrl Pts',(38.0398949554778,1.21158598619288E-13,
17.7546833892355));
#5269=CARTESIAN_POINT('Ctrl Pts',(37.9893330888915,9.46341084266817E-16,
17.8033924498529));
#5270=CARTESIAN_POINT('Ctrl Pts',(37.9382706667114,9.49015714103718E-16,
17.8515742975694));
#5271=CARTESIAN_POINT('Ctrl Pts',(37.9382706667114,-0.000540741050840505,
17.8515742975684));
#5272=CARTESIAN_POINT('Ctrl Pts',(38.040763311082,-0.000540740880377313,
17.7548635507553));
#5273=CARTESIAN_POINT('Ctrl Pts',(38.140561640518,-0.000540740707280184,
17.6566584626339));
#5274=CARTESIAN_POINT('Ctrl Pts',(38.2373313962364,-0.00054074053247252,
17.5574829186432));
#5275=CARTESIAN_POINT('Ctrl Pts',(31.0159984573465,-0.000540772396573406,
20.3663083641814));
#5276=CARTESIAN_POINT('Ctrl Pts',(34.9969258634637,-0.000540772702578834,
20.5399174054475));
#5277=CARTESIAN_POINT('Ctrl Pts',(37.9348981933238,-0.000540767957830668,
17.848033192306));
#5278=CARTESIAN_POINT('Ctrl Pts',(31.0159984573465,4.83536759178434E-11,
20.3663083641824));
#5279=CARTESIAN_POINT('Ctrl Pts',(34.9969258634637,-2.57651751853372E-10,
20.5399174054484));
#5280=CARTESIAN_POINT('Ctrl Pts',(37.9348981933238,4.48709641414287E-9,
17.848033192307));
#5281=CARTESIAN_POINT('Origin',(31.4351761025608,5.55043749676798E-16,10.754098105942));
#5282=CARTESIAN_POINT('Origin',(31.4351761025608,-0.000540728540767601,
10.7540981059411));
#5283=CARTESIAN_POINT('Ctrl Pts',(20.9891971829447,-3.40292911725365,10.7553164924357));
#5284=CARTESIAN_POINT('Ctrl Pts',(20.9891970883227,-3.40292929834406,21.201739316887));
#5285=CARTESIAN_POINT('Ctrl Pts',(31.435619912774,-3.4029292259789,21.2017394115091));
#5286=CARTESIAN_POINT('Ctrl Pts',(41.8820427372253,-3.40292915361373,21.2017395061311));
#5287=CARTESIAN_POINT('Ctrl Pts',(41.8820428318473,-3.40292897252332,10.7553166816797));
#5288=CARTESIAN_POINT('Ctrl Pts',(41.8820429264693,-3.40292879143291,0.308893857228415));
#5289=CARTESIAN_POINT('Ctrl Pts',(31.435620102018,-3.40292886379807,0.308893762606409));
#5290=CARTESIAN_POINT('Ctrl Pts',(20.9891972775667,-3.40292893616323,0.308893667984408));
#5291=CARTESIAN_POINT('Ctrl Pts',(20.9891971829447,-3.40292911725365,10.7553164924357));
#5292=CARTESIAN_POINT('Ctrl Pts',(21.2661086175733,-3.55531937134639,10.7553164925336));
#5293=CARTESIAN_POINT('Ctrl Pts',(21.2661085254595,-3.55531954763649,20.924827883309));
#5294=CARTESIAN_POINT('Ctrl Pts',(31.4356199162349,-3.55531947718957,20.9248279754228));
#5295=CARTESIAN_POINT('Ctrl Pts',(41.6051313070103,-3.55531940674265,20.9248280675366));
#5296=CARTESIAN_POINT('Ctrl Pts',(41.6051313991241,-3.55531923045254,10.7553166767612));
#5297=CARTESIAN_POINT('Ctrl Pts',(41.6051314912379,-3.55531905416243,0.58580528598579));
#5298=CARTESIAN_POINT('Ctrl Pts',(31.4356201004625,-3.55531912460936,0.585805193872003));
#5299=CARTESIAN_POINT('Ctrl Pts',(21.2661087096871,-3.55531919505628,0.58580510175822));
#5300=CARTESIAN_POINT('Ctrl Pts',(21.2661086175733,-3.55531937134639,10.7553164925336));
#5301=CARTESIAN_POINT('Ctrl Pts',(21.2661086196297,-3.88423686083599,10.7553164873312));
#5302=CARTESIAN_POINT('Ctrl Pts',(21.2661085275159,-3.8842370371261,20.9248278781066));
#5303=CARTESIAN_POINT('Ctrl Pts',(31.4356199182913,-3.88423696667918,20.9248279702204));
#5304=CARTESIAN_POINT('Ctrl Pts',(41.6051313090667,-3.88423689623225,20.9248280623341));
#5305=CARTESIAN_POINT('Ctrl Pts',(41.6051314011805,-3.88423671994215,10.7553166715588));
#5306=CARTESIAN_POINT('Ctrl Pts',(41.6051314932942,-3.88423654365204,0.585805280783356));
#5307=CARTESIAN_POINT('Ctrl Pts',(31.4356201025188,-3.88423661409896,0.585805188669569));
#5308=CARTESIAN_POINT('Ctrl Pts',(21.2661087117434,-3.88423668454588,0.585805096555787));
#5309=CARTESIAN_POINT('Ctrl Pts',(21.2661086196297,-3.88423686083599,10.7553164873312));
#5310=CARTESIAN_POINT('Ctrl Pts',(21.2661086230251,-4.42735278262875,10.7553164787408));
#5311=CARTESIAN_POINT('Ctrl Pts',(21.2661085309114,-4.42735295891885,20.9248278695162));
#5312=CARTESIAN_POINT('Ctrl Pts',(31.4356199216868,-4.42735288847193,20.92482796163));
#5313=CARTESIAN_POINT('Ctrl Pts',(41.6051313124622,-4.42735281802501,20.9248280537438));
#5314=CARTESIAN_POINT('Ctrl Pts',(41.6051314045759,-4.4273526417349,10.7553166629684));
#5315=CARTESIAN_POINT('Ctrl Pts',(41.6051314966897,-4.42735246544479,0.585805272192981));
#5316=CARTESIAN_POINT('Ctrl Pts',(31.4356201059143,-4.42735253589172,0.585805180079194));
#5317=CARTESIAN_POINT('Ctrl Pts',(21.2661087151389,-4.42735260633864,0.585805087965412));
#5318=CARTESIAN_POINT('Ctrl Pts',(21.2661086230251,-4.42735278262875,10.7553164787408));
#5319=CARTESIAN_POINT('Ctrl Pts',(20.750148497322,-4.42735278620294,10.7553164740673));
#5320=CARTESIAN_POINT('Ctrl Pts',(20.7501484005348,-4.4273529714373,21.4407879905458));
#5321=CARTESIAN_POINT('Ctrl Pts',(31.4356199170133,-4.42735289741618,21.4407880873331));
#5322=CARTESIAN_POINT('Ctrl Pts',(42.1210914334918,-4.42735282339507,21.4407881841204));
#5323=CARTESIAN_POINT('Ctrl Pts',(42.1210915302791,-4.42735263816071,10.7553166676419));
#5324=CARTESIAN_POINT('Ctrl Pts',(42.1210916270663,-4.42735245292635,0.0698451511633458));
#5325=CARTESIAN_POINT('Ctrl Pts',(31.4356201105878,-4.42735252694746,0.0698450543760758));
#5326=CARTESIAN_POINT('Ctrl Pts',(20.7501485941093,-4.42735260096858,0.06984495758881));
#5327=CARTESIAN_POINT('Ctrl Pts',(20.750148497322,-4.42735278620294,10.7553164740673));
#5328=CARTESIAN_POINT('Ctrl Pts',(20.2341883716189,-4.42735278977713,10.7553164693938));
#5329=CARTESIAN_POINT('Ctrl Pts',(20.2341882701582,-4.42735298395574,21.9567481115755));
#5330=CARTESIAN_POINT('Ctrl Pts',(31.4356199123398,-4.42735290636044,21.9567482130362));
#5331=CARTESIAN_POINT('Ctrl Pts',(42.6370515545214,-4.42735282876513,21.956748314497));
#5332=CARTESIAN_POINT('Ctrl Pts',(42.6370516559822,-4.42735263458652,10.7553166723153));
#5333=CARTESIAN_POINT('Ctrl Pts',(42.6370517574429,-4.4273524404079,-0.446114969866289));
#5334=CARTESIAN_POINT('Ctrl Pts',(31.4356201152613,-4.42735251800321,-0.446115071327042));
#5335=CARTESIAN_POINT('Ctrl Pts',(20.2341884730797,-4.42735259559852,-0.446115172787791));
#5336=CARTESIAN_POINT('Ctrl Pts',(20.2341883716189,-4.42735278977713,10.7553164693938));
#5337=CARTESIAN_POINT('Ctrl Pts',(20.2341883682234,-3.88423686798438,10.7553164779842));
#5338=CARTESIAN_POINT('Ctrl Pts',(20.2341882667627,-3.88423706216299,21.9567481201658));
#5339=CARTESIAN_POINT('Ctrl Pts',(31.4356199089443,-3.88423698456768,21.9567482216266));
#5340=CARTESIAN_POINT('Ctrl Pts',(42.6370515511259,-3.88423690697237,21.9567483230874));
#5341=CARTESIAN_POINT('Ctrl Pts',(42.6370516525867,-3.88423671279376,10.7553166809057));
#5342=CARTESIAN_POINT('Ctrl Pts',(42.6370517540474,-3.88423651861515,-0.446114961275914));
#5343=CARTESIAN_POINT('Ctrl Pts',(31.4356201118658,-3.88423659621046,-0.446115062736667));
#5344=CARTESIAN_POINT('Ctrl Pts',(20.2341884696842,-3.88423667380577,-0.446115164197416));
#5345=CARTESIAN_POINT('Ctrl Pts',(20.2341883682234,-3.88423686798438,10.7553164779842));
#5346=CARTESIAN_POINT('Ctrl Pts',(20.2341883648279,-3.34112094619162,10.7553164865746));
#5347=CARTESIAN_POINT('Ctrl Pts',(20.2341882633672,-3.34112114037023,21.9567481287562));
#5348=CARTESIAN_POINT('Ctrl Pts',(31.4356199055488,-3.34112106277492,21.956748230217));
#5349=CARTESIAN_POINT('Ctrl Pts',(42.6370515477305,-3.34112098517961,21.9567483316777));
#5350=CARTESIAN_POINT('Ctrl Pts',(42.6370516491912,-3.341120791001,10.7553166894961));
#5351=CARTESIAN_POINT('Ctrl Pts',(42.637051750652,-3.34112059682239,-0.446114952685539));
#5352=CARTESIAN_POINT('Ctrl Pts',(31.4356201084703,-3.3411206744177,-0.446115054146292));
#5353=CARTESIAN_POINT('Ctrl Pts',(20.2341884662887,-3.34112075201301,-0.446115155607041));
#5354=CARTESIAN_POINT('Ctrl Pts',(20.2341883648279,-3.34112094619162,10.7553164865746));
#5355=CARTESIAN_POINT('Ctrl Pts',(20.7501484905311,-3.34112094261743,10.7553164912481));
#5356=CARTESIAN_POINT('Ctrl Pts',(20.7501483937438,-3.34112112785179,21.4407880077266));
#5357=CARTESIAN_POINT('Ctrl Pts',(31.4356199102223,-3.34112105383067,21.4407881045139));
#5358=CARTESIAN_POINT('Ctrl Pts',(42.1210914267008,-3.34112097980956,21.4407882013011));
#5359=CARTESIAN_POINT('Ctrl Pts',(42.1210915234881,-3.3411207945752,10.7553166848226));
#5360=CARTESIAN_POINT('Ctrl Pts',(42.1210916202754,-3.34112060934084,0.069845168344096));
#5361=CARTESIAN_POINT('Ctrl Pts',(31.4356201037968,-3.34112068336195,0.069845071556826));
#5362=CARTESIAN_POINT('Ctrl Pts',(20.7501485873183,-3.34112075738307,0.0698449747695602));
#5363=CARTESIAN_POINT('Ctrl Pts',(20.7501484905311,-3.34112094261743,10.7553164912481));
#5364=CARTESIAN_POINT('Ctrl Pts',(20.876884288296,-3.34112094173949,10.755316492396));
#5365=CARTESIAN_POINT('Ctrl Pts',(20.8768841926567,-3.34112112477687,21.3140522111096));
#5366=CARTESIAN_POINT('Ctrl Pts',(31.4356199113703,-3.34112105163369,21.3140523067489));
#5367=CARTESIAN_POINT('Ctrl Pts',(41.9943556300838,-3.3411209784905,21.3140524023882));
#5368=CARTESIAN_POINT('Ctrl Pts',(41.9943557257232,-3.34112079545313,10.7553166836747));
#5369=CARTESIAN_POINT('Ctrl Pts',(41.9943558213625,-3.34112061241576,0.196580964961079));
#5370=CARTESIAN_POINT('Ctrl Pts',(31.4356201026489,-3.34112068555894,0.196580869321761));
#5371=CARTESIAN_POINT('Ctrl Pts',(20.8768843839353,-3.34112075870212,0.196580773682448));
#5372=CARTESIAN_POINT('Ctrl Pts',(20.876884288296,-3.34112094173949,10.755316492396));
#5373=CARTESIAN_POINT('Ctrl Pts',(20.9891971829447,-3.40292911725365,10.7553164924357));
#5374=CARTESIAN_POINT('Ctrl Pts',(20.9891970883227,-3.40292929834406,21.201739316887));
#5375=CARTESIAN_POINT('Ctrl Pts',(31.435619912774,-3.4029292259789,21.2017394115091));
#5376=CARTESIAN_POINT('Ctrl Pts',(41.8820427372253,-3.40292915361373,21.2017395061311));
#5377=CARTESIAN_POINT('Ctrl Pts',(41.8820428318473,-3.40292897252332,10.7553166816797));
#5378=CARTESIAN_POINT('Ctrl Pts',(41.8820429264693,-3.40292879143291,0.308893857228415));
#5379=CARTESIAN_POINT('Ctrl Pts',(31.435620102018,-3.40292886379807,0.308893762606409));
#5380=CARTESIAN_POINT('Ctrl Pts',(20.9891972775667,-3.40292893616323,0.308893667984408));
#5381=CARTESIAN_POINT('Ctrl Pts',(20.9891971829447,-3.40292911725365,10.7553164924357));
#5382=CARTESIAN_POINT('',(26.2223279825225,-3.39794606745384,1.7256926324699));
#5383=CARTESIAN_POINT('',(21.4860018223486,-3.41090092976874,7.61821398009373));
#5384=CARTESIAN_POINT('Ctrl Pts',(26.2228822171527,-3.41520891652633,1.72676452586906));
#5385=CARTESIAN_POINT('Ctrl Pts',(24.1793708007941,-3.40774462281809,2.89258466708267));
#5386=CARTESIAN_POINT('Ctrl Pts',(22.5640812290418,-3.40725401030019,4.77531938030743));
#5387=CARTESIAN_POINT('Ctrl Pts',(21.7205403856024,-3.41324813883565,6.96431311768377));
#5388=CARTESIAN_POINT('Ctrl Pts',(21.6373657560769,-3.41383917058491,7.18015179882891));
#5389=CARTESIAN_POINT('Ctrl Pts',(21.5613885323623,-3.41448097631863,7.39892577087765));
#5390=CARTESIAN_POINT('Ctrl Pts',(21.4927606260228,-3.41516472651146,7.62028245478706));
#5391=CARTESIAN_POINT('',(21.0031361016423,-3.41088947344929,10.7553164924361));
#5392=CARTESIAN_POINT('Ctrl Pts',(21.4860428181854,-3.41092639164943,7.61822690789434));
#5393=CARTESIAN_POINT('Ctrl Pts',(21.1672328861239,-3.4109071932432,8.62925493416821));
#5394=CARTESIAN_POINT('Ctrl Pts',(21.0031448899075,-3.4108946537926,9.69311988275355));
#5395=CARTESIAN_POINT('Ctrl Pts',(21.0031361016423,-3.41088947344929,10.7553164924361));
#5396=CARTESIAN_POINT('',(20.8110835590229,-4.42355188000575,10.7553164746794));
#5397=CARTESIAN_POINT('Ctrl Pts',(21.0031361016415,-3.41088947344885,10.7553164924361));
#5398=CARTESIAN_POINT('Ctrl Pts',(21.266108617644,-3.56662310520155,10.7553164923548));
#5399=CARTESIAN_POINT('Ctrl Pts',(21.2661086196297,-3.88423686083599,10.7553164873312));
#5400=CARTESIAN_POINT('Ctrl Pts',(21.2661086226452,-4.36658625379727,10.7553164797019));
#5401=CARTESIAN_POINT('Ctrl Pts',(20.8110835590229,-4.42355188000575,10.7553164746794));
#5402=CARTESIAN_POINT('',(21.0554998070468,-4.44954240491604,8.45410051008881));
#5403=CARTESIAN_POINT('Ctrl Pts',(20.8110835590229,-4.42355188000575,10.7553164746794));
#5404=CARTESIAN_POINT('Ctrl Pts',(20.8110717801905,-4.42355334208795,9.98150211334393));
#5405=CARTESIAN_POINT('Ctrl Pts',(20.8958484453518,-4.42355540832822,9.20926038117261));
#5406=CARTESIAN_POINT('Ctrl Pts',(21.062878738813,-4.42355802812974,8.4557374032023));
#5407=CARTESIAN_POINT('',(21.1657675070348,-4.44961049909256,8.00351693068329));
#5408=CARTESIAN_POINT('Ctrl Pts',(21.0281934575796,-4.42669637848415,8.44805017268262));
#5409=CARTESIAN_POINT('Ctrl Pts',(21.0617401279041,-4.42669734832726,8.29664386276947));
#5410=CARTESIAN_POINT('Ctrl Pts',(21.0984847695929,-4.42670325417957,8.14600921848047));
#5411=CARTESIAN_POINT('Ctrl Pts',(21.1383978012021,-4.42671389074296,7.99624406355467));
#5412=CARTESIAN_POINT('',(27.8018120757781,-4.42358500298235,0.771508360769653));
#5413=CARTESIAN_POINT('Ctrl Pts',(21.1730656407545,-4.42355706353896,8.00547271069909));
#5414=CARTESIAN_POINT('Ctrl Pts',(21.8369912870515,-4.42354985158662,5.52789036322288));
#5415=CARTESIAN_POINT('Ctrl Pts',(23.4335509088971,-4.42354786322194,3.31158127320809));
#5416=CARTESIAN_POINT('Ctrl Pts',(25.5693257989933,-4.42355156748303,1.89713697929042));
#5417=CARTESIAN_POINT('Ctrl Pts',(26.2641083294642,-4.42355277250511,1.43700834387327));
#5418=CARTESIAN_POINT('Ctrl Pts',(27.0165716963203,-4.423554564399,1.05729838535148));
#5419=CARTESIAN_POINT('Ctrl Pts',(27.8018011915562,-4.42355688735274,0.771478458455054));
#5420=CARTESIAN_POINT('',(31.8990581392752,-4.42358409167006,0.140883527714544));
#5421=CARTESIAN_POINT('Ctrl Pts',(27.8017503388469,-4.42357548846412,0.771338545007406));
#5422=CARTESIAN_POINT('Ctrl Pts',(29.1071994215061,-4.42352331034394,0.296638882950367));
#5423=CARTESIAN_POINT('Ctrl Pts',(30.5098205074888,-4.42352316819535,0.0804653089743608));
#5424=CARTESIAN_POINT('Ctrl Pts',(31.8990659265905,-4.4235752371653,0.140703632745547));
#5425=CARTESIAN_POINT('',(40.3964123575467,-4.4235574034293,5.04691346349731));
#5426=CARTESIAN_POINT('Ctrl Pts',(31.8990593419764,-4.42355618093757,0.140855992276129));
#5427=CARTESIAN_POINT('Ctrl Pts',(34.4406627479408,-4.42354991536343,0.25187526563911));
#5428=CARTESIAN_POINT('Ctrl Pts',(36.9257950122236,-4.42354823397893,1.3113874633052));
#5429=CARTESIAN_POINT('Ctrl Pts',(38.7644779674772,-4.42355151536944,3.06320386863477));
#5430=CARTESIAN_POINT('Ctrl Pts',(39.3847174932408,-4.42355262227485,3.6541408615306));
#5431=CARTESIAN_POINT('Ctrl Pts',(39.9355524136359,-4.42355428113973,4.32351510166245));
#5432=CARTESIAN_POINT('Ctrl Pts',(40.3964092703002,-4.42355643260551,5.04691543029296));
#5433=CARTESIAN_POINT('',(41.2584018762959,-4.44975834371088,14.8240439644286));
#5434=CARTESIAN_POINT('Ctrl Pts',(40.396418320636,-4.42355777502779,5.04690966498237));
#5435=CARTESIAN_POINT('Ctrl Pts',(41.752922884168,-4.4235493900807,7.17641418567026));
#5436=CARTESIAN_POINT('Ctrl Pts',(42.3149505437652,-4.42354705713793,9.79328971154665));
#5437=CARTESIAN_POINT('Ctrl Pts',(41.9476496854685,-4.42355135717339,12.2973731960803));
#5438=CARTESIAN_POINT('Ctrl Pts',(41.8203028198604,-4.42355284803851,13.1655638789307));
#5439=CARTESIAN_POINT('Ctrl Pts',(41.5861113288368,-4.42355509639859,14.0131830889808));
#5440=CARTESIAN_POINT('Ctrl Pts',(41.2514584370384,-4.42355804346145,14.821168212456));
#5441=CARTESIAN_POINT('',(41.0716533610818,-4.44933669452971,15.2486735494683));
#5442=CARTESIAN_POINT('Ctrl Pts',(41.2852693713872,-4.42675521572963,14.8354163965001));
#5443=CARTESIAN_POINT('Ctrl Pts',(41.225222240012,-4.42671815313577,14.9784145069135));
#5444=CARTESIAN_POINT('Ctrl Pts',(41.162089527759,-4.426679346203,15.1200175860049));
#5445=CARTESIAN_POINT('Ctrl Pts',(41.0959248876257,-4.42663882041911,15.260128720243));
#5446=CARTESIAN_POINT('',(33.2818539111056,-4.45014709682883,21.2258175886168));
#5447=CARTESIAN_POINT('Ctrl Pts',(41.0647116644533,-4.42355662326123,15.2455487258646));
#5448=CARTESIAN_POINT('Ctrl Pts',(40.0229427765004,-4.4235503221919,17.479453068563));
#5449=CARTESIAN_POINT('Ctrl Pts',(38.1879659998249,-4.42354846689469,19.3198965755122));
#5450=CARTESIAN_POINT('Ctrl Pts',(35.9594672272877,-4.42355144959924,20.3686145347813));
#5451=CARTESIAN_POINT('Ctrl Pts',(35.1087688597374,-4.42355258820516,20.7689480090309));
#5452=CARTESIAN_POINT('Ctrl Pts',(34.204195426017,-4.42355441260193,21.0555987664494));
#5453=CARTESIAN_POINT('Ctrl Pts',(33.2805599529531,-4.42355684866121,21.218480479673));
#5454=CARTESIAN_POINT('',(32.8233783783443,-4.45012229758718,21.2963874902519));
#5455=CARTESIAN_POINT('Ctrl Pts',(33.2872879046617,-4.42685846959497,21.2567796266456));
#5456=CARTESIAN_POINT('Ctrl Pts',(33.1345277507922,-4.42685451637981,21.2836256762131));
#5457=CARTESIAN_POINT('Ctrl Pts',(32.98121656031,-4.42685236283563,21.3071738300494));
#5458=CARTESIAN_POINT('Ctrl Pts',(32.8274610408279,-4.42685204451788,21.3274089797456));
#5459=CARTESIAN_POINT('',(23.6022073391108,-4.42355787650403,17.9330126283475));
#5460=CARTESIAN_POINT('Ctrl Pts',(32.8224052940381,-4.42355689567925,21.2889976077683));
#5461=CARTESIAN_POINT('Ctrl Pts',(30.313996840535,-4.42355036697358,21.6191829929435));
#5462=CARTESIAN_POINT('Ctrl Pts',(27.6976939451198,-4.42354849059019,21.0187367778188));
#5463=CARTESIAN_POINT('Ctrl Pts',(25.581617367867,-4.4235517328569,19.6216225912727));
#5464=CARTESIAN_POINT('Ctrl Pts',(24.8540621332596,-4.4235528476219,19.1412629716385));
#5465=CARTESIAN_POINT('Ctrl Pts',(24.1894658006262,-4.42355453736608,18.5738873431615));
#5466=CARTESIAN_POINT('Ctrl Pts',(23.6022104414011,-4.42355675896612,17.9330097856222));
#5467=CARTESIAN_POINT('Ctrl Pts',(23.6022013474449,-4.42355830196778,17.9330181181606));
#5468=CARTESIAN_POINT('Ctrl Pts',(21.9241036402861,-4.42354974822629,16.1015172343727));
#5469=CARTESIAN_POINT('Ctrl Pts',(20.9228510285842,-4.42354715868322,13.6774991733422));
#5470=CARTESIAN_POINT('Ctrl Pts',(20.8201569299061,-4.42355111574717,11.1941643814499));
#5471=CARTESIAN_POINT('Ctrl Pts',(20.8141159757665,-4.42355134852045,11.0480828462465));
#5472=CARTESIAN_POINT('Ctrl Pts',(20.8110857833096,-4.42355160390963,10.9014417357796));
#5473=CARTESIAN_POINT('Ctrl Pts',(20.8110835590229,-4.42355188000575,10.7553164746794));
#5474=CARTESIAN_POINT('',(22.4008408688898,-3.4109010951052,15.9715489212939));
#5475=CARTESIAN_POINT('Ctrl Pts',(21.0031361016423,-3.41088947344929,10.7553164924361));
#5476=CARTESIAN_POINT('Ctrl Pts',(21.0031233389547,-3.41088195033734,12.2978829862818));
#5477=CARTESIAN_POINT('Ctrl Pts',(21.3510871576881,-3.41089002633947,13.8393622970207));
#5478=CARTESIAN_POINT('Ctrl Pts',(22.011877264003,-3.41091283291174,15.2306906167209));
#5479=CARTESIAN_POINT('Ctrl Pts',(22.1315529428943,-3.41091696340945,15.4826740523528));
#5480=CARTESIAN_POINT('Ctrl Pts',(22.2613198046172,-3.41092156883184,15.7298222147833));
#5481=CARTESIAN_POINT('Ctrl Pts',(22.4008782137919,-3.41092663833959,15.9715273581424));
#5482=CARTESIAN_POINT('',(29.1776227350407,-3.41090270580304,20.9404875135346));
#5483=CARTESIAN_POINT('Ctrl Pts',(22.4072883195163,-3.41537475189518,15.9678976610754));
#5484=CARTESIAN_POINT('Ctrl Pts',(23.5965384167326,-3.40839577606464,18.0503910616465));
#5485=CARTESIAN_POINT('Ctrl Pts',(25.5242145296834,-3.40689192359352,19.6878175714361));
#5486=CARTESIAN_POINT('Ctrl Pts',(27.7739934736712,-3.41183605820076,20.5224044589953));
#5487=CARTESIAN_POINT('Ctrl Pts',(28.2317369345342,-3.41284199938095,20.6922107821112));
#5488=CARTESIAN_POINT('Ctrl Pts',(28.7023556222662,-3.41405563769735,20.8297296017616));
#5489=CARTESIAN_POINT('Ctrl Pts',(29.1791710981488,-3.41537873719059,20.9332377475564));
#5490=CARTESIAN_POINT('',(37.4194374834354,-3.41090108961992,19.3010898593756));
#5491=CARTESIAN_POINT('Ctrl Pts',(29.1776322557131,-3.41092875631677,20.940444577514));
#5492=CARTESIAN_POINT('Ctrl Pts',(31.6687055150403,-3.41087934262982,21.492787460341));
#5493=CARTESIAN_POINT('Ctrl Pts',(34.3646729093104,-3.41087316754456,21.0876877826337));
#5494=CARTESIAN_POINT('Ctrl Pts',(36.5822976968451,-3.41091172717446,19.8298770151687));
#5495=CARTESIAN_POINT('Ctrl Pts',(36.8692150504243,-3.41091671603778,19.6671408576667));
#5496=CARTESIAN_POINT('Ctrl Pts',(37.1485861729074,-3.41092242196851,19.4906981156445));
#5497=CARTESIAN_POINT('Ctrl Pts',(37.4194106198499,-3.41092883011985,19.301051497827));
#5498=CARTESIAN_POINT('',(41.7788331010227,-3.41090095752225,12.1170267298489));
#5499=CARTESIAN_POINT('Ctrl Pts',(37.415601386325,-3.41497962698912,19.2955159266926));
#5500=CARTESIAN_POINT('Ctrl Pts',(39.3743721679489,-3.40824697365849,17.9373533140243));
#5501=CARTESIAN_POINT('Ctrl Pts',(40.8282974428895,-3.40685829999084,15.8931904037508));
#5502=CARTESIAN_POINT('Ctrl Pts',(41.4696449442639,-3.41170436912153,13.6060101770215));
#5503=CARTESIAN_POINT('Ctrl Pts',(41.6062898249508,-3.41273686794119,13.1187057616756));
#5504=CARTESIAN_POINT('Ctrl Pts',(41.7074985246507,-3.41399465948514,12.6192603169698));
#5505=CARTESIAN_POINT('Ctrl Pts',(41.7714910143624,-3.41536761232505,12.1161178709458));
#5506=CARTESIAN_POINT('',(39.1257766230776,-3.39134137522755,3.70852588403888));
#5507=CARTESIAN_POINT('Ctrl Pts',(41.7787901112782,-3.41092664159404,12.1170210684305));
#5508=CARTESIAN_POINT('Ctrl Pts',(42.1022043511791,-3.410884136419,9.66099570011016));
#5509=CARTESIAN_POINT('Ctrl Pts',(41.5167934827741,-3.41087566739932,7.10631187393323));
#5510=CARTESIAN_POINT('Ctrl Pts',(40.1625384398936,-3.41090298899785,5.03892517350161));
#5511=CARTESIAN_POINT('Ctrl Pts',(39.8546887197296,-3.41090919975298,4.56896612070382));
#5512=CARTESIAN_POINT('Ctrl Pts',(39.5073909381937,-3.41091722242865,4.12214505022822));
#5513=CARTESIAN_POINT('Ctrl Pts',(39.1271711375068,-3.41092690852538,3.70723640746872));
#5514=CARTESIAN_POINT('',(38.8083963290153,-3.41033136571518,3.37436094938414));
#5515=CARTESIAN_POINT('Ctrl Pts',(39.1373322066735,-3.40292887178344,3.697598901555));
#5516=CARTESIAN_POINT('Ctrl Pts',(39.0310077957181,-3.40476302156981,3.58650584739333));
#5517=CARTESIAN_POINT('Ctrl Pts',(38.9221571526392,-3.40671272781906,3.47785885535194));
#5518=CARTESIAN_POINT('Ctrl Pts',(38.8108706110241,-3.40878453390874,3.37173607448893));
#5519=CARTESIAN_POINT('',(30.5263717485804,-3.41090315192798,0.362554803945566));
#5520=CARTESIAN_POINT('Ctrl Pts',(38.8083121258293,-3.41092847862944,3.37434453003965));
#5521=CARTESIAN_POINT('Ctrl Pts',(36.9529329694084,-3.41087925691941,1.52092933755767));
#5522=CARTESIAN_POINT('Ctrl Pts',(34.3731324467702,-3.41087230078996,0.40670359428316));
#5523=CARTESIAN_POINT('Ctrl Pts',(31.7503096625265,-3.41090953078546,0.327614286553665));
#5524=CARTESIAN_POINT('Ctrl Pts',(31.3417077010875,-3.41091533073857,0.31529319247851));
#5525=CARTESIAN_POINT('Ctrl Pts',(30.9330236536456,-3.41092214204318,0.32700958394659));
#5526=CARTESIAN_POINT('Ctrl Pts',(30.5263756897609,-3.41092992456757,0.362599829336093));
#5527=CARTESIAN_POINT('Ctrl Pts',(30.5263869564061,-3.41100696030977,0.362729332607414));
#5528=CARTESIAN_POINT('Ctrl Pts',(29.016326049758,-3.41077462154087,0.494449026304382));
#5529=CARTESIAN_POINT('Ctrl Pts',(27.5323708185077,-3.41077497758214,0.962237071485151));
#5530=CARTESIAN_POINT('Ctrl Pts',(26.2194557729782,-3.41100720729336,1.72070544727732));
#5531=CARTESIAN_POINT('Ctrl Pts',(20.3017724470078,-7.96714690671343,10.7553164703024));
#5532=CARTESIAN_POINT('Ctrl Pts',(20.3017724319679,-7.96714727759229,21.8891640029581));
#5533=CARTESIAN_POINT('Ctrl Pts',(31.4356199646236,-7.96714726609004,21.889164017998));
#5534=CARTESIAN_POINT('Ctrl Pts',(42.5694674972793,-7.9671472545878,21.8891640330379));
#5535=CARTESIAN_POINT('Ctrl Pts',(42.5694675123192,-7.96714688370894,10.7553165003822));
#5536=CARTESIAN_POINT('Ctrl Pts',(42.5694675273591,-7.96714651283009,-0.378531032273485));
#5537=CARTESIAN_POINT('Ctrl Pts',(31.4356199947034,-7.96714652433233,-0.3785310473134));
#5538=CARTESIAN_POINT('Ctrl Pts',(20.3017724620477,-7.96714653583457,-0.378531062353311));
#5539=CARTESIAN_POINT('Ctrl Pts',(20.3017724470078,-7.96714690671343,10.7553164703024));
#5540=CARTESIAN_POINT('Ctrl Pts',(20.6187751204649,-8.11694659561783,10.7553164662014));
#5541=CARTESIAN_POINT('Ctrl Pts',(20.6187751058532,-8.11694695593703,21.5721613255397));
#5542=CARTESIAN_POINT('Ctrl Pts',(31.4356199651915,-8.11694694476228,21.5721613401514));
#5543=CARTESIAN_POINT('Ctrl Pts',(42.2524648245298,-8.11694693358753,21.5721613547631));
#5544=CARTESIAN_POINT('Ctrl Pts',(42.2524648391415,-8.11694657326833,10.7553164954248));
#5545=CARTESIAN_POINT('Ctrl Pts',(42.2524648537532,-8.11694621294913,-0.0615283639134646));
#5546=CARTESIAN_POINT('Ctrl Pts',(31.4356199944149,-8.11694622412388,-0.0615283785251646));
#5547=CARTESIAN_POINT('Ctrl Pts',(20.6187751350766,-8.11694623529863,-0.0615283931368602));
#5548=CARTESIAN_POINT('Ctrl Pts',(20.6187751204649,-8.11694659561783,10.7553164662014));
#5549=CARTESIAN_POINT('Ctrl Pts',(20.6187751208059,-8.48271561732886,10.7553164551424));
#5550=CARTESIAN_POINT('Ctrl Pts',(20.6187751061942,-8.48271597764806,21.5721613144807));
#5551=CARTESIAN_POINT('Ctrl Pts',(31.4356199655325,-8.48271596647331,21.5721613290924));
#5552=CARTESIAN_POINT('Ctrl Pts',(42.2524648248708,-8.48271595529856,21.5721613437041));
#5553=CARTESIAN_POINT('Ctrl Pts',(42.2524648394825,-8.48271559497936,10.7553164843658));
#5554=CARTESIAN_POINT('Ctrl Pts',(42.2524648540942,-8.48271523466016,-0.0615283749724802));
#5555=CARTESIAN_POINT('Ctrl Pts',(31.4356199947559,-8.4827152458349,-0.0615283895841801));
#5556=CARTESIAN_POINT('Ctrl Pts',(20.6187751354176,-8.48271525700966,-0.0615284041958757));
#5557=CARTESIAN_POINT('Ctrl Pts',(20.6187751208059,-8.48271561732886,10.7553164551424));
#5558=CARTESIAN_POINT('Ctrl Pts',(20.6187751213329,-9.04785315386848,10.7553164380555));
#5559=CARTESIAN_POINT('Ctrl Pts',(20.6187751067212,-9.04785351418768,21.5721612973938));
#5560=CARTESIAN_POINT('Ctrl Pts',(31.4356199660594,-9.04785350301293,21.5721613120054));
#5561=CARTESIAN_POINT('Ctrl Pts',(42.2524648253977,-9.04785349183818,21.5721613266171));
#5562=CARTESIAN_POINT('Ctrl Pts',(42.2524648400094,-9.04785313151898,10.7553164672789));
#5563=CARTESIAN_POINT('Ctrl Pts',(42.2524648546211,-9.04785277119978,-0.0615283920593968));
#5564=CARTESIAN_POINT('Ctrl Pts',(31.4356199952828,-9.04785278237453,-0.0615284066710968));
#5565=CARTESIAN_POINT('Ctrl Pts',(20.6187751359445,-9.04785279354928,-0.0615284212827924));
#5566=CARTESIAN_POINT('Ctrl Pts',(20.6187751213329,-9.04785315386848,10.7553164380555));
#5567=CARTESIAN_POINT('Ctrl Pts',(20.0818944616202,-9.04785315442313,10.7553164373302));
#5568=CARTESIAN_POINT('Ctrl Pts',(20.0818944462833,-9.04785353262633,22.1090419563812));
#5569=CARTESIAN_POINT('Ctrl Pts',(31.4356199653342,-9.04785352089693,22.1090419717181));
#5570=CARTESIAN_POINT('Ctrl Pts',(42.7893454843851,-9.04785350916753,22.109041987055));
#5571=CARTESIAN_POINT('Ctrl Pts',(42.7893454997221,-9.04785313096434,10.7553164680041));
#5572=CARTESIAN_POINT('Ctrl Pts',(42.789345515059,-9.04785275276114,-0.598409051046809));
#5573=CARTESIAN_POINT('Ctrl Pts',(31.4356199960081,-9.04785276449053,-0.598409066383741));
#5574=CARTESIAN_POINT('Ctrl Pts',(20.0818944769571,-9.04785277621993,-0.59840908172067));
#5575=CARTESIAN_POINT('Ctrl Pts',(20.0818944616202,-9.04785315442313,10.7553164373302));
#5576=CARTESIAN_POINT('Ctrl Pts',(19.5450138019076,-9.04785315497777,10.755316436605));
#5577=CARTESIAN_POINT('Ctrl Pts',(19.5450137858454,-9.04785355106497,22.6459226153686));
#5578=CARTESIAN_POINT('Ctrl Pts',(31.435619964609,-9.04785353878093,22.6459226314307));
#5579=CARTESIAN_POINT('Ctrl Pts',(43.3262261433725,-9.04785352649689,22.6459226474929));
#5580=CARTESIAN_POINT('Ctrl Pts',(43.3262261594347,-9.04785313040969,10.7553164687293));
#5581=CARTESIAN_POINT('Ctrl Pts',(43.3262261754969,-9.0478527343225,-1.13528971003422));
#5582=CARTESIAN_POINT('Ctrl Pts',(31.4356199967333,-9.04785274660654,-1.13528972609638));
#5583=CARTESIAN_POINT('Ctrl Pts',(19.5450138179697,-9.04785275889058,-1.13528974215854));
#5584=CARTESIAN_POINT('Ctrl Pts',(19.5450138019076,-9.04785315497777,10.755316436605));
#5585=CARTESIAN_POINT('Ctrl Pts',(19.5450138013807,-8.48271561843815,10.7553164536919));
#5586=CARTESIAN_POINT('Ctrl Pts',(19.5450137853185,-8.48271601452534,22.6459226324555));
#5587=CARTESIAN_POINT('Ctrl Pts',(31.4356199640821,-8.4827160022413,22.6459226485177));
#5588=CARTESIAN_POINT('Ctrl Pts',(43.3262261428456,-8.48271598995726,22.6459226645798));
#5589=CARTESIAN_POINT('Ctrl Pts',(43.3262261589078,-8.48271559387007,10.7553164858163));
#5590=CARTESIAN_POINT('Ctrl Pts',(43.3262261749699,-8.48271519778287,-1.1352896929473));
#5591=CARTESIAN_POINT('Ctrl Pts',(31.4356199962064,-8.48271521006691,-1.13528970900947));
#5592=CARTESIAN_POINT('Ctrl Pts',(19.5450138174428,-8.48271522235095,-1.13528972507163));
#5593=CARTESIAN_POINT('Ctrl Pts',(19.5450138013807,-8.48271561843815,10.7553164536919));
#5594=CARTESIAN_POINT('Ctrl Pts',(19.5450138008537,-7.91757808189852,10.7553164707788));
#5595=CARTESIAN_POINT('Ctrl Pts',(19.5450137847916,-7.91757847798571,22.6459226495424));
#5596=CARTESIAN_POINT('Ctrl Pts',(31.4356199635551,-7.91757846570167,22.6459226656046));
#5597=CARTESIAN_POINT('Ctrl Pts',(43.3262261423187,-7.91757845341763,22.6459226816667));
#5598=CARTESIAN_POINT('Ctrl Pts',(43.3262261583809,-7.91757805733044,10.7553165029032));
#5599=CARTESIAN_POINT('Ctrl Pts',(43.326226174443,-7.91757766124325,-1.13528967586039));
#5600=CARTESIAN_POINT('Ctrl Pts',(31.4356199956795,-7.91757767352729,-1.13528969192255));
#5601=CARTESIAN_POINT('Ctrl Pts',(19.5450138169159,-7.91757768581133,-1.13528970798471));
#5602=CARTESIAN_POINT('Ctrl Pts',(19.5450138008537,-7.91757808189852,10.7553164707788));
#5603=CARTESIAN_POINT('Ctrl Pts',(20.0818944605664,-7.91757808134387,10.7553164715041));
#5604=CARTESIAN_POINT('Ctrl Pts',(20.0818944452295,-7.91757845954707,22.109041990555));
#5605=CARTESIAN_POINT('Ctrl Pts',(31.4356199642804,-7.91757844781768,22.1090420058919));
#5606=CARTESIAN_POINT('Ctrl Pts',(42.7893454833313,-7.91757843608828,22.1090420212289));
#5607=CARTESIAN_POINT('Ctrl Pts',(42.7893454986682,-7.91757805788508,10.7553165021779));
#5608=CARTESIAN_POINT('Ctrl Pts',(42.7893455140052,-7.91757767968189,-0.598409016872976));
#5609=CARTESIAN_POINT('Ctrl Pts',(31.4356199949542,-7.91757769141128,-0.598409032209908));
#5610=CARTESIAN_POINT('Ctrl Pts',(20.0818944759033,-7.91757770314068,-0.598409047546836));
#5611=CARTESIAN_POINT('Ctrl Pts',(20.0818944605664,-7.91757808134387,10.7553164715041));
#5612=CARTESIAN_POINT('Ctrl Pts',(20.1968760329041,-7.91757808122509,10.7553164716594));
#5613=CARTESIAN_POINT('Ctrl Pts',(20.1968760177224,-7.91757845559814,21.9940604183726));
#5614=CARTESIAN_POINT('Ctrl Pts',(31.4356199644357,-7.91757844398753,21.9940604335543));
#5615=CARTESIAN_POINT('Ctrl Pts',(42.674363911149,-7.91757843237692,21.9940604487359));
#5616=CARTESIAN_POINT('Ctrl Pts',(42.6743639263306,-7.91757805800387,10.7553165020226));
#5617=CARTESIAN_POINT('Ctrl Pts',(42.6743639415122,-7.91757768363082,-0.483427444690624));
#5618=CARTESIAN_POINT('Ctrl Pts',(31.4356199947989,-7.91757769524142,-0.483427459872236));
#5619=CARTESIAN_POINT('Ctrl Pts',(20.1968760480857,-7.91757770685203,-0.483427475053845));
#5620=CARTESIAN_POINT('Ctrl Pts',(20.1968760329041,-7.91757808122509,10.7553164716594));
#5621=CARTESIAN_POINT('Ctrl Pts',(20.3017724470078,-7.96714690671343,10.7553164703024));
#5622=CARTESIAN_POINT('Ctrl Pts',(20.3017724319679,-7.96714727759229,21.8891640029581));
#5623=CARTESIAN_POINT('Ctrl Pts',(31.4356199646236,-7.96714726609004,21.889164017998));
#5624=CARTESIAN_POINT('Ctrl Pts',(42.5694674972793,-7.9671472545878,21.8891640330379));
#5625=CARTESIAN_POINT('Ctrl Pts',(42.5694675123192,-7.96714688370894,10.7553165003822));
#5626=CARTESIAN_POINT('Ctrl Pts',(42.5694675273591,-7.96714651283009,-0.378531032273485));
#5627=CARTESIAN_POINT('Ctrl Pts',(31.4356199947034,-7.96714652433233,-0.3785310473134));
#5628=CARTESIAN_POINT('Ctrl Pts',(20.3017724620477,-7.96714653583457,-0.378531062353311));
#5629=CARTESIAN_POINT('Ctrl Pts',(20.3017724470078,-7.96714690671343,10.7553164703024));
#5630=CARTESIAN_POINT('',(20.5723957867009,-8.712491595381,10.7553192890774));
#5631=CARTESIAN_POINT('',(42.2988442639109,-8.71249157404831,10.7553168785871));
#5632=CARTESIAN_POINT('Origin',(31.4356200253058,-8.71249158471459,10.7553168646403));
#5633=CARTESIAN_POINT('Origin',(31.4356200253058,-8.71249158471459,10.7553168646403));
#5634=CARTESIAN_POINT('',(20.3049593231267,-7.96866601735842,10.7553164702608));
#5635=CARTESIAN_POINT('Ctrl Pts',(20.3049593231267,-7.96866601735842,10.7553164702608));
#5636=CARTESIAN_POINT('Ctrl Pts',(20.6187751204673,-8.11955367945331,10.7553164661226));
#5637=CARTESIAN_POINT('Ctrl Pts',(20.6187751208059,-8.48271561732886,10.7553164551424));
#5638=CARTESIAN_POINT('Ctrl Pts',(20.6187751209179,-8.60279002046757,10.7553164515119));
#5639=CARTESIAN_POINT('Ctrl Pts',(20.5723957867005,-8.712491595381,10.7553164481325));
#5640=CARTESIAN_POINT('',(20.9803187937598,-7.97078795840723,14.5607358585136));
#5641=CARTESIAN_POINT('Ctrl Pts',(20.3049593231267,-7.96866601735842,10.7553164702608));
#5642=CARTESIAN_POINT('Ctrl Pts',(20.3065824511598,-7.96944648725284,12.0490775078274));
#5643=CARTESIAN_POINT('Ctrl Pts',(20.538149755855,-7.97084659414011,13.3454619817627));
#5644=CARTESIAN_POINT('Ctrl Pts',(20.983304122104,-7.97236711544526,14.5596377774673));
#5645=CARTESIAN_POINT('',(29.9833563568802,-7.97008706291626,21.7863463575011));
#5646=CARTESIAN_POINT('Ctrl Pts',(20.9803354173686,-7.97079666689129,14.5607298082328));
#5647=CARTESIAN_POINT('Ctrl Pts',(21.8944987913486,-7.97078438256205,17.0724458574145));
#5648=CARTESIAN_POINT('Ctrl Pts',(23.7498648079226,-7.97077983041509,19.2318239466218));
#5649=CARTESIAN_POINT('Ctrl Pts',(26.0914090184092,-7.97078409948772,20.5141141505665));
#5650=CARTESIAN_POINT('Ctrl Pts',(27.2938950622188,-7.97078629184447,21.1726266259884));
#5651=CARTESIAN_POINT('Ctrl Pts',(28.6243801012073,-7.97079075559783,21.6075119063739));
#5652=CARTESIAN_POINT('Ctrl Pts',(29.983345570049,-7.97079715404941,21.7864104162839));
#5653=CARTESIAN_POINT('',(40.5496781263982,-7.97003729147287,17.1370490519616));
#5654=CARTESIAN_POINT('Ctrl Pts',(29.9828089245798,-7.96879933110555,21.7904782706408));
#5655=CARTESIAN_POINT('Ctrl Pts',(32.4844158799126,-7.96793029560245,22.1216423874548));
#5656=CARTESIAN_POINT('Ctrl Pts',(35.0867796564656,-7.96817670154565,21.5680368116596));
#5657=CARTESIAN_POINT('Ctrl Pts',(37.2333925260828,-7.96937824793683,20.255032898215));
#5658=CARTESIAN_POINT('Ctrl Pts',(38.5343433780015,-7.97010644295669,19.4592892483258));
#5659=CARTESIAN_POINT('Ctrl Pts',(39.6716961772104,-7.97115758409229,18.3897593692213));
#5660=CARTESIAN_POINT('Ctrl Pts',(40.5472740095545,-7.97228487318748,17.1353781518924));
#5661=CARTESIAN_POINT('',(41.5194719372336,-7.97078752842378,6.05313881314476));
#5662=CARTESIAN_POINT('Ctrl Pts',(40.5559382636898,-7.96714710087784,17.1414229021816));
#5663=CARTESIAN_POINT('Ctrl Pts',(42.080963423816,-7.96823889939861,14.9594297177481));
#5664=CARTESIAN_POINT('Ctrl Pts',(42.7828563168209,-7.969411356962,12.2240168724175));
#5665=CARTESIAN_POINT('Ctrl Pts',(42.5006202415804,-7.97042692058293,9.58200750328184));
#5666=CARTESIAN_POINT('Ctrl Pts',(42.3705181620397,-7.97089506392313,8.36412310350193));
#5667=CARTESIAN_POINT('Ctrl Pts',(42.0364922625966,-7.97133399878829,7.16451577152741));
#5668=CARTESIAN_POINT('Ctrl Pts',(41.5177454484938,-7.97173042964344,6.05394574054553));
#5669=CARTESIAN_POINT('',(31.4353732000529,-7.97079962031755,-0.37095666026041));
#5670=CARTESIAN_POINT('Ctrl Pts',(41.5194565772024,-7.97079587133778,6.05314597545175));
#5671=CARTESIAN_POINT('Ctrl Pts',(40.3820124677996,-7.97078476410261,3.61383635482324));
#5672=CARTESIAN_POINT('Ctrl Pts',(38.3274204057599,-7.97078035611773,1.61624739229807));
#5673=CARTESIAN_POINT('Ctrl Pts',(35.8613395860497,-7.97078370379378,0.547098423271835));
#5674=CARTESIAN_POINT('Ctrl Pts',(34.4704170371238,-7.97078559195498,-0.0559245584949356));
#5675=CARTESIAN_POINT('Ctrl Pts',(32.9520107502838,-7.97078988456829,-0.371011653930775));
#5676=CARTESIAN_POINT('Ctrl Pts',(31.4353731997797,-7.97079621752889,-0.370965154090105));
#5677=CARTESIAN_POINT('',(23.232451109761,-7.97078737385955,3.23849739357896));
#5678=CARTESIAN_POINT('Ctrl Pts',(31.4353732000314,-7.97080242318705,-0.370952548958889));
#5679=CARTESIAN_POINT('Ctrl Pts',(28.6623699793512,-7.97077440394641,-0.370947961477818));
#5680=CARTESIAN_POINT('Ctrl Pts',(25.9005075596335,-7.97077137415883,0.711465747371619));
#5681=CARTESIAN_POINT('Ctrl Pts',(23.8644049845941,-7.97079427064688,2.60234527771413));
#5682=CARTESIAN_POINT('Ctrl Pts',(23.6452884838185,-7.9707967346673,2.80583350623276));
#5683=CARTESIAN_POINT('Ctrl Pts',(23.4344752782709,-7.97079948339772,3.01806312701151));
#5684=CARTESIAN_POINT('Ctrl Pts',(23.2324737789664,-7.97080250997463,3.23851816501477));
#5685=CARTESIAN_POINT('Ctrl Pts',(23.2340895928865,-7.97189124114679,3.24000888125843));
#5686=CARTESIAN_POINT('Ctrl Pts',(21.439963735819,-7.96883591792677,5.18887761810614));
#5687=CARTESIAN_POINT('Ctrl Pts',(20.380785387056,-7.96708783797419,7.79747769073543));
#5688=CARTESIAN_POINT('Ctrl Pts',(20.3090272214336,-7.96848791910959,10.4410014175286));
#5689=CARTESIAN_POINT('Ctrl Pts',(20.3061847387847,-7.96854337908826,10.5457166127995));
#5690=CARTESIAN_POINT('Ctrl Pts',(20.3048278491065,-7.96860279898463,10.6505213084489));
#5691=CARTESIAN_POINT('Ctrl Pts',(20.3049593231267,-7.96866601735842,10.7553164702608));
#5692=CARTESIAN_POINT('Ctrl Pts',(42.3401386523897,-12.7220124624018,10.7553160504767));
#5693=CARTESIAN_POINT('Ctrl Pts',(42.340138801601,-12.7220124434946,21.6598346268681));
#5694=CARTESIAN_POINT('Ctrl Pts',(31.4356202252096,-12.7220123293805,21.6598347760795));
#5695=CARTESIAN_POINT('Ctrl Pts',(20.5311016488182,-12.7220122152664,21.6598349252908));
#5696=CARTESIAN_POINT('Ctrl Pts',(20.5311014996068,-12.7220122341736,10.7553163488994));
#5697=CARTESIAN_POINT('Ctrl Pts',(20.5311013503955,-12.7220122530808,-0.149202227492023));
#5698=CARTESIAN_POINT('Ctrl Pts',(31.4356199267869,-12.7220123671949,-0.149202376703375));
#5699=CARTESIAN_POINT('Ctrl Pts',(42.3401385031783,-12.722012481309,-0.149202525914723));
#5700=CARTESIAN_POINT('Ctrl Pts',(42.3401386523897,-12.7220124624018,10.7553160504767));
#5701=CARTESIAN_POINT('Ctrl Pts',(42.3401386626,-11.6409264336725,10.7553160489708));
#5702=CARTESIAN_POINT('Ctrl Pts',(42.3401388118114,-11.6409264147653,21.6598346253622));
#5703=CARTESIAN_POINT('Ctrl Pts',(31.4356202354199,-11.6409263006512,21.6598347745735));
#5704=CARTESIAN_POINT('Ctrl Pts',(20.5311016590285,-11.6409261865371,21.6598349237849));
#5705=CARTESIAN_POINT('Ctrl Pts',(20.5311015098172,-11.6409262054443,10.7553163473935));
#5706=CARTESIAN_POINT('Ctrl Pts',(20.5311013606058,-11.6409262243515,-0.149202228997959));
#5707=CARTESIAN_POINT('Ctrl Pts',(31.4356199369972,-11.6409263384656,-0.149202378209311));
#5708=CARTESIAN_POINT('Ctrl Pts',(42.3401385133887,-11.6409264525797,-0.149202527420659));
#5709=CARTESIAN_POINT('Ctrl Pts',(42.3401386626,-11.6409264336725,10.7553160489708));
#5710=CARTESIAN_POINT('Ctrl Pts',(43.3671703898928,-11.6409264444202,10.7553160349174));
#5711=CARTESIAN_POINT('Ctrl Pts',(43.3671705531575,-11.6409264237323,22.6868663386017));
#5712=CARTESIAN_POINT('Ctrl Pts',(31.4356202494733,-11.6409262988704,22.6868665018664));
#5713=CARTESIAN_POINT('Ctrl Pts',(19.504069945789,-11.6409261740086,22.686866665131));
#5714=CARTESIAN_POINT('Ctrl Pts',(19.5040697825243,-11.6409261946966,10.7553163614468));
#5715=CARTESIAN_POINT('Ctrl Pts',(19.5040696192597,-11.6409262153846,-1.17623394223746));
#5716=CARTESIAN_POINT('Ctrl Pts',(31.4356199229439,-11.6409263402464,-1.17623410550215));
#5717=CARTESIAN_POINT('Ctrl Pts',(43.3671702266282,-11.6409264651082,-1.17623426876682));
#5718=CARTESIAN_POINT('Ctrl Pts',(43.3671703898928,-11.6409264444202,10.7553160349174));
#5719=CARTESIAN_POINT('Ctrl Pts',(44.3942021171857,-11.640926455168,10.7553160208641));
#5720=CARTESIAN_POINT('Ctrl Pts',(44.3942022945037,-11.6409264326992,23.7138980518412));
#5721=CARTESIAN_POINT('Ctrl Pts',(31.4356202635266,-11.6409262970897,23.7138982291592));
#5722=CARTESIAN_POINT('Ctrl Pts',(18.4770382325495,-11.6409261614801,23.7138984064772));
#5723=CARTESIAN_POINT('Ctrl Pts',(18.4770380552315,-11.6409261839489,10.7553163755001));
#5724=CARTESIAN_POINT('Ctrl Pts',(18.4770378779135,-11.6409262064176,-2.20326565547697));
#5725=CARTESIAN_POINT('Ctrl Pts',(31.4356199088906,-11.6409263420272,-2.20326583279498));
#5726=CARTESIAN_POINT('Ctrl Pts',(44.3942019398677,-11.6409264776367,-2.20326601011299));
#5727=CARTESIAN_POINT('Ctrl Pts',(44.3942021171857,-11.640926455168,10.7553160208641));
#5728=CARTESIAN_POINT('Ctrl Pts',(44.3942021069753,-12.7220124838973,10.75531602237));
#5729=CARTESIAN_POINT('Ctrl Pts',(44.3942022842933,-12.7220124614285,23.7138980533471));
#5730=CARTESIAN_POINT('Ctrl Pts',(31.4356202533163,-12.722012325819,23.7138982306651));
#5731=CARTESIAN_POINT('Ctrl Pts',(18.4770382223392,-12.7220121902094,23.7138984079831));
#5732=CARTESIAN_POINT('Ctrl Pts',(18.4770380450212,-12.7220122126782,10.7553163770061));
#5733=CARTESIAN_POINT('Ctrl Pts',(18.4770378677032,-12.7220122351469,-2.20326565397103));
#5734=CARTESIAN_POINT('Ctrl Pts',(31.4356198986802,-12.7220123707565,-2.20326583128904));
#5735=CARTESIAN_POINT('Ctrl Pts',(44.3942019296573,-12.722012506366,-2.20326600860705));
#5736=CARTESIAN_POINT('Ctrl Pts',(44.3942021069753,-12.7220124838973,10.75531602237));
#5737=CARTESIAN_POINT('Ctrl Pts',(44.394202096765,-13.8030985126266,10.755316023876));
#5738=CARTESIAN_POINT('Ctrl Pts',(44.394202274083,-13.8030984901578,23.713898054853));
#5739=CARTESIAN_POINT('Ctrl Pts',(31.4356202431059,-13.8030983545483,23.7138982321711));
#5740=CARTESIAN_POINT('Ctrl Pts',(18.4770382121288,-13.8030982189387,23.7138984094891));
#5741=CARTESIAN_POINT('Ctrl Pts',(18.4770380348108,-13.8030982414075,10.755316378512));
#5742=CARTESIAN_POINT('Ctrl Pts',(18.4770378574928,-13.8030982638762,-2.2032656524651));
#5743=CARTESIAN_POINT('Ctrl Pts',(31.4356198884699,-13.8030983994858,-2.20326582978311));
#5744=CARTESIAN_POINT('Ctrl Pts',(44.394201919447,-13.8030985350953,-2.20326600710111));
#5745=CARTESIAN_POINT('Ctrl Pts',(44.394202096765,-13.8030985126266,10.755316023876));
#5746=CARTESIAN_POINT('Ctrl Pts',(43.3671703694721,-13.8030985018788,10.7553160379293));
#5747=CARTESIAN_POINT('Ctrl Pts',(43.3671705327368,-13.8030984811909,22.6868663416135));
#5748=CARTESIAN_POINT('Ctrl Pts',(31.4356202290526,-13.803098356329,22.6868665048782));
#5749=CARTESIAN_POINT('Ctrl Pts',(19.5040699253683,-13.8030982314672,22.6868666681429));
#5750=CARTESIAN_POINT('Ctrl Pts',(19.5040697621037,-13.8030982521552,10.7553163644587));
#5751=CARTESIAN_POINT('Ctrl Pts',(19.504069598839,-13.8030982728432,-1.17623393922559));
#5752=CARTESIAN_POINT('Ctrl Pts',(31.4356199025232,-13.803098397705,-1.17623410249027));
#5753=CARTESIAN_POINT('Ctrl Pts',(43.3671702062075,-13.8030985225668,-1.17623426575495));
#5754=CARTESIAN_POINT('Ctrl Pts',(43.3671703694721,-13.8030985018788,10.7553160379293));
#5755=CARTESIAN_POINT('Ctrl Pts',(42.3401386421793,-13.8030984911311,10.7553160519826));
#5756=CARTESIAN_POINT('Ctrl Pts',(42.3401387913907,-13.8030984722239,21.659834628374));
#5757=CARTESIAN_POINT('Ctrl Pts',(31.4356202149993,-13.8030983581098,21.6598347775854));
#5758=CARTESIAN_POINT('Ctrl Pts',(20.5311016386078,-13.8030982439957,21.6598349267967));
#5759=CARTESIAN_POINT('Ctrl Pts',(20.5311014893965,-13.8030982629029,10.7553163504053));
#5760=CARTESIAN_POINT('Ctrl Pts',(20.5311013401851,-13.8030982818101,-0.149202225986087));
#5761=CARTESIAN_POINT('Ctrl Pts',(31.4356199165766,-13.8030983959242,-0.149202375197439));
#5762=CARTESIAN_POINT('Ctrl Pts',(42.340138492968,-13.8030985100383,-0.149202524408787));
#5763=CARTESIAN_POINT('Ctrl Pts',(42.3401386421793,-13.8030984911311,10.7553160519826));
#5764=CARTESIAN_POINT('Ctrl Pts',(42.3401386523897,-12.7220124624018,10.7553160504767));
#5765=CARTESIAN_POINT('Ctrl Pts',(42.340138801601,-12.7220124434946,21.6598346268681));
#5766=CARTESIAN_POINT('Ctrl Pts',(31.4356202252096,-12.7220123293805,21.6598347760795));
#5767=CARTESIAN_POINT('Ctrl Pts',(20.5311016488182,-12.7220122152664,21.6598349252908));
#5768=CARTESIAN_POINT('Ctrl Pts',(20.5311014996068,-12.7220122341736,10.7553163488994));
#5769=CARTESIAN_POINT('Ctrl Pts',(20.5311013503955,-12.7220122530808,-0.149202227492023));
#5770=CARTESIAN_POINT('Ctrl Pts',(31.4356199267869,-12.7220123671949,-0.149202376703375));
#5771=CARTESIAN_POINT('Ctrl Pts',(42.3401385031783,-12.722012481309,-0.149202525914723));
#5772=CARTESIAN_POINT('Ctrl Pts',(42.3401386523897,-12.7220124624018,10.7553160504767));
#5773=CARTESIAN_POINT('',(20.3758217169109,-13.2935849020052,10.7553170151721));
#5774=CARTESIAN_POINT('',(42.4954182108775,-13.2935849506256,10.7553160491481));
#5775=CARTESIAN_POINT('Origin',(31.4356199638942,-13.2935849263154,10.7553163236175));
#5776=CARTESIAN_POINT('',(42.8259302972216,-13.6407936373586,10.7553160451095));
#5777=CARTESIAN_POINT('Ctrl Pts',(42.8259302972216,-13.6407936373585,10.7553160451092));
#5778=CARTESIAN_POINT('Ctrl Pts',(42.6221744429178,-13.5077969715452,10.7553160477121));
#5779=CARTESIAN_POINT('Ctrl Pts',(42.4954182108775,-13.2935849506257,10.7553160491481));
#5780=CARTESIAN_POINT('',(25.7404756244161,-13.6407867099561,20.6196084705099));
#5781=CARTESIAN_POINT('Ctrl Pts',(42.8259302972217,-13.6407936373585,10.7553160451095));
#5782=CARTESIAN_POINT('Ctrl Pts',(42.8259314388222,-13.6407943653549,12.3638304379768));
#5783=CARTESIAN_POINT('Ctrl Pts',(42.4807462207525,-13.6407949490737,13.9728268774642));
#5784=CARTESIAN_POINT('Ctrl Pts',(41.8159061174687,-13.6407953368494,15.4445473337741));
#5785=CARTESIAN_POINT('Ctrl Pts',(40.7437147101444,-13.6407959622173,17.8179992652161));
#5786=CARTESIAN_POINT('Ctrl Pts',(38.8402428481687,-13.6407960585264,19.7913825537186));
#5787=CARTESIAN_POINT('Ctrl Pts',(36.5167796617013,-13.6407956100225,20.9494839491845));
#5788=CARTESIAN_POINT('Ctrl Pts',(34.1245898164564,-13.640795148252,22.141841294949));
#5789=CARTESIAN_POINT('Ctrl Pts',(31.2973877236327,-13.6407941058428,22.4536510353342));
#5790=CARTESIAN_POINT('Ctrl Pts',(28.7048805661736,-13.640792730824,21.8134445732636));
#5791=CARTESIAN_POINT('Ctrl Pts',(27.6693518528811,-13.6407921815984,21.557726022207));
#5792=CARTESIAN_POINT('Ctrl Pts',(26.6651825232882,-13.6407915782883,21.1534961546257));
#5793=CARTESIAN_POINT('Ctrl Pts',(25.7404723769046,-13.6407909495659,20.6196140953561));
#5794=CARTESIAN_POINT('',(21.1125089673049,-13.6410422412126,5.94157081195398));
#5795=CARTESIAN_POINT('Ctrl Pts',(25.7404821192857,-13.6407782307363,20.6195972207289));
#5796=CARTESIAN_POINT('Ctrl Pts',(23.3051775854314,-13.640794190928,19.2136035814983));
#5797=CARTESIAN_POINT('Ctrl Pts',(21.4184788093598,-13.6408034702905,16.863577619964));
#5798=CARTESIAN_POINT('Ctrl Pts',(20.5724958180629,-13.6408036368687,14.1805251013743));
#5799=CARTESIAN_POINT('Ctrl Pts',(19.7265128267661,-13.6408038034468,11.4974725827845));
#5800=CARTESIAN_POINT('Ctrl Pts',(19.9217109833765,-13.6407948873985,8.49519862924525));
#5801=CARTESIAN_POINT('Ctrl Pts',(21.1125128885589,-13.6407791416164,5.94157264212783));
#5802=CARTESIAN_POINT('',(42.2987508613954,-13.6407930734571,7.33018309567567));
#5803=CARTESIAN_POINT('Ctrl Pts',(21.1124926389611,-13.6407937262975,5.9415631979151));
#5804=CARTESIAN_POINT('Ctrl Pts',(22.2843816886108,-13.6407938726861,3.42843835576891));
#5805=CARTESIAN_POINT('Ctrl Pts',(24.4113120534918,-13.6407939942386,1.37061854953369));
#5806=CARTESIAN_POINT('Ctrl Pts',(26.9585947276127,-13.6407940606088,0.281757532863508));
#5807=CARTESIAN_POINT('Ctrl Pts',(29.4901389086822,-13.640794126569,-0.80037591025587));
#5808=CARTESIAN_POINT('Ctrl Pts',(32.4306596303156,-13.6407941377258,-0.920418373500455));
#5809=CARTESIAN_POINT('Ctrl Pts',(35.041176728204,-13.6407940913373,-0.0492729319966584));
#5810=CARTESIAN_POINT('Ctrl Pts',(37.6251078397406,-13.6407940454213,0.813000604076191));
#5811=CARTESIAN_POINT('Ctrl Pts',(39.8835544200611,-13.6407939433827,2.64186360215513));
#5812=CARTESIAN_POINT('Ctrl Pts',(41.2637826116688,-13.6407938097163,4.99802566002524));
#5813=CARTESIAN_POINT('Ctrl Pts',(41.6941929726497,-13.6407937680338,5.73277123907046));
#5814=CARTESIAN_POINT('Ctrl Pts',(42.0426399577974,-13.6407937233321,6.51790003374241));
#5815=CARTESIAN_POINT('Ctrl Pts',(42.2987517431501,-13.6407936769336,7.33018281765952));
#5816=CARTESIAN_POINT('Ctrl Pts',(42.2987490978869,-13.640791866504,7.33018365171025));
#5817=CARTESIAN_POINT('Ctrl Pts',(42.6481960132419,-13.6407925143859,8.43848401697172));
#5818=CARTESIAN_POINT('Ctrl Pts',(42.8259294748284,-13.6407931129199,9.59656442388301));
#5819=CARTESIAN_POINT('Ctrl Pts',(42.8259302972217,-13.6407936373585,10.7553160451095));
#5820=CARTESIAN_POINT('Origin',(31.4356199638942,-13.2935849263154,10.7553163236175));
#5821=CARTESIAN_POINT('Origin',(31.4354844977648,-17.1784608019125,10.7553289268338));
#5822=CARTESIAN_POINT('',(20.4294876188707,-17.335657265687,10.7553171736656));
#5823=CARTESIAN_POINT('',(31.4354877405528,-17.3356571716414,-0.250816003455701));
#5824=CARTESIAN_POINT('Origin',(31.4356199847345,-17.3356573003284,10.7553163616137));
#5825=CARTESIAN_POINT('',(31.4354892209094,-17.178460126402,-0.469288891839913));
#5826=CARTESIAN_POINT('',(31.4354892134962,-17.1784698944806,-0.469275316166609));
#5827=CARTESIAN_POINT('',(24.2205153744213,-17.1784373464096,2.1567864838806));
#5828=CARTESIAN_POINT('Ctrl Pts',(31.4354892209094,-17.1784601264021,-0.469288891839829));
#5829=CARTESIAN_POINT('Ctrl Pts',(30.7242184756588,-17.1784597354659,-0.469281048563651));
#5830=CARTESIAN_POINT('Ctrl Pts',(30.0102936360783,-17.1784588657319,-0.402636166949586));
#5831=CARTESIAN_POINT('Ctrl Pts',(29.289232399396,-17.1784574631678,-0.262163373068683));
#5832=CARTESIAN_POINT('Ctrl Pts',(27.4413235581197,-17.1784538687288,0.0978350633549078));
#5833=CARTESIAN_POINT('Ctrl Pts',(25.6331113594975,-17.1784466163149,0.971480895192353));
#5834=CARTESIAN_POINT('Ctrl Pts',(24.2205153744209,-17.1784373464096,2.15678648388091));
#5835=CARTESIAN_POINT('',(22.5304967718292,-17.1784434259206,17.5884001400278));
#5836=CARTESIAN_POINT('Ctrl Pts',(24.2205180416314,-17.1784403320621,2.156789662493));
#5837=CARTESIAN_POINT('Ctrl Pts',(23.4006486211982,-17.1784441184588,2.84475657480328));
#5838=CARTESIAN_POINT('Ctrl Pts',(22.6992253300327,-17.1784472515516,3.62345794536553));
#5839=CARTESIAN_POINT('Ctrl Pts',(22.0930854440395,-17.178449826949,4.53365239722053));
#5840=CARTESIAN_POINT('Ctrl Pts',(21.1947038495012,-17.1784536440375,5.88268413377688));
#5841=CARTESIAN_POINT('Ctrl Pts',(20.5814907486439,-17.1784558763709,7.47396059175113));
#5842=CARTESIAN_POINT('Ctrl Pts',(20.3391371369471,-17.1784562245443,9.064187526376));
#5843=CARTESIAN_POINT('Ctrl Pts',(20.13473754867,-17.1784565181916,10.4053754229731));
#5844=CARTESIAN_POINT('Ctrl Pts',(20.1684898798594,-17.1784556203788,11.7126161265487));
#5845=CARTESIAN_POINT('Ctrl Pts',(20.448515315548,-17.1784534527128,13.0521545303904));
#5846=CARTESIAN_POINT('Ctrl Pts',(20.7899993266152,-17.1784508092984,14.68568809136));
#5847=CARTESIAN_POINT('Ctrl Pts',(21.5273450134503,-17.1784461747086,16.2810498023332));
#5848=CARTESIAN_POINT('Ctrl Pts',(22.5304933772232,-17.1784403471598,17.5884027447664));
#5849=CARTESIAN_POINT('',(39.0188463471457,-17.1784472736303,19.0309953865269));
#5850=CARTESIAN_POINT('Ctrl Pts',(22.5304967718292,-17.1784434259206,17.5884001400278));
#5851=CARTESIAN_POINT('Ctrl Pts',(23.2735166268898,-17.1784466881811,18.5567233438209));
#5852=CARTESIAN_POINT('Ctrl Pts',(24.1299654430864,-17.1784493753731,19.3658383670213));
#5853=CARTESIAN_POINT('Ctrl Pts',(25.152109412841,-17.1784516212498,20.0563647172646));
#5854=CARTESIAN_POINT('Ctrl Pts',(26.5765473250391,-17.1784547510553,21.018667427806));
#5855=CARTESIAN_POINT('Ctrl Pts',(28.2787816511138,-17.1784567155335,21.6603577043566));
#5856=CARTESIAN_POINT('Ctrl Pts',(29.9652101186206,-17.1784572198657,21.8831975958137));
#5857=CARTESIAN_POINT('Ctrl Pts',(31.1065904630055,-17.1784575611994,22.0340163687143));
#5858=CARTESIAN_POINT('Ctrl Pts',(32.214715131904,-17.1784573070615,22.0127773454489));
#5859=CARTESIAN_POINT('Ctrl Pts',(33.3575700122501,-17.1784564277748,21.8141585029485));
#5860=CARTESIAN_POINT('Ctrl Pts',(35.2446654942436,-17.1784549758862,21.4861967234024));
#5861=CARTESIAN_POINT('Ctrl Pts',(37.1090076091081,-17.1784516570392,20.6226219453968));
#5862=CARTESIAN_POINT('Ctrl Pts',(38.5660014073528,-17.1784472338544,19.4242174397218));
#5863=CARTESIAN_POINT('Ctrl Pts',(38.7215008486943,-17.1784467617846,19.2963162562314));
#5864=CARTESIAN_POINT('Ctrl Pts',(38.8725412206357,-17.178446278711,19.1650605391247));
#5865=CARTESIAN_POINT('Ctrl Pts',(39.0188477433909,-17.1784457865867,19.0309969102725));
#5866=CARTESIAN_POINT('',(39.7112838124484,-17.1784471390519,3.17207284245461));
#5867=CARTESIAN_POINT('Ctrl Pts',(39.0188463471457,-17.1784472736303,19.0309953865269));
#5868=CARTESIAN_POINT('Ctrl Pts',(39.7787352134731,-17.1784496678486,18.3346845025134));
#5869=CARTESIAN_POINT('Ctrl Pts',(40.4453852329913,-17.1784517394501,17.5349085532514));
#5870=CARTESIAN_POINT('Ctrl Pts',(41.0050664969209,-17.1784534418702,16.6219758061489));
#5871=CARTESIAN_POINT('Ctrl Pts',(41.9208056769707,-17.1784562273356,15.128253684021));
#5872=CARTESIAN_POINT('Ctrl Pts',(42.4831773376853,-17.1784578102592,13.3723378076208));
#5873=CARTESIAN_POINT('Ctrl Pts',(42.6226116481204,-17.1784580105482,11.673510466183));
#5874=CARTESIAN_POINT('Ctrl Pts',(42.709670320197,-17.1784581356027,10.6128127657997));
#5875=CARTESIAN_POINT('Ctrl Pts',(42.6504318258297,-17.1784577819761,9.56915394189916));
#5876=CARTESIAN_POINT('Ctrl Pts',(42.4316881185646,-17.1784568999931,8.50178957336198));
#5877=CARTESIAN_POINT('Ctrl Pts',(42.0268149601292,-17.1784552675292,6.52620276222907));
#5878=CARTESIAN_POINT('Ctrl Pts',(41.0279024048582,-17.1784516896175,4.60891999563651));
#5879=CARTESIAN_POINT('Ctrl Pts',(39.7112838124484,-17.1784471390519,3.17207284245461));
#5880=CARTESIAN_POINT('Ctrl Pts',(39.7112925751177,-17.178438587448,3.17206481294899));
#5881=CARTESIAN_POINT('Ctrl Pts',(39.0159066380806,-17.1784436426797,2.41319424278102));
#5882=CARTESIAN_POINT('Ctrl Pts',(38.2173948082451,-17.1784479740792,1.74736331700761));
#5883=CARTESIAN_POINT('Ctrl Pts',(37.305934923576,-17.1784514796527,1.18810915162604));
#5884=CARTESIAN_POINT('Ctrl Pts',(35.8643878659939,-17.1784570239991,0.303603744304602));
#5885=CARTESIAN_POINT('Ctrl Pts',(34.1790539407557,-17.1784600886391,-0.253537149645913));
#5886=CARTESIAN_POINT('Ctrl Pts',(32.534871872205,-17.1784603440663,-0.415332907279368));
#5887=CARTESIAN_POINT('Ctrl Pts',(32.1645686297634,-17.1784604015938,-0.45177260262149));
#5888=CARTESIAN_POINT('Ctrl Pts',(31.8023236996652,-17.1784603280256,-0.469292936971936));
#5889=CARTESIAN_POINT('Ctrl Pts',(31.4354892209094,-17.1784601264021,-0.469288891839829));
#5890=CARTESIAN_POINT('',(42.4417523505984,-17.3356573349698,10.7553163163179));
#5891=CARTESIAN_POINT('Origin',(31.4356199847345,-17.3356573003284,10.7553163616137));
#5892=CARTESIAN_POINT('Origin',(31.4356199847345,-17.3356573003284,10.7553163616137));
#5893=CARTESIAN_POINT('Ctrl Pts',(20.04118375249,-12.5814244072787,10.7553163713435));
#5894=CARTESIAN_POINT('Ctrl Pts',(20.041183785239,-12.5814246706272,22.1497525841604));
#5895=CARTESIAN_POINT('Ctrl Pts',(31.4356199980559,-12.581424695673,22.1497525514115));
#5896=CARTESIAN_POINT('Ctrl Pts',(42.8300562108728,-12.5814247207188,22.1497525186625));
#5897=CARTESIAN_POINT('Ctrl Pts',(42.8300561781238,-12.5814244573703,10.7553163058456));
#5898=CARTESIAN_POINT('Ctrl Pts',(42.8300561453749,-12.5814241940217,-0.63911990697129));
#5899=CARTESIAN_POINT('Ctrl Pts',(31.435619932558,-12.5814241689759,-0.639119874222341));
#5900=CARTESIAN_POINT('Ctrl Pts',(20.0411837197411,-12.5814241439301,-0.639119841473387));
#5901=CARTESIAN_POINT('Ctrl Pts',(20.04118375249,-12.5814244072787,10.7553163713435));
#5902=CARTESIAN_POINT('Ctrl Pts',(20.4031073540111,-12.7127431340733,10.7553163675416));
#5903=CARTESIAN_POINT('Ctrl Pts',(20.4031073857198,-12.712743389057,21.787828978577));
#5904=CARTESIAN_POINT('Ctrl Pts',(31.4356199967552,-12.7127434133073,21.7878289468682));
#5905=CARTESIAN_POINT('Ctrl Pts',(42.4681326077905,-12.7127434375576,21.7878289151595));
#5906=CARTESIAN_POINT('Ctrl Pts',(42.4681325760818,-12.7127431825738,10.7553163041241));
#5907=CARTESIAN_POINT('Ctrl Pts',(42.468132544373,-12.71274292759,-0.277196306911224));
#5908=CARTESIAN_POINT('Ctrl Pts',(31.4356199333377,-12.7127429033398,-0.277196275202487));
#5909=CARTESIAN_POINT('Ctrl Pts',(20.4031073223023,-12.7127428790895,-0.277196243493745));
#5910=CARTESIAN_POINT('Ctrl Pts',(20.4031073540111,-12.7127431340733,10.7553163675416));
#5911=CARTESIAN_POINT('Ctrl Pts',(20.4031073532117,-13.1157126545338,10.755316359067));
#5912=CARTESIAN_POINT('Ctrl Pts',(20.4031073849204,-13.1157129095176,21.7878289701023));
#5913=CARTESIAN_POINT('Ctrl Pts',(31.4356199959558,-13.1157129337678,21.7878289383936));
#5914=CARTESIAN_POINT('Ctrl Pts',(42.4681326069911,-13.1157129580181,21.7878289066848));
#5915=CARTESIAN_POINT('Ctrl Pts',(42.4681325752824,-13.1157127030344,10.7553162956495));
#5916=CARTESIAN_POINT('Ctrl Pts',(42.4681325435736,-13.1157124480506,-0.277196315385859));
#5917=CARTESIAN_POINT('Ctrl Pts',(31.4356199325383,-13.1157124238003,-0.277196283677121));
#5918=CARTESIAN_POINT('Ctrl Pts',(20.4031073215029,-13.1157123995501,-0.277196251968379));
#5919=CARTESIAN_POINT('Ctrl Pts',(20.4031073532117,-13.1157126545338,10.755316359067));
#5920=CARTESIAN_POINT('Ctrl Pts',(20.4031073520906,-13.6808506657979,10.7553163471819));
#5921=CARTESIAN_POINT('Ctrl Pts',(20.4031073837993,-13.6808509207817,21.7878289582172));
#5922=CARTESIAN_POINT('Ctrl Pts',(31.4356199948347,-13.6808509450319,21.7878289265085));
#5923=CARTESIAN_POINT('Ctrl Pts',(42.46813260587,-13.6808509692822,21.7878288947997));
#5924=CARTESIAN_POINT('Ctrl Pts',(42.4681325741613,-13.6808507142984,10.7553162837644));
#5925=CARTESIAN_POINT('Ctrl Pts',(42.4681325424525,-13.6808504593147,-0.277196327270971));
#5926=CARTESIAN_POINT('Ctrl Pts',(31.4356199314172,-13.6808504350644,-0.277196295562233));
#5927=CARTESIAN_POINT('Ctrl Pts',(20.4031073203818,-13.6808504108141,-0.277196263853492));
#5928=CARTESIAN_POINT('Ctrl Pts',(20.4031073520906,-13.6808506657979,10.7553163471819));
#5929=CARTESIAN_POINT('Ctrl Pts',(19.8662262413897,-13.6808506646178,10.7553163487249));
#5930=CARTESIAN_POINT('Ctrl Pts',(19.8662262746415,-13.68085093201,22.3247100704611));
#5931=CARTESIAN_POINT('Ctrl Pts',(31.4356199963777,-13.6808509574403,22.3247100372093));
#5932=CARTESIAN_POINT('Ctrl Pts',(43.0050137181139,-13.6808509828707,22.3247100039575));
#5933=CARTESIAN_POINT('Ctrl Pts',(43.0050136848621,-13.6808507154785,10.7553162822213));
#5934=CARTESIAN_POINT('Ctrl Pts',(43.0050136516103,-13.6808504480864,-0.814077439514904));
#5935=CARTESIAN_POINT('Ctrl Pts',(31.4356199298741,-13.680850422656,-0.814077406263106));
#5936=CARTESIAN_POINT('Ctrl Pts',(19.8662262081379,-13.6808503972256,-0.814077373011304));
#5937=CARTESIAN_POINT('Ctrl Pts',(19.8662262413897,-13.6808506646178,10.7553163487249));
#5938=CARTESIAN_POINT('Ctrl Pts',(19.3293451306888,-13.6808506634377,10.755316350268));
#5939=CARTESIAN_POINT('Ctrl Pts',(19.3293451654837,-13.6808509432383,22.8615911827051));
#5940=CARTESIAN_POINT('Ctrl Pts',(31.4356199979208,-13.6808509698487,22.8615911479102));
#5941=CARTESIAN_POINT('Ctrl Pts',(43.5418948303579,-13.6808509964592,22.8615911131154));
#5942=CARTESIAN_POINT('Ctrl Pts',(43.541894795563,-13.6808507166586,10.7553162806783));
#5943=CARTESIAN_POINT('Ctrl Pts',(43.5418947607682,-13.680850436858,-1.35095855175884));
#5944=CARTESIAN_POINT('Ctrl Pts',(31.4356199283311,-13.6808504102476,-1.35095851696398));
#5945=CARTESIAN_POINT('Ctrl Pts',(19.329345095894,-13.6808503836371,-1.35095848216912));
#5946=CARTESIAN_POINT('Ctrl Pts',(19.3293451306888,-13.6808506634377,10.755316350268));
#5947=CARTESIAN_POINT('Ctrl Pts',(19.3293451318099,-13.1157126521736,10.7553163621531));
#5948=CARTESIAN_POINT('Ctrl Pts',(19.3293451666048,-13.1157129319742,22.8615911945902));
#5949=CARTESIAN_POINT('Ctrl Pts',(31.4356199990419,-13.1157129585847,22.8615911597953));
#5950=CARTESIAN_POINT('Ctrl Pts',(43.541894831479,-13.1157129851951,22.8615911250005));
#5951=CARTESIAN_POINT('Ctrl Pts',(43.5418947966841,-13.1157127053946,10.7553162925634));
#5952=CARTESIAN_POINT('Ctrl Pts',(43.5418947618893,-13.115712425594,-1.35095853987373));
#5953=CARTESIAN_POINT('Ctrl Pts',(31.4356199294522,-13.1157123989835,-1.35095850507887));
#5954=CARTESIAN_POINT('Ctrl Pts',(19.3293450970151,-13.115712372373,-1.350958470284));
#5955=CARTESIAN_POINT('Ctrl Pts',(19.3293451318099,-13.1157126521736,10.7553163621531));
#5956=CARTESIAN_POINT('Ctrl Pts',(19.329345132931,-12.5505746409095,10.7553163740382));
#5957=CARTESIAN_POINT('Ctrl Pts',(19.3293451677259,-12.5505749207101,22.8615912064753));
#5958=CARTESIAN_POINT('Ctrl Pts',(31.435620000163,-12.5505749473206,22.8615911716804));
#5959=CARTESIAN_POINT('Ctrl Pts',(43.5418948326001,-12.5505749739311,22.8615911368856));
#5960=CARTESIAN_POINT('Ctrl Pts',(43.5418947978052,-12.5505746941305,10.7553163044485));
#5961=CARTESIAN_POINT('Ctrl Pts',(43.5418947630103,-12.5505744143299,-1.35095852798861));
#5962=CARTESIAN_POINT('Ctrl Pts',(31.4356199305733,-12.5505743877194,-1.35095849319375));
#5963=CARTESIAN_POINT('Ctrl Pts',(19.3293450981362,-12.5505743611089,-1.35095845839889));
#5964=CARTESIAN_POINT('Ctrl Pts',(19.329345132931,-12.5505746409095,10.7553163740382));
#5965=CARTESIAN_POINT('Ctrl Pts',(19.8662262436319,-12.5505746420896,10.7553163724951));
#5966=CARTESIAN_POINT('Ctrl Pts',(19.8662262768837,-12.5505749094818,22.3247100942314));
#5967=CARTESIAN_POINT('Ctrl Pts',(31.4356199986199,-12.5505749349122,22.3247100609796));
#5968=CARTESIAN_POINT('Ctrl Pts',(43.0050137203561,-12.5505749603425,22.3247100277278));
#5969=CARTESIAN_POINT('Ctrl Pts',(43.0050136871044,-12.5505746929504,10.7553163059915));
#5970=CARTESIAN_POINT('Ctrl Pts',(43.0050136538525,-12.5505744255582,-0.81407741574468));
#5971=CARTESIAN_POINT('Ctrl Pts',(31.4356199321163,-12.5505744001278,-0.814077382492882));
#5972=CARTESIAN_POINT('Ctrl Pts',(19.8662262103801,-12.5505743746975,-0.81407734924108));
#5973=CARTESIAN_POINT('Ctrl Pts',(19.8662262436319,-12.5505746420896,10.7553163724951));
#5974=CARTESIAN_POINT('Ctrl Pts',(19.9561596411215,-12.5505746422873,10.7553163722367));
#5975=CARTESIAN_POINT('Ctrl Pts',(19.9561596741148,-12.5505749076009,22.2347766964833));
#5976=CARTESIAN_POINT('Ctrl Pts',(31.4356199983614,-12.5505749328336,22.23477666349));
#5977=CARTESIAN_POINT('Ctrl Pts',(42.9150803226081,-12.5505749580663,22.2347766304966));
#5978=CARTESIAN_POINT('Ctrl Pts',(42.9150802896147,-12.5505746927527,10.75531630625));
#5979=CARTESIAN_POINT('Ctrl Pts',(42.9150802566214,-12.5505744274391,-0.724144017996584));
#5980=CARTESIAN_POINT('Ctrl Pts',(31.4356199323748,-12.5505744022064,-0.724143985003265));
#5981=CARTESIAN_POINT('Ctrl Pts',(19.9561596081282,-12.5505743769737,-0.724143952009943));
#5982=CARTESIAN_POINT('Ctrl Pts',(19.9561596411215,-12.5505746422873,10.7553163722367));
#5983=CARTESIAN_POINT('Ctrl Pts',(20.04118375249,-12.5814244072787,10.7553163713435));
#5984=CARTESIAN_POINT('Ctrl Pts',(20.041183785239,-12.5814246706272,22.1497525841604));
#5985=CARTESIAN_POINT('Ctrl Pts',(31.4356199980559,-12.581424695673,22.1497525514115));
#5986=CARTESIAN_POINT('Ctrl Pts',(42.8300562108728,-12.5814247207188,22.1497525186625));
#5987=CARTESIAN_POINT('Ctrl Pts',(42.8300561781238,-12.5814244573703,10.7553163058456));
#5988=CARTESIAN_POINT('Ctrl Pts',(42.8300561453749,-12.5814241940217,-0.63911990697129));
#5989=CARTESIAN_POINT('Ctrl Pts',(31.435619932558,-12.5814241689759,-0.639119874222341));
#5990=CARTESIAN_POINT('Ctrl Pts',(20.0411837197411,-12.5814241439301,-0.639119841473387));
#5991=CARTESIAN_POINT('Ctrl Pts',(20.04118375249,-12.5814244072787,10.7553163713435));
#5992=CARTESIAN_POINT('',(20.0466087907479,-12.5834270747444,10.7553163712858));
#5993=CARTESIAN_POINT('Ctrl Pts',(20.0466087907479,-12.5834270747444,10.7553163712858));
#5994=CARTESIAN_POINT('Ctrl Pts',(20.403107354002,-12.7172900246873,10.755316367446));
#5995=CARTESIAN_POINT('Ctrl Pts',(20.4031073532117,-13.1157126545338,10.755316359067));
#5996=CARTESIAN_POINT('Ctrl Pts',(20.4031073530306,-13.2069676822572,10.7553163571478));
#5997=CARTESIAN_POINT('Ctrl Pts',(20.3758217169108,-13.2935849020052,10.7553163554047));
#5998=CARTESIAN_POINT('',(39.0928665171456,-12.48280528399,19.185699727028));
#5999=CARTESIAN_POINT('Ctrl Pts',(20.0466087907479,-12.5834270747444,10.7553163712858));
#6000=CARTESIAN_POINT('Ctrl Pts',(20.0453893668442,-12.5829692394763,13.0553134773084));
#6001=CARTESIAN_POINT('Ctrl Pts',(20.761431871962,-12.5825137817454,15.3540485307382));
#6002=CARTESIAN_POINT('Ctrl Pts',(22.0756784928117,-12.5821584758822,17.2498429208764));
#6003=CARTESIAN_POINT('Ctrl Pts',(23.6427320779132,-12.5817348237929,19.5103101334614));
#6004=CARTESIAN_POINT('Ctrl Pts',(26.0404403674658,-12.5814649372412,21.1617262247646));
#6005=CARTESIAN_POINT('Ctrl Pts',(28.712156733983,-12.5814349741942,21.8194601495269));
#6006=CARTESIAN_POINT('Ctrl Pts',(31.2955353323199,-12.5814060018469,22.4554467257688));
#6007=CARTESIAN_POINT('Ctrl Pts',(34.0894787516042,-12.5816025991889,22.1492093323232));
#6008=CARTESIAN_POINT('Ctrl Pts',(36.4695956074727,-12.5819639936445,20.9758131255332));
#6009=CARTESIAN_POINT('Ctrl Pts',(37.4213127493911,-12.5821085013805,20.5066171356344));
#6010=CARTESIAN_POINT('Ctrl Pts',(38.3103250231364,-12.5822785829482,19.9009185976437));
#6011=CARTESIAN_POINT('Ctrl Pts',(39.0946709061212,-12.582463990578,19.1878386573794));
#6012=CARTESIAN_POINT('',(30.9387527533792,-12.582717160688,-0.624754356588763));
#6013=CARTESIAN_POINT('Ctrl Pts',(39.0951251825601,-12.5822616345214,19.1881672753238));
#6014=CARTESIAN_POINT('Ctrl Pts',(41.1367745789491,-12.581868941777,17.3351908290817));
#6015=CARTESIAN_POINT('Ctrl Pts',(42.4679193895571,-12.5815858336808,14.7208716326628));
#6016=CARTESIAN_POINT('Ctrl Pts',(42.7641034047679,-12.5815054243723,11.9774291207342));
#6017=CARTESIAN_POINT('Ctrl Pts',(43.0718261485397,-12.5814218824803,9.1271076523387));
#6018=CARTESIAN_POINT('Ctrl Pts',(42.2525868865631,-12.581561077936,6.17478180221032));
#6019=CARTESIAN_POINT('Ctrl Pts',(40.5312973209793,-12.5818721539555,3.89428050438406));
#6020=CARTESIAN_POINT('Ctrl Pts',(38.9399258115125,-12.5821597508391,1.78590497871703));
#6021=CARTESIAN_POINT('Ctrl Pts',(36.5818451688451,-12.5825893894986,0.254752936419715));
#6022=CARTESIAN_POINT('Ctrl Pts',(34.0069177597772,-12.583035569668,-0.340710770979427));
#6023=CARTESIAN_POINT('Ctrl Pts',(33.0040530631412,-12.583209344796,-0.572627806067718));
#6024=CARTESIAN_POINT('Ctrl Pts',(31.9709599021922,-12.5833853201571,-0.668028600694018));
#6025=CARTESIAN_POINT('Ctrl Pts',(30.9388520911548,-12.5835574936663,-0.622507707517813));
#6026=CARTESIAN_POINT('',(20.0893722416413,-12.57007455778,9.76265122455771));
#6027=CARTESIAN_POINT('Ctrl Pts',(30.9387532375005,-12.5827212792725,-0.624743267466959));
#6028=CARTESIAN_POINT('Ctrl Pts',(28.077335234758,-12.5827176873476,-0.499820086939445));
#6029=CARTESIAN_POINT('Ctrl Pts',(25.2804402417347,-12.5827156313461,0.749795774458031));
#6030=CARTESIAN_POINT('Ctrl Pts',(23.2768173998178,-12.5827156573466,2.80629609130925));
#6031=CARTESIAN_POINT('Ctrl Pts',(21.4560147663675,-12.5827156809748,4.67515140393478));
#6032=CARTESIAN_POINT('Ctrl Pts',(20.3146826802366,-12.582717406608,7.17214449185048));
#6033=CARTESIAN_POINT('Ctrl Pts',(20.0880614317131,-12.5827204523596,9.76253612475018));
#6034=CARTESIAN_POINT('Ctrl Pts',(20.0904707278746,-12.5836248183184,9.76275023913214));
#6035=CARTESIAN_POINT('Ctrl Pts',(20.0614085206514,-12.5835589920974,10.0929296844252));
#6036=CARTESIAN_POINT('Ctrl Pts',(20.0467844491799,-12.5834930260719,10.4240009985084));
#6037=CARTESIAN_POINT('Ctrl Pts',(20.0466087907479,-12.5834270747444,10.7553163712858));
#6038=CARTESIAN_POINT('Ctrl Pts',(42.0859355097554,-8.05345532675043,10.7553169085585));
#6039=CARTESIAN_POINT('Ctrl Pts',(42.0859354960819,-8.05345586629411,21.4056323935921));
#6040=CARTESIAN_POINT('Ctrl Pts',(31.4356200110483,-8.05345587675135,21.4056323799186));
#6041=CARTESIAN_POINT('Ctrl Pts',(20.7853045260146,-8.05345588720858,21.4056323662451));
#6042=CARTESIAN_POINT('Ctrl Pts',(20.7853045396881,-8.0534553476649,10.7553168812115));
#6043=CARTESIAN_POINT('Ctrl Pts',(20.7853045533616,-8.05345480812123,0.105001396177874));
#6044=CARTESIAN_POINT('Ctrl Pts',(31.4356200383953,-8.05345479766399,0.105001409851376));
#6045=CARTESIAN_POINT('Ctrl Pts',(42.0859355234289,-8.05345478720675,0.105001423524883));
#6046=CARTESIAN_POINT('Ctrl Pts',(42.0859355097554,-8.05345532675043,10.7553169085585));
#6047=CARTESIAN_POINT('Ctrl Pts',(42.0859355087974,-6.97240942544399,10.7553169581703));
#6048=CARTESIAN_POINT('Ctrl Pts',(42.0859354951239,-6.97240996498766,21.4056324432039));
#6049=CARTESIAN_POINT('Ctrl Pts',(31.4356200100903,-6.9724099754449,21.4056324295304));
#6050=CARTESIAN_POINT('Ctrl Pts',(20.7853045250567,-6.97240998590213,21.4056324158569));
#6051=CARTESIAN_POINT('Ctrl Pts',(20.7853045387302,-6.97240944635846,10.7553169308233));
#6052=CARTESIAN_POINT('Ctrl Pts',(20.7853045524037,-6.97240890681478,0.105001445789658));
#6053=CARTESIAN_POINT('Ctrl Pts',(31.4356200374373,-6.97240889635754,0.10500145946316));
#6054=CARTESIAN_POINT('Ctrl Pts',(42.0859355224709,-6.97240888590031,0.105001473136666));
#6055=CARTESIAN_POINT('Ctrl Pts',(42.0859355087974,-6.97240942544399,10.7553169581703));
#6056=CARTESIAN_POINT('Ctrl Pts',(43.1129291150386,-6.97240942443561,10.7553169594888));
#6057=CARTESIAN_POINT('Ctrl Pts',(43.1129291000466,-6.97241001600666,22.4326260507636));
#6058=CARTESIAN_POINT('Ctrl Pts',(31.4356200087718,-6.97241002747227,22.4326260357715));
#6059=CARTESIAN_POINT('Ctrl Pts',(19.758310917497,-6.97241003893788,22.4326260207795));
#6060=CARTESIAN_POINT('Ctrl Pts',(19.758310932489,-6.97240944736683,10.7553169295048));
#6061=CARTESIAN_POINT('Ctrl Pts',(19.7583109474811,-6.97240885579578,-0.92199216176998));
#6062=CARTESIAN_POINT('Ctrl Pts',(31.4356200387558,-6.97240884433017,-0.921992146777964));
#6063=CARTESIAN_POINT('Ctrl Pts',(43.1129291300306,-6.97240883286456,-0.921992131785943));
#6064=CARTESIAN_POINT('Ctrl Pts',(43.1129291150386,-6.97240942443561,10.7553169594888));
#6065=CARTESIAN_POINT('Ctrl Pts',(44.1399227212797,-6.97240942342724,10.7553169608073));
#6066=CARTESIAN_POINT('Ctrl Pts',(44.1399227049692,-6.97241006702565,23.4596196583232));
#6067=CARTESIAN_POINT('Ctrl Pts',(31.4356200074533,-6.97241007949964,23.4596196420127));
#6068=CARTESIAN_POINT('Ctrl Pts',(18.7313173099374,-6.97241009197363,23.4596196257021));
#6069=CARTESIAN_POINT('Ctrl Pts',(18.7313173262479,-6.97240944837521,10.7553169281863));
#6070=CARTESIAN_POINT('Ctrl Pts',(18.7313173425584,-6.97240880477679,-1.94898576932962));
#6071=CARTESIAN_POINT('Ctrl Pts',(31.4356200400743,-6.9724087923028,-1.94898575301909));
#6072=CARTESIAN_POINT('Ctrl Pts',(44.1399227375902,-6.97240877982882,-1.94898573670855));
#6073=CARTESIAN_POINT('Ctrl Pts',(44.1399227212797,-6.97240942342724,10.7553169608073));
#6074=CARTESIAN_POINT('Ctrl Pts',(44.1399227222377,-8.05345532473368,10.7553169111955));
#6075=CARTESIAN_POINT('Ctrl Pts',(44.1399227059271,-8.0534559683321,23.4596196087114));
#6076=CARTESIAN_POINT('Ctrl Pts',(31.4356200084112,-8.05345598080609,23.4596195924009));
#6077=CARTESIAN_POINT('Ctrl Pts',(18.7313173108953,-8.05345599328007,23.4596195760904));
#6078=CARTESIAN_POINT('Ctrl Pts',(18.7313173272059,-8.05345534968165,10.7553168785745));
#6079=CARTESIAN_POINT('Ctrl Pts',(18.7313173435164,-8.05345470608323,-1.9489858189414));
#6080=CARTESIAN_POINT('Ctrl Pts',(31.4356200410323,-8.05345469360925,-1.94898580263087));
#6081=CARTESIAN_POINT('Ctrl Pts',(44.1399227385482,-8.05345468113526,-1.94898578632034));
#6082=CARTESIAN_POINT('Ctrl Pts',(44.1399227222377,-8.05345532473368,10.7553169111955));
#6083=CARTESIAN_POINT('Ctrl Pts',(44.1399227231956,-9.13450122604013,10.7553168615838));
#6084=CARTESIAN_POINT('Ctrl Pts',(44.1399227068851,-9.13450186963855,23.4596195590996));
#6085=CARTESIAN_POINT('Ctrl Pts',(31.4356200093692,-9.13450188211253,23.4596195427891));
#6086=CARTESIAN_POINT('Ctrl Pts',(18.7313173118533,-9.13450189458652,23.4596195264786));
#6087=CARTESIAN_POINT('Ctrl Pts',(18.7313173281638,-9.1345012509881,10.7553168289627));
#6088=CARTESIAN_POINT('Ctrl Pts',(18.7313173444744,-9.13450060738968,-1.94898586855319));
#6089=CARTESIAN_POINT('Ctrl Pts',(31.4356200419903,-9.1345005949157,-1.94898585224266));
#6090=CARTESIAN_POINT('Ctrl Pts',(44.1399227395061,-9.13450058244171,-1.94898583593212));
#6091=CARTESIAN_POINT('Ctrl Pts',(44.1399227231956,-9.13450122604013,10.7553168615838));
#6092=CARTESIAN_POINT('Ctrl Pts',(43.1129291169545,-9.1345012270485,10.7553168602652));
#6093=CARTESIAN_POINT('Ctrl Pts',(43.1129291019625,-9.13450181861955,22.43262595154));
#6094=CARTESIAN_POINT('Ctrl Pts',(31.4356200106877,-9.13450183008516,22.432625936548));
#6095=CARTESIAN_POINT('Ctrl Pts',(19.7583109194129,-9.13450184155078,22.432625921556));
#6096=CARTESIAN_POINT('Ctrl Pts',(19.7583109344049,-9.13450124997973,10.7553168302812));
#6097=CARTESIAN_POINT('Ctrl Pts',(19.758310949397,-9.13450065840868,-0.921992260993547));
#6098=CARTESIAN_POINT('Ctrl Pts',(31.4356200406717,-9.13450064694307,-0.92199224600153));
#6099=CARTESIAN_POINT('Ctrl Pts',(43.1129291319465,-9.13450063547745,-0.92199223100951));
#6100=CARTESIAN_POINT('Ctrl Pts',(43.1129291169545,-9.1345012270485,10.7553168602652));
#6101=CARTESIAN_POINT('Ctrl Pts',(42.0859355107134,-9.13450122805688,10.7553168589467));
#6102=CARTESIAN_POINT('Ctrl Pts',(42.0859354970399,-9.13450176760056,21.4056323439804));
#6103=CARTESIAN_POINT('Ctrl Pts',(31.4356200120062,-9.13450177805779,21.4056323303069));
#6104=CARTESIAN_POINT('Ctrl Pts',(20.7853045269726,-9.13450178851503,21.4056323166334));
#6105=CARTESIAN_POINT('Ctrl Pts',(20.7853045406461,-9.13450124897135,10.7553168315997));
#6106=CARTESIAN_POINT('Ctrl Pts',(20.7853045543196,-9.13450070942767,0.105001346566091));
#6107=CARTESIAN_POINT('Ctrl Pts',(31.4356200393532,-9.13450069897044,0.105001360239593));
#6108=CARTESIAN_POINT('Ctrl Pts',(42.0859355243869,-9.1345006885132,0.105001373913099));
#6109=CARTESIAN_POINT('Ctrl Pts',(42.0859355107134,-9.13450122805688,10.7553168589467));
#6110=CARTESIAN_POINT('Ctrl Pts',(42.0859355097554,-8.05345532675043,10.7553169085585));
#6111=CARTESIAN_POINT('Ctrl Pts',(42.0859354960819,-8.05345586629411,21.4056323935921));
#6112=CARTESIAN_POINT('Ctrl Pts',(31.4356200110483,-8.05345587675135,21.4056323799186));
#6113=CARTESIAN_POINT('Ctrl Pts',(20.7853045260146,-8.05345588720858,21.4056323662451));
#6114=CARTESIAN_POINT('Ctrl Pts',(20.7853045396881,-8.0534553476649,10.7553168812115));
#6115=CARTESIAN_POINT('Ctrl Pts',(20.7853045533616,-8.05345480812123,0.105001396177874));
#6116=CARTESIAN_POINT('Ctrl Pts',(31.4356200383953,-8.05345479766399,0.105001409851376));
#6117=CARTESIAN_POINT('Ctrl Pts',(42.0859355234289,-8.05345478720675,0.105001423524883));
#6118=CARTESIAN_POINT('Ctrl Pts',(42.0859355097554,-8.05345532675043,10.7553169085585));
#6119=CARTESIAN_POINT('',(42.6602184700269,-9.02380177458786,10.7553168647643));
#6120=CARTESIAN_POINT('Ctrl Pts',(42.6602184700269,-9.02380177458786,10.7553168647643));
#6121=CARTESIAN_POINT('Ctrl Pts',(42.4450092510865,-8.91254984623831,10.7553168695936));
#6122=CARTESIAN_POINT('Ctrl Pts',(42.298844263911,-8.71249157404837,10.7553168785871));
#6123=CARTESIAN_POINT('',(42.6511814521629,-9.04326793753499,11.2399503743974));
#6124=CARTESIAN_POINT('Ctrl Pts',(42.6602184700269,-9.02380177458786,10.7553168647643));
#6125=CARTESIAN_POINT('Ctrl Pts',(42.6602192703942,-9.02380219664618,10.9172342836342));
#6126=CARTESIAN_POINT('Ctrl Pts',(42.6567156119988,-9.02380262905854,11.0793091272889));
#6127=CARTESIAN_POINT('Ctrl Pts',(42.649692675465,-9.02380307140058,11.2413622068595));
#6128=CARTESIAN_POINT('',(42.6186922185179,-9.04237762847677,11.733715059668));
#6129=CARTESIAN_POINT('Ctrl Pts',(42.6978860522775,-9.04713077856689,11.2434512346985));
#6130=CARTESIAN_POINT('Ctrl Pts',(42.6907780355654,-9.04714916726986,11.4083889638367));
#6131=CARTESIAN_POINT('Ctrl Pts',(42.6800470960702,-9.04717164457619,11.5732906479453));
#6132=CARTESIAN_POINT('Ctrl Pts',(42.6657140206226,-9.04719816094813,11.737797352498));
#6133=CARTESIAN_POINT('',(30.9509706286012,-9.04320973838954,21.9708722624506));
#6134=CARTESIAN_POINT('Ctrl Pts',(42.6175139501807,-9.02380649150464,11.733611890439));
#6135=CARTESIAN_POINT('Ctrl Pts',(42.3931471925563,-9.02379624510607,14.2978894015131));
#6136=CARTESIAN_POINT('Ctrl Pts',(41.2604551885261,-9.02378985435207,16.7624187572507));
#6137=CARTESIAN_POINT('Ctrl Pts',(39.4615119184396,-9.02378867295823,18.6023598111234));
#6138=CARTESIAN_POINT('Ctrl Pts',(37.6624395955948,-9.02378749147963,20.4424328588571));
#6139=CARTESIAN_POINT('Ctrl Pts',(35.2149315366097,-9.02379156448019,21.6319443359209));
#6140=CARTESIAN_POINT('Ctrl Pts',(32.6626217137382,-9.02379996445966,21.9126450931459));
#6141=CARTESIAN_POINT('Ctrl Pts',(32.0952473501523,-9.02380183176157,21.9750444194587));
#6142=CARTESIAN_POINT('Ctrl Pts',(31.5220146750193,-9.02380390825547,21.994201984884));
#6143=CARTESIAN_POINT('Ctrl Pts',(30.9495551133898,-9.02380617216183,21.9693935819795));
#6144=CARTESIAN_POINT('',(30.4572337707599,-9.04221335322931,21.938375650617));
#6145=CARTESIAN_POINT('Ctrl Pts',(30.9474407537802,-9.04705267104037,22.0174063949587));
#6146=CARTESIAN_POINT('Ctrl Pts',(30.7825108462463,-9.04702469762762,22.0101951077107));
#6147=CARTESIAN_POINT('Ctrl Pts',(30.6176587816816,-9.04700106280724,21.9993647602785));
#6148=CARTESIAN_POINT('Ctrl Pts',(30.453148174409,-9.04698181249717,21.9849290264474));
#6149=CARTESIAN_POINT('',(20.2201770263607,-9.04098975129767,10.275050783096));
#6150=CARTESIAN_POINT('Ctrl Pts',(30.4573231594242,-9.02380710068213,21.9372107711707));
#6151=CARTESIAN_POINT('Ctrl Pts',(27.8829672286111,-9.02379603442086,21.7119605179681));
#6152=CARTESIAN_POINT('Ctrl Pts',(25.4084232790827,-9.02378918611368,20.5709935108643));
#6153=CARTESIAN_POINT('Ctrl Pts',(23.5651751941161,-9.02378802606652,18.7582596183668));
#6154=CARTESIAN_POINT('Ctrl Pts',(21.7293504238107,-9.02378687069123,16.9528261506958));
#6155=CARTESIAN_POINT('Ctrl Pts',(20.5478535003051,-9.02379139889198,14.502930946275));
#6156=CARTESIAN_POINT('Ctrl Pts',(20.274681380371,-9.02380058437523,11.9490519674134));
#6157=CARTESIAN_POINT('Ctrl Pts',(20.215369487185,-9.02380257875299,11.3945466348757));
#6158=CARTESIAN_POINT('Ctrl Pts',(20.1973550866865,-9.02380478971689,10.8341397603078));
#6159=CARTESIAN_POINT('Ctrl Pts',(20.2212872342717,-9.02380719050734,10.2751235747119));
#6160=CARTESIAN_POINT('',(23.8523756863207,-9.02404903442289,2.47965494790155));
#6161=CARTESIAN_POINT('Ctrl Pts',(20.2212906333527,-9.02380580078018,10.2751070353806));
#6162=CARTESIAN_POINT('Ctrl Pts',(20.3341455426892,-9.02378472848338,7.64055557386827));
#6163=CARTESIAN_POINT('Ctrl Pts',(21.4125732320071,-9.02378244213044,5.05189133987348));
#6164=CARTESIAN_POINT('Ctrl Pts',(23.2136742286217,-9.02379964539122,3.11390722453186));
#6165=CARTESIAN_POINT('Ctrl Pts',(23.4178887623471,-9.0238015959514,2.89417244939951));
#6166=CARTESIAN_POINT('Ctrl Pts',(23.6312000901093,-9.02380378966689,2.68235275935606));
#6167=CARTESIAN_POINT('Ctrl Pts',(23.8523863469959,-9.02380621419526,2.47966657871971));
#6168=CARTESIAN_POINT('',(32.4140847398854,-9.02380353274691,-0.426557659597835));
#6169=CARTESIAN_POINT('Ctrl Pts',(23.8523866131767,-9.02380626070351,2.47966621278085));
#6170=CARTESIAN_POINT('Ctrl Pts',(25.913658804196,-9.02378404053842,0.590917101322022));
#6171=CARTESIAN_POINT('Ctrl Pts',(28.7092634280643,-9.02378106569727,-0.488357597120271));
#6172=CARTESIAN_POINT('Ctrl Pts',(31.5132116941989,-9.02379826551893,-0.469007699687949));
#6173=CARTESIAN_POINT('Ctrl Pts',(31.8136930401034,-9.0238001087147,-0.46693409394643));
#6174=CARTESIAN_POINT('Ctrl Pts',(32.114226712005,-9.02380217342786,-0.452793958880627));
#6175=CARTESIAN_POINT('Ctrl Pts',(32.414084895524,-9.02380445590486,-0.426559438606167));
#6176=CARTESIAN_POINT('Ctrl Pts',(32.414084428521,-9.02380168643098,-0.426554101588779));
#6177=CARTESIAN_POINT('Ctrl Pts',(34.9474628506471,-9.02379507942329,-0.204859157559993));
#6178=CARTESIAN_POINT('Ctrl Pts',(37.397365489343,-9.02379103690424,0.909456060782379));
#6179=CARTESIAN_POINT('Ctrl Pts',(39.2307041946768,-9.02379044992821,2.67894397126994));
#6180=CARTESIAN_POINT('Ctrl Pts',(41.1030660762544,-9.02378985045821,4.48609597426338));
#6181=CARTESIAN_POINT('Ctrl Pts',(42.3120771446174,-9.02379286313083,6.95762877736622));
#6182=CARTESIAN_POINT('Ctrl Pts',(42.5938139966991,-9.02379878525529,9.53622275796987));
#6183=CARTESIAN_POINT('Ctrl Pts',(42.6379905112539,-9.02379971384811,9.94054790632521));
#6184=CARTESIAN_POINT('Ctrl Pts',(42.6602164542428,-9.02380071160294,10.3475159330546));
#6185=CARTESIAN_POINT('Ctrl Pts',(42.6602184700269,-9.02380177458786,10.7553168647643));
#6186=CARTESIAN_POINT('Ctrl Pts',(42.374463758087,-18.0540247051038,10.7553163088909));
#6187=CARTESIAN_POINT('Ctrl Pts',(42.3744638031059,-18.0540248330036,21.694160084284));
#6188=CARTESIAN_POINT('Ctrl Pts',(31.4356200277129,-18.0540247985739,21.6941601293029));
#6189=CARTESIAN_POINT('Ctrl Pts',(20.4967762523198,-18.0540247641443,21.6941601743218));
#6190=CARTESIAN_POINT('Ctrl Pts',(20.4967762073009,-18.0540246362445,10.7553163989287));
#6191=CARTESIAN_POINT('Ctrl Pts',(20.496776162282,-18.0540245083448,-0.183527376464302));
#6192=CARTESIAN_POINT('Ctrl Pts',(31.435619937675,-18.0540245427744,-0.183527421483209));
#6193=CARTESIAN_POINT('Ctrl Pts',(42.3744637130681,-18.0540245772041,-0.183527466502111));
#6194=CARTESIAN_POINT('Ctrl Pts',(42.374463758087,-18.0540247051038,10.7553163088909));
#6195=CARTESIAN_POINT('Ctrl Pts',(42.2467810211798,-17.9166966276721,10.7553163108891));
#6196=CARTESIAN_POINT('Ctrl Pts',(42.2467810656732,-17.916696754079,21.5664773489849));
#6197=CARTESIAN_POINT('Ctrl Pts',(31.4356200275775,-17.9166967200512,21.5664773934783));
#6198=CARTESIAN_POINT('Ctrl Pts',(20.6244589894818,-17.9166966860235,21.5664774379717));
#6199=CARTESIAN_POINT('Ctrl Pts',(20.6244589449883,-17.9166965596166,10.755316399876));
#6200=CARTESIAN_POINT('Ctrl Pts',(20.6244589004949,-17.9166964332097,-0.0558446382197232));
#6201=CARTESIAN_POINT('Ctrl Pts',(31.4356199385906,-17.9166964672375,-0.0558446827131508));
#6202=CARTESIAN_POINT('Ctrl Pts',(42.2467809766863,-17.9166965012653,-0.0558447272065741));
#6203=CARTESIAN_POINT('Ctrl Pts',(42.2467810211798,-17.9166966276721,10.7553163108891));
#6204=CARTESIAN_POINT('Ctrl Pts',(42.2467810217256,-17.7245426913084,10.7553163129498));
#6205=CARTESIAN_POINT('Ctrl Pts',(42.246781066219,-17.7245428177152,21.5664773510455));
#6206=CARTESIAN_POINT('Ctrl Pts',(31.4356200281233,-17.7245427836875,21.566477395539));
#6207=CARTESIAN_POINT('Ctrl Pts',(20.6244589900276,-17.7245427496597,21.5664774400324));
#6208=CARTESIAN_POINT('Ctrl Pts',(20.6244589455342,-17.7245426232528,10.7553164019367));
#6209=CARTESIAN_POINT('Ctrl Pts',(20.6244589010407,-17.724542496846,-0.0558446361590422));
#6210=CARTESIAN_POINT('Ctrl Pts',(31.4356199391364,-17.7245425308737,-0.0558446806524698));
#6211=CARTESIAN_POINT('Ctrl Pts',(42.2467809772322,-17.7245425649015,-0.0558447251458931));
#6212=CARTESIAN_POINT('Ctrl Pts',(42.2467810217256,-17.7245426913084,10.7553163129498));
#6213=CARTESIAN_POINT('Ctrl Pts',(42.2467810230637,-17.2534868241174,10.7553163180015));
#6214=CARTESIAN_POINT('Ctrl Pts',(42.2467810675571,-17.2534869505243,21.5664773560972));
#6215=CARTESIAN_POINT('Ctrl Pts',(31.4356200294614,-17.2534869164965,21.5664774005906));
#6216=CARTESIAN_POINT('Ctrl Pts',(20.6244589913657,-17.2534868824688,21.566477445084));
#6217=CARTESIAN_POINT('Ctrl Pts',(20.6244589468722,-17.2534867560619,10.7553164069883));
#6218=CARTESIAN_POINT('Ctrl Pts',(20.6244589023788,-17.2534866296551,-0.0558446311073847));
#6219=CARTESIAN_POINT('Ctrl Pts',(31.4356199404745,-17.2534866636828,-0.0558446756008123));
#6220=CARTESIAN_POINT('Ctrl Pts',(42.2467809785702,-17.2534866977106,-0.0558447200942357));
#6221=CARTESIAN_POINT('Ctrl Pts',(42.2467810230637,-17.2534868241174,10.7553163180015));
#6222=CARTESIAN_POINT('Ctrl Pts',(42.694284096895,-17.2534868255259,10.7553163161598));
#6223=CARTESIAN_POINT('Ctrl Pts',(42.6942841432302,-17.2534869571651,22.0139804280869));
#6224=CARTESIAN_POINT('Ctrl Pts',(31.4356200313031,-17.2534869217289,22.013980474422));
#6225=CARTESIAN_POINT('Ctrl Pts',(20.176955919376,-17.2534868862926,22.0139805207571));
#6226=CARTESIAN_POINT('Ctrl Pts',(20.1769558730409,-17.2534867546534,10.75531640883));
#6227=CARTESIAN_POINT('Ctrl Pts',(20.1769558267057,-17.2534866230142,-0.50334770309705));
#6228=CARTESIAN_POINT('Ctrl Pts',(31.4356199386328,-17.2534866584505,-0.503347749432179));
#6229=CARTESIAN_POINT('Ctrl Pts',(42.6942840505599,-17.2534866938868,-0.503347795767305));
#6230=CARTESIAN_POINT('Ctrl Pts',(42.694284096895,-17.2534868255259,10.7553163161598));
#6231=CARTESIAN_POINT('Ctrl Pts',(43.1417871707264,-17.2534868269344,10.7553163143181));
#6232=CARTESIAN_POINT('Ctrl Pts',(43.1417872189032,-17.2534869638059,22.4614835000765));
#6233=CARTESIAN_POINT('Ctrl Pts',(31.4356200331448,-17.2534869269612,22.4614835482534));
#6234=CARTESIAN_POINT('Ctrl Pts',(19.7294528473863,-17.2534868901164,22.4614835964302));
#6235=CARTESIAN_POINT('Ctrl Pts',(19.7294527992095,-17.2534867532449,10.7553164106717));
#6236=CARTESIAN_POINT('Ctrl Pts',(19.7294527510327,-17.2534866163734,-0.950850775086715));
#6237=CARTESIAN_POINT('Ctrl Pts',(31.4356199367911,-17.2534866532182,-0.950850823263546));
#6238=CARTESIAN_POINT('Ctrl Pts',(43.1417871225496,-17.2534866900629,-0.950850871440374));
#6239=CARTESIAN_POINT('Ctrl Pts',(43.1417871707264,-17.2534868269344,10.7553163143181));
#6240=CARTESIAN_POINT('Ctrl Pts',(43.1417871693883,-17.7245426941254,10.7553163092664));
#6241=CARTESIAN_POINT('Ctrl Pts',(43.1417872175652,-17.7245428309969,22.4614834950249));
#6242=CARTESIAN_POINT('Ctrl Pts',(31.4356200318067,-17.7245427941521,22.4614835432017));
#6243=CARTESIAN_POINT('Ctrl Pts',(19.7294528460483,-17.7245427573073,22.4614835913785));
#6244=CARTESIAN_POINT('Ctrl Pts',(19.7294527978714,-17.7245426204358,10.7553164056201));
#6245=CARTESIAN_POINT('Ctrl Pts',(19.7294527496946,-17.7245424835643,-0.950850780138372));
#6246=CARTESIAN_POINT('Ctrl Pts',(31.435619935453,-17.7245425204091,-0.950850828315204));
#6247=CARTESIAN_POINT('Ctrl Pts',(43.1417871212115,-17.7245425572538,-0.950850876492031));
#6248=CARTESIAN_POINT('Ctrl Pts',(43.1417871693883,-17.7245426941254,10.7553163092664));
#6249=CARTESIAN_POINT('Ctrl Pts',(43.1417871680503,-18.1955985613163,10.7553163042148));
#6250=CARTESIAN_POINT('Ctrl Pts',(43.1417872162271,-18.1955986981878,22.4614834899732));
#6251=CARTESIAN_POINT('Ctrl Pts',(31.4356200304686,-18.195598661343,22.46148353815));
#6252=CARTESIAN_POINT('Ctrl Pts',(19.7294528447102,-18.1955986244982,22.4614835863269));
#6253=CARTESIAN_POINT('Ctrl Pts',(19.7294527965334,-18.1955984876267,10.7553164005684));
#6254=CARTESIAN_POINT('Ctrl Pts',(19.7294527483565,-18.1955983507552,-0.95085078519003));
#6255=CARTESIAN_POINT('Ctrl Pts',(31.435619934115,-18.1955983876,-0.950850833366861));
#6256=CARTESIAN_POINT('Ctrl Pts',(43.1417871198734,-18.1955984244448,-0.950850881543689));
#6257=CARTESIAN_POINT('Ctrl Pts',(43.1417871680503,-18.1955985613163,10.7553163042148));
#6258=CARTESIAN_POINT('Ctrl Pts',(42.6942840942189,-18.1955985599078,10.7553163060565));
#6259=CARTESIAN_POINT('Ctrl Pts',(42.694284140554,-18.1955986915469,22.0139804179835));
#6260=CARTESIAN_POINT('Ctrl Pts',(31.4356200286269,-18.1955986561107,22.0139804643187));
#6261=CARTESIAN_POINT('Ctrl Pts',(20.1769559166998,-18.1955986206744,22.0139805106538));
#6262=CARTESIAN_POINT('Ctrl Pts',(20.1769558703647,-18.1955984890352,10.7553163987267));
#6263=CARTESIAN_POINT('Ctrl Pts',(20.1769558240296,-18.1955983573961,-0.503347713200365));
#6264=CARTESIAN_POINT('Ctrl Pts',(31.4356199359567,-18.1955983928323,-0.503347759535494));
#6265=CARTESIAN_POINT('Ctrl Pts',(42.6942840478837,-18.1955984282686,-0.50334780587062));
#6266=CARTESIAN_POINT('Ctrl Pts',(42.6942840942189,-18.1955985599078,10.7553163060565));
#6267=CARTESIAN_POINT('Ctrl Pts',(42.5060940664574,-18.1955985593154,10.755316306831));
#6268=CARTESIAN_POINT('Ctrl Pts',(42.506094112018,-18.1955986887543,21.8257903909965));
#6269=CARTESIAN_POINT('Ctrl Pts',(31.4356200278524,-18.1955986539103,21.8257904365572));
#6270=CARTESIAN_POINT('Ctrl Pts',(20.3651459436868,-18.1955986190664,21.8257904821178));
#6271=CARTESIAN_POINT('Ctrl Pts',(20.3651458981262,-18.1955984896276,10.7553163979522));
#6272=CARTESIAN_POINT('Ctrl Pts',(20.3651458525656,-18.1955983601888,-0.315157686213366));
#6273=CARTESIAN_POINT('Ctrl Pts',(31.4356199367312,-18.1955983950327,-0.315157731773998));
#6274=CARTESIAN_POINT('Ctrl Pts',(42.5060940208968,-18.1955984298766,-0.315157777334626));
#6275=CARTESIAN_POINT('Ctrl Pts',(42.5060940664574,-18.1955985593154,10.755316306831));
#6276=CARTESIAN_POINT('Ctrl Pts',(42.374463758087,-18.0540247051038,10.7553163088909));
#6277=CARTESIAN_POINT('Ctrl Pts',(42.3744638031059,-18.0540248330036,21.694160084284));
#6278=CARTESIAN_POINT('Ctrl Pts',(31.4356200277129,-18.0540247985739,21.6941601293029));
#6279=CARTESIAN_POINT('Ctrl Pts',(20.4967762523198,-18.0540247641443,21.6941601743218));
#6280=CARTESIAN_POINT('Ctrl Pts',(20.4967762073009,-18.0540246362445,10.7553163989287));
#6281=CARTESIAN_POINT('Ctrl Pts',(20.496776162282,-18.0540245083448,-0.183527376464302));
#6282=CARTESIAN_POINT('Ctrl Pts',(31.435619937675,-18.0540245427744,-0.183527421483209));
#6283=CARTESIAN_POINT('Ctrl Pts',(42.3744637130681,-18.0540245772041,-0.183527466502111));
#6284=CARTESIAN_POINT('Ctrl Pts',(42.374463758087,-18.0540247051038,10.7553163088909));
#6285=CARTESIAN_POINT('',(20.4967753901575,-18.0540221012741,10.7553177551307));
#6286=CARTESIAN_POINT('',(42.3741522792259,-18.0536893628856,10.7553163088958));
#6287=CARTESIAN_POINT('Origin',(31.4354623452507,-18.0538557321027,10.7553180738606));
#6288=CARTESIAN_POINT('Ctrl Pts',(42.3741522792259,-18.0536893628856,10.7553163088958));
#6289=CARTESIAN_POINT('Ctrl Pts',(42.2467810211805,-17.9164231662058,10.7553163108921));
#6290=CARTESIAN_POINT('Ctrl Pts',(42.2467810217256,-17.7245426913084,10.7553163129498));
#6291=CARTESIAN_POINT('Ctrl Pts',(42.2467810224318,-17.4759444963924,10.7553163156158));
#6292=CARTESIAN_POINT('Ctrl Pts',(42.4417523505984,-17.3356573349698,10.7553163163179));
#6293=CARTESIAN_POINT('',(31.4354785221426,-18.0538576386386,21.6940050300836));
#6294=CARTESIAN_POINT('Origin',(31.4354623452507,-18.0538557321027,10.7553180738606));
#6295=CARTESIAN_POINT('Origin',(31.4354623452507,-18.0538557321027,10.7553180738606));
#6296=CARTESIAN_POINT('Origin',(31.4354733020386,-18.2528643216271,10.7553179492022));
#6297=CARTESIAN_POINT('',(23.238769883498,-18.272922892212,18.2713900570199));
#6298=CARTESIAN_POINT('',(22.9162502066324,-18.2730846188794,17.9038917350212));
#6299=CARTESIAN_POINT('Ctrl Pts',(23.2147765141951,-18.2853384523546,18.2933941927824));
#6300=CARTESIAN_POINT('Ctrl Pts',(23.1050164356136,-18.2853482613123,18.1737059708837));
#6301=CARTESIAN_POINT('Ctrl Pts',(22.9970680666842,-18.2854501925761,18.050868455326));
#6302=CARTESIAN_POINT('Ctrl Pts',(22.8912274045829,-18.285647622796,17.9250195768783));
#6303=CARTESIAN_POINT('',(20.8277759468968,-18.2692698369787,7.41393789107421));
#6304=CARTESIAN_POINT('Ctrl Pts',(22.9143944714124,-18.2529960532119,17.9054482122346));
#6305=CARTESIAN_POINT('Ctrl Pts',(21.7146944029039,-18.2530492397748,16.4757727825269));
#6306=CARTESIAN_POINT('Ctrl Pts',(20.8387573569581,-18.2530790612414,14.6364189932943));
#6307=CARTESIAN_POINT('Ctrl Pts',(20.4950019059627,-18.2530776668997,12.7653468703029));
#6308=CARTESIAN_POINT('Ctrl Pts',(20.2346454589234,-18.2530766108412,11.3482182438746));
#6309=CARTESIAN_POINT('Ctrl Pts',(20.2463479489849,-18.2530601729575,9.96527990284778));
#6310=CARTESIAN_POINT('Ctrl Pts',(20.5328691215666,-18.2530274608649,8.54933949130046));
#6311=CARTESIAN_POINT('Ctrl Pts',(20.6100260928106,-18.2530186518615,8.16804245613692));
#6312=CARTESIAN_POINT('Ctrl Pts',(20.7078212024184,-18.2530086642203,7.7880617044344));
#6313=CARTESIAN_POINT('Ctrl Pts',(20.8258629893297,-18.2529975669339,7.41334827346889));
#6314=CARTESIAN_POINT('',(21.1606262000442,-18.2702169353297,6.49923402454437));
#6315=CARTESIAN_POINT('Ctrl Pts',(20.8025142616227,-18.2793545498619,7.40599048031034));
#6316=CARTESIAN_POINT('Ctrl Pts',(20.9000262097353,-18.2794418647218,7.09614924124976));
#6317=CARTESIAN_POINT('Ctrl Pts',(21.0109461241364,-18.2799553524101,6.78977858114523));
#6318=CARTESIAN_POINT('Ctrl Pts',(21.1346977432653,-18.2808959088516,6.488719778558));
#6319=CARTESIAN_POINT('',(29.5042324993697,-18.2530199647683,-0.199405908604046));
#6320=CARTESIAN_POINT('Ctrl Pts',(21.1587161511045,-18.2529991326148,6.49844240807306));
#6321=CARTESIAN_POINT('Ctrl Pts',(21.6379214636112,-18.253032476069,5.34146837679523));
#6322=CARTESIAN_POINT('Ctrl Pts',(22.3202460455209,-18.2530550937751,4.26755989807913));
#6323=CARTESIAN_POINT('Ctrl Pts',(23.1181995047789,-18.2530660316159,3.36900221285196));
#6324=CARTESIAN_POINT('Ctrl Pts',(23.7476506496959,-18.2530746597336,2.66019124502156));
#6325=CARTESIAN_POINT('Ctrl Pts',(24.454805633775,-18.2530767105036,2.03993601329236));
#6326=CARTESIAN_POINT('Ctrl Pts',(25.2668530989393,-18.2530716368701,1.49877482952446));
#6327=CARTESIAN_POINT('Ctrl Pts',(26.5322095347816,-18.2530637309841,0.655521428603703));
#6328=CARTESIAN_POINT('Ctrl Pts',(28.0119311937512,-18.253037365626,0.0636802361655583));
#6329=CARTESIAN_POINT('Ctrl Pts',(29.5042363117014,-18.2529963221705,-0.19938428209031));
#6330=CARTESIAN_POINT('',(38.1888068536306,-18.2866337329823,1.92136344764897));
#6331=CARTESIAN_POINT('Ctrl Pts',(29.5042324993697,-18.2530199647683,-0.199405908604046));
#6332=CARTESIAN_POINT('Ctrl Pts',(30.908063514481,-18.2530444167234,-0.446933631748417));
#6333=CARTESIAN_POINT('Ctrl Pts',(32.2775530779112,-18.2530574646795,-0.428487980357623));
#6334=CARTESIAN_POINT('Ctrl Pts',(33.6796743411209,-18.2530595789223,-0.139694191304456));
#6335=CARTESIAN_POINT('Ctrl Pts',(35.3029374913351,-18.2530620266225,0.194648014381536));
#6336=CARTESIAN_POINT('Ctrl Pts',(36.8901538725105,-18.2530476796746,0.923370752682068));
#6337=CARTESIAN_POINT('Ctrl Pts',(38.1912741421919,-18.2530193991303,1.91804522006152));
#6338=CARTESIAN_POINT('',(42.5155668440296,-18.2665388786899,11.7221348665581));
#6339=CARTESIAN_POINT('Ctrl Pts',(38.1913071391227,-18.2530258883803,1.91806285762863));
#6340=CARTESIAN_POINT('Ctrl Pts',(39.1613968718448,-18.2530380255806,2.65963887494));
#6341=CARTESIAN_POINT('Ctrl Pts',(39.9709570088771,-18.2530462571643,3.51604044083872));
#6342=CARTESIAN_POINT('Ctrl Pts',(40.6604352522923,-18.2530509173916,4.53923485062976));
#6343=CARTESIAN_POINT('Ctrl Pts',(41.6395657082602,-18.2530575353965,5.99227679730542));
#6344=CARTESIAN_POINT('Ctrl Pts',(42.2804975706595,-18.2530555224149,7.7365385797533));
#6345=CARTESIAN_POINT('Ctrl Pts',(42.4828333353955,-18.2530455624788,9.45306462352639));
#6346=CARTESIAN_POINT('Ctrl Pts',(42.5730810005937,-18.2530411200562,10.2186854118463));
#6347=CARTESIAN_POINT('Ctrl Pts',(42.5837466699392,-18.2530353937659,10.9595352849844));
#6348=CARTESIAN_POINT('Ctrl Pts',(42.5172190348053,-18.2530280578322,11.7220545772365));
#6349=CARTESIAN_POINT('',(42.3882011575734,-18.2704792002834,12.6866389003607));
#6350=CARTESIAN_POINT('Ctrl Pts',(42.5374480540254,-18.274891907156,11.7238496613943));
#6351=CARTESIAN_POINT('Ctrl Pts',(42.5114795510136,-18.2770579215623,12.0446632514901));
#6352=CARTESIAN_POINT('Ctrl Pts',(42.4712448747853,-18.2792096920249,12.3679220097506));
#6353=CARTESIAN_POINT('Ctrl Pts',(42.416268979578,-18.2813285760749,12.6911057289411));
#6354=CARTESIAN_POINT('',(34.7834133938001,-18.2731922998444,21.3605517474948));
#6355=CARTESIAN_POINT('Ctrl Pts',(42.39028057638,-18.253008387572,12.6870058617021));
#6356=CARTESIAN_POINT('Ctrl Pts',(42.1059793154944,-18.253038229267,14.2994447770683));
#6357=CARTESIAN_POINT('Ctrl Pts',(41.4346501199849,-18.253057504913,15.896165384511));
#6358=CARTESIAN_POINT('Ctrl Pts',(40.4838391924284,-18.2530632046494,17.2257773429882));
#6359=CARTESIAN_POINT('Ctrl Pts',(39.6772215944886,-18.2530680400036,18.3537496590986));
#6360=CARTESIAN_POINT('Ctrl Pts',(38.7171894135856,-18.2530641344064,19.2794998451339));
#6361=CARTESIAN_POINT('Ctrl Pts',(37.5520601354764,-18.2530511347715,20.0464967379703));
#6362=CARTESIAN_POINT('Ctrl Pts',(36.7034546030146,-18.2530416666701,20.605128143833));
#6363=CARTESIAN_POINT('Ctrl Pts',(35.7621610934108,-18.2530272155645,21.0543036884415));
#6364=CARTESIAN_POINT('Ctrl Pts',(34.7841883376803,-18.2530085495712,21.3630055623767));
#6365=CARTESIAN_POINT('',(34.3140273124589,-18.272773702492,21.4976381149986));
#6366=CARTESIAN_POINT('Ctrl Pts',(34.7931914092269,-18.2857605203334,21.392064707681));
#6367=CARTESIAN_POINT('Ctrl Pts',(34.6370164564175,-18.2854504937719,21.4410605146766));
#6368=CARTESIAN_POINT('Ctrl Pts',(34.4799758590888,-18.2852379441807,21.4866440024346));
#6369=CARTESIAN_POINT('Ctrl Pts',(34.3223382748597,-18.285122175299,21.5287711997502));
#6370=CARTESIAN_POINT('',(31.4354815299399,-18.25305110784,21.8790227805872));
#6371=CARTESIAN_POINT('Ctrl Pts',(34.3146112870778,-18.2530045683807,21.4999571128122));
#6372=CARTESIAN_POINT('Ctrl Pts',(33.356312149653,-18.25302499317,21.7567496665663));
#6373=CARTESIAN_POINT('Ctrl Pts',(32.3816535601675,-18.2530405220438,21.8790249153239));
#6374=CARTESIAN_POINT('Ctrl Pts',(31.4354815299399,-18.25305110784,21.8790227805872));
#6375=CARTESIAN_POINT('',(31.4354815271647,-18.2528661600462,21.8788509947104));
#6376=CARTESIAN_POINT('Ctrl Pts',(31.4354815299399,-18.25305110784,21.8790227805872));
#6377=CARTESIAN_POINT('Ctrl Pts',(31.3865858886838,-18.2530516548856,21.8790226702697));
#6378=CARTESIAN_POINT('Ctrl Pts',(31.338321333025,-18.253052182863,21.8787050226705));
#6379=CARTESIAN_POINT('Ctrl Pts',(31.2895809054468,-18.253052703994,21.8780655466127));
#6380=CARTESIAN_POINT('Ctrl Pts',(29.5454496733188,-18.253071352185,21.8551824858788));
#6381=CARTESIAN_POINT('Ctrl Pts',(27.6751285837786,-18.253074458947,21.3841524388592));
#6382=CARTESIAN_POINT('Ctrl Pts',(26.0659642509023,-18.2530589062025,20.4971734366359));
#6383=CARTESIAN_POINT('Ctrl Pts',(25.1128326207651,-18.2530496940838,19.9718027675163));
#6384=CARTESIAN_POINT('Ctrl Pts',(24.2523520462265,-18.2530343212257,19.3109516498522));
#6385=CARTESIAN_POINT('Ctrl Pts',(23.5276878439566,-18.2530147260844,18.5784019046931));
#6386=CARTESIAN_POINT('Ctrl Pts',(23.429465323164,-18.2530120701174,18.4791105607159));
#6387=CARTESIAN_POINT('Ctrl Pts',(23.3324704112754,-18.2530093059778,18.377317750456));
#6388=CARTESIAN_POINT('Ctrl Pts',(23.2369116961485,-18.253006434254,18.2730998109419));
#6389=CARTESIAN_POINT('Origin',(31.4354998466593,-21.7559548978166,10.7553210513208));
#6390=CARTESIAN_POINT('',(21.039474746969,-21.8897217498141,10.7553177631564));
#6391=CARTESIAN_POINT('',(31.4355019350272,-21.8897215709148,0.359170958693826));
#6392=CARTESIAN_POINT('Origin',(31.4356200137611,-21.8897218157425,10.7553162248154));
#6393=CARTESIAN_POINT('',(31.4355028946929,-21.7559151821112,0.12707729384701));
#6394=CARTESIAN_POINT('',(31.4355028860566,-21.7559571620687,0.127150110409375));
#6395=CARTESIAN_POINT('',(26.5280012934263,-21.7558349938395,1.32782012185071));
#6396=CARTESIAN_POINT('Ctrl Pts',(31.4355028946929,-21.7559151821112,0.127077293847104));
#6397=CARTESIAN_POINT('Ctrl Pts',(30.7488207580886,-21.755915101883,0.127084835265082));
#6398=CARTESIAN_POINT('Ctrl Pts',(30.0595348730916,-21.7559131173884,0.192685422893232));
#6399=CARTESIAN_POINT('Ctrl Pts',(29.363745201976,-21.7559090211767,0.330968869241901));
#6400=CARTESIAN_POINT('Ctrl Pts',(28.3870565238712,-21.755903271273,0.525079075278023));
#6401=CARTESIAN_POINT('Ctrl Pts',(27.4204925424709,-21.7558933361951,0.863334929529123));
#6402=CARTESIAN_POINT('Ctrl Pts',(26.528037133689,-21.7558797324745,1.32788895065783));
#6403=CARTESIAN_POINT('',(23.000949950562,-21.7537703938574,4.28269126227064));
#6404=CARTESIAN_POINT('Ctrl Pts',(26.5280012934263,-21.7558349938395,1.32782012185071));
#6405=CARTESIAN_POINT('Ctrl Pts',(25.5851408411726,-21.7559372025748,1.8188396916515));
#6406=CARTESIAN_POINT('Ctrl Pts',(24.7261231668507,-21.7559669236908,2.4514406173425));
#6407=CARTESIAN_POINT('Ctrl Pts',(24.005963872721,-21.7559327063504,3.15538164481334));
#6408=CARTESIAN_POINT('Ctrl Pts',(23.650871054277,-21.7559158346223,3.50247763524283));
#6409=CARTESIAN_POINT('Ctrl Pts',(23.3161312591147,-21.7558834458761,3.87798955805221));
#6410=CARTESIAN_POINT('Ctrl Pts',(23.0037897500391,-21.7558338138796,4.28486963268029));
#6411=CARTESIAN_POINT('',(21.3023326532252,-21.7577570878628,13.9503141626936));
#6412=CARTESIAN_POINT('Ctrl Pts',(23.000949950562,-21.7537703938574,4.28269126227064));
#6413=CARTESIAN_POINT('Ctrl Pts',(21.8935523473226,-21.751777290371,5.72009546434564));
#6414=CARTESIAN_POINT('Ctrl Pts',(21.1372353751665,-21.7510130553895,7.53320900953288));
#6415=CARTESIAN_POINT('Ctrl Pts',(20.8966258654898,-21.7523116238783,9.33336447278216));
#6416=CARTESIAN_POINT('Ctrl Pts',(20.7321606584713,-21.7531992418931,10.5638351276057));
#6417=CARTESIAN_POINT('Ctrl Pts',(20.7790452856846,-21.7548372552621,11.7646697782721));
#6418=CARTESIAN_POINT('Ctrl Pts',(21.0469166537834,-21.7565679442834,12.9936696081109));
#6419=CARTESIAN_POINT('Ctrl Pts',(21.1168955101577,-21.757020070389,13.3147341667709));
#6420=CARTESIAN_POINT('Ctrl Pts',(21.2022191022806,-21.7574710304275,13.6344469790561));
#6421=CARTESIAN_POINT('Ctrl Pts',(21.3025606171661,-21.7578958188572,13.9502411153874));
#6422=CARTESIAN_POINT('',(28.6856264102159,-21.7576338723478,21.0185353115786));
#6423=CARTESIAN_POINT('Ctrl Pts',(21.2992808624111,-21.7559102704589,13.9512920881514));
#6424=CARTESIAN_POINT('Ctrl Pts',(21.7838370178805,-21.7537880085355,15.5003499955549));
#6425=CARTESIAN_POINT('Ctrl Pts',(22.6530809582543,-21.7523169592304,16.9479003781319));
#6426=CARTESIAN_POINT('Ctrl Pts',(23.7162255689842,-21.7523584306068,18.0697945501681));
#6427=CARTESIAN_POINT('Ctrl Pts',(24.4771672290224,-21.7523881135847,18.8727859824158));
#6428=CARTESIAN_POINT('Ctrl Pts',(25.3837725234068,-21.7531163307518,19.5749112420747));
#6429=CARTESIAN_POINT('Ctrl Pts',(26.4075375949822,-21.7543612342748,20.1220216194358));
#6430=CARTESIAN_POINT('Ctrl Pts',(27.1277208613347,-21.7552369807819,20.5068948189258));
#6431=CARTESIAN_POINT('Ctrl Pts',(27.8978930637485,-21.7563455033699,20.8097764853696));
#6432=CARTESIAN_POINT('Ctrl Pts',(28.6855142049939,-21.7574341446681,21.0188639043053));
#6433=CARTESIAN_POINT('',(38.266773769386,-21.7564114909681,18.8963579477705));
#6434=CARTESIAN_POINT('Ctrl Pts',(28.6856264102159,-21.7576338723478,21.0185353115786));
#6435=CARTESIAN_POINT('Ctrl Pts',(29.7622673580502,-21.7557152335437,21.3104630519378));
#6436=CARTESIAN_POINT('Ctrl Pts',(30.8442686039263,-21.7540616998212,21.4242255206682));
#6437=CARTESIAN_POINT('Ctrl Pts',(31.9144597299671,-21.7530923967792,21.3776660954933));
#6438=CARTESIAN_POINT('Ctrl Pts',(33.6878239607642,-21.7514862095274,21.3005146248796));
#6439=CARTESIAN_POINT('Ctrl Pts',(35.5615145028997,-21.752011557241,20.7286171346324));
#6440=CARTESIAN_POINT('Ctrl Pts',(37.1149268686217,-21.7543509130388,19.7421218258995));
#6441=CARTESIAN_POINT('Ctrl Pts',(37.5217310346014,-21.7549635383179,19.4837806344893));
#6442=CARTESIAN_POINT('Ctrl Pts',(37.9074508895604,-21.7556703598007,19.1995441417062));
#6443=CARTESIAN_POINT('Ctrl Pts',(38.266773769386,-21.7564114909681,18.8963579477705));
#6444=CARTESIAN_POINT('',(42.0240182510525,-21.7526291700492,9.82984576317574));
#6445=CARTESIAN_POINT('Ctrl Pts',(38.2660085480695,-21.7575839775216,18.8943451268571));
#6446=CARTESIAN_POINT('Ctrl Pts',(39.0613750319312,-21.7565996196102,18.2290914108418));
#6447=CARTESIAN_POINT('Ctrl Pts',(39.740538378674,-21.7557212852497,17.472418589641));
#6448=CARTESIAN_POINT('Ctrl Pts',(40.323450561795,-21.7548882394603,16.5865990478084));
#6449=CARTESIAN_POINT('Ctrl Pts',(41.2501594401783,-21.7535638702817,15.17833060218));
#6450=CARTESIAN_POINT('Ctrl Pts',(41.8434227075679,-21.7524448291764,13.4945743969769));
#6451=CARTESIAN_POINT('Ctrl Pts',(42.0149613841251,-21.7516207193436,11.848684523359));
#6452=CARTESIAN_POINT('Ctrl Pts',(42.0859191794883,-21.7512798223631,11.1678542920288));
#6453=CARTESIAN_POINT('Ctrl Pts',(42.0913746697404,-21.7509920748895,10.5084360754254));
#6454=CARTESIAN_POINT('Ctrl Pts',(42.0324454118302,-21.7507362561818,9.82911844541862));
#6455=CARTESIAN_POINT('',(36.3432231049633,-21.7558867906163,1.32791144252915));
#6456=CARTESIAN_POINT('Ctrl Pts',(42.0235434209287,-21.7558874293294,9.82988730257662));
#6457=CARTESIAN_POINT('Ctrl Pts',(41.8664709978003,-21.7559037952394,8.03313431820351));
#6458=CARTESIAN_POINT('Ctrl Pts',(41.2016150291801,-21.7559127441701,6.17723773135186));
#6459=CARTESIAN_POINT('Ctrl Pts',(40.1501335405312,-21.7559119163721,4.6711666522335));
#6460=CARTESIAN_POINT('Ctrl Pts',(39.3655502688521,-21.7559112986946,3.5473825558018));
#6461=CARTESIAN_POINT('Ctrl Pts',(38.4221308655185,-21.7559060210778,2.62865647850088));
#6462=CARTESIAN_POINT('Ctrl Pts',(37.2719477674561,-21.7558957609835,1.8728908305824));
#6463=CARTESIAN_POINT('Ctrl Pts',(36.9734344976862,-21.7558930981254,1.67674286499332));
#6464=CARTESIAN_POINT('Ctrl Pts',(36.6629912514453,-21.7558901017323,1.49437883307461));
#6465=CARTESIAN_POINT('Ctrl Pts',(36.3432231049633,-21.7558867906163,1.32791144252915));
#6466=CARTESIAN_POINT('Ctrl Pts',(36.3432278371018,-21.7558808823898,1.3279023522685));
#6467=CARTESIAN_POINT('Ctrl Pts',(35.170285890427,-21.755898483367,0.71734127419256));
#6468=CARTESIAN_POINT('Ctrl Pts',(33.8668790635679,-21.7559096022093,0.329049767035508));
#6469=CARTESIAN_POINT('Ctrl Pts',(32.5866736477015,-21.7559135015788,0.189588401207328));
#6470=CARTESIAN_POINT('Ctrl Pts',(32.198806667053,-21.7559146829803,0.147335448508887));
#6471=CARTESIAN_POINT('Ctrl Pts',(31.8193236203648,-21.7559152269548,0.127073078574322));
#6472=CARTESIAN_POINT('Ctrl Pts',(31.4355028946929,-21.7559151821112,0.127077293847104));
#6473=CARTESIAN_POINT('',(41.8317652805533,-21.8897218816709,10.7553161386099));
#6474=CARTESIAN_POINT('Origin',(31.4356200137611,-21.8897218157425,10.7553162248154));
#6475=CARTESIAN_POINT('Origin',(31.4356200137611,-21.8897218157425,10.7553162248154));
#6476=CARTESIAN_POINT('Ctrl Pts',(41.6976597430021,-22.5976234153177,10.7553161245548));
#6477=CARTESIAN_POINT('Ctrl Pts',(41.6976598280956,-22.5976236569865,21.0173558578474));
#6478=CARTESIAN_POINT('Ctrl Pts',(31.435620094803,-22.5976235919086,21.0173559429409));
#6479=CARTESIAN_POINT('Ctrl Pts',(21.1735803615104,-22.5976235268307,21.0173560280343));
#6480=CARTESIAN_POINT('Ctrl Pts',(21.173580276417,-22.5976232851619,10.7553162947418));
#6481=CARTESIAN_POINT('Ctrl Pts',(21.1735801913235,-22.5976230434931,0.493276561449172));
#6482=CARTESIAN_POINT('Ctrl Pts',(31.4356199246161,-22.597623108571,0.493276476355689));
#6483=CARTESIAN_POINT('Ctrl Pts',(41.6976596579086,-22.597623173649,0.49327639126221));
#6484=CARTESIAN_POINT('Ctrl Pts',(41.6976597430021,-22.5976234153177,10.7553161245548));
#6485=CARTESIAN_POINT('Ctrl Pts',(41.59922715644,-22.4684580851864,10.7553161281384));
#6486=CARTESIAN_POINT('Ctrl Pts',(41.5992272407172,-22.4684583245371,20.9189232741296));
#6487=CARTESIAN_POINT('Ctrl Pts',(31.4356200947261,-22.4684582600834,20.9189233584069));
#6488=CARTESIAN_POINT('Ctrl Pts',(21.2720129487349,-22.4684581956296,20.9189234426842));
#6489=CARTESIAN_POINT('Ctrl Pts',(21.2720128644576,-22.4684579562789,10.755316296693));
#6490=CARTESIAN_POINT('Ctrl Pts',(21.2720127801803,-22.4684577169282,0.59170915070179));
#6491=CARTESIAN_POINT('Ctrl Pts',(31.4356199261715,-22.4684577813819,0.591709066424517));
#6492=CARTESIAN_POINT('Ctrl Pts',(41.5992270721627,-22.4684578458356,0.591708982147248));
#6493=CARTESIAN_POINT('Ctrl Pts',(41.59922715644,-22.4684580851864,10.7553161281384));
#6494=CARTESIAN_POINT('Ctrl Pts',(41.5992271573877,-22.3028700787398,10.7553161316862));
#6495=CARTESIAN_POINT('Ctrl Pts',(41.599227241665,-22.3028703180905,20.9189232776774));
#6496=CARTESIAN_POINT('Ctrl Pts',(31.4356200956738,-22.3028702536368,20.9189233619547));
#6497=CARTESIAN_POINT('Ctrl Pts',(21.2720129496826,-22.3028701891831,20.918923446232));
#6498=CARTESIAN_POINT('Ctrl Pts',(21.2720128654053,-22.3028699498324,10.7553163002408));
#6499=CARTESIAN_POINT('Ctrl Pts',(21.272012781128,-22.3028697104817,0.591709154249599));
#6500=CARTESIAN_POINT('Ctrl Pts',(31.4356199271192,-22.3028697749354,0.591709069972326));
#6501=CARTESIAN_POINT('Ctrl Pts',(41.5992270731104,-22.3028698393891,0.591708985695057));
#6502=CARTESIAN_POINT('Ctrl Pts',(41.5992271573877,-22.3028700787398,10.7553161316862));
#6503=CARTESIAN_POINT('Ctrl Pts',(41.5992271600837,-21.8318143267726,10.7553161417789));
#6504=CARTESIAN_POINT('Ctrl Pts',(41.599227244361,-21.8318145661233,20.9189232877701));
#6505=CARTESIAN_POINT('Ctrl Pts',(31.4356200983698,-21.8318145016696,20.9189233720473));
#6506=CARTESIAN_POINT('Ctrl Pts',(21.2720129523786,-21.8318144372159,20.9189234563246));
#6507=CARTESIAN_POINT('Ctrl Pts',(21.2720128681013,-21.8318141978652,10.7553163103334));
#6508=CARTESIAN_POINT('Ctrl Pts',(21.272012783824,-21.8318139585144,0.591709164342214));
#6509=CARTESIAN_POINT('Ctrl Pts',(31.4356199298152,-21.8318140229682,0.591709080064941));
#6510=CARTESIAN_POINT('Ctrl Pts',(41.5992270758064,-21.8318140874219,0.591708995787672));
#6511=CARTESIAN_POINT('Ctrl Pts',(41.5992271600837,-21.8318143267726,10.7553161417789));
#6512=CARTESIAN_POINT('Ctrl Pts',(42.0467301244526,-21.8318143296105,10.7553161380681));
#6513=CARTESIAN_POINT('Ctrl Pts',(42.0467302124406,-21.8318145794998,21.3664262484282));
#6514=CARTESIAN_POINT('Ctrl Pts',(31.4356201020805,-21.8318145122082,21.3664263364162));
#6515=CARTESIAN_POINT('Ctrl Pts',(20.8245099917204,-21.8318144449166,21.3664264244042));
#6516=CARTESIAN_POINT('Ctrl Pts',(20.8245099037324,-21.8318141950273,10.7553163140441));
#6517=CARTESIAN_POINT('Ctrl Pts',(20.8245098157444,-21.831813945138,0.144206203684066));
#6518=CARTESIAN_POINT('Ctrl Pts',(31.4356199261045,-21.8318140124296,0.144206115696069));
#6519=CARTESIAN_POINT('Ctrl Pts',(42.0467300364646,-21.8318140797212,0.144206027708077));
#6520=CARTESIAN_POINT('Ctrl Pts',(42.0467301244526,-21.8318143296105,10.7553161380681));
#6521=CARTESIAN_POINT('Ctrl Pts',(42.4942330888214,-21.8318143324484,10.7553161343574));
#6522=CARTESIAN_POINT('Ctrl Pts',(42.4942331805202,-21.8318145928763,21.8139292090864));
#6523=CARTESIAN_POINT('Ctrl Pts',(31.4356201057912,-21.8318145227468,21.8139293007851));
#6524=CARTESIAN_POINT('Ctrl Pts',(20.3770070310623,-21.8318144526173,21.8139293924838));
#6525=CARTESIAN_POINT('Ctrl Pts',(20.3770069393636,-21.8318141921894,10.7553163177549));
#6526=CARTESIAN_POINT('Ctrl Pts',(20.3770068476648,-21.8318139317615,-0.303296756974082));
#6527=CARTESIAN_POINT('Ctrl Pts',(31.4356199223938,-21.831814001891,-0.303296848672802));
#6528=CARTESIAN_POINT('Ctrl Pts',(42.4942329971227,-21.8318140720205,-0.303296940371517));
#6529=CARTESIAN_POINT('Ctrl Pts',(42.4942330888214,-21.8318143324484,10.7553161343574));
#6530=CARTESIAN_POINT('Ctrl Pts',(42.4942330861254,-22.3028700844156,10.7553161242648));
#6531=CARTESIAN_POINT('Ctrl Pts',(42.4942331778242,-22.3028703448435,21.8139291989937));
#6532=CARTESIAN_POINT('Ctrl Pts',(31.4356201030952,-22.302870274714,21.8139292906925));
#6533=CARTESIAN_POINT('Ctrl Pts',(20.3770070283663,-22.3028702045845,21.8139293823912));
#6534=CARTESIAN_POINT('Ctrl Pts',(20.3770069366676,-22.3028699441566,10.7553163076622));
#6535=CARTESIAN_POINT('Ctrl Pts',(20.3770068449689,-22.3028696837287,-0.303296767066697));
#6536=CARTESIAN_POINT('Ctrl Pts',(31.4356199196978,-22.3028697538582,-0.303296858765417));
#6537=CARTESIAN_POINT('Ctrl Pts',(42.4942329944267,-22.3028698239877,-0.303296950464132));
#6538=CARTESIAN_POINT('Ctrl Pts',(42.4942330861254,-22.3028700844156,10.7553161242648));
#6539=CARTESIAN_POINT('Ctrl Pts',(42.4942330834294,-22.7739258363828,10.7553161141722));
#6540=CARTESIAN_POINT('Ctrl Pts',(42.4942331751282,-22.7739260968108,21.8139291889011));
#6541=CARTESIAN_POINT('Ctrl Pts',(31.4356201003992,-22.7739260266813,21.8139292805998));
#6542=CARTESIAN_POINT('Ctrl Pts',(20.3770070256703,-22.7739259565518,21.8139293722985));
#6543=CARTESIAN_POINT('Ctrl Pts',(20.3770069339716,-22.7739256961239,10.7553162975696));
#6544=CARTESIAN_POINT('Ctrl Pts',(20.3770068422729,-22.7739254356959,-0.303296777159312));
#6545=CARTESIAN_POINT('Ctrl Pts',(31.4356199170018,-22.7739255058254,-0.303296868858031));
#6546=CARTESIAN_POINT('Ctrl Pts',(42.4942329917307,-22.7739255759549,-0.303296960556747));
#6547=CARTESIAN_POINT('Ctrl Pts',(42.4942330834294,-22.7739258363828,10.7553161141722));
#6548=CARTESIAN_POINT('Ctrl Pts',(42.0467301190606,-22.773925833545,10.7553161178829));
#6549=CARTESIAN_POINT('Ctrl Pts',(42.0467302070486,-22.7739260834343,21.366426228243));
#6550=CARTESIAN_POINT('Ctrl Pts',(31.4356200966885,-22.7739260161427,21.366426316231));
#6551=CARTESIAN_POINT('Ctrl Pts',(20.8245099863284,-22.7739259488511,21.366426404219));
#6552=CARTESIAN_POINT('Ctrl Pts',(20.8245098983404,-22.7739256989617,10.7553162938589));
#6553=CARTESIAN_POINT('Ctrl Pts',(20.8245098103525,-22.7739254490724,0.144206183498837));
#6554=CARTESIAN_POINT('Ctrl Pts',(31.4356199207125,-22.773925516364,0.14420609551084));
#6555=CARTESIAN_POINT('Ctrl Pts',(42.0467300310726,-22.7739255836556,0.144206007522848));
#6556=CARTESIAN_POINT('Ctrl Pts',(42.0467301190606,-22.773925833545,10.7553161178829));
#6557=CARTESIAN_POINT('Ctrl Pts',(41.8320139299312,-22.7739258321833,10.7553161196633));
#6558=CARTESIAN_POINT('Ctrl Pts',(41.8320140161388,-22.7739260770161,21.1517100408941));
#6559=CARTESIAN_POINT('Ctrl Pts',(31.4356200949081,-22.7739260110861,21.1517101271016));
#6560=CARTESIAN_POINT('Ctrl Pts',(21.0392261736773,-22.7739259451562,21.1517102133092));
#6561=CARTESIAN_POINT('Ctrl Pts',(21.0392260874698,-22.7739257003234,10.7553162920785));
#6562=CARTESIAN_POINT('Ctrl Pts',(21.0392260012622,-22.7739254554906,0.35892237084774));
#6563=CARTESIAN_POINT('Ctrl Pts',(31.435619922493,-22.7739255214205,0.358922284640184));
#6564=CARTESIAN_POINT('Ctrl Pts',(41.8320138437237,-22.7739255873505,0.358922198432632));
#6565=CARTESIAN_POINT('Ctrl Pts',(41.8320139299312,-22.7739258321833,10.7553161196633));
#6566=CARTESIAN_POINT('Ctrl Pts',(41.6976597430021,-22.5976234153177,10.7553161245548));
#6567=CARTESIAN_POINT('Ctrl Pts',(41.6976598280956,-22.5976236569865,21.0173558578474));
#6568=CARTESIAN_POINT('Ctrl Pts',(31.435620094803,-22.5976235919086,21.0173559429409));
#6569=CARTESIAN_POINT('Ctrl Pts',(21.1735803615104,-22.5976235268307,21.0173560280343));
#6570=CARTESIAN_POINT('Ctrl Pts',(21.173580276417,-22.5976232851619,10.7553162947418));
#6571=CARTESIAN_POINT('Ctrl Pts',(21.1735801913235,-22.5976230434931,0.493276561449172));
#6572=CARTESIAN_POINT('Ctrl Pts',(31.4356199246161,-22.597623108571,0.493276476355689));
#6573=CARTESIAN_POINT('Ctrl Pts',(41.6976596579086,-22.597623173649,0.49327639126221));
#6574=CARTESIAN_POINT('Ctrl Pts',(41.6976597430021,-22.5976234153177,10.7553161245548));
#6575=CARTESIAN_POINT('',(21.1735796749411,-22.5976186602472,10.7553164346359));
#6576=CARTESIAN_POINT('',(41.6974012582314,-22.5972869915425,10.7553161248241));
#6577=CARTESIAN_POINT('Origin',(31.4354904666516,-22.5974528258968,10.7553201229655));
#6578=CARTESIAN_POINT('Ctrl Pts',(41.6974027454836,-22.5972858602881,10.7553161245642));
#6579=CARTESIAN_POINT('Ctrl Pts',(41.5992271564414,-22.4682151067588,10.7553161281436));
#6580=CARTESIAN_POINT('Ctrl Pts',(41.5992271573877,-22.3028700787398,10.7553161316862));
#6581=CARTESIAN_POINT('Ctrl Pts',(41.599227158985,-22.0237847536011,10.7553161376658));
#6582=CARTESIAN_POINT('Ctrl Pts',(41.8317652805533,-21.8897218816709,10.7553161386099));
#6583=CARTESIAN_POINT('',(31.4355060524586,-22.5974580311564,21.0172309158729));
#6584=CARTESIAN_POINT('Origin',(31.4354904666516,-22.5974528258968,10.7553201229655));
#6585=CARTESIAN_POINT('Origin',(31.4354904666516,-22.5974528258968,10.7553201229655));
#6586=CARTESIAN_POINT('Origin',(31.4355015518536,-22.8145839343215,10.7553197758292));
#6587=CARTESIAN_POINT('',(22.6416412245915,-22.8160847232472,16.35808237392));
#6588=CARTESIAN_POINT('',(22.1871522566877,-22.8137319967895,15.5698002078662));
#6589=CARTESIAN_POINT('Ctrl Pts',(22.6391808846175,-22.8182404556719,16.3595652920812));
#6590=CARTESIAN_POINT('Ctrl Pts',(22.4785228942639,-22.8147593928407,16.1024639569725));
#6591=CARTESIAN_POINT('Ctrl Pts',(22.329304758332,-22.8106892069318,15.8378340496534));
#6592=CARTESIAN_POINT('Ctrl Pts',(22.1924256772886,-22.8060823581352,15.5673125748514));
#6593=CARTESIAN_POINT('',(21.3636990070684,-22.8160588551079,8.05687823780832));
#6594=CARTESIAN_POINT('Ctrl Pts',(22.1864750749359,-22.8147360909888,15.5701495247658));
#6595=CARTESIAN_POINT('Ctrl Pts',(21.5025493421101,-22.814857787912,14.2565499140375));
#6596=CARTESIAN_POINT('Ctrl Pts',(21.1069731884544,-22.8149105496804,12.7745573981375));
#6597=CARTESIAN_POINT('Ctrl Pts',(21.0253347145966,-22.814893842863,11.3534499155964));
#6598=CARTESIAN_POINT('Ctrl Pts',(20.9723431425883,-22.8148829984599,10.4310083762826));
#6599=CARTESIAN_POINT('Ctrl Pts',(21.0386571043261,-22.8148453173869,9.51322375220531));
#6600=CARTESIAN_POINT('Ctrl Pts',(21.2374711478469,-22.8147774998172,8.58098448213301));
#6601=CARTESIAN_POINT('Ctrl Pts',(21.2748461527681,-22.8147647508084,8.40573304269904));
#6602=CARTESIAN_POINT('Ctrl Pts',(21.316867600309,-22.8147509676743,8.23086534529362));
#6603=CARTESIAN_POINT('Ctrl Pts',(21.363507087057,-22.8147361696578,8.05682691881006));
#6604=CARTESIAN_POINT('',(21.6375094406885,-22.8142006558722,7.18910929960234));
#6605=CARTESIAN_POINT('Ctrl Pts',(21.3610098271632,-22.8181474079403,8.05611271174296));
#6606=CARTESIAN_POINT('Ctrl Pts',(21.4411512413881,-22.8159557388627,7.76343714034575));
#6607=CARTESIAN_POINT('Ctrl Pts',(21.5344751517622,-22.8131384472399,7.47456772447491));
#6608=CARTESIAN_POINT('Ctrl Pts',(21.6406932026065,-22.8097027165462,7.19037408393129));
#6609=CARTESIAN_POINT('',(26.621194390826,-22.8147318724586,1.50596143052602));
#6610=CARTESIAN_POINT('Ctrl Pts',(21.6371293400322,-22.8147325536232,7.18896965037117));
#6611=CARTESIAN_POINT('Ctrl Pts',(22.1627077903746,-22.8148623178879,5.74466049585438));
#6612=CARTESIAN_POINT('Ctrl Pts',(23.030416773054,-22.8149144551018,4.4162807634755));
#6613=CARTESIAN_POINT('Ctrl Pts',(24.053587608652,-22.8148926007979,3.39071189090473));
#6614=CARTESIAN_POINT('Ctrl Pts',(24.7423268724772,-22.8148778897481,2.70035840767274));
#6615=CARTESIAN_POINT('Ctrl Pts',(25.5648623675932,-22.814829502612,2.07603209800428));
#6616=CARTESIAN_POINT('Ctrl Pts',(26.4724688432869,-22.8147458214616,1.58489586832406));
#6617=CARTESIAN_POINT('Ctrl Pts',(26.5218068524105,-22.8147412725062,1.55819742089133));
#6618=CARTESIAN_POINT('Ctrl Pts',(26.5713855410504,-22.8147366225679,1.53188360562751));
#6619=CARTESIAN_POINT('Ctrl Pts',(26.621194390826,-22.8147318724586,1.50596143052602));
#6620=CARTESIAN_POINT('',(35.8424148934459,-22.814773341846,1.30491354141842));
#6621=CARTESIAN_POINT('Ctrl Pts',(26.6211791441555,-22.8147752639076,1.5059321244008));
#6622=CARTESIAN_POINT('Ctrl Pts',(27.8710251732751,-22.8148307948799,0.855320892902915));
#6623=CARTESIAN_POINT('Ctrl Pts',(29.2727645545293,-22.814862826456,0.46417199879623));
#6624=CARTESIAN_POINT('Ctrl Pts',(30.6304048460615,-22.8148693125606,0.359014729934062));
#6625=CARTESIAN_POINT('Ctrl Pts',(31.6491510878818,-22.8148741796042,0.280106809241378));
#6626=CARTESIAN_POINT('Ctrl Pts',(32.6557034936433,-22.8148660501271,0.346478763738517));
#6627=CARTESIAN_POINT('Ctrl Pts',(33.680423620564,-22.8148435973144,0.572393446971855));
#6628=CARTESIAN_POINT('Ctrl Pts',(34.4196279224451,-22.8148274004862,0.73536195058269));
#6629=CARTESIAN_POINT('Ctrl Pts',(35.1500533853174,-22.8148037298544,0.982034692333303));
#6630=CARTESIAN_POINT('Ctrl Pts',(35.8424148934459,-22.814773341846,1.30491354141842));
#6631=CARTESIAN_POINT('Ctrl Pts',(35.8423915165189,-22.8146518272965,1.30500471915518));
#6632=CARTESIAN_POINT('Ctrl Pts',(36.8526235195962,-22.8149865745994,1.7758042580468));
#6633=CARTESIAN_POINT('Ctrl Pts',(37.7808161656679,-22.8150404039905,2.41258934604022));
#6634=CARTESIAN_POINT('Ctrl Pts',(38.5566936457433,-22.8148446616261,3.13813798849005));
#6635=CARTESIAN_POINT('Ctrl Pts',(38.7537229632503,-22.8147949540557,3.32238660700407));
#6636=CARTESIAN_POINT('Ctrl Pts',(38.9404204579765,-22.814730471731,3.51097903786439));
#6637=CARTESIAN_POINT('Ctrl Pts',(39.1231281071558,-22.8146489899966,3.71044515788891));
#6638=CARTESIAN_POINT('Ctrl Pts',(39.7081847099342,-22.8147317752343,4.40756239003005));
#6639=CARTESIAN_POINT('Ctrl Pts',(40.7489931358461,-22.8148721845041,5.76379624611605));
#6640=CARTESIAN_POINT('Ctrl Pts',(41.4755396739727,-22.814923167865,7.45661585521765));
#6641=CARTESIAN_POINT('Ctrl Pts',(41.7392994306409,-22.8148729648992,9.15352245114345));
#6642=CARTESIAN_POINT('Ctrl Pts',(41.8709894410817,-22.814847899555,10.0007542281114));
#6643=CARTESIAN_POINT('Ctrl Pts',(41.8969795280622,-22.8148014767817,10.8218238396143));
#6644=CARTESIAN_POINT('Ctrl Pts',(41.8233194087979,-22.8147321801635,11.6636211830855));
#6645=CARTESIAN_POINT('Ctrl Pts',(41.704535962611,-22.8147264660878,12.5660040110546));
#6646=CARTESIAN_POINT('Ctrl Pts',(41.3897836808257,-22.8148841337294,14.3517428076232));
#6647=CARTESIAN_POINT('Ctrl Pts',(40.5570789499069,-22.8149327972413,16.1125557270855));
#6648=CARTESIAN_POINT('Ctrl Pts',(39.4101424397779,-22.8148670150905,17.473830768982));
#6649=CARTESIAN_POINT('Ctrl Pts',(38.9219311822283,-22.8148390139009,18.0532785363221));
#6650=CARTESIAN_POINT('Ctrl Pts',(38.3911966097292,-22.8147934168907,18.5614955878786));
#6651=CARTESIAN_POINT('Ctrl Pts',(37.7837619076584,-22.8147269551311,19.0275776634924));
#6652=CARTESIAN_POINT('',(31.4355094785887,-22.8148517581236,21.1827402151679));
#6653=CARTESIAN_POINT('Ctrl Pts',(37.0382179488639,-22.8147173677058,19.5496300623707));
#6654=CARTESIAN_POINT('Ctrl Pts',(35.4972723381719,-22.8148903402373,20.5314768418464));
#6655=CARTESIAN_POINT('Ctrl Pts',(33.6340200986546,-22.8149416272546,21.0994887828192));
#6656=CARTESIAN_POINT('Ctrl Pts',(31.8742528054734,-22.814871583422,21.1735257073901));
#6657=CARTESIAN_POINT('Ctrl Pts',(31.7271024443342,-22.8148657264116,21.1797166169669));
#6658=CARTESIAN_POINT('Ctrl Pts',(31.582596419252,-22.8148591954128,21.1827474636327));
#6659=CARTESIAN_POINT('Ctrl Pts',(31.4355094785887,-22.8148517581233,21.1827402151677));
#6660=CARTESIAN_POINT('',(31.435509470288,-22.8145888982261,21.1825400909138));
#6661=CARTESIAN_POINT('',(29.6254171301475,-22.8165284441893,21.0240120812066));
#6662=CARTESIAN_POINT('Ctrl Pts',(31.4355094785887,-22.8148517581233,21.1827402151677));
#6663=CARTESIAN_POINT('Ctrl Pts',(30.8364832779148,-22.8148214690218,21.1827106950726));
#6664=CARTESIAN_POINT('Ctrl Pts',(30.2343507880962,-22.8147779997501,21.131700194886));
#6665=CARTESIAN_POINT('Ctrl Pts',(29.6253663218711,-22.8147198574828,21.024301158347));
#6666=CARTESIAN_POINT('',(28.7369702904669,-22.8140943352685,20.8268813973003));
#6667=CARTESIAN_POINT('Ctrl Pts',(29.6246684554251,-22.8194081597888,21.0278025175218));
#6668=CARTESIAN_POINT('Ctrl Pts',(29.326339819296,-22.8165122665232,20.9729709416659));
#6669=CARTESIAN_POINT('Ctrl Pts',(29.0302906690138,-22.8130093350592,20.9046166214977));
#6670=CARTESIAN_POINT('Ctrl Pts',(28.7381166687704,-22.8089400255948,20.823126018565));
#6671=CARTESIAN_POINT('Ctrl Pts',(28.7368446315584,-22.8147238516499,20.8273439025161));
#6672=CARTESIAN_POINT('Ctrl Pts',(27.2226869071121,-22.8148664602225,20.4217411372524));
#6673=CARTESIAN_POINT('Ctrl Pts',(25.7793746790312,-22.8149240281376,19.645983312277));
#6674=CARTESIAN_POINT('Ctrl Pts',(24.6292603520392,-22.8148943226305,18.6550181273156));
#6675=CARTESIAN_POINT('Ctrl Pts',(23.8609486824996,-22.81487447844,17.9930229692301));
#6676=CARTESIAN_POINT('Ctrl Pts',(23.2015532545951,-22.8148194727762,17.2374057096115));
#6677=CARTESIAN_POINT('Ctrl Pts',(22.6414764949568,-22.8147249475057,16.3581874556477));
#6678=CARTESIAN_POINT('Origin',(31.4343697409668,-20.8140824803352,10.7542190657979));
#6679=CARTESIAN_POINT('',(21.9882266399582,-24.5164260903312,7.31674598644759));
#6680=CARTESIAN_POINT('',(21.6370601532181,-22.8148350907695,7.1889308168628));
#6681=CARTESIAN_POINT('',(22.1516532297441,-24.5156453726501,6.91081681562991));
#6682=CARTESIAN_POINT('',(21.9882266399582,-24.5164260903312,7.31674598644759));
#6683=CARTESIAN_POINT('',(26.7928471490098,-24.5152521698696,1.8375193358458));
#6684=CARTESIAN_POINT('Ctrl Pts',(22.147205340596,-24.516425931909,6.90793040827769));
#6685=CARTESIAN_POINT('Ctrl Pts',(22.259117278508,-24.51642595683,6.63773867091692));
#6686=CARTESIAN_POINT('Ctrl Pts',(22.444693102028,-24.5164259172193,6.23978650786954));
#6687=CARTESIAN_POINT('Ctrl Pts',(22.7260923886446,-24.5164261624374,5.72686589845375));
#6688=CARTESIAN_POINT('Ctrl Pts',(22.9537177210685,-24.51642608251,5.3517466432251));
#6689=CARTESIAN_POINT('Ctrl Pts',(23.1974907900591,-24.5164263434327,4.98691560816997));
#6690=CARTESIAN_POINT('Ctrl Pts',(23.4569480005998,-24.5164244555429,4.63306586250301));
#6691=CARTESIAN_POINT('Ctrl Pts',(23.7315885940005,-24.5164276602145,4.2908674635278));
#6692=CARTESIAN_POINT('Ctrl Pts',(24.0208987460681,-24.5164251786204,3.96097743869962));
#6693=CARTESIAN_POINT('Ctrl Pts',(24.3243176940299,-24.5164243682244,3.64401583591091));
#6694=CARTESIAN_POINT('Ctrl Pts',(24.6412783094467,-24.5164257968563,3.34059431937845));
#6695=CARTESIAN_POINT('Ctrl Pts',(24.9711691953257,-24.5164269384169,3.05128570762625));
#6696=CARTESIAN_POINT('Ctrl Pts',(25.3133677479331,-24.5164238149579,2.77664531605576));
#6697=CARTESIAN_POINT('Ctrl Pts',(25.6672202057257,-24.5164249645096,2.51719138838616));
#6698=CARTESIAN_POINT('Ctrl Pts',(26.1535482102538,-24.5164277021997,2.19223252939729));
#6699=CARTESIAN_POINT('Ctrl Pts',(26.5336883422348,-24.5164233926822,1.97274005953694));
#6700=CARTESIAN_POINT('Ctrl Pts',(26.7929696325165,-24.516425574373,1.83775566916086));
#6701=CARTESIAN_POINT('',(26.5333161403413,-21.9443182026848,1.33621799876572));
#6702=CARTESIAN_POINT('Origin',(31.4341572633527,-20.8313589617286,10.7554666129403));
#6703=CARTESIAN_POINT('',(21.6202268478592,-24.5164256160441,8.57929654421089));
#6704=CARTESIAN_POINT('',(21.6202268478592,-24.5164256160441,8.57929654421089));
#6705=CARTESIAN_POINT('',(22.5215759875248,-24.5355431014299,15.393823448056));
#6706=CARTESIAN_POINT('',(22.1863916990478,-22.8148352638264,15.5701589860555));
#6707=CARTESIAN_POINT('',(22.1014923579881,-24.5155483699099,14.4751831001719));
#6708=CARTESIAN_POINT('Origin',(31.3326212174018,-21.974627945931,10.8523060728128));
#6709=CARTESIAN_POINT('Ctrl Pts',(22.050639095867,-24.516426636698,14.353996741152));
#6710=CARTESIAN_POINT('Ctrl Pts',(21.9015223499546,-24.5164263204505,13.9582434518799));
#6711=CARTESIAN_POINT('Ctrl Pts',(21.6147004905317,-24.5164266184874,13.0672553510639));
#6712=CARTESIAN_POINT('Ctrl Pts',(21.3827211358125,-24.5164265288737,11.6348311145461));
#6713=CARTESIAN_POINT('Ctrl Pts',(21.3611900015606,-24.5164251777559,10.0946801066471));
#6714=CARTESIAN_POINT('Ctrl Pts',(21.5157668502372,-24.5164255650675,9.08026940680147));
#6715=CARTESIAN_POINT('Ctrl Pts',(21.6202268478592,-24.5164256160441,8.57929654421089));
#6716=CARTESIAN_POINT('Origin',(31.4342484314992,-20.6046724916213,10.7571818331571));
#6717=CARTESIAN_POINT('',(23.2013639591034,-24.5301709293604,16.5201891235225));
#6718=CARTESIAN_POINT('',(23.2001045820434,-24.5164258831345,16.5218872788852));
#6719=CARTESIAN_POINT('',(28.8335292217453,-24.5164253698891,20.4664523990907));
#6720=CARTESIAN_POINT('',(28.7368056652267,-22.814836006449,20.8274206563668));
#6721=CARTESIAN_POINT('',(27.5396405076913,-24.4781056663392,20.0287024830986));
#6722=CARTESIAN_POINT('Ctrl Pts',(28.8335292217453,-24.5164253698891,20.4664523990907));
#6723=CARTESIAN_POINT('Ctrl Pts',(28.6224440557246,-24.5164262538599,20.4069185856241));
#6724=CARTESIAN_POINT('Ctrl Pts',(28.2004280911432,-24.5164256950461,20.2858901401692));
#6725=CARTESIAN_POINT('Ctrl Pts',(27.7919425278982,-24.5164255323794,20.1250024381677));
#6726=CARTESIAN_POINT('Ctrl Pts',(27.5882360813339,-24.5164266324073,20.0437318660791));
#6727=CARTESIAN_POINT('Origin',(31.3199064344229,-21.9001585247772,10.8657131398395));
#6728=CARTESIAN_POINT('Origin',(31.436107836963,-20.5705075661051,10.7577843232665));
#6729=CARTESIAN_POINT('',(30.1230071804712,-24.5382556533068,20.7190489697962));
#6730=CARTESIAN_POINT('',(30.1233472702225,-24.5164260842241,20.7230113846171));
#6731=CARTESIAN_POINT('Origin',(31.434952955418,-21.9103043848664,10.9152746084254));
#6732=CARTESIAN_POINT('Origin',(31.4373155082573,-20.6851555660369,10.7563506769031));
#6733=CARTESIAN_POINT('Origin',(31.4369734391111,-20.8536657280089,10.7549331510447));
#6734=CARTESIAN_POINT('Origin',(31.4322673166563,-21.8251491978512,10.7606561508276));
#6735=CARTESIAN_POINT('Ctrl Pts',(35.8423629586897,-22.8147939646903,1.30502582989883));
#6736=CARTESIAN_POINT('Ctrl Pts',(35.6533691563955,-23.380114970573,1.35385159344574));
#6737=CARTESIAN_POINT('Ctrl Pts',(35.4674796911489,-23.9453937627696,1.40764054938138));
#6738=CARTESIAN_POINT('Ctrl Pts',(35.2849441043662,-24.5106365427879,1.46615863271257));
#6739=CARTESIAN_POINT('Origin',(31.4356506772299,-21.9328153801017,10.7559338393897));
#6740=CARTESIAN_POINT('Origin',(31.4369797447887,-24.505506359958,10.7565794438669));
#6741=CARTESIAN_POINT('Origin',(31.4360255150695,-23.5218919884295,10.7556837922923));
#6742=CARTESIAN_POINT('',(22.3880747066716,-26.2021940636141,7.46179254347902));
#6743=CARTESIAN_POINT('Origin',(31.4361909742328,-26.2016534201156,10.7558390378758));
#6744=CARTESIAN_POINT('Ctrl Pts',(22.1527660249806,-24.5156399073669,6.91049061351323));
#6745=CARTESIAN_POINT('Ctrl Pts',(22.2117689920639,-25.0721156942802,7.10244805265647));
#6746=CARTESIAN_POINT('Ctrl Pts',(22.2900753087155,-25.6348597672208,7.28651820074514));
#6747=CARTESIAN_POINT('Ctrl Pts',(22.3880747066717,-26.2021940636141,7.46179254347902));
#6748=CARTESIAN_POINT('Ctrl Pts',(38.6063342627359,-12.812617132472,2.64034865943355));
#6749=CARTESIAN_POINT('Ctrl Pts',(36.1796127089925,-24.3113267262186,7.18386000676401));
#6750=CARTESIAN_POINT('Ctrl Pts',(45.22808452439,-29.2605740472288,0.71240809626112));
#6751=CARTESIAN_POINT('Ctrl Pts',(54.2765563397875,-34.2098213682391,-5.75904381424177));
#6752=CARTESIAN_POINT('Ctrl Pts',(56.7032778935309,-22.7111117744925,-10.3025551615722));
#6753=CARTESIAN_POINT('Ctrl Pts',(59.1299994472744,-11.2124021807459,-14.8460665089027));
#6754=CARTESIAN_POINT('Ctrl Pts',(50.0815276318769,-6.26315485973568,-8.37461459839981));
#6755=CARTESIAN_POINT('Ctrl Pts',(41.0330558164794,-1.31390753872542,-1.90316268789691));
#6756=CARTESIAN_POINT('Ctrl Pts',(38.6063342627359,-12.812617132472,2.64034865943355));
#6757=CARTESIAN_POINT('Ctrl Pts',(32.1664750548997,-14.6835776257703,-5.07258408462176));
#6758=CARTESIAN_POINT('Ctrl Pts',(29.7397535011562,-26.1822872195168,-0.529072737291304));
#6759=CARTESIAN_POINT('Ctrl Pts',(38.7882253165537,-31.1315345405271,-7.0005246477942));
#6760=CARTESIAN_POINT('Ctrl Pts',(47.8366971319512,-36.0807818615374,-13.4719765582971));
#6761=CARTESIAN_POINT('Ctrl Pts',(50.2634186856947,-24.5820722677908,-18.0154879056276));
#6762=CARTESIAN_POINT('Ctrl Pts',(52.6901402394382,-13.0833626740442,-22.558999252958));
#6763=CARTESIAN_POINT('Ctrl Pts',(43.6416684240407,-8.13411535303394,-16.0875473424551));
#6764=CARTESIAN_POINT('Ctrl Pts',(34.5931966086432,-3.18486803202368,-9.61609543195223));
#6765=CARTESIAN_POINT('Ctrl Pts',(32.1664750548997,-14.6835776257703,-5.07258408462176));
#6766=CARTESIAN_POINT('Ctrl Pts',(24.5215556654273,-10.5020321029892,0.395049478037279));
#6767=CARTESIAN_POINT('Ctrl Pts',(20.0445331285394,-31.7158305781044,8.77730605264329));
#6768=CARTESIAN_POINT('Ctrl Pts',(36.7379243334093,-40.8466234218957,-3.16177942051864));
#6769=CARTESIAN_POINT('Ctrl Pts',(53.4313155382792,-49.977416265687,-15.1008648936806));
#6770=CARTESIAN_POINT('Ctrl Pts',(57.9083380751671,-28.7636177905718,-23.4831214682866));
#6771=CARTESIAN_POINT('Ctrl Pts',(62.385360612055,-7.54981931545661,-31.8653780428926));
#6772=CARTESIAN_POINT('Ctrl Pts',(45.6919694071851,1.58097352833467,-19.9262925697307));
#6773=CARTESIAN_POINT('Ctrl Pts',(28.9985782023152,10.711766372126,-7.98720709656874));
#6774=CARTESIAN_POINT('Ctrl Pts',(24.5215556654273,-10.5020321029892,0.395049478037279));
#6775=CARTESIAN_POINT('Ctrl Pts',(16.8766362759549,-6.32048658020821,5.86268304069632));
#6776=CARTESIAN_POINT('Ctrl Pts',(10.3493127559226,-37.249373936692,18.0836848425779));
#6777=CARTESIAN_POINT('Ctrl Pts',(34.6876233502649,-50.5617123032643,0.676965806756914));
#6778=CARTESIAN_POINT('Ctrl Pts',(59.0259339446072,-63.8740506698366,-16.7297532290641));
#6779=CARTESIAN_POINT('Ctrl Pts',(65.5532574646395,-32.9451633133528,-28.9507550309456));
#6780=CARTESIAN_POINT('Ctrl Pts',(72.0805809846718,-2.01627595686902,-41.1717568328272));
#6781=CARTESIAN_POINT('Ctrl Pts',(47.7422703903295,11.2960624097033,-23.7650377970062));
#6782=CARTESIAN_POINT('Ctrl Pts',(23.4039597959872,24.6084007762756,-6.35831876118526));
#6783=CARTESIAN_POINT('Ctrl Pts',(16.8766362759549,-6.32048658020821,5.86268304069632));
#6784=CARTESIAN_POINT('Ctrl Pts',(23.3164954837912,-4.44952608690995,13.5756157847516));
#6785=CARTESIAN_POINT('Ctrl Pts',(16.7891719637588,-35.3784134433938,25.7966175866332));
#6786=CARTESIAN_POINT('Ctrl Pts',(41.1274825581011,-48.6907518099661,8.38989855081223));
#6787=CARTESIAN_POINT('Ctrl Pts',(65.4657931524434,-62.0030901765384,-9.01682048500875));
#6788=CARTESIAN_POINT('Ctrl Pts',(71.9931166724757,-31.0742028200546,-21.2378222868903));
#6789=CARTESIAN_POINT('Ctrl Pts',(78.5204401925081,-0.145315463570764,-33.4588240887719));
#6790=CARTESIAN_POINT('Ctrl Pts',(54.1821295981658,13.1670229030016,-16.0521050529509));
#6791=CARTESIAN_POINT('Ctrl Pts',(29.8438190038235,26.4793612695739,1.35461398287006));
#6792=CARTESIAN_POINT('Ctrl Pts',(23.3164954837912,-4.44952608690995,13.5756157847516));
#6793=CARTESIAN_POINT('Ctrl Pts',(29.7563546916274,-2.57856559361169,21.288548528807));
#6794=CARTESIAN_POINT('Ctrl Pts',(23.2290311715951,-33.5074529500955,33.5095503306885));
#6795=CARTESIAN_POINT('Ctrl Pts',(47.5673417659374,-46.8197913166678,16.1028312948675));
#6796=CARTESIAN_POINT('Ctrl Pts',(71.9056523602797,-60.1321296832401,-1.30388774095343));
#6797=CARTESIAN_POINT('Ctrl Pts',(78.432975880312,-29.2032423267563,-13.524889542835));
#6798=CARTESIAN_POINT('Ctrl Pts',(84.9602994003443,1.7256450297275,-25.7458913447166));
#6799=CARTESIAN_POINT('Ctrl Pts',(60.621988806002,15.0379833962998,-8.3391723088956));
#6800=CARTESIAN_POINT('Ctrl Pts',(36.2836782116597,28.3503217628721,9.06754672692538));
#6801=CARTESIAN_POINT('Ctrl Pts',(29.7563546916274,-2.57856559361169,21.288548528807));
#6802=CARTESIAN_POINT('Ctrl Pts',(37.4012740810998,-6.76011111639271,15.8209149661479));
#6803=CARTESIAN_POINT('Ctrl Pts',(32.9242515442119,-27.9739095915079,24.2031715407539));
#6804=CARTESIAN_POINT('Ctrl Pts',(49.6176427490818,-37.1047024352992,12.264086067592));
#6805=CARTESIAN_POINT('Ctrl Pts',(66.3110339539517,-46.2354952790905,0.325000594430051));
#6806=CARTESIAN_POINT('Ctrl Pts',(70.7880564908396,-25.0216968039753,-8.05725598017597));
#6807=CARTESIAN_POINT('Ctrl Pts',(75.2650790277275,-3.80789832886009,-16.439512554782));
#6808=CARTESIAN_POINT('Ctrl Pts',(58.5716878228576,5.3228945149312,-4.50042708162005));
#6809=CARTESIAN_POINT('Ctrl Pts',(41.8782966179877,14.4536873587225,7.43865839154189));
#6810=CARTESIAN_POINT('Ctrl Pts',(37.4012740810998,-6.76011111639271,15.8209149661479));
#6811=CARTESIAN_POINT('Ctrl Pts',(45.0461934705722,-10.9416566391737,10.3532814034889));
#6812=CARTESIAN_POINT('Ctrl Pts',(42.6194719168287,-22.4403662329203,14.8967927508193));
#6813=CARTESIAN_POINT('Ctrl Pts',(51.6679437322262,-27.3896135539306,8.42534084031644));
#6814=CARTESIAN_POINT('Ctrl Pts',(60.7164155476237,-32.3388608749408,1.95388892981354));
#6815=CARTESIAN_POINT('Ctrl Pts',(63.1431371013672,-20.8401512811943,-2.58962241751692));
#6816=CARTESIAN_POINT('Ctrl Pts',(65.5698586551107,-9.34144168744767,-7.13313376484738));
#6817=CARTESIAN_POINT('Ctrl Pts',(56.5213868397132,-4.39219436643741,-0.66168185434449));
#6818=CARTESIAN_POINT('Ctrl Pts',(47.4729150243157,0.557052954572845,5.8097700561584));
#6819=CARTESIAN_POINT('Ctrl Pts',(45.0461934705722,-10.9416566391737,10.3532814034889));
#6820=CARTESIAN_POINT('Ctrl Pts',(38.6063342627359,-12.812617132472,2.64034865943355));
#6821=CARTESIAN_POINT('Ctrl Pts',(36.1796127089925,-24.3113267262186,7.18386000676401));
#6822=CARTESIAN_POINT('Ctrl Pts',(45.22808452439,-29.2605740472288,0.712408096261121));
#6823=CARTESIAN_POINT('Ctrl Pts',(54.2765563397875,-34.2098213682391,-5.75904381424177));
#6824=CARTESIAN_POINT('Ctrl Pts',(56.7032778935309,-22.7111117744925,-10.3025551615722));
#6825=CARTESIAN_POINT('Ctrl Pts',(59.1299994472744,-11.2124021807459,-14.8460665089027));
#6826=CARTESIAN_POINT('Ctrl Pts',(50.0815276318769,-6.26315485973568,-8.37461459839981));
#6827=CARTESIAN_POINT('Ctrl Pts',(41.0330558164794,-1.31390753872542,-1.90316268789691));
#6828=CARTESIAN_POINT('Ctrl Pts',(38.6063342627359,-12.812617132472,2.64034865943355));
#6829=CARTESIAN_POINT('',(22.7082723428907,-26.2021942536968,14.8241623711498));
#6830=CARTESIAN_POINT('Ctrl Pts',(22.3894088468083,-26.2016533447446,7.45760434514854));
#6831=CARTESIAN_POINT('Ctrl Pts',(21.9509109406922,-26.2016533729516,8.69194331337054));
#6832=CARTESIAN_POINT('Ctrl Pts',(21.7617364780359,-26.2016534027628,9.99769891074508));
#6833=CARTESIAN_POINT('Ctrl Pts',(21.9050655907216,-26.2016534604581,12.5224452745968));
#6834=CARTESIAN_POINT('Ctrl Pts',(22.2013470833939,-26.2016534877318,13.7147245613839));
#6835=CARTESIAN_POINT('Ctrl Pts',(22.708116200031,-26.2016535130848,14.8241743607374));
#6836=CARTESIAN_POINT('Ctrl Pts',(22.1538352629309,-24.5146443760836,14.5999193669515));
#6837=CARTESIAN_POINT('Ctrl Pts',(22.326472971259,-25.079152241856,14.6848357707369));
#6838=CARTESIAN_POINT('Ctrl Pts',(22.5113477973329,-25.6419958328982,14.7596136791528));
#6839=CARTESIAN_POINT('Ctrl Pts',(22.7082723428907,-26.2021942536968,14.8241623711498));
#6840=CARTESIAN_POINT('Ctrl Pts',(41.2273871194184,-3.80974418981231,6.2556176878521));
#6841=CARTESIAN_POINT('Ctrl Pts',(32.8315545540688,-27.4618172029392,9.52419079674516));
#6842=CARTESIAN_POINT('Ctrl Pts',(51.7827902072869,-36.7817667861872,-2.66222900092005));
#6843=CARTESIAN_POINT('Ctrl Pts',(70.734025860505,-46.1017163694352,-14.8486487985853));
#6844=CARTESIAN_POINT('Ctrl Pts',(79.1298584258546,-22.4496433563083,-18.1172219074783));
#6845=CARTESIAN_POINT('Ctrl Pts',(87.5256909912042,1.20242965681852,-21.3857950163714));
#6846=CARTESIAN_POINT('Ctrl Pts',(68.5744553379861,10.5223792400665,-9.19937521870617));
#6847=CARTESIAN_POINT('Ctrl Pts',(49.623219684768,19.8423288233145,2.98704457895904));
#6848=CARTESIAN_POINT('Ctrl Pts',(41.2273871194184,-3.80974418981231,6.2556176878521));
#6849=CARTESIAN_POINT('Ctrl Pts',(35.9547227402728,-3.06965969422412,-2.45477847339975));
#6850=CARTESIAN_POINT('Ctrl Pts',(27.5588901749232,-26.721732707351,0.813794635493307));
#6851=CARTESIAN_POINT('Ctrl Pts',(46.5101258281413,-36.041682290599,-11.3726251621719));
#6852=CARTESIAN_POINT('Ctrl Pts',(65.4613614813594,-45.361631873847,-23.5590449598371));
#6853=CARTESIAN_POINT('Ctrl Pts',(73.857194046709,-21.7095588607201,-26.8276180687302));
#6854=CARTESIAN_POINT('Ctrl Pts',(82.2530266120586,1.94251415240672,-30.0961911776232));
#6855=CARTESIAN_POINT('Ctrl Pts',(63.3017909588405,11.2624637356547,-17.909771379958));
#6856=CARTESIAN_POINT('Ctrl Pts',(44.3505553056224,20.5824133189027,-5.72335158229281));
#6857=CARTESIAN_POINT('Ctrl Pts',(35.9547227402728,-3.06965969422412,-2.45477847339975));
#6858=CARTESIAN_POINT('Ctrl Pts',(27.9649650222587,0.859590117073173,2.68296259082587));
#6859=CARTESIAN_POINT('Ctrl Pts',(16.0294863216575,-32.7640929990378,7.32955176693177));
#6860=CARTESIAN_POINT('Ctrl Pts',(42.9704796928897,-46.0132923935831,-9.99460909495905));
#6861=CARTESIAN_POINT('Ctrl Pts',(69.9114730641219,-59.2624917881284,-27.3187699568499));
#6862=CARTESIAN_POINT('Ctrl Pts',(81.8469517647231,-25.6388086720174,-31.9653591329558));
#6863=CARTESIAN_POINT('Ctrl Pts',(93.7824304653243,7.98487444409355,-36.6119483090617));
#6864=CARTESIAN_POINT('Ctrl Pts',(66.8414370940921,21.2340738386389,-19.2877874471709));
#6865=CARTESIAN_POINT('Ctrl Pts',(39.9004437228599,34.4832732331842,-1.96362658528005));
#6866=CARTESIAN_POINT('Ctrl Pts',(27.9649650222587,0.859590117073173,2.68296259082587));
#6867=CARTESIAN_POINT('Ctrl Pts',(19.9752073042446,4.78883992837047,7.82070365505149));
#6868=CARTESIAN_POINT('Ctrl Pts',(4.5000824683918,-38.8064532907246,13.8453088983702));
#6869=CARTESIAN_POINT('Ctrl Pts',(39.4308335576381,-55.9849024965673,-8.61659302774619));
#6870=CARTESIAN_POINT('Ctrl Pts',(74.3615846468844,-73.1633517024099,-31.0784949538626));
#6871=CARTESIAN_POINT('Ctrl Pts',(89.8367094827372,-29.5680584833147,-37.1031001971814));
#6872=CARTESIAN_POINT('Ctrl Pts',(105.31183431859,14.0272347357804,-43.1277054405001));
#6873=CARTESIAN_POINT('Ctrl Pts',(70.3810832293437,31.205683941623,-20.6658035143837));
#6874=CARTESIAN_POINT('Ctrl Pts',(35.4503321400975,48.3841331474656,1.79609841173272));
#6875=CARTESIAN_POINT('Ctrl Pts',(19.9752073042446,4.78883992837047,7.82070365505149));
#6876=CARTESIAN_POINT('Ctrl Pts',(25.2478716833902,4.04875543278228,16.5310998163033));
#6877=CARTESIAN_POINT('Ctrl Pts',(9.77274684753739,-39.5465377863128,22.5557050596221));
#6878=CARTESIAN_POINT('Ctrl Pts',(44.7034979367837,-56.7249869921555,0.093803133505661));
#6879=CARTESIAN_POINT('Ctrl Pts',(79.6342490260299,-73.903436197998,-22.3680987926108));
#6880=CARTESIAN_POINT('Ctrl Pts',(95.1093738618828,-30.3081429789029,-28.3927040359295));
#6881=CARTESIAN_POINT('Ctrl Pts',(110.584498697736,13.2871502401922,-34.4173092792483));
#6882=CARTESIAN_POINT('Ctrl Pts',(75.6537476084893,30.4655994460348,-11.9554073531319));
#6883=CARTESIAN_POINT('Ctrl Pts',(40.7229965192431,47.6440486518774,10.5064945729846));
#6884=CARTESIAN_POINT('Ctrl Pts',(25.2478716833902,4.04875543278228,16.5310998163033));
#6885=CARTESIAN_POINT('Ctrl Pts',(30.5205360625358,3.3086709371941,25.2414959775552));
#6886=CARTESIAN_POINT('Ctrl Pts',(15.045411226683,-40.286622281901,31.2661012208739));
#6887=CARTESIAN_POINT('Ctrl Pts',(49.9761623159292,-57.4650714877436,8.80419929475751));
#6888=CARTESIAN_POINT('Ctrl Pts',(84.9069134051755,-74.6435206935862,-13.6577026313589));
#6889=CARTESIAN_POINT('Ctrl Pts',(100.382038241028,-31.0482274744911,-19.6823078746777));
#6890=CARTESIAN_POINT('Ctrl Pts',(115.857163076881,12.547065744604,-25.7069131179964));
#6891=CARTESIAN_POINT('Ctrl Pts',(80.9264119876349,29.7255149504466,-3.24501119188001));
#6892=CARTESIAN_POINT('Ctrl Pts',(45.9956608983886,46.9039641562892,19.2168907342364));
#6893=CARTESIAN_POINT('Ctrl Pts',(30.5205360625358,3.3086709371941,25.2414959775552));
#6894=CARTESIAN_POINT('Ctrl Pts',(38.5102937805499,-0.620578874103202,20.1037549133296));
#6895=CARTESIAN_POINT('Ctrl Pts',(26.5748150799487,-34.2442619902142,24.7503440894355));
#6896=CARTESIAN_POINT('Ctrl Pts',(53.5158084511809,-47.4934613847595,7.42618322754466));
#6897=CARTESIAN_POINT('Ctrl Pts',(80.4568018224131,-60.7426607793048,-9.89797763434615));
#6898=CARTESIAN_POINT('Ctrl Pts',(92.3922805230143,-27.1189776631938,-14.5445668104521));
#6899=CARTESIAN_POINT('Ctrl Pts',(104.327759223616,6.50470545291717,-19.191155986558));
#6900=CARTESIAN_POINT('Ctrl Pts',(77.3867658523833,19.7539048474625,-1.86699512466716));
#6901=CARTESIAN_POINT('Ctrl Pts',(50.4457724811511,33.0031042420078,15.4571657372237));
#6902=CARTESIAN_POINT('Ctrl Pts',(38.5102937805499,-0.620578874103202,20.1037549133296));
#6903=CARTESIAN_POINT('Ctrl Pts',(46.500051498564,-4.5498286854005,14.966013849104));
#6904=CARTESIAN_POINT('Ctrl Pts',(38.1042189332144,-28.2019016985274,18.234586957997));
#6905=CARTESIAN_POINT('Ctrl Pts',(57.0554545864325,-37.5218512817754,6.0481671603318));
#6906=CARTESIAN_POINT('Ctrl Pts',(76.0066902396506,-46.8418008650234,-6.1382526373334));
#6907=CARTESIAN_POINT('Ctrl Pts',(84.4025228050002,-23.1897278518965,-9.40682574622646));
#6908=CARTESIAN_POINT('Ctrl Pts',(92.7983553703498,0.462345161230344,-12.6753988551195));
#6909=CARTESIAN_POINT('Ctrl Pts',(73.8471197171317,9.78229474447835,-0.488979057454312));
#6910=CARTESIAN_POINT('Ctrl Pts',(54.8958840639136,19.1022443277264,11.6974407402109));
#6911=CARTESIAN_POINT('Ctrl Pts',(46.500051498564,-4.5498286854005,14.966013849104));
#6912=CARTESIAN_POINT('Ctrl Pts',(41.2273871194184,-3.80974418981231,6.2556176878521));
#6913=CARTESIAN_POINT('Ctrl Pts',(32.8315545540688,-27.4618172029392,9.52419079674516));
#6914=CARTESIAN_POINT('Ctrl Pts',(51.7827902072869,-36.7817667861872,-2.66222900092005));
#6915=CARTESIAN_POINT('Ctrl Pts',(70.734025860505,-46.1017163694352,-14.8486487985853));
#6916=CARTESIAN_POINT('Ctrl Pts',(79.1298584258546,-22.4496433563083,-18.1172219074783));
#6917=CARTESIAN_POINT('Ctrl Pts',(87.5256909912042,1.20242965681853,-21.3857950163714));
#6918=CARTESIAN_POINT('Ctrl Pts',(68.5744553379861,10.5223792400665,-9.19937521870617));
#6919=CARTESIAN_POINT('Ctrl Pts',(49.623219684768,19.8423288233145,2.98704457895904));
#6920=CARTESIAN_POINT('Ctrl Pts',(41.2273871194184,-3.80974418981231,6.2556176878521));
#6921=CARTESIAN_POINT('',(28.1417602725758,-26.2020063549138,19.8033535520962));
#6922=CARTESIAN_POINT('Ctrl Pts',(22.7092457669077,-26.201653513074,14.8236993817235));
#6923=CARTESIAN_POINT('Ctrl Pts',(23.148067098806,-26.2016535341574,15.7463105428365));
#6924=CARTESIAN_POINT('Ctrl Pts',(23.7275013000327,-26.2016535535697,16.5957912164313));
#6925=CARTESIAN_POINT('Ctrl Pts',(24.9382339581697,-26.2016535829241,17.8803416656444));
#6926=CARTESIAN_POINT('Ctrl Pts',(25.5051911267112,-26.2016535938435,18.3593662352744));
#6927=CARTESIAN_POINT('Ctrl Pts',(26.7524307368708,-26.201653612866,19.1917883761943));
#6928=CARTESIAN_POINT('Ctrl Pts',(27.4301849247103,-26.2016536208122,19.5383258141217));
#6929=CARTESIAN_POINT('Ctrl Pts',(28.1411952683138,-26.2016536268983,19.8046506833942));
#6930=CARTESIAN_POINT('Ctrl Pts',(27.5907329016444,-24.5148066825287,20.0377876949199));
#6931=CARTESIAN_POINT('Ctrl Pts',(27.7713058726624,-25.0795053474065,19.974745452688));
#6932=CARTESIAN_POINT('Ctrl Pts',(27.9550831329276,-25.6422557556622,19.8965825010118));
#6933=CARTESIAN_POINT('Ctrl Pts',(28.1417602725758,-26.2020063549138,19.8033535520962));
#6934=CARTESIAN_POINT('Ctrl Pts',(33.5499067759896,1.71703798936718,-2.6180551087636));
#6935=CARTESIAN_POINT('Ctrl Pts',(31.5087296819321,-18.5928453575392,11.2462596546122));
#6936=CARTESIAN_POINT('Ctrl Pts',(32.9604298089513,-33.3198637499323,-8.01024242134578));
#6937=CARTESIAN_POINT('Ctrl Pts',(34.4121299359706,-48.0468821423254,-27.2667444973038));
#6938=CARTESIAN_POINT('Ctrl Pts',(36.4533070300282,-27.736998795419,-41.1310592606797));
#6939=CARTESIAN_POINT('Ctrl Pts',(38.4944841240858,-7.42711544851266,-54.9953740240555));
#6940=CARTESIAN_POINT('Ctrl Pts',(37.0427839970665,7.29990294388046,-35.7388719480975));
#6941=CARTESIAN_POINT('Ctrl Pts',(35.5910838700472,22.0269213362736,-16.4823698721395));
#6942=CARTESIAN_POINT('Ctrl Pts',(33.5499067759896,1.71703798936718,-2.6180551087636));
#6943=CARTESIAN_POINT('Ctrl Pts',(23.4031585668624,2.07927150524683,-3.63301254096264));
#6944=CARTESIAN_POINT('Ctrl Pts',(21.3619814728048,-18.2306118416596,10.2313022224132));
#6945=CARTESIAN_POINT('Ctrl Pts',(22.8136815998241,-32.9576302340527,-9.02519985354482));
#6946=CARTESIAN_POINT('Ctrl Pts',(24.2653817268434,-47.6846486264458,-28.2817019295029));
#6947=CARTESIAN_POINT('Ctrl Pts',(26.306558820901,-27.3747652795394,-42.1460166928787));
#6948=CARTESIAN_POINT('Ctrl Pts',(28.3477359149585,-7.06488193263302,-56.0103314562545));
#6949=CARTESIAN_POINT('Ctrl Pts',(26.8960357879393,7.6621364597601,-36.7538293802965));
#6950=CARTESIAN_POINT('Ctrl Pts',(25.44433566092,22.3891548521532,-17.4973273043385));
#6951=CARTESIAN_POINT('Ctrl Pts',(23.4031585668624,2.07927150524683,-3.63301254096264));
#6952=CARTESIAN_POINT('Ctrl Pts',(22.782022368522,8.3804931190537,4.60623072297043));
#6953=CARTESIAN_POINT('Ctrl Pts',(19.8674906768138,-20.619341751613,24.4026437237417));
#6954=CARTESIAN_POINT('Ctrl Pts',(21.9403270021734,-41.647581757813,-3.09310161614937));
#6955=CARTESIAN_POINT('Ctrl Pts',(24.0131633275331,-62.675821764013,-30.5888469560405));
#6956=CARTESIAN_POINT('Ctrl Pts',(26.9276950192413,-33.6759868933463,-50.3852599568118));
#6957=CARTESIAN_POINT('Ctrl Pts',(29.8422267109496,-4.67615202267958,-70.1816729575831));
#6958=CARTESIAN_POINT('Ctrl Pts',(27.76939038559,16.3520879835204,-42.685927617692));
#6959=CARTESIAN_POINT('Ctrl Pts',(25.6965540602303,37.3803279897204,-15.1901822778009));
#6960=CARTESIAN_POINT('Ctrl Pts',(22.782022368522,8.3804931190537,4.60623072297043));
#6961=CARTESIAN_POINT('Ctrl Pts',(22.1608861701817,14.6817147328606,12.8454739869035));
#6962=CARTESIAN_POINT('Ctrl Pts',(18.3729998808227,-23.0080716615664,38.5739852250703));
#6963=CARTESIAN_POINT('Ctrl Pts',(21.0669724045227,-50.3375332815733,2.83899662124608));
#6964=CARTESIAN_POINT('Ctrl Pts',(23.7609449282227,-77.6669949015802,-32.8959919825781));
#6965=CARTESIAN_POINT('Ctrl Pts',(27.5488312175817,-39.9772085071532,-58.6245032207449));
#6966=CARTESIAN_POINT('Ctrl Pts',(31.3367175069407,-2.28742211272615,-84.3530144589116));
#6967=CARTESIAN_POINT('Ctrl Pts',(28.6427449832407,25.0420395072807,-48.6180258550874));
#6968=CARTESIAN_POINT('Ctrl Pts',(25.9487724595407,52.3715011272876,-12.8830372512633));
#6969=CARTESIAN_POINT('Ctrl Pts',(22.1608861701817,14.6817147328606,12.8454739869035));
#6970=CARTESIAN_POINT('Ctrl Pts',(32.3076343793089,14.3194812169809,13.8604314191026));
#6971=CARTESIAN_POINT('Ctrl Pts',(28.5197480899499,-23.3703051774461,39.5889426572693));
#6972=CARTESIAN_POINT('Ctrl Pts',(31.2137206136499,-50.6997667974529,3.85395405344512));
#6973=CARTESIAN_POINT('Ctrl Pts',(33.90769313735,-78.0292284174598,-31.881034550379));
#6974=CARTESIAN_POINT('Ctrl Pts',(37.6955794267089,-40.3394420230328,-57.6095457885458));
#6975=CARTESIAN_POINT('Ctrl Pts',(41.4834657160679,-2.64965562860579,-83.3380570267125));
#6976=CARTESIAN_POINT('Ctrl Pts',(38.7894931923679,24.6798059914011,-47.6030684228884));
#6977=CARTESIAN_POINT('Ctrl Pts',(36.0955206686679,52.0092676114079,-11.8680798190642));
#6978=CARTESIAN_POINT('Ctrl Pts',(32.3076343793089,14.3194812169809,13.8604314191026));
#6979=CARTESIAN_POINT('Ctrl Pts',(42.4543825884361,13.9572477011013,14.8753888513016));
#6980=CARTESIAN_POINT('Ctrl Pts',(38.6664962990771,-23.7325386933257,40.6039000894683));
#6981=CARTESIAN_POINT('Ctrl Pts',(41.3604688227772,-51.0620003133326,4.86891148564416));
#6982=CARTESIAN_POINT('Ctrl Pts',(44.0544413464772,-78.3914619333394,-30.86607711818));
#6983=CARTESIAN_POINT('Ctrl Pts',(47.8423276358362,-40.7016755389124,-56.5945883563468));
#6984=CARTESIAN_POINT('Ctrl Pts',(51.6302139251952,-3.01188914448543,-82.3230995945135));
#6985=CARTESIAN_POINT('Ctrl Pts',(48.9362414014951,24.3175724755214,-46.5881109906893));
#6986=CARTESIAN_POINT('Ctrl Pts',(46.2422688777951,51.6470340955283,-10.8531223868652));
#6987=CARTESIAN_POINT('Ctrl Pts',(42.4543825884361,13.9572477011013,14.8753888513016));
#6988=CARTESIAN_POINT('Ctrl Pts',(43.0755187867765,7.65602608729442,6.63614558736852));
#6989=CARTESIAN_POINT('Ctrl Pts',(40.1609870950682,-21.3438087833723,26.4325585881398));
#6990=CARTESIAN_POINT('Ctrl Pts',(42.2338234204279,-42.3720487895723,-1.06318675175129));
#6991=CARTESIAN_POINT('Ctrl Pts',(44.3066597457875,-63.4002887957722,-28.5589320916424));
#6992=CARTESIAN_POINT('Ctrl Pts',(47.2211914374958,-34.4004539251056,-48.3553450924137));
#6993=CARTESIAN_POINT('Ctrl Pts',(50.1357231292041,-5.40061905443887,-68.151758093185));
#6994=CARTESIAN_POINT('Ctrl Pts',(48.0628868038444,15.6276209517611,-40.6560127532939));
#6995=CARTESIAN_POINT('Ctrl Pts',(45.9900504784848,36.6558609579611,-13.1602674134028));
#6996=CARTESIAN_POINT('Ctrl Pts',(43.0755187867765,7.65602608729442,6.63614558736852));
#6997=CARTESIAN_POINT('Ctrl Pts',(43.6966549851169,1.35480447348754,-1.60309767656456));
#6998=CARTESIAN_POINT('Ctrl Pts',(41.6554778910593,-18.9550788734188,12.2612170868113));
#6999=CARTESIAN_POINT('Ctrl Pts',(43.1071780180786,-33.682097265812,-6.99528498914674));
#7000=CARTESIAN_POINT('Ctrl Pts',(44.5588781450978,-48.4091156582051,-26.2517870651048));
#7001=CARTESIAN_POINT('Ctrl Pts',(46.6000552391554,-28.0992323112987,-40.1161018284806));
#7002=CARTESIAN_POINT('Ctrl Pts',(48.641232333213,-7.7893489643923,-53.9804165918564));
#7003=CARTESIAN_POINT('Ctrl Pts',(47.1895322061937,6.93766942800081,-34.7239145158984));
#7004=CARTESIAN_POINT('Ctrl Pts',(45.7378320791744,21.6646878203939,-15.4674124399404));
#7005=CARTESIAN_POINT('Ctrl Pts',(43.6966549851169,1.35480447348754,-1.60309767656456));
#7006=CARTESIAN_POINT('Ctrl Pts',(33.5499067759896,1.71703798936718,-2.6180551087636));
#7007=CARTESIAN_POINT('Ctrl Pts',(31.5087296819321,-18.5928453575392,11.2462596546122));
#7008=CARTESIAN_POINT('Ctrl Pts',(32.9604298089513,-33.3198637499323,-8.01024242134578));
#7009=CARTESIAN_POINT('Ctrl Pts',(34.4121299359706,-48.0468821423254,-27.2667444973038));
#7010=CARTESIAN_POINT('Ctrl Pts',(36.4533070300282,-27.736998795419,-41.1310592606797));
#7011=CARTESIAN_POINT('Ctrl Pts',(38.4944841240858,-7.42711544851266,-54.9953740240555));
#7012=CARTESIAN_POINT('Ctrl Pts',(37.0427839970665,7.29990294388046,-35.7388719480975));
#7013=CARTESIAN_POINT('Ctrl Pts',(35.5910838700472,22.0269213362736,-16.4823698721395));
#7014=CARTESIAN_POINT('Ctrl Pts',(33.5499067759896,1.71703798936718,-2.6180551087636));
#7015=CARTESIAN_POINT('Ctrl Pts',(28.1417285753612,-26.2016536268706,19.803442815143));
#7016=CARTESIAN_POINT('Ctrl Pts',(29.1365486569421,-26.2016536349433,20.156702418661));
#7017=CARTESIAN_POINT('Ctrl Pts',(30.1816562983891,-26.2016536393797,20.3485505447834));
#7018=CARTESIAN_POINT('Ctrl Pts',(31.9569601053062,-26.2016536401589,20.3826494515925));
#7019=CARTESIAN_POINT('Ctrl Pts',(32.6729195849503,-26.2016536385916,20.3175204724763));
#7020=CARTESIAN_POINT('Ctrl Pts',(34.1095002249174,-26.2016536319267,20.0258625953949));
#7021=CARTESIAN_POINT('Ctrl Pts',(34.8233238483621,-26.2016536266438,19.7935137739301));
#7022=CARTESIAN_POINT('Ctrl Pts',(35.5046756881429,-26.2016536195477,19.4829893889059));
#7023=CARTESIAN_POINT('Origin',(31.4359754050223,-2.55927562273266,10.7562952760979));
#7024=CARTESIAN_POINT('',(24.6434822245337,-1.68633038580357,3.3430001930533));
#7025=CARTESIAN_POINT('',(24.9363834736069,-0.000541347969343003,3.66264388312226));
#7026=CARTESIAN_POINT('',(26.7924239841404,-1.68908863363063,1.83847619902402));
#7027=CARTESIAN_POINT('Ctrl Pts',(24.6434822245337,-1.68633038580357,3.3430001930533));
#7028=CARTESIAN_POINT('Ctrl Pts',(24.9668872582638,-1.68630499929948,3.0466242508669));
#7029=CARTESIAN_POINT('Ctrl Pts',(25.3097169389485,-1.68631375567779,2.77144027675695));
#7030=CARTESIAN_POINT('Ctrl Pts',(25.6690490378651,-1.68630894720555,2.51981159514445));
#7031=CARTESIAN_POINT('Ctrl Pts',(26.0280438623974,-1.68630414324661,2.26841909590725));
#7032=CARTESIAN_POINT('Ctrl Pts',(26.4035057291761,-1.68628580221254,2.04054072740983));
#7033=CARTESIAN_POINT('Ctrl Pts',(26.7922243677733,-1.68630135415048,1.83811179502641));
#7034=CARTESIAN_POINT('',(30.5593478895376,-1.68739804409961,0.739520177889586));
#7035=CARTESIAN_POINT('Origin',(31.452623938219,-1.88728166311004,10.8122895723404));
#7036=CARTESIAN_POINT('',(31.620673396823,-1.68254119458038,0.706028402555834));
#7037=CARTESIAN_POINT('Ctrl Pts',(30.5593824264725,-1.68630828122742,0.739868056973918));
#7038=CARTESIAN_POINT('Ctrl Pts',(30.996666524657,-1.6863073628221,0.701618458957412));
#7039=CARTESIAN_POINT('Ctrl Pts',(31.4356202957352,-1.68630920117854,0.701614070638838));
#7040=CARTESIAN_POINT('Ctrl Pts',(31.4597418091718,-1.59324510447971,0.725752996273024));
#7041=CARTESIAN_POINT('Ctrl Pts',(31.5969709890917,-1.06227780006443,0.862464412602685));
#7042=CARTESIAN_POINT('Ctrl Pts',(31.7288404091471,-0.531377999926589,1.00206191126083));
#7043=CARTESIAN_POINT('Ctrl Pts',(31.8552395982016,-0.000540711602296203,
1.14420889937569));
#7044=CARTESIAN_POINT('Origin',(31.4344219115974,-4.30656896318585,10.7548510147209));
#7045=CARTESIAN_POINT('',(21.3826580554765,-1.68655512837727,10.8421593692345));
#7046=CARTESIAN_POINT('Ctrl Pts',(21.8246286591564,-0.000540727803285686,
10.3356936480646));
#7047=CARTESIAN_POINT('Ctrl Pts',(21.6741795319101,-0.562469184201631,10.4692320182662));
#7048=CARTESIAN_POINT('Ctrl Pts',(21.5264929755206,-1.12439823941732,10.6091486719175));
#7049=CARTESIAN_POINT('Ctrl Pts',(21.3819796658729,-1.68632866444752,10.7553174320557));
#7050=CARTESIAN_POINT('',(21.8359686466728,-1.7273959587106,7.72462908337287));
#7051=CARTESIAN_POINT('Ctrl Pts',(21.381962739805,-1.68632384145606,10.7553174258017));
#7052=CARTESIAN_POINT('Ctrl Pts',(21.3819449201514,-1.6863040177624,10.2435368757512));
#7053=CARTESIAN_POINT('Ctrl Pts',(21.4210782540994,-1.68631321633508,9.73175406335744));
#7054=CARTESIAN_POINT('Ctrl Pts',(21.4989205215818,-1.68630905644049,9.22591962527251));
#7055=CARTESIAN_POINT('Ctrl Pts',(21.5767627880696,-1.68630489654594,8.72008519365076));
#7056=CARTESIAN_POINT('Ctrl Pts',(21.6933124035144,-1.68628738159316,8.22020944084321));
#7057=CARTESIAN_POINT('Ctrl Pts',(21.8472045269377,-1.68630025707041,7.7321013039906));
#7058=CARTESIAN_POINT('',(24.0431996512013,-1.61843704453082,3.97019494974106));
#7059=CARTESIAN_POINT('Origin',(31.5357224504157,-4.34807100035588,10.8395846062926));
#7060=CARTESIAN_POINT('Ctrl Pts',(24.0480912343838,-1.62027046552307,3.96420235393245));
#7061=CARTESIAN_POINT('Ctrl Pts',(24.2337343706952,-1.07571483067661,3.95720380445959));
#7062=CARTESIAN_POINT('Ctrl Pts',(24.4296033836324,-0.535944242883708,3.95419391323589));
#7063=CARTESIAN_POINT('Ctrl Pts',(24.6354356482128,-0.00150247842230912,
3.95510492162477));
#7064=CARTESIAN_POINT('Origin',(31.4370633320834,-2.30948643023065,10.7547893697812));
#7065=CARTESIAN_POINT('',(22.718485864837,-1.73246519432222,15.7942321468102));
#7066=CARTESIAN_POINT('Origin',(31.4383847069562,-1.70381340046283,10.7542907930709));
#7067=CARTESIAN_POINT('',(24.0398116236003,-1.59452036214934,17.5302637375065));
#7068=CARTESIAN_POINT('Ctrl Pts',(24.3418618569707,-0.000540740000269677,
17.2555746787137));
#7069=CARTESIAN_POINT('Ctrl Pts',(24.239137009815,-0.529875273216629,17.3567486217062));
#7070=CARTESIAN_POINT('Ctrl Pts',(24.1389724129688,-1.06133078826728,17.4489083108862));
#7071=CARTESIAN_POINT('Ctrl Pts',(24.0414121423024,-1.59454290542283,17.5320079213969));
#7072=CARTESIAN_POINT('Origin',(31.5348236245356,-4.30694804414081,10.6201939816901));
#7073=CARTESIAN_POINT('Origin',(31.4352296916572,-3.95897562186406,10.7563479311164));
#7074=CARTESIAN_POINT('',(24.6434790481659,-1.68632845340039,18.1676381283692));
#7075=CARTESIAN_POINT('Ctrl Pts',(24.6458161912829,-1.68717362813674,18.1650518076757));
#7076=CARTESIAN_POINT('Ctrl Pts',(24.638473050395,-1.11982116940959,17.9730130024523));
#7077=CARTESIAN_POINT('Ctrl Pts',(24.6348738729828,-0.557667989090796,17.7698854850258));
#7078=CARTESIAN_POINT('Ctrl Pts',(24.6349463306603,-0.00130135406334106,
17.5559602821716));
#7079=CARTESIAN_POINT('',(31.4793358823181,-1.68660892205689,20.808829512117));
#7080=CARTESIAN_POINT('Ctrl Pts',(31.0159984703528,-0.000540828293307353,
20.366308386061));
#7081=CARTESIAN_POINT('Ctrl Pts',(31.1495408213459,-0.562469818639331,20.5167524618833));
#7082=CARTESIAN_POINT('Ctrl Pts',(31.2894567967149,-1.12439943756943,20.664435025477));
#7083=CARTESIAN_POINT('Ctrl Pts',(31.4356203010208,-1.68633051754501,20.8089457997141));
#7084=CARTESIAN_POINT('',(29.2596119794441,-1.68602418123226,20.570648324125));
#7085=CARTESIAN_POINT('Origin',(31.4368700836445,-1.70439671564978,10.7523730659912));
#7086=CARTESIAN_POINT('Ctrl Pts',(29.2595941378193,-1.68630245626976,20.5707287146307));
#7087=CARTESIAN_POINT('Ctrl Pts',(28.831315073566,-1.68628458321974,20.4757879691661));
#7088=CARTESIAN_POINT('Ctrl Pts',(28.409257736124,-1.68629494887602,20.3527788774331));
#7089=CARTESIAN_POINT('Ctrl Pts',(27.9970335211152,-1.68629841618096,20.2027440150138));
#7090=CARTESIAN_POINT('Ctrl Pts',(27.5848092998871,-1.68630188348596,20.0527091503309));
#7091=CARTESIAN_POINT('Ctrl Pts',(27.1824227575,-1.68629845285517,19.8756501555726));
#7092=CARTESIAN_POINT('Ctrl Pts',(26.7933137726949,-1.68630049194838,19.6730842411241));
#7093=CARTESIAN_POINT('Ctrl Pts',(26.4042047878898,-1.68630253104158,19.4705183266755));
#7094=CARTESIAN_POINT('Ctrl Pts',(26.0283769523017,-1.68631003922348,19.2424473397184));
#7095=CARTESIAN_POINT('Ctrl Pts',(25.6690459533784,-1.68631053473865,18.9908199469683));
#7096=CARTESIAN_POINT('Ctrl Pts',(25.3097149544551,-1.68631103025382,18.7391925542182));
#7097=CARTESIAN_POINT('Ctrl Pts',(24.9668847409266,-1.68630451097846,18.4640116052982));
#7098=CARTESIAN_POINT('Ctrl Pts',(24.6434790481659,-1.68632845340039,18.1676381283692));
#7099=CARTESIAN_POINT('Origin',(31.4353069024211,-2.66677967024981,10.7544432162634));
#7100=CARTESIAN_POINT('',(38.2174462923023,-1.62670208428184,18.1563833624617));
#7101=CARTESIAN_POINT('',(37.9348571178635,-0.000540675863408719,17.8479883734782));
#7102=CARTESIAN_POINT('',(37.2113048942712,-1.71734648076652,18.9978621628256));
#7103=CARTESIAN_POINT('Origin',(31.2933601376132,-4.31380314835701,10.6665465721856));
#7104=CARTESIAN_POINT('Origin',(31.4345433052412,-1.70522374814434,10.7524284691896));
#7105=CARTESIAN_POINT('Origin',(31.4366445932543,-4.2410320398903,10.7557147593311));
#7106=CARTESIAN_POINT('',(38.847991454335,-1.68630820957897,17.5475022996297));
#7107=CARTESIAN_POINT('Ctrl Pts',(38.8460720795662,-1.68693306413205,17.5457718266145));
#7108=CARTESIAN_POINT('Ctrl Pts',(38.6543719781239,-1.11953298223835,17.5535164219872));
#7109=CARTESIAN_POINT('Ctrl Pts',(38.4514494488179,-0.557267949035764,17.5573327209768));
#7110=CARTESIAN_POINT('Ctrl Pts',(38.2375869270917,-0.000735897236202704,
17.5572979019321));
#7111=CARTESIAN_POINT('',(41.0466741728473,-0.00101317326246947,11.1748208413913));
#7112=CARTESIAN_POINT('Origin',(31.4347272026908,5.55111512312578E-16,10.7549240550917));
#7113=CARTESIAN_POINT('',(41.4893248734772,-1.68630961614848,10.7552667984047));
#7114=CARTESIAN_POINT('',(41.0465497848709,-0.00053959372930402,11.1749387246465));
#7115=CARTESIAN_POINT('',(41.4033382820714,-1.68641395633201,12.0675925350312));
#7116=CARTESIAN_POINT('Ctrl Pts',(41.4893255111893,-1.68630961612272,10.7553174280373));
#7117=CARTESIAN_POINT('Ctrl Pts',(41.4893372359426,-1.68631141386057,11.1939936744525));
#7118=CARTESIAN_POINT('Ctrl Pts',(41.4605844749114,-1.68630715353432,11.6326676114673));
#7119=CARTESIAN_POINT('Ctrl Pts',(41.403315293562,-1.68630837976631,12.0675895082716));
#7120=CARTESIAN_POINT('Ctrl Pts',(41.4033152934865,-1.68630837976631,12.0675895088454));
#7121=CARTESIAN_POINT('Ctrl Pts',(41.3651515488347,-1.68630722915843,12.357538686897));
#7122=CARTESIAN_POINT('Ctrl Pts',(41.2888896924831,-1.68630853465706,12.7899574254504));
#7123=CARTESIAN_POINT('Ctrl Pts',(41.1498404146924,-1.68630803764506,13.3582333295613));
#7124=CARTESIAN_POINT('Ctrl Pts',(41.0270510802047,-1.68630921466454,13.7794824319909));
#7125=CARTESIAN_POINT('Ctrl Pts',(40.8860111606102,-1.68630824762896,14.1949774198805));
#7126=CARTESIAN_POINT('Ctrl Pts',(40.7269842945947,-1.68630849684441,14.6039258670116));
#7127=CARTESIAN_POINT('Ctrl Pts',(40.5502632651028,-1.68630837813721,15.005544997134));
#7128=CARTESIAN_POINT('Ctrl Pts',(40.3561971352849,-1.68630849743268,15.3990756567141));
#7129=CARTESIAN_POINT('Ctrl Pts',(40.1451481517978,-1.68630885599555,15.7837638123275));
#7130=CARTESIAN_POINT('Ctrl Pts',(39.9175219054135,-1.68631081597053,16.1588838162954));
#7131=CARTESIAN_POINT('Ctrl Pts',(39.6737474471267,-1.68630669653501,16.5237156258791));
#7132=CARTESIAN_POINT('Ctrl Pts',(39.327810804714,-1.68631257887909,16.9955211398889));
#7133=CARTESIAN_POINT('Ctrl Pts',(39.0455688634894,-1.68630726391191,17.3318868320013));
#7134=CARTESIAN_POINT('Ctrl Pts',(38.847991454335,-1.68630820957897,17.5475022996297));
#7135=CARTESIAN_POINT('Origin',(31.9206735216534,-5.68561244429547,10.6062002783383));
#7136=CARTESIAN_POINT('Origin',(30.8936355006657,5.64191705507144E-16,10.9192555224444));
#7137=CARTESIAN_POINT('',(38.8479877643116,-1.68676890683222,3.96297497835502));
#7138=CARTESIAN_POINT('',(38.5282945511063,-0.000539874121295667,4.25608223701566));
#7139=CARTESIAN_POINT('',(38.847991454335,-1.68630962127723,3.96313438884941));
#7140=CARTESIAN_POINT('',(39.1372382736728,-1.68629879439266,4.292890828023));
#7141=CARTESIAN_POINT('Ctrl Pts',(39.123483674996,-3.3879104850698,3.71069228471204));
#7142=CARTESIAN_POINT('Ctrl Pts',(39.1341200255059,-2.82070136408612,3.90662834287199));
#7143=CARTESIAN_POINT('Ctrl Pts',(39.1386471560325,-2.25349755491769,4.10080825440406));
#7144=CARTESIAN_POINT('Ctrl Pts',(39.1372382736728,-1.68629879439266,4.292890828023));
#7145=CARTESIAN_POINT('Ctrl Pts',(39.1372063038071,-1.68630894777707,4.29291765213276));
#7146=CARTESIAN_POINT('Ctrl Pts',(39.5074694242478,-1.68630802498304,4.74564297160889));
#7147=CARTESIAN_POINT('Ctrl Pts',(40.1896128068527,-1.68631200751692,5.70070634400569));
#7148=CARTESIAN_POINT('Ctrl Pts',(40.9294661977914,-1.6863076317033,7.29983933626047));
#7149=CARTESIAN_POINT('Ctrl Pts',(41.3906032161714,-1.6863074192692,9.0003983881199));
#7150=CARTESIAN_POINT('Ctrl Pts',(41.4819579519852,-1.6863099137091,10.1704753582485));
#7151=CARTESIAN_POINT('Ctrl Pts',(41.4893248734772,-1.68630961614848,10.7552667984047));
#7152=CARTESIAN_POINT('Origin',(31.4495632507732,-4.34454166752636,10.7363328733802));
#7153=CARTESIAN_POINT('',(35.7113955483802,-1.67960171678804,1.65823689900603));
#7154=CARTESIAN_POINT('Ctrl Pts',(35.8778001475775,-0.000540713501893306,
2.22192901356313));
#7155=CARTESIAN_POINT('Ctrl Pts',(35.8202763777489,-0.557849933449012,2.03041650835343));
#7156=CARTESIAN_POINT('Ctrl Pts',(35.7563891542203,-1.115294681955,1.83910780867505));
#7157=CARTESIAN_POINT('Ctrl Pts',(35.6861021138335,-1.67288626010547,1.64839237764894));
#7158=CARTESIAN_POINT('Ctrl Pts',(35.7366614133189,-1.68630985368543,1.66807068992661));
#7159=CARTESIAN_POINT('Ctrl Pts',(35.9836391557738,-1.68631000091788,1.78495534885976));
#7160=CARTESIAN_POINT('Ctrl Pts',(36.3554562615325,-1.68630927755707,1.97987920942322));
#7161=CARTESIAN_POINT('Ctrl Pts',(36.8391871714258,-1.68630897687179,2.27341577229343));
#7162=CARTESIAN_POINT('Ctrl Pts',(37.2040196022915,-1.68630615921266,2.51719065965146));
#7163=CARTESIAN_POINT('Ctrl Pts',(37.5578743747095,-1.68631048910449,2.77664353637885));
#7164=CARTESIAN_POINT('Ctrl Pts',(37.9000696475059,-1.68630665362214,3.05128757419118));
#7165=CARTESIAN_POINT('Ctrl Pts',(38.3398951862497,-1.68631251736169,3.43700652321345));
#7166=CARTESIAN_POINT('Ctrl Pts',(38.6503634793918,-1.68630666960483,3.74745352561609));
#7167=CARTESIAN_POINT('Ctrl Pts',(38.8479103718523,-1.68630962006583,3.96304589859511));
#7168=CARTESIAN_POINT('Origin',(31.4387896616981,-4.28150755267908,10.7410164806673));
#7169=CARTESIAN_POINT('Origin',(31.4292718908655,-1.85112436613029,10.7801918663765));
#7170=CARTESIAN_POINT('Origin',(31.4309908239451,-5.7926237462615,10.7405740968814));
#7171=CARTESIAN_POINT('Ctrl Pts',(26.7916665663953,-1.69102498928097,1.8370321838643));
#7172=CARTESIAN_POINT('Ctrl Pts',(26.6046289081594,-2.25658033628658,1.79443707373673));
#7173=CARTESIAN_POINT('Ctrl Pts',(26.4146468666127,-2.82221862663509,1.75704367113946));
#7174=CARTESIAN_POINT('Ctrl Pts',(26.2220069159343,-3.38794574673665,1.72507168758871));
#7175=CARTESIAN_POINT('',(30.5268120643814,-3.38789949309803,0.367587629620827));
#7176=CARTESIAN_POINT('Ctrl Pts',(84.9909605677803,-6.72562249439112,28.9374059904186));
#7177=CARTESIAN_POINT('Ctrl Pts',(91.0814362713768,-30.9525511138398,29.0004641003221));
#7178=CARTESIAN_POINT('Ctrl Pts',(69.386053049757,-37.0187102085974,21.0685798526845));
#7179=CARTESIAN_POINT('Ctrl Pts',(47.6906698281372,-43.084869303355,13.1366956050469));
#7180=CARTESIAN_POINT('Ctrl Pts',(41.6001941245407,-18.8579406839063,13.0736374951434));
#7181=CARTESIAN_POINT('Ctrl Pts',(35.5097184209442,5.36898793554233,13.0105793852399));
#7182=CARTESIAN_POINT('Ctrl Pts',(57.205101642564,11.4351470302999,20.9424636328775));
#7183=CARTESIAN_POINT('Ctrl Pts',(78.9004848641839,17.5013061250575,28.8743478805151));
#7184=CARTESIAN_POINT('Ctrl Pts',(84.9909605677803,-6.72562249439112,28.9374059904186));
#7185=CARTESIAN_POINT('Ctrl Pts',(81.6055018351508,-7.64012133344196,38.8285537667017));
#7186=CARTESIAN_POINT('Ctrl Pts',(87.6959775387472,-31.8670499528906,38.8916118766051));
#7187=CARTESIAN_POINT('Ctrl Pts',(66.0005943171274,-37.9332090476482,30.9597276289676));
#7188=CARTESIAN_POINT('Ctrl Pts',(44.3052110955076,-43.9993681424058,23.02784338133));
#7189=CARTESIAN_POINT('Ctrl Pts',(38.2147353919111,-19.7724395229572,22.9647852714265));
#7190=CARTESIAN_POINT('Ctrl Pts',(32.1242596883147,4.45448909649149,22.901727161523));
#7191=CARTESIAN_POINT('Ctrl Pts',(53.8196429099345,10.5206481912491,30.8336114091606));
#7192=CARTESIAN_POINT('Ctrl Pts',(75.5150261315543,16.5868072860067,38.7654956567982));
#7193=CARTESIAN_POINT('Ctrl Pts',(81.6055018351508,-7.64012133344196,38.8285537667017));
#7194=CARTESIAN_POINT('Ctrl Pts',(91.1651851307463,-4.96717662561166,42.3235969549306));
#7195=CARTESIAN_POINT('Ctrl Pts',(99.9393202217409,-39.8692688253069,42.414440495206));
#7196=CARTESIAN_POINT('Ctrl Pts',(68.6842537045256,-48.6083726278948,30.9875130593395));
#7197=CARTESIAN_POINT('Ctrl Pts',(37.4291871873103,-57.3474764304827,19.560585623473));
#7198=CARTESIAN_POINT('Ctrl Pts',(28.6550520963156,-22.4453842307875,19.4697420831976));
#7199=CARTESIAN_POINT('Ctrl Pts',(19.8809170053209,12.4567079689077,19.3788985429222));
#7200=CARTESIAN_POINT('Ctrl Pts',(51.1359835225363,21.1958117714957,30.8058259787887));
#7201=CARTESIAN_POINT('Ctrl Pts',(82.3910500397516,29.9349155740836,42.2327534146552));
#7202=CARTESIAN_POINT('Ctrl Pts',(91.1651851307463,-4.96717662561166,42.3235969549306));
#7203=CARTESIAN_POINT('Ctrl Pts',(100.724868426342,-2.29423191778135,45.8186401431595));
#7204=CARTESIAN_POINT('Ctrl Pts',(112.182662904735,-47.8714876977231,45.9372691138068));
#7205=CARTESIAN_POINT('Ctrl Pts',(71.3679130919238,-59.2835362081414,31.0152984897114));
#7206=CARTESIAN_POINT('Ctrl Pts',(30.553163279113,-70.6955847185596,16.093327865616));
#7207=CARTESIAN_POINT('Ctrl Pts',(19.0953688007201,-25.1183289386178,15.9746988949687));
#7208=CARTESIAN_POINT('Ctrl Pts',(7.63757432232723,20.458926841324,15.8560699243214));
#7209=CARTESIAN_POINT('Ctrl Pts',(48.4523241351381,31.8709753517422,30.7780405484168));
#7210=CARTESIAN_POINT('Ctrl Pts',(89.2670739479489,43.2830238621604,45.7000111725122));
#7211=CARTESIAN_POINT('Ctrl Pts',(100.724868426342,-2.29423191778135,45.8186401431595));
#7212=CARTESIAN_POINT('Ctrl Pts',(104.110327158971,-1.37973307873051,35.9274923668764));
#7213=CARTESIAN_POINT('Ctrl Pts',(115.568121637364,-46.9569888586723,36.0461213375237));
#7214=CARTESIAN_POINT('Ctrl Pts',(74.7533718245534,-58.3690373690905,21.1241507134283));
#7215=CARTESIAN_POINT('Ctrl Pts',(33.9386220117426,-69.7810858795087,6.20218008933291));
#7216=CARTESIAN_POINT('Ctrl Pts',(22.4808275333497,-24.203830099567,6.08355111868559));
#7217=CARTESIAN_POINT('Ctrl Pts',(11.0230330549568,21.3734256803748,5.96492214803829));
#7218=CARTESIAN_POINT('Ctrl Pts',(51.8377828677676,32.785474190793,20.8868927721337));
#7219=CARTESIAN_POINT('Ctrl Pts',(92.6525326805785,44.1975227012113,35.8088633962291));
#7220=CARTESIAN_POINT('Ctrl Pts',(104.110327158971,-1.37973307873051,35.9274923668764));
#7221=CARTESIAN_POINT('Ctrl Pts',(107.495785891601,-0.465234239679665,26.0363445905933));
#7222=CARTESIAN_POINT('Ctrl Pts',(118.953580369994,-46.0424900196214,26.1549735612406));
#7223=CARTESIAN_POINT('Ctrl Pts',(78.138830557183,-57.4545385300397,11.2330029371452));
#7224=CARTESIAN_POINT('Ctrl Pts',(37.3240807443721,-68.8665870404579,-3.68896768695017));
#7225=CARTESIAN_POINT('Ctrl Pts',(25.8662862659792,-23.2893312605161,-3.80759665759749));
#7226=CARTESIAN_POINT('Ctrl Pts',(14.4084917875864,22.2879245194257,-3.92622562824479));
#7227=CARTESIAN_POINT('Ctrl Pts',(55.2232416003972,33.6999730298439,10.9957449958506));
#7228=CARTESIAN_POINT('Ctrl Pts',(96.037991413208,45.1120215402621,25.917715619946));
#7229=CARTESIAN_POINT('Ctrl Pts',(107.495785891601,-0.465234239679665,26.0363445905933));
#7230=CARTESIAN_POINT('Ctrl Pts',(97.9361025960054,-3.13817894750997,22.5413014023644));
#7231=CARTESIAN_POINT('Ctrl Pts',(106.710237687,-38.0402711472052,22.6321449426398));
#7232=CARTESIAN_POINT('Ctrl Pts',(75.4551711697848,-46.7793749497931,11.2052175067733));
#7233=CARTESIAN_POINT('Ctrl Pts',(44.2001046525695,-55.518478752381,-0.221709929093183));
#7234=CARTESIAN_POINT('Ctrl Pts',(35.4259695615748,-20.6163865526858,-0.312553469368583));
#7235=CARTESIAN_POINT('Ctrl Pts',(26.6518344705801,14.2857056470094,-0.403397009643979));
#7236=CARTESIAN_POINT('Ctrl Pts',(57.9069009877954,23.0248094495973,11.0235304262225));
#7237=CARTESIAN_POINT('Ctrl Pts',(89.1619675050107,31.7639132521852,22.450457862089));
#7238=CARTESIAN_POINT('Ctrl Pts',(97.9361025960054,-3.13817894750997,22.5413014023644));
#7239=CARTESIAN_POINT('Ctrl Pts',(88.3764193004099,-5.81112365534028,19.0462582141355));
#7240=CARTESIAN_POINT('Ctrl Pts',(94.4668950040064,-30.0380522747889,19.109316324039));
#7241=CARTESIAN_POINT('Ctrl Pts',(72.7715117823866,-36.1042113695466,11.1774320764014));
#7242=CARTESIAN_POINT('Ctrl Pts',(51.0761285607667,-42.1703704643042,3.24554782876382));
#7243=CARTESIAN_POINT('Ctrl Pts',(44.9856528571703,-17.9434418448555,3.18248971886032));
#7244=CARTESIAN_POINT('Ctrl Pts',(38.8951771535738,6.28348677459316,3.11943160895684));
#7245=CARTESIAN_POINT('Ctrl Pts',(60.5905603751936,12.3496458693508,11.0513158565944));
#7246=CARTESIAN_POINT('Ctrl Pts',(82.2859435968135,18.4158049641084,18.983200104232));
#7247=CARTESIAN_POINT('Ctrl Pts',(88.3764193004099,-5.81112365534028,19.0462582141355));
#7248=CARTESIAN_POINT('Ctrl Pts',(84.9909605677803,-6.72562249439112,28.9374059904186));
#7249=CARTESIAN_POINT('Ctrl Pts',(91.0814362713768,-30.9525511138398,29.0004641003221));
#7250=CARTESIAN_POINT('Ctrl Pts',(69.386053049757,-37.0187102085974,21.0685798526845));
#7251=CARTESIAN_POINT('Ctrl Pts',(47.6906698281372,-43.084869303355,13.1366956050469));
#7252=CARTESIAN_POINT('Ctrl Pts',(41.6001941245407,-18.8579406839063,13.0736374951434));
#7253=CARTESIAN_POINT('Ctrl Pts',(35.5097184209442,5.36898793554233,13.0105793852399));
#7254=CARTESIAN_POINT('Ctrl Pts',(57.205101642564,11.4351470302999,20.9424636328775));
#7255=CARTESIAN_POINT('Ctrl Pts',(78.9004848641839,17.5013061250575,28.8743478805151));
#7256=CARTESIAN_POINT('Ctrl Pts',(84.9909605677803,-6.72562249439112,28.9374059904186));
#7257=CARTESIAN_POINT('',(21.8472295877655,-1.68630774538107,7.73210918484817));
#7258=CARTESIAN_POINT('Origin',(31.4368307829791,-3.64249703068472,10.755184484846));
#7259=CARTESIAN_POINT('',(22.7288558361252,-1.68630912290018,15.7821700229388));
#7260=CARTESIAN_POINT('Ctrl Pts',(35.9024984500447,1.60464380220658,-2.62255649862438));
#7261=CARTESIAN_POINT('Ctrl Pts',(30.497254460951,-18.7438409782548,10.170001074057));
#7262=CARTESIAN_POINT('Ctrl Pts',(34.8822339843688,-33.2188528187149,-8.75698659775252));
#7263=CARTESIAN_POINT('Ctrl Pts',(39.2672135077866,-47.693864659175,-27.6839742695621));
#7264=CARTESIAN_POINT('Ctrl Pts',(44.6724574968803,-27.3453798787136,-40.4765318422434));
#7265=CARTESIAN_POINT('Ctrl Pts',(50.0777014859741,-6.99689509825225,-53.2690894149248));
#7266=CARTESIAN_POINT('Ctrl Pts',(45.6927219625563,7.47811674220785,-34.3421017431153));
#7267=CARTESIAN_POINT('Ctrl Pts',(41.3077424391385,21.9531285826679,-15.4151140713058));
#7268=CARTESIAN_POINT('Ctrl Pts',(35.9024984500447,1.60464380220658,-2.62255649862438));
#7269=CARTESIAN_POINT('Ctrl Pts',(25.8471438663806,2.50741070957045,-5.57527139090721));
#7270=CARTESIAN_POINT('Ctrl Pts',(20.4418998772868,-17.8410740708909,7.21728618177417));
#7271=CARTESIAN_POINT('Ctrl Pts',(24.8268794007046,-32.316085911351,-11.7097014900354));
#7272=CARTESIAN_POINT('Ctrl Pts',(29.2118589241224,-46.7910977518111,-30.6366891618449));
#7273=CARTESIAN_POINT('Ctrl Pts',(34.6171029132162,-26.4426129713497,-43.4292467345263));
#7274=CARTESIAN_POINT('Ctrl Pts',(40.0223469023099,-6.09412819088838,-56.2218043072076));
#7275=CARTESIAN_POINT('Ctrl Pts',(35.6373673788921,8.38088364957173,-37.2948166353981));
#7276=CARTESIAN_POINT('Ctrl Pts',(31.2523878554743,22.8558954900318,-18.3678289635886));
#7277=CARTESIAN_POINT('Ctrl Pts',(25.8471438663806,2.50741070957045,-5.57527139090721));
#7278=CARTESIAN_POINT('Ctrl Pts',(23.9100378435102,8.90188358396585,2.78590375667424));
#7279=CARTESIAN_POINT('Ctrl Pts',(16.1169763901753,-20.4357360861822,21.2296941776772));
#7280=CARTESIAN_POINT('Ctrl Pts',(22.4390619364634,-41.3052208010377,-6.05846864171373));
#7281=CARTESIAN_POINT('Ctrl Pts',(28.7611474827515,-62.1747055158932,-33.3466314611047));
#7282=CARTESIAN_POINT('Ctrl Pts',(36.5542089360865,-32.8370858457452,-51.7904218821077));
#7283=CARTESIAN_POINT('Ctrl Pts',(44.3472703894215,-3.49946617559707,-70.2342123031107));
#7284=CARTESIAN_POINT('Ctrl Pts',(38.0251848431333,17.3700185392584,-42.9460494837197));
#7285=CARTESIAN_POINT('Ctrl Pts',(31.7030992968452,38.2395032541139,-15.6578866643288));
#7286=CARTESIAN_POINT('Ctrl Pts',(23.9100378435102,8.90188358396585,2.78590375667424));
#7287=CARTESIAN_POINT('Ctrl Pts',(21.9729318206399,15.2963564583613,11.1470789042557));
#7288=CARTESIAN_POINT('Ctrl Pts',(11.7920529030637,-23.0303981014735,35.2421021735803));
#7289=CARTESIAN_POINT('Ctrl Pts',(20.0512444722222,-50.2943556907244,-0.407235793392106));
#7290=CARTESIAN_POINT('Ctrl Pts',(28.3104360413806,-77.5583132799753,-36.0565737603645));
#7291=CARTESIAN_POINT('Ctrl Pts',(38.4913149589568,-39.2315587201406,-60.1515970296892));
#7292=CARTESIAN_POINT('Ctrl Pts',(48.672193876533,-0.904804160305773,-84.2466202990138));
#7293=CARTESIAN_POINT('Ctrl Pts',(40.4130023073746,26.3591534289451,-48.5972823320414));
#7294=CARTESIAN_POINT('Ctrl Pts',(32.1538107382161,53.623111018196,-12.9479443650689));
#7295=CARTESIAN_POINT('Ctrl Pts',(21.9729318206399,15.2963564583613,11.1470789042557));
#7296=CARTESIAN_POINT('Ctrl Pts',(32.0282864043041,14.3935895509974,14.0997937965385));
#7297=CARTESIAN_POINT('Ctrl Pts',(21.8474074867279,-23.9331650088374,38.1948170658631));
#7298=CARTESIAN_POINT('Ctrl Pts',(30.1065990558863,-51.1971225980883,2.54547909889072));
#7299=CARTESIAN_POINT('Ctrl Pts',(38.3657906250448,-78.4610801873392,-33.1038588680817));
#7300=CARTESIAN_POINT('Ctrl Pts',(48.546669542621,-40.1343256275044,-57.1988821374063));
#7301=CARTESIAN_POINT('Ctrl Pts',(58.7275484601972,-1.80757106766965,-81.293905406731));
#7302=CARTESIAN_POINT('Ctrl Pts',(50.4683568910387,25.4563865215813,-45.6445674397585));
#7303=CARTESIAN_POINT('Ctrl Pts',(42.2091653218803,52.7203441108322,-9.99522947278611));
#7304=CARTESIAN_POINT('Ctrl Pts',(32.0282864043041,14.3935895509974,14.0997937965385));
#7305=CARTESIAN_POINT('Ctrl Pts',(42.0836409879683,13.4908226436335,17.0525086888214));
#7306=CARTESIAN_POINT('Ctrl Pts',(31.9027620703921,-24.8359319162013,41.147531958146));
#7307=CARTESIAN_POINT('Ctrl Pts',(40.1619536395505,-52.0998895054522,5.49819399117355));
#7308=CARTESIAN_POINT('Ctrl Pts',(48.4211452087089,-79.3638470947031,-30.1511439757989));
#7309=CARTESIAN_POINT('Ctrl Pts',(58.6020241262851,-41.0370925348683,-54.2461672451235));
#7310=CARTESIAN_POINT('Ctrl Pts',(68.7829030438613,-2.71033797503353,-78.3411905144481));
#7311=CARTESIAN_POINT('Ctrl Pts',(60.5237114747029,24.5536196142174,-42.6918525474757));
#7312=CARTESIAN_POINT('Ctrl Pts',(52.2645199055445,51.8175772034683,-7.04251458050328));
#7313=CARTESIAN_POINT('Ctrl Pts',(42.0836409879683,13.4908226436335,17.0525086888214));
#7314=CARTESIAN_POINT('Ctrl Pts',(44.0207470108386,7.0963497692381,8.6913335412399));
#7315=CARTESIAN_POINT('Ctrl Pts',(36.2276855575036,-22.24126990091,27.1351239622429));
#7316=CARTESIAN_POINT('Ctrl Pts',(42.5497711037917,-43.1107546157655,-0.153038857148074));
#7317=CARTESIAN_POINT('Ctrl Pts',(48.8718566500798,-63.980239330621,-27.4412016765391));
#7318=CARTESIAN_POINT('Ctrl Pts',(56.6649181034148,-34.6426196604729,-45.8849920975421));
#7319=CARTESIAN_POINT('Ctrl Pts',(64.4579795567498,-5.30499999032482,-64.3287825185451));
#7320=CARTESIAN_POINT('Ctrl Pts',(58.1358940104617,15.5644847245307,-37.0406196991541));
#7321=CARTESIAN_POINT('Ctrl Pts',(51.8138084641736,36.4339694393862,-9.7524568797631));
#7322=CARTESIAN_POINT('Ctrl Pts',(44.0207470108386,7.0963497692381,8.6913335412399));
#7323=CARTESIAN_POINT('Ctrl Pts',(45.9578530337089,0.701876894842701,0.330158393658447));
#7324=CARTESIAN_POINT('Ctrl Pts',(40.5526090446151,-19.6466078856187,13.1227159663398));
#7325=CARTESIAN_POINT('Ctrl Pts',(44.9375885680329,-34.1216197260788,-5.8042717054697));
#7326=CARTESIAN_POINT('Ctrl Pts',(49.3225680914507,-48.5966315665389,-24.7312593772792));
#7327=CARTESIAN_POINT('Ctrl Pts',(54.7278120805445,-28.2481467860775,-37.5238169499606));
#7328=CARTESIAN_POINT('Ctrl Pts',(60.1330560696383,-7.89966200561613,-50.316374522642));
#7329=CARTESIAN_POINT('Ctrl Pts',(55.7480765462205,6.57534983484397,-31.3893868508325));
#7330=CARTESIAN_POINT('Ctrl Pts',(51.3630970228027,21.0503616753041,-12.4623991790229));
#7331=CARTESIAN_POINT('Ctrl Pts',(45.9578530337089,0.701876894842701,0.330158393658447));
#7332=CARTESIAN_POINT('Ctrl Pts',(35.9024984500447,1.60464380220658,-2.62255649862438));
#7333=CARTESIAN_POINT('Ctrl Pts',(30.497254460951,-18.7438409782548,10.170001074057));
#7334=CARTESIAN_POINT('Ctrl Pts',(34.8822339843688,-33.2188528187149,-8.75698659775252));
#7335=CARTESIAN_POINT('Ctrl Pts',(39.2672135077866,-47.693864659175,-27.6839742695621));
#7336=CARTESIAN_POINT('Ctrl Pts',(44.6724574968803,-27.3453798787136,-40.4765318422434));
#7337=CARTESIAN_POINT('Ctrl Pts',(50.0777014859741,-6.99689509825225,-53.2690894149248));
#7338=CARTESIAN_POINT('Ctrl Pts',(45.6927219625563,7.47811674220785,-34.3421017431153));
#7339=CARTESIAN_POINT('Ctrl Pts',(41.3077424391385,21.9531285826679,-15.4151140713058));
#7340=CARTESIAN_POINT('Ctrl Pts',(35.9024984500447,1.60464380220658,-2.62255649862438));
#7341=CARTESIAN_POINT('',(29.2595984813889,-1.68630815147377,20.5707092114991));
#7342=CARTESIAN_POINT('Origin',(31.4354962347917,-4.07452252059481,10.754694690917));
#7343=CARTESIAN_POINT('',(37.2021915790756,-1.68630855153339,18.9908305835338));
#7344=CARTESIAN_POINT('Ctrl Pts',(21.3202946875503,-6.17434621187232,7.65814293215037));
#7345=CARTESIAN_POINT('Ctrl Pts',(21.546727380042,-7.07822787808811,7.78312287216883));
#7346=CARTESIAN_POINT('Ctrl Pts',(21.7057624425016,-8.00065839768701,7.88813006853104));
#7347=CARTESIAN_POINT('Ctrl Pts',(25.6385735354182,-30.8116343159418,10.4848748385366));
#7348=CARTESIAN_POINT('Ctrl Pts',(4.83787815306511,-35.5701028231332,4.26287821670571));
#7349=CARTESIAN_POINT('Ctrl Pts',(-15.962817229288,-40.3285713303245,-1.95911840512519));
#7350=CARTESIAN_POINT('Ctrl Pts',(-19.8956283222046,-17.5175954120697,-4.55586317513074));
#7351=CARTESIAN_POINT('Ctrl Pts',(-23.8284394151213,5.2933805061851,-7.1526079451363));
#7352=CARTESIAN_POINT('Ctrl Pts',(-3.02774403276818,10.0518490133765,-0.93061132330541));
#7353=CARTESIAN_POINT('Ctrl Pts',(16.1560577696596,14.4404290606809,4.80773289137132));
#7354=CARTESIAN_POINT('Ctrl Pts',(21.3202946875503,-6.17434621187232,7.65814293215037));
#7355=CARTESIAN_POINT('Ctrl Pts',(18.186323686054,-5.50939172759433,17.676328580481));
#7356=CARTESIAN_POINT('Ctrl Pts',(18.4127563785457,-6.41327339381012,17.8013085204994));
#7357=CARTESIAN_POINT('Ctrl Pts',(18.5717914410053,-7.33570391340902,17.9063157168616));
#7358=CARTESIAN_POINT('Ctrl Pts',(22.504602533922,-30.1466798316638,20.5030604868672));
#7359=CARTESIAN_POINT('Ctrl Pts',(1.70390715156885,-34.9051483388552,14.2810638650363));
#7360=CARTESIAN_POINT('Ctrl Pts',(-19.0967882307843,-39.6636168460466,8.0590672432054));
#7361=CARTESIAN_POINT('Ctrl Pts',(-23.0295993237009,-16.8526409277917,5.46232247319984));
#7362=CARTESIAN_POINT('Ctrl Pts',(-26.9624104166175,5.9583349904631,2.86557770319429));
#7363=CARTESIAN_POINT('Ctrl Pts',(-6.16171503426444,10.7168034976545,9.08757432502518));
#7364=CARTESIAN_POINT('Ctrl Pts',(13.0220867681633,15.1053835449589,14.8259185397019));
#7365=CARTESIAN_POINT('Ctrl Pts',(18.186323686054,-5.50939172759433,17.676328580481));
#7366=CARTESIAN_POINT('Ctrl Pts',(27.86687512544,-2.387001452104,20.5176368973832));
#7367=CARTESIAN_POINT('Ctrl Pts',(28.2006783242631,-3.7194883303026,20.7018801853458));
#7368=CARTESIAN_POINT('Ctrl Pts',(28.4351250907166,-5.07931961060873,20.8566799965366));
#7369=CARTESIAN_POINT('Ctrl Pts',(34.2328078755495,-38.7068697934026,24.6847566811202));
#7370=CARTESIAN_POINT('Ctrl Pts',(3.56877884348506,-45.7217226033943,15.5123957796143));
#7371=CARTESIAN_POINT('Ctrl Pts',(-27.0952501885793,-52.7365754133859,6.34003487810848));
#7372=CARTESIAN_POINT('Ctrl Pts',(-32.8929329734122,-19.109025230592,2.51195819352487));
#7373=CARTESIAN_POINT('Ctrl Pts',(-38.6906157582451,14.5185249522019,-1.31611849105874));
#7374=CARTESIAN_POINT('Ctrl Pts',(-8.02658672618065,21.5333777621935,7.85624241044712));
#7375=CARTESIAN_POINT('Ctrl Pts',(20.2538454710081,28.0029473369805,16.3156112132857));
#7376=CARTESIAN_POINT('Ctrl Pts',(27.86687512544,-2.387001452104,20.5176368973832));
#7377=CARTESIAN_POINT('Ctrl Pts',(37.547426564826,0.735388823386325,23.3589452142855));
#7378=CARTESIAN_POINT('Ctrl Pts',(37.9886002699806,-1.02570326679508,23.6024518501921));
#7379=CARTESIAN_POINT('Ctrl Pts',(38.2984587404279,-2.82293530780844,23.8070442762116));
#7380=CARTESIAN_POINT('Ctrl Pts',(45.961013217177,-47.2670597551414,28.8664528753732));
#7381=CARTESIAN_POINT('Ctrl Pts',(5.43365053540128,-56.5382968679333,16.7437276941924));
#7382=CARTESIAN_POINT('Ctrl Pts',(-35.0937121463744,-65.8095339807253,4.62100251301155));
#7383=CARTESIAN_POINT('Ctrl Pts',(-42.7562666231235,-21.3654095333923,-0.438406086150116));
#7384=CARTESIAN_POINT('Ctrl Pts',(-50.4188210998726,23.0787149139407,-5.49781468531178));
#7385=CARTESIAN_POINT('Ctrl Pts',(-9.89145841809686,32.3499520267326,6.62491049586906));
#7386=CARTESIAN_POINT('Ctrl Pts',(27.4856041738529,40.900511129002,17.8053038868695));
#7387=CARTESIAN_POINT('Ctrl Pts',(37.547426564826,0.735388823386325,23.3589452142855));
#7388=CARTESIAN_POINT('Ctrl Pts',(40.6813975663223,0.0704343391083289,13.3407595659549));
#7389=CARTESIAN_POINT('Ctrl Pts',(41.1225712714768,-1.69065775107308,13.5842662018615));
#7390=CARTESIAN_POINT('Ctrl Pts',(41.4324297419242,-3.48788979208643,13.788858627881));
#7391=CARTESIAN_POINT('Ctrl Pts',(49.0949842186733,-47.9320142394194,18.8482672270427));
#7392=CARTESIAN_POINT('Ctrl Pts',(8.56762153689754,-57.2032513522113,6.72554204586181));
#7393=CARTESIAN_POINT('Ctrl Pts',(-31.9597411448782,-66.4744884650033,-5.39718313531902));
#7394=CARTESIAN_POINT('Ctrl Pts',(-39.6222956216273,-22.0303640176703,-10.4565917344807));
#7395=CARTESIAN_POINT('Ctrl Pts',(-47.2848500983763,22.4137604296627,-15.5160003336423));
#7396=CARTESIAN_POINT('Ctrl Pts',(-6.75748741660061,31.6849975424546,-3.39327515246151));
#7397=CARTESIAN_POINT('Ctrl Pts',(30.6195751753492,40.235556644724,7.78711823853889));
#7398=CARTESIAN_POINT('Ctrl Pts',(40.6813975663223,0.0704343391083289,13.3407595659549));
#7399=CARTESIAN_POINT('Ctrl Pts',(43.8153685678186,-0.594520145169674,3.32257391762433));
#7400=CARTESIAN_POINT('Ctrl Pts',(44.2565422729731,-2.35561223535108,3.56608055353091));
#7401=CARTESIAN_POINT('Ctrl Pts',(44.5664007434205,-4.15284427636443,3.7706729795504));
#7402=CARTESIAN_POINT('Ctrl Pts',(52.2289552201695,-48.5969687236974,8.83008157871206));
#7403=CARTESIAN_POINT('Ctrl Pts',(11.7015925383938,-57.8682058364893,-3.29264360246877));
#7404=CARTESIAN_POINT('Ctrl Pts',(-28.8257701433819,-67.1394429492812,-15.4153687836496));
#7405=CARTESIAN_POINT('Ctrl Pts',(-36.488324620131,-22.6953185019483,-20.4747773828113));
#7406=CARTESIAN_POINT('Ctrl Pts',(-44.1508790968801,21.7488059453846,-25.5341859819729));
#7407=CARTESIAN_POINT('Ctrl Pts',(-3.62351641510435,31.0200430581766,-13.4114608007921));
#7408=CARTESIAN_POINT('Ctrl Pts',(33.7535461768454,39.570602160446,-2.2310674097917));
#7409=CARTESIAN_POINT('Ctrl Pts',(43.8153685678186,-0.594520145169674,3.32257391762433));
#7410=CARTESIAN_POINT('Ctrl Pts',(34.1348171284325,-3.71691042065999,0.481265600722057));
#7411=CARTESIAN_POINT('Ctrl Pts',(34.4686203272557,-5.04939729885859,0.665508888684575));
#7412=CARTESIAN_POINT('Ctrl Pts',(34.7030670937091,-6.40922857916472,0.820308699875426));
#7413=CARTESIAN_POINT('Ctrl Pts',(40.500749878542,-40.0367787619586,4.64838538445903));
#7414=CARTESIAN_POINT('Ctrl Pts',(9.83672084647758,-47.0516315719503,-4.52397551704683));
#7415=CARTESIAN_POINT('Ctrl Pts',(-20.8273081855868,-54.0664843819419,-13.6963364185527));
#7416=CARTESIAN_POINT('Ctrl Pts',(-26.6249909704197,-20.438934199148,-17.5244131031363));
#7417=CARTESIAN_POINT('Ctrl Pts',(-32.4226737552525,13.1886159836459,-21.3524897877199));
#7418=CARTESIAN_POINT('Ctrl Pts',(-1.75864472318813,20.2034687936375,-12.1801288862141));
#7419=CARTESIAN_POINT('Ctrl Pts',(26.5217874740006,26.6730383684245,-3.72076008337549));
#7420=CARTESIAN_POINT('Ctrl Pts',(34.1348171284325,-3.71691042065999,0.481265600722057));
#7421=CARTESIAN_POINT('Ctrl Pts',(24.4542656890465,-6.83930069615032,-2.36004271618022));
#7422=CARTESIAN_POINT('Ctrl Pts',(24.6806983815383,-7.74318236236611,-2.23506277616176));
#7423=CARTESIAN_POINT('Ctrl Pts',(24.8397334439978,-8.66561288196501,-2.13005557979955));
#7424=CARTESIAN_POINT('Ctrl Pts',(28.7725445369145,-31.4765888002198,0.466689190206009));
#7425=CARTESIAN_POINT('Ctrl Pts',(7.97184915456137,-36.2350573074112,-5.75530743162488));
#7426=CARTESIAN_POINT('Ctrl Pts',(-12.8288462277917,-40.9935258146025,-11.9773040534558));
#7427=CARTESIAN_POINT('Ctrl Pts',(-16.7616573207084,-18.1825498963477,-14.5740488234613));
#7428=CARTESIAN_POINT('Ctrl Pts',(-20.694468413625,4.6284260219071,-17.1707935934669));
#7429=CARTESIAN_POINT('Ctrl Pts',(0.106226968728084,9.38689452909846,-10.948796971636));
#7430=CARTESIAN_POINT('Ctrl Pts',(19.2900287711558,13.7754745764029,-5.21045275695927));
#7431=CARTESIAN_POINT('Ctrl Pts',(24.4542656890465,-6.83930069615032,-2.36004271618022));
#7432=CARTESIAN_POINT('Ctrl Pts',(21.3202946875503,-6.17434621187232,7.65814293215037));
#7433=CARTESIAN_POINT('Ctrl Pts',(21.546727380042,-7.07822787808811,7.78312287216882));
#7434=CARTESIAN_POINT('Ctrl Pts',(21.7057624425016,-8.00065839768701,7.88813006853104));
#7435=CARTESIAN_POINT('Ctrl Pts',(25.6385735354182,-30.8116343159418,10.4848748385366));
#7436=CARTESIAN_POINT('Ctrl Pts',(4.83787815306511,-35.5701028231332,4.26287821670571));
#7437=CARTESIAN_POINT('Ctrl Pts',(-15.962817229288,-40.3285713303245,-1.95911840512519));
#7438=CARTESIAN_POINT('Ctrl Pts',(-19.8956283222046,-17.5175954120697,-4.55586317513075));
#7439=CARTESIAN_POINT('Ctrl Pts',(-23.8284394151213,5.2933805061851,-7.1526079451363));
#7440=CARTESIAN_POINT('Ctrl Pts',(-3.02774403276818,10.0518490133765,-0.930611323305412));
#7441=CARTESIAN_POINT('Ctrl Pts',(16.1560577696596,14.4404290606809,4.80773289137132));
#7442=CARTESIAN_POINT('Ctrl Pts',(21.3202946875503,-6.17434621187232,7.65814293215037));
#7443=CARTESIAN_POINT('',(41.4033152935227,-1.68630837976631,12.0675895085703));
#7444=CARTESIAN_POINT('Origin',(31.4363188882425,-5.61784738111803,10.7550961840326));
#7445=CARTESIAN_POINT('Origin',(31.4359327007163,-5.72093061433009,10.7544666608989));
#7446=CARTESIAN_POINT('Origin',(31.4359870668283,-6.13156522801884,10.7556529497562));
#7447=CARTESIAN_POINT('',(20.9130688485809,-6.10792222611321,7.93580730245989));
#7448=CARTESIAN_POINT('',(21.1695078489502,-4.44683248186203,8.00451929105325));
#7449=CARTESIAN_POINT('',(23.3857855581386,-6.24028367884465,3.38265569357238));
#7450=CARTESIAN_POINT('Origin',(31.5925447621228,-7.40740783157857,10.7893764584838));
#7451=CARTESIAN_POINT('',(27.7050668046991,-6.19419529369236,0.505687366506322));
#7452=CARTESIAN_POINT('Ctrl Pts',(23.393820715196,-6.19333148252464,3.38636733254695));
#7453=CARTESIAN_POINT('Ctrl Pts',(23.6885625630096,-6.19332725604251,3.06472787485462));
#7454=CARTESIAN_POINT('Ctrl Pts',(24.0008977951222,-6.19333160421902,2.76241663897171));
#7455=CARTESIAN_POINT('Ctrl Pts',(24.3316493144185,-6.19333383742997,2.47854074349788));
#7456=CARTESIAN_POINT('Ctrl Pts',(24.6624008353158,-6.19333607064093,2.19466484665));
#7457=CARTESIAN_POINT('Ctrl Pts',(25.0117393609117,-6.19333636462424,1.92941050976733));
#7458=CARTESIAN_POINT('Ctrl Pts',(25.3757944125422,-6.19333749815769,1.68616108094247));
#7459=CARTESIAN_POINT('Ctrl Pts',(25.7398494641726,-6.19333863169113,1.44291165211761));
#7460=CARTESIAN_POINT('Ctrl Pts',(26.1186027386087,-6.19334060754734,1.22167933769204));
#7461=CARTESIAN_POINT('Ctrl Pts',(26.5074478802454,-6.19333889420553,1.02474537284275));
#7462=CARTESIAN_POINT('Ctrl Pts',(26.8962930199608,-6.19333718086372,0.827811408966479));
#7463=CARTESIAN_POINT('Ctrl Pts',(27.295123296249,-6.19333159286662,0.654946863211706));
#7464=CARTESIAN_POINT('Ctrl Pts',(27.7050778918564,-6.19333844549351,0.505733027728169));
#7465=CARTESIAN_POINT('',(27.7050726291855,-6.19333634302764,0.505718549913304));
#7466=CARTESIAN_POINT('Origin',(31.4362729716707,-6.04155376835985,10.7551421390089));
#7467=CARTESIAN_POINT('',(23.3939858262019,-6.19356172706846,18.1244212107684));
#7468=CARTESIAN_POINT('',(21.1752726557429,-6.24567126462093,14.4863557015168));
#7469=CARTESIAN_POINT('Origin',(31.4362886302273,-6.20163469976514,10.7551377848727));
#7470=CARTESIAN_POINT('',(20.7129440493233,-6.10299607069195,8.8410068710702));
#7471=CARTESIAN_POINT('Origin',(31.5937257353374,-7.39602466396198,10.7896330774618));
#7472=CARTESIAN_POINT('',(20.6939329979141,-6.19333762421206,8.86126615775387));
#7473=CARTESIAN_POINT('',(23.3899026216746,-6.2283686571107,18.1281746764991));
#7474=CARTESIAN_POINT('Origin',(31.4357592619301,-6.2341241528157,10.7549372364852));
#7475=CARTESIAN_POINT('',(30.0119195918582,-6.19333727024803,21.5693984900107));
#7476=CARTESIAN_POINT('Ctrl Pts',(30.0119194862564,-6.19333727382072,21.5693984779018));
#7477=CARTESIAN_POINT('Ctrl Pts',(29.6973491909536,-6.19333768416204,21.5279883983815));
#7478=CARTESIAN_POINT('Ctrl Pts',(29.228209880907,-6.19333535173047,21.4452556907446));
#7479=CARTESIAN_POINT('Ctrl Pts',(28.6116808652542,-6.19333767475164,21.2943963760731));
#7480=CARTESIAN_POINT('Ctrl Pts',(28.1546624087104,-6.1933363956296,21.1611843846001));
#7481=CARTESIAN_POINT('Ctrl Pts',(27.7038877375823,-6.19333812720456,21.0081687951245));
#7482=CARTESIAN_POINT('Ctrl Pts',(27.2602153196664,-6.19333629924056,20.8356351745605));
#7483=CARTESIAN_POINT('Ctrl Pts',(26.8244927479665,-6.19333730589614,20.6439107381708));
#7484=CARTESIAN_POINT('Ctrl Pts',(26.3975461037153,-6.19333785466518,20.4333669515575));
#7485=CARTESIAN_POINT('Ctrl Pts',(25.9801922480215,-6.19333584622008,20.2043944876001));
#7486=CARTESIAN_POINT('Ctrl Pts',(25.5732215261687,-6.19333626696982,19.9574366218044));
#7487=CARTESIAN_POINT('Ctrl Pts',(25.1774073362042,-6.19333627044386,19.6929684959117));
#7488=CARTESIAN_POINT('Ctrl Pts',(24.7935115258008,-6.19333632803551,19.4114799461852));
#7489=CARTESIAN_POINT('Ctrl Pts',(24.4222555550692,-6.19333784858932,19.113518190669));
#7490=CARTESIAN_POINT('Ctrl Pts',(23.9451060839932,-6.19333723917989,18.6950681900189));
#7491=CARTESIAN_POINT('Ctrl Pts',(23.6083005861538,-6.19333756595142,18.3582804091131));
#7492=CARTESIAN_POINT('Ctrl Pts',(23.3939954395709,-6.19333740725809,18.1244125217926));
#7493=CARTESIAN_POINT('',(32.8593211052139,-6.19333727382072,21.5693984779018));
#7494=CARTESIAN_POINT('',(32.8228866932114,-4.44683143702825,21.2926521114951));
#7495=CARTESIAN_POINT('Ctrl Pts',(32.8593211052139,-6.19333727382072,21.5693984779018));
#7496=CARTESIAN_POINT('Ctrl Pts',(32.3867604902121,-6.19333796891712,21.6255678863378));
#7497=CARTESIAN_POINT('Ctrl Pts',(31.4356204019516,-6.19333595350671,21.6998542923856));
#7498=CARTESIAN_POINT('Ctrl Pts',(30.4844803136911,-6.19333796891666,21.6255679029294));
#7499=CARTESIAN_POINT('Ctrl Pts',(30.0119198028894,-6.19333727382119,21.5693985155373));
#7500=CARTESIAN_POINT('Origin',(31.4353648424162,-6.1978105878373,10.7549838574359));
#7501=CARTESIAN_POINT('',(33.7726889828011,-6.11292527078627,21.3957798518614));
#7502=CARTESIAN_POINT('',(33.796409833165,-6.19333638523133,21.4041616417283));
#7503=CARTESIAN_POINT('',(41.3210785267075,-6.19333715856172,15.3649798060006));
#7504=CARTESIAN_POINT('',(41.0680942413528,-4.44683176732951,15.2470125428722));
#7505=CARTESIAN_POINT('',(40.375898003428,-6.23247414946148,17.0170938753793));
#7506=CARTESIAN_POINT('Ctrl Pts',(41.3210785267075,-6.19333715856172,15.3649798060006));
#7507=CARTESIAN_POINT('Ctrl Pts',(41.183424941578,-6.19333761594285,15.6508194191503));
#7508=CARTESIAN_POINT('Ctrl Pts',(40.8971122703218,-6.19333704878716,16.2179102537403));
#7509=CARTESIAN_POINT('Ctrl Pts',(40.5491557294926,-6.19333801472393,16.7494111719762));
#7510=CARTESIAN_POINT('Ctrl Pts',(40.3704361793716,-6.19333716422592,17.0115411327755));
#7511=CARTESIAN_POINT('Origin',(31.4230870998802,-6.64924830710735,10.6564345996019));
#7512=CARTESIAN_POINT('Origin',(31.4349418574132,-6.00817145875993,10.7553777549216));
#7513=CARTESIAN_POINT('',(40.6347106483162,-6.19344221370363,4.89460066191156));
#7514=CARTESIAN_POINT('',(40.6263727513641,-6.13161332226801,4.89993012445492));
#7515=CARTESIAN_POINT('',(41.3210785267075,-6.19333619095653,6.14565180060907));
#7516=CARTESIAN_POINT('Origin',(31.4349490023368,-6.2009870278456,10.7553770386131));
#7517=CARTESIAN_POINT('',(41.685218798848,-6.1933379994146,14.4858660076823));
#7518=CARTESIAN_POINT('Ctrl Pts',(41.3210785267075,-6.19333619095653,6.14565180060907));
#7519=CARTESIAN_POINT('Ctrl Pts',(41.6145843459597,-6.19333599142517,6.79635044371868));
#7520=CARTESIAN_POINT('Ctrl Pts',(42.1028229377943,-6.19333584917545,8.14446252236888));
#7521=CARTESIAN_POINT('Ctrl Pts',(42.4008014540728,-6.19333676029402,10.2765669965391));
#7522=CARTESIAN_POINT('Ctrl Pts',(42.2897816406624,-6.19333768381636,12.4265276881256));
#7523=CARTESIAN_POINT('Ctrl Pts',(41.9209015269222,-6.19333672503146,13.8120648190771));
#7524=CARTESIAN_POINT('Ctrl Pts',(41.685218798848,-6.1933379994146,14.4858660076823));
#7525=CARTESIAN_POINT('',(41.685218798848,-6.1933379994146,14.4858660076823));
#7526=CARTESIAN_POINT('Origin',(31.4354022193189,-6.13694660910945,10.7556975602513));
#7527=CARTESIAN_POINT('',(31.9113931620259,-6.19387077488783,-0.141658867531032));
#7528=CARTESIAN_POINT('',(31.899220216008,-4.44683114104092,0.1371716093342));
#7529=CARTESIAN_POINT('Ctrl Pts',(31.9113972284886,-6.19333575476828,-0.141709112677636));
#7530=CARTESIAN_POINT('Ctrl Pts',(32.7830931337122,-6.19333038366867,-0.103643243000925));
#7531=CARTESIAN_POINT('Ctrl Pts',(33.6502373672344,-6.19333519766806,0.0395290900587292));
#7532=CARTESIAN_POINT('Ctrl Pts',(34.4879190590188,-6.19333682737762,0.28370242862211));
#7533=CARTESIAN_POINT('Ctrl Pts',(35.3256007508032,-6.19333845708718,0.527875767185491));
#7534=CARTESIAN_POINT('Ctrl Pts',(36.1337309139366,-6.19333690458174,0.873005092185475));
#7535=CARTESIAN_POINT('Ctrl Pts',(36.8893141227878,-6.19333674031885,1.30924192195057));
#7536=CARTESIAN_POINT('Ctrl Pts',(37.6448973316391,-6.19333657605596,1.74547875171567));
#7537=CARTESIAN_POINT('Ctrl Pts',(38.3478526931883,-6.19333780093102,2.27277638159022));
#7538=CARTESIAN_POINT('Ctrl Pts',(38.9781534624744,-6.19333687480373,2.87614445411964));
#7539=CARTESIAN_POINT('Ctrl Pts',(39.6084031387119,-6.19333594875151,3.47946361680203));
#7540=CARTESIAN_POINT('Ctrl Pts',(40.1659266360902,-6.19333287186954,4.1587863463682));
#7541=CARTESIAN_POINT('Ctrl Pts',(40.6347159998564,-6.19333537076074,4.89459715809695));
#7542=CARTESIAN_POINT('Origin',(31.4324335696125,-8.03892967659561,10.7346138503736));
#7543=CARTESIAN_POINT('',(31.4358624142235,-6.19427580695866,-0.152154517917773));
#7544=CARTESIAN_POINT('Origin',(31.4376990143292,-6.42687583473549,10.7688502552274));
#7545=CARTESIAN_POINT('Origin',(31.4377029163883,-6.42555864515291,10.7688756267738));
#7546=CARTESIAN_POINT('Origin',(31.5855154154133,-7.44325659698783,10.7878490201981));
#7547=CARTESIAN_POINT('',(21.1860195276459,-6.19333799941459,14.4858660076823));
#7548=CARTESIAN_POINT('',(23.2343668815811,-7.94968858639087,3.2402528981491));
#7549=CARTESIAN_POINT('Origin',(31.4357570656478,-7.52144361744679,10.7551444878542));
#7550=CARTESIAN_POINT('',(30.0119194862564,-6.19333727382072,21.5693984779018));
#7551=CARTESIAN_POINT('Origin',(31.4287416759741,-7.51876232472421,10.699477468616));
#7552=CARTESIAN_POINT('',(40.3704361793716,-6.19333716422592,17.0115411327755));
#7553=CARTESIAN_POINT('Origin',(31.4491252983535,-7.37474619527663,10.7338715068399));
#7554=CARTESIAN_POINT('',(41.3210785267075,-6.19333619095653,6.14565180060907));
#7555=CARTESIAN_POINT('Origin',(31.4357302528701,-9.44364969706353,10.7551455167994));
#7556=CARTESIAN_POINT('',(31.4354899281783,-7.54192401358906,-0.318149155413799));
#7557=CARTESIAN_POINT('Origin',(31.4358581463277,-7.54936408030758,10.7558545218108));
#7558=CARTESIAN_POINT('Origin',(31.434986246046,-11.6067903603616,10.7550523610544));
#7559=CARTESIAN_POINT('',(20.0925208960583,-10.8139741158963,10.7555585791673));
#7560=CARTESIAN_POINT('Ctrl Pts',(20.2190641260902,-9.0581627964707,10.2749945665104));
#7561=CARTESIAN_POINT('Ctrl Pts',(20.1748075595858,-9.63584889756927,10.433405904714));
#7562=CARTESIAN_POINT('Ctrl Pts',(20.1339046625722,-10.2135352085824,10.5935620198307));
#7563=CARTESIAN_POINT('Ctrl Pts',(20.0964611814018,-10.7912217570506,10.7553179027324));
#7564=CARTESIAN_POINT('',(20.1904016557507,-10.7979159170567,9.27628226043372));
#7565=CARTESIAN_POINT('Origin',(31.4384960659932,-10.8071064657766,10.7396615647509));
#7566=CARTESIAN_POINT('',(23.3846042011753,-10.7913430985164,2.77061660972363));
#7567=CARTESIAN_POINT('Origin',(31.4354801415772,-10.7985804096005,10.7552666689444));
#7568=CARTESIAN_POINT('Ctrl Pts',(23.417632522095,-10.7912224252636,2.73732651662492));
#7569=CARTESIAN_POINT('Ctrl Pts',(23.5612326729509,-10.202240131955,2.64771547020704));
#7570=CARTESIAN_POINT('Ctrl Pts',(23.7062059576999,-9.6132596783538,2.56181142414343));
#7571=CARTESIAN_POINT('Ctrl Pts',(23.8523652478581,-9.0242809569804,2.47964418652416));
#7572=CARTESIAN_POINT('Origin',(31.4357292800309,-9.64256979354915,10.7552195265993));
#7573=CARTESIAN_POINT('',(30.4476453705974,-10.7377499861279,22.0478908923772));
#7574=CARTESIAN_POINT('Origin',(31.4383744858133,-10.8697261857523,10.7403090486225));
#7575=CARTESIAN_POINT('',(30.4573316452225,-9.02428232849297,21.9372171696128));
#7576=CARTESIAN_POINT('Origin',(31.4355319555474,-9.64550241395422,10.7552148776931));
#7577=CARTESIAN_POINT('',(31.4296784346376,-10.7697777363626,22.0929747060655));
#7578=CARTESIAN_POINT('',(31.4356202957352,-10.7912211022646,22.0944946508442));
#7579=CARTESIAN_POINT('',(42.7301182875501,-10.7674823409916,11.7434597813391));
#7580=CARTESIAN_POINT('',(42.6175238964279,-9.02428259976961,11.7336076282014));
#7581=CARTESIAN_POINT('',(38.8263461043524,-10.8453414700215,19.3537871198582));
#7582=CARTESIAN_POINT('Origin',(31.4213848579589,-10.8877629973403,10.7561415079954));
#7583=CARTESIAN_POINT('Origin',(31.4383188389835,-10.8983870160647,10.740605399762));
#7584=CARTESIAN_POINT('Origin',(31.4355521770543,-9.61725539419942,10.7553780857485));
#7585=CARTESIAN_POINT('',(32.4235824767376,-10.8133882269111,-0.544694894464522));
#7586=CARTESIAN_POINT('',(32.4281161748554,-11.5984761106703,-0.592833848894575));
#7587=CARTESIAN_POINT('',(42.7713942824344,-10.7431820277515,10.7686290368107));
#7588=CARTESIAN_POINT('Origin',(31.4211214217516,-10.8603678057471,10.7561554804373));
#7589=CARTESIAN_POINT('',(42.7747993347366,-10.7912203261328,10.7553179025927));
#7590=CARTESIAN_POINT('Origin',(31.4354504887664,-11.6040464918787,10.7548534745582));
#7591=CARTESIAN_POINT('',(30.9409377995058,-10.7977880708612,-0.575714731526887));
#7592=CARTESIAN_POINT('Origin',(31.4355918422113,-10.7969992768969,10.7552583260375));
#7593=CARTESIAN_POINT('Origin',(31.4205437138765,-10.8002909541702,10.7561861215924));
#7594=CARTESIAN_POINT('Origin',(31.4343397562964,-12.9182801355954,10.7617962869007));
#7595=CARTESIAN_POINT('Ctrl Pts',(38.7436388552915,-10.8793683460454,19.4263324796543));
#7596=CARTESIAN_POINT('Ctrl Pts',(38.8607211890191,-11.3807671438242,19.3475676057892));
#7597=CARTESIAN_POINT('Ctrl Pts',(38.9765593039887,-11.882177972887,19.2666335415732));
#7598=CARTESIAN_POINT('Ctrl Pts',(39.0910703691737,-12.383601738562,19.1835705655974));
#7599=CARTESIAN_POINT('Ctrl Pts',(20.0886732156348,-12.5614517965449,9.76258821624643));
#7600=CARTESIAN_POINT('Ctrl Pts',(20.1199499155024,-11.9738411825807,9.59972210273629));
#7601=CARTESIAN_POINT('Ctrl Pts',(20.1547343594726,-11.3862307633588,9.43790202359813));
#7602=CARTESIAN_POINT('Ctrl Pts',(20.1929619458077,-10.7986205421222,9.27727727382096));
#7603=CARTESIAN_POINT('Origin',(31.44137471651,-12.9360763540927,10.7550812622353));
#7604=CARTESIAN_POINT('',(30.9410128471573,-10.7912205951866,-0.573066815868777));
#7605=CARTESIAN_POINT('Origin',(31.4355787132742,-12.927845087028,10.7552763716023));
#7606=CARTESIAN_POINT('Origin',(31.4354864177438,-13.3714329509326,10.7553571640072));
#7607=CARTESIAN_POINT('',(20.959586831018,-15.4115907896976,6.41600209843112));
#7608=CARTESIAN_POINT('Ctrl Pts',(20.9595855065883,-15.4115147225512,6.41600155234389));
#7609=CARTESIAN_POINT('Ctrl Pts',(21.0069558004961,-14.8214369515749,6.2571128516744));
#7610=CARTESIAN_POINT('Ctrl Pts',(21.0579353764428,-14.2313591793535,6.09891417998605));
#7611=CARTESIAN_POINT('Ctrl Pts',(21.1125054025682,-13.6412814057852,5.94156914873125));
#7612=CARTESIAN_POINT('',(25.7660252699277,-15.4115660448169,20.5753274395985));
#7613=CARTESIAN_POINT('',(25.7386157056231,-13.5121220034458,20.6228319605841));
#7614=CARTESIAN_POINT('',(22.4396796003724,-15.4113717083932,17.6582023191091));
#7615=CARTESIAN_POINT('Origin',(31.4356184507703,-15.4108220941084,10.7553312930637));
#7616=CARTESIAN_POINT('Origin',(31.4355938441035,-15.4103439327881,10.7553134972263));
#7617=CARTESIAN_POINT('Origin',(31.4356262501673,-13.5120864892624,10.755323005584));
#7618=CARTESIAN_POINT('',(42.249984415743,-15.4115535776506,7.34556024617841));
#7619=CARTESIAN_POINT('',(42.260198819979,-15.0406922696766,7.3423394165996));
#7620=CARTESIAN_POINT('',(39.096278507275,-15.4114016046261,19.1154114077879));
#7621=CARTESIAN_POINT('Origin',(31.4356177886766,-15.4110068024093,10.7553165986692));
#7622=CARTESIAN_POINT('Origin',(31.4356184505082,-15.4107765888175,10.7553312962332));
#7623=CARTESIAN_POINT('Origin',(31.4356202549733,-15.0406924447542,10.7553162201451));
#7624=CARTESIAN_POINT('',(24.1469886631518,-15.4113476880427,2.06896480550303));
#7625=CARTESIAN_POINT('Origin',(31.4355938472929,-15.4103736202378,10.7553134975677));
#7626=CARTESIAN_POINT('',(39.8187785979611,-15.5291334593167,3.14065403445852));
#7627=CARTESIAN_POINT('Origin',(31.4356207677736,-15.410431714714,10.7553255765656));
#7628=CARTESIAN_POINT('Origin',(31.4356177879265,-15.4110227712857,10.7553165986265));
#7629=CARTESIAN_POINT('Origin',(31.4355252448282,-14.8510483376442,10.7553061553984));
#7630=CARTESIAN_POINT('',(22.4113874884714,-14.8609263629502,17.6799476710499));
#7631=CARTESIAN_POINT('',(24.1857107172259,-16.3419829910439,2.11521515317922));
#7632=CARTESIAN_POINT('Origin',(31.4356148244252,-14.8603343833559,10.7553751554601));
#7633=CARTESIAN_POINT('',(39.0552566898202,-16.3475713157011,19.0706896979251));
#7634=CARTESIAN_POINT('Origin',(31.4355775071054,-16.3471500705316,10.7553143043682));
#7635=CARTESIAN_POINT('Ctrl Pts',(40.0677863155933,-15.646881932392,3.42615245750497));
#7636=CARTESIAN_POINT('Ctrl Pts',(39.9501645908683,-16.1574011315677,3.33874501701606));
#7637=CARTESIAN_POINT('Ctrl Pts',(39.8312931763496,-16.6679200173417,3.25403935176097));
#7638=CARTESIAN_POINT('Ctrl Pts',(39.7112925751573,-17.178438587448,3.17206481299215));
#7639=CARTESIAN_POINT('Origin',(31.4356142361307,-16.3410762643004,10.7554117583471));
#7640=CARTESIAN_POINT('Origin',(31.4352763369572,-17.0398976678819,10.7548898438102));
#7641=CARTESIAN_POINT('',(21.3584997532089,-20.0093981200687,6.58123721521947));
#7642=CARTESIAN_POINT('',(21.1586586115082,-18.253046747231,6.49845927884267));
#7643=CARTESIAN_POINT('',(23.0739829184366,-20.0093979876042,3.75162441323149));
#7644=CARTESIAN_POINT('Ctrl Pts',(21.3584997532089,-20.0093981200687,6.58123721521947));
#7645=CARTESIAN_POINT('Ctrl Pts',(21.5774118938469,-20.0093970134035,6.07101513098625));
#7646=CARTESIAN_POINT('Ctrl Pts',(22.067035632316,-20.0093981304453,5.07406696108451));
#7647=CARTESIAN_POINT('Ctrl Pts',(22.7247740194769,-20.0093965142828,4.1791349198431));
#7648=CARTESIAN_POINT('Ctrl Pts',(23.0739829184366,-20.0093979876042,3.75162441323149));
#7649=CARTESIAN_POINT('',(26.6238617804091,-20.014963152398,0.97024878747685));
#7650=CARTESIAN_POINT('Origin',(31.4405869177358,-19.9051155279755,10.7612509340059));
#7651=CARTESIAN_POINT('',(29.5414568456594,-20.0091324296521,0.0135981443113968));
#7652=CARTESIAN_POINT('Ctrl Pts',(26.8259699988915,-20.009390314185,0.86989626229275));
#7653=CARTESIAN_POINT('Ctrl Pts',(27.2572978447042,-20.0093982484124,0.668753222674309));
#7654=CARTESIAN_POINT('Ctrl Pts',(27.701808218863,-20.0093950612861,0.495880863848965));
#7655=CARTESIAN_POINT('Ctrl Pts',(28.1557033757361,-20.0093965883803,0.35275937130655));
#7656=CARTESIAN_POINT('Ctrl Pts',(28.6095287347682,-20.0093981152397,0.209659887307354));
#7657=CARTESIAN_POINT('Ctrl Pts',(29.0727313445807,-20.009404353829,0.0963035967353627));
#7658=CARTESIAN_POINT('Ctrl Pts',(29.5413527842384,-20.0093997425401,0.0136570078304182));
#7659=CARTESIAN_POINT('',(29.5081007726598,-18.436068715843,-0.177202694350033));
#7660=CARTESIAN_POINT('Origin',(31.4350389139971,-17.0129359418087,10.7554296363268));
#7661=CARTESIAN_POINT('',(20.8998398627143,-20.0094035084074,7.93226234648426));
#7662=CARTESIAN_POINT('Ctrl Pts',(20.8998398627143,-20.0094035084074,7.93226234648425));
#7663=CARTESIAN_POINT('Ctrl Pts',(20.8715398182376,-19.4292468750908,7.76191196504627));
#7664=CARTESIAN_POINT('Ctrl Pts',(20.8473276062364,-18.8490866139922,7.5894721627002));
#7665=CARTESIAN_POINT('Ctrl Pts',(20.8273532857911,-18.2689226412961,7.41514177062957));
#7666=CARTESIAN_POINT('',(23.0800698873718,-20.0093992101947,17.7664564074201));
#7667=CARTESIAN_POINT('',(22.9143710014542,-18.2530454513177,17.9054914751384));
#7668=CARTESIAN_POINT('',(20.9075365095367,-20.0496357105769,13.5876786572325));
#7669=CARTESIAN_POINT('Ctrl Pts',(23.0800698873718,-20.0093992101947,17.7664564074201));
#7670=CARTESIAN_POINT('Ctrl Pts',(22.829006256262,-20.0093996187415,17.4594760408261));
#7671=CARTESIAN_POINT('Ctrl Pts',(22.3465867046727,-20.0093964234773,16.8286045050021));
#7672=CARTESIAN_POINT('Ctrl Pts',(21.7424627613116,-20.0093983548932,15.8012553100425));
#7673=CARTESIAN_POINT('Ctrl Pts',(21.2507750702449,-20.0093987117005,14.7244783015698));
#7674=CARTESIAN_POINT('Ctrl Pts',(21.0122388545831,-20.0093979539191,13.9754987726812));
#7675=CARTESIAN_POINT('Ctrl Pts',(20.9064598675225,-20.0093987599494,13.6016631351494));
#7676=CARTESIAN_POINT('Ctrl Pts',(20.8998827812393,-20.0093988117289,13.5783590062718));
#7677=CARTESIAN_POINT('Ctrl Pts',(20.7825152220517,-20.009396669801,13.1171719058322));
#7678=CARTESIAN_POINT('Ctrl Pts',(20.5877053406139,-20.0093989474101,12.1837229527462));
#7679=CARTESIAN_POINT('Ctrl Pts',(20.4984849465366,-20.0093970737346,10.7553163816327));
#7680=CARTESIAN_POINT('Ctrl Pts',(20.5877051857817,-20.0093989136913,9.32690984485988));
#7681=CARTESIAN_POINT('Ctrl Pts',(20.7825143199758,-20.0093990076226,8.39346071610592));
#7682=CARTESIAN_POINT('Ctrl Pts',(20.8998827812393,-20.0093974475498,7.93227384523451));
#7683=CARTESIAN_POINT('Origin',(31.4355029730705,-16.9709360997085,10.7557172192609));
#7684=CARTESIAN_POINT('',(23.7013751313382,-19.9319204936912,18.4592916258684));
#7685=CARTESIAN_POINT('',(23.7229268429001,-20.0093979439786,18.4680095643668));
#7686=CARTESIAN_POINT('',(34.2617997966468,-19.9110264945194,21.3027537504388));
#7687=CARTESIAN_POINT('',(34.3146455166061,-18.2530466282166,21.4999876618425));
#7688=CARTESIAN_POINT('',(28.2186068096253,-20.109350545465,21.1677805233929));
#7689=CARTESIAN_POINT('Origin',(31.4882195797348,-21.2543981675739,10.9682620387101));
#7690=CARTESIAN_POINT('Origin',(31.2964512509648,-21.1857984509984,10.8843251657114));
#7691=CARTESIAN_POINT('Origin',(31.4358937193108,-16.9936257148772,10.7555552654249));
#7692=CARTESIAN_POINT('',(35.1661679622848,-20.0093973237104,21.0049170934113));
#7693=CARTESIAN_POINT('',(35.1661679622848,-20.0093973237104,21.0049170934113));
#7694=CARTESIAN_POINT('',(42.1773075935562,-20.009397880881,12.6493651551019));
#7695=CARTESIAN_POINT('',(42.390328633519,-18.253046115478,12.6869277441652));
#7696=CARTESIAN_POINT('',(38.0762154910306,-20.0093970642573,19.408267257206));
#7697=CARTESIAN_POINT('Ctrl Pts',(42.1773075935562,-20.009397880881,12.6493651551019));
#7698=CARTESIAN_POINT('Ctrl Pts',(42.0518846592493,-20.009395968751,13.3117692290515));
#7699=CARTESIAN_POINT('Ctrl Pts',(41.7066449546719,-20.0094007071099,14.6204987419749));
#7700=CARTESIAN_POINT('Ctrl Pts',(40.8123836330129,-20.0093971766137,16.4452765792011));
#7701=CARTESIAN_POINT('Ctrl Pts',(39.6068613565645,-20.0093981605283,18.0808812633971));
#7702=CARTESIAN_POINT('Ctrl Pts',(38.6056426205275,-20.0093987920712,18.9912807402303));
#7703=CARTESIAN_POINT('Ctrl Pts',(38.0762154910306,-20.0093970642573,19.408267257206));
#7704=CARTESIAN_POINT('Ctrl Pts',(38.0756208774765,-20.009397062316,19.4087355601425));
#7705=CARTESIAN_POINT('Ctrl Pts',(37.6309255662364,-20.0094013288213,19.741143568751));
#7706=CARTESIAN_POINT('Ctrl Pts',(36.7057528279568,-20.0093940633103,20.3615031618947));
#7707=CARTESIAN_POINT('Ctrl Pts',(35.6854530374415,-20.0094001087966,20.808468589332));
#7708=CARTESIAN_POINT('Ctrl Pts',(35.1661679622848,-20.0093973237104,21.0049170934113));
#7709=CARTESIAN_POINT('Origin',(31.435456974014,-18.4774235011016,10.7553996187098));
#7710=CARTESIAN_POINT('',(37.6920276548639,-20.0087980180919,1.82052191410967));
#7711=CARTESIAN_POINT('Ctrl Pts',(38.1858925094329,-18.3257700114541,1.92520557468276));
#7712=CARTESIAN_POINT('Ctrl Pts',(38.0209471357335,-18.8865764429494,1.88601814658696));
#7713=CARTESIAN_POINT('Ctrl Pts',(37.8563172338904,-19.4473799943833,1.85115272662398));
#7714=CARTESIAN_POINT('Ctrl Pts',(37.6922177261442,-20.0081807447262,1.82054310254942));
#7715=CARTESIAN_POINT('',(42.3326378063286,-20.0093876778112,10.27956583459));
#7716=CARTESIAN_POINT('Ctrl Pts',(37.6921141424959,-20.0093968593309,1.82069103318706));
#7717=CARTESIAN_POINT('Ctrl Pts',(37.9519255695763,-20.0093963942652,2.00261903874139));
#7718=CARTESIAN_POINT('Ctrl Pts',(38.3297647188907,-20.0094005783814,2.292564741839));
#7719=CARTESIAN_POINT('Ctrl Pts',(38.8068873140017,-20.0093965693474,2.71099047838055));
#7720=CARTESIAN_POINT('Ctrl Pts',(39.15076415852,-20.0093981008033,3.04017238041501));
#7721=CARTESIAN_POINT('Ctrl Pts',(39.4799465707305,-20.009397754514,3.38404868513589));
#7722=CARTESIAN_POINT('Ctrl Pts',(39.7938218026973,-20.0093984293989,3.74195375137325));
#7723=CARTESIAN_POINT('Ctrl Pts',(40.0917845513273,-20.0093966089205,4.11320814059129));
#7724=CARTESIAN_POINT('Ctrl Pts',(40.3732726625901,-20.0093993363726,4.49710613667975));
#7725=CARTESIAN_POINT('Ctrl Pts',(40.6377464091411,-20.0093960907858,4.89291488284127));
#7726=CARTESIAN_POINT('Ctrl Pts',(40.8846972709182,-20.0093987073712,5.29988814744839));
#7727=CARTESIAN_POINT('Ctrl Pts',(41.1136704089709,-20.0093975179229,5.71724053449023));
#7728=CARTESIAN_POINT('Ctrl Pts',(41.3242152614757,-20.0093970546737,6.14418820686071));
#7729=CARTESIAN_POINT('Ctrl Pts',(41.5159397416485,-20.0093985560289,6.5799117283724));
#7730=CARTESIAN_POINT('Ctrl Pts',(41.6884696999295,-20.0093974416212,7.02358552654666));
#7731=CARTESIAN_POINT('Ctrl Pts',(41.8414943881249,-20.0093998763002,7.47435729736824));
#7732=CARTESIAN_POINT('Ctrl Pts',(41.97469489685,-20.0093963801354,7.93137918453046));
#7733=CARTESIAN_POINT('Ctrl Pts',(42.0878465918289,-20.0093992884663,8.39377248245125));
#7734=CARTESIAN_POINT('Ctrl Pts',(42.1807167227728,-20.0093971485697,8.86066388353829));
#7735=CARTESIAN_POINT('Ctrl Pts',(42.2772713819911,-20.0093999143367,9.48799575749067));
#7736=CARTESIAN_POINT('Ctrl Pts',(42.3188002234421,-20.0093966572447,9.96256133744237));
#7737=CARTESIAN_POINT('Ctrl Pts',(42.3326351520737,-20.0093979535129,10.2795440494298));
#7738=CARTESIAN_POINT('',(42.3326530650133,-20.0094007521679,11.2310895839837));
#7739=CARTESIAN_POINT('Ctrl Pts',(42.3326376573067,-20.0093979534287,10.2796014525181));
#7740=CARTESIAN_POINT('Ctrl Pts',(42.3533992039475,-20.0093972557692,10.7553451296755));
#7741=CARTESIAN_POINT('Ctrl Pts',(42.3326351520737,-20.0093983057659,11.2310888020766));
#7742=CARTESIAN_POINT('Ctrl Pts',(42.3326530650133,-20.0094007521679,11.2310895839837));
#7743=CARTESIAN_POINT('Ctrl Pts',(42.3972687275182,-19.4283470984277,11.3915165556254));
#7744=CARTESIAN_POINT('Ctrl Pts',(42.4583397403501,-18.8472921401098,11.5548866299989));
#7745=CARTESIAN_POINT('Ctrl Pts',(42.5156752226993,-18.2662358487916,11.7210377243885));
#7746=CARTESIAN_POINT('Origin',(31.435518530016,-18.4289623871199,10.7557767620615));
#7747=CARTESIAN_POINT('',(36.8893113709508,-20.0093969001366,1.30924567979321));
#7748=CARTESIAN_POINT('Ctrl Pts',(29.5415699360092,-20.0093987909358,0.0136241567619656));
#7749=CARTESIAN_POINT('Ctrl Pts',(29.8540326220776,-20.0093957641126,-0.0414755377477311));
#7750=CARTESIAN_POINT('Ctrl Pts',(30.3263360272719,-20.0093946606632,-0.103639099545499));
#7751=CARTESIAN_POINT('Ctrl Pts',(30.9596944133906,-20.0093975757977,-0.14515602471397));
#7752=CARTESIAN_POINT('Ctrl Pts',(31.4356202942054,-20.009396934911,-0.155538910526081));
#7753=CARTESIAN_POINT('Ctrl Pts',(31.9115461841988,-20.0093975395067,-0.145156091989009));
#7754=CARTESIAN_POINT('Ctrl Pts',(32.3865648066893,-20.0093955346098,-0.114018070888624));
#7755=CARTESIAN_POINT('Ctrl Pts',(32.8597731697058,-20.0093948519336,-0.0621977882075988));
#7756=CARTESIAN_POINT('Ctrl Pts',(33.3302706612081,-20.0094002504091,0.010213390067505));
#7757=CARTESIAN_POINT('Ctrl Pts',(33.7971617631196,-20.0093968920064,0.103088107369585));
#7758=CARTESIAN_POINT('Ctrl Pts',(34.2595582432743,-20.0093979494033,0.21623296907206));
#7759=CARTESIAN_POINT('Ctrl Pts',(34.7165789164668,-20.0093997313983,0.349445864193932));
#7760=CARTESIAN_POINT('Ctrl Pts',(35.167351351517,-20.0093947710704,0.502468742537089));
#7761=CARTESIAN_POINT('Ctrl Pts',(35.6110262889985,-20.0093979810553,0.67499674055705));
#7762=CARTESIAN_POINT('Ctrl Pts',(36.1919881426553,-20.0093970688184,0.930633010368841));
#7763=CARTESIAN_POINT('Ctrl Pts',(36.6145455681811,-20.009394953417,1.15058891021531));
#7764=CARTESIAN_POINT('Ctrl Pts',(36.8893167850693,-20.0093988170383,1.30923630279755));
#7765=CARTESIAN_POINT('Ctrl Pts',(36.8893167850693,-20.0093988170383,1.30923630279755));
#7766=CARTESIAN_POINT('Ctrl Pts',(37.3017404618895,-20.0093977931511,1.54735042679014));
#7767=CARTESIAN_POINT('Ctrl Pts',(37.6918432590683,-20.009396859817,1.82050135835186));
#7768=CARTESIAN_POINT('Origin',(31.4387605556059,-19.745521459085,10.7589707327191));
#7769=CARTESIAN_POINT('Ctrl Pts',(23.0800200445361,-20.0120083929302,3.74506950816373));
#7770=CARTESIAN_POINT('Ctrl Pts',(23.0495645755434,-20.5926709298156,3.92571499622589));
#7771=CARTESIAN_POINT('Ctrl Pts',(23.0241386813946,-21.1733084840096,4.10563442184338));
#7772=CARTESIAN_POINT('Ctrl Pts',(23.0036416029877,-21.7539236784542,4.28456181808897));
#7773=CARTESIAN_POINT('Ctrl Pts',(26.5280013009907,-21.7558349938387,1.32782011791135));
#7774=CARTESIAN_POINT('Ctrl Pts',(26.6156895276332,-21.2147571721702,1.18470902474237));
#7775=CARTESIAN_POINT('Ctrl Pts',(26.7077002843662,-20.6736450037098,1.04267605034369));
#7776=CARTESIAN_POINT('Ctrl Pts',(26.8040149432997,-20.1324968095148,0.901958055124043));
#7777=CARTESIAN_POINT('Origin',(31.3890244872665,-20.1753525623855,10.7395818071851));
#7778=CARTESIAN_POINT('Ctrl Pts',(20.9166519636873,-20.0975544334125,13.5987793932645));
#7779=CARTESIAN_POINT('Ctrl Pts',(21.0434952172859,-20.6498529673756,13.7215697538248));
#7780=CARTESIAN_POINT('Ctrl Pts',(21.1711254206051,-21.2026419981201,13.8390744898235));
#7781=CARTESIAN_POINT('Ctrl Pts',(21.2992791015294,-21.7558988015848,13.9512926232548));
#7782=CARTESIAN_POINT('Origin',(31.4152856431462,-19.9558140245735,10.7745972291396));
#7783=CARTESIAN_POINT('Ctrl Pts',(28.1869404093273,-20.1178494984458,21.1567359888362));
#7784=CARTESIAN_POINT('Ctrl Pts',(28.3570883671057,-20.6632028504664,21.1139467366118));
#7785=CARTESIAN_POINT('Ctrl Pts',(28.5233200739818,-21.2090673178539,21.0679273235525));
#7786=CARTESIAN_POINT('Ctrl Pts',(28.6855100684812,-21.7554218700761,21.0188802207508));
#7787=CARTESIAN_POINT('Origin',(31.4445692876896,-19.9234669704438,10.7884283298504));
#7788=CARTESIAN_POINT('Ctrl Pts',(38.077254275268,-20.0100813976441,19.4107694686349));
#7789=CARTESIAN_POINT('Ctrl Pts',(38.1446530856751,-20.5918929748455,19.2391828564211));
#7790=CARTESIAN_POINT('Ctrl Pts',(38.207453282353,-21.1736772663334,19.0672009248849));
#7791=CARTESIAN_POINT('Ctrl Pts',(38.2656875577853,-21.7554412432766,18.8950682460324));
#7792=CARTESIAN_POINT('Origin',(31.4550380534721,-19.894998648369,10.7562019571419));
#7793=CARTESIAN_POINT('',(42.3326351520737,-20.0093979535129,10.2795440494298));
#7794=CARTESIAN_POINT('Origin',(31.4354367855273,-19.8084407187295,10.7554422273358));
#7795=CARTESIAN_POINT('Ctrl Pts',(36.8892969609241,-20.0093922961374,1.30927039321469));
#7796=CARTESIAN_POINT('Ctrl Pts',(36.7054141541357,-20.5915585511982,1.31050603040338));
#7797=CARTESIAN_POINT('Ctrl Pts',(36.5233049924957,-21.1737210779351,1.31677022210519));
#7798=CARTESIAN_POINT('Ctrl Pts',(36.3432278372555,-21.7558808823898,1.32790235234851));
#7799=CARTESIAN_POINT('Origin',(31.4356234750937,-19.7887942105035,10.7556438232377));
#7800=CARTESIAN_POINT('Origin',(31.4356200075749,-3.88369606184615,10.7553165663285));
#7801=CARTESIAN_POINT('',(25.9479427217463,-3.39722479598406,1.25043480575208));
#7802=CARTESIAN_POINT('',(20.9623377043576,-3.41036020675531,7.45310330297531));
#7803=CARTESIAN_POINT('Ctrl Pts',(25.9485404637206,-3.4146682485571,1.25157021933598));
#7804=CARTESIAN_POINT('Ctrl Pts',(25.857062106984,-3.41435081365867,1.30375831678486));
#7805=CARTESIAN_POINT('Ctrl Pts',(25.7662802220515,-3.41404312633093,1.3573116491086));
#7806=CARTESIAN_POINT('Ctrl Pts',(24.4674110774042,-3.40975585029661,2.14928422303036));
#7807=CARTESIAN_POINT('Ctrl Pts',(23.4155115812197,-3.40787010335003,3.11499866701445));
#7808=CARTESIAN_POINT('Ctrl Pts',(21.8678108125355,-3.40898090103026,5.22779603907614));
#7809=CARTESIAN_POINT('Ctrl Pts',(21.3249554986923,-3.41125916935195,6.30861847963071));
#7810=CARTESIAN_POINT('Ctrl Pts',(20.9694522345409,-3.41462400349438,7.45528064476568));
#7811=CARTESIAN_POINT('',(30.4785165740752,-3.41036244170344,-0.184432671917488));
#7812=CARTESIAN_POINT('Ctrl Pts',(30.4785325841888,-3.41046625008519,-0.18424895770004));
#7813=CARTESIAN_POINT('Ctrl Pts',(29.5253810919519,-3.4103269301733,-0.101107395792076));
#7814=CARTESIAN_POINT('Ctrl Pts',(28.5851659154292,-3.41026967217457,0.106572903952588));
#7815=CARTESIAN_POINT('Ctrl Pts',(27.0794668731369,-3.41031677479358,0.654259842260879));
#7816=CARTESIAN_POINT('Ctrl Pts',(26.4982205771312,-3.41037352027685,0.925559212532391));
#7817=CARTESIAN_POINT('Ctrl Pts',(25.9449180883916,-3.4104664951323,1.24520115665333));
#7818=CARTESIAN_POINT('',(39.1964371850593,-3.409790650182,2.98588958643784));
#7819=CARTESIAN_POINT('Ctrl Pts',(39.1963485501267,-3.41038776309629,2.98587230291844));
#7820=CARTESIAN_POINT('Ctrl Pts',(38.4741207457301,-3.41036956219022,2.26440899420914));
#7821=CARTESIAN_POINT('Ctrl Pts',(37.6533652608546,-3.41035691010316,1.6457525608434));
#7822=CARTESIAN_POINT('Ctrl Pts',(35.5061969246639,-3.4103409461567,0.456292889853649));
#7823=CARTESIAN_POINT('Ctrl Pts',(34.1320586962621,-3.4103434828646,0.0143387444399011));
#7824=CARTESIAN_POINT('Ctrl Pts',(31.9687333348169,-3.41036515492498,-0.238758429305424));
#7825=CARTESIAN_POINT('Ctrl Pts',(31.220407854664,-3.41037572596167,-0.249315998764075));
#7826=CARTESIAN_POINT('Ctrl Pts',(30.4785206933871,-3.41038921434348,-0.18438527420522));
#7827=CARTESIAN_POINT('',(39.530904057972,-3.39008865785581,3.33727910466893));
#7828=CARTESIAN_POINT('Ctrl Pts',(39.5426854773311,-3.40238815568052,3.32614006239344));
#7829=CARTESIAN_POINT('Ctrl Pts',(39.4307558747413,-3.40422245594058,3.20919042410515));
#7830=CARTESIAN_POINT('Ctrl Pts',(39.3161666765097,-3.40617233104886,3.09481604162284));
#7831=CARTESIAN_POINT('Ctrl Pts',(39.1990129422892,-3.40824432685741,2.98309914420784));
#7832=CARTESIAN_POINT('',(42.3232127345408,-3.41036022657917,12.1886956711386));
#7833=CARTESIAN_POINT('Ctrl Pts',(42.3231635661836,-3.41038591113985,12.1887194497133));
#7834=CARTESIAN_POINT('Ctrl Pts',(42.3339096930805,-3.41038456958775,12.1071144983793));
#7835=CARTESIAN_POINT('Ctrl Pts',(42.3437434877456,-3.41038325975143,12.0253492277768));
#7836=CARTESIAN_POINT('Ctrl Pts',(42.507401362373,-3.41035980767779,10.5219660892883));
#7837=CARTESIAN_POINT('Ctrl Pts',(42.3830168208739,-3.41034771742525,9.08385940189175));
#7838=CARTESIAN_POINT('Ctrl Pts',(41.5900010654446,-3.41034510330405,6.33627933282005));
#7839=CARTESIAN_POINT('Ctrl Pts',(40.9289544304288,-3.4103546043417,5.05307361072393));
#7840=CARTESIAN_POINT('Ctrl Pts',(39.8780582573493,-3.41037797567283,3.72771297456871));
#7841=CARTESIAN_POINT('Ctrl Pts',(39.7084038099651,-3.41038192262892,3.52879292917484));
#7842=CARTESIAN_POINT('Ctrl Pts',(39.5319707470052,-3.41038619286213,3.33626421608193));
#7843=CARTESIAN_POINT('',(37.7343752423437,-3.41036034601415,19.7508673864299));
#7844=CARTESIAN_POINT('Ctrl Pts',(37.7303372453853,-3.41443888339318,19.7450000888765));
#7845=CARTESIAN_POINT('Ctrl Pts',(37.7527972611085,-3.41436554419752,19.7294268763691));
#7846=CARTESIAN_POINT('Ctrl Pts',(37.775203273252,-3.41429262331068,19.713766107519));
#7847=CARTESIAN_POINT('Ctrl Pts',(38.959937713305,-3.41045046918964,18.8790397955242));
#7848=CARTESIAN_POINT('Ctrl Pts',(39.9498505443482,-3.40811228335288,17.841363266744));
#7849=CARTESIAN_POINT('Ctrl Pts',(41.4675173864397,-3.40794533414439,15.4500238766116));
#7850=CARTESIAN_POINT('Ctrl Pts',(41.9829831773668,-3.41006585624444,14.1238643061727));
#7851=CARTESIAN_POINT('Ctrl Pts',(42.2642784103564,-3.4138911958922,12.5533227992417));
#7852=CARTESIAN_POINT('Ctrl Pts',(42.2922057211421,-3.41435241493031,12.3707667367347));
#7853=CARTESIAN_POINT('Ctrl Pts',(42.3154842222669,-3.41482688138357,12.1877389775647));
#7854=CARTESIAN_POINT('',(29.0587807703492,-3.41036195930765,21.4765491276499));
#7855=CARTESIAN_POINT('Ctrl Pts',(29.0587613756176,-3.41038801037581,21.4764974093106));
#7856=CARTESIAN_POINT('Ctrl Pts',(29.4093781702049,-3.41038140300611,21.55424028774));
#7857=CARTESIAN_POINT('Ctrl Pts',(29.7642174529445,-3.41037552400792,21.6148733736071));
#7858=CARTESIAN_POINT('Ctrl Pts',(31.5416224872476,-3.41035008666383,21.8290644853566));
#7859=CARTESIAN_POINT('Ctrl Pts',(32.9810449624698,-3.41034209240705,21.7212229548797));
#7860=CARTESIAN_POINT('Ctrl Pts',(35.5679686690743,-3.41035108290854,21.0066907721384));
#7861=CARTESIAN_POINT('Ctrl Pts',(36.7093309186271,-3.41036504424811,20.468605291265));
#7862=CARTESIAN_POINT('Ctrl Pts',(37.7343704617738,-3.41038808704235,19.7508105519545));
#7863=CARTESIAN_POINT('',(21.9253261744009,-3.41036035736811,16.2460874516071));
#7864=CARTESIAN_POINT('Ctrl Pts',(21.9321129645341,-3.41483401416452,16.2422440198065));
#7865=CARTESIAN_POINT('Ctrl Pts',(22.5471857077884,-3.41140500367035,17.3192966361475));
#7866=CARTESIAN_POINT('Ctrl Pts',(23.3417014085045,-3.40900410470422,18.2839942118864));
#7867=CARTESIAN_POINT('Ctrl Pts',(25.3544263924589,-3.40756738778807,20.0134883562715));
#7868=CARTESIAN_POINT('Ctrl Pts',(26.5928122673347,-3.4090396196564,20.7143400811015));
#7869=CARTESIAN_POINT('Ctrl Pts',(28.3024280446023,-3.41289194466709,21.283010105205));
#7870=CARTESIAN_POINT('Ctrl Pts',(28.6792697793528,-3.41383325647327,21.3861789068515));
#7871=CARTESIAN_POINT('Ctrl Pts',(29.0604106262525,-3.41483799070798,21.4689177950496));
#7872=CARTESIAN_POINT('',(20.4540579983509,-3.41034874490638,10.7553164738505));
#7873=CARTESIAN_POINT('Ctrl Pts',(20.4540579983509,-3.41034874490639,10.755316473839));
#7874=CARTESIAN_POINT('Ctrl Pts',(20.4540497440471,-3.41034412092192,11.7529754253272));
#7875=CARTESIAN_POINT('Ctrl Pts',(20.590014322276,-3.41034529612525,12.7480300999873));
#7876=CARTESIAN_POINT('Ctrl Pts',(21.1079187345982,-3.41035875307192,14.6000518070444));
#7877=CARTESIAN_POINT('Ctrl Pts',(21.4663259919398,-3.41037006087821,15.4510467136171));
#7878=CARTESIAN_POINT('Ctrl Pts',(21.9253816318652,-3.41038590115971,16.2460927189734));
#7879=CARTESIAN_POINT('',(20.2518974271726,-4.42301115146283,10.7553164570494));
#7880=CARTESIAN_POINT('Origin',(20.187755253387,-3.88369613586727,10.7553164644472));
#7881=CARTESIAN_POINT('',(23.189922458844,-4.42301713530964,18.3107860924898));
#7882=CARTESIAN_POINT('Ctrl Pts',(23.1899161518274,-4.42301756077338,18.3107918712403));
#7883=CARTESIAN_POINT('Ctrl Pts',(22.3253831589302,-4.42301337592124,17.3672276593352));
#7884=CARTESIAN_POINT('Ctrl Pts',(21.6282709085394,-4.42301058533082,16.2812303692839));
#7885=CARTESIAN_POINT('Ctrl Pts',(20.564456084928,-4.42300788326984,13.7576216566423));
#7886=CARTESIAN_POINT('Ctrl Pts',(20.2662723581316,-4.42300844158008,12.3179497717957));
#7887=CARTESIAN_POINT('Ctrl Pts',(20.2520669145662,-4.42301102526293,10.8261958547704));
#7888=CARTESIAN_POINT('Ctrl Pts',(20.2518979665684,-4.42301108779711,10.7907522466355));
#7889=CARTESIAN_POINT('Ctrl Pts',(20.2518974271726,-4.42301115146283,10.7553164570492));
#7890=CARTESIAN_POINT('',(32.8964182896162,-4.44958155046448,21.8511806840173));
#7891=CARTESIAN_POINT('Ctrl Pts',(32.8953939903465,-4.42301614856957,21.8434018603011));
#7892=CARTESIAN_POINT('Ctrl Pts',(31.7798587802183,-4.42301339006039,21.9902413522978));
#7893=CARTESIAN_POINT('Ctrl Pts',(30.6466081892967,-4.42301143747694,21.9681438744772));
#7894=CARTESIAN_POINT('Ctrl Pts',(28.0990307964617,-4.42300898280755,21.5285865723076));
#7895=CARTESIAN_POINT('Ctrl Pts',(26.7259735543792,-4.42300909232367,21.0030199585888));
#7896=CARTESIAN_POINT('Ctrl Pts',(24.640547005291,-4.42301178964407,19.6947628349966));
#7897=CARTESIAN_POINT('Ctrl Pts',(23.8664777673209,-4.42301358509462,19.049111008094));
#7898=CARTESIAN_POINT('Ctrl Pts',(23.1899257244128,-4.42301601777174,18.3107831001473));
#7899=CARTESIAN_POINT('',(33.3790241135754,-4.44960634983052,21.7768965770331));
#7900=CARTESIAN_POINT('Ctrl Pts',(33.3847441067924,-4.42631772254208,21.8094881959676));
#7901=CARTESIAN_POINT('Ctrl Pts',(33.2239439503185,-4.42631376927974,21.8377471945468));
#7902=CARTESIAN_POINT('Ctrl Pts',(33.0625634971587,-4.42631161569161,21.8625347619339));
#7903=CARTESIAN_POINT('Ctrl Pts',(32.9007155869017,-4.42631129734003,21.8838349153123));
#7904=CARTESIAN_POINT('',(41.5788130082872,-4.44879595806677,15.4851660095068));
#7905=CARTESIAN_POINT('Ctrl Pts',(41.5715059592046,-4.42301588680379,15.4818767214551));
#7906=CARTESIAN_POINT('Ctrl Pts',(41.0068028526068,-4.42301263998568,16.6927909047754));
#7907=CARTESIAN_POINT('Ctrl Pts',(40.2292080892895,-4.42301054556465,17.7936851272644));
#7908=CARTESIAN_POINT('Ctrl Pts',(38.2362494120057,-4.4230087963475,19.7524049199105));
#7909=CARTESIAN_POINT('Ctrl Pts',(37.0081099966155,-4.42300939112335,20.5606020011907));
#7910=CARTESIAN_POINT('Ctrl Pts',(34.9227886636952,-4.4230125892632,21.4112471484673));
#7911=CARTESIAN_POINT('Ctrl Pts',(34.1577095463592,-4.4230141474196,21.6316139614817));
#7912=CARTESIAN_POINT('Ctrl Pts',(33.3776504369648,-4.42301610170493,21.7691753527627));
#7913=CARTESIAN_POINT('',(41.7753903927232,-4.44921760799639,15.0381874989395));
#7914=CARTESIAN_POINT('Ctrl Pts',(41.8036719665035,-4.42621447999509,15.0501584800247));
#7915=CARTESIAN_POINT('Ctrl Pts',(41.7404533037003,-4.42617741060761,15.2007093742418));
#7916=CARTESIAN_POINT('Ctrl Pts',(41.6739855111162,-4.42613859626569,15.3497913030452));
#7917=CARTESIAN_POINT('Ctrl Pts',(41.6043251043293,-4.42609806247676,15.4973021792197));
#7918=CARTESIAN_POINT('',(40.8680330045661,-4.42301668494806,4.7464711821211));
#7919=CARTESIAN_POINT('Ctrl Pts',(40.8680392815021,-4.42301705654656,4.74646718368422));
#7920=CARTESIAN_POINT('Ctrl Pts',(41.482985579858,-4.42301344382716,5.71183874050324));
#7921=CARTESIAN_POINT('Ctrl Pts',(41.9471116118668,-4.42301092087948,6.76751226661326));
#7922=CARTESIAN_POINT('Ctrl Pts',(42.6174076290303,-4.42300789633301,9.28436389346916));
#7923=CARTESIAN_POINT('Ctrl Pts',(42.7137450736527,-4.42300815137096,10.7514291624614));
#7924=CARTESIAN_POINT('Ctrl Pts',(42.3992253418894,-4.42301181914252,13.173436675113));
#7925=CARTESIAN_POINT('Ctrl Pts',(42.1437862654026,-4.42301416613798,14.1280871154403));
#7926=CARTESIAN_POINT('Ctrl Pts',(41.7680358599928,-4.42301730813375,15.0352706054503));
#7927=CARTESIAN_POINT('',(31.9234496169118,-4.42304338183624,-0.417770855544921));
#7928=CARTESIAN_POINT('Ctrl Pts',(31.9234508461265,-4.42301547110388,-0.417799841823857));
#7929=CARTESIAN_POINT('Ctrl Pts',(32.1069226894634,-4.42301504140949,-0.409785645295847));
#7930=CARTESIAN_POINT('Ctrl Pts',(32.2903603823767,-4.42301463188876,-0.397245397835667));
#7931=CARTESIAN_POINT('Ctrl Pts',(33.9236529110769,-4.42301116588062,-0.244971148034055));
#7932=CARTESIAN_POINT('Ctrl Pts',(35.3334390694741,-4.42300944224657,0.172154437057957));
#7933=CARTESIAN_POINT('Ctrl Pts',(37.913773028109,-4.42300889689654,1.52332015463875));
#7934=CARTESIAN_POINT('Ctrl Pts',(39.0596506200735,-4.42301008040569,2.44444399894971));
#7935=CARTESIAN_POINT('Ctrl Pts',(40.313349268368,-4.42301352243028,3.9359193654816));
#7936=CARTESIAN_POINT('Ctrl Pts',(40.6043408979159,-4.42301454536166,4.33256467541629));
#7937=CARTESIAN_POINT('Ctrl Pts',(40.8680297548329,-4.42301571412427,4.74647325243231));
#7938=CARTESIAN_POINT('',(27.610559023757,-4.42304429203698,0.246044758197301));
#7939=CARTESIAN_POINT('Ctrl Pts',(27.6104940375137,-4.42303477751905,0.245866004763339));
#7940=CARTESIAN_POINT('Ctrl Pts',(28.5252331442047,-4.42300004451246,-0.0867600245354545));
#7941=CARTESIAN_POINT('Ctrl Pts',(29.4813918474599,-4.42298814474444,-0.299441902676983));
#7942=CARTESIAN_POINT('Ctrl Pts',(30.9440203136562,-4.42300545666362,-0.428328987765468));
#7943=CARTESIAN_POINT('Ctrl Pts',(31.4345504615155,-4.42301711931483,-0.439159467552613));
#7944=CARTESIAN_POINT('Ctrl Pts',(31.9234578140859,-4.42303452733179,-0.417960218670197));
#7945=CARTESIAN_POINT('',(20.6252489513957,-4.44906977539999,7.85868535815468));
#7946=CARTESIAN_POINT('Ctrl Pts',(20.6329234215942,-4.42301633992314,7.86077309123273));
#7947=CARTESIAN_POINT('Ctrl Pts',(20.7016961269741,-4.42301563064489,7.60413008858887));
#7948=CARTESIAN_POINT('Ctrl Pts',(20.7796888249432,-4.42301496880915,7.34965866737813));
#7949=CARTESIAN_POINT('Ctrl Pts',(21.3431331929618,-4.42301100708635,5.72159955741583));
#7950=CARTESIAN_POINT('Ctrl Pts',(22.0836945622196,-4.42300918936672,4.45152799981485));
#7951=CARTESIAN_POINT('Ctrl Pts',(24.0099733560101,-4.42300882215546,2.2667368198525));
#7952=CARTESIAN_POINT('Ctrl Pts',(25.1772760235764,-4.42301027618965,1.37290631461116));
#7953=CARTESIAN_POINT('Ctrl Pts',(26.8500290274046,-4.42301413148804,0.546685638787536));
#7954=CARTESIAN_POINT('Ctrl Pts',(27.2264435099148,-4.42301509668869,0.385825391740463));
#7955=CARTESIAN_POINT('Ctrl Pts',(27.6105476013402,-4.42301617640752,0.246013269460952));
#7956=CARTESIAN_POINT('',(20.5091776882504,-4.44900168042927,8.33298386279195));
#7957=CARTESIAN_POINT('Ctrl Pts',(20.4804339738704,-4.42615565400286,8.3266159378551));
#7958=CARTESIAN_POINT('Ctrl Pts',(20.5157462450577,-4.42615662409532,8.16724087811067));
#7959=CARTESIAN_POINT('Ctrl Pts',(20.554425020925,-4.42616253023678,8.0086772262005));
#7960=CARTESIAN_POINT('Ctrl Pts',(20.5964387347296,-4.42617316706321,7.85102970850312));
#7961=CARTESIAN_POINT('Ctrl Pts',(20.2518974271726,-4.42301115146283,10.7553164570492));
#7962=CARTESIAN_POINT('Ctrl Pts',(20.2518850094708,-4.42301261714341,9.93953135344928));
#7963=CARTESIAN_POINT('Ctrl Pts',(20.3411236892039,-4.42301468251137,9.12788869667477));
#7964=CARTESIAN_POINT('Ctrl Pts',(20.516944982429,-4.42301730364005,8.33470691903149));
#7965=CARTESIAN_POINT('Ctrl Pts',(20.9623902581964,-3.4103856691738,7.45308710048929));
#7966=CARTESIAN_POINT('Ctrl Pts',(20.7549799959545,-3.41037380257172,8.11083168673064));
#7967=CARTESIAN_POINT('Ctrl Pts',(20.609507759862,-3.4103644750702,8.78820730708292));
#7968=CARTESIAN_POINT('Ctrl Pts',(20.4789187791075,-3.41035375874899,9.90173721743577));
#7969=CARTESIAN_POINT('Ctrl Pts',(20.4540615274992,-3.41035072190257,10.3287648780525));
#7970=CARTESIAN_POINT('Ctrl Pts',(20.4540579983509,-3.41034874490637,10.755316473839));
#7971=CARTESIAN_POINT('Origin',(31.4356199757214,-8.48217487761119,10.7553164593964));
#7972=CARTESIAN_POINT('',(31.4353602072042,-7.97025891138589,-0.956549994200291));
#7973=CARTESIAN_POINT('',(22.8007053753179,-7.97024665856585,2.8428753256306));
#7974=CARTESIAN_POINT('Ctrl Pts',(31.4353602071844,-7.97026171425539,-0.956545666514473));
#7975=CARTESIAN_POINT('Ctrl Pts',(30.377728975123,-7.97025156196902,-0.956543916836564));
#7976=CARTESIAN_POINT('Ctrl Pts',(29.3227853801039,-7.97024456128195,-0.813263545855363));
#7977=CARTESIAN_POINT('Ctrl Pts',(26.8303899465351,-7.97023575694781,-0.12064135561917));
#7978=CARTESIAN_POINT('Ctrl Pts',(25.4548815074296,-7.97023765216372,0.570755812821154));
#7979=CARTESIAN_POINT('Ctrl Pts',(23.7300661635863,-7.97025035868489,1.91070206235352));
#7980=CARTESIAN_POINT('Ctrl Pts',(23.2451327040088,-7.9702554699386,2.35789563599996));
#7981=CARTESIAN_POINT('Ctrl Pts',(22.8007269019349,-7.97026179471413,2.8428997393799));
#7982=CARTESIAN_POINT('',(42.0502009831839,-7.97024680816897,5.80565576727881));
#7983=CARTESIAN_POINT('Ctrl Pts',(42.0501851173467,-7.97025515108576,5.80566395552705));
#7984=CARTESIAN_POINT('Ctrl Pts',(41.940828590573,-7.97025413699653,5.57114300789165));
#7985=CARTESIAN_POINT('Ctrl Pts',(41.8235845970924,-7.97025317502235,5.33999925601775));
#7986=CARTESIAN_POINT('Ctrl Pts',(40.9638412161346,-7.97024693097886,3.77626114297392));
#7987=CARTESIAN_POINT('Ctrl Pts',(39.9751000980527,-7.97024356675941,2.59617072465423));
#7988=CARTESIAN_POINT('Ctrl Pts',(37.6009257260498,-7.97024116271436,0.68141468174808));
#7989=CARTESIAN_POINT('Ctrl Pts',(36.2381913384981,-7.97024214588215,-0.0349453560322943));
#7990=CARTESIAN_POINT('Ctrl Pts',(33.6902042478167,-7.97024757202936,-0.7932707195258));
#7991=CARTESIAN_POINT('Ctrl Pts',(32.5646822332051,-7.97025102871726,-0.956593559888457));
#7992=CARTESIAN_POINT('Ctrl Pts',(31.4353602069166,-7.97025550859726,-0.95655893507366));
#7993=CARTESIAN_POINT('',(41.0293653928309,-7.96949655168145,17.4729297028741));
#7994=CARTESIAN_POINT('Ctrl Pts',(41.0359528852013,-7.96660635963288,17.4775367973523));
#7995=CARTESIAN_POINT('Ctrl Pts',(41.1258848833968,-7.96666752486662,17.3488629368104));
#7996=CARTESIAN_POINT('Ctrl Pts',(41.2133005289828,-7.96672904605808,17.218282482613));
#7997=CARTESIAN_POINT('Ctrl Pts',(42.1210903611747,-7.96739073545203,15.8012915721489));
#7998=CARTESIAN_POINT('Ctrl Pts',(42.6853267799367,-7.96800742503631,14.3682719229358));
#7999=CARTESIAN_POINT('Ctrl Pts',(43.2328357189711,-7.9692091170461,11.3666487079534));
#8000=CARTESIAN_POINT('Ctrl Pts',(43.2108801870395,-7.96978296406564,9.82671374642953));
#8001=CARTESIAN_POINT('Ctrl Pts',(42.7092256855693,-7.97062367075557,7.46102054874549));
#8002=CARTESIAN_POINT('Ctrl Pts',(42.425101435814,-7.97091621154242,6.6130094122019));
#8003=CARTESIAN_POINT('Ctrl Pts',(42.0483836266157,-7.97118970938721,5.80650516454454));
#8004=CARTESIAN_POINT('',(29.9069214249171,-7.96954631492995,22.3669268666));
#8005=CARTESIAN_POINT('Ctrl Pts',(29.9063439233766,-7.9682585835268,22.3712760824457));
#8006=CARTESIAN_POINT('Ctrl Pts',(30.0212963876667,-7.96822064671836,22.386493566141));
#8007=CARTESIAN_POINT('Ctrl Pts',(30.1365460882637,-7.9681845917782,22.4000098248051));
#8008=CARTESIAN_POINT('Ctrl Pts',(31.7662333818107,-7.96770310841669,22.5665423008763));
#8009=CARTESIAN_POINT('Ctrl Pts',(33.2960699083422,-7.9676036117694,22.4240032792397));
#8010=CARTESIAN_POINT('Ctrl Pts',(36.214645503628,-7.96812764228669,21.5605004732044));
#8011=CARTESIAN_POINT('Ctrl Pts',(37.575378665726,-7.96874520763319,20.848023697941));
#8012=CARTESIAN_POINT('Ctrl Pts',(39.6283741745597,-7.97022520207302,19.1983579047697));
#8013=CARTESIAN_POINT('Ctrl Pts',(40.391007048945,-7.97096644710368,18.3820782501643));
#8014=CARTESIAN_POINT('Ctrl Pts',(41.0268347435217,-7.97174413339901,17.4711708607002));
#8015=CARTESIAN_POINT('',(20.4300397795273,-7.97024722315685,14.7610210781934));
#8016=CARTESIAN_POINT('Ctrl Pts',(20.4300555677466,-7.97025593166276,14.7610100102824));
#8017=CARTESIAN_POINT('Ctrl Pts',(20.5377758963097,-7.97025455601828,15.0569781547536));
#8018=CARTESIAN_POINT('Ctrl Pts',(20.657557400276,-7.9702532711536,15.348936941765));
#8019=CARTESIAN_POINT('Ctrl Pts',(21.4247551867442,-7.97024633660697,17.0224401522618));
#8020=CARTESIAN_POINT('Ctrl Pts',(22.3249896048462,-7.97024291065357,18.2713553720574));
#8021=CARTESIAN_POINT('Ctrl Pts',(24.5535138635761,-7.97024108449243,20.353812710989));
#8022=CARTESIAN_POINT('Ctrl Pts',(25.8604972121917,-7.97024270175683,21.1674459805848));
#8023=CARTESIAN_POINT('Ctrl Pts',(28.133617659861,-7.97024916643958,22.0285360538333));
#8024=CARTESIAN_POINT('Ctrl Pts',(29.0130078009596,-7.97025240791645,22.2493181765949));
#8025=CARTESIAN_POINT('Ctrl Pts',(29.906910070358,-7.97025640606299,22.366994296899));
#8026=CARTESIAN_POINT('',(19.7191350736039,-7.96812528881837,10.7553164614696));
#8027=CARTESIAN_POINT('Ctrl Pts',(19.7191350736039,-7.96812528881837,10.7553164639632));
#8028=CARTESIAN_POINT('Ctrl Pts',(19.7196030342976,-7.9683390530027,11.1283179116565));
#8029=CARTESIAN_POINT('Ctrl Pts',(19.7379766846882,-7.96859671117048,11.5017476447456));
#8030=CARTESIAN_POINT('Ctrl Pts',(19.8708945289976,-7.96967570949622,12.8623669086615));
#8031=CARTESIAN_POINT('Ctrl Pts',(20.0929126307054,-7.97072223035011,13.8317666755569));
#8032=CARTESIAN_POINT('Ctrl Pts',(20.4331822304159,-7.97182638019681,14.7598652034108));
#8033=CARTESIAN_POINT('',(20.0006471405178,-8.71195086683808,10.7553194275314));
#8034=CARTESIAN_POINT('Origin',(19.4843299556678,-8.48217488934058,10.7553164432522));
#8035=CARTESIAN_POINT('',(42.8705929060021,-8.71195084550539,10.7553168901732));
#8036=CARTESIAN_POINT('Origin',(31.4356200232598,-8.71195085617168,10.7553168754923));
#8037=CARTESIAN_POINT('Origin',(31.4356200232598,-8.71195085617168,10.7553168754923));
#8038=CARTESIAN_POINT('Ctrl Pts',(22.8024300943975,-7.97135052585042,2.84446636529525));
#8039=CARTESIAN_POINT('Ctrl Pts',(22.6394134667732,-7.97108679541403,3.02154313385689));
#8040=CARTESIAN_POINT('Ctrl Pts',(22.4816938849752,-7.97082774183538,3.20383431335289));
#8041=CARTESIAN_POINT('Ctrl Pts',(21.3695009231467,-7.96899301714684,4.57288335905821));
#8042=CARTESIAN_POINT('Ctrl Pts',(20.6498758184389,-7.96781037030945,5.93060059106881));
#8043=CARTESIAN_POINT('Ctrl Pts',(19.8830412127476,-7.96724224976847,8.48276509831891));
#8044=CARTESIAN_POINT('Ctrl Pts',(19.717707021327,-7.96747295533338,9.61704657538056));
#8045=CARTESIAN_POINT('Ctrl Pts',(19.7191350736039,-7.96812528881837,10.7553164639632));
#8046=CARTESIAN_POINT('Origin',(31.4356200766203,-12.7214716197448,10.7553161829818));
#8047=CARTESIAN_POINT('',(42.8704945875647,-13.6402523509513,7.14991291730503));
#8048=CARTESIAN_POINT('',(43.4254203094871,-13.6402529088156,10.7553160219718));
#8049=CARTESIAN_POINT('Ctrl Pts',(42.8704927312399,-13.6402511439983,7.14991350260459));
#8050=CARTESIAN_POINT('Ctrl Pts',(43.2383315856771,-13.6402517899266,8.31654545388653));
#8051=CARTESIAN_POINT('Ctrl Pts',(43.4254194416143,-13.6402523850945,9.5324838199742));
#8052=CARTESIAN_POINT('Ctrl Pts',(43.4254203094871,-13.6402529088156,10.7553160219718));
#8053=CARTESIAN_POINT('',(20.5691873306273,-13.6405015211545,5.68821577654583));
#8054=CARTESIAN_POINT('Ctrl Pts',(20.569170142897,-13.6402530062394,5.68820776176759));
#8055=CARTESIAN_POINT('Ctrl Pts',(20.719565178347,-13.6402530246269,5.36568448207838));
#8056=CARTESIAN_POINT('Ctrl Pts',(20.884493220268,-13.6402530426781,5.04948300201871));
#8057=CARTESIAN_POINT('Ctrl Pts',(21.8468139638991,-13.6402531375454,3.39001752959616));
#8058=CARTESIAN_POINT('Ctrl Pts',(22.8863304419615,-13.6402532057551,2.20531760266914));
#8059=CARTESIAN_POINT('Ctrl Pts',(25.3609654665267,-13.6402533164958,0.301063299520797));
#8060=CARTESIAN_POINT('Ctrl Pts',(26.7724251509349,-13.6402533579682,-0.400285370019993));
#8061=CARTESIAN_POINT('Ctrl Pts',(29.7847351925005,-13.640253408448,-1.22247211953462));
#8062=CARTESIAN_POINT('Ctrl Pts',(31.3567862226159,-13.6402534170297,-1.33544965006779));
#8063=CARTESIAN_POINT('Ctrl Pts',(34.4557082256217,-13.6402533996898,-0.952454692788947));
#8064=CARTESIAN_POINT('Ctrl Pts',(35.952951815066,-13.6402533739339,-0.460143849369727));
#8065=CARTESIAN_POINT('Ctrl Pts',(38.674453470315,-13.6402532913708,1.07068316137721));
#8066=CARTESIAN_POINT('Ctrl Pts',(39.8726924995861,-13.6402532352961,2.09456378603692));
#8067=CARTESIAN_POINT('Ctrl Pts',(41.5098269316384,-13.6402531208118,4.16526816041467));
#8068=CARTESIAN_POINT('Ctrl Pts',(42.061490349815,-13.6402530690086,5.09764391121942));
#8069=CARTESIAN_POINT('Ctrl Pts',(42.6275366175052,-13.6402529942197,6.43812113672404));
#8070=CARTESIAN_POINT('Ctrl Pts',(42.7574708748305,-13.6402529744804,6.79144427134484));
#8071=CARTESIAN_POINT('Ctrl Pts',(42.8704955157275,-13.6402529544279,7.14991262465645));
#8072=CARTESIAN_POINT('',(25.4407311802181,-13.6402459640263,21.13878173292));
#8073=CARTESIAN_POINT('Ctrl Pts',(25.4407380169272,-13.6402374848065,21.1387698910477));
#8074=CARTESIAN_POINT('Ctrl Pts',(24.6649965251481,-13.6402423153154,20.6909049164766));
#8075=CARTESIAN_POINT('Ctrl Pts',(23.9400780767935,-13.6402465601509,20.1564696501482));
#8076=CARTESIAN_POINT('Ctrl Pts',(22.135963384449,-13.6402563247537,18.4824946164719));
#8077=CARTESIAN_POINT('Ctrl Pts',(21.2098550258359,-13.6402603700091,17.2071986139957));
#8078=CARTESIAN_POINT('Ctrl Pts',(19.8986075283089,-13.6402637050697,14.37339906094));
#8079=CARTESIAN_POINT('Ctrl Pts',(19.5260041154732,-13.6402629629771,12.8419884510588));
#8080=CARTESIAN_POINT('Ctrl Pts',(19.3887828584995,-13.6402567435996,9.72254271452916));
#8081=CARTESIAN_POINT('Ctrl Pts',(19.6254763461077,-13.6402513258177,8.16433118873589));
#8082=CARTESIAN_POINT('Ctrl Pts',(20.2773295139441,-13.6402421775055,6.35306958819544));
#8083=CARTESIAN_POINT('Ctrl Pts',(20.4158579284745,-13.640240347137,6.01703518696906));
#8084=CARTESIAN_POINT('Ctrl Pts',(20.5691914585084,-13.6402384215582,5.6882177025181));
#8085=CARTESIAN_POINT('Ctrl Pts',(43.4254203094871,-13.6402529088156,10.7553160219718));
#8086=CARTESIAN_POINT('Ctrl Pts',(43.4254204411641,-13.6402529882766,10.9408488664121));
#8087=CARTESIAN_POINT('Ctrl Pts',(43.4211141493886,-13.640253066093,11.1265404078875));
#8088=CARTESIAN_POINT('Ctrl Pts',(43.3399601034223,-13.6402537812916,12.8718063058289));
#8089=CARTESIAN_POINT('Ctrl Pts',(42.9635169166683,-13.6402542870757,14.4022952446124));
#8090=CARTESIAN_POINT('Ctrl Pts',(41.6451599073685,-13.6402549750674,17.2328300181687));
#8091=CARTESIAN_POINT('Ctrl Pts',(40.7158503333142,-13.6402551506973,18.5058144096028));
#8092=CARTESIAN_POINT('Ctrl Pts',(38.421585194401,-13.6402551454498,20.6239122540472));
#8093=CARTESIAN_POINT('Ctrl Pts',(37.0785640845111,-13.6402549646226,21.4487755682082));
#8094=CARTESIAN_POINT('Ctrl Pts',(34.1519340574203,-13.6402542669196,22.5372728572106));
#8095=CARTESIAN_POINT('Ctrl Pts',(32.5963053296442,-13.6402537567145,22.7905002442789));
#8096=CARTESIAN_POINT('Ctrl Pts',(29.4755437538255,-13.64025247104,22.6864057273475));
#8097=CARTESIAN_POINT('Ctrl Pts',(27.9402470793916,-13.6402517078625,22.3300790563417));
#8098=CARTESIAN_POINT('Ctrl Pts',(26.148179072684,-13.6402506498913,21.523847812806));
#8099=CARTESIAN_POINT('Ctrl Pts',(25.7891871759043,-13.6402504283752,21.3399709438498));
#8100=CARTESIAN_POINT('Ctrl Pts',(25.4407277617849,-13.6402502036361,21.1387876538108));
#8101=CARTESIAN_POINT('',(43.0775128501774,-13.2930442220827,10.7553160255792));
#8102=CARTESIAN_POINT('Origin',(43.9951467120774,-12.7214717446066,10.7553160111242));
#8103=CARTESIAN_POINT('',(19.7937270670547,-13.2930441734623,10.7553170424466));
#8104=CARTESIAN_POINT('Origin',(31.435619958616,-13.2930441977725,10.7553163144943));
#8105=CARTESIAN_POINT('Origin',(31.435619958616,-13.2930441977725,10.7553163144943));
#8106=CARTESIAN_POINT('Origin',(31.4354723987653,-17.1779200733278,10.7553300468685));
#8107=CARTESIAN_POINT('',(43.0210224709363,-17.3351166064269,10.7553163143101));
#8108=CARTESIAN_POINT('',(31.4354710415222,-17.335116462498,-0.830086127435774));
#8109=CARTESIAN_POINT('Origin',(31.4356199805533,-17.3351165717855,10.7553163619899));
#8110=CARTESIAN_POINT('Origin',(31.4356199805533,-17.3351165717855,10.7553163619899));
#8111=CARTESIAN_POINT('',(31.4354723988524,-17.1779194176386,-1.06005758919173));
#8112=CARTESIAN_POINT('',(31.4354723987653,-17.1779294991319,-1.06004284050012));
#8113=CARTESIAN_POINT('',(40.1468512116267,-17.177900722806,2.77294912787288));
#8114=CARTESIAN_POINT('Ctrl Pts',(40.1468542862198,-17.1778978722714,2.7729463104722));
#8115=CARTESIAN_POINT('Ctrl Pts',(40.0299250696797,-17.1778986800209,2.64534214636854));
#8116=CARTESIAN_POINT('Ctrl Pts',(39.9109565692565,-17.1778994634888,2.52114599675188));
#8117=CARTESIAN_POINT('Ctrl Pts',(38.7412441321382,-17.1779068163491,1.35146773761694));
#8118=CARTESIAN_POINT('Ctrl Pts',(37.4126103763389,-17.1779123125686,0.442169023915614));
#8119=CARTESIAN_POINT('Ctrl Pts',(34.5015115467382,-17.1779190004941,-0.763602442915012));
#8120=CARTESIAN_POINT('Ctrl Pts',(32.9190464730371,-17.1779201922939,-1.06007519628612));
#8121=CARTESIAN_POINT('Ctrl Pts',(31.4354723988524,-17.1779194176386,-1.06005758919173));
#8122=CARTESIAN_POINT('',(39.417964022339,-17.1779057638719,19.4665579888304));
#8123=CARTESIAN_POINT('Ctrl Pts',(39.4179635199334,-17.1779065305006,19.4665574405543));
#8124=CARTESIAN_POINT('Ctrl Pts',(39.5455222905577,-17.1779069125066,19.349671190113));
#8125=CARTESIAN_POINT('Ctrl Pts',(39.6696754419371,-17.177907283574,19.2307471556548));
#8126=CARTESIAN_POINT('Ctrl Pts',(40.8393414324999,-17.1779107723992,18.0610967721577));
#8127=CARTESIAN_POINT('Ctrl Pts',(41.7486705255655,-17.1779134246165,16.7324734999565));
#8128=CARTESIAN_POINT('Ctrl Pts',(42.9544981114975,-17.1779167774012,13.8213813208404));
#8129=CARTESIAN_POINT('Ctrl Pts',(43.2509966044395,-17.177917477989,12.2389124139567));
#8130=CARTESIAN_POINT('Ctrl Pts',(43.2510006874087,-17.1779170541949,9.27174608608992));
#8131=CARTESIAN_POINT('Ctrl Pts',(42.9545059177623,-17.177915901563,7.6892747723444));
#8132=CARTESIAN_POINT('Ctrl Pts',(41.8180238646909,-17.1779119576887,4.94557738383822));
#8133=CARTESIAN_POINT('Ctrl Pts',(41.0466056451455,-17.1779093765404,3.75487803130945));
#8134=CARTESIAN_POINT('Ctrl Pts',(40.1468450623573,-17.1779064238753,2.77295476258339));
#8135=CARTESIAN_POINT('',(22.061804850783,-17.1779010981185,17.9480370657048));
#8136=CARTESIAN_POINT('Ctrl Pts',(22.0618060722318,-17.1779026853337,17.9480361284499));
#8137=CARTESIAN_POINT('Ctrl Pts',(22.3808337674184,-17.177904015307,18.3638014916468));
#8138=CARTESIAN_POINT('Ctrl Pts',(22.723409723663,-17.1779052520809,18.7525897846674));
#8139=CARTESIAN_POINT('Ctrl Pts',(24.1298373133551,-17.1779097001186,20.1590309737021));
#8140=CARTESIAN_POINT('Ctrl Pts',(25.4584367723591,-17.1779125107515,21.0683467534357));
#8141=CARTESIAN_POINT('Ctrl Pts',(28.3694760260703,-17.1779160603625,22.2741688636938));
#8142=CARTESIAN_POINT('Ctrl Pts',(29.9519158207431,-17.1779167993917,22.5706751943009));
#8143=CARTESIAN_POINT('Ctrl Pts',(31.4354723987142,-17.177916570551,22.5706942691911));
#8144=CARTESIAN_POINT('Ctrl Pts',(32.9190438678748,-17.1779163417079,22.5707133442727));
#8145=CARTESIAN_POINT('Ctrl Pts',(34.5015061522217,-17.1779151144673,22.2742418027979));
#8146=CARTESIAN_POINT('Ctrl Pts',(37.2452569590518,-17.1779109221079,21.137785126183));
#8147=CARTESIAN_POINT('Ctrl Pts',(38.4360078787415,-17.177908179765,20.3663462254688));
#8148=CARTESIAN_POINT('Ctrl Pts',(39.4179649896653,-17.177905043457,19.4665590444969));
#8149=CARTESIAN_POINT('',(23.8407739581788,-17.17789762824,1.7042333951876));
#8150=CARTESIAN_POINT('Ctrl Pts',(23.8407758299184,-17.177899618675,1.70423562578168));
#8151=CARTESIAN_POINT('Ctrl Pts',(23.5742058364171,-17.1779007878437,1.9279192158426));
#8152=CARTESIAN_POINT('Ctrl Pts',(23.3204725720447,-17.1779018899867,2.16096245429892));
#8153=CARTESIAN_POINT('Ctrl Pts',(22.0317796691771,-17.1779074317738,3.4496919741459));
#8154=CARTESIAN_POINT('Ctrl Pts',(21.1224918942167,-17.1779111189862,4.77830061902321));
#8155=CARTESIAN_POINT('Ctrl Pts',(19.9167225893528,-17.1779153996145,7.68934532485817));
#8156=CARTESIAN_POINT('Ctrl Pts',(19.6202410592437,-17.177915993128,9.27178138573065));
#8157=CARTESIAN_POINT('Ctrl Pts',(19.6202422235445,-17.1779144219797,12.2388782535824));
#8158=CARTESIAN_POINT('Ctrl Pts',(19.916724815282,-17.1779121525875,13.8213136278369));
#8159=CARTESIAN_POINT('Ctrl Pts',(20.9170936480509,-17.1779060423726,16.2364629186315));
#8160=CARTESIAN_POINT('Ctrl Pts',(21.4444430543167,-17.177903015001,17.1434652741462));
#8161=CARTESIAN_POINT('Ctrl Pts',(22.0618024989624,-17.1778996065728,17.94803887028));
#8162=CARTESIAN_POINT('Ctrl Pts',(31.4354723988524,-17.1779194176386,-1.06005758919173));
#8163=CARTESIAN_POINT('Ctrl Pts',(29.9519120718729,-17.1779186429904,-1.06003998226049));
#8164=CARTESIAN_POINT('Ctrl Pts',(28.3694677594193,-17.1779157986515,-0.763535117966444));
#8165=CARTESIAN_POINT('Ctrl Pts',(25.7909773626211,-17.177907181326,0.304531784109744));
#8166=CARTESIAN_POINT('Ctrl Pts',(24.7409212440762,-17.177902245994,0.948920266278305));
#8167=CARTESIAN_POINT('Ctrl Pts',(23.8407730223284,-17.1778966330225,1.70423227987421));
#8168=CARTESIAN_POINT('Origin',(31.4356199589875,-13.1151719502412,10.7553163181019));
#8169=CARTESIAN_POINT('',(30.9126018422845,-12.5821764522037,-1.22370545546276));
#8170=CARTESIAN_POINT('',(19.4921896780774,-12.569397187667,9.71040423586912));
#8171=CARTESIAN_POINT('Ctrl Pts',(30.9126028797391,-12.5821805707888,-1.22369380574785));
#8172=CARTESIAN_POINT('Ctrl Pts',(29.6250653922717,-12.5821790352667,-1.16748282392844));
#8173=CARTESIAN_POINT('Ctrl Pts',(28.3531428986406,-12.5821777729855,-0.90395757636914));
#8174=CARTESIAN_POINT('Ctrl Pts',(26.3208870622026,-12.5821761937549,-0.125469898090054));
#8175=CARTESIAN_POINT('Ctrl Pts',(25.5328704802761,-12.5821757095775,0.281082060837922));
#8176=CARTESIAN_POINT('Ctrl Pts',(24.0605905629206,-12.5821750735387,1.26000058424461));
#8177=CARTESIAN_POINT('Ctrl Pts',(23.380832234406,-12.5821749236235,1.82937182523197));
#8178=CARTESIAN_POINT('Ctrl Pts',(22.7698595388852,-12.5821749445497,2.46826536410706));
#8179=CARTESIAN_POINT('Ctrl Pts',(21.6907681262331,-12.5821749815092,3.59667017900872));
#8180=CARTESIAN_POINT('Ctrl Pts',(20.8423959367442,-12.5821755508433,4.92505735249295));
#8181=CARTESIAN_POINT('Ctrl Pts',(19.8532226940805,-12.5821774073793,7.44806001164466));
#8182=CARTESIAN_POINT('Ctrl Pts',(19.5905630157593,-12.5821784539916,8.57019005586858));
#8183=CARTESIAN_POINT('Ctrl Pts',(19.4908214848372,-12.5821797255668,9.71028474037531));
#8184=CARTESIAN_POINT('',(39.4958792604929,-12.4822525847646,19.6294038359458));
#8185=CARTESIAN_POINT('Ctrl Pts',(39.4981806395325,-12.5817209050731,19.6320708567807));
#8186=CARTESIAN_POINT('Ctrl Pts',(39.643890863054,-12.5816942806016,19.4998282963675));
#8187=CARTESIAN_POINT('Ctrl Pts',(39.7864749136139,-12.5816680984633,19.3638807482586));
#8188=CARTESIAN_POINT('Ctrl Pts',(41.02875205896,-12.5814388939401,18.1194298908998));
#8189=CARTESIAN_POINT('Ctrl Pts',(41.9053444853582,-12.5812694160466,16.8096476173924));
#8190=CARTESIAN_POINT('Ctrl Pts',(42.846359621701,-12.5810794404735,14.5529554651646));
#8191=CARTESIAN_POINT('Ctrl Pts',(43.0952630519877,-12.5810267753714,13.7020807398179));
#8192=CARTESIAN_POINT('Ctrl Pts',(43.401475409051,-12.5809564640732,11.9611086278475));
#8193=CARTESIAN_POINT('Ctrl Pts',(43.4578405027103,-12.5809390388194,11.0763391979726));
#8194=CARTESIAN_POINT('Ctrl Pts',(43.4164326405086,-12.5809398642157,10.193446670457));
#8195=CARTESIAN_POINT('Ctrl Pts',(43.3433052664853,-12.5809413218872,8.63423523936206));
#8196=CARTESIAN_POINT('Ctrl Pts',(42.9663335715003,-12.5809998721376,7.10421770948022));
#8197=CARTESIAN_POINT('Ctrl Pts',(41.6471608071613,-12.5812212496579,4.27481944006324));
#8198=CARTESIAN_POINT('Ctrl Pts',(40.7175874813225,-12.5813818361574,3.00248602035739));
#8199=CARTESIAN_POINT('Ctrl Pts',(38.423068477707,-12.5817760646168,0.885672043025306));
#8200=CARTESIAN_POINT('Ctrl Pts',(37.0800462687056,-12.5820057369218,0.061437024757518));
#8201=CARTESIAN_POINT('Ctrl Pts',(34.1536078333263,-12.5824947707982,-1.02594637392319));
#8202=CARTESIAN_POINT('Ctrl Pts',(32.5981487903475,-12.5827492745221,-1.27867525531161));
#8203=CARTESIAN_POINT('Ctrl Pts',(30.9962352352164,-12.5830035425754,-1.22480582072948));
#8204=CARTESIAN_POINT('Ctrl Pts',(30.9544609661086,-12.5830101680649,-1.22318213749739));
#8205=CARTESIAN_POINT('Ctrl Pts',(30.9127064083641,-12.583016785178,-1.22134056170231));
#8206=CARTESIAN_POINT('',(19.4471871447781,-12.5828863462016,10.7553163630902));
#8207=CARTESIAN_POINT('Ctrl Pts',(19.447187144778,-12.5828863462015,10.7553163630902));
#8208=CARTESIAN_POINT('Ctrl Pts',(19.4467954645062,-12.5827466406479,11.4940778811305));
#8209=CARTESIAN_POINT('Ctrl Pts',(19.5146896348174,-12.5826071695143,12.2330353750443));
#8210=CARTESIAN_POINT('Ctrl Pts',(19.9375861633042,-12.5821818881903,14.4973420770256));
#8211=CARTESIAN_POINT('Ctrl Pts',(20.5212648476029,-12.5819098645945,15.9613658819695));
#8212=CARTESIAN_POINT('Ctrl Pts',(22.2169636328214,-12.581439762555,18.5831110668266));
#8213=CARTESIAN_POINT('Ctrl Pts',(23.312728655875,-12.5812464086782,19.7157849559657));
#8214=CARTESIAN_POINT('Ctrl Pts',(25.8766656907256,-12.5809752192837,21.4971816160761));
#8215=CARTESIAN_POINT('Ctrl Pts',(27.3202772603803,-12.5809001128244,22.1289186202981));
#8216=CARTESIAN_POINT('Ctrl Pts',(30.3682761278035,-12.5808839471991,22.8034007654441));
#8217=CARTESIAN_POINT('Ctrl Pts',(31.943499316225,-12.580943043843,22.8397485467766));
#8218=CARTESIAN_POINT('Ctrl Pts',(35.0191744724814,-12.5811856815231,22.3066182645969));
#8219=CARTESIAN_POINT('Ctrl Pts',(36.4902201525494,-12.5813667731272,21.7422596092382));
#8220=CARTESIAN_POINT('Ctrl Pts',(38.4117994809689,-12.5816951791165,20.5348150517018));
#8221=CARTESIAN_POINT('Ctrl Pts',(38.9758314704331,-12.5818060348557,20.1061786646128));
#8222=CARTESIAN_POINT('Ctrl Pts',(39.4977788451708,-12.5819232471719,19.6316556118717));
#8223=CARTESIAN_POINT('Origin',(19.2573107782125,-13.1151719248108,10.7553163531038));
#8224=CARTESIAN_POINT('Ctrl Pts',(19.493357695906,-12.5830840917208,9.71050887465239));
#8225=CARTESIAN_POINT('Ctrl Pts',(19.4627658660609,-12.5830182649125,10.058066213304));
#8226=CARTESIAN_POINT('Ctrl Pts',(19.4473719921324,-12.582952278044,10.4066694640587));
#8227=CARTESIAN_POINT('Ctrl Pts',(19.447187144778,-12.5828863462015,10.7553163630902));
#8228=CARTESIAN_POINT('Origin',(31.4356200226451,-8.05291460866475,10.7553169061061));
#8229=CARTESIAN_POINT('',(30.9239240397863,-9.04177860759184,22.5607338788352));
#8230=CARTESIAN_POINT('',(30.4057397553168,-9.04167260497504,22.526957703448));
#8231=CARTESIAN_POINT('Ctrl Pts',(30.9217471058644,-9.04651192264679,22.6101479606588));
#8232=CARTESIAN_POINT('Ctrl Pts',(30.7906302052929,-9.04649079611924,22.6044150911797));
#8233=CARTESIAN_POINT('Ctrl Pts',(30.6595818268815,-9.04647214628515,22.5965115579209));
#8234=CARTESIAN_POINT('Ctrl Pts',(30.4862242410292,-9.04645074931161,22.5831720649506));
#8235=CARTESIAN_POINT('Ctrl Pts',(30.4438147670598,-9.04644577479528,22.5796797363017));
#8236=CARTESIAN_POINT('Ctrl Pts',(30.4014292728521,-9.04644106306535,22.5759603922105));
#8237=CARTESIAN_POINT('',(43.2072749634832,-9.04183689820932,11.7852097129757));
#8238=CARTESIAN_POINT('Ctrl Pts',(43.2060363748519,-9.0232657613109,11.7850817548754));
#8239=CARTESIAN_POINT('Ctrl Pts',(43.0864503650752,-9.02326057071583,13.1518507324581));
#8240=CARTESIAN_POINT('Ctrl Pts',(42.7295806184631,-9.0232563529205,14.4887198368159));
#8241=CARTESIAN_POINT('Ctrl Pts',(41.5018116031251,-9.02324988883406,17.13036663005));
#8242=CARTESIAN_POINT('Ctrl Pts',(40.587033845695,-9.02324800323554,18.3855857920662));
#8243=CARTESIAN_POINT('Ctrl Pts',(38.3278232900016,-9.02324750040282,20.4747246629131));
#8244=CARTESIAN_POINT('Ctrl Pts',(37.004989427846,-9.02324888797775,21.2886707052139));
#8245=CARTESIAN_POINT('Ctrl Pts',(34.1217810692233,-9.02325478570273,22.3636863710144));
#8246=CARTESIAN_POINT('Ctrl Pts',(32.5889714805891,-9.02325923950336,22.6144777896323));
#8247=CARTESIAN_POINT('Ctrl Pts',(31.0087877725276,-9.02326510614091,22.5630549389261));
#8248=CARTESIAN_POINT('Ctrl Pts',(30.9663597015524,-9.02326526460316,22.5614451347883));
#8249=CARTESIAN_POINT('Ctrl Pts',(30.9239520710851,-9.02326542393056,22.5596072614152));
#8250=CARTESIAN_POINT('',(43.2410442623617,-9.0418334885306,11.2670058849615));
#8251=CARTESIAN_POINT('Ctrl Pts',(43.2906373173266,-9.04659004812259,11.2691326999918));
#8252=CARTESIAN_POINT('Ctrl Pts',(43.2858967978828,-9.04660169876933,11.3791360351794));
#8253=CARTESIAN_POINT('Ctrl Pts',(43.2796277864253,-9.04661498679191,11.4891021795023));
#8254=CARTESIAN_POINT('Ctrl Pts',(43.2673193400274,-9.04663854102007,11.6625532401634));
#8255=CARTESIAN_POINT('Ctrl Pts',(43.2622997644331,-9.04664771495914,11.7260577756398));
#8256=CARTESIAN_POINT('Ctrl Pts',(43.2567715972776,-9.04665743067348,11.789506863332));
#8257=CARTESIAN_POINT('',(43.2509868071768,-9.02326104604495,10.7553168761998));
#8258=CARTESIAN_POINT('Ctrl Pts',(43.2509868071768,-9.02326104604495,10.7553168761991));
#8259=CARTESIAN_POINT('Ctrl Pts',(43.2509876243565,-9.02326145514593,10.9206355041427));
#8260=CARTESIAN_POINT('Ctrl Pts',(43.2475188258345,-9.02326187392577,11.0860859797713));
#8261=CARTESIAN_POINT('Ctrl Pts',(43.2403481022787,-9.02326231543446,11.2566885006676));
#8262=CARTESIAN_POINT('Ctrl Pts',(43.2401292296898,-9.02326232871359,11.2618161799518));
#8263=CARTESIAN_POINT('Ctrl Pts',(43.2399070234275,-9.02326234200095,11.2669435520902));
#8264=CARTESIAN_POINT('Origin',(43.7275243292501,-8.05291459719914,10.7553169218872));
#8265=CARTESIAN_POINT('',(32.465582880712,-9.02326282391326,-1.01507735997018));
#8266=CARTESIAN_POINT('Ctrl Pts',(32.4655825529601,-9.02326097759732,-1.01507361469749));
#8267=CARTESIAN_POINT('Ctrl Pts',(33.6617145621582,-9.02325801390478,-0.910400575520163));
#8268=CARTESIAN_POINT('Ctrl Pts',(34.836936476578,-9.02325555694242,-0.623816799848383));
#8269=CARTESIAN_POINT('Ctrl Pts',(36.7551232576597,-9.02325235183504,0.169278122855814));
#8270=CARTESIAN_POINT('Ctrl Pts',(37.5208663687204,-9.02325133033298,0.590128339113425));
#8271=CARTESIAN_POINT('Ctrl Pts',(38.9458621496841,-9.02324997170503,1.59248564579727));
#8272=CARTESIAN_POINT('Ctrl Pts',(39.6007545668095,-9.02324963873559,2.17092560257541));
#8273=CARTESIAN_POINT('Ctrl Pts',(40.1860914864725,-9.02324965816798,2.81607186724604));
#8274=CARTESIAN_POINT('Ctrl Pts',(41.2199066726377,-9.02324969248922,3.95552161543254));
#8275=CARTESIAN_POINT('Ctrl Pts',(42.0212781044811,-9.02325082556691,5.28600472995026));
#8276=CARTESIAN_POINT('Ctrl Pts',(43.0125320553797,-9.02325492864598,8.02353460631257));
#8277=CARTESIAN_POINT('Ctrl Pts',(43.2509800331035,-9.02325765477147,9.38489564857475));
#8278=CARTESIAN_POINT('Ctrl Pts',(43.2509868071768,-9.02326104604495,10.7553168761991));
#8279=CARTESIAN_POINT('',(23.4532575611703,-9.02350832046672,2.04409380581911));
#8280=CARTESIAN_POINT('Ctrl Pts',(23.453269063124,-9.02326554674733,2.04410566358633));
#8281=CARTESIAN_POINT('Ctrl Pts',(23.9963994260437,-9.02325998547002,1.54643388843676));
#8282=CARTESIAN_POINT('Ctrl Pts',(24.5861625166348,-9.02325557390865,1.09947051404006));
#8283=CARTESIAN_POINT('Ctrl Pts',(26.5235496574393,-9.02324575722627,-0.100142523469098));
#8284=CARTESIAN_POINT('Ctrl Pts',(27.9773738920826,-9.02324454077707,-0.646871972099146));
#8285=CARTESIAN_POINT('Ctrl Pts',(30.4764385495453,-9.02325156057019,-1.06298350080152));
#8286=CARTESIAN_POINT('Ctrl Pts',(31.4745158173563,-9.02325658054943,-1.10178746568204));
#8287=CARTESIAN_POINT('Ctrl Pts',(32.4655830445422,-9.02326374707122,-1.01507923261052));
#8288=CARTESIAN_POINT('',(19.6298901514042,-9.0404493267961,10.2497824698297));
#8289=CARTESIAN_POINT('Ctrl Pts',(19.6310620111111,-9.02326507321803,10.2498505282017));
#8290=CARTESIAN_POINT('Ctrl Pts',(19.653913972341,-9.02326102037713,9.7163621987764));
#8291=CARTESIAN_POINT('Ctrl Pts',(19.7129512886686,-9.02325763125295,9.18390049791934));
#8292=CARTESIAN_POINT('Ctrl Pts',(20.08159751206,-9.02324720763212,7.14205305576908));
#8293=CARTESIAN_POINT('Ctrl Pts',(20.6480900410244,-9.02324534586096,5.69580966380719));
#8294=CARTESIAN_POINT('Ctrl Pts',(21.9502805996259,-9.02325181011488,3.65541619468206));
#8295=CARTESIAN_POINT('Ctrl Pts',(22.5064835663377,-9.02325610729255,2.96744270244238));
#8296=CARTESIAN_POINT('Ctrl Pts',(23.2385922428458,-9.02326329555149,2.24453856744636));
#8297=CARTESIAN_POINT('Ctrl Pts',(23.345025058093,-9.02326437288723,2.14329623231741));
#8298=CARTESIAN_POINT('Ctrl Pts',(23.4532691291235,-9.02326550024268,2.04410573155072));
#8299=CARTESIAN_POINT('Ctrl Pts',(30.4058338486476,-9.02326635242991,22.525731514523));
#8300=CARTESIAN_POINT('Ctrl Pts',(29.0726130428563,-9.02326090812508,22.4090777447451));
#8301=CARTESIAN_POINT('Ctrl Pts',(27.7673524012971,-9.02325646729316,22.0666016937487));
#8302=CARTESIAN_POINT('Ctrl Pts',(25.1457668258199,-9.023249508835,20.8749608983666));
#8303=CARTESIAN_POINT('Ctrl Pts',(23.8828699102699,-9.02324744151409,19.9708101693253));
#8304=CARTESIAN_POINT('Ctrl Pts',(21.7747340990671,-9.02324683922068,17.7293124546266));
#8305=CARTESIAN_POINT('Ctrl Pts',(20.9496505175328,-9.02324831000665,16.4133950306075));
#8306=CARTESIAN_POINT('Ctrl Pts',(19.8503354724407,-9.02325463079346,13.5393609625412));
#8307=CARTESIAN_POINT('Ctrl Pts',(19.5866145647034,-9.02325942040768,12.0087215015838));
#8308=CARTESIAN_POINT('Ctrl Pts',(19.6254489702624,-9.02326586535805,10.3969736830862));
#8309=CARTESIAN_POINT('Ctrl Pts',(19.6279112033712,-9.02326616268224,10.3233821352726));
#8310=CARTESIAN_POINT('Ctrl Pts',(19.6310591905924,-9.02326646281082,10.2498502550927));
#8311=CARTESIAN_POINT('Origin',(31.4356199793905,-17.7240019287377,10.7553163583215));
#8312=CARTESIAN_POINT('',(19.9210467231037,-18.0534813727312,10.7553178301828));
#8313=CARTESIAN_POINT('',(42.9498613654052,-18.053148634388,10.7553163078296));
#8314=CARTESIAN_POINT('Origin',(31.4354540442545,-18.0533150035598,10.7553181656876));
#8315=CARTESIAN_POINT('',(31.4354540442545,-18.0533168910611,22.2697254880402));
#8316=CARTESIAN_POINT('Origin',(31.4354540442545,-18.0533150035598,10.7553181656876));
#8317=CARTESIAN_POINT('Origin',(31.4354540442545,-18.0533150035598,10.7553181656876));
#8318=CARTESIAN_POINT('Origin',(43.2868453603663,-17.7240019641739,10.7553163095477));
#8319=CARTESIAN_POINT('Origin',(31.4354569196864,-18.2523235932027,10.7553181330651));
#8320=CARTESIAN_POINT('',(31.4354569219314,-18.2525103598744,22.4644810151912));
#8321=CARTESIAN_POINT('',(31.4354569196864,-18.2523255125998,22.4643002862315));
#8322=CARTESIAN_POINT('',(34.4655224307895,-18.2722329550145,22.0630234725548));
#8323=CARTESIAN_POINT('Ctrl Pts',(34.4661371409146,-18.2524638208992,22.0654645228482));
#8324=CARTESIAN_POINT('Ctrl Pts',(33.4576838240344,-18.2524842395136,22.3356967420689));
#8325=CARTESIAN_POINT('Ctrl Pts',(32.4240131554281,-18.2524998522148,22.4644646649222));
#8326=CARTESIAN_POINT('Ctrl Pts',(31.4356152019181,-18.2525103581921,22.4644810149801));
#8327=CARTESIAN_POINT('Ctrl Pts',(31.4355360618538,-18.2525103590332,22.4644810154868));
#8328=CARTESIAN_POINT('Ctrl Pts',(31.4354569215055,-18.2525103598744,22.4644810151912));
#8329=CARTESIAN_POINT('',(34.9596130427275,-18.2726515526086,21.918722033078));
#8330=CARTESIAN_POINT('Ctrl Pts',(34.9699056905453,-18.285219773042,21.9518935701394));
#8331=CARTESIAN_POINT('Ctrl Pts',(34.805521551144,-18.2849097662859,22.0034647947325));
#8332=CARTESIAN_POINT('Ctrl Pts',(34.640146190838,-18.2846971437272,22.051466933853));
#8333=CARTESIAN_POINT('Ctrl Pts',(34.4742403531268,-18.2845814065171,22.0958032806194));
#8334=CARTESIAN_POINT('',(42.9646527940679,-18.2699384683363,12.7882874571423));
#8335=CARTESIAN_POINT('Ctrl Pts',(42.9668927270961,-18.2524676505316,12.7883840566663));
#8336=CARTESIAN_POINT('Ctrl Pts',(42.8206765483676,-18.2524822320315,13.6177834643385));
#8337=CARTESIAN_POINT('Ctrl Pts',(42.5809620074328,-18.2524944369165,14.4455548708113));
#8338=CARTESIAN_POINT('Ctrl Pts',(41.6560291976017,-18.2525203848177,16.6786419950108));
#8339=CARTESIAN_POINT('Ctrl Pts',(40.7548801389075,-18.2525267611915,17.9953453890196));
#8340=CARTESIAN_POINT('Ctrl Pts',(38.6756089526859,-18.2525203586244,20.0745984274938));
#8341=CARTESIAN_POINT('Ctrl Pts',(37.3589026685787,-18.2525071530788,20.975733847633));
#8342=CARTESIAN_POINT('Ctrl Pts',(35.6027585200002,-18.252479110312,21.7031041158216));
#8343=CARTESIAN_POINT('Ctrl Pts',(35.2833745540005,-18.2524736582517,21.8193686279995));
#8344=CARTESIAN_POINT('Ctrl Pts',(34.9603330782312,-18.2524678005959,21.9213352021843));
#8345=CARTESIAN_POINT('',(43.098721937706,-18.2659981484429,11.7730200531322));
#8346=CARTESIAN_POINT('Ctrl Pts',(43.1217706453724,-18.274349920437,11.7746292075222));
#8347=CARTESIAN_POINT('Ctrl Pts',(43.0944394199699,-18.2765160783647,12.1123483385461));
#8348=CARTESIAN_POINT('Ctrl Pts',(43.0520650531607,-18.2786690404631,12.4528088092586));
#8349=CARTESIAN_POINT('Ctrl Pts',(42.9941978698621,-18.2807878441199,12.7929893819839));
#8350=CARTESIAN_POINT('',(38.544123876495,-18.2872945184816,1.45653272924336));
#8351=CARTESIAN_POINT('Ctrl Pts',(38.5468391712276,-18.2524851750522,1.45292098051729));
#8352=CARTESIAN_POINT('Ctrl Pts',(38.965213613004,-18.2524901472686,1.77274123758316));
#8353=CARTESIAN_POINT('Ctrl Pts',(39.3561909375463,-18.2524944521482,2.11665049288896));
#8354=CARTESIAN_POINT('Ctrl Pts',(40.7548432305836,-18.2525085734896,3.51527060513222));
#8355=CARTESIAN_POINT('Ctrl Pts',(41.6560005930912,-18.2525145153043,4.83195501210808));
#8356=CARTESIAN_POINT('Ctrl Pts',(42.8509758206506,-18.2525137362967,7.71689114742113));
#8357=CARTESIAN_POINT('Ctrl Pts',(43.1447936856708,-18.2525070156031,9.28514287577143));
#8358=CARTESIAN_POINT('Ctrl Pts',(43.1447681706632,-18.252493297982,11.0903248588946));
#8359=CARTESIAN_POINT('Ctrl Pts',(43.1303449936653,-18.2524904586632,11.4304153784014));
#8360=CARTESIAN_POINT('Ctrl Pts',(43.1004610858909,-18.2524873275853,11.7729355380317));
#8361=CARTESIAN_POINT('',(29.4025825264031,-18.2524674482742,-0.775958867683004));
#8362=CARTESIAN_POINT('Ctrl Pts',(29.4025805222745,-18.2524792555343,-0.775970236537244));
#8363=CARTESIAN_POINT('Ctrl Pts',(30.0863500407292,-18.252490570151,-0.896534542523306));
#8364=CARTESIAN_POINT('Ctrl Pts',(30.7711773182263,-18.252499396429,-0.953831921641768));
#8365=CARTESIAN_POINT('Ctrl Pts',(32.9058091627643,-18.2525198472859,-0.953870753437496));
#8366=CARTESIAN_POINT('Ctrl Pts',(34.4740982181602,-18.2525232488957,-0.660038137803213));
#8367=CARTESIAN_POINT('Ctrl Pts',(36.86086818553,-18.2525070016833,0.328628200475757));
#8368=CARTESIAN_POINT('Ctrl Pts',(37.7537429529838,-18.2524950635423,0.846626400296395));
#8369=CARTESIAN_POINT('Ctrl Pts',(38.5468348831399,-18.252478686164,1.45292568837388));
#8370=CARTESIAN_POINT('',(20.6198370493003,-18.2696762142886,6.27522969312458));
#8371=CARTESIAN_POINT('Ctrl Pts',(20.6177771951944,-18.2524584083176,6.27451538510249));
#8372=CARTESIAN_POINT('Ctrl Pts',(21.2152168177755,-18.25249790435,4.83203631751507));
#8373=CARTESIAN_POINT('Ctrl Pts',(22.1163356319346,-18.2525220990323,3.51533467977903));
#8374=CARTESIAN_POINT('Ctrl Pts',(24.1955810593757,-18.2525383695941,1.43605163583867));
#8375=CARTESIAN_POINT('Ctrl Pts',(25.5122951652736,-18.2525315290883,0.534896129908446));
#8376=CARTESIAN_POINT('Ctrl Pts',(27.7454010978192,-18.2524950546557,-0.390030131588647));
#8377=CARTESIAN_POINT('Ctrl Pts',(28.5731788649669,-18.2524772835889,-0.629739299969175));
#8378=CARTESIAN_POINT('Ctrl Pts',(29.4025845352984,-18.2524556129365,-0.775947471793594));
#8379=CARTESIAN_POINT('',(20.2694683617768,-18.2687291143253,7.23807586841739));
#8380=CARTESIAN_POINT('Ctrl Pts',(20.2428739361946,-18.2788138245193,7.22972027067056));
#8381=CARTESIAN_POINT('Ctrl Pts',(20.3434018933698,-18.2788993313987,6.91029477657414));
#8382=CARTESIAN_POINT('Ctrl Pts',(20.4574937790407,-18.279393713356,6.59429751480242));
#8383=CARTESIAN_POINT('Ctrl Pts',(20.5872064644426,-18.2803167878457,6.27716302855079));
#8384=CARTESIAN_POINT('Ctrl Pts',(20.5898723644724,-18.28033589816,6.2706613778976));
#8385=CARTESIAN_POINT('Ctrl Pts',(20.5925439369014,-18.280355187829,6.26416206579031));
#8386=CARTESIAN_POINT('',(22.4678623193932,-18.2725438777364,18.2801325462634));
#8387=CARTESIAN_POINT('Ctrl Pts',(22.4659485029351,-18.2524553103987,18.2818181210602));
#8388=CARTESIAN_POINT('Ctrl Pts',(21.7173868097364,-18.252486838835,17.389771136698));
#8389=CARTESIAN_POINT('Ctrl Pts',(21.0787637387882,-18.2525107323348,16.3491552511867));
#8390=CARTESIAN_POINT('Ctrl Pts',(20.0202494825996,-18.2525413529614,13.7937896503818));
#8391=CARTESIAN_POINT('Ctrl Pts',(19.7264151967512,-18.2525405592145,12.225502841299));
#8392=CARTESIAN_POINT('Ctrl Pts',(19.7264657854473,-18.2525122270599,9.60700366689651));
#8393=CARTESIAN_POINT('Ctrl Pts',(19.9019109732397,-18.2524894893915,8.39784219594863));
#8394=CARTESIAN_POINT('Ctrl Pts',(20.2674547222324,-18.2524568442816,7.23745521827633));
#8395=CARTESIAN_POINT('',(22.8073567160938,-18.2723821504212,18.6669728852091));
#8396=CARTESIAN_POINT('Ctrl Pts',(22.7821029549536,-18.2847977103198,18.6901377691077));
#8397=CARTESIAN_POINT('Ctrl Pts',(22.6665706314759,-18.2848075178115,18.5641552598399));
#8398=CARTESIAN_POINT('Ctrl Pts',(22.5529157203238,-18.284909483126,18.4348234442058));
#8399=CARTESIAN_POINT('Ctrl Pts',(22.4415225277621,-18.2851068816157,18.3023723798205));
#8400=CARTESIAN_POINT('Ctrl Pts',(31.4354569215055,-18.2525103598744,22.4644810151912));
#8401=CARTESIAN_POINT('Ctrl Pts',(29.9652563853426,-18.2525259860044,22.4644755237351));
#8402=CARTESIAN_POINT('Ctrl Pts',(28.397079592908,-18.2525320965276,22.170647441134));
#8403=CARTESIAN_POINT('Ctrl Pts',(25.5122026292568,-18.2525198119768,20.9756689018444));
#8404=CARTESIAN_POINT('Ctrl Pts',(24.1955159996964,-18.2525014165968,20.074483932223));
#8405=CARTESIAN_POINT('Ctrl Pts',(23.0373174315903,-18.2524721161461,18.9162150271256));
#8406=CARTESIAN_POINT('Ctrl Pts',(22.9203661314527,-18.2524689744358,18.7941558243197));
#8407=CARTESIAN_POINT('Ctrl Pts',(22.8054007294101,-18.2524656924602,18.6687726261427));
#8408=CARTESIAN_POINT('Origin',(31.4354903200563,-21.7554141692535,10.7553214106358));
#8409=CARTESIAN_POINT('',(20.492309203958,-21.8891810212712,10.7553178457475));
#8410=CARTESIAN_POINT('',(31.4354894586624,-21.8891808606962,-0.18799457992968));
#8411=CARTESIAN_POINT('Origin',(31.4356200111075,-21.8891810871996,10.7553162264412));
#8412=CARTESIAN_POINT('',(42.3789308182572,-21.889181153128,10.7553161356986));
#8413=CARTESIAN_POINT('Origin',(31.4356200111075,-21.8891810871996,10.7553162264412));
#8414=CARTESIAN_POINT('Origin',(31.4356200111075,-21.8891810871996,10.7553162264412));
#8415=CARTESIAN_POINT('',(31.435490320327,-21.755374472301,-0.432303701069898));
#8416=CARTESIAN_POINT('',(31.4354903200563,-21.7554165091299,-0.432226948218326));
#8417=CARTESIAN_POINT('',(36.6015213227535,-21.7553421398725,0.831725865764795));
#8418=CARTESIAN_POINT('Ctrl Pts',(36.6015229830451,-21.7553401704637,0.831722676143512));
#8419=CARTESIAN_POINT('Ctrl Pts',(36.3132716844022,-21.7553442798947,0.681676866838877));
#8420=CARTESIAN_POINT('Ctrl Pts',(36.0177672782194,-21.7553480505185,0.543855181881638));
#8421=CARTESIAN_POINT('Ctrl Pts',(34.3386381357865,-21.7553670546259,-0.151608703606405));
#8422=CARTESIAN_POINT('Ctrl Pts',(32.840243887443,-21.7553746282409,-0.432319933147765));
#8423=CARTESIAN_POINT('Ctrl Pts',(31.435490320327,-21.755374472301,-0.432303701069898));
#8424=CARTESIAN_POINT('',(42.5813023661511,-21.7520884431376,9.78113679288194));
#8425=CARTESIAN_POINT('Ctrl Pts',(42.5808029738008,-21.7553467023752,9.78118542400658));
#8426=CARTESIAN_POINT('Ctrl Pts',(42.48387874989,-21.7553562982091,8.67246265408986));
#8427=CARTESIAN_POINT('Ctrl Pts',(42.2122170854178,-21.7553635264021,7.53759506514891));
#8428=CARTESIAN_POINT('Ctrl Pts',(41.2007435212494,-21.7553726669655,5.09574862267453));
#8429=CARTESIAN_POINT('Ctrl Pts',(40.3397263141855,-21.7553722720325,3.83771480539284));
#8430=CARTESIAN_POINT('Ctrl Pts',(38.569965744037,-21.7553633284689,2.06795961356366));
#8431=CARTESIAN_POINT('Ctrl Pts',(37.633534081573,-21.7553562297356,1.36898720810859));
#8432=CARTESIAN_POINT('Ctrl Pts',(36.6015180018467,-21.7553460786902,0.831732244838946));
#8433=CARTESIAN_POINT('',(38.6260121002403,-21.7561410949128,19.3235455621024));
#8434=CARTESIAN_POINT('Ctrl Pts',(38.6255026788007,-21.7570432346327,19.3227150704505));
#8435=CARTESIAN_POINT('Ctrl Pts',(38.8777453590256,-21.7567466645009,19.111736378536));
#8436=CARTESIAN_POINT('Ctrl Pts',(39.1178818639418,-21.7564606122693,18.8919000913553));
#8437=CARTESIAN_POINT('Ctrl Pts',(40.3402360045848,-21.754981211937,17.6735681637109));
#8438=CARTESIAN_POINT('Ctrl Pts',(41.2033458745007,-21.7538443023979,16.4160864275633));
#8439=CARTESIAN_POINT('Ctrl Pts',(42.3487058829598,-21.7519316869325,13.6597119115283));
#8440=CARTESIAN_POINT('Ctrl Pts',(42.6309597706784,-21.7511476741504,12.1608206953126));
#8441=CARTESIAN_POINT('Ctrl Pts',(42.6322556066144,-21.7504383283332,10.4344186857664));
#8442=CARTESIAN_POINT('Ctrl Pts',(42.6186426689834,-21.7503129390793,10.1085597187054));
#8443=CARTESIAN_POINT('Ctrl Pts',(42.5901730617066,-21.7501955292714,9.78037119523935));
#8444=CARTESIAN_POINT('',(28.5408641460388,-21.7566279111546,21.5587810955796));
#8445=CARTESIAN_POINT('Ctrl Pts',(28.5408899021126,-21.7570931257149,21.5587047385784));
#8446=CARTESIAN_POINT('Ctrl Pts',(29.5038243711901,-21.7554629185966,21.8198013318615));
#8447=CARTESIAN_POINT('Ctrl Pts',(30.4911946036373,-21.7539957336861,21.9454442393035));
#8448=CARTESIAN_POINT('Ctrl Pts',(31.4354903354104,-21.7530275107189,21.9472231681489));
#8449=CARTESIAN_POINT('Ctrl Pts',(32.838286686022,-21.7515891693188,21.9498658518002));
#8450=CARTESIAN_POINT('Ctrl Pts',(34.3346251148158,-21.7511322646096,21.6708969510648));
#8451=CARTESIAN_POINT('Ctrl Pts',(36.7770926140188,-21.752733862527,20.6584903311726));
#8452=CARTESIAN_POINT('Ctrl Pts',(37.7738364716042,-21.7542001741312,20.0442223036189));
#8453=CARTESIAN_POINT('Ctrl Pts',(38.6268785496961,-21.7558718657628,19.3243525310068));
#8454=CARTESIAN_POINT('',(20.7660406930915,-21.7555044640013,14.1194207681883));
#8455=CARTESIAN_POINT('Ctrl Pts',(20.7657852934502,-21.7553695530593,14.1194884556471));
#8456=CARTESIAN_POINT('Ctrl Pts',(20.8629308335516,-21.7549653458274,14.4300504087476));
#8457=CARTESIAN_POINT('Ctrl Pts',(20.9739200138613,-21.7545772233679,14.7370963314861));
#8458=CARTESIAN_POINT('Ctrl Pts',(21.6663161040484,-21.7525755641397,16.4177033794064));
#8459=CARTESIAN_POINT('Ctrl Pts',(22.5257955235687,-21.7516687590949,17.6765017294699));
#8460=CARTESIAN_POINT('Ctrl Pts',(24.5128535156692,-21.7520108489496,19.663161705339));
#8461=CARTESIAN_POINT('Ctrl Pts',(25.7720187742972,-21.7532821035623,20.5224884920247));
#8462=CARTESIAN_POINT('Ctrl Pts',(27.6043228660494,-21.7556479163177,21.277330341069));
#8463=CARTESIAN_POINT('Ctrl Pts',(28.0697880403643,-21.756274959593,21.4340209755884));
#8464=CARTESIAN_POINT('Ctrl Pts',(28.5407930641761,-21.7568934259674,21.559056272869));
#8465=CARTESIAN_POINT('',(22.5586547475017,-21.7525696052082,3.94328710283195));
#8466=CARTESIAN_POINT('Ctrl Pts',(22.5570240072244,-21.7532296836696,3.94202151861718));
#8467=CARTESIAN_POINT('Ctrl Pts',(21.9687188460976,-21.7522237874014,4.70564179773652));
#8468=CARTESIAN_POINT('Ctrl Pts',(21.4663882173816,-21.7514409871396,5.56754842243188));
#8469=CARTESIAN_POINT('Ctrl Pts',(20.5194016890977,-21.7507576493604,7.85605758730872));
#8470=CARTESIAN_POINT('Ctrl Pts',(20.2411121580096,-21.7516017395397,9.35257340112902));
#8471=CARTESIAN_POINT('Ctrl Pts',(20.2459861238578,-21.7542706847971,11.8532107245284));
#8472=CARTESIAN_POINT('Ctrl Pts',(20.4167999769825,-21.7559376522162,13.0091928571938));
#8473=CARTESIAN_POINT('Ctrl Pts',(20.7692416989023,-21.7573550846829,14.1183950583777));
#8474=CARTESIAN_POINT('',(26.2697432903694,-21.7553390205484,0.831708571721339));
#8475=CARTESIAN_POINT('Ctrl Pts',(26.2697055686499,-21.7552942819136,0.831636117808907));
#8476=CARTESIAN_POINT('Ctrl Pts',(25.2376951023628,-21.7554005602198,1.36908292022288));
#8477=CARTESIAN_POINT('Ctrl Pts',(24.3012522729961,-21.7554282881395,2.06813014381142));
#8478=CARTESIAN_POINT('Ctrl Pts',(23.1864104363996,-21.7553698637777,3.18283608058068));
#8479=CARTESIAN_POINT('Ctrl Pts',(22.8620821915423,-21.7553386976829,3.55081630893684));
#8480=CARTESIAN_POINT('Ctrl Pts',(22.5600092071897,-21.7552930967416,3.94431981341899));
#8481=CARTESIAN_POINT('Ctrl Pts',(31.435490320327,-21.755374472301,-0.432303701069898));
#8482=CARTESIAN_POINT('Ctrl Pts',(30.0307494991828,-21.7553743163626,-0.432287469139312));
#8483=CARTESIAN_POINT('Ctrl Pts',(28.5323744633851,-21.7553664101906,-0.151546665196027));
#8484=CARTESIAN_POINT('Ctrl Pts',(26.8533481346657,-21.7553470299647,0.543913392038549));
#8485=CARTESIAN_POINT('Ctrl Pts',(26.5579211262682,-21.7553431938666,0.681702004098939));
#8486=CARTESIAN_POINT('Ctrl Pts',(26.2697432903694,-21.7553390205484,0.831708571721339));
#8487=CARTESIAN_POINT('Origin',(31.4356200086185,-22.3023292857432,10.75531621789));
#8488=CARTESIAN_POINT('',(20.6334722860339,-22.5970779317042,10.7553164486183));
#8489=CARTESIAN_POINT('',(42.2374950054242,-22.5967462629995,10.7553161224828));
#8490=CARTESIAN_POINT('Origin',(31.4354836457291,-22.5969120973538,10.7553203310702));
#8491=CARTESIAN_POINT('',(31.4354836457291,-22.5969172847776,21.5573316920378));
#8492=CARTESIAN_POINT('Origin',(31.4354836457291,-22.5969120973538,10.7553203310702));
#8493=CARTESIAN_POINT('Origin',(31.4354836457291,-22.5969120973538,10.7553203310702));
#8494=CARTESIAN_POINT('Origin',(42.6052095984712,-22.3023293530348,10.755316125271));
#8495=CARTESIAN_POINT('Origin',(31.4354869791636,-22.8140432058988,10.7553202267978));
#8496=CARTESIAN_POINT('',(31.4354869912296,-22.8143110104008,21.7315520066423));
#8497=CARTESIAN_POINT('',(31.4354869791636,-22.8140484768869,21.7313416110971));
#8498=CARTESIAN_POINT('',(37.3331422086019,-22.81429429909,20.0125682166991));
#8499=CARTESIAN_POINT('Ctrl Pts',(37.3331333955417,-22.8141766191966,20.0124620078128));
#8500=CARTESIAN_POINT('Ctrl Pts',(36.7984579063792,-22.8142336363627,20.3531454456861));
#8501=CARTESIAN_POINT('Ctrl Pts',(36.228282824345,-22.8142785330686,20.6506405914129));
#8502=CARTESIAN_POINT('Ctrl Pts',(34.2844665156118,-22.8143809027151,21.456063064545));
#8503=CARTESIAN_POINT('Ctrl Pts',(32.8140827785558,-22.8143772327297,21.7316220367869));
#8504=CARTESIAN_POINT('Ctrl Pts',(31.4354869992652,-22.8143110104007,21.7315520066423));
#8505=CARTESIAN_POINT('',(38.1176540979032,-22.8161812013835,19.4626727243923));
#8506=CARTESIAN_POINT('Ctrl Pts',(38.1203386496875,-22.81936297782,19.4662985503801));
#8507=CARTESIAN_POINT('Ctrl Pts',(37.9916379243711,-22.8181293789698,19.5638159553421));
#8508=CARTESIAN_POINT('Ctrl Pts',(37.8606796911213,-22.8167405282089,19.6584193536733));
#8509=CARTESIAN_POINT('Ctrl Pts',(37.597436307861,-22.8136930700214,19.8395815534499));
#8510=CARTESIAN_POINT('Ctrl Pts',(37.4653772693629,-22.8120427417031,19.9261839985732));
#8511=CARTESIAN_POINT('Ctrl Pts',(37.3314852212968,-22.8102525569155,20.0097832376341));
#8512=CARTESIAN_POINT('',(42.2450899744082,-22.8142931158039,12.661318300228));
#8513=CARTESIAN_POINT('Ctrl Pts',(42.2450070706095,-22.8141857334729,12.661292874554));
#8514=CARTESIAN_POINT('Ctrl Pts',(42.1080081800369,-22.8142509277001,13.4385568949086));
#8515=CARTESIAN_POINT('Ctrl Pts',(41.8834084746338,-22.8142989635397,14.2142697948764));
#8516=CARTESIAN_POINT('Ctrl Pts',(41.0163890228545,-22.8143777681171,16.3079443774953));
#8517=CARTESIAN_POINT('Ctrl Pts',(40.1712339945638,-22.81435910285,17.5427238260863));
#8518=CARTESIAN_POINT('Ctrl Pts',(38.8643971331331,-22.8142589979938,18.8491476247127));
#8519=CARTESIAN_POINT('Ctrl Pts',(38.5036224688753,-22.8142263085975,19.1669793226293));
#8520=CARTESIAN_POINT('Ctrl Pts',(38.1178440376738,-22.8141862088269,19.4629833258997));
#8521=CARTESIAN_POINT('',(42.3696605770686,-22.8162380319271,11.711393649742));
#8522=CARTESIAN_POINT('Ctrl Pts',(42.3742690708418,-22.8194935507262,11.7118479582356));
#8523=CARTESIAN_POINT('Ctrl Pts',(42.3587502028235,-22.8186551995267,11.8816048710841));
#8524=CARTESIAN_POINT('Ctrl Pts',(42.339144055941,-22.8176523127868,12.0510221378902));
#8525=CARTESIAN_POINT('Ctrl Pts',(42.2947688716103,-22.815469491818,12.3675440621327));
#8526=CARTESIAN_POINT('Ctrl Pts',(42.27098338528,-22.81432884368,12.5146327976103));
#8527=CARTESIAN_POINT('Ctrl Pts',(42.2441267386995,-22.8130679579853,12.6611266698977));
#8528=CARTESIAN_POINT('',(40.1436030422182,-22.8145207355781,4.07344891230566));
#8529=CARTESIAN_POINT('Ctrl Pts',(40.1435828491845,-22.81419105788,4.07347008627814));
#8530=CARTESIAN_POINT('Ctrl Pts',(40.7170912686992,-22.8142645568056,4.82078488113571));
#8531=CARTESIAN_POINT('Ctrl Pts',(41.2069640184483,-22.8143151572763,5.66321456065329));
#8532=CARTESIAN_POINT('Ctrl Pts',(42.1366010040787,-22.8143722767065,7.90721613875679));
#8533=CARTESIAN_POINT('Ctrl Pts',(42.4120635392732,-22.8143405750464,9.3779381563153));
#8534=CARTESIAN_POINT('Ctrl Pts',(42.4117584424706,-22.8142385913989,11.0710085951585));
#8535=CARTESIAN_POINT('Ctrl Pts',(42.3981589448514,-22.8142165802268,11.3900931967624));
#8536=CARTESIAN_POINT('Ctrl Pts',(42.3700382203106,-22.8141914480474,11.7114519278097));
#8537=CARTESIAN_POINT('',(39.5275576754092,-22.815929157824,3.33982457783975));
#8538=CARTESIAN_POINT('Ctrl Pts',(39.5304893955707,-22.8187523945592,3.33716055802698));
#8539=CARTESIAN_POINT('Ctrl Pts',(39.6470026846603,-22.8184185276684,3.46469865961048));
#8540=CARTESIAN_POINT('Ctrl Pts',(39.7604258878793,-22.8178969060185,3.59512154177811));
#8541=CARTESIAN_POINT('Ctrl Pts',(39.9642102706221,-22.8165870871547,3.84137922909835));
#8542=CARTESIAN_POINT('Ctrl Pts',(40.055373645014,-22.8158517213975,3.95632714764163));
#8543=CARTESIAN_POINT('Ctrl Pts',(40.1440896581058,-22.8149839490754,4.07308674250909));
#8544=CARTESIAN_POINT('',(36.0743679882293,-22.8142326292714,0.807531636118308));
#8545=CARTESIAN_POINT('Ctrl Pts',(36.0743268561157,-22.8141111154107,0.807619906409705));
#8546=CARTESIAN_POINT('Ctrl Pts',(37.2571929386232,-22.8144834677374,1.35887229647393));
#8547=CARTESIAN_POINT('Ctrl Pts',(38.331873138074,-22.8145050927473,2.12772132951701));
#8548=CARTESIAN_POINT('Ctrl Pts',(39.3114853799123,-22.8141939116194,3.10868500982863));
#8549=CARTESIAN_POINT('Ctrl Pts',(39.4205377283393,-22.8141536899532,3.22263391540489));
#8550=CARTESIAN_POINT('Ctrl Pts',(39.5277388842368,-22.8141082717142,3.33966803103546));
#8551=CARTESIAN_POINT('',(26.3677956617864,-22.8142125253929,1.01913809847299));
#8552=CARTESIAN_POINT('Ctrl Pts',(26.3677875130837,-22.8142345516675,1.01912244017459));
#8553=CARTESIAN_POINT('Ctrl Pts',(26.6502518190055,-22.8142464743757,0.872084768478347));
#8554=CARTESIAN_POINT('Ctrl Pts',(26.9398146150264,-22.8142573679158,0.737013516984107));
#8555=CARTESIAN_POINT('Ctrl Pts',(28.5869771372946,-22.8143120375429,0.0545839959461036));
#8556=CARTESIAN_POINT('Ctrl Pts',(30.0572651950792,-22.8143324846967,-0.220946277565943));
#8557=CARTESIAN_POINT('Ctrl Pts',(32.8141144141596,-22.8143268160098,-0.220923603751407));
#8558=CARTESIAN_POINT('Ctrl Pts',(34.2843891323504,-22.8143003229102,0.0546273551540788));
#8559=CARTESIAN_POINT('Ctrl Pts',(35.7839817315924,-22.8142444125449,0.675942412604677));
#8560=CARTESIAN_POINT('Ctrl Pts',(35.9299502064977,-22.8142386510324,0.740182933394291));
#8561=CARTESIAN_POINT('Ctrl Pts',(36.0743679882293,-22.8142326292714,0.807531636118308));
#8562=CARTESIAN_POINT('',(21.1217760389641,-22.8137181406012,7.00139697284188));
#8563=CARTESIAN_POINT('Ctrl Pts',(21.1214033894927,-22.8141918276339,7.00131093065596));
#8564=CARTESIAN_POINT('Ctrl Pts',(21.1758468372561,-22.8142045980512,6.85169633448431));
#8565=CARTESIAN_POINT('Ctrl Pts',(21.2335792656678,-22.8142166627123,6.70318130284142));
#8566=CARTESIAN_POINT('Ctrl Pts',(21.8545534000279,-22.814332204134,5.20332185385899));
#8567=CARTESIAN_POINT('Ctrl Pts',(22.6994883918874,-22.8143718184886,3.96859560082244));
#8568=CARTESIAN_POINT('Ctrl Pts',(24.4362822229169,-22.8143359670749,2.23191954229869));
#8569=CARTESIAN_POINT('Ctrl Pts',(25.3551493155399,-22.8142829042251,1.54617209798948));
#8570=CARTESIAN_POINT('Ctrl Pts',(26.3678035659127,-22.8141911602187,1.0191532868002));
#8571=CARTESIAN_POINT('',(20.8335978987994,-22.8155181313213,7.91485518920509));
#8572=CARTESIAN_POINT('Ctrl Pts',(20.8307671831098,-22.8176066841551,7.91404937229806));
#8573=CARTESIAN_POINT('Ctrl Pts',(20.91512656649,-22.8154150155936,7.60596982350728));
#8574=CARTESIAN_POINT('Ctrl Pts',(21.0133622678067,-22.81259772429,7.3018967375992));
#8575=CARTESIAN_POINT('Ctrl Pts',(21.125170736208,-22.8091619942868,7.00274555353327));
#8576=CARTESIAN_POINT('',(21.7003188884834,-22.8132903495952,15.8232280246645));
#8577=CARTESIAN_POINT('Ctrl Pts',(21.69972710321,-22.8141953456535,15.8236561744448));
#8578=CARTESIAN_POINT('Ctrl Pts',(21.5526559315758,-22.8142202074647,15.5411868181789));
#8579=CARTESIAN_POINT('Ctrl Pts',(21.4175536551666,-22.8142423529534,15.251617068347));
#8580=CARTESIAN_POINT('Ctrl Pts',(20.7348638525862,-22.8143499709777,13.6041605862663));
#8581=CARTESIAN_POINT('Ctrl Pts',(20.4592582431564,-22.8143745876049,12.133498941539));
#8582=CARTESIAN_POINT('Ctrl Pts',(20.4594301179014,-22.8143204195025,9.82848686860155));
#8583=CARTESIAN_POINT('Ctrl Pts',(20.5801439097612,-22.8142717795369,8.85982033313106));
#8584=CARTESIAN_POINT('Ctrl Pts',(20.8334017633913,-22.8141954440973,7.91477920656668));
#8585=CARTESIAN_POINT('',(22.1788002330343,-22.8155439848288,16.6529648061648));
#8586=CARTESIAN_POINT('Ctrl Pts',(22.1762104014827,-22.8176997172509,16.6545257726542));
#8587=CARTESIAN_POINT('Ctrl Pts',(22.0895179149479,-22.8159152255176,16.5157915958886));
#8588=CARTESIAN_POINT('Ctrl Pts',(22.0060075515744,-22.8139768455193,16.3750181483164));
#8589=CARTESIAN_POINT('Ctrl Pts',(21.8494473650143,-22.8099044647262,16.0966389032379));
#8590=CARTESIAN_POINT('Ctrl Pts',(21.7761638313369,-22.8077868677755,15.9593591883742));
#8591=CARTESIAN_POINT('Ctrl Pts',(21.7059417621891,-22.8055416211106,15.8205755439688));
#8592=CARTESIAN_POINT('',(28.5949204591009,-22.813620362071,21.3570149888927));
#8593=CARTESIAN_POINT('Ctrl Pts',(28.594864749752,-22.8141830999022,21.3574669472002));
#8594=CARTESIAN_POINT('Ctrl Pts',(28.1342303086783,-22.8142243155768,21.2340780139433));
#8595=CARTESIAN_POINT('Ctrl Pts',(27.6790538175835,-22.814258865493,21.0797935747465));
#8596=CARTESIAN_POINT('Ctrl Pts',(25.8833164098571,-22.814369305244,20.3362647313995));
#8597=CARTESIAN_POINT('Ctrl Pts',(24.6484811232351,-22.8143811267921,19.4911602115786));
#8598=CARTESIAN_POINT('Ctrl Pts',(23.1258510722541,-22.8143032075807,17.9681858988739));
#8599=CARTESIAN_POINT('Ctrl Pts',(22.6162816502925,-22.8142543796052,17.3401187362187));
#8600=CARTESIAN_POINT('Ctrl Pts',(22.1786067597189,-22.8141842058686,16.653043906345));
#8601=CARTESIAN_POINT('',(29.5301432915142,-22.8159876975467,21.5644697612041));
#8602=CARTESIAN_POINT('Ctrl Pts',(29.5293552128591,-22.8188674131395,21.5684596941729));
#8603=CARTESIAN_POINT('Ctrl Pts',(29.3638715996754,-22.8173413721679,21.5380444869445));
#8604=CARTESIAN_POINT('Ctrl Pts',(29.1990914450031,-22.8156474894642,21.5036898027233));
#8605=CARTESIAN_POINT('Ctrl Pts',(28.8879934387891,-22.8121223573886,21.4310678936441));
#8606=CARTESIAN_POINT('Ctrl Pts',(28.7416247636223,-22.8103241957326,21.3935872962602));
#8607=CARTESIAN_POINT('Ctrl Pts',(28.5961428058542,-22.8083992793063,21.3530107478831));
#8608=CARTESIAN_POINT('Ctrl Pts',(31.4354869992652,-22.8143110104007,21.7315520066423));
#8609=CARTESIAN_POINT('Ctrl Pts',(31.4351540105216,-22.8143109944052,21.731551989727));
#8610=CARTESIAN_POINT('Ctrl Pts',(31.434821027133,-22.8143109784063,21.7315519576562));
#8611=CARTESIAN_POINT('Ctrl Pts',(30.812114870141,-22.8142810522962,21.7314636416482));
#8612=CARTESIAN_POINT('Ctrl Pts',(30.1705853131168,-22.8142372044711,21.6777327950188));
#8613=CARTESIAN_POINT('Ctrl Pts',(29.5300489864545,-22.8141791071371,21.5647668534612));
#8614=CARTESIAN_POINT('Origin',(31.4347785831496,-20.8135402655856,10.7545776127432));
#8615=CARTESIAN_POINT('',(26.5484906797904,-24.5147114570453,1.36816161134456));
#8616=CARTESIAN_POINT('',(26.2753001443499,-21.9437774907441,0.84047598859547));
#8617=CARTESIAN_POINT('',(21.6630233963529,-24.5151046508835,6.70847474796014));
#8618=CARTESIAN_POINT('Ctrl Pts',(21.6583414077759,-24.5158852101475,6.70543642443293));
#8619=CARTESIAN_POINT('Ctrl Pts',(21.7761434476833,-24.5158852355447,6.42102406931633));
#8620=CARTESIAN_POINT('Ctrl Pts',(21.9714864198096,-24.5158851966355,6.00212705558225));
#8621=CARTESIAN_POINT('Ctrl Pts',(22.2676961951954,-24.5158854427577,5.46221062461826));
#8622=CARTESIAN_POINT('Ctrl Pts',(22.5073018082733,-24.5158853634915,5.06734825069336));
#8623=CARTESIAN_POINT('Ctrl Pts',(22.7639050387897,-24.5158856250572,4.68331558221429));
#8624=CARTESIAN_POINT('Ctrl Pts',(23.0370178919904,-24.5158837377911,4.31084216572275));
#8625=CARTESIAN_POINT('Ctrl Pts',(23.3261132534648,-24.5158869430658,3.95063332469621));
#8626=CARTESIAN_POINT('Ctrl Pts',(23.6306502556413,-24.5158844620533,3.60338066698233));
#8627=CARTESIAN_POINT('Ctrl Pts',(23.9500386219168,-24.5158836522159,3.26973687457316));
#8628=CARTESIAN_POINT('Ctrl Pts',(24.2836813749872,-24.5158850813827,2.95034580453899));
#8629=CARTESIAN_POINT('Ctrl Pts',(24.6309349390703,-24.5158862234532,2.64581042374721));
#8630=CARTESIAN_POINT('Ctrl Pts',(24.9911439418149,-24.5158831004782,2.35671527472563));
#8631=CARTESIAN_POINT('Ctrl Pts',(25.3636202131756,-24.5158842504872,2.08360587717869));
#8632=CARTESIAN_POINT('Ctrl Pts',(25.8755444284683,-24.5158869887502,1.7415439203483));
#8633=CARTESIAN_POINT('Ctrl Pts',(26.2756919358167,-24.5158826796195,1.51049921523214));
#8634=CARTESIAN_POINT('Ctrl Pts',(26.5486196097975,-24.5158848615482,1.36841038325732));
#8635=CARTESIAN_POINT('',(21.4909954071045,-24.5158853678492,7.1357686119802));
#8636=CARTESIAN_POINT('',(21.4909954071045,-24.5158853678492,7.1357686119802));
#8637=CARTESIAN_POINT('',(21.1213464736938,-22.8142943685127,7.00122632504964));
#8638=CARTESIAN_POINT('Origin',(31.4347740588666,-20.8308164092989,10.7553905107));
#8639=CARTESIAN_POINT('',(21.103627204895,-24.5158848913366,8.46476919909946));
#8640=CARTESIAN_POINT('',(21.103627204895,-24.5158848913366,8.46476919909946));
#8641=CARTESIAN_POINT('',(21.6102249531195,-24.5150075942125,14.6709714704475));
#8642=CARTESIAN_POINT('Ctrl Pts',(21.5566927291137,-24.515885901812,14.5434009853532));
#8643=CARTESIAN_POINT('Ctrl Pts',(21.3997277334165,-24.515885586262,14.1268185755931));
#8644=CARTESIAN_POINT('Ctrl Pts',(21.0978099866556,-24.5158858858694,13.1889363642079));
#8645=CARTESIAN_POINT('Ctrl Pts',(20.8536211922143,-24.5158857987806,11.6811213783997));
#8646=CARTESIAN_POINT('Ctrl Pts',(20.8309568403702,-24.5158844503774,10.0599097911376));
#8647=CARTESIAN_POINT('Ctrl Pts',(20.9936693126614,-24.515884839477,8.99210905445797));
#8648=CARTESIAN_POINT('Ctrl Pts',(21.103627204895,-24.5158848913366,8.46476919909946));
#8649=CARTESIAN_POINT('',(22.0524441853219,-24.5349408004759,15.6380481861382));
#8650=CARTESIAN_POINT('Origin',(31.3272002254662,-21.9740872172171,10.8574108034381));
#8651=CARTESIAN_POINT('',(21.6995902061462,-22.8142945267968,15.8235717663051));
#8652=CARTESIAN_POINT('Origin',(31.4346253545316,-20.6041295441378,10.7566519975499));
#8653=CARTESIAN_POINT('',(22.7679645305615,-24.5294484495339,16.8236271284204));
#8654=CARTESIAN_POINT('',(22.7666563987732,-24.5158851444274,16.8253910250724));
#8655=CARTESIAN_POINT('',(27.3345880852829,-24.477564272093,20.5167751824086));
#8656=CARTESIAN_POINT('Origin',(31.3138162433831,-21.8996177960397,10.8715235054333));
#8657=CARTESIAN_POINT('',(28.6965770721435,-24.5158846242292,20.9775648358151));
#8658=CARTESIAN_POINT('Ctrl Pts',(28.6965770721435,-24.5158846242292,20.9775648358151));
#8659=CARTESIAN_POINT('Ctrl Pts',(28.4743821605428,-24.515885508305,20.914897663745));
#8660=CARTESIAN_POINT('Ctrl Pts',(28.0301548294045,-24.5158849497045,20.7874993001082));
#8661=CARTESIAN_POINT('Ctrl Pts',(27.6001700259887,-24.5158847873214,20.6181438243172));
#8662=CARTESIAN_POINT('Ctrl Pts',(27.3857421875,-24.5158858874926,20.5325958536975));
#8663=CARTESIAN_POINT('',(28.594762802124,-22.8142952601529,21.3575314192644));
#8664=CARTESIAN_POINT('Origin',(31.4359700393072,-20.5699644994795,10.7571385928378));
#8665=CARTESIAN_POINT('',(30.0539253594409,-24.5375278510623,21.2434917036206));
#8666=CARTESIAN_POINT('',(30.0542802810669,-24.515885338112,21.2476269258428));
#8667=CARTESIAN_POINT('',(35.4987079601977,-24.47352796154,20.533848930956));
#8668=CARTESIAN_POINT('Origin',(31.4349178444306,-21.9097636560416,10.9236934723847));
#8669=CARTESIAN_POINT('',(37.1217794418335,-24.515885251053,19.6807988155857));
#8670=CARTESIAN_POINT('Ctrl Pts',(37.1217794418335,-24.515885251053,19.6807988155857));
#8671=CARTESIAN_POINT('Ctrl Pts',(36.8601255129116,-24.5158864450755,19.8429393386987));
#8672=CARTESIAN_POINT('Ctrl Pts',(36.3349591482162,-24.5158810501052,20.1549113938044));
#8673=CARTESIAN_POINT('Ctrl Pts',(35.7784681857116,-24.515885579119,20.406709817364));
#8674=CARTESIAN_POINT('Ctrl Pts',(35.5007174983338,-24.5158858733501,20.5260622645162));
#8675=CARTESIAN_POINT('',(37.3331422805786,-22.8142937196365,20.0125683296786));
#8676=CARTESIAN_POINT('Origin',(31.4367709731341,-20.6846128178926,10.7560304558713));
#8677=CARTESIAN_POINT('',(38.2344482146171,-24.5407964752299,18.8591101622738));
#8678=CARTESIAN_POINT('',(38.2381458282471,-24.515884371278,18.8622468847463));
#8679=CARTESIAN_POINT('',(41.2147994309704,-24.4770969431466,14.8149644410128));
#8680=CARTESIAN_POINT('Origin',(31.5541708452946,-21.912985247045,10.8725295861849));
#8681=CARTESIAN_POINT('',(41.8576927185059,-24.5158848568147,12.5930106482397));
#8682=CARTESIAN_POINT('Ctrl Pts',(41.8576927185059,-24.5158848568147,12.5930106482397));
#8683=CARTESIAN_POINT('Ctrl Pts',(41.7860941634737,-24.5158861330749,12.9710628407426));
#8684=CARTESIAN_POINT('Ctrl Pts',(41.6202439699531,-24.5158837646657,13.7238639969593));
#8685=CARTESIAN_POINT('Ctrl Pts',(41.3556419911605,-24.5158857076376,14.4478823497764));
#8686=CARTESIAN_POINT('Ctrl Pts',(41.2128992080688,-24.5158861656227,14.8051977723593));
#8687=CARTESIAN_POINT('',(42.2450895309448,-22.8142950636587,12.6613182220345));
#8688=CARTESIAN_POINT('Origin',(31.4363731696946,-20.8531231594267,10.7551168562829));
#8689=CARTESIAN_POINT('',(39.8315591812134,-24.5158845865489,4.31288654352336));
#8690=CARTESIAN_POINT('',(40.1436443328857,-22.8142956055311,4.0734172291327));
#8691=CARTESIAN_POINT('',(42.0008223703048,-24.5505564196088,11.2172443428678));
#8692=CARTESIAN_POINT('',(42.0083971023559,-24.5158849286499,11.216934138378));
#8693=CARTESIAN_POINT('',(41.1597360873173,-24.515153584831,6.59163864875788));
#8694=CARTESIAN_POINT('Origin',(31.5695561457921,-21.9214100193516,10.7536382994278));
#8695=CARTESIAN_POINT('Ctrl Pts',(39.8315591812134,-24.5158845865489,4.31288654352336));
#8696=CARTESIAN_POINT('Ctrl Pts',(40.1080068775514,-24.5158853975246,4.68270935295694));
#8697=CARTESIAN_POINT('Ctrl Pts',(40.584944915372,-24.5158854783854,5.37753902618072));
#8698=CARTESIAN_POINT('Ctrl Pts',(40.9583926677039,-24.5158852689291,6.13211874048609));
#8699=CARTESIAN_POINT('Ctrl Pts',(41.1133359397538,-24.5158852280704,6.47818525508589));
#8700=CARTESIAN_POINT('Origin',(31.4298412518623,-21.8245460277949,10.7641434505231));
#8701=CARTESIAN_POINT('',(35.4870404996345,-24.5131135967062,0.977923934206324));
#8702=CARTESIAN_POINT('Ctrl Pts',(36.0742967952429,-22.8142532528046,0.807642128245386));
#8703=CARTESIAN_POINT('Ctrl Pts',(35.8753559507227,-23.3795742586012,0.859037669869969));
#8704=CARTESIAN_POINT('Ctrl Pts',(35.6796828379715,-23.9448530506817,0.915657632024245));
#8705=CARTESIAN_POINT('Ctrl Pts',(35.4875401064813,-24.5100958306181,0.977255608037854));
#8706=CARTESIAN_POINT('',(38.9137064449908,-24.5509094885742,3.27723178385814));
#8707=CARTESIAN_POINT('',(38.9188261032104,-24.5158840253842,3.27211217859884));
#8708=CARTESIAN_POINT('',(35.9131867161998,-24.4782346235098,1.16079088728597));
#8709=CARTESIAN_POINT('Origin',(31.5650523120541,-21.9397525927187,10.6295390988373));
#8710=CARTESIAN_POINT('Origin',(31.4356762243755,-24.4996042570651,10.7586509597385));
#8711=CARTESIAN_POINT('Origin',(31.4356613357953,-21.9322743690294,10.7562392103654));
#8712=CARTESIAN_POINT('',(26.9637116035187,-24.5158286670212,1.16374620825548));
#8713=CARTESIAN_POINT('Ctrl Pts',(26.9637014655856,-24.5158849412285,1.1637278137837));
#8714=CARTESIAN_POINT('Ctrl Pts',(27.2425097010613,-24.5158871578344,1.03372444589274));
#8715=CARTESIAN_POINT('Ctrl Pts',(27.6693432303057,-24.5158829097782,0.856962733532377));
#8716=CARTESIAN_POINT('Ctrl Pts',(28.2522845132275,-24.5158862810496,0.659066387747052));
#8717=CARTESIAN_POINT('Ctrl Pts',(28.6957068143101,-24.5158849543475,0.529823289936565));
#8718=CARTESIAN_POINT('Ctrl Pts',(29.1443461749586,-24.5158828377411,0.420049442492314));
#8719=CARTESIAN_POINT('Ctrl Pts',(29.5973433259319,-24.515886732295,0.329934661915723));
#8720=CARTESIAN_POINT('Ctrl Pts',(30.0538426201144,-24.5158842849803,0.259672379290552));
#8721=CARTESIAN_POINT('Ctrl Pts',(30.5129718316528,-24.515883402434,0.209394763100075));
#8722=CARTESIAN_POINT('Ctrl Pts',(30.9738567304013,-24.5158883291288,0.179181529016675));
#8723=CARTESIAN_POINT('Ctrl Pts',(31.4356203079904,-24.5158823248054,0.169115378205144));
#8724=CARTESIAN_POINT('Ctrl Pts',(31.8973838851714,-24.5158883290919,0.179181529802209));
#8725=CARTESIAN_POINT('Ctrl Pts',(32.358268785144,-24.5158834025816,0.209394759957932));
#8726=CARTESIAN_POINT('Ctrl Pts',(32.8173979921938,-24.5158842844267,0.259672391073573));
#8727=CARTESIAN_POINT('Ctrl Pts',(33.2738973031067,-24.5158867343617,0.329934617925868));
#8728=CARTESIAN_POINT('Ctrl Pts',(33.7268943916467,-24.5158828300278,0.420049606669523));
#8729=CARTESIAN_POINT('Ctrl Pts',(34.1755325025923,-24.5158849831268,0.529822314435504));
#8730=CARTESIAN_POINT('Ctrl Pts',(34.7667602083224,-24.5158865704411,0.702149918487771));
#8731=CARTESIAN_POINT('Ctrl Pts',(35.201087915823,-24.5158829437794,0.860233749016683));
#8732=CARTESIAN_POINT('Ctrl Pts',(35.4854984283447,-24.5158854882776,0.978038343094686));
#8733=CARTESIAN_POINT('Origin',(31.4370513069261,-24.5049656314129,10.7566459355592));
#8734=CARTESIAN_POINT('Origin',(31.436261711636,-23.5213509651432,10.7559048104197));
#8735=CARTESIAN_POINT('',(27.155422024007,-26.2016532103811,1.57785699085635));
#8736=CARTESIAN_POINT('',(26.8273627739518,-23.3165687714947,0.86923634738366));
#8737=CARTESIAN_POINT('',(21.9118881089081,-26.2016533408764,7.28844920145681));
#8738=CARTESIAN_POINT('Origin',(31.4362214877521,-26.2016534201162,10.7558669933268));
#8739=CARTESIAN_POINT('Ctrl Pts',(21.6641804324153,-24.514970813021,6.7080847640927));
#8740=CARTESIAN_POINT('Ctrl Pts',(21.7086386845734,-24.9133251026324,6.85273130893772));
#8741=CARTESIAN_POINT('Ctrl Pts',(21.7635064213202,-25.3148892484811,6.99312484860877));
#8742=CARTESIAN_POINT('Ctrl Pts',(21.8289417583109,-25.7190536047701,7.12891083357113));
#8743=CARTESIAN_POINT('Ctrl Pts',(21.8549223255526,-25.8795237684183,7.18282355221883));
#8744=CARTESIAN_POINT('Ctrl Pts',(21.8825683721844,-26.0404034973538,7.23601012815769));
#8745=CARTESIAN_POINT('Ctrl Pts',(21.9118881089081,-26.2016533408764,7.28844920145681));
#8746=CARTESIAN_POINT('Origin',(48.508447447289,-17.7613237506495,-4.59880954530673));
#8747=CARTESIAN_POINT('',(22.2489382522966,-26.2016535179821,15.0383121779524));
#8748=CARTESIAN_POINT('Ctrl Pts',(22.2489327962479,-26.201653517978,15.038300233274));
#8749=CARTESIAN_POINT('Ctrl Pts',(22.1114746290854,-26.2016535111012,14.7373687736781));
#8750=CARTESIAN_POINT('Ctrl Pts',(21.9914202797832,-26.2016535042157,14.4360602143783));
#8751=CARTESIAN_POINT('Ctrl Pts',(21.6722592536804,-26.2016534832918,13.5204312363717));
#8752=CARTESIAN_POINT('Ctrl Pts',(21.4988573009687,-26.2016534672662,12.8191528810871));
#8753=CARTESIAN_POINT('Ctrl Pts',(21.3094937663845,-26.2016534347372,11.3956831401513));
#8754=CARTESIAN_POINT('Ctrl Pts',(21.2935538068238,-26.2016534182337,10.6734888781774));
#8755=CARTESIAN_POINT('Ctrl Pts',(21.3878687461574,-26.2016533880809,9.35400245233095));
#8756=CARTESIAN_POINT('Ctrl Pts',(21.5077966130905,-26.2016533716756,8.63610617415485));
#8757=CARTESIAN_POINT('Ctrl Pts',(21.7666737034102,-26.2016533507399,7.71995990297088));
#8758=CARTESIAN_POINT('Ctrl Pts',(21.8360872335372,-26.2016533457621,7.50212890586456));
#8759=CARTESIAN_POINT('Ctrl Pts',(21.911872300032,-26.2016533408801,7.2884937657434));
#8760=CARTESIAN_POINT('Ctrl Pts',(21.6653202733915,-24.5141036407641,14.8022669072442));
#8761=CARTESIAN_POINT('Ctrl Pts',(21.8470441768948,-25.0786115063869,14.8916525964867));
#8762=CARTESIAN_POINT('Ctrl Pts',(22.0416492690936,-25.6414550963207,14.9703661750609));
#8763=CARTESIAN_POINT('Ctrl Pts',(22.2489382522966,-26.2016535179821,15.0383121779524));
#8764=CARTESIAN_POINT('Origin',(61.6914123888711,-13.1291530739285,-6.80901887889458));
#8765=CARTESIAN_POINT('',(27.9683992309125,-26.2014656104228,20.2795660526325));
#8766=CARTESIAN_POINT('Ctrl Pts',(27.9679219323092,-26.2016536377796,20.2808167140388));
#8767=CARTESIAN_POINT('Ctrl Pts',(27.7044371917918,-26.2016536355242,20.1821229792494));
#8768=CARTESIAN_POINT('Ctrl Pts',(27.4415829021556,-26.2016536329954,20.071462484284));
#8769=CARTESIAN_POINT('Ctrl Pts',(26.5323725456367,-26.2016536232186,19.6436283460089));
#8770=CARTESIAN_POINT('Ctrl Pts',(25.9146224105933,-26.2016536145831,19.2657374180989));
#8771=CARTESIAN_POINT('Ctrl Pts',(24.8615247517195,-26.2016535965701,18.4774886859143));
#8772=CARTESIAN_POINT('Ctrl Pts',(24.3290336305427,-26.2016535855644,17.9958800605543));
#8773=CARTESIAN_POINT('Ctrl Pts',(23.3813150442258,-26.2016535611729,16.9285097832574));
#8774=CARTESIAN_POINT('Ctrl Pts',(22.9660763099384,-26.2016535477874,16.3427581372552));
#8775=CARTESIAN_POINT('Ctrl Pts',(22.6382352845707,-26.2016535348328,15.7758641924904));
#8776=CARTESIAN_POINT('Ctrl Pts',(22.5034075237016,-26.2016535295051,15.5427236295082));
#8777=CARTESIAN_POINT('Ctrl Pts',(22.372658625728,-26.2016535238539,15.2954293266103));
#8778=CARTESIAN_POINT('Ctrl Pts',(22.2500990078288,-26.2016535179655,15.0377529092304));
#8779=CARTESIAN_POINT('Ctrl Pts',(27.3883704194058,-24.5142659376245,20.5263388314217));
#8780=CARTESIAN_POINT('Ctrl Pts',(27.5571806521363,-25.0157837832682,20.4674032368252));
#8781=CARTESIAN_POINT('Ctrl Pts',(27.7286510983509,-25.5157650082762,20.3959146236795));
#8782=CARTESIAN_POINT('Ctrl Pts',(27.9025578292632,-26.0134728118435,20.3119101002745));
#8783=CARTESIAN_POINT('Ctrl Pts',(27.9244664609184,-26.076173645118,20.3013272772234));
#8784=CARTESIAN_POINT('Ctrl Pts',(27.946413747201,-26.1388384010938,20.290545884014));
#8785=CARTESIAN_POINT('Ctrl Pts',(27.9683992309125,-26.2014656104228,20.2795660526324));
#8786=CARTESIAN_POINT('Origin',(35.1892904208421,-13.0094397319967,-23.5919189579678));
#8787=CARTESIAN_POINT('',(35.7188168236178,-26.2016475749675,19.9421373088605));
#8788=CARTESIAN_POINT('Ctrl Pts',(35.718834559444,-26.201653630041,19.9421767793267));
#8789=CARTESIAN_POINT('Ctrl Pts',(35.2798300786278,-26.2016536346131,20.1422526663945));
#8790=CARTESIAN_POINT('Ctrl Pts',(34.8345150182582,-26.2016536383909,20.3075691221586));
#8791=CARTESIAN_POINT('Ctrl Pts',(33.7822131843981,-26.2016536456435,20.6249446490437));
#8792=CARTESIAN_POINT('Ctrl Pts',(33.080979273401,-26.2016536489083,20.7678088185228));
#8793=CARTESIAN_POINT('Ctrl Pts',(31.6642497980029,-26.2016536518928,20.8984120730736));
#8794=CARTESIAN_POINT('Ctrl Pts',(30.9487525099737,-26.2016536516122,20.8861324602723));
#8795=CARTESIAN_POINT('Ctrl Pts',(30.299984314547,-26.2016536499798,20.8147010773972));
#8796=CARTESIAN_POINT('Ctrl Pts',(29.6513908225653,-26.2016536483479,20.7432889299112));
#8797=CARTESIAN_POINT('Ctrl Pts',(28.9505588441069,-26.2016536450657,20.5996571405159));
#8798=CARTESIAN_POINT('Ctrl Pts',(28.1710402113957,-26.2016536393539,20.3497104941412));
#8799=CARTESIAN_POINT('Ctrl Pts',(28.0693534113065,-26.2016536385689,20.3153580703393));
#8800=CARTESIAN_POINT('Ctrl Pts',(27.9684022787272,-26.2016536377497,20.2795107303851));
#8801=CARTESIAN_POINT('Ctrl Pts',(35.482659974332,-24.5141051179604,20.5256468524422));
#8802=CARTESIAN_POINT('Ctrl Pts',(35.5594394694751,-25.0098731165476,20.3672379570375));
#8803=CARTESIAN_POINT('Ctrl Pts',(35.6294968109423,-25.5039670494523,20.1980146447995));
#8804=CARTESIAN_POINT('Ctrl Pts',(35.6927135229019,-25.9956484666086,20.0181636166167));
#8805=CARTESIAN_POINT('Ctrl Pts',(35.7015482735054,-26.064362617697,19.9930288234504));
#8806=CARTESIAN_POINT('Ctrl Pts',(35.710249466358,-26.1330296565476,19.9676865287659));
#8807=CARTESIAN_POINT('Ctrl Pts',(35.7188168236178,-26.2016475749675,19.9421373088605));
#8808=CARTESIAN_POINT('Origin',(11.4067659029888,-13.391235692448,-16.0145911848228));
#8809=CARTESIAN_POINT('',(40.9608523437682,-26.201653499351,14.2229034295143));
#8810=CARTESIAN_POINT('Ctrl Pts',(40.9601859396252,-26.2016534993388,14.2226502201644));
#8811=CARTESIAN_POINT('Ctrl Pts',(40.7488257165631,-26.2016535122637,14.7882432715866));
#8812=CARTESIAN_POINT('Ctrl Pts',(40.4888076720039,-26.2016535246123,15.3286150785829));
#8813=CARTESIAN_POINT('Ctrl Pts',(39.8816539359435,-26.2016535484835,16.3732203220413));
#8814=CARTESIAN_POINT('Ctrl Pts',(39.4663411263037,-26.2016535618145,16.9565860644898));
#8815=CARTESIAN_POINT('Ctrl Pts',(38.5192192649249,-26.2016535861038,18.0194847786427));
#8816=CARTESIAN_POINT('Ctrl Pts',(37.987403804293,-26.2016535970619,18.4990120395291));
#8817=CARTESIAN_POINT('Ctrl Pts',(37.4640361792176,-26.2016536059904,18.8897239470544));
#8818=CARTESIAN_POINT('Ctrl Pts',(36.9496184446554,-26.2016536147663,19.2737544539217));
#8819=CARTESIAN_POINT('Ctrl Pts',(36.3506608334689,-26.2016536231664,19.6413428700871));
#8820=CARTESIAN_POINT('Ctrl Pts',(35.7188156719144,-26.2016536300401,19.9421359624897));
#8821=CARTESIAN_POINT('Ctrl Pts',(41.2065300469524,-24.5142477590042,14.8025299774141));
#8822=CARTESIAN_POINT('Ctrl Pts',(41.1492267596977,-25.0081488294415,14.636011589465));
#8823=CARTESIAN_POINT('Ctrl Pts',(41.0793610894488,-25.5007698983832,14.4672030192749));
#8824=CARTESIAN_POINT('Ctrl Pts',(40.9969601482156,-25.9913724151809,14.2963182183843));
#8825=CARTESIAN_POINT('Ctrl Pts',(40.9851802560198,-26.0615080795607,14.2718888307792));
#8826=CARTESIAN_POINT('Ctrl Pts',(40.9731442660372,-26.1316024925712,14.2474170224081));
#8827=CARTESIAN_POINT('Ctrl Pts',(40.9608523437682,-26.201653499351,14.2229034295143));
#8828=CARTESIAN_POINT('Origin',(-1.4617944836062,-13.4550675136003,8.48294450296147));
#8829=CARTESIAN_POINT('',(40.8000480094954,-26.201653331468,6.87655040591588));
#8830=CARTESIAN_POINT('Ctrl Pts',(41.2072460943104,-24.5144044411915,6.70780576911798));
#8831=CARTESIAN_POINT('Ctrl Pts',(41.0831792958624,-25.0789941085815,6.76464136924891));
#8832=CARTESIAN_POINT('Ctrl Pts',(40.9474208143897,-25.6415764037028,6.82089402907574));
#8833=CARTESIAN_POINT('Ctrl Pts',(40.8000480094954,-26.201653331468,6.87655040591588));
#8834=CARTESIAN_POINT('Ctrl Pts',(40.8000489571509,-26.2016533314665,6.87655275019655));
#8835=CARTESIAN_POINT('Ctrl Pts',(40.8687416845158,-26.2016533353497,7.04648282534609));
#8836=CARTESIAN_POINT('Ctrl Pts',(40.9317885988987,-26.2016533392089,7.21536060991624));
#8837=CARTESIAN_POINT('Ctrl Pts',(41.2026840783437,-26.2016533571371,7.9998995265037));
#8838=CARTESIAN_POINT('Ctrl Pts',(41.3736953235625,-26.2016533730526,8.69636277875287));
#8839=CARTESIAN_POINT('Ctrl Pts',(41.5611753892317,-26.2016534053508,10.1097323473713));
#8840=CARTESIAN_POINT('Ctrl Pts',(41.5776165146092,-26.2016534217336,10.8266423372872));
#8841=CARTESIAN_POINT('Ctrl Pts',(41.5321468722355,-26.2016534366438,11.4791148918731));
#8842=CARTESIAN_POINT('Ctrl Pts',(41.4866881690812,-26.2016534515505,12.1314304727074));
#8843=CARTESIAN_POINT('Ctrl Pts',(41.3710092434909,-26.2016534677188,12.8389547763507));
#8844=CARTESIAN_POINT('Ctrl Pts',(41.1153658297673,-26.2016534887982,13.7613904832555));
#8845=CARTESIAN_POINT('Ctrl Pts',(41.0417194647559,-26.2016534941286,13.9946519160611));
#8846=CARTESIAN_POINT('Ctrl Pts',(40.9608550100881,-26.2016534993445,14.2228959037069));
#8847=CARTESIAN_POINT('Origin',(8.37494359114286,-14.0469136757787,31.1161828441393));
#8848=CARTESIAN_POINT('',(35.3112485035601,-26.2005475081084,1.39949164498502));
#8849=CARTESIAN_POINT('Ctrl Pts',(35.9080901863517,-24.5158633045957,1.16407296493363));
#8850=CARTESIAN_POINT('Ctrl Pts',(35.7044773418299,-25.0774344726893,1.23681221713374));
#8851=CARTESIAN_POINT('Ctrl Pts',(35.5054280299607,-25.638995685612,1.31539786926902));
#8852=CARTESIAN_POINT('Ctrl Pts',(35.3112485035601,-26.2005475081084,1.39949164498502));
#8853=CARTESIAN_POINT('Ctrl Pts',(35.3145205599501,-26.2016532061297,1.39181348130032));
#8854=CARTESIAN_POINT('Ctrl Pts',(35.46420971311,-26.2016532075766,1.45513048077804));
#8855=CARTESIAN_POINT('Ctrl Pts',(35.6100587900838,-26.201653209081,1.52096500460335));
#8856=CARTESIAN_POINT('Ctrl Pts',(36.3382928615524,-26.2016532170422,1.86934467888924));
#8857=CARTESIAN_POINT('Ctrl Pts',(36.9510838121048,-26.2016532253927,2.23476233522704));
#8858=CARTESIAN_POINT('Ctrl Pts',(38.0832892314525,-26.2016532449185,3.08921149664404));
#8859=CARTESIAN_POINT('Ctrl Pts',(38.6026824695959,-26.2016532560944,3.57827113347131));
#8860=CARTESIAN_POINT('Ctrl Pts',(39.0331801057174,-26.2016532672444,4.06619363806661));
#8861=CARTESIAN_POINT('Ctrl Pts',(39.4635923340667,-26.2016532783921,4.55401934219053));
#8862=CARTESIAN_POINT('Ctrl Pts',(39.8840674992282,-26.2016532915581,5.13016267253477));
#8863=CARTESIAN_POINT('Ctrl Pts',(40.4498715042136,-26.2016533140343,6.11372282728719));
#8864=CARTESIAN_POINT('Ctrl Pts',(40.6388816494634,-26.2016533227724,6.49610023174785));
#8865=CARTESIAN_POINT('Ctrl Pts',(40.7998136523406,-26.2016533314687,6.87665078961358));
#8866=CARTESIAN_POINT('Origin',(31.4356525189402,-23.2997940940022,10.7566264429722));
#8867=CARTESIAN_POINT('Origin',(31.4356560229601,-26.2016534201404,10.7569256347467));
#8868=CARTESIAN_POINT('Origin',(31.4361584085803,-2.55873562386774,10.7567790232098));
#8869=CARTESIAN_POINT('',(24.5943185054876,0.,3.28934542598484));
#8870=CARTESIAN_POINT('',(24.286001285605,-1.68578967032566,2.95287826078566));
#8871=CARTESIAN_POINT('',(24.5943183898926,-6.31928032679419E-7,3.28934529983573));
#8872=CARTESIAN_POINT('',(31.8773247681587,-1.66533453693773E-15,0.638362477697118));
#8873=CARTESIAN_POINT('Origin',(31.4360565448906,1.66533453693773E-15,10.7565110351365));
#8874=CARTESIAN_POINT('',(31.6304211929948,-1.6862719841547,0.175974140860838));
#8875=CARTESIAN_POINT('Ctrl Pts',(31.4610113746978,-1.59270439361499,0.197881211370554));
#8876=CARTESIAN_POINT('Ctrl Pts',(31.6054629465072,-1.06173709043317,0.341788012964897));
#8877=CARTESIAN_POINT('Ctrl Pts',(31.744273058776,-0.530837288575623,0.48873269888638));
#8878=CARTESIAN_POINT('Ctrl Pts',(31.8773248368343,-8.88178419700125E-16,
0.638361106418289));
#8879=CARTESIAN_POINT('',(30.5132290204073,-1.68685904614094,0.212372338214377));
#8880=CARTESIAN_POINT('Ctrl Pts',(30.5132646560669,-1.68576757033782,0.212739170175741));
#8881=CARTESIAN_POINT('Ctrl Pts',(30.9735637067874,-1.68576665199992,0.172476435421522));
#8882=CARTESIAN_POINT('Ctrl Pts',(31.4356203079224,-1.68576849035637,0.172471816138816));
#8883=CARTESIAN_POINT('',(26.5480452430858,-1.68854792080461,1.36916879339153));
#8884=CARTESIAN_POINT('Origin',(31.453518878958,-1.8867409344667,10.8152881340923));
#8885=CARTESIAN_POINT('Ctrl Pts',(24.286001285605,-1.68578967032566,2.95287826078565));
#8886=CARTESIAN_POINT('Ctrl Pts',(24.477723436836,-1.68577537338595,2.77717959415163));
#8887=CARTESIAN_POINT('Ctrl Pts',(24.6759248801887,-1.68577189031451,2.60854904819182));
#8888=CARTESIAN_POINT('Ctrl Pts',(24.8800690908531,-1.68577073242454,2.44744653148078));
#8889=CARTESIAN_POINT('Ctrl Pts',(25.0384081317494,-1.6857698343379,2.32249163856957));
#8890=CARTESIAN_POINT('Ctrl Pts',(25.200321549994,-1.68577033340986,2.20206481115956));
#8891=CARTESIAN_POINT('Ctrl Pts',(25.365545299638,-1.6857682331786,2.08636394719735));
#8892=CARTESIAN_POINT('Ctrl Pts',(25.5785273923267,-1.68576552587018,1.93721945564787));
#8893=CARTESIAN_POINT('Ctrl Pts',(25.7970108837618,-1.68575850244546,1.79592946859882));
#8894=CARTESIAN_POINT('Ctrl Pts',(26.0204011068833,-1.68575568902651,1.6628760496757));
#8895=CARTESIAN_POINT('Ctrl Pts',(26.1933670821404,-1.68575351066012,1.55985580982928));
#8896=CARTESIAN_POINT('Ctrl Pts',(26.3692740482407,-1.68575385445552,1.46177258889687));
#8897=CARTESIAN_POINT('Ctrl Pts',(26.5478351205941,-1.6857606413251,1.36878521023098));
#8898=CARTESIAN_POINT('Origin',(31.4346971955565,-4.30602867190468,10.7549659325884));
#8899=CARTESIAN_POINT('',(21.3187870062605,-5.55111512312578E-16,10.3136082103013));
#8900=CARTESIAN_POINT('',(20.8535540453861,-1.6860143963289,10.8467291833296));
#8901=CARTESIAN_POINT('Ctrl Pts',(21.3187870062605,-4.44089209850063E-16,
10.3136082103013));
#8902=CARTESIAN_POINT('Ctrl Pts',(21.1604195039051,-0.561928456162958,10.4541749168606));
#8903=CARTESIAN_POINT('Ctrl Pts',(21.0049599708544,-1.12385751113204,10.6014556059159));
#8904=CARTESIAN_POINT('Ctrl Pts',(20.852840697541,-1.6857879359046,10.7553174597355));
#8905=CARTESIAN_POINT('',(24.2775312052672,-0.000961761865504451,3.597199024577));
#8906=CARTESIAN_POINT('Origin',(31.4366158586148,0.,10.7557566237765));
#8907=CARTESIAN_POINT('',(23.6540963516138,-1.61797589892825,3.61308433020176));
#8908=CARTESIAN_POINT('Ctrl Pts',(23.6592133207096,-1.61989864188932,3.60677755707649));
#8909=CARTESIAN_POINT('Ctrl Pts',(23.85464531399,-1.07528584130505,3.59940909393617));
#8910=CARTESIAN_POINT('Ctrl Pts',(24.0608432641495,-0.535458778325185,3.59623997023046));
#8911=CARTESIAN_POINT('Ctrl Pts',(24.2775312052672,-0.000961761865504229,
3.597199024577));
#8912=CARTESIAN_POINT('',(21.3306468549521,-1.72695916303749,7.56524961104809));
#8913=CARTESIAN_POINT('Origin',(31.5409909970597,-4.34753027166444,10.8440197533445));
#8914=CARTESIAN_POINT('Ctrl Pts',(20.8528228806274,-1.68578311291314,10.7553174531524));
#8915=CARTESIAN_POINT('Ctrl Pts',(20.8528135018624,-1.68577320151734,10.4859592689152));
#8916=CARTESIAN_POINT('Ctrl Pts',(20.8630920877246,-1.68577052700901,10.2165995418));
#8917=CARTESIAN_POINT('Ctrl Pts',(20.883630396756,-1.68576982912039,9.94802306902557));
#8918=CARTESIAN_POINT('Ctrl Pts',(20.9041687057875,-1.68576913123176,9.67944659625117));
#8919=CARTESIAN_POINT('Ctrl Pts',(20.9349667206649,-1.6857704100948,9.41165368316633));
#8920=CARTESIAN_POINT('Ctrl Pts',(20.9759363351293,-1.6857683305933,9.14542503154268));
#8921=CARTESIAN_POINT('Ctrl Pts',(21.0169059490703,-1.68576625109182,8.8791963833207));
#8922=CARTESIAN_POINT('Ctrl Pts',(21.0680471042882,-1.68576081334392,8.61453237292977));
#8923=CARTESIAN_POINT('Ctrl Pts',(21.1292094415047,-1.68575752447841,8.35220413115634));
#8924=CARTESIAN_POINT('Ctrl Pts',(21.1903717787212,-1.68575423561289,8.08987588938292));
#8925=CARTESIAN_POINT('Ctrl Pts',(21.2615552231759,-1.68575309568744,7.82988371274728));
#8926=CARTESIAN_POINT('Ctrl Pts',(21.3425510776092,-1.68575953385624,7.57298469335118));
#8927=CARTESIAN_POINT('Origin',(31.4375622042685,-2.3089464031594,10.7546020342791));
#8928=CARTESIAN_POINT('',(22.2595388004568,-1.73206512138905,16.0592734675248));
#8929=CARTESIAN_POINT('Origin',(31.4385302144708,-1.70327267192172,10.7542367871524));
#8930=CARTESIAN_POINT('',(23.6505566000601,-1.59398104453738,17.8868383042184));
#8931=CARTESIAN_POINT('Origin',(31.5400448645543,-4.30640731583606,10.6130822536866));
#8932=CARTESIAN_POINT('',(23.9685061618545,5.38458166943201E-14,17.5976935057215));
#8933=CARTESIAN_POINT('Ctrl Pts',(23.9685061618545,5.90638649100583E-14,
17.5976935057215));
#8934=CARTESIAN_POINT('Ctrl Pts',(23.8603747439829,-0.529334533129444,17.704192393402));
#8935=CARTESIAN_POINT('Ctrl Pts',(23.7549378877823,-1.06079248941394,17.8012028877137));
#8936=CARTESIAN_POINT('Ctrl Pts',(23.6522428363476,-1.59400459467986,17.8886762679969));
#8937=CARTESIAN_POINT('Origin',(31.436898643009,1.66533453693773E-15,10.7548524075116));
#8938=CARTESIAN_POINT('Origin',(31.4353971384646,-3.95843569426652,10.7559466705799));
#8939=CARTESIAN_POINT('',(24.28599794206,-1.68578771179246,18.5577602979603));
#8940=CARTESIAN_POINT('',(24.2770161341593,-0.000760613533555832,17.9138888777838));
#8941=CARTESIAN_POINT('Ctrl Pts',(24.2884591815841,-1.68671280780377,18.5550663307648));
#8942=CARTESIAN_POINT('Ctrl Pts',(24.2807288265873,-1.11933322079304,18.3529118230019));
#8943=CARTESIAN_POINT('Ctrl Pts',(24.2769398593385,-0.557153372749288,18.1390838765576));
#8944=CARTESIAN_POINT('Ctrl Pts',(24.2770161341593,-0.000760613533555832,
17.9138888777838));
#8945=CARTESIAN_POINT('',(29.1450852381422,-1.68548343538876,21.0872447145448));
#8946=CARTESIAN_POINT('Ctrl Pts',(29.1450664574846,-1.68576171042611,21.0873293361303));
#8947=CARTESIAN_POINT('Ctrl Pts',(28.8912086361429,-1.68575164616459,21.0310542276511));
#8948=CARTESIAN_POINT('Ctrl Pts',(28.6394249513795,-1.68575051934716,20.9654196820561));
#8949=CARTESIAN_POINT('Ctrl Pts',(28.3903995461367,-1.68575209213717,20.8906021556614));
#8950=CARTESIAN_POINT('Ctrl Pts',(28.1971866565693,-1.68575331242754,20.8325530162537));
#8951=CARTESIAN_POINT('Ctrl Pts',(28.0056340266651,-1.68575615601287,20.7689768995402));
#8952=CARTESIAN_POINT('Ctrl Pts',(27.8160552820066,-1.68575767098593,20.699977020744));
#8953=CARTESIAN_POINT('Ctrl Pts',(27.5717217199307,-1.68575962351898,20.6110483478622));
#8954=CARTESIAN_POINT('Ctrl Pts',(27.3306677177412,-1.68575937224467,20.5131089010935));
#8955=CARTESIAN_POINT('Ctrl Pts',(27.0935478667023,-1.68575916138351,20.4064252898273));
#8956=CARTESIAN_POINT('Ctrl Pts',(26.9095585581681,-1.68575899776922,20.323645869282));
#8957=CARTESIAN_POINT('Ctrl Pts',(26.7279375697466,-1.68575885661858,20.2356028155561));
#8958=CARTESIAN_POINT('Ctrl Pts',(26.5489818626168,-1.68575974768693,20.1424404166496));
#8959=CARTESIAN_POINT('Ctrl Pts',(26.3183784609501,-1.68576089592296,20.022390788505));
#8960=CARTESIAN_POINT('Ctrl Pts',(26.0922017189232,-1.68576376121829,19.893839003114));
#8961=CARTESIAN_POINT('Ctrl Pts',(25.8710661066711,-1.6857661518171,19.7571337642439));
#8962=CARTESIAN_POINT('Ctrl Pts',(25.6994296172576,-1.6857680073029,19.6510287047957));
#8963=CARTESIAN_POINT('Ctrl Pts',(25.5308295752584,-1.68576957495203,19.5400127588972));
#8964=CARTESIAN_POINT('Ctrl Pts',(25.36554205281,-1.68576979167977,19.424267475433));
#8965=CARTESIAN_POINT('Ctrl Pts',(25.1525145303433,-1.68577007100498,19.275091478308));
#8966=CARTESIAN_POINT('Ctrl Pts',(24.9449905663825,-1.68576810925512,19.1180583864042));
#8967=CARTESIAN_POINT('Ctrl Pts',(24.7435327326395,-1.68577063610518,18.9535965096964));
#8968=CARTESIAN_POINT('Ctrl Pts',(24.5872900866185,-1.68577259582912,18.8260464496715));
#8969=CARTESIAN_POINT('Ctrl Pts',(24.4346955963789,-1.6857772535762,18.6940288974567));
#8970=CARTESIAN_POINT('Ctrl Pts',(24.28599794206,-1.68578771179246,18.5577602979603));
#8971=CARTESIAN_POINT('',(31.4816358765338,-1.68606816918973,21.3379626147809));
#8972=CARTESIAN_POINT('Origin',(31.4369358741427,-1.70385598711205,10.7522181270696));
#8973=CARTESIAN_POINT('',(30.9939130990246,-2.69132399699501E-8,20.8721502596704));
#8974=CARTESIAN_POINT('Ctrl Pts',(30.9939131233093,-8.28099739891286E-8,
20.8721500397712));
#8975=CARTESIAN_POINT('Ctrl Pts',(31.1344840191307,-0.561929072890812,21.0305122258814));
#8976=CARTESIAN_POINT('Ctrl Pts',(31.2817639931642,-1.12385869156061,21.1859675570311));
#8977=CARTESIAN_POINT('Ctrl Pts',(31.4356203134862,-1.68578977128148,21.3380841625339));
#8978=CARTESIAN_POINT('Origin',(31.4362401178383,-5.55111512312578E-16,
10.7539040291322));
#8979=CARTESIAN_POINT('Origin',(31.4351158163238,-2.66623976807027,10.7539365425625));
#8980=CARTESIAN_POINT('',(37.515194717586,-1.71692850695132,19.4318015266938));
#8981=CARTESIAN_POINT('Origin',(31.4344866337182,-1.70468301960651,10.7522764462274));
#8982=CARTESIAN_POINT('',(38.5743845148352,-1.62616134269374,18.5459131758418));
#8983=CARTESIAN_POINT('Origin',(31.2858727730572,-4.31326241997056,10.6618744542209));
#8984=CARTESIAN_POINT('',(38.2770439343544,-0.000665288089418126,18.2214196913477));
#8985=CARTESIAN_POINT('',(38.2769222259521,6.51811121743506E-8,18.2212868686315));
#8986=CARTESIAN_POINT('Origin',(31.4351527361599,1.11022302462516E-15,10.7540339554345));
#8987=CARTESIAN_POINT('Origin',(31.436385027214,-4.24049168725322,10.7556064242996));
#8988=CARTESIAN_POINT('',(39.2381162643433,-1.68576746906409,17.9049857413924));
#8989=CARTESIAN_POINT('',(38.5955851830345,-0.000195156704054233,17.9152968985833));
#8990=CARTESIAN_POINT('Ctrl Pts',(39.2361171764618,-1.68645223455396,17.9031633300569));
#8991=CARTESIAN_POINT('Ctrl Pts',(39.0343213251644,-1.11903182092305,17.9113161126201));
#8992=CARTESIAN_POINT('Ctrl Pts',(38.8207115502619,-0.556746796295501,17.9153335525319));
#8993=CARTESIAN_POINT('Ctrl Pts',(38.5955851830345,-0.000195156704057009,
17.9152968985833));
#8994=CARTESIAN_POINT('',(41.9279550303815,-1.68587322547606,12.1366596733942));
#8995=CARTESIAN_POINT('Ctrl Pts',(41.9279308318711,-1.68576764891037,12.1366564879352));
#8996=CARTESIAN_POINT('Ctrl Pts',(41.8877584690798,-1.68576649779143,12.4418661490422));
#8997=CARTESIAN_POINT('Ctrl Pts',(41.8074828308149,-1.68576780252787,12.897043768572));
#8998=CARTESIAN_POINT('Ctrl Pts',(41.6611151699826,-1.68576730451422,13.495228930794));
#8999=CARTESIAN_POINT('Ctrl Pts',(41.5318632389429,-1.6857684807912,13.9386490386147));
#9000=CARTESIAN_POINT('Ctrl Pts',(41.3834001656856,-1.68576751302327,14.3760121837616));
#9001=CARTESIAN_POINT('Ctrl Pts',(41.2160034646166,-1.6857677615179,14.8064842333734));
#9002=CARTESIAN_POINT('Ctrl Pts',(41.0299813283094,-1.6857676421028,15.2292412124495));
#9003=CARTESIAN_POINT('Ctrl Pts',(40.8257011916589,-1.68576776070463,15.6434840120075));
#9004=CARTESIAN_POINT('Ctrl Pts',(40.6035443669357,-1.68576811858945,16.0484189126532));
#9005=CARTESIAN_POINT('Ctrl Pts',(40.3639377917943,-1.68577007790324,16.4432820747246));
#9006=CARTESIAN_POINT('Ctrl Pts',(40.1073330988608,-1.68576595782466,16.827315558497));
#9007=CARTESIAN_POINT('Ctrl Pts',(39.7431892647421,-1.68577183933714,17.3239529416652));
#9008=CARTESIAN_POINT('Ctrl Pts',(39.4460924845058,-1.68576652377708,17.6780220912572));
#9009=CARTESIAN_POINT('Ctrl Pts',(39.2381162643433,-1.68576746906409,17.9049857413924));
#9010=CARTESIAN_POINT('',(42.0184672318614,-1.68576888760566,10.7552641611555));
#9011=CARTESIAN_POINT('Ctrl Pts',(42.0184679031372,-1.6857688875798,10.7553174555056));
#9012=CARTESIAN_POINT('Ctrl Pts',(42.0184802449828,-1.68577068454443,11.2170819254164));
#9013=CARTESIAN_POINT('Ctrl Pts',(41.9882141807394,-1.68576642344498,11.6788439643793));
#9014=CARTESIAN_POINT('Ctrl Pts',(41.9279308319092,-1.68576764891037,12.1366564876456));
#9015=CARTESIAN_POINT('',(41.5525191259351,-0.000472443980131243,11.1968999927514));
#9016=CARTESIAN_POINT('',(41.5523881912231,1.13555324199321E-6,11.1970240803876));
#9017=CARTESIAN_POINT('Origin',(31.4346802099809,-5.55111512312578E-16,
10.754903375592));
#9018=CARTESIAN_POINT('Origin',(31.9352097386763,-5.68734028008034,10.6017028321985));
#9019=CARTESIAN_POINT('',(38.901862036998,-0.00134582037948416,3.9137709155288));
#9020=CARTESIAN_POINT('Origin',(30.8651099973229,-5.55111512312578E-16,
10.9278838675422));
#9021=CARTESIAN_POINT('',(39.5425866004882,-1.68575807724047,3.95276313970107));
#9022=CARTESIAN_POINT('Ctrl Pts',(39.542552947998,-1.68576823062484,3.9527913756061));
#9023=CARTESIAN_POINT('Ctrl Pts',(39.9323036010936,-1.68576730703283,4.42934434347571));
#9024=CARTESIAN_POINT('Ctrl Pts',(40.6503492669934,-1.6857712878833,5.43467420915657));
#9025=CARTESIAN_POINT('Ctrl Pts',(41.4291423100868,-1.68576690925104,7.11797209574053));
#9026=CARTESIAN_POINT('Ctrl Pts',(41.9145496978552,-1.68576669381952,8.90803425559256));
#9027=CARTESIAN_POINT('Ctrl Pts',(42.0107125776592,-1.68576918619702,10.139694224149));
#9028=CARTESIAN_POINT('Ctrl Pts',(42.0184672318613,-1.68576888760566,10.7552641611555));
#9029=CARTESIAN_POINT('Ctrl Pts',(39.5281080755653,-3.3873697689438,3.33992257095194));
#9030=CARTESIAN_POINT('Ctrl Pts',(39.5393042339969,-2.82016064761476,3.54617105217317));
#9031=CARTESIAN_POINT('Ctrl Pts',(39.5440696345511,-2.25295683810407,3.75057095799666));
#9032=CARTESIAN_POINT('Ctrl Pts',(39.5425866004882,-1.68575807724047,3.95276313970107));
#9033=CARTESIAN_POINT('',(39.2381123801081,-1.68622819026154,3.60548329794617));
#9034=CARTESIAN_POINT('',(39.2381162643433,-1.68576890470627,3.60565109846573));
#9035=CARTESIAN_POINT('',(38.901593208313,8.42966014213964E-7,3.91401725130246));
#9036=CARTESIAN_POINT('Origin',(31.4455311840375,-4.34423261164096,10.7416579532911));
#9037=CARTESIAN_POINT('',(36.1115990993354,5.55111512312578E-16,1.77280333187875));
#9038=CARTESIAN_POINT('',(35.9364363633381,-1.67906100427972,1.17944321440762));
#9039=CARTESIAN_POINT('Ctrl Pts',(36.1115990993354,0.,1.77280333187875));
#9040=CARTESIAN_POINT('Ctrl Pts',(36.0510477624918,-0.557309220287332,1.5712112221317));
#9041=CARTESIAN_POINT('Ctrl Pts',(35.9837980225287,-1.1147539695915,1.36983363910547));
#9042=CARTESIAN_POINT('Ctrl Pts',(35.9098116953943,-1.6723455476145,1.16908056033507));
#9043=CARTESIAN_POINT('Origin',(31.4079417541941,2.77555756156289E-15,10.791538026703));
#9044=CARTESIAN_POINT('Ctrl Pts',(35.9630320106421,-1.68576914115977,1.18979457328384));
#9045=CARTESIAN_POINT('Ctrl Pts',(36.2230085816473,-1.6857692881862,1.31283105637137));
#9046=CARTESIAN_POINT('Ctrl Pts',(36.6143950087616,-1.68576856448181,1.5180140674908));
#9047=CARTESIAN_POINT('Ctrl Pts',(37.1235854402283,-1.68576826327914,1.82699992314365));
#9048=CARTESIAN_POINT('Ctrl Pts',(37.5076195779816,-1.68576544519034,2.08360506773105));
#9049=CARTESIAN_POINT('Ctrl Pts',(37.8800982857901,-1.68576977462485,2.35671335902304));
#9050=CARTESIAN_POINT('Ctrl Pts',(38.2403038361021,-1.68576593865841,2.64581234619391));
#9051=CARTESIAN_POINT('Ctrl Pts',(38.7032780874113,-1.68577180171809,3.05183229253315));
#9052=CARTESIAN_POINT('Ctrl Pts',(39.0300868170346,-1.68576595341403,3.37861861085171));
#9053=CARTESIAN_POINT('Ctrl Pts',(39.2380309143615,-1.68576890349503,3.60555795082963));
#9054=CARTESIAN_POINT('Origin',(31.4379790473215,-4.28102605084059,10.7442869795055));
#9055=CARTESIAN_POINT('Origin',(31.4316392628532,0.,10.7703816900284));
#9056=CARTESIAN_POINT('Origin',(31.4289377764806,-1.85058363754353,10.7815010751158));
#9057=CARTESIAN_POINT('Origin',(31.4319986916926,-5.79215795278793,10.743947027397));
#9058=CARTESIAN_POINT('Ctrl Pts',(26.5472479612488,-1.6904842764575,1.36764877743752));
#9059=CARTESIAN_POINT('Ctrl Pts',(26.3503662088379,-2.25603962363389,1.32281182777804));
#9060=CARTESIAN_POINT('Ctrl Pts',(26.1503851193723,-2.8216779139526,1.28345034508911));
#9061=CARTESIAN_POINT('Ctrl Pts',(25.9476062239214,-3.38740503411052,1.24979562661165));
#9062=CARTESIAN_POINT('',(30.4789800643921,-3.38735878286461,-0.179134960723051));
#9063=CARTESIAN_POINT('Origin',(64.9724172031069,-12.7912408425387,21.5450062284722));
#9064=CARTESIAN_POINT('',(21.342577457428,-1.68576702216689,7.57299298899074));
#9065=CARTESIAN_POINT('Ctrl Pts',(24.5946575596027,1.42022183371923E-16,
3.28970770967971));
#9066=CARTESIAN_POINT('Ctrl Pts',(24.4859616360097,1.48431624723014E-16,
3.39093462332518));
#9067=CARTESIAN_POINT('Ctrl Pts',(24.3801891515322,1.54685075240895E-16,
3.49370083491493));
#9068=CARTESIAN_POINT('Ctrl Pts',(24.2777326639321,1.60374990801697E-16,
3.597391478409));
#9069=CARTESIAN_POINT('Origin',(31.4371469888933,-3.64195654979378,10.7551499625404));
#9070=CARTESIAN_POINT('',(22.2706050872803,-1.68576838549689,16.0467412396125));
#9071=CARTESIAN_POINT('Origin',(40.7533652318459,-12.8698273666514,-23.2497999958187));
#9072=CARTESIAN_POINT('',(29.1450710296631,-1.68576740563016,21.087308806518));
#9073=CARTESIAN_POINT('Ctrl Pts',(23.9685136080736,9.06541624672686E-16,
17.5977014523209));
#9074=CARTESIAN_POINT('Ctrl Pts',(24.0697137297284,9.12376990086465E-16,
17.7057020358397));
#9075=CARTESIAN_POINT('Ctrl Pts',(24.1727787355572,9.17966847609328E-16,
17.8111824528985));
#9076=CARTESIAN_POINT('Ctrl Pts',(24.2771660569403,9.23783835241795E-16,
17.9137281936878));
#9077=CARTESIAN_POINT('Origin',(31.4354421240596,-4.07398201885982,10.7544224542112));
#9078=CARTESIAN_POINT('',(37.5056953430176,-1.68576780847448,19.4242786718178));
#9079=CARTESIAN_POINT('Origin',(-0.701804150589962,-12.7585861923561,1.18775539043182));
#9080=CARTESIAN_POINT('',(41.9279308319092,-1.68576764891037,12.1366564876456));
#9081=CARTESIAN_POINT('Ctrl Pts',(38.2805154352658,9.69159070324403E-16,
18.2250615255685));
#9082=CARTESIAN_POINT('Ctrl Pts',(38.3883946466811,9.63706712104978E-16,
18.1232680830669));
#9083=CARTESIAN_POINT('Ctrl Pts',(38.4934571512224,9.57660046589547E-16,
18.0198830180032));
#9084=CARTESIAN_POINT('Ctrl Pts',(38.5953162031868,9.52072456369767E-16,
17.9154916530156));
#9085=CARTESIAN_POINT('Origin',(31.4361330330332,-5.61730685193712,10.7551518908703));
#9086=CARTESIAN_POINT('Origin',(31.4358779379556,-5.72039003719388,10.7546119686973));
#9087=CARTESIAN_POINT('Origin',(31.4360866151883,-6.13102455778098,10.7557437525069));
#9088=CARTESIAN_POINT('',(20.3592503635494,-6.10738150253998,7.78741206836474));
#9089=CARTESIAN_POINT('',(20.6291861534119,-4.44629175816769,7.85974047432843));
#9090=CARTESIAN_POINT('',(27.5087216826157,-6.19365219938772,-0.0337665268815246));
#9091=CARTESIAN_POINT('',(27.5087280273438,-6.19279563255076,-0.0337339867889833));
#9092=CARTESIAN_POINT('',(22.9621469200888,-6.23997287563197,2.99451588365891));
#9093=CARTESIAN_POINT('Ctrl Pts',(22.9705681178812,-6.1927907669703,2.99852788966748));
#9094=CARTESIAN_POINT('Ctrl Pts',(23.0985472232917,-6.19278902379263,2.85886964172758));
#9095=CARTESIAN_POINT('Ctrl Pts',(23.2296925532123,-6.1927887532916,2.72268801917421));
#9096=CARTESIAN_POINT('Ctrl Pts',(23.3640382520597,-6.19278918130321,2.58989140249464));
#9097=CARTESIAN_POINT('Ctrl Pts',(23.4984792470781,-6.19278960961842,2.45700058846288));
#9098=CARTESIAN_POINT('Ctrl Pts',(23.6361254958289,-6.19279073731536,2.32749924135708));
#9099=CARTESIAN_POINT('Ctrl Pts',(23.7770488806638,-6.19279182215528,2.20133152367809));
#9100=CARTESIAN_POINT('Ctrl Pts',(23.836694710616,-6.19279228131383,2.14793103061614));
#9101=CARTESIAN_POINT('Ctrl Pts',(23.8969280400218,-6.1927927332168,2.09512819652231));
#9102=CARTESIAN_POINT('Ctrl Pts',(23.9577561170628,-6.19279312347577,2.04292095382636));
#9103=CARTESIAN_POINT('Ctrl Pts',(24.1107463449709,-6.19279410502592,1.91161320340824));
#9104=CARTESIAN_POINT('Ctrl Pts',(24.2675024821784,-6.19279470004423,1.78407683588332));
#9105=CARTESIAN_POINT('Ctrl Pts',(24.4277010263508,-6.19279516638093,1.66063882053034));
#9106=CARTESIAN_POINT('Ctrl Pts',(24.5878084953242,-6.1927956324525,1.53727098148178));
#9107=CARTESIAN_POINT('Ctrl Pts',(24.7513541773637,-6.19279597007258,1.41799709136375));
#9108=CARTESIAN_POINT('Ctrl Pts',(24.9179804566012,-6.19279640209238,1.30310471634575));
#9109=CARTESIAN_POINT('Ctrl Pts',(24.9640398380858,-6.19279652151271,1.27134578999369));
#9110=CARTESIAN_POINT('Ctrl Pts',(25.0103344176063,-6.19279664793891,1.23992141362372));
#9111=CARTESIAN_POINT('Ctrl Pts',(25.0568562203508,-6.19279678560014,1.20883709850488));
#9112=CARTESIAN_POINT('Ctrl Pts',(25.2251552769048,-6.1927972836087,1.09638528882615));
#9113=CARTESIAN_POINT('Ctrl Pts',(25.3964301402222,-6.19279793143194,0.98838740598476));
#9114=CARTESIAN_POINT('Ctrl Pts',(25.5702854891006,-6.19279836836269,0.885076312859628));
#9115=CARTESIAN_POINT('Ctrl Pts',(25.7442433446551,-6.19279880555106,0.781704306585531));
#9116=CARTESIAN_POINT('Ctrl Pts',(25.9207843914942,-6.19279903161416,0.683024792711666));
#9117=CARTESIAN_POINT('Ctrl Pts',(26.099488520819,-6.19279864887883,0.589224761295475));
#9118=CARTESIAN_POINT('Ctrl Pts',(26.1488539163495,-6.19279854315167,0.563313353041371));
#9119=CARTESIAN_POINT('Ctrl Pts',(26.1983842500457,-6.19279839075391,0.537774013559181));
#9120=CARTESIAN_POINT('Ctrl Pts',(26.2480703968805,-6.1927981828138,0.512610037347276));
#9121=CARTESIAN_POINT('Ctrl Pts',(26.4170028040703,-6.19279747581949,0.427052767428964));
#9122=CARTESIAN_POINT('Ctrl Pts',(26.5877341642885,-6.19279612353371,0.345830604862448));
#9123=CARTESIAN_POINT('Ctrl Pts',(26.7603335100003,-6.19279524716575,0.268878851314664));
#9124=CARTESIAN_POINT('Ctrl Pts',(26.9328933262706,-6.1927943709985,0.191944721587105));
#9125=CARTESIAN_POINT('Ctrl Pts',(27.1073207160647,-6.19279397053178,0.119278850315848));
#9126=CARTESIAN_POINT('Ctrl Pts',(27.2837062940555,-6.19279520246954,0.0508638553675408));
#9127=CARTESIAN_POINT('Ctrl Pts',(27.3583617851475,-6.19279572388925,0.0219070942530822));
#9128=CARTESIAN_POINT('Ctrl Pts',(27.4333682962713,-6.1927965381855,-0.0062875601456418));
#9129=CARTESIAN_POINT('Ctrl Pts',(27.5087335669974,-6.1927977350166,-0.0337187469838594));
#9130=CARTESIAN_POINT('Origin',(31.6008039567515,-7.40686710297562,10.7911690771167));
#9131=CARTESIAN_POINT('Origin',(31.436441828617,-6.04101313647315,10.7550955529971));
#9132=CARTESIAN_POINT('',(22.9707419189399,-6.1930209855367,18.5122688141115));
#9133=CARTESIAN_POINT('',(20.6352565313711,-6.24535421530224,14.6828679134512));
#9134=CARTESIAN_POINT('Origin',(31.4363238179141,-6.20109397122254,10.7551283658153));
#9135=CARTESIAN_POINT('',(22.9664438089112,-6.22782791557232,18.5162198307347));
#9136=CARTESIAN_POINT('',(20.1485806462906,-6.10247717427927,8.74021020906738));
#9137=CARTESIAN_POINT('',(20.1285810470581,-6.19279689900761,8.76157928462214));
#9138=CARTESIAN_POINT('Origin',(31.602047086451,-7.39548393535858,10.7914392023356));
#9139=CARTESIAN_POINT('Origin',(31.4358021064103,-6.23358347705689,10.7548201936783));
#9140=CARTESIAN_POINT('',(29.9369879880518,-6.19279652264412,22.1385606869978));
#9141=CARTESIAN_POINT('Ctrl Pts',(29.9369878768921,-6.19279652621681,22.1385606742515));
#9142=CARTESIAN_POINT('Ctrl Pts',(29.6058612502575,-6.19279693663112,22.0949711168617));
#9143=CARTESIAN_POINT('Ctrl Pts',(29.1120303975769,-6.19279460434537,22.0078840561913));
#9144=CARTESIAN_POINT('Ctrl Pts',(28.4630524863634,-6.19279692763245,21.8490847775897));
#9145=CARTESIAN_POINT('Ctrl Pts',(27.9819804268436,-6.19279564874522,21.7088616286708));
#9146=CARTESIAN_POINT('Ctrl Pts',(27.5074807730246,-6.19279738058987,21.5477925871175));
#9147=CARTESIAN_POINT('Ctrl Pts',(27.0404571752184,-6.19279555292999,21.3661782496817));
#9148=CARTESIAN_POINT('Ctrl Pts',(26.5818018365869,-6.1927965599235,21.164363053482));
#9149=CARTESIAN_POINT('Ctrl Pts',(26.1323843163224,-6.19279710906365,20.9427380149417));
#9150=CARTESIAN_POINT('Ctrl Pts',(25.6930644682238,-6.19279510102214,20.7017143686708));
#9151=CARTESIAN_POINT('Ctrl Pts',(25.2646742346945,-6.19279552220717,20.4417587204648));
#9152=CARTESIAN_POINT('Ctrl Pts',(24.8480277189424,-6.19279552614737,20.1633712195251));
#9153=CARTESIAN_POINT('Ctrl Pts',(24.4439268658862,-6.19279558423517,19.8670674829709));
#9154=CARTESIAN_POINT('Ctrl Pts',(24.0531311072213,-6.19279710531416,19.5534235297959));
#9155=CARTESIAN_POINT('Ctrl Pts',(23.5508685060887,-6.1927964966423,19.1129498449012));
#9156=CARTESIAN_POINT('Ctrl Pts',(23.1963364030999,-6.19279682400745,18.758436391316));
#9157=CARTESIAN_POINT('Ctrl Pts',(22.9707520382758,-6.19279666572634,18.5122596678208));
#9158=CARTESIAN_POINT('',(32.9342527389526,-6.19279652621681,22.1385606742515));
#9159=CARTESIAN_POINT('Ctrl Pts',(32.9342527389526,-6.19279652621681,22.1385606742515));
#9160=CARTESIAN_POINT('Ctrl Pts',(32.436820512635,-6.19279722121421,22.1976863673421));
#9161=CARTESIAN_POINT('Ctrl Pts',(31.4356204197292,-6.19279520567285,22.2758825842345));
#9162=CARTESIAN_POINT('Ctrl Pts',(30.4344203268234,-6.19279722121375,22.1976863848069));
#9163=CARTESIAN_POINT('Ctrl Pts',(29.9369882101899,-6.19279652621728,22.1385607138679));
#9164=CARTESIAN_POINT('',(32.8959007263184,-4.44629068991214,21.8472487063725));
#9165=CARTESIAN_POINT('Origin',(31.4352793624269,-6.19726992609485,10.7548751371493));
#9166=CARTESIAN_POINT('',(33.895692610097,-6.11238452348838,21.9558042256388));
#9167=CARTESIAN_POINT('',(33.9206619262695,-6.19279563791867,21.96462716249));
#9168=CARTESIAN_POINT('',(40.8464568260521,-6.23174351524142,17.3465674996852));
#9169=CARTESIAN_POINT('Origin',(31.4224274701803,-6.64870757873872,10.651230276887));
#9170=CARTESIAN_POINT('',(41.841365814209,-6.19279642189377,15.6075936511977));
#9171=CARTESIAN_POINT('Ctrl Pts',(41.841365814209,-6.19279642189377,15.6075936511977));
#9172=CARTESIAN_POINT('Ctrl Pts',(41.6964673035464,-6.19279687877108,15.9084774545131));
#9173=CARTESIAN_POINT('Ctrl Pts',(41.3950855443293,-6.19279631061583,16.5054151751342));
#9174=CARTESIAN_POINT('Ctrl Pts',(41.0288155013513,-6.19279727561577,17.0648898259088));
#9175=CARTESIAN_POINT('Ctrl Pts',(40.8406896591186,-6.19279642465573,17.3408161004343));
#9176=CARTESIAN_POINT('',(41.5750665664673,-4.44629103086949,15.4834175815062));
#9177=CARTESIAN_POINT('Origin',(31.4347745633882,-6.00763081700167,10.7553941525915));
#9178=CARTESIAN_POINT('',(42.2246713638306,-6.19279726429619,14.6822107055994));
#9179=CARTESIAN_POINT('',(42.2246713638306,-6.19279726429619,14.6822107055994));
#9180=CARTESIAN_POINT('',(41.841365814209,-6.19279547053864,5.90303785604866));
#9181=CARTESIAN_POINT('Ctrl Pts',(41.841365814209,-6.19279547053864,5.90303785604866));
#9182=CARTESIAN_POINT('Ctrl Pts',(42.1503193081587,-6.19279526986036,6.58798379616404));
#9183=CARTESIAN_POINT('Ctrl Pts',(42.6642546679846,-6.19279512523445,8.00704914211162));
#9184=CARTESIAN_POINT('Ctrl Pts',(42.9779162640673,-6.19279603259496,10.2513696412381));
#9185=CARTESIAN_POINT('Ctrl Pts',(42.8610533025826,-6.19279695232776,12.5144861586977));
#9186=CARTESIAN_POINT('Ctrl Pts',(42.4727584460139,-6.19279599110069,13.9729462965413));
#9187=CARTESIAN_POINT('Ctrl Pts',(42.2246713638306,-6.19279726429619,14.6822107055994));
#9188=CARTESIAN_POINT('',(41.1188733106392,-6.19290149549086,4.5861419205778));
#9189=CARTESIAN_POINT('Origin',(31.4349136832925,-6.20044629930258,10.7553802118566));
#9190=CARTESIAN_POINT('',(41.1100965770054,-6.13107260404585,4.59175188103504));
#9191=CARTESIAN_POINT('Origin',(31.4353429977739,-6.13640592619707,10.7558009367131));
#9192=CARTESIAN_POINT('',(31.9364340884748,-6.19333398125594,-0.715183501273337));
#9193=CARTESIAN_POINT('Ctrl Pts',(31.9364381318733,-6.19279504543255,-0.715236789516293));
#9194=CARTESIAN_POINT('Ctrl Pts',(32.2109900787029,-6.19279343829978,-0.703247449466775));
#9195=CARTESIAN_POINT('Ctrl Pts',(32.4851194429755,-6.19279273523831,-0.681396393701234));
#9196=CARTESIAN_POINT('Ctrl Pts',(32.7581155355179,-6.19279258880525,-0.649738941086057));
#9197=CARTESIAN_POINT('Ctrl Pts',(33.0310925079249,-6.19279244238243,-0.618083705699619));
#9198=CARTESIAN_POINT('Ctrl Pts',(33.3029361103716,-6.19279285253213,-0.57662347636631));
#9199=CARTESIAN_POINT('Ctrl Pts',(33.5729416779868,-6.19279346283863,-0.525465345898507));
#9200=CARTESIAN_POINT('Ctrl Pts',(33.8429517372317,-6.19279407315528,-0.474306364398704));
#9201=CARTESIAN_POINT('Ctrl Pts',(34.1111234463386,-6.19279488365414,-0.413449207114865));
#9202=CARTESIAN_POINT('Ctrl Pts',(34.3767618155952,-6.19279552854875,-0.343052182352905));
#9203=CARTESIAN_POINT('Ctrl Pts',(34.4676690991732,-6.19279574924584,-0.318960774507763));
#9204=CARTESIAN_POINT('Ctrl Pts',(34.558279789455,-6.19279595046622,-0.29375253456705));
#9205=CARTESIAN_POINT('Ctrl Pts',(34.6485663745367,-6.19279611729206,-0.267435167095504));
#9206=CARTESIAN_POINT('Ctrl Pts',(34.9147979028916,-6.19279660921783,-0.189832132736742));
#9207=CARTESIAN_POINT('Ctrl Pts',(35.1782101076585,-6.19279680279882,-0.102581537975924));
#9208=CARTESIAN_POINT('Ctrl Pts',(35.4381144161993,-6.19279683527369,-0.00591279077066863));
#9209=CARTESIAN_POINT('Ctrl Pts',(35.6980139553865,-6.19279686774795,0.0907541825222879));
#9210=CARTESIAN_POINT('Ctrl Pts',(35.9544054956124,-6.19279673913193,0.196838875014033));
#9211=CARTESIAN_POINT('Ctrl Pts',(36.2066188163434,-6.19279657679672,0.312063090574654));
#9212=CARTESIAN_POINT('Ctrl Pts',(36.4588406915266,-6.19279641445601,0.427291214255716));
#9213=CARTESIAN_POINT('Ctrl Pts',(36.7068838388592,-6.19279621840052,0.551659377765311));
#9214=CARTESIAN_POINT('Ctrl Pts',(36.9500997095792,-6.19279610602866,0.684841983135935));
#9215=CARTESIAN_POINT('Ctrl Pts',(37.0259929531223,-6.19279607096407,0.726400372706433));
#9216=CARTESIAN_POINT('Ctrl Pts',(37.1014163403103,-6.19279604397421,0.76881667837708));
#9217=CARTESIAN_POINT('Ctrl Pts',(37.1763506521883,-6.19279602842566,0.812080089039715));
#9218=CARTESIAN_POINT('Ctrl Pts',(37.4165006013187,-6.1927959785956,0.950730936821448));
#9219=CARTESIAN_POINT('Ctrl Pts',(37.65162529385,-6.19279604703571,1.09808554748282));
#9220=CARTESIAN_POINT('Ctrl Pts',(37.8811096427266,-6.19279614793523,1.25375871889901));
#9221=CARTESIAN_POINT('Ctrl Pts',(38.1105804208667,-6.19279624882878,1.40942268446051));
#9222=CARTESIAN_POINT('Ctrl Pts',(38.3344113176033,-6.19279638217668,1.5734040880704));
#9223=CARTESIAN_POINT('Ctrl Pts',(38.5520165570682,-6.19279645210228,1.74527462656739));
#9224=CARTESIAN_POINT('Ctrl Pts',(38.7696164190278,-6.19279652202616,1.91714091776437));
#9225=CARTESIAN_POINT('Ctrl Pts',(38.9809907366845,-6.19279652852635,2.09689580123865));
#9226=CARTESIAN_POINT('Ctrl Pts',(39.185585976751,-6.1927963656952,2.28407002417136));
#9227=CARTESIAN_POINT('Ctrl Pts',(39.2494322454612,-6.19279631488188,2.34247986659527));
#9228=CARTESIAN_POINT('Ctrl Pts',(39.3126185994432,-6.19279624750547,2.4016119303553));
#9229=CARTESIAN_POINT('Ctrl Pts',(39.37512890449,-6.19279616014871,2.46145117553348));
#9230=CARTESIAN_POINT('Ctrl Pts',(39.5736457977858,-6.19279588272578,2.65148545933759));
#9231=CARTESIAN_POINT('Ctrl Pts',(39.7653416877599,-6.19279540453533,2.84865468292491));
#9232=CARTESIAN_POINT('Ctrl Pts',(39.9497189972419,-6.19279494392199,3.05244839295121));
#9233=CARTESIAN_POINT('Ctrl Pts',(40.134086414466,-6.19279448333337,3.25623116898595));
#9234=CARTESIAN_POINT('Ctrl Pts',(40.3111358629769,-6.19279404030689,3.4666375288304));
#9235=CARTESIAN_POINT('Ctrl Pts',(40.4804084545492,-6.19279382341588,3.68312208916052));
#9236=CARTESIAN_POINT('Ctrl Pts',(40.6496878741322,-6.19279360651612,3.89961538190789));
#9237=CARTESIAN_POINT('Ctrl Pts',(40.8111896502759,-6.19279361575351,4.12218716156287));
#9238=CARTESIAN_POINT('Ctrl Pts',(40.964495948682,-6.19279405021179,4.3502599314026));
#9239=CARTESIAN_POINT('Ctrl Pts',(41.016920102238,-6.19279419877782,4.42825099916905));
#9240=CARTESIAN_POINT('Ctrl Pts',(41.0683862857227,-6.19279439698615,4.50688506104092));
#9241=CARTESIAN_POINT('Ctrl Pts',(41.1188789438394,-6.19279465254798,4.5861382323517));
#9242=CARTESIAN_POINT('',(31.923620223999,-4.44629043121364,-0.421678138007414));
#9243=CARTESIAN_POINT('Origin',(31.4327813221956,-8.03845185910474,10.7368758139592));
#9244=CARTESIAN_POINT('',(31.4358748660605,-6.19373060903335,-0.726231198229497));
#9245=CARTESIAN_POINT('Origin',(31.4378125401888,-6.4250179165861,10.7695892524423));
#9246=CARTESIAN_POINT('Origin',(31.4378084327582,-6.42633510616872,10.7695625455539));
#9247=CARTESIAN_POINT('Origin',(31.5968501552194,-7.4430715196034,10.7903099378775));
#9248=CARTESIAN_POINT('',(20.6465668678284,-6.19279726429618,14.6822107055994));
#9249=CARTESIAN_POINT('',(22.8027219772339,-7.94914787109407,2.84472322513898));
#9250=CARTESIAN_POINT('Origin',(31.4357870178824,-7.52090289715213,10.7551070632352));
#9251=CARTESIAN_POINT('',(29.9369878768921,-6.19279652621681,22.1385606742515));
#9252=CARTESIAN_POINT('Origin',(31.4277494034955,-7.51842691936063,10.6917410566416));
#9253=CARTESIAN_POINT('',(40.8406896591186,-6.19279642465573,17.3408161004343));
#9254=CARTESIAN_POINT('Origin',(31.4509946467798,-7.37425118263507,10.7301812929315));
#9255=CARTESIAN_POINT('',(41.841365814209,-6.19279547053864,5.90303785604866));
#9256=CARTESIAN_POINT('Origin',(31.435720584064,-9.44310897352881,10.7551606061954));
#9257=CARTESIAN_POINT('',(31.4354830789151,-7.54138330456433,-0.900963147789058));
#9258=CARTESIAN_POINT('Origin',(31.43591135729,-7.54882341529302,10.755974985977));
#9259=CARTESIAN_POINT('Origin',(31.4349990375346,-11.6062496608426,10.755058481152));
#9260=CARTESIAN_POINT('',(19.4955154785371,-10.8134406410853,10.7555714010532));
#9261=CARTESIAN_POINT('Ctrl Pts',(19.6287190767171,-9.0576220687744,10.2497144570496));
#9262=CARTESIAN_POINT('Ctrl Pts',(19.5821332384999,-9.63530816959405,10.4164632560104));
#9263=CARTESIAN_POINT('Ctrl Pts',(19.5390775361719,-10.2129944803246,10.5850486205831));
#9264=CARTESIAN_POINT('Ctrl Pts',(19.4996633454662,-10.7906810285077,10.7553179720777));
#9265=CARTESIAN_POINT('',(22.9608665241751,-10.7908023840473,2.35036924259503));
#9266=CARTESIAN_POINT('Ctrl Pts',(22.9956331777748,-10.7906817108533,2.31532703933301));
#9267=CARTESIAN_POINT('Ctrl Pts',(23.1467912313074,-10.2016994177026,2.22099962095825));
#9268=CARTESIAN_POINT('Ctrl Pts',(23.2993946889378,-9.61271896425282,2.13057430821955));
#9269=CARTESIAN_POINT('Ctrl Pts',(23.453246573315,-9.02374024302426,2.04408247805386));
#9270=CARTESIAN_POINT('',(19.5995356916926,-10.798193011741,9.19864348453208));
#9271=CARTESIAN_POINT('Origin',(31.4354727772297,-10.7980396810576,10.7552640417882));
#9272=CARTESIAN_POINT('Origin',(31.4386474345098,-10.8065657372613,10.7388376163372));
#9273=CARTESIAN_POINT('Origin',(31.435743745201,-9.6420290665804,10.7552066238622));
#9274=CARTESIAN_POINT('',(30.3956467025142,-10.7372092376806,22.6422369084468));
#9275=CARTESIAN_POINT('Origin',(31.4385194553731,-10.8691854572358,10.7395191784234));
#9276=CARTESIAN_POINT('',(30.4058427810669,-9.02374158024074,22.5257382497261));
#9277=CARTESIAN_POINT('Origin',(31.4355202814157,-9.64496168669384,10.755201656074));
#9278=CARTESIAN_POINT('',(31.4293657172934,-10.7692369878358,22.6896935544938));
#9279=CARTESIAN_POINT('',(31.4356203079224,-10.7906803537351,22.6912934964059));
#9280=CARTESIAN_POINT('',(39.2153395785785,-10.8447976413365,19.8063312773669));
#9281=CARTESIAN_POINT('Origin',(31.4384608797627,-10.8978462875477,10.7398311270446));
#9282=CARTESIAN_POINT('',(43.3245655624644,-10.766941610707,11.7954673179354));
#9283=CARTESIAN_POINT('Origin',(31.4206356365789,-10.8872222687959,10.7561849251653));
#9284=CARTESIAN_POINT('',(43.2060451507568,-9.02374186950235,11.7850966271878));
#9285=CARTESIAN_POINT('Origin',(31.4355434665785,-9.61671466621372,10.7553860153406));
#9286=CARTESIAN_POINT('',(43.368013978132,-10.7426412991851,10.769329692071));
#9287=CARTESIAN_POINT('',(43.3715982437134,-10.7906795975899,10.7553179719306));
#9288=CARTESIAN_POINT('',(32.4755806205119,-10.8128542906922,-1.13943251683729));
#9289=CARTESIAN_POINT('Origin',(31.4203583353081,-10.8598270772027,10.756199632948));
#9290=CARTESIAN_POINT('',(32.4803528122595,-11.5979354021297,-1.19010492287397));
#9291=CARTESIAN_POINT('Origin',(31.4354548123381,-11.6035057818261,10.7548670470875));
#9292=CARTESIAN_POINT('',(30.91492607215,-10.7980613306422,-1.17117682525656));
#9293=CARTESIAN_POINT('Origin',(31.4197502217553,-10.7997502256258,10.756231886684));
#9294=CARTESIAN_POINT('Origin',(31.4355903568446,-10.7964585483541,10.755255259778));
#9295=CARTESIAN_POINT('Origin',(31.4343327138109,-12.9177426752093,10.7618159713797));
#9296=CARTESIAN_POINT('Ctrl Pts',(39.1282714232448,-10.8788276022188,19.8827017374222));
#9297=CARTESIAN_POINT('Ctrl Pts',(39.2515159850633,-11.3802264001365,19.7997913448103));
#9298=CARTESIAN_POINT('Ctrl Pts',(39.3734508429261,-11.8816372293419,19.7145975939343));
#9299=CARTESIAN_POINT('Ctrl Pts',(39.4939888062787,-12.3830609951634,19.6271628833112));
#9300=CARTESIAN_POINT('Ctrl Pts',(19.4914654867641,-12.5609110697518,9.71033935800851));
#9301=CARTESIAN_POINT('Ctrl Pts',(19.5244501904535,-11.9721963410238,9.53857921221034));
#9302=CARTESIAN_POINT('Ctrl Pts',(19.561141149971,-11.3834818076096,9.36792429955072));
#9303=CARTESIAN_POINT('Ctrl Pts',(19.6014699651927,-10.7947674732487,9.19853265247777));
#9304=CARTESIAN_POINT('Origin',(31.4413692269369,-12.9355384506903,10.7550852362227));
#9305=CARTESIAN_POINT('',(30.9149808883667,-10.7906798866112,-1.16929752118668));
#9306=CARTESIAN_POINT('Origin',(31.4355779709959,-12.9273043585917,10.7552757192013));
#9307=CARTESIAN_POINT('Origin',(31.4354845166553,-13.3708922216479,10.7553576573661));
#9308=CARTESIAN_POINT('',(20.4082166608517,-15.4110500688031,6.18761713401733));
#9309=CARTESIAN_POINT('Ctrl Pts',(20.4082152667151,-15.4109740016568,6.18761655918852));
#9310=CARTESIAN_POINT('Ctrl Pts',(20.4580787339865,-14.8208962309605,6.02036529423108));
#9311=CARTESIAN_POINT('Ctrl Pts',(20.5117414455094,-14.230818459018,5.85384037556958));
#9312=CARTESIAN_POINT('Ctrl Pts',(20.5691835782729,-13.640740685727,5.68821402578549));
#9313=CARTESIAN_POINT('',(21.9662090496457,-15.4108309676832,18.0215121031516));
#9314=CARTESIAN_POINT('Origin',(31.4355924640995,-15.4098032042452,10.7553133432731));
#9315=CARTESIAN_POINT('',(25.4676255439145,-15.4110252989651,21.0921701247198));
#9316=CARTESIAN_POINT('Origin',(31.435618365854,-15.4102813655655,10.7553320757344));
#9317=CARTESIAN_POINT('',(25.4387733709623,-13.5115812575103,21.1421748801278));
#9318=CARTESIAN_POINT('Origin',(31.4356263746456,-13.511545760717,10.755323111096));
#9319=CARTESIAN_POINT('',(39.4994710569116,-15.4108608613476,19.5554164070242));
#9320=CARTESIAN_POINT('Origin',(31.4356183655782,-15.4102358602746,10.7553320790706));
#9321=CARTESIAN_POINT('',(42.819161486878,-15.4110128551177,7.16609939480388));
#9322=CARTESIAN_POINT('Origin',(31.4356176689134,-15.4104660738664,10.7553166079511));
#9323=CARTESIAN_POINT('',(42.8299134913369,-15.0401515471494,7.16270904719072));
#9324=CARTESIAN_POINT('Origin',(31.4356202724373,-15.0401517162113,10.7553162306931));
#9325=CARTESIAN_POINT('',(40.2599974681602,-15.5285927441954,2.73988233005373));
#9326=CARTESIAN_POINT('Origin',(31.4356176681238,-15.4104820427428,10.7553166079061));
#9327=CARTESIAN_POINT('',(23.7633764841504,-15.4108069748104,1.61178840461888));
#9328=CARTESIAN_POINT('Origin',(31.4356208048049,-15.4098909861711,10.7553260583672));
#9329=CARTESIAN_POINT('Origin',(31.4355924674568,-15.4098328916949,10.7553133436325));
#9330=CARTESIAN_POINT('Origin',(31.4355292139336,-14.8505076081759,10.7553065730239));
#9331=CARTESIAN_POINT('',(23.8041365410705,-16.3414422777301,1.66047298284682));
#9332=CARTESIAN_POINT('',(21.9364278792237,-14.8603856222018,18.0444019462786));
#9333=CARTESIAN_POINT('Origin',(31.435615029117,-14.8597936544256,10.7553724342892));
#9334=CARTESIAN_POINT('',(39.4562901964329,-16.3470305725015,19.508340924695));
#9335=CARTESIAN_POINT('Origin',(31.4355713798221,-16.3466093418146,10.7553139733783));
#9336=CARTESIAN_POINT('Ctrl Pts',(40.5221108551414,-15.6463412167676,3.04040698611056));
#9337=CARTESIAN_POINT('Ctrl Pts',(40.3982985133257,-16.1568604160973,2.94839915496418));
#9338=CARTESIAN_POINT('Ctrl Pts',(40.2731707085692,-16.6673793020206,2.85923529774813));
#9339=CARTESIAN_POINT('Ctrl Pts',(40.1468542862614,-17.1778978722714,2.77294631051763));
#9340=CARTESIAN_POINT('Origin',(31.4356132954711,-16.3405355349486,10.7554251421796));
#9341=CARTESIAN_POINT('Origin',(31.4353226579316,-17.0393568745353,10.7549473209391));
#9342=CARTESIAN_POINT('',(29.4417640446848,-20.0085917200426,-0.551755440736421));
#9343=CARTESIAN_POINT('',(29.4066523888956,-18.4355280065699,-0.752598431719711));
#9344=CARTESIAN_POINT('',(26.3701974351291,-20.0085798254488,0.454386428951324));
#9345=CARTESIAN_POINT('Ctrl Pts',(26.5833568375606,-20.0088496030662,0.349610999244427));
#9346=CARTESIAN_POINT('Ctrl Pts',(26.8339614233761,-20.008853982613,0.232745444139209));
#9347=CARTESIAN_POINT('Ctrl Pts',(27.088789880547,-20.0088549796621,0.12493681743536));
#9348=CARTESIAN_POINT('Ctrl Pts',(27.3471777921117,-20.0088552449053,0.0264667883919717));
#9349=CARTESIAN_POINT('Ctrl Pts',(27.5569205221925,-20.0088554602128,-0.0534648639737608));
#9350=CARTESIAN_POINT('Ctrl Pts',(27.769008162074,-20.0088551938559,-0.127244038421774));
#9351=CARTESIAN_POINT('Ctrl Pts',(27.9830761816076,-20.008855878173,-0.194743622846301));
#9352=CARTESIAN_POINT('Ctrl Pts',(28.2467575642028,-20.0088567210906,-0.277887213301548));
#9353=CARTESIAN_POINT('Ctrl Pts',(28.5134439104869,-20.0088590054936,-0.35150165873984));
#9354=CARTESIAN_POINT('Ctrl Pts',(28.7824395821673,-20.0088601016597,-0.415395326977562));
#9355=CARTESIAN_POINT('Ctrl Pts',(29.0007826990335,-20.0088609914151,-0.467257658381968));
#9356=CARTESIAN_POINT('Ctrl Pts',(29.2206469743341,-20.0088610988678,-0.512716349416876));
#9357=CARTESIAN_POINT('Ctrl Pts',(29.4416545063468,-20.0088590329305,-0.551693479136957));
#9358=CARTESIAN_POINT('',(22.6338967528712,-20.008857271406,3.38300905286417));
#9359=CARTESIAN_POINT('Origin',(31.4408483310809,-19.9045747994221,10.7615632850648));
#9360=CARTESIAN_POINT('',(20.828125,-20.0088573988831,6.36154884443046));
#9361=CARTESIAN_POINT('Ctrl Pts',(20.828125,-20.0088573988831,6.36154884443046));
#9362=CARTESIAN_POINT('Ctrl Pts',(21.0585588322505,-20.0088562931172,5.82447296629023));
#9363=CARTESIAN_POINT('Ctrl Pts',(21.5739522411654,-20.0088574119162,4.77505384007788));
#9364=CARTESIAN_POINT('Ctrl Pts',(22.2663084381768,-20.0088557973311,3.83302011245534));
#9365=CARTESIAN_POINT('Ctrl Pts',(22.6338967528712,-20.008857271406,3.38300905286417));
#9366=CARTESIAN_POINT('',(20.6177659034729,-18.2525060261913,6.27441417130145));
#9367=CARTESIAN_POINT('Origin',(31.4351201669856,-17.0123951329219,10.7554121137851));
#9368=CARTESIAN_POINT('',(20.3453251152688,-20.0088627848404,7.7836805615513));
#9369=CARTESIAN_POINT('Ctrl Pts',(20.3453251152688,-20.0088627848404,7.7836805615513));
#9370=CARTESIAN_POINT('Ctrl Pts',(20.3154568237935,-19.4271720719862,7.60389021244236));
#9371=CARTESIAN_POINT('Ctrl Pts',(20.2899143156274,-18.8454777131218,7.42188881145617));
#9372=CARTESIAN_POINT('Ctrl Pts',(20.2688567580043,-18.2637796208198,7.23788736304176));
#9373=CARTESIAN_POINT('',(20.3533906762712,-20.0489143899553,13.7367062842455));
#9374=CARTESIAN_POINT('Ctrl Pts',(20.3453702926636,-20.0088580782101,13.7269402034329));
#9375=CARTESIAN_POINT('Ctrl Pts',(20.2218254935187,-20.008855937095,13.241480097707));
#9376=CARTESIAN_POINT('Ctrl Pts',(20.0167624604263,-20.0088582163495,12.2589022523533));
#9377=CARTESIAN_POINT('Ctrl Pts',(19.9228462561344,-20.0088563451917,10.7553163880234));
#9378=CARTESIAN_POINT('Ctrl Pts',(20.016762297445,-20.0088581876661,9.25173055984142));
#9379=CARTESIAN_POINT('Ctrl Pts',(20.2218245439652,-20.0088582832427,8.2691525295741));
#9380=CARTESIAN_POINT('Ctrl Pts',(20.3453702926636,-20.0088567239828,7.78369266549893));
#9381=CARTESIAN_POINT('',(22.6403040885925,-20.0088584692939,18.135463783589));
#9382=CARTESIAN_POINT('Ctrl Pts',(22.6403040885925,-20.0088584692939,18.135463783589));
#9383=CARTESIAN_POINT('Ctrl Pts',(22.3760265821612,-20.0088588783818,17.8123265555953));
#9384=CARTESIAN_POINT('Ctrl Pts',(21.8682165278566,-20.0088556842296,17.148251254728));
#9385=CARTESIAN_POINT('Ctrl Pts',(21.2322965874764,-20.0088576174563,16.0668310495074));
#9386=CARTESIAN_POINT('Ctrl Pts',(20.71473059688,-20.0088579761615,14.9333815669045));
#9387=CARTESIAN_POINT('Ctrl Pts',(20.4636398435517,-20.0088572197002,14.1449820628113));
#9388=CARTESIAN_POINT('Ctrl Pts',(20.3522935413827,-20.0088580263895,13.7514708654094));
#9389=CARTESIAN_POINT('',(22.4658842086792,-18.2525047101718,18.2818164831917));
#9390=CARTESIAN_POINT('Origin',(31.4355172481768,-16.9703953358684,10.7556652842561));
#9391=CARTESIAN_POINT('',(23.2943096085572,-19.9313797515692,18.8647640133909));
#9392=CARTESIAN_POINT('',(23.3169956207275,-20.0088572018412,18.8739407909013));
#9393=CARTESIAN_POINT('',(28.0491425329084,-20.1083423494775,21.7158452967234));
#9394=CARTESIAN_POINT('Origin',(31.2891265765851,-21.1852577222281,10.8911151102889));
#9395=CARTESIAN_POINT('',(34.4105460983557,-19.9104857473854,21.8578820392156));
#9396=CARTESIAN_POINT('Origin',(31.4909879752904,-21.2538574386556,10.9794697135727));
#9397=CARTESIAN_POINT('',(34.4661731719971,-18.2525058807351,22.0654966797223));
#9398=CARTESIAN_POINT('Origin',(31.4358557221846,-16.9930849571525,10.7555230091325));
#9399=CARTESIAN_POINT('',(35.362512588501,-20.0088565771015,21.5443697688429));
#9400=CARTESIAN_POINT('',(35.362512588501,-20.0088565771015,21.5443697688429));
#9401=CARTESIAN_POINT('',(38.4257205134965,-20.0088563204626,19.8636857307321));
#9402=CARTESIAN_POINT('Ctrl Pts',(38.4250946044922,-20.0088563185204,19.8641786811915));
#9403=CARTESIAN_POINT('Ctrl Pts',(37.956994276871,-20.0088605844399,20.2140818481479));
#9404=CARTESIAN_POINT('Ctrl Pts',(36.9831282365767,-20.0088533178354,20.8670919461939));
#9405=CARTESIAN_POINT('Ctrl Pts',(35.909128457087,-20.0088593625339,21.3375818698121));
#9406=CARTESIAN_POINT('Ctrl Pts',(35.362512588501,-20.0088565771015,21.5443697688429));
#9407=CARTESIAN_POINT('',(42.7426595687866,-20.0088571489997,12.7490519390435));
#9408=CARTESIAN_POINT('Ctrl Pts',(42.7426595687866,-20.0088571489997,12.7490519390435));
#9409=CARTESIAN_POINT('Ctrl Pts',(42.6106354274109,-20.0088552357021,13.4463193853062));
#9410=CARTESIAN_POINT('Ctrl Pts',(42.2472252120662,-20.0088599717542,14.8239293989099));
#9411=CARTESIAN_POINT('Ctrl Pts',(41.3058975050568,-20.0088564380416,16.7447481749374));
#9412=CARTESIAN_POINT('Ctrl Pts',(40.0369266877427,-20.0088574190733,18.4664373161964));
#9413=CARTESIAN_POINT('Ctrl Pts',(38.9830122287564,-20.0088580490115,19.4247525549682));
#9414=CARTESIAN_POINT('Ctrl Pts',(38.4257205134965,-20.0088563204626,19.8636857307321));
#9415=CARTESIAN_POINT('',(42.9668922424316,-18.2525053835304,12.7885915032199));
#9416=CARTESIAN_POINT('Origin',(31.4354117331986,-18.4768827624042,10.7554209311012));
#9417=CARTESIAN_POINT('',(38.0213122649,-20.0082573052975,1.35026958010325));
#9418=CARTESIAN_POINT('Ctrl Pts',(38.5411700065515,-18.3252292984752,1.46046290389964));
#9419=CARTESIAN_POINT('Ctrl Pts',(38.3675432973943,-18.8860357300396,1.41921298062877));
#9420=CARTESIAN_POINT('Ctrl Pts',(38.1942486638752,-19.4468392815349,1.38251253960299));
#9421=CARTESIAN_POINT('Ctrl Pts',(38.0215123399319,-20.0076400319318,1.35029188372289));
#9422=CARTESIAN_POINT('',(42.9061811176888,-20.0088600227864,11.2561302852349));
#9423=CARTESIAN_POINT('Ctrl Pts',(42.9061811176888,-20.0088600227864,11.2561302852349));
#9424=CARTESIAN_POINT('Ctrl Pts',(42.974343872564,-19.426556825071,11.4253639330792));
#9425=CARTESIAN_POINT('Ctrl Pts',(43.0387593424036,-18.8442523179643,11.5977089371644));
#9426=CARTESIAN_POINT('Ctrl Pts',(43.09922533045,-18.2619464704294,11.772993537049));
#9427=CARTESIAN_POINT('',(42.9061650559154,-20.0088469501069,10.2545263385047));
#9428=CARTESIAN_POINT('Ctrl Pts',(42.9061648990503,-20.0088572257243,10.2545638310606));
#9429=CARTESIAN_POINT('Ctrl Pts',(42.9280191586722,-20.0088565272263,10.7553466491211));
#9430=CARTESIAN_POINT('Ctrl Pts',(42.9061622619629,-20.0088575763844,11.2561294621748));
#9431=CARTESIAN_POINT('Ctrl Pts',(38.0214033045127,-20.0088561465362,1.35044760018582));
#9432=CARTESIAN_POINT('Ctrl Pts',(38.2948890172288,-20.0088556811499,1.54195076392721));
#9433=CARTESIAN_POINT('Ctrl Pts',(38.6926144375597,-20.008859864755,1.84715676718787));
#9434=CARTESIAN_POINT('Ctrl Pts',(39.1948487482029,-20.0088558549834,2.2876049109158));
#9435=CARTESIAN_POINT('Ctrl Pts',(39.5568243740116,-20.0088573858592,2.63411217621524));
#9436=CARTESIAN_POINT('Ctrl Pts',(39.9033321763385,-20.0088570389637,2.99608723381617));
#9437=CARTESIAN_POINT('Ctrl Pts',(40.2337271573562,-20.0088577132178,3.37282940880286));
#9438=CARTESIAN_POINT('Ctrl Pts',(40.547372155914,-20.008855892085,3.76362350271658));
#9439=CARTESIAN_POINT('Ctrl Pts',(40.8436754309276,-20.0088586188604,4.16772665649392));
#9440=CARTESIAN_POINT('Ctrl Pts',(41.1220688483496,-20.008855372576,4.58436744192709));
#9441=CARTESIAN_POINT('Ctrl Pts',(41.3820171239045,-20.0088579884441,5.01276035203985));
#9442=CARTESIAN_POINT('Ctrl Pts',(41.6230414797494,-20.0088567982601,5.45207865418916));
#9443=CARTESIAN_POINT('Ctrl Pts',(41.8446676402808,-20.0088563342584,5.9014972566844));
#9444=CARTESIAN_POINT('Ctrl Pts',(42.046482882568,-20.0088578348456,6.36015359511776));
#9445=CARTESIAN_POINT('Ctrl Pts',(42.228093364969,-20.0088567196558,6.8271786458275));
#9446=CARTESIAN_POINT('Ctrl Pts',(42.3891719841221,-20.0088591535404,7.30167524669233));
#9447=CARTESIAN_POINT('Ctrl Pts',(42.529383045938,-20.00885565657,7.7827509173894));
#9448=CARTESIAN_POINT('Ctrl Pts',(42.6484900932842,-20.0088585640859,8.26948070467445));
#9449=CARTESIAN_POINT('Ctrl Pts',(42.7462481258567,-20.0088564233663,8.76094533739764));
#9450=CARTESIAN_POINT('Ctrl Pts',(42.8478846092444,-20.0088591880276,9.42129467840015));
#9451=CARTESIAN_POINT('Ctrl Pts',(42.8915991791928,-20.0088559300991,9.92083739413878));
#9452=CARTESIAN_POINT('Ctrl Pts',(42.9061622619629,-20.0088572258085,10.2545034067571));
#9453=CARTESIAN_POINT('Origin',(31.4354913734918,-18.428421601316,10.7558942478245));
#9454=CARTESIAN_POINT('',(37.1763477555178,-20.0088561882434,0.812084070297558));
#9455=CARTESIAN_POINT('Ctrl Pts',(37.1763534545898,-20.0088581051452,0.812074199775814));
#9456=CARTESIAN_POINT('Ctrl Pts',(37.6104836407164,-20.0088570808382,1.0627206460838));
#9457=CARTESIAN_POINT('Ctrl Pts',(38.0211181640625,-20.0088561470226,1.35024794246455));
#9458=CARTESIAN_POINT('Ctrl Pts',(29.4418830871582,-20.0088580813263,-0.551728059209012));
#9459=CARTESIAN_POINT('Ctrl Pts',(29.7707911777565,-20.0088550546002,-0.609727737640278));
#9460=CARTESIAN_POINT('Ctrl Pts',(30.2679526569084,-20.0088539512604,-0.675163065848456));
#9461=CARTESIAN_POINT('Ctrl Pts',(30.9346456949281,-20.008856866468,-0.718865092341578));
#9462=CARTESIAN_POINT('Ctrl Pts',(31.4356203063121,-20.0088562255996,-0.729794445828013));
#9463=CARTESIAN_POINT('Ctrl Pts',(31.9365949273577,-20.0088568301771,-0.718865163157409));
#9464=CARTESIAN_POINT('Ctrl Pts',(32.4366145299793,-20.0088548252252,-0.686088298841218));
#9465=CARTESIAN_POINT('Ctrl Pts',(32.9347285963125,-20.0088541424578,-0.631540632861193));
#9466=CARTESIAN_POINT('Ctrl Pts',(33.4299891136834,-20.0088595408056,-0.555318339940021));
#9467=CARTESIAN_POINT('Ctrl Pts',(33.921453431485,-20.0088561822392,-0.457555479622048));
#9468=CARTESIAN_POINT('Ctrl Pts',(34.4081865684898,-20.0088572394367,-0.338455625198388));
#9469=CARTESIAN_POINT('Ctrl Pts',(34.8892609613241,-20.0088590211969,-0.198231525070098));
#9470=CARTESIAN_POINT('Ctrl Pts',(35.3637582613769,-20.0088540605993,-0.0371548110246789));
#9471=CARTESIAN_POINT('Ctrl Pts',(35.8307845113574,-20.0088572702801,0.144453607943706));
#9472=CARTESIAN_POINT('Ctrl Pts',(36.4423233046804,-20.0088563575925,0.413544418271906));
#9473=CARTESIAN_POINT('Ctrl Pts',(36.8871205947076,-20.0088542418034,0.64507694442608));
#9474=CARTESIAN_POINT('Ctrl Pts',(37.1763534545898,-20.0088581051452,0.812074199775814));
#9475=CARTESIAN_POINT('Origin',(31.4399295953279,-19.744967355967,10.7604162492878));
#9476=CARTESIAN_POINT('Ctrl Pts',(22.6402516224497,-20.0114676767436,3.37610915279768));
#9477=CARTESIAN_POINT('Ctrl Pts',(22.608182253577,-20.5923291646574,3.56632744916407));
#9478=CARTESIAN_POINT('Ctrl Pts',(22.581410798032,-21.1731656529098,3.75578094779392));
#9479=CARTESIAN_POINT('Ctrl Pts',(22.5598310872459,-21.7539797667091,3.94418939422668));
#9480=CARTESIAN_POINT('Ctrl Pts',(26.2697055766124,-21.7552942819128,0.831636113662222));
#9481=CARTESIAN_POINT('Ctrl Pts',(26.3620089732074,-21.2142164604958,0.680992856685503));
#9482=CARTESIAN_POINT('Ctrl Pts',(26.4588625690856,-20.6731042913598,0.531484456080155));
#9483=CARTESIAN_POINT('Ctrl Pts',(26.5602462527271,-20.1319560983395,0.383360255084724));
#9484=CARTESIAN_POINT('Origin',(31.350200594509,-20.170403191499,10.7275176767523));
#9485=CARTESIAN_POINT('Ctrl Pts',(20.3630220636614,-20.0970136998577,13.7484353477994));
#9486=CARTESIAN_POINT('Ctrl Pts',(20.4965412707004,-20.6493122415985,13.8776882467601));
#9487=CARTESIAN_POINT('Ctrl Pts',(20.630888860417,-21.2021012641417,14.0013775567539));
#9488=CARTESIAN_POINT('Ctrl Pts',(20.7657874719163,-21.7553580674087,14.1195019087607));
#9489=CARTESIAN_POINT('Origin',(31.3905228491298,-19.9519939450791,10.7974889825493));
#9490=CARTESIAN_POINT('Ctrl Pts',(28.0156089000844,-20.1162480132685,21.7042667359268));
#9491=CARTESIAN_POINT('Ctrl Pts',(28.1948333769966,-20.6619542916048,21.6592005711826));
#9492=CARTESIAN_POINT('Ctrl Pts',(28.3699304367881,-21.2081723423578,21.6107298024497));
#9493=CARTESIAN_POINT('Ctrl Pts',(28.5407674371287,-21.7548811234425,21.5590678008608));
#9494=CARTESIAN_POINT('Origin',(31.4533600895597,-19.9190941642113,10.824447558652));
#9495=CARTESIAN_POINT('Ctrl Pts',(38.4268139705885,-20.009540653845,19.8663196375007));
#9496=CARTESIAN_POINT('Ctrl Pts',(38.4977600865488,-20.5913522313497,19.6857021521038));
#9497=CARTESIAN_POINT('Ctrl Pts',(38.5638655569937,-21.1731365231399,19.5046685409753));
#9498=CARTESIAN_POINT('Ctrl Pts',(38.6251647942909,-21.7549005003865,19.3234762485258));
#9499=CARTESIAN_POINT('Origin',(31.4555177091094,-19.8943523608151,10.7519339385382));
#9500=CARTESIAN_POINT('',(42.9061622619629,-20.0088572258085,10.2545034067571));
#9501=CARTESIAN_POINT('Origin',(31.4353652925961,-19.8078999637937,10.7554880317821));
#9502=CARTESIAN_POINT('Ctrl Pts',(37.1763327359789,-20.0088511363718,0.812110083424796));
#9503=CARTESIAN_POINT('Ctrl Pts',(36.9827718858566,-20.5910173911745,0.813410752515097));
#9504=CARTESIAN_POINT('Ctrl Pts',(36.7910778834597,-21.1731803660286,0.820004643312536));
#9505=CARTESIAN_POINT('Ctrl Pts',(36.6015229832069,-21.7553401704637,0.831722676227729));
#9506=CARTESIAN_POINT('Origin',(31.4356210221701,-19.7882534170942,10.7557757474452));
#9507=CARTESIAN_POINT('Origin',(31.4356201092402,-26.2016534201036,10.755316331926));
#9508=CARTESIAN_POINT('Origin',(31.4356201092402,5.55111512312578E-16,10.7553166151047));
#9509=UNCERTAINTY_MEASURE_WITH_UNIT(LENGTH_MEASURE(0.01),#9513,
'DISTANCE_ACCURACY_VALUE',
'Maximum model space distance between geometric entities at asserted c
onnectivities');
#9510=UNCERTAINTY_MEASURE_WITH_UNIT(LENGTH_MEASURE(0.01),#9513,
'DISTANCE_ACCURACY_VALUE',
'Maximum model space distance between geometric entities at asserted c
onnectivities');
#9511=(
GEOMETRIC_REPRESENTATION_CONTEXT(3)
GLOBAL_UNCERTAINTY_ASSIGNED_CONTEXT((#9509))
GLOBAL_UNIT_ASSIGNED_CONTEXT((#9513,#9515,#9516))
REPRESENTATION_CONTEXT('','3D')
);
#9512=(
GEOMETRIC_REPRESENTATION_CONTEXT(3)
GLOBAL_UNCERTAINTY_ASSIGNED_CONTEXT((#9510))
GLOBAL_UNIT_ASSIGNED_CONTEXT((#9513,#9515,#9516))
REPRESENTATION_CONTEXT('','3D')
);
#9513=(
LENGTH_UNIT()
NAMED_UNIT(*)
SI_UNIT(.MILLI.,.METRE.)
);
#9514=(
LENGTH_UNIT()
NAMED_UNIT(*)
SI_UNIT($,.METRE.)
);
#9515=(
NAMED_UNIT(*)
PLANE_ANGLE_UNIT()
SI_UNIT($,.RADIAN.)
);
#9516=(
NAMED_UNIT(*)
SI_UNIT($,.STERADIAN.)
SOLID_ANGLE_UNIT()
);
#9517=SHAPE_DEFINITION_REPRESENTATION(#9518,#9519);
#9518=PRODUCT_DEFINITION_SHAPE('',$,#9521);
#9519=SHAPE_REPRESENTATION('',(#3739),#9511);
#9520=PRODUCT_DEFINITION_CONTEXT('part definition',#9525,'design');
#9521=PRODUCT_DEFINITION('2026-04-29-19-41-31-231','Big Wheel TPU',#9522,
#9520);
#9522=PRODUCT_DEFINITION_FORMATION('',$,#9527);
#9523=PRODUCT_RELATED_PRODUCT_CATEGORY('Big Wheel TPU','Big Wheel TPU',
(#9527));
#9524=APPLICATION_PROTOCOL_DEFINITION('international standard',
'automotive_design',2009,#9525);
#9525=APPLICATION_CONTEXT(
'Core Data for Automotive Mechanical Design Process');
#9526=PRODUCT_CONTEXT('part definition',#9525,'mechanical');
#9527=PRODUCT('2026-04-29-19-41-31-231','Big Wheel TPU',$,(#9526));
#9528=PRESENTATION_STYLE_ASSIGNMENT((#9530));
#9529=PRESENTATION_STYLE_ASSIGNMENT((#9531));
#9530=SURFACE_STYLE_USAGE(.BOTH.,#9532);
#9531=SURFACE_STYLE_USAGE(.BOTH.,#9533);
#9532=SURFACE_SIDE_STYLE('',(#9534));
#9533=SURFACE_SIDE_STYLE('',(#9535));
#9534=SURFACE_STYLE_FILL_AREA(#9536);
#9535=SURFACE_STYLE_FILL_AREA(#9537);
#9536=FILL_AREA_STYLE('Steel - Satin',(#9538));
#9537=FILL_AREA_STYLE('Powder Coat (White)',(#9539));
#9538=FILL_AREA_STYLE_COLOUR('Steel - Satin',#9540);
#9539=FILL_AREA_STYLE_COLOUR('Powder Coat (White)',#9541);
#9540=COLOUR_RGB('Steel - Satin',0.627450980392157,0.627450980392157,0.627450980392157);
#9541=COLOUR_RGB('Powder Coat (White)',0.964705882352941,0.964705882352941,
0.952941176470588);
ENDSEC;
END-ISO-10303-21;
