ISO-10303-21;
HEADER;
/* Generated by software containing ST-Developer
 * from STEP Tools, Inc. (www.steptools.com) 
 */

FILE_DESCRIPTION(
/* description */ (''),
/* implementation_level */ '2;1');

FILE_NAME(
/* name */ 'Small Wheel TPU.step',
/* time_stamp */ '2026-04-29T19:48:29+02:00',
/* author */ (''),
/* organization */ (''),
/* preprocessor_version */ 'ST-DEVELOPER v20.1',
/* originating_system */ 'Autodesk Translation Framework v15.8.0.0',
/* authorisation */ '');

FILE_SCHEMA (('AUTOMOTIVE_DESIGN { 1 0 10303 214 3 1 1 }'));
ENDSEC;

DATA;
#10=MECHANICAL_DESIGN_GEOMETRIC_PRESENTATION_REPRESENTATION('',(#13),#7007);
#11=SHAPE_REPRESENTATION_RELATIONSHIP('SRR','None',#7014,#12);
#12=ADVANCED_BREP_SHAPE_REPRESENTATION('',(#14),#7006);
#13=STYLED_ITEM('',(#7024),#14);
#14=MANIFOLD_SOLID_BREP('Original Small Wheel',#2573);
#15=FACE_BOUND('',#546,.T.);
#16=FACE_BOUND('',#548,.T.);
#17=PLANE('',#2797);
#18=PLANE('',#2798);
#19=TOROIDAL_SURFACE('',#2696,6.79278569189624,0.587741108783246);
#20=TOROIDAL_SURFACE('',#2703,7.08914631702104,0.902256840388865);
#21=TOROIDAL_SURFACE('',#2705,7.65917765453591,0.593053256287978);
#22=TOROIDAL_SURFACE('',#2709,6.68265911374912,0.471055074368223);
#23=TOROIDAL_SURFACE('',#2724,7.54025547165436,0.471055678367326);
#24=TOROIDAL_SURFACE('',#2729,7.97102945648181,0.471055399902403);
#25=TOROIDAL_SURFACE('',#2735,7.97103029739159,0.471056038678965);
#26=TOROIDAL_SURFACE('',#2737,7.9068966813367,0.872916578459094);
#27=ELLIPSE('',#2632,5.09756574415661,5.0975597227588);
#28=ELLIPSE('',#2647,43.6322573843989,39.269078781049);
#29=ELLIPSE('',#2662,7.13753174814229,7.13728611333755);
#30=ELLIPSE('',#2668,7.14184512368379,7.14182220948656);
#31=ELLIPSE('',#2673,5.09903452989748,5.09897403833461);
#32=ELLIPSE('',#2675,5.09762382340815,5.09761743268619);
#33=ELLIPSE('',#2743,5.66396193795179,5.66395381147601);
#34=ELLIPSE('',#2785,5.66559392210832,5.66552670926069);
#35=ELLIPSE('',#2787,5.66402647035533,5.66401784530149);
#36=LINE('',#3595,#105);
#37=LINE('',#3612,#106);
#38=LINE('',#3614,#107);
#39=LINE('',#3647,#108);
#40=LINE('',#3654,#109);
#41=LINE('',#3687,#110);
#42=LINE('',#3694,#111);
#43=LINE('',#3747,#112);
#44=LINE('',#3752,#113);
#45=LINE('',#3930,#114);
#46=LINE('',#4387,#115);
#47=LINE('',#4455,#116);
#48=LINE('',#4521,#117);
#49=LINE('',#4617,#118);
#50=LINE('',#4770,#119);
#51=LINE('',#4941,#120);
#52=LINE('',#5001,#121);
#53=LINE('',#5062,#122);
#54=LINE('',#5337,#123);
#55=LINE('',#5339,#124);
#56=LINE('',#5359,#125);
#57=LINE('',#5363,#126);
#58=LINE('',#5367,#127);
#59=LINE('',#5386,#128);
#60=LINE('',#5414,#129);
#61=LINE('',#5439,#130);
#62=LINE('',#5443,#131);
#63=LINE('',#5459,#132);
#64=LINE('',#5470,#133);
#65=LINE('',#5476,#134);
#66=LINE('',#5477,#135);
#67=LINE('',#5479,#136);
#68=LINE('',#5607,#137);
#69=LINE('',#5618,#138);
#70=LINE('',#5632,#139);
#71=LINE('',#5804,#140);
#72=LINE('',#5855,#141);
#73=LINE('',#5857,#142);
#74=LINE('',#5919,#143);
#75=LINE('',#5926,#144);
#76=LINE('',#5959,#145);
#77=LINE('',#5966,#146);
#78=LINE('',#5998,#147);
#79=LINE('',#6003,#148);
#80=LINE('',#6122,#149);
#81=LINE('',#6216,#150);
#82=LINE('',#6280,#151);
#83=LINE('',#6349,#152);
#84=LINE('',#6375,#153);
#85=LINE('',#6432,#154);
#86=LINE('',#6488,#155);
#87=LINE('',#6565,#156);
#88=LINE('',#6675,#157);
#89=LINE('',#6677,#158);
#90=LINE('',#6697,#159);
#91=LINE('',#6701,#160);
#92=LINE('',#6741,#161);
#93=LINE('',#6778,#162);
#94=LINE('',#6824,#163);
#95=LINE('',#6829,#164);
#96=LINE('',#6833,#165);
#97=LINE('',#6844,#166);
#98=LINE('',#6872,#167);
#99=LINE('',#6877,#168);
#100=LINE('',#6879,#169);
#101=LINE('',#6901,#170);
#102=LINE('',#6968,#171);
#103=LINE('',#6976,#172);
#104=LINE('',#6989,#173);
#105=VECTOR('',#2823,9.98769239489716);
#106=VECTOR('',#2826,9.00000000002216);
#107=VECTOR('',#2827,9.95822620665559);
#108=VECTOR('',#2828,9.9942850571693);
#109=VECTOR('',#2829,9.95822614852897);
#110=VECTOR('',#2830,9.99428459334417);
#111=VECTOR('',#2831,9.95822750593138);
#112=VECTOR('',#2834,9.99428463591782);
#113=VECTOR('',#2839,6.05155020751784);
#114=VECTOR('',#2848,5.82093476626031);
#115=VECTOR('',#2859,7.07029405195038);
#116=VECTOR('',#2864,9.28792892168673);
#117=VECTOR('',#2873,9.28790398452191);
#118=VECTOR('',#2880,6.63701191507655);
#119=VECTOR('',#2887,7.11684445414704);
#120=VECTOR('',#2894,7.07030439177484);
#121=VECTOR('',#2897,7.11685116061207);
#122=VECTOR('',#2900,7.11685116061207);
#123=VECTOR('',#2903,6.6425532650898);
#124=VECTOR('',#2904,9.94115318798618);
#125=VECTOR('',#2905,9.97166133203258);
#126=VECTOR('',#2908,9.89146196134078);
#127=VECTOR('',#2911,9.9181157004414);
#128=VECTOR('',#2916,9.91811552083285);
#129=VECTOR('',#2921,5.82418163163297);
#130=VECTOR('',#2930,5.82431929811393);
#131=VECTOR('',#2933,9.89146380763102);
#132=VECTOR('',#2934,9.91811561815805);
#133=VECTOR('',#2939,9.91811578996608);
#134=VECTOR('',#2948,9.97166115778766);
#135=VECTOR('',#2949,6.6427555123617);
#136=VECTOR('',#2950,9.94115451151168);
#137=VECTOR('',#2989,9.99968706397446);
#138=VECTOR('',#3000,9.99968533030698);
#139=VECTOR('',#3017,9.99428885838858);
#140=VECTOR('',#3044,10.);
#141=VECTOR('',#3049,10.);
#142=VECTOR('',#3050,10.);
#143=VECTOR('',#3053,10.);
#144=VECTOR('',#3054,10.);
#145=VECTOR('',#3055,10.);
#146=VECTOR('',#3056,10.);
#147=VECTOR('',#3057,10.);
#148=VECTOR('',#3062,10.);
#149=VECTOR('',#3073,10.);
#150=VECTOR('',#3100,10.);
#151=VECTOR('',#3105,10.);
#152=VECTOR('',#3112,10.);
#153=VECTOR('',#3123,10.);
#154=VECTOR('',#3134,10.);
#155=VECTOR('',#3143,10.);
#156=VECTOR('',#3148,10.);
#157=VECTOR('',#3159,10.);
#158=VECTOR('',#3160,10.);
#159=VECTOR('',#3161,10.);
#160=VECTOR('',#3164,10.);
#161=VECTOR('',#3165,10.);
#162=VECTOR('',#3172,10.);
#163=VECTOR('',#3177,10.);
#164=VECTOR('',#3184,10.);
#165=VECTOR('',#3187,10.);
#166=VECTOR('',#3192,10.);
#167=VECTOR('',#3193,10.);
#168=VECTOR('',#3202,10.);
#169=VECTOR('',#3203,10.);
#170=VECTOR('',#3204,10.);
#171=VECTOR('',#3251,10.);
#172=VECTOR('',#3258,10.);
#173=VECTOR('',#3273,10.);
#174=CONICAL_SURFACE('',#2593,7.07736495784821,0.0292570390933207);
#175=CONICAL_SURFACE('',#2594,6.85795808329035,0.126976226137463);
#176=CONICAL_SURFACE('',#2595,7.07479355896918,0.0247832407290043);
#177=CONICAL_SURFACE('',#2596,7.07610436141002,0.0861646999379149);
#178=CONICAL_SURFACE('',#2598,7.09716984751123,0.0994257605035889);
#179=CONICAL_SURFACE('',#2600,6.05155020751784,1.06910595453621);
#180=CONICAL_SURFACE('',#2604,5.82093476626031,0.583696710607348);
#181=CONICAL_SURFACE('',#2609,7.07029405195038,0.77211358712284);
#182=CONICAL_SURFACE('',#2612,13.6149454726017,0.0176543056440894);
#183=CONICAL_SURFACE('',#2615,6.77663684200432,0.968195038837195);
#184=CONICAL_SURFACE('',#2617,6.77665902171845,0.968191617705699);
#185=CONICAL_SURFACE('',#2619,6.63701191507655,0.676977487345001);
#186=CONICAL_SURFACE('',#2621,7.11684445414704,0.869181628809847);
#187=CONICAL_SURFACE('',#2625,7.07030439177483,0.772112219351865);
#188=CONICAL_SURFACE('',#2626,7.11685116061207,0.869182570523253);
#189=CONICAL_SURFACE('',#2628,6.6425532650898,0.173351550837486);
#190=CONICAL_SURFACE('',#2629,5.4774143245544,0.268326780819469);
#191=CONICAL_SURFACE('',#2631,5.49830466196178,0.267651654720204);
#192=CONICAL_SURFACE('',#2633,5.82418163163297,0.253729070116679);
#193=CONICAL_SURFACE('',#2638,5.82431929811393,0.254269110867004);
#194=CONICAL_SURFACE('',#2643,5.51074624396635,0.268313537611985);
#195=CONICAL_SURFACE('',#2645,6.6427555123617,0.173428498194771);
#196=CONICAL_SURFACE('',#2646,40.3252556950711,0.0183297189038373);
#197=CONICAL_SURFACE('',#2648,43.6328016985004,0.0261830343089297);
#198=CONICAL_SURFACE('',#2649,8.05149268001579,0.243905616068774);
#199=CONICAL_SURFACE('',#2650,8.01344010379683,0.241984527767207);
#200=CONICAL_SURFACE('',#2651,7.98956142483619,0.236311025128511);
#201=CONICAL_SURFACE('',#2652,45.4799171164424,0.00635635108167738);
#202=CONICAL_SURFACE('',#2653,50.9345014763764,0.0230052373555893);
#203=CONICAL_SURFACE('',#2654,45.478075709691,0.0109882338847384);
#204=CONICAL_SURFACE('',#2655,50.9396410420747,0.0211043565841189);
#205=CONICAL_SURFACE('',#2656,33.3112890706442,0.380450358310858);
#206=CONICAL_SURFACE('',#2657,50.9368694243876,0.0224612754767968);
#207=CONICAL_SURFACE('',#2658,6.80951274067531,0.155329612616441);
#208=CONICAL_SURFACE('',#2659,7.03623006289907,0.102417394542428);
#209=CONICAL_SURFACE('',#2660,7.14730113162809,0.016384652239613);
#210=CONICAL_SURFACE('',#2664,7.14786573974806,0.0163845712072166);
#211=CONICAL_SURFACE('',#2667,7.14310547741373,0.0117329999526845);
#212=CONICAL_SURFACE('',#2669,7.13749315968344,0.00106910747019805);
#213=CONICAL_SURFACE('',#2670,7.11912600237308,0.0163809939033351);
#214=CONICAL_SURFACE('',#2671,7.11920373817239,0.0163826479348524);
#215=CONICAL_SURFACE('',#2672,5.88233373006813,0.264912674717236);
#216=CONICAL_SURFACE('',#2674,5.51764599425933,0.267608507816284);
#217=CONICAL_SURFACE('',#2676,7.09825761712083,0.0697156235592942);
#218=CONICAL_SURFACE('',#2678,7.10005715668551,0.0697260435510087);
#219=CONICAL_SURFACE('',#2679,7.10154392772348,0.0697579788748845);
#220=CONICAL_SURFACE('',#2680,6.9914253637116,0.0698464066552022);
#221=CONICAL_SURFACE('',#2681,6.99080496710849,0.0695286930676195);
#222=CONICAL_SURFACE('',#2683,6.86043161624663,0.10249039391166);
#223=CONICAL_SURFACE('',#2684,6.55155399771594,0.155792365301526);
#224=CONICAL_SURFACE('',#2687,7.86057897355769,0.0324795516496412);
#225=CONICAL_SURFACE('',#2688,7.6184439222576,0.140852925939075);
#226=CONICAL_SURFACE('',#2689,7.85722677278396,0.0275100288412397);
#227=CONICAL_SURFACE('',#2690,7.86233198559692,0.0956829694452217);
#228=CONICAL_SURFACE('',#2692,7.88573786726823,0.110387787467841);
#229=CONICAL_SURFACE('',#2694,6.7239446750197,1.11224205960199);
#230=CONICAL_SURFACE('',#2700,6.46770529584269,0.633084596390964);
#231=CONICAL_SURFACE('',#2711,7.85588227994303,0.824751587773782);
#232=CONICAL_SURFACE('',#2714,14.0692149536329,0.0169670270656213);
#233=CONICAL_SURFACE('',#2718,7.52959649098491,1.01640311748698);
#234=CONICAL_SURFACE('',#2720,7.52962113499714,1.01639983830792);
#235=CONICAL_SURFACE('',#2722,7.37445768341838,0.728918455595605);
#236=CONICAL_SURFACE('',#2726,7.9076049490518,0.920579145554813);
#237=CONICAL_SURFACE('',#2732,7.85589376863677,0.824750223755436);
#238=CONICAL_SURFACE('',#2733,7.90761240067968,0.920580065951281);
#239=CONICAL_SURFACE('',#2739,7.38061404892257,0.192164816885961);
#240=CONICAL_SURFACE('',#2740,6.08601545850899,0.296502667172513);
#241=CONICAL_SURFACE('',#2742,6.10922582999882,0.295764564865578);
#242=CONICAL_SURFACE('',#2744,6.47131224162475,0.280532525190867);
#243=CONICAL_SURFACE('',#2748,6.47146542509822,0.281123830962939);
#244=CONICAL_SURFACE('',#2753,6.12305091778746,0.296488190802507);
#245=CONICAL_SURFACE('',#2755,7.3808385250681,0.192249708892271);
#246=CONICAL_SURFACE('',#2756,40.6793868948223,0.0167880843575031);
#247=CONICAL_SURFACE('',#2758,43.6328663394964,0.023565823764574);
#248=CONICAL_SURFACE('',#2759,8.83138693936978,0.263283518962761);
#249=CONICAL_SURFACE('',#2760,8.79078196807659,0.26128621625809);
#250=CONICAL_SURFACE('',#2761,8.76803044980016,0.255386528208182);
#251=CONICAL_SURFACE('',#2762,46.8708127194754,0.00607598484512206);
#252=CONICAL_SURFACE('',#2763,51.1941630870559,0.0209170151477213);
#253=CONICAL_SURFACE('',#2764,46.8652415307619,0.0105019496016288);
#254=CONICAL_SURFACE('',#2767,51.1981308534891,0.0191876866043938);
#255=CONICAL_SURFACE('',#2768,33.7664493516263,0.354429075588413);
#256=CONICAL_SURFACE('',#2769,51.195865901881,0.0204218592688964);
#257=CONICAL_SURFACE('',#2770,7.56612417337142,0.172265478583767);
#258=CONICAL_SURFACE('',#2771,7.81803331399966,0.11370410392196);
#259=CONICAL_SURFACE('',#2772,7.94144570180603,0.0182047870553389);
#260=CONICAL_SURFACE('',#2776,7.94207304416063,0.0182046970250091);
#261=CONICAL_SURFACE('',#2779,7.93676323591814,0.0130364585421723);
#262=CONICAL_SURFACE('',#2781,7.93032687046203,0.00118783085248149);
#263=CONICAL_SURFACE('',#2782,7.91014000263618,0.0182007224931084);
#264=CONICAL_SURFACE('',#2783,7.9102263757471,0.0182025601902571);
#265=CONICAL_SURFACE('',#2784,6.53591244226056,0.292768877306807);
#266=CONICAL_SURFACE('',#2786,6.13071609668074,0.295717388911694);
#267=CONICAL_SURFACE('',#2788,7.88695287443616,0.0774324148655347);
#268=CONICAL_SURFACE('',#2790,7.88895236671118,0.0774439795447709);
#269=CONICAL_SURFACE('',#2791,7.89060434498212,0.0774794230693246);
#270=CONICAL_SURFACE('',#2792,7.76825040372188,0.0775775645055655);
#271=CONICAL_SURFACE('',#2793,7.76756094568026,0.0772249479321602);
#272=CONICAL_SURFACE('',#2795,7.62270174597213,0.113785016900698);
#273=CONICAL_SURFACE('',#2796,7.27950409382179,0.172776801762722);
#274=(
BOUNDED_CURVE()
B_SPLINE_CURVE(2,(#3366,#3367,#3368),.UNSPECIFIED.,.F.,.F.)
B_SPLINE_CURVE_WITH_KNOTS((3,3),(-1.43307325304004,-1.28192034847958),
 .UNSPECIFIED.)
CURVE()
GEOMETRIC_REPRESENTATION_ITEM()
RATIONAL_B_SPLINE_CURVE((0.953142981002793,0.929900994248767,0.91208316825344))
REPRESENTATION_ITEM('')
);
#275=(
BOUNDED_CURVE()
B_SPLINE_CURVE(2,(#3387,#3388,#3389),.UNSPECIFIED.,.F.,.F.)
B_SPLINE_CURVE_WITH_KNOTS((3,3),(-1.5707963267949,-1.4669354951374),
 .UNSPECIFIED.)
CURVE()
GEOMETRIC_REPRESENTATION_ITEM()
RATIONAL_B_SPLINE_CURVE((1.,0.980633941667741,0.963828845428411))
REPRESENTATION_ITEM('')
);
#276=(
BOUNDED_CURVE()
B_SPLINE_CURVE(2,(#3437,#3438,#3439),.UNSPECIFIED.,.F.,.F.)
B_SPLINE_CURVE_WITH_KNOTS((3,3),(-1.5707963267949,-1.51029970564235),
 .UNSPECIFIED.)
CURVE()
GEOMETRIC_REPRESENTATION_ITEM()
RATIONAL_B_SPLINE_CURVE((1.,0.988719702360864,0.978308288715308))
REPRESENTATION_ITEM('')
);
#277=(
BOUNDED_CURVE()
B_SPLINE_CURVE(2,(#3886,#3887,#3888),.UNSPECIFIED.,.F.,.F.)
B_SPLINE_CURVE_WITH_KNOTS((3,3),(1.6849254153953,3.09663161949516),
 .UNSPECIFIED.)
CURVE()
GEOMETRIC_REPRESENTATION_ITEM()
RATIONAL_B_SPLINE_CURVE((0.960530987538649,0.735552744122418,0.983712909643332))
REPRESENTATION_ITEM('')
);
#278=(
BOUNDED_CURVE()
B_SPLINE_CURVE(2,(#4216,#4217,#4218,#4219,#4220),.UNSPECIFIED.,.F.,.F.)
B_SPLINE_CURVE_WITH_KNOTS((3,2,3),(1.80505342170953,3.14159265358979,3.17230587519402),
 .UNSPECIFIED.)
CURVE()
GEOMETRIC_REPRESENTATION_ITEM()
RATIONAL_B_SPLINE_CURVE((0.925668307281963,0.750786737262992,1.,0.99427316311966,
0.98877027584653))
REPRESENTATION_ITEM('')
);
#279=(
BOUNDED_CURVE()
B_SPLINE_CURVE(2,(#4760,#4761,#4762,#4763,#4764),.UNSPECIFIED.,.F.,.F.)
B_SPLINE_CURVE_WITH_KNOTS((3,2,3),(2.4097565265805,3.14159265358979,4.12405045681978),
 .UNSPECIFIED.)
CURVE()
GEOMETRIC_REPRESENTATION_ITEM()
RATIONAL_B_SPLINE_CURVE((0.854234495044965,0.863540654362815,1.,0.816809332038886,
0.862772626494453))
REPRESENTATION_ITEM('')
);
#280=(
BOUNDED_CURVE()
B_SPLINE_CURVE(2,(#4930,#4931,#4932,#4933,#4934),.UNSPECIFIED.,.F.,.F.)
B_SPLINE_CURVE_WITH_KNOTS((3,2,3),(2.31885031534862,3.14159265358979,4.05534814289886),
 .UNSPECIFIED.)
CURVE()
GEOMETRIC_REPRESENTATION_ITEM()
RATIONAL_B_SPLINE_CURVE((0.853884480006274,0.846590135467616,1.,0.829619676397974,
0.857464868486162))
REPRESENTATION_ITEM('')
);
#281=(
BOUNDED_CURVE()
B_SPLINE_CURVE(2,(#5293,#5294,#5295),.UNSPECIFIED.,.F.,.F.)
B_SPLINE_CURVE_WITH_KNOTS((3,3),(2.21814815224455,2.85269425396753),
 .UNSPECIFIED.)
CURVE()
GEOMETRIC_REPRESENTATION_ITEM()
RATIONAL_B_SPLINE_CURVE((0.858077669178441,0.837281294700082,0.91207788234872))
REPRESENTATION_ITEM('')
);
#282=(
BOUNDED_CURVE()
B_SPLINE_CURVE(2,(#5581,#5582,#5583),.UNSPECIFIED.,.F.,.F.)
B_SPLINE_CURVE_WITH_KNOTS((3,3),(-1.5707963267949,-1.5130066138389),
 .UNSPECIFIED.)
CURVE()
GEOMETRIC_REPRESENTATION_ITEM()
RATIONAL_B_SPLINE_CURVE((1.,0.989224436832926,0.979241741196469))
REPRESENTATION_ITEM('')
);
#283=(
BOUNDED_SURFACE()
B_SPLINE_SURFACE(2,2,((#3319,#3320,#3321,#3322,#3323,#3324,#3325,#3326,
#3327),(#3328,#3329,#3330,#3331,#3332,#3333,#3334,#3335,#3336),(#3337,#3338,
#3339,#3340,#3341,#3342,#3343,#3344,#3345),(#3346,#3347,#3348,#3349,#3350,
#3351,#3352,#3353,#3354),(#3355,#3356,#3357,#3358,#3359,#3360,#3361,#3362,
#3363)),.UNSPECIFIED.,.F.,.T.,.F.)
B_SPLINE_SURFACE_WITH_KNOTS((3,2,3),(3,2,2,2,3),(-1.5707963267949,0.,1.5707963267949),
(0.,1.5707963267949,3.14159265358979,4.71238898038469,6.28318530717959),
 .UNSPECIFIED.)
GEOMETRIC_REPRESENTATION_ITEM()
RATIONAL_B_SPLINE_SURFACE(((1.,0.707106781186548,1.,0.707106781186548,1.,
0.707106781186548,1.,0.707106781186548,1.),(0.707106781186548,0.5,0.707106781186548,
0.5,0.707106781186548,0.5,0.707106781186548,0.5,0.707106781186548),(1.,
0.707106781186548,1.,0.707106781186548,1.,0.707106781186548,1.,0.707106781186548,
1.),(0.707106781186548,0.5,0.707106781186548,0.5,0.707106781186548,0.5,
0.707106781186548,0.5,0.707106781186548),(1.,0.707106781186548,1.,0.707106781186548,
1.,0.707106781186548,1.,0.707106781186548,1.)))
REPRESENTATION_ITEM('')
SURFACE()
);
#284=(
BOUNDED_SURFACE()
B_SPLINE_SURFACE(2,2,((#3390,#3391,#3392,#3393,#3394,#3395,#3396,#3397,
#3398),(#3399,#3400,#3401,#3402,#3403,#3404,#3405,#3406,#3407),(#3408,#3409,
#3410,#3411,#3412,#3413,#3414,#3415,#3416),(#3417,#3418,#3419,#3420,#3421,
#3422,#3423,#3424,#3425),(#3426,#3427,#3428,#3429,#3430,#3431,#3432,#3433,
#3434)),.UNSPECIFIED.,.F.,.T.,.F.)
B_SPLINE_SURFACE_WITH_KNOTS((3,2,3),(3,2,2,2,3),(-1.5707963267949,0.,1.5707963267949),
(0.,1.5707963267949,3.14159265358979,4.71238898038469,6.28318530717959),
 .UNSPECIFIED.)
GEOMETRIC_REPRESENTATION_ITEM()
RATIONAL_B_SPLINE_SURFACE(((1.,0.707106781186548,1.,0.707106781186548,1.,
0.707106781186548,1.,0.707106781186548,1.),(0.707106781186548,0.5,0.707106781186548,
0.5,0.707106781186548,0.5,0.707106781186548,0.5,0.707106781186548),(1.,
0.707106781186548,1.,0.707106781186548,1.,0.707106781186548,1.,0.707106781186548,
1.),(0.707106781186548,0.5,0.707106781186548,0.5,0.707106781186548,0.5,
0.707106781186548,0.5,0.707106781186548),(1.,0.707106781186548,1.,0.707106781186548,
1.,0.707106781186548,1.,0.707106781186548,1.)))
REPRESENTATION_ITEM('')
SURFACE()
);
#285=(
BOUNDED_SURFACE()
B_SPLINE_SURFACE(2,2,((#3801,#3802,#3803,#3804,#3805,#3806,#3807,#3808,
#3809),(#3810,#3811,#3812,#3813,#3814,#3815,#3816,#3817,#3818),(#3819,#3820,
#3821,#3822,#3823,#3824,#3825,#3826,#3827),(#3828,#3829,#3830,#3831,#3832,
#3833,#3834,#3835,#3836),(#3837,#3838,#3839,#3840,#3841,#3842,#3843,#3844,
#3845),(#3846,#3847,#3848,#3849,#3850,#3851,#3852,#3853,#3854),(#3855,#3856,
#3857,#3858,#3859,#3860,#3861,#3862,#3863),(#3864,#3865,#3866,#3867,#3868,
#3869,#3870,#3871,#3872),(#3873,#3874,#3875,#3876,#3877,#3878,#3879,#3880,
#3881)),.UNSPECIFIED.,.T.,.T.,.F.)
B_SPLINE_SURFACE_WITH_KNOTS((3,2,2,2,3),(3,2,2,2,3),(-3.14159265358979,
-1.5707963267949,0.,1.5707963267949,3.14159265358979),(0.,1.5707963267949,
3.14159265358979,4.71238898038469,6.28318530717959),.UNSPECIFIED.)
GEOMETRIC_REPRESENTATION_ITEM()
RATIONAL_B_SPLINE_SURFACE(((1.,0.707106781186548,1.,0.707106781186548,1.,
0.707106781186548,1.,0.707106781186548,1.),(0.707106781186553,0.500000000000004,
0.707106781186553,0.500000000000004,0.707106781186553,0.500000000000004,
0.707106781186553,0.500000000000004,0.707106781186553),(1.,0.707106781186548,
1.,0.707106781186548,1.,0.707106781186548,1.,0.707106781186548,1.),(0.707106781186553,
0.500000000000004,0.707106781186553,0.500000000000004,0.707106781186553,
0.500000000000004,0.707106781186553,0.500000000000004,0.707106781186553),
(1.,0.707106781186548,1.,0.707106781186548,1.,0.707106781186548,1.,0.707106781186548,
1.),(0.707106781186553,0.500000000000004,0.707106781186553,0.500000000000004,
0.707106781186553,0.500000000000004,0.707106781186553,0.500000000000004,
0.707106781186553),(1.,0.707106781186548,1.,0.707106781186548,1.,0.707106781186548,
1.,0.707106781186548,1.),(0.707106781186553,0.500000000000004,0.707106781186553,
0.500000000000004,0.707106781186553,0.500000000000004,0.707106781186553,
0.500000000000004,0.707106781186553),(1.,0.707106781186548,1.,0.707106781186548,
1.,0.707106781186548,1.,0.707106781186548,1.)))
REPRESENTATION_ITEM('')
SURFACE()
);
#286=(
BOUNDED_SURFACE()
B_SPLINE_SURFACE(2,2,((#3985,#3986,#3987,#3988,#3989,#3990,#3991,#3992,
#3993),(#3994,#3995,#3996,#3997,#3998,#3999,#4000,#4001,#4002),(#4003,#4004,
#4005,#4006,#4007,#4008,#4009,#4010,#4011),(#4012,#4013,#4014,#4015,#4016,
#4017,#4018,#4019,#4020),(#4021,#4022,#4023,#4024,#4025,#4026,#4027,#4028,
#4029),(#4030,#4031,#4032,#4033,#4034,#4035,#4036,#4037,#4038),(#4039,#4040,
#4041,#4042,#4043,#4044,#4045,#4046,#4047),(#4048,#4049,#4050,#4051,#4052,
#4053,#4054,#4055,#4056),(#4057,#4058,#4059,#4060,#4061,#4062,#4063,#4064,
#4065)),.UNSPECIFIED.,.T.,.T.,.F.)
B_SPLINE_SURFACE_WITH_KNOTS((3,2,2,2,3),(3,2,2,2,3),(-3.14159265358979,
-1.5707963267949,0.,1.5707963267949,3.14159265358979),(0.,1.5707963267949,
3.14159265358979,4.71238898038469,6.28318530717959),.UNSPECIFIED.)
GEOMETRIC_REPRESENTATION_ITEM()
RATIONAL_B_SPLINE_SURFACE(((1.,0.707106781186548,1.,0.707106781186548,1.,
0.707106781186548,1.,0.707106781186548,1.),(0.707106781186548,0.500000000000001,
0.707106781186548,0.500000000000001,0.707106781186548,0.500000000000001,
0.707106781186548,0.500000000000001,0.707106781186548),(1.,0.707106781186548,
1.,0.707106781186548,1.,0.707106781186548,1.,0.707106781186548,1.),(0.707106781186547,
0.499999999999999,0.707106781186547,0.499999999999999,0.707106781186547,
0.499999999999999,0.707106781186547,0.499999999999999,0.707106781186547),
(1.,0.707106781186548,1.,0.707106781186548,1.,0.707106781186548,1.,0.707106781186548,
1.),(0.707106781186548,0.500000000000001,0.707106781186548,0.500000000000001,
0.707106781186548,0.500000000000001,0.707106781186548,0.500000000000001,
0.707106781186548),(1.,0.707106781186548,1.,0.707106781186548,1.,0.707106781186548,
1.,0.707106781186548,1.),(0.707106781186547,0.499999999999999,0.707106781186547,
0.499999999999999,0.707106781186547,0.499999999999999,0.707106781186547,
0.499999999999999,0.707106781186547),(1.,0.707106781186548,1.,0.707106781186548,
1.,0.707106781186548,1.,0.707106781186548,1.)))
REPRESENTATION_ITEM('')
SURFACE()
);
#287=(
BOUNDED_SURFACE()
B_SPLINE_SURFACE(2,2,((#4116,#4117,#4118,#4119,#4120,#4121,#4122,#4123,
#4124),(#4125,#4126,#4127,#4128,#4129,#4130,#4131,#4132,#4133),(#4134,#4135,
#4136,#4137,#4138,#4139,#4140,#4141,#4142),(#4143,#4144,#4145,#4146,#4147,
#4148,#4149,#4150,#4151),(#4152,#4153,#4154,#4155,#4156,#4157,#4158,#4159,
#4160),(#4161,#4162,#4163,#4164,#4165,#4166,#4167,#4168,#4169),(#4170,#4171,
#4172,#4173,#4174,#4175,#4176,#4177,#4178),(#4179,#4180,#4181,#4182,#4183,
#4184,#4185,#4186,#4187),(#4188,#4189,#4190,#4191,#4192,#4193,#4194,#4195,
#4196),(#4197,#4198,#4199,#4200,#4201,#4202,#4203,#4204,#4205),(#4206,#4207,
#4208,#4209,#4210,#4211,#4212,#4213,#4214)),.UNSPECIFIED.,.T.,.T.,.F.)
B_SPLINE_SURFACE_WITH_KNOTS((3,2,2,2,2,3),(3,2,2,2,3),(1.80269309572218,
3.14159265358979,4.71238898038469,6.28318530717959,7.85398163397448,8.08587840290176),
(0.,1.5707963267949,3.14159265358979,4.71238898038469,6.28318530717959),
 .UNSPECIFIED.)
GEOMETRIC_REPRESENTATION_ITEM()
RATIONAL_B_SPLINE_SURFACE(((0.926287311032115,0.654984038957862,0.926287311032115,
0.654984038957862,0.926287311032115,0.654984038957862,0.926287311032115,
0.654984038957862,0.926287311032115),(0.750346627069142,0.530575188241044,
0.750346627069142,0.530575188241044,0.750346627069142,0.530575188241044,
0.750346627069142,0.530575188241044,0.750346627069142),(1.,0.707106781186548,
1.,0.707106781186548,1.,0.707106781186548,1.,0.707106781186548,1.),(0.707106781186541,
0.499999999999995,0.707106781186541,0.499999999999995,0.707106781186541,
0.499999999999995,0.707106781186541,0.499999999999995,0.707106781186541),
(1.,0.707106781186548,1.,0.707106781186548,1.,0.707106781186548,1.,0.707106781186548,
1.),(0.707106781186552,0.500000000000003,0.707106781186552,0.500000000000003,
0.707106781186552,0.500000000000003,0.707106781186552,0.500000000000003,
0.707106781186552),(1.,0.707106781186548,1.,0.707106781186548,1.,0.707106781186548,
1.,0.707106781186548,1.),(0.707106781186541,0.499999999999995,0.707106781186541,
0.499999999999995,0.707106781186541,0.499999999999995,0.707106781186541,
0.499999999999995,0.707106781186541),(1.,0.707106781186548,1.,0.707106781186548,
1.,0.707106781186548,1.,0.707106781186548,1.),(0.95676015411741,0.676531592945507,
0.95676015411741,0.676531592945507,0.95676015411741,0.676531592945507,0.95676015411741,
0.676531592945507,0.95676015411741),(0.926287311032115,0.654984038957862,
0.926287311032115,0.654984038957862,0.926287311032115,0.654984038957862,
0.926287311032115,0.654984038957862,0.926287311032115)))
REPRESENTATION_ITEM('')
SURFACE()
);
#288=(
BOUNDED_SURFACE()
B_SPLINE_SURFACE(2,2,((#4231,#4232,#4233,#4234,#4235,#4236,#4237,#4238,
#4239),(#4240,#4241,#4242,#4243,#4244,#4245,#4246,#4247,#4248),(#4249,#4250,
#4251,#4252,#4253,#4254,#4255,#4256,#4257),(#4258,#4259,#4260,#4261,#4262,
#4263,#4264,#4265,#4266),(#4267,#4268,#4269,#4270,#4271,#4272,#4273,#4274,
#4275),(#4276,#4277,#4278,#4279,#4280,#4281,#4282,#4283,#4284),(#4285,#4286,
#4287,#4288,#4289,#4290,#4291,#4292,#4293),(#4294,#4295,#4296,#4297,#4298,
#4299,#4300,#4301,#4302),(#4303,#4304,#4305,#4306,#4307,#4308,#4309,#4310,
#4311),(#4312,#4313,#4314,#4315,#4316,#4317,#4318,#4319,#4320),(#4321,#4322,
#4323,#4324,#4325,#4326,#4327,#4328,#4329)),.UNSPECIFIED.,.T.,.T.,.F.)
B_SPLINE_SURFACE_WITH_KNOTS((3,2,2,2,2,3),(3,2,2,2,3),(2.04353814815164,
3.14159265358979,4.71238898038469,6.28318530717959,7.85398163397448,8.32672345533123),
(0.,1.5707963267949,3.14159265358979,4.71238898038469,6.28318530717959),
 .UNSPECIFIED.)
GEOMETRIC_REPRESENTATION_ITEM()
RATIONAL_B_SPLINE_SURFACE(((0.876761194349169,0.619963786005514,0.876761194349169,
0.619963786005514,0.876761194349169,0.619963786005514,0.876761194349169,
0.619963786005514,0.876761194349169),(0.795254984338657,0.562330192198266,
0.795254984338657,0.562330192198266,0.795254984338657,0.562330192198266,
0.795254984338657,0.562330192198266,0.795254984338657),(1.,0.707106781186548,
1.,0.707106781186548,1.,0.707106781186548,1.,0.707106781186548,1.),(0.707106781186556,
0.500000000000006,0.707106781186556,0.500000000000006,0.707106781186556,
0.500000000000006,0.707106781186556,0.500000000000006,0.707106781186556),
(1.,0.707106781186548,1.,0.707106781186548,1.,0.707106781186548,1.,0.707106781186548,
1.),(0.707106781186542,0.499999999999996,0.707106781186542,0.499999999999996,
0.707106781186542,0.499999999999996,0.707106781186542,0.499999999999996,
0.707106781186542),(1.,0.707106781186548,1.,0.707106781186548,1.,0.707106781186548,
1.,0.707106781186548,1.),(0.707106781186556,0.500000000000006,0.707106781186556,
0.500000000000006,0.707106781186556,0.500000000000006,0.707106781186556,
0.500000000000006,0.707106781186556),(1.,0.707106781186548,1.,0.707106781186548,
1.,0.707106781186548,1.,0.707106781186548,1.),(0.911851796847885,0.644776588988277,
0.911851796847885,0.644776588988277,0.911851796847885,0.644776588988277,
0.911851796847885,0.644776588988277,0.911851796847885),(0.876761194349169,
0.619963786005514,0.876761194349169,0.619963786005514,0.876761194349169,
0.619963786005514,0.876761194349169,0.619963786005514,0.876761194349169)))
REPRESENTATION_ITEM('')
SURFACE()
);
#289=(
BOUNDED_SURFACE()
B_SPLINE_SURFACE(2,2,((#4457,#4458,#4459,#4460,#4461,#4462,#4463,#4464,
#4465,#4466,#4467),(#4468,#4469,#4470,#4471,#4472,#4473,#4474,#4475,#4476,
#4477,#4478),(#4479,#4480,#4481,#4482,#4483,#4484,#4485,#4486,#4487,#4488,
#4489),(#4490,#4491,#4492,#4493,#4494,#4495,#4496,#4497,#4498,#4499,#4500),
(#4501,#4502,#4503,#4504,#4505,#4506,#4507,#4508,#4509,#4510,#4511)),
 .UNSPECIFIED.,.F.,.T.,.F.)
B_SPLINE_SURFACE_WITH_KNOTS((3,2,3),(3,2,2,2,2,3),(-1.5707963267949,0.,
1.5707963267949),(-0.00322295522065108,0.,1.5707963267949,3.14159265358979,
4.71238898038469,6.27996235195894),.UNSPECIFIED.)
GEOMETRIC_REPRESENTATION_ITEM()
RATIONAL_B_SPLINE_SURFACE(((0.998800551218892,0.999399042566776,1.,0.707106781186548,
1.,0.707106781186548,1.,0.707106781186548,1.,0.707707738619771,0.998800551218892),
(0.70625864281974,0.706681840110311,0.707106781186548,0.5,0.707106781186548,
0.5,0.707106781186548,0.5,0.707106781186548,0.500424941076237,0.70625864281974),
(0.998800551218892,0.999399042566776,1.,0.707106781186548,1.,0.707106781186548,
1.,0.707106781186548,1.,0.707707738619771,0.998800551218892),(0.706258642819741,
0.706681840110311,0.707106781186548,0.5,0.707106781186548,0.5,0.707106781186548,
0.5,0.707106781186548,0.500424941076237,0.706258642819741),(0.998800551218892,
0.999399042566776,1.,0.707106781186548,1.,0.707106781186548,1.,0.707106781186548,
1.,0.707707738619771,0.998800551218892)))
REPRESENTATION_ITEM('')
SURFACE()
);
#290=(
BOUNDED_SURFACE()
B_SPLINE_SURFACE(2,2,((#4661,#4662,#4663,#4664,#4665,#4666,#4667,#4668,
#4669),(#4670,#4671,#4672,#4673,#4674,#4675,#4676,#4677,#4678),(#4679,#4680,
#4681,#4682,#4683,#4684,#4685,#4686,#4687),(#4688,#4689,#4690,#4691,#4692,
#4693,#4694,#4695,#4696),(#4697,#4698,#4699,#4700,#4701,#4702,#4703,#4704,
#4705),(#4706,#4707,#4708,#4709,#4710,#4711,#4712,#4713,#4714),(#4715,#4716,
#4717,#4718,#4719,#4720,#4721,#4722,#4723),(#4724,#4725,#4726,#4727,#4728,
#4729,#4730,#4731,#4732),(#4733,#4734,#4735,#4736,#4737,#4738,#4739,#4740,
#4741),(#4742,#4743,#4744,#4745,#4746,#4747,#4748,#4749,#4750),(#4751,#4752,
#4753,#4754,#4755,#4756,#4757,#4758,#4759)),.UNSPECIFIED.,.T.,.T.,.F.)
B_SPLINE_SURFACE_WITH_KNOTS((3,2,2,2,2,3),(3,2,2,2,3),(2.40975651657947,
3.14159265358979,4.71238898038469,6.28318530717959,7.85398163397448,8.69294182375906),
(0.,1.5707963267949,3.14159265358979,4.71238898038469,6.28318530717959),
 .UNSPECIFIED.)
GEOMETRIC_REPRESENTATION_ITEM()
RATIONAL_B_SPLINE_SURFACE(((0.854234494790616,0.604035003989909,0.854234494790616,
0.604035003989909,0.854234494790616,0.604035003989909,0.854234494790616,
0.604035003989909,0.854234494790616),(0.863540652498007,0.610615451211597,
0.863540652498007,0.610615451211597,0.863540652498007,0.610615451211597,
0.863540652498007,0.610615451211597,0.863540652498007),(1.,0.707106781186548,
1.,0.707106781186548,1.,0.707106781186548,1.,0.707106781186548,1.),(0.707106781186549,
0.500000000000001,0.707106781186549,0.500000000000001,0.707106781186549,
0.500000000000001,0.707106781186549,0.500000000000001,0.707106781186549),
(1.,0.707106781186548,1.,0.707106781186548,1.,0.707106781186548,1.,0.707106781186548,
1.),(0.707106781186543,0.499999999999997,0.707106781186543,0.499999999999997,
0.707106781186543,0.499999999999997,0.707106781186543,0.499999999999997,
0.707106781186543),(1.,0.707106781186548,1.,0.707106781186548,1.,0.707106781186548,
1.,0.707106781186548,1.),(0.707106781186549,0.500000000000001,0.707106781186549,
0.500000000000001,0.707106781186549,0.500000000000001,0.707106781186549,
0.500000000000001,0.707106781186549),(1.,0.707106781186548,1.,0.707106781186548,
1.,0.707106781186548,1.,0.707106781186548,1.),(0.843566128688536,0.596491329974947,
0.843566128688536,0.596491329974947,0.843566128688536,0.596491329974947,
0.843566128688536,0.596491329974947,0.843566128688536),(0.854234494790616,
0.604035003989909,0.854234494790616,0.604035003989909,0.854234494790616,
0.604035003989909,0.854234494790616,0.604035003989909,0.854234494790616)))
REPRESENTATION_ITEM('')
SURFACE()
);
#291=(
BOUNDED_SURFACE()
B_SPLINE_SURFACE(2,2,((#4830,#4831,#4832,#4833,#4834,#4835,#4836,#4837,
#4838),(#4839,#4840,#4841,#4842,#4843,#4844,#4845,#4846,#4847),(#4848,#4849,
#4850,#4851,#4852,#4853,#4854,#4855,#4856),(#4857,#4858,#4859,#4860,#4861,
#4862,#4863,#4864,#4865),(#4866,#4867,#4868,#4869,#4870,#4871,#4872,#4873,
#4874),(#4875,#4876,#4877,#4878,#4879,#4880,#4881,#4882,#4883),(#4884,#4885,
#4886,#4887,#4888,#4889,#4890,#4891,#4892),(#4893,#4894,#4895,#4896,#4897,
#4898,#4899,#4900,#4901),(#4902,#4903,#4904,#4905,#4906,#4907,#4908,#4909,
#4910),(#4911,#4912,#4913,#4914,#4915,#4916,#4917,#4918,#4919),(#4920,#4921,
#4922,#4923,#4924,#4925,#4926,#4927,#4928)),.UNSPECIFIED.,.T.,.T.,.F.)
B_SPLINE_SURFACE_WITH_KNOTS((3,2,2,2,2,3),(3,2,2,2,3),(2.3188007103549,
3.14159265358979,4.71238898038469,6.28318530717959,7.85398163397448,8.60198601753449),
(0.,1.5707963267949,3.14159265358979,4.71238898038469,6.28318530717959),
 .UNSPECIFIED.)
GEOMETRIC_REPRESENTATION_ITEM()
RATIONAL_B_SPLINE_SURFACE(((0.853885360175471,0.603788128535993,0.853885360175471,
0.603788128535993,0.853885360175471,0.603788128535993,0.853885360175471,
0.603788128535993,0.853885360175471),(0.84658088604041,0.59862308534209,
0.84658088604041,0.59862308534209,0.84658088604041,0.59862308534209,0.84658088604041,
0.59862308534209,0.84658088604041),(1.,0.707106781186548,1.,0.707106781186548,
1.,0.707106781186548,1.,0.707106781186548,1.),(0.707106781186552,0.500000000000004,
0.707106781186552,0.500000000000004,0.707106781186552,0.500000000000004,
0.707106781186552,0.500000000000004,0.707106781186552),(1.,0.707106781186548,
1.,0.707106781186548,1.,0.707106781186548,1.,0.707106781186548,1.),(0.707106781186539,
0.499999999999994,0.707106781186539,0.499999999999994,0.707106781186539,
0.499999999999994,0.707106781186539,0.499999999999994,0.707106781186539),
(1.,0.707106781186548,1.,0.707106781186548,1.,0.707106781186548,1.,0.707106781186548,
1.),(0.707106781186539,0.499999999999994,0.707106781186539,0.499999999999994,
0.707106781186539,0.499999999999994,0.707106781186539,0.499999999999994,
0.707106781186539),(1.,0.707106781186548,1.,0.707106781186548,1.,0.707106781186548,
1.,0.707106781186548,1.),(0.860525895146128,0.608483695844451,0.860525895146128,
0.608483695844451,0.860525895146128,0.608483695844451,0.860525895146128,
0.608483695844451,0.860525895146128),(0.853885360175471,0.603788128535993,
0.853885360175471,0.603788128535993,0.853885360175471,0.603788128535993,
0.853885360175471,0.603788128535993,0.853885360175471)))
REPRESENTATION_ITEM('')
SURFACE()
);
#292=(
BOUNDED_SURFACE()
B_SPLINE_SURFACE(2,2,((#5063,#5064,#5065,#5066,#5067,#5068,#5069,#5070,
#5071),(#5072,#5073,#5074,#5075,#5076,#5077,#5078,#5079,#5080),(#5081,#5082,
#5083,#5084,#5085,#5086,#5087,#5088,#5089),(#5090,#5091,#5092,#5093,#5094,
#5095,#5096,#5097,#5098),(#5099,#5100,#5101,#5102,#5103,#5104,#5105,#5106,
#5107),(#5108,#5109,#5110,#5111,#5112,#5113,#5114,#5115,#5116),(#5117,#5118,
#5119,#5120,#5121,#5122,#5123,#5124,#5125),(#5126,#5127,#5128,#5129,#5130,
#5131,#5132,#5133,#5134),(#5135,#5136,#5137,#5138,#5139,#5140,#5141,#5142,
#5143),(#5144,#5145,#5146,#5147,#5148,#5149,#5150,#5151,#5152),(#5153,#5154,
#5155,#5156,#5157,#5158,#5159,#5160,#5161)),.UNSPECIFIED.,.T.,.T.,.F.)
B_SPLINE_SURFACE_WITH_KNOTS((3,2,2,2,2,3),(3,2,2,2,3),(2.22783966760908,
3.14159265358979,4.71238898038469,6.28318530717959,7.85398163397448,8.51102497478866),
(0.,1.5707963267949,3.14159265358979,4.71238898038469,6.28318530717959),
 .UNSPECIFIED.)
GEOMETRIC_REPRESENTATION_ITEM()
RATIONAL_B_SPLINE_SURFACE(((0.85746471591804,0.606319115253843,0.85746471591804,
0.606319115253843,0.85746471591804,0.606319115253843,0.85746471591804,0.606319115253843,
0.85746471591804),(0.829620143172618,0.586630029046312,0.829620143172618,
0.586630029046312,0.829620143172618,0.586630029046312,0.829620143172618,
0.586630029046312,0.829620143172618),(1.,0.707106781186548,1.,0.707106781186548,
1.,0.707106781186548,1.,0.707106781186548,1.),(0.707106781186551,0.500000000000002,
0.707106781186551,0.500000000000002,0.707106781186551,0.500000000000002,
0.707106781186551,0.500000000000002,0.707106781186551),(1.,0.707106781186548,
1.,0.707106781186548,1.,0.707106781186548,1.,0.707106781186548,1.),(0.707106781186551,
0.500000000000002,0.707106781186551,0.500000000000002,0.707106781186551,
0.500000000000002,0.707106781186551,0.500000000000002,0.707106781186551),
(1.,0.707106781186548,1.,0.707106781186548,1.,0.707106781186548,1.,0.707106781186548,
1.),(0.707106781186551,0.500000000000002,0.707106781186551,0.500000000000002,
0.707106781186551,0.500000000000002,0.707106781186551,0.500000000000002,
0.707106781186551),(1.,0.707106781186548,1.,0.707106781186548,1.,0.707106781186548,
1.,0.707106781186548,1.),(0.877486638013933,0.620476752140238,0.877486638013933,
0.620476752140238,0.877486638013933,0.620476752140238,0.877486638013933,
0.620476752140238,0.877486638013933),(0.85746471591804,0.606319115253843,
0.85746471591804,0.606319115253843,0.85746471591804,0.606319115253843,0.85746471591804,
0.606319115253843,0.85746471591804)))
REPRESENTATION_ITEM('')
SURFACE()
);
#293=(
BOUNDED_SURFACE()
B_SPLINE_SURFACE(2,2,((#5211,#5212,#5213,#5214,#5215,#5216,#5217,#5218,
#5219),(#5220,#5221,#5222,#5223,#5224,#5225,#5226,#5227,#5228),(#5229,#5230,
#5231,#5232,#5233,#5234,#5235,#5236,#5237),(#5238,#5239,#5240,#5241,#5242,
#5243,#5244,#5245,#5246),(#5247,#5248,#5249,#5250,#5251,#5252,#5253,#5254,
#5255),(#5256,#5257,#5258,#5259,#5260,#5261,#5262,#5263,#5264),(#5265,#5266,
#5267,#5268,#5269,#5270,#5271,#5272,#5273),(#5274,#5275,#5276,#5277,#5278,
#5279,#5280,#5281,#5282),(#5283,#5284,#5285,#5286,#5287,#5288,#5289,#5290,
#5291)),.UNSPECIFIED.,.T.,.T.,.F.)
B_SPLINE_SURFACE_WITH_KNOTS((3,2,2,2,3),(3,2,2,2,3),(-3.14159265358979,
-1.5707963267949,0.,1.5707963267949,3.14159265358979),(0.,1.5707963267949,
3.14159265358979,4.71238898038469,6.28318530717959),.UNSPECIFIED.)
GEOMETRIC_REPRESENTATION_ITEM()
RATIONAL_B_SPLINE_SURFACE(((1.,0.707106781186548,1.,0.707106781186548,1.,
0.707106781186548,1.,0.707106781186548,1.),(0.707106781186542,0.499999999999996,
0.707106781186542,0.499999999999996,0.707106781186542,0.499999999999996,
0.707106781186542,0.499999999999996,0.707106781186542),(1.,0.707106781186548,
1.,0.707106781186548,1.,0.707106781186548,1.,0.707106781186548,1.),(0.707106781186542,
0.499999999999996,0.707106781186542,0.499999999999996,0.707106781186542,
0.499999999999996,0.707106781186542,0.499999999999996,0.707106781186542),
(1.,0.707106781186548,1.,0.707106781186548,1.,0.707106781186548,1.,0.707106781186548,
1.),(0.707106781186542,0.499999999999996,0.707106781186542,0.499999999999996,
0.707106781186542,0.499999999999996,0.707106781186542,0.499999999999996,
0.707106781186542),(1.,0.707106781186548,1.,0.707106781186548,1.,0.707106781186548,
1.,0.707106781186548,1.),(0.707106781186542,0.499999999999996,0.707106781186542,
0.499999999999996,0.707106781186542,0.499999999999996,0.707106781186542,
0.499999999999996,0.707106781186542),(1.,0.707106781186548,1.,0.707106781186548,
1.,0.707106781186548,1.,0.707106781186548,1.)))
REPRESENTATION_ITEM('')
SURFACE()
);
#294=(
BOUNDED_SURFACE()
B_SPLINE_SURFACE(2,2,((#5535,#5536,#5537,#5538,#5539,#5540,#5541,#5542,
#5543),(#5544,#5545,#5546,#5547,#5548,#5549,#5550,#5551,#5552),(#5553,#5554,
#5555,#5556,#5557,#5558,#5559,#5560,#5561),(#5562,#5563,#5564,#5565,#5566,
#5567,#5568,#5569,#5570),(#5571,#5572,#5573,#5574,#5575,#5576,#5577,#5578,
#5579)),.UNSPECIFIED.,.F.,.T.,.F.)
B_SPLINE_SURFACE_WITH_KNOTS((3,2,3),(3,2,2,2,3),(-1.5707963267949,0.,1.5707963267949),
(0.,1.5707963267949,3.14159265358979,4.71238898038469,6.28318530717959),
 .UNSPECIFIED.)
GEOMETRIC_REPRESENTATION_ITEM()
RATIONAL_B_SPLINE_SURFACE(((1.,0.707106781186548,1.,0.707106781186548,1.,
0.707106781186548,1.,0.707106781186548,1.),(0.707106781186547,0.5,0.707106781186547,
0.5,0.707106781186547,0.5,0.707106781186547,0.5,0.707106781186547),(1.,
0.707106781186548,1.,0.707106781186548,1.,0.707106781186548,1.,0.707106781186548,
1.),(0.707106781186547,0.5,0.707106781186547,0.5,0.707106781186547,0.5,
0.707106781186547,0.5,0.707106781186547),(1.,0.707106781186548,1.,0.707106781186548,
1.,0.707106781186548,1.,0.707106781186548,1.)))
REPRESENTATION_ITEM('')
SURFACE()
);
#295=FACE_OUTER_BOUND('',#421,.T.);
#296=FACE_OUTER_BOUND('',#422,.T.);
#297=FACE_OUTER_BOUND('',#423,.T.);
#298=FACE_OUTER_BOUND('',#424,.T.);
#299=FACE_OUTER_BOUND('',#425,.T.);
#300=FACE_OUTER_BOUND('',#426,.T.);
#301=FACE_OUTER_BOUND('',#427,.T.);
#302=FACE_OUTER_BOUND('',#428,.T.);
#303=FACE_OUTER_BOUND('',#429,.T.);
#304=FACE_OUTER_BOUND('',#430,.T.);
#305=FACE_OUTER_BOUND('',#431,.T.);
#306=FACE_OUTER_BOUND('',#432,.T.);
#307=FACE_OUTER_BOUND('',#433,.T.);
#308=FACE_OUTER_BOUND('',#434,.T.);
#309=FACE_OUTER_BOUND('',#435,.T.);
#310=FACE_OUTER_BOUND('',#436,.T.);
#311=FACE_OUTER_BOUND('',#437,.T.);
#312=FACE_OUTER_BOUND('',#438,.T.);
#313=FACE_OUTER_BOUND('',#439,.T.);
#314=FACE_OUTER_BOUND('',#440,.T.);
#315=FACE_OUTER_BOUND('',#441,.T.);
#316=FACE_OUTER_BOUND('',#442,.T.);
#317=FACE_OUTER_BOUND('',#443,.T.);
#318=FACE_OUTER_BOUND('',#444,.T.);
#319=FACE_OUTER_BOUND('',#445,.T.);
#320=FACE_OUTER_BOUND('',#446,.T.);
#321=FACE_OUTER_BOUND('',#447,.T.);
#322=FACE_OUTER_BOUND('',#448,.T.);
#323=FACE_OUTER_BOUND('',#449,.T.);
#324=FACE_OUTER_BOUND('',#450,.T.);
#325=FACE_OUTER_BOUND('',#451,.T.);
#326=FACE_OUTER_BOUND('',#452,.T.);
#327=FACE_OUTER_BOUND('',#453,.T.);
#328=FACE_OUTER_BOUND('',#454,.T.);
#329=FACE_OUTER_BOUND('',#455,.T.);
#330=FACE_OUTER_BOUND('',#456,.T.);
#331=FACE_OUTER_BOUND('',#457,.T.);
#332=FACE_OUTER_BOUND('',#458,.T.);
#333=FACE_OUTER_BOUND('',#459,.T.);
#334=FACE_OUTER_BOUND('',#460,.T.);
#335=FACE_OUTER_BOUND('',#461,.T.);
#336=FACE_OUTER_BOUND('',#462,.T.);
#337=FACE_OUTER_BOUND('',#463,.T.);
#338=FACE_OUTER_BOUND('',#464,.T.);
#339=FACE_OUTER_BOUND('',#465,.T.);
#340=FACE_OUTER_BOUND('',#466,.T.);
#341=FACE_OUTER_BOUND('',#467,.T.);
#342=FACE_OUTER_BOUND('',#468,.T.);
#343=FACE_OUTER_BOUND('',#469,.T.);
#344=FACE_OUTER_BOUND('',#470,.T.);
#345=FACE_OUTER_BOUND('',#471,.T.);
#346=FACE_OUTER_BOUND('',#472,.T.);
#347=FACE_OUTER_BOUND('',#473,.T.);
#348=FACE_OUTER_BOUND('',#474,.T.);
#349=FACE_OUTER_BOUND('',#475,.T.);
#350=FACE_OUTER_BOUND('',#476,.T.);
#351=FACE_OUTER_BOUND('',#477,.T.);
#352=FACE_OUTER_BOUND('',#478,.T.);
#353=FACE_OUTER_BOUND('',#479,.T.);
#354=FACE_OUTER_BOUND('',#480,.T.);
#355=FACE_OUTER_BOUND('',#481,.T.);
#356=FACE_OUTER_BOUND('',#482,.T.);
#357=FACE_OUTER_BOUND('',#483,.T.);
#358=FACE_OUTER_BOUND('',#484,.T.);
#359=FACE_OUTER_BOUND('',#485,.T.);
#360=FACE_OUTER_BOUND('',#486,.T.);
#361=FACE_OUTER_BOUND('',#487,.T.);
#362=FACE_OUTER_BOUND('',#488,.T.);
#363=FACE_OUTER_BOUND('',#489,.T.);
#364=FACE_OUTER_BOUND('',#490,.T.);
#365=FACE_OUTER_BOUND('',#491,.T.);
#366=FACE_OUTER_BOUND('',#492,.T.);
#367=FACE_OUTER_BOUND('',#493,.T.);
#368=FACE_OUTER_BOUND('',#494,.T.);
#369=FACE_OUTER_BOUND('',#495,.T.);
#370=FACE_OUTER_BOUND('',#496,.T.);
#371=FACE_OUTER_BOUND('',#497,.T.);
#372=FACE_OUTER_BOUND('',#498,.T.);
#373=FACE_OUTER_BOUND('',#499,.T.);
#374=FACE_OUTER_BOUND('',#500,.T.);
#375=FACE_OUTER_BOUND('',#501,.T.);
#376=FACE_OUTER_BOUND('',#502,.T.);
#377=FACE_OUTER_BOUND('',#503,.T.);
#378=FACE_OUTER_BOUND('',#504,.T.);
#379=FACE_OUTER_BOUND('',#505,.T.);
#380=FACE_OUTER_BOUND('',#506,.T.);
#381=FACE_OUTER_BOUND('',#507,.T.);
#382=FACE_OUTER_BOUND('',#508,.T.);
#383=FACE_OUTER_BOUND('',#509,.T.);
#384=FACE_OUTER_BOUND('',#510,.T.);
#385=FACE_OUTER_BOUND('',#511,.T.);
#386=FACE_OUTER_BOUND('',#512,.T.);
#387=FACE_OUTER_BOUND('',#513,.T.);
#388=FACE_OUTER_BOUND('',#514,.T.);
#389=FACE_OUTER_BOUND('',#515,.T.);
#390=FACE_OUTER_BOUND('',#516,.T.);
#391=FACE_OUTER_BOUND('',#517,.T.);
#392=FACE_OUTER_BOUND('',#518,.T.);
#393=FACE_OUTER_BOUND('',#519,.T.);
#394=FACE_OUTER_BOUND('',#520,.T.);
#395=FACE_OUTER_BOUND('',#521,.T.);
#396=FACE_OUTER_BOUND('',#522,.T.);
#397=FACE_OUTER_BOUND('',#523,.T.);
#398=FACE_OUTER_BOUND('',#524,.T.);
#399=FACE_OUTER_BOUND('',#525,.T.);
#400=FACE_OUTER_BOUND('',#526,.T.);
#401=FACE_OUTER_BOUND('',#527,.T.);
#402=FACE_OUTER_BOUND('',#528,.T.);
#403=FACE_OUTER_BOUND('',#529,.T.);
#404=FACE_OUTER_BOUND('',#530,.T.);
#405=FACE_OUTER_BOUND('',#531,.T.);
#406=FACE_OUTER_BOUND('',#532,.T.);
#407=FACE_OUTER_BOUND('',#533,.T.);
#408=FACE_OUTER_BOUND('',#534,.T.);
#409=FACE_OUTER_BOUND('',#535,.T.);
#410=FACE_OUTER_BOUND('',#536,.T.);
#411=FACE_OUTER_BOUND('',#537,.T.);
#412=FACE_OUTER_BOUND('',#538,.T.);
#413=FACE_OUTER_BOUND('',#539,.T.);
#414=FACE_OUTER_BOUND('',#540,.T.);
#415=FACE_OUTER_BOUND('',#541,.T.);
#416=FACE_OUTER_BOUND('',#542,.T.);
#417=FACE_OUTER_BOUND('',#543,.T.);
#418=FACE_OUTER_BOUND('',#544,.T.);
#419=FACE_OUTER_BOUND('',#545,.T.);
#420=FACE_OUTER_BOUND('',#547,.T.);
#421=EDGE_LOOP('',(#1601,#1602,#1603,#1604,#1605,#1606,#1607));
#422=EDGE_LOOP('',(#1608,#1609,#1610,#1611,#1612,#1613));
#423=EDGE_LOOP('',(#1614,#1615,#1616,#1617,#1618,#1619,#1620));
#424=EDGE_LOOP('',(#1621,#1622,#1623,#1624));
#425=EDGE_LOOP('',(#1625,#1626,#1627,#1628,#1629));
#426=EDGE_LOOP('',(#1630,#1631,#1632,#1633));
#427=EDGE_LOOP('',(#1634,#1635,#1636,#1637,#1638,#1639,#1640,#1641,#1642,
#1643,#1644,#1645));
#428=EDGE_LOOP('',(#1646,#1647,#1648,#1649,#1650,#1651,#1652,#1653,#1654,
#1655,#1656,#1657,#1658,#1659,#1660,#1661,#1662,#1663));
#429=EDGE_LOOP('',(#1664,#1665,#1666,#1667,#1668));
#430=EDGE_LOOP('',(#1669,#1670,#1671,#1672,#1673,#1674,#1675));
#431=EDGE_LOOP('',(#1676,#1677,#1678,#1679,#1680,#1681,#1682));
#432=EDGE_LOOP('',(#1683,#1684,#1685,#1686,#1687,#1688));
#433=EDGE_LOOP('',(#1689,#1690,#1691,#1692,#1693,#1694,#1695));
#434=EDGE_LOOP('',(#1696,#1697,#1698,#1699,#1700));
#435=EDGE_LOOP('',(#1701,#1702,#1703,#1704,#1705,#1706,#1707,#1708,#1709,
#1710,#1711,#1712,#1713));
#436=EDGE_LOOP('',(#1714,#1715,#1716,#1717,#1718));
#437=EDGE_LOOP('',(#1719,#1720,#1721,#1722));
#438=EDGE_LOOP('',(#1723,#1724,#1725,#1726,#1727,#1728,#1729,#1730,#1731,
#1732,#1733,#1734,#1735,#1736,#1737,#1738,#1739));
#439=EDGE_LOOP('',(#1740,#1741,#1742,#1743,#1744,#1745,#1746,#1747,#1748));
#440=EDGE_LOOP('',(#1749,#1750,#1751,#1752,#1753,#1754,#1755));
#441=EDGE_LOOP('',(#1756,#1757,#1758,#1759,#1760,#1761,#1762,#1763));
#442=EDGE_LOOP('',(#1764,#1765,#1766,#1767,#1768,#1769,#1770,#1771));
#443=EDGE_LOOP('',(#1772,#1773,#1774,#1775,#1776));
#444=EDGE_LOOP('',(#1777,#1778,#1779,#1780,#1781,#1782,#1783,#1784,#1785,
#1786,#1787,#1788,#1789,#1790,#1791,#1792,#1793,#1794,#1795,#1796,#1797,
#1798,#1799));
#445=EDGE_LOOP('',(#1800,#1801,#1802,#1803,#1804,#1805,#1806,#1807,#1808));
#446=EDGE_LOOP('',(#1809,#1810,#1811,#1812,#1813));
#447=EDGE_LOOP('',(#1814,#1815,#1816,#1817,#1818,#1819,#1820,#1821));
#448=EDGE_LOOP('',(#1822,#1823,#1824,#1825,#1826,#1827,#1828,#1829,#1830,
#1831,#1832));
#449=EDGE_LOOP('',(#1833,#1834,#1835,#1836));
#450=EDGE_LOOP('',(#1837,#1838,#1839,#1840));
#451=EDGE_LOOP('',(#1841,#1842,#1843,#1844,#1845,#1846,#1847,#1848,#1849,
#1850,#1851,#1852,#1853,#1854,#1855,#1856,#1857));
#452=EDGE_LOOP('',(#1858,#1859,#1860,#1861,#1862,#1863,#1864,#1865,#1866,
#1867,#1868,#1869,#1870,#1871));
#453=EDGE_LOOP('',(#1872,#1873,#1874,#1875));
#454=EDGE_LOOP('',(#1876,#1877,#1878,#1879,#1880,#1881,#1882,#1883,#1884,
#1885));
#455=EDGE_LOOP('',(#1886,#1887,#1888,#1889));
#456=EDGE_LOOP('',(#1890,#1891,#1892,#1893));
#457=EDGE_LOOP('',(#1894,#1895,#1896,#1897));
#458=EDGE_LOOP('',(#1898,#1899,#1900,#1901));
#459=EDGE_LOOP('',(#1902,#1903,#1904,#1905));
#460=EDGE_LOOP('',(#1906,#1907,#1908,#1909));
#461=EDGE_LOOP('',(#1910,#1911,#1912,#1913));
#462=EDGE_LOOP('',(#1914,#1915,#1916,#1917));
#463=EDGE_LOOP('',(#1918,#1919,#1920,#1921,#1922,#1923,#1924));
#464=EDGE_LOOP('',(#1925,#1926,#1927,#1928));
#465=EDGE_LOOP('',(#1929,#1930,#1931,#1932));
#466=EDGE_LOOP('',(#1933,#1934,#1935,#1936));
#467=EDGE_LOOP('',(#1937,#1938,#1939,#1940));
#468=EDGE_LOOP('',(#1941,#1942,#1943,#1944,#1945));
#469=EDGE_LOOP('',(#1946,#1947,#1948,#1949,#1950,#1951));
#470=EDGE_LOOP('',(#1952,#1953,#1954,#1955,#1956,#1957));
#471=EDGE_LOOP('',(#1958,#1959,#1960,#1961));
#472=EDGE_LOOP('',(#1962,#1963,#1964,#1965,#1966));
#473=EDGE_LOOP('',(#1967,#1968,#1969,#1970,#1971));
#474=EDGE_LOOP('',(#1972,#1973,#1974,#1975,#1976,#1977));
#475=EDGE_LOOP('',(#1978,#1979,#1980,#1981));
#476=EDGE_LOOP('',(#1982,#1983,#1984,#1985));
#477=EDGE_LOOP('',(#1986,#1987,#1988,#1989,#1990));
#478=EDGE_LOOP('',(#1991,#1992,#1993,#1994));
#479=EDGE_LOOP('',(#1995,#1996,#1997,#1998));
#480=EDGE_LOOP('',(#1999,#2000,#2001,#2002,#2003));
#481=EDGE_LOOP('',(#2004,#2005,#2006,#2007,#2008));
#482=EDGE_LOOP('',(#2009,#2010,#2011,#2012,#2013));
#483=EDGE_LOOP('',(#2014,#2015,#2016,#2017));
#484=EDGE_LOOP('',(#2018,#2019,#2020,#2021,#2022,#2023,#2024));
#485=EDGE_LOOP('',(#2025,#2026,#2027,#2028,#2029));
#486=EDGE_LOOP('',(#2030,#2031,#2032,#2033,#2034));
#487=EDGE_LOOP('',(#2035,#2036,#2037,#2038));
#488=EDGE_LOOP('',(#2039,#2040,#2041,#2042,#2043,#2044,#2045,#2046,#2047,
#2048,#2049,#2050));
#489=EDGE_LOOP('',(#2051,#2052,#2053,#2054,#2055,#2056,#2057,#2058,#2059,
#2060,#2061,#2062,#2063,#2064,#2065,#2066,#2067,#2068));
#490=EDGE_LOOP('',(#2069,#2070,#2071,#2072,#2073));
#491=EDGE_LOOP('',(#2074,#2075,#2076,#2077,#2078,#2079,#2080));
#492=EDGE_LOOP('',(#2081,#2082,#2083,#2084,#2085,#2086));
#493=EDGE_LOOP('',(#2087,#2088,#2089,#2090,#2091,#2092));
#494=EDGE_LOOP('',(#2093,#2094,#2095,#2096,#2097,#2098,#2099));
#495=EDGE_LOOP('',(#2100,#2101,#2102,#2103,#2104));
#496=EDGE_LOOP('',(#2105,#2106,#2107,#2108,#2109,#2110,#2111,#2112,#2113,
#2114,#2115,#2116,#2117));
#497=EDGE_LOOP('',(#2118,#2119,#2120,#2121,#2122));
#498=EDGE_LOOP('',(#2123,#2124,#2125,#2126));
#499=EDGE_LOOP('',(#2127,#2128,#2129,#2130,#2131,#2132,#2133,#2134,#2135,
#2136,#2137,#2138,#2139,#2140,#2141,#2142,#2143));
#500=EDGE_LOOP('',(#2144,#2145,#2146,#2147,#2148,#2149,#2150,#2151,#2152));
#501=EDGE_LOOP('',(#2153,#2154,#2155,#2156,#2157,#2158,#2159));
#502=EDGE_LOOP('',(#2160,#2161,#2162,#2163,#2164,#2165,#2166,#2167,#2168));
#503=EDGE_LOOP('',(#2169,#2170,#2171,#2172,#2173,#2174,#2175,#2176));
#504=EDGE_LOOP('',(#2177,#2178,#2179,#2180,#2181));
#505=EDGE_LOOP('',(#2182,#2183,#2184,#2185,#2186,#2187,#2188,#2189,#2190,
#2191,#2192,#2193,#2194,#2195,#2196,#2197,#2198,#2199,#2200,#2201,#2202,
#2203,#2204));
#506=EDGE_LOOP('',(#2205,#2206,#2207,#2208,#2209,#2210,#2211));
#507=EDGE_LOOP('',(#2212,#2213,#2214,#2215,#2216));
#508=EDGE_LOOP('',(#2217,#2218,#2219,#2220,#2221,#2222,#2223,#2224));
#509=EDGE_LOOP('',(#2225,#2226,#2227,#2228,#2229,#2230,#2231,#2232,#2233,
#2234,#2235));
#510=EDGE_LOOP('',(#2236,#2237,#2238,#2239));
#511=EDGE_LOOP('',(#2240,#2241,#2242,#2243));
#512=EDGE_LOOP('',(#2244,#2245,#2246,#2247,#2248,#2249,#2250,#2251,#2252,
#2253,#2254,#2255,#2256,#2257,#2258,#2259));
#513=EDGE_LOOP('',(#2260,#2261,#2262,#2263,#2264,#2265,#2266,#2267,#2268,
#2269,#2270,#2271,#2272));
#514=EDGE_LOOP('',(#2273,#2274,#2275,#2276));
#515=EDGE_LOOP('',(#2277,#2278,#2279,#2280,#2281,#2282,#2283,#2284,#2285,
#2286));
#516=EDGE_LOOP('',(#2287,#2288,#2289,#2290));
#517=EDGE_LOOP('',(#2291,#2292,#2293,#2294));
#518=EDGE_LOOP('',(#2295,#2296,#2297,#2298));
#519=EDGE_LOOP('',(#2299,#2300,#2301,#2302));
#520=EDGE_LOOP('',(#2303,#2304,#2305,#2306));
#521=EDGE_LOOP('',(#2307,#2308,#2309,#2310));
#522=EDGE_LOOP('',(#2311,#2312,#2313,#2314));
#523=EDGE_LOOP('',(#2315,#2316,#2317,#2318));
#524=EDGE_LOOP('',(#2319,#2320,#2321,#2322,#2323,#2324,#2325,#2326));
#525=EDGE_LOOP('',(#2327,#2328,#2329,#2330));
#526=EDGE_LOOP('',(#2331,#2332,#2333,#2334));
#527=EDGE_LOOP('',(#2335,#2336,#2337,#2338));
#528=EDGE_LOOP('',(#2339,#2340,#2341,#2342));
#529=EDGE_LOOP('',(#2343,#2344,#2345,#2346,#2347));
#530=EDGE_LOOP('',(#2348,#2349,#2350,#2351,#2352,#2353));
#531=EDGE_LOOP('',(#2354,#2355,#2356,#2357,#2358,#2359));
#532=EDGE_LOOP('',(#2360,#2361,#2362,#2363));
#533=EDGE_LOOP('',(#2364,#2365,#2366,#2367,#2368));
#534=EDGE_LOOP('',(#2369,#2370,#2371,#2372,#2373));
#535=EDGE_LOOP('',(#2374,#2375,#2376,#2377,#2378,#2379));
#536=EDGE_LOOP('',(#2380,#2381,#2382,#2383));
#537=EDGE_LOOP('',(#2384,#2385,#2386,#2387));
#538=EDGE_LOOP('',(#2388,#2389,#2390,#2391,#2392));
#539=EDGE_LOOP('',(#2393,#2394,#2395,#2396));
#540=EDGE_LOOP('',(#2397,#2398,#2399,#2400));
#541=EDGE_LOOP('',(#2401,#2402,#2403,#2404,#2405));
#542=EDGE_LOOP('',(#2406,#2407,#2408,#2409,#2410));
#543=EDGE_LOOP('',(#2411,#2412,#2413,#2414,#2415));
#544=EDGE_LOOP('',(#2416,#2417,#2418,#2419));
#545=EDGE_LOOP('',(#2420,#2421,#2422,#2423,#2424,#2425));
#546=EDGE_LOOP('',(#2426,#2427,#2428,#2429,#2430,#2431,#2432));
#547=EDGE_LOOP('',(#2433,#2434,#2435,#2436,#2437));
#548=EDGE_LOOP('',(#2438,#2439,#2440,#2441,#2442));
#549=B_SPLINE_CURVE_WITH_KNOTS('',3,(#3306,#3307,#3308,#3309),
 .UNSPECIFIED.,.F.,.F.,(4,4),(0.00342544380530264,0.0339144008619842),
 .UNSPECIFIED.);
#550=B_SPLINE_CURVE_WITH_KNOTS('',3,(#3310,#3311,#3312,#3313,#3314,#3315,
#3316,#3317,#3318),.UNSPECIFIED.,.F.,.F.,(4,2,3,4),(-0.502446752302525,
-0.28402066909271,0.,0.262266460242152),.UNSPECIFIED.);
#551=B_SPLINE_CURVE_WITH_KNOTS('',3,(#3370,#3371,#3372,#3373,#3374,#3375,
#3376,#3377,#3378,#3379),.UNSPECIFIED.,.F.,.F.,(4,3,3,4),(-0.502446689707898,
-0.133320066256103,0.183362797694058,0.262266454963177),.UNSPECIFIED.);
#552=B_SPLINE_CURVE_WITH_KNOTS('',3,(#3381,#3382,#3383,#3384),
 .UNSPECIFIED.,.F.,.F.,(4,4),(0.00342544380530264,0.0339144008619842),
 .UNSPECIFIED.);
#553=B_SPLINE_CURVE_WITH_KNOTS('',3,(#3441,#3442,#3443,#3444),
 .UNSPECIFIED.,.F.,.F.,(4,4),(2.47429551886515,2.53762884920688),
 .UNSPECIFIED.);
#554=B_SPLINE_CURVE_WITH_KNOTS('',3,(#3446,#3447,#3448,#3449,#3450,#3451,
#3452,#3453,#3454,#3455),.UNSPECIFIED.,.F.,.F.,(4,3,3,4),(0.347641346338365,
0.5030038774077,0.65237749588233,0.673221614760713),.UNSPECIFIED.);
#555=B_SPLINE_CURVE_WITH_KNOTS('',3,(#3457,#3458,#3459,#3460),
 .UNSPECIFIED.,.F.,.F.,(4,4),(2.8816417176399,3.00491332024077),
 .UNSPECIFIED.);
#556=B_SPLINE_CURVE_WITH_KNOTS('',3,(#3462,#3463,#3464,#3465),
 .UNSPECIFIED.,.F.,.F.,(4,4),(3.90376410297722E-5,0.082957565476351),
 .UNSPECIFIED.);
#557=B_SPLINE_CURVE_WITH_KNOTS('',3,(#3466,#3467,#3468,#3469),
 .UNSPECIFIED.,.F.,.F.,(4,4),(2.38594313161169,2.47429551886515),
 .UNSPECIFIED.);
#558=B_SPLINE_CURVE_WITH_KNOTS('',2,(#3473,#3474,#3475),.UNSPECIFIED.,.F.,
 .F.,(3,3),(0.000684131575302848,0.344712980002441),.UNSPECIFIED.);
#559=B_SPLINE_CURVE_WITH_KNOTS('',3,(#3477,#3478,#3479,#3480),
 .UNSPECIFIED.,.F.,.F.,(4,4),(1.67068456372039,1.92622290621974),
 .UNSPECIFIED.);
#560=B_SPLINE_CURVE_WITH_KNOTS('',2,(#3482,#3483,#3484),.UNSPECIFIED.,.F.,
 .F.,(3,3),(0.000803001464486037,0.344810141664095),.UNSPECIFIED.);
#561=B_SPLINE_CURVE_WITH_KNOTS('',3,(#3485,#3486,#3487,#3488),
 .UNSPECIFIED.,.F.,.F.,(4,4),(0.360370857285938,0.626070333978005),
 .UNSPECIFIED.);
#562=B_SPLINE_CURVE_WITH_KNOTS('',2,(#3492,#3493,#3494),.UNSPECIFIED.,.F.,
 .F.,(3,3),(0.000475728213239299,0.344683525140157),.UNSPECIFIED.);
#563=B_SPLINE_CURVE_WITH_KNOTS('',3,(#3496,#3497,#3498,#3499),
 .UNSPECIFIED.,.F.,.F.,(4,4),(1.87356005942733,1.90459936443115),
 .UNSPECIFIED.);
#564=B_SPLINE_CURVE_WITH_KNOTS('',3,(#3501,#3502,#3503,#3504),
 .UNSPECIFIED.,.F.,.F.,(4,4),(1.90459307554337,2.06066599776904),
 .UNSPECIFIED.);
#565=B_SPLINE_CURVE_WITH_KNOTS('',2,(#3506,#3507,#3508),.UNSPECIFIED.,.F.,
 .F.,(3,3),(0.000342146770285726,0.341083643125021),.UNSPECIFIED.);
#566=B_SPLINE_CURVE_WITH_KNOTS('',3,(#3509,#3510,#3511,#3512),
 .UNSPECIFIED.,.F.,.F.,(4,4),(0.133901196378086,0.296422356982173),
 .UNSPECIFIED.);
#567=B_SPLINE_CURVE_WITH_KNOTS('',3,(#3516,#3517,#3518,#3519),
 .UNSPECIFIED.,.F.,.F.,(4,4),(2.27413718478928,2.52973915515333),
 .UNSPECIFIED.);
#568=B_SPLINE_CURVE_WITH_KNOTS('',2,(#3521,#3522,#3523),.UNSPECIFIED.,.F.,
 .F.,(3,3),(0.000807852736868711,0.344810877202931),.UNSPECIFIED.);
#569=B_SPLINE_CURVE_WITH_KNOTS('',3,(#3525,#3526,#3527,#3528),
 .UNSPECIFIED.,.F.,.F.,(4,4),(-0.231567935406795,0.0343042921477843),
 .UNSPECIFIED.);
#570=B_SPLINE_CURVE_WITH_KNOTS('',2,(#3529,#3530,#3531),.UNSPECIFIED.,.F.,
 .F.,(3,3),(0.00084952910925439,0.344243059262931),.UNSPECIFIED.);
#571=B_SPLINE_CURVE_WITH_KNOTS('',2,(#3535,#3536,#3537),.UNSPECIFIED.,.F.,
 .F.,(3,3),(0.000557827726263732,0.344171627207098),.UNSPECIFIED.);
#572=B_SPLINE_CURVE_WITH_KNOTS('',3,(#3539,#3540,#3541,#3542,#3543,#3544,
#3545,#3546,#3547,#3548),.UNSPECIFIED.,.F.,.F.,(4,3,3,4),(-2.99662299053499,
-2.68389983151481,-2.37147032489527,-2.36992189751292),.UNSPECIFIED.);
#573=B_SPLINE_CURVE_WITH_KNOTS('',3,(#3550,#3551,#3552,#3553,#3554,#3555,
#3556,#3557,#3558,#3559,#3560,#3561,#3562,#3563,#3564,#3565,#3566,#3567,
#3568,#3569,#3570,#3571,#3572,#3573,#3574),.UNSPECIFIED.,.F.,.F.,(4,3,3,
3,3,3,3,3,4),(-2.36992189751292,-2.08757308802764,-1.78872196419188,-1.49704222653141,
-1.21159114540074,-0.907057892994881,-0.595614755967679,-0.317287816002088,
-0.296310421001201),.UNSPECIFIED.);
#574=B_SPLINE_CURVE_WITH_KNOTS('',2,(#3576,#3577,#3578),.UNSPECIFIED.,.F.,
 .F.,(3,3),(0.000454047189950928,0.344314270882691),.UNSPECIFIED.);
#575=B_SPLINE_CURVE_WITH_KNOTS('',3,(#3580,#3581,#3582,#3583,#3584,#3585,
#3586),.UNSPECIFIED.,.F.,.F.,(4,3,4),(2.52388385561865,2.81386158289454,
2.99894742451786),.UNSPECIFIED.);
#576=B_SPLINE_CURVE_WITH_KNOTS('',3,(#3588,#3589,#3590,#3591),
 .UNSPECIFIED.,.F.,.F.,(4,4),(0.000811951763105639,0.176253982290709),
 .UNSPECIFIED.);
#577=B_SPLINE_CURVE_WITH_KNOTS('',3,(#3596,#3597,#3598,#3599),
 .UNSPECIFIED.,.F.,.F.,(4,4),(3.59846567476022,3.88647258711218),
 .UNSPECIFIED.);
#578=B_SPLINE_CURVE_WITH_KNOTS('',3,(#3601,#3602,#3603,#3604),
 .UNSPECIFIED.,.F.,.F.,(4,4),(0.262266454963178,0.315947352275467),
 .UNSPECIFIED.);
#579=B_SPLINE_CURVE_WITH_KNOTS('',3,(#3605,#3606,#3607,#3608),
 .UNSPECIFIED.,.F.,.F.,(4,4),(0.314989851445181,0.568060939733041),
 .UNSPECIFIED.);
#580=B_SPLINE_CURVE_WITH_KNOTS('',3,(#3616,#3617,#3618,#3619,#3620,#3621,
#3622,#3623,#3624,#3625,#3626,#3627,#3628,#3629,#3630,#3631,#3632,#3633,
#3634,#3635,#3636,#3637,#3638,#3639,#3640,#3641,#3642,#3643,#3644,#3645),
 .UNSPECIFIED.,.F.,.F.,(4,1,1,1,1,1,1,1,1,1,1,1,1,1,1,1,1,1,1,1,1,1,1,1,
1,1,1,4),(0.,0.0673945507382877,0.101091860156145,0.134789120882933,0.168486464709181,
0.20218351463894,0.235880659277656,0.269578401640747,0.30327549124944,0.336972463207192,
0.370669851759169,0.404366933436929,0.438064180055448,0.471761448105215,
0.505458766381949,0.539155717666947,0.572853157417562,0.60655014692434,
0.6402477702393,0.67394456450888,0.707641672837241,0.741339727155216,0.775036709663049,
0.808733540668421,0.842431459335683,0.876128928359286,0.909825577430197,
0.977220539496428),.UNSPECIFIED.);
#581=B_SPLINE_CURVE_WITH_KNOTS('',3,(#3649,#3650,#3651,#3652),
 .UNSPECIFIED.,.F.,.F.,(4,4),(0.989951417585034,1.02293865325556),
 .UNSPECIFIED.);
#582=B_SPLINE_CURVE_WITH_KNOTS('',3,(#3656,#3657,#3658,#3659,#3660,#3661,
#3662,#3663,#3664,#3665,#3666,#3667,#3668,#3669,#3670,#3671,#3672,#3673,
#3674,#3675,#3676,#3677,#3678,#3679,#3680,#3681,#3682,#3683,#3684,#3685),
 .UNSPECIFIED.,.F.,.F.,(4,1,1,1,1,1,1,1,1,1,1,1,1,1,1,1,1,1,1,1,1,1,1,1,
1,1,1,4),(0.,0.0673945575368152,0.101092300738276,0.13478886122004,0.168486375149281,
0.202184118350741,0.235881299115901,0.269578675887557,0.303275690730494,
0.33697242167662,0.370670106123596,0.404367383742851,0.438064921644864,
0.471761517760064,0.505458581101277,0.539156248221834,0.572853230729666,
0.606551285047641,0.640248393376003,0.673945187645582,0.707642810960543,
0.741339800467321,0.775037240217936,0.808734191502934,0.842431509779667,
0.876128777829435,0.909826024447953,0.977220494677691),.UNSPECIFIED.);
#583=B_SPLINE_CURVE_WITH_KNOTS('',3,(#3689,#3690,#3691,#3692),
 .UNSPECIFIED.,.F.,.F.,(4,4),(2.01745856181094,2.05031842778131),
 .UNSPECIFIED.);
#584=B_SPLINE_CURVE_WITH_KNOTS('',2,(#3698,#3699,#3700),.UNSPECIFIED.,.F.,
 .F.,(3,3),(0.,0.0673949109190422),.UNSPECIFIED.);
#585=B_SPLINE_CURVE_WITH_KNOTS('',3,(#3702,#3703,#3704,#3705),
 .UNSPECIFIED.,.F.,.F.,(4,4),(7.60587791444177E-6,0.176274840556223),
 .UNSPECIFIED.);
#586=B_SPLINE_CURVE_WITH_KNOTS('',3,(#3707,#3708,#3709,#3710,#3711,#3712,
#3713,#3714,#3715,#3716,#3717,#3718,#3719,#3720,#3721,#3722,#3723,#3724,
#3725),.UNSPECIFIED.,.F.,.F.,(4,3,3,3,3,3,4),(-4.54782422324558,-3.89630944252856,
-3.2792863158752,-2.68446575997506,-2.06859117127989,-1.46831347001788,
-1.38407651245167),.UNSPECIFIED.);
#587=B_SPLINE_CURVE_WITH_KNOTS('',3,(#3727,#3728,#3729,#3730,#3731,#3732,
#3733),.UNSPECIFIED.,.F.,.F.,(4,3,4),(-1.38407651245167,-0.836455676956549,
-0.593058786331806),.UNSPECIFIED.);
#588=B_SPLINE_CURVE_WITH_KNOTS('',3,(#3735,#3736,#3737,#3738),
 .UNSPECIFIED.,.F.,.F.,(4,4),(0.,0.176174227792435),.UNSPECIFIED.);
#589=B_SPLINE_CURVE_WITH_KNOTS('',3,(#3740,#3741,#3742,#3743,#3744,#3745,
#3746),.UNSPECIFIED.,.F.,.F.,(4,1,1,1,4),(0.000178213892250118,0.202183367040862,
0.404366734081724,0.606550101122587,0.808733468163449),.UNSPECIFIED.);
#590=B_SPLINE_CURVE_WITH_KNOTS('',3,(#3754,#3755,#3756,#3757,#3758,#3759,
#3760,#3761,#3762,#3763,#3764,#3765,#3766),.UNSPECIFIED.,.F.,.F.,(4,3,3,
3,4),(2.02951422130867,2.29209619221949,2.56215005553769,2.94674419112896,
3.01521559948724),.UNSPECIFIED.);
#591=B_SPLINE_CURVE_WITH_KNOTS('',3,(#3767,#3768,#3769,#3770,#3771,#3772,
#3773,#3774,#3775,#3776,#3777,#3778,#3779,#3780,#3781,#3782,#3783,#3784,
#3785,#3786,#3787,#3788,#3789,#3790,#3791,#3792,#3793,#3794,#3795,#3796,
#3797,#3798,#3799,#3800),.UNSPECIFIED.,.F.,.F.,(4,3,3,3,3,3,3,3,3,3,3,4),
(3.01521559948724,3.21642514480644,3.52188225700556,3.81564384231833,4.08694948098845,
4.44112283858919,4.74019102411948,5.0308162937054,5.27750513587962,5.55806684482867,
5.84097394540238,6.08883771829279),.UNSPECIFIED.);
#592=B_SPLINE_CURVE_WITH_KNOTS('',3,(#3890,#3891,#3892,#3893,#3894,#3895,
#3896,#3897,#3898,#3899),.UNSPECIFIED.,.F.,.F.,(4,3,3,4),(5.30261677557087,
5.4791241070155,6.05025685072998,6.36337186520552),.UNSPECIFIED.);
#593=B_SPLINE_CURVE_WITH_KNOTS('',3,(#3901,#3902,#3903,#3904,#3905,#3906,
#3907,#3908,#3909,#3910),.UNSPECIFIED.,.F.,.F.,(4,3,3,4),(6.36337186520552,
6.60838632332009,7.16015324561876,7.42404628303739),.UNSPECIFIED.);
#594=B_SPLINE_CURVE_WITH_KNOTS('',3,(#3911,#3912,#3913,#3914,#3915,#3916,
#3917,#3918,#3919,#3920,#3921,#3922,#3923),.UNSPECIFIED.,.F.,.F.,(4,3,3,
3,4),(3.18199360771759,3.75897466963101,4.31336395737149,4.88608138421179,
5.30261677557087),.UNSPECIFIED.);
#595=B_SPLINE_CURVE_WITH_KNOTS('',3,(#3932,#3933,#3934,#3935,#3936,#3937,
#3938,#3939,#3940,#3941,#3942,#3943,#3944,#3945,#3946,#3947,#3948,#3949,
#3950,#3951,#3952,#3953),.UNSPECIFIED.,.F.,.F.,(4,3,3,3,3,3,3,4),(3.90132549199636,
3.93222382321326,4.27935400308705,4.55690254792906,4.86658939560379,5.13152700161751,
5.39303027085234,5.48794855498725),.UNSPECIFIED.);
#596=B_SPLINE_CURVE_WITH_KNOTS('',3,(#3955,#3956,#3957,#3958,#3959,#3960,
#3961),.UNSPECIFIED.,.F.,.F.,(4,3,4),(5.48794855498725,5.7666984825556,
5.85198615555839),.UNSPECIFIED.);
#597=B_SPLINE_CURVE_WITH_KNOTS('',3,(#3962,#3963,#3964,#3965,#3966,#3967,
#3968,#3969,#3970,#3971,#3972,#3973,#3974,#3975,#3976,#3977,#3978,#3979,
#3980,#3981,#3982,#3983),.UNSPECIFIED.,.F.,.F.,(4,3,3,3,3,3,3,4),(1.95073384389831,
2.20764767204063,2.44896873304562,2.82233772526609,3.09366553791048,3.39179586712668,
3.66747048527141,3.90132549199636),.UNSPECIFIED.);
#598=B_SPLINE_CURVE_WITH_KNOTS('',3,(#4067,#4068,#4069,#4070,#4071,#4072,
#4073,#4074,#4075,#4076,#4077,#4078,#4079,#4080,#4081,#4082,#4083,#4084,
#4085),.UNSPECIFIED.,.F.,.F.,(4,3,3,3,3,3,4),(2.32279530231946,2.42275977836252,
2.52351325997284,2.62585935751246,2.72891376267923,2.83332457226058,2.923828944772),
 .UNSPECIFIED.);
#599=B_SPLINE_CURVE_WITH_KNOTS('',3,(#4087,#4088,#4089,#4090),
 .UNSPECIFIED.,.F.,.F.,(4,4),(2.02061862874102,2.03966770797924),
 .UNSPECIFIED.);
#600=B_SPLINE_CURVE_WITH_KNOTS('',3,(#4091,#4092,#4093,#4094,#4095,#4096,
#4097,#4098,#4099,#4100,#4101,#4102,#4103,#4104,#4105,#4106,#4107,#4108,
#4109,#4110,#4111,#4112,#4113,#4114,#4115),.UNSPECIFIED.,.F.,.F.,(4,3,3,
3,3,3,3,3,4),(2.03966770797924,2.56387644104977,3.14149209640471,3.70660437540236,
4.26748754170681,4.81983443810178,5.35788557406943,5.93045068560437,6.10030455597068),
 .UNSPECIFIED.);
#601=B_SPLINE_CURVE_WITH_KNOTS('',3,(#4221,#4222,#4223,#4224,#4225,#4226,
#4227),.UNSPECIFIED.,.F.,.F.,(4,3,4),(0.338570897170441,0.959370071387185,
1.12947684114701),.UNSPECIFIED.);
#602=B_SPLINE_CURVE_WITH_KNOTS('',3,(#4330,#4331,#4332,#4333,#4334,#4335,
#4336,#4337,#4338,#4339,#4340,#4341,#4342,#4343,#4344,#4345,#4346,#4347,
#4348,#4349,#4350,#4351,#4352,#4353,#4354,#4355,#4356,#4357,#4358,#4359,
#4360,#4361,#4362,#4363,#4364,#4365,#4366,#4367,#4368,#4369,#4370,#4371,
#4372,#4373,#4374,#4375,#4376,#4377,#4378,#4379,#4380,#4381),
 .UNSPECIFIED.,.F.,.F.,(4,3,3,3,3,3,3,3,3,3,3,3,3,3,3,3,3,4),(2.0435381581523,
2.1604590829682,2.27726433432597,2.39469605292724,2.51326391067266,2.63319014189572,
2.75447278294922,2.88295276620132,3.00826353142095,3.10501967111409,3.13855095381971,
3.15119810311978,3.27745003432628,3.40366568798621,3.52598358311619,3.64709924149414,
3.76668017195551,3.782312648966),.UNSPECIFIED.);
#603=B_SPLINE_CURVE_WITH_KNOTS('',3,(#4388,#4389,#4390,#4391,#4392,#4393,
#4394),.UNSPECIFIED.,.F.,.F.,(4,3,4),(-1.01744085661689E-6,0.27123916363641,
0.327843517763302),.UNSPECIFIED.);
#604=B_SPLINE_CURVE_WITH_KNOTS('',3,(#4395,#4396,#4397,#4398,#4399,#4400,
#4401,#4402,#4403,#4404),.UNSPECIFIED.,.F.,.F.,(4,3,3,4),(0.36051791441202,
0.807613968146203,1.17071765636789,1.34978334726403),.UNSPECIFIED.);
#605=B_SPLINE_CURVE_WITH_KNOTS('',3,(#4405,#4406,#4407,#4408,#4409,#4410,
#4411,#4412,#4413,#4414,#4415,#4416,#4417),.UNSPECIFIED.,.F.,.F.,(4,3,3,
3,4),(1.38258395861475,1.77180771832343,2.04881212601917,2.33506992570268,
2.36733702624035),.UNSPECIFIED.);
#606=B_SPLINE_CURVE_WITH_KNOTS('',3,(#4419,#4420,#4421,#4422,#4423,#4424,
#4425,#4426,#4427,#4428),.UNSPECIFIED.,.F.,.F.,(4,3,3,4),(0.0340235092331066,
0.465473891408121,0.776605269417559,1.01727447804548),.UNSPECIFIED.);
#607=B_SPLINE_CURVE_WITH_KNOTS('',3,(#4430,#4431,#4432,#4433,#4434,#4435,
#4436),.UNSPECIFIED.,.F.,.F.,(4,3,4),(3.38450704007747,3.75394376788234,
4.0751464185712),.UNSPECIFIED.);
#608=B_SPLINE_CURVE_WITH_KNOTS('',3,(#4437,#4438,#4439,#4440,#4441,#4442,
#4443,#4444,#4445,#4446),.UNSPECIFIED.,.F.,.F.,(4,3,3,4),(-0.65945135621027,
-0.412877263939493,-0.0173014195134405,-1.01744085661689E-6),
 .UNSPECIFIED.);
#609=B_SPLINE_CURVE_WITH_KNOTS('',3,(#4450,#4451,#4452,#4453),
 .UNSPECIFIED.,.F.,.F.,(4,4),(3.79244202218885,3.82380684989404),
 .UNSPECIFIED.);
#610=B_SPLINE_CURVE_WITH_KNOTS('',3,(#4514,#4515,#4516,#4517),
 .UNSPECIFIED.,.F.,.F.,(4,4),(0.0137556439767573,0.0517665853947457),
 .UNSPECIFIED.);
#611=B_SPLINE_CURVE_WITH_KNOTS('',3,(#4522,#4523,#4524,#4525),
 .UNSPECIFIED.,.F.,.F.,(4,4),(-2.50625964365341,-2.44519981285862),
 .UNSPECIFIED.);
#612=B_SPLINE_CURVE_WITH_KNOTS('',3,(#4527,#4528,#4529,#4530),
 .UNSPECIFIED.,.F.,.F.,(4,4),(2.88864814567142,2.9841436854465),
 .UNSPECIFIED.);
#613=B_SPLINE_CURVE_WITH_KNOTS('',3,(#4532,#4533,#4534,#4535),
 .UNSPECIFIED.,.F.,.F.,(4,4),(-2.62207275127301,-2.5072074471472),
 .UNSPECIFIED.);
#614=B_SPLINE_CURVE_WITH_KNOTS('',3,(#4536,#4537,#4538,#4539),
 .UNSPECIFIED.,.F.,.F.,(4,4),(-2.52394694678138,-2.44396228547922),
 .UNSPECIFIED.);
#615=B_SPLINE_CURVE_WITH_KNOTS('',3,(#4541,#4542,#4543,#4544),
 .UNSPECIFIED.,.F.,.F.,(4,4),(-2.62490538674405,-2.48460653986364),
 .UNSPECIFIED.);
#616=B_SPLINE_CURVE_WITH_KNOTS('',3,(#4546,#4547,#4548,#4549),
 .UNSPECIFIED.,.F.,.F.,(4,4),(4.74261472492824,4.86840115777236),
 .UNSPECIFIED.);
#617=B_SPLINE_CURVE_WITH_KNOTS('',3,(#4551,#4552,#4553,#4554),
 .UNSPECIFIED.,.F.,.F.,(4,4),(4.93061275977626,5.05420723518501),
 .UNSPECIFIED.);
#618=B_SPLINE_CURVE_WITH_KNOTS('',3,(#4556,#4557,#4558,#4559),
 .UNSPECIFIED.,.F.,.F.,(4,4),(5.09469051655574,5.21918812541221),
 .UNSPECIFIED.);
#619=B_SPLINE_CURVE_WITH_KNOTS('',3,(#4561,#4562,#4563,#4564),
 .UNSPECIFIED.,.F.,.F.,(4,4),(-2.58854578110835,-2.52082545054628),
 .UNSPECIFIED.);
#620=B_SPLINE_CURVE_WITH_KNOTS('',3,(#4565,#4566,#4567,#4568),
 .UNSPECIFIED.,.F.,.F.,(4,4),(-2.51071371805376,-2.42143387367379),
 .UNSPECIFIED.);
#621=B_SPLINE_CURVE_WITH_KNOTS('',3,(#4570,#4571,#4572,#4573,#4574,#4575,
#4576,#4577,#4578,#4579),.UNSPECIFIED.,.F.,.F.,(4,3,3,4),(0.819903592738455,
1.12498200361012,1.40035655820371,1.54205916155342),.UNSPECIFIED.);
#622=B_SPLINE_CURVE_WITH_KNOTS('',3,(#4580,#4581,#4582,#4583),
 .UNSPECIFIED.,.F.,.F.,(4,4),(-2.50642532238066,-2.44526033821325),
 .UNSPECIFIED.);
#623=B_SPLINE_CURVE_WITH_KNOTS('',3,(#4584,#4585,#4586,#4587),
 .UNSPECIFIED.,.F.,.F.,(4,4),(-2.49549173196327,-2.43207112404548),
 .UNSPECIFIED.);
#624=B_SPLINE_CURVE_WITH_KNOTS('',3,(#4592,#4593,#4594,#4595,#4596,#4597,
#4598,#4599,#4600,#4601),.UNSPECIFIED.,.F.,.F.,(4,3,3,4),(0.833367482932209,
1.09589587758606,1.37313757072135,1.38884944859217),.UNSPECIFIED.);
#625=B_SPLINE_CURVE_WITH_KNOTS('',3,(#4603,#4604,#4605,#4606,#4607,#4608,
#4609,#4610,#4611,#4612,#4613,#4614,#4615),.UNSPECIFIED.,.F.,.F.,(4,3,3,
3,4),(3.615943388482,3.89195970323772,4.16700782802975,4.45016034695733,
4.45065680628486),.UNSPECIFIED.);
#626=B_SPLINE_CURVE_WITH_KNOTS('',3,(#4620,#4621,#4622,#4623,#4624,#4625,
#4626,#4627,#4628,#4629,#4630,#4631,#4632,#4633,#4634,#4635),
 .UNSPECIFIED.,.F.,.F.,(4,3,3,3,3,4),(4.45065680628486,4.72267433066341,
5.00226590039347,5.27876415100125,5.54505739396142,5.56300433433311),
 .UNSPECIFIED.);
#627=B_SPLINE_CURVE_WITH_KNOTS('',3,(#4636,#4637,#4638,#4639,#4640,#4641,
#4642,#4643,#4644,#4645,#4646,#4647,#4648,#4649,#4650,#4651,#4652,#4653,
#4654,#4655,#4656,#4657,#4658,#4659,#4660),.UNSPECIFIED.,.F.,.F.,(4,3,3,
3,3,3,3,3,4),(5.56300433433311,5.83355842751352,6.10683928161923,6.39072430452893,
6.65687432924899,6.94555986931711,7.23088404268363,7.49457915771813,7.51006463758113),
 .UNSPECIFIED.);
#628=B_SPLINE_CURVE_WITH_KNOTS('',3,(#4772,#4773,#4774,#4775,#4776,#4777,
#4778,#4779,#4780,#4781,#4782,#4783,#4784),.UNSPECIFIED.,.F.,.F.,(4,3,3,
3,4),(2.3829540978917,2.56834987407202,2.94780210569194,3.25037160203803,
3.40691339412099),.UNSPECIFIED.);
#629=B_SPLINE_CURVE_WITH_KNOTS('',3,(#4786,#4787,#4788,#4789,#4790,#4791,
#4792,#4793,#4794,#4795,#4796,#4797,#4798,#4799,#4800,#4801,#4802,#4803,
#4804,#4805,#4806,#4807),.UNSPECIFIED.,.F.,.F.,(4,3,3,3,3,3,3,4),(-1.35899064046063,
-0.98826209023247,-0.599858683514657,-0.312797066163915,-0.0100922887864166,
0.280350775725204,0.589295207243856,0.828581266256249),.UNSPECIFIED.);
#630=B_SPLINE_CURVE_WITH_KNOTS('',3,(#4809,#4810,#4811,#4812,#4813,#4814,
#4815),.UNSPECIFIED.,.F.,.F.,(4,3,4),(0.828731093951875,1.13543706554386,
1.19172529631171),.UNSPECIFIED.);
#631=B_SPLINE_CURVE_WITH_KNOTS('',3,(#4816,#4817,#4818,#4819,#4820,#4821,
#4822,#4823,#4824,#4825,#4826,#4827,#4828),.UNSPECIFIED.,.F.,.F.,(4,3,3,
3,4),(1.19158692376469,1.62566557881673,1.99275854836356,2.32061289253069,
2.3829540978917),.UNSPECIFIED.);
#632=B_SPLINE_CURVE_WITH_KNOTS('',3,(#4937,#4938,#4939,#4940),
 .UNSPECIFIED.,.F.,.F.,(4,4),(-2.13102828623753,-2.0573081853651),
 .UNSPECIFIED.);
#633=B_SPLINE_CURVE_WITH_KNOTS('',3,(#4943,#4944,#4945,#4946),
 .UNSPECIFIED.,.F.,.F.,(4,4),(-2.1062158043407,-2.04004792162141),
 .UNSPECIFIED.);
#634=B_SPLINE_CURVE_WITH_KNOTS('',3,(#4948,#4949,#4950,#4951),
 .UNSPECIFIED.,.F.,.F.,(4,4),(-2.22495682946806,-2.12322328737601),
 .UNSPECIFIED.);
#635=B_SPLINE_CURVE_WITH_KNOTS('',3,(#4953,#4954,#4955,#4956),
 .UNSPECIFIED.,.F.,.F.,(4,4),(3.49930232593777,3.62993106304395),
 .UNSPECIFIED.);
#636=B_SPLINE_CURVE_WITH_KNOTS('',3,(#4958,#4959,#4960,#4961),
 .UNSPECIFIED.,.F.,.F.,(4,4),(3.50593173766855,3.64009817900108),
 .UNSPECIFIED.);
#637=B_SPLINE_CURVE_WITH_KNOTS('',3,(#4963,#4964,#4965,#4966),
 .UNSPECIFIED.,.F.,.F.,(4,4),(3.59374408241595,3.72648416092885),
 .UNSPECIFIED.);
#638=B_SPLINE_CURVE_WITH_KNOTS('',3,(#4967,#4968,#4969,#4970),
 .UNSPECIFIED.,.F.,.F.,(4,4),(-2.10841778403396,-1.98988733934352),
 .UNSPECIFIED.);
#639=B_SPLINE_CURVE_WITH_KNOTS('',3,(#4972,#4973,#4974,#4975),
 .UNSPECIFIED.,.F.,.F.,(4,4),(-2.13139817520722,-2.04883879062104),
 .UNSPECIFIED.);
#640=B_SPLINE_CURVE_WITH_KNOTS('',3,(#4977,#4978,#4979,#4980),
 .UNSPECIFIED.,.F.,.F.,(4,4),(-2.10342532060475,-1.99531790908673),
 .UNSPECIFIED.);
#641=B_SPLINE_CURVE_WITH_KNOTS('',3,(#4982,#4983,#4984,#4985),
 .UNSPECIFIED.,.F.,.F.,(4,4),(2.40562993111535,2.44520672384023),
 .UNSPECIFIED.);
#642=B_SPLINE_CURVE_WITH_KNOTS('',3,(#4986,#4987,#4988,#4989),
 .UNSPECIFIED.,.F.,.F.,(4,4),(2.44520672384023,2.52226171993909),
 .UNSPECIFIED.);
#643=B_SPLINE_CURVE_WITH_KNOTS('',3,(#4990,#4991,#4992,#4993),
 .UNSPECIFIED.,.F.,.F.,(4,4),(-2.13100543446125,-2.0572921038363),
 .UNSPECIFIED.);
#644=B_SPLINE_CURVE_WITH_KNOTS('',3,(#4994,#4995,#4996,#4997),
 .UNSPECIFIED.,.F.,.F.,(4,4),(-2.09701914835682,-2.00060359720441),
 .UNSPECIFIED.);
#645=B_SPLINE_CURVE_WITH_KNOTS('',3,(#5003,#5004,#5005,#5006),
 .UNSPECIFIED.,.F.,.F.,(4,4),(2.38964974408556,2.58987280882931),
 .UNSPECIFIED.);
#646=B_SPLINE_CURVE_WITH_KNOTS('',3,(#5008,#5009,#5010,#5011,#5012,#5013,
#5014,#5015,#5016,#5017,#5018,#5019,#5020,#5021,#5022,#5023,#5024,#5025,
#5026,#5027,#5028,#5029,#5030,#5031,#5032),.UNSPECIFIED.,.F.,.F.,(4,3,3,
3,3,3,3,3,4),(-2.18271329450432,-1.83512903671258,-1.57872471500667,-1.23069656874908,
-0.948991457570818,-0.598091249427323,-0.326489212217204,-0.00297194984436459,
0.101484306983045),.UNSPECIFIED.);
#647=B_SPLINE_CURVE_WITH_KNOTS('',3,(#5034,#5035,#5036,#5037,#5038,#5039,
#5040,#5041,#5042,#5043,#5044,#5045,#5046,#5047,#5048,#5049,#5050,#5051,
#5052,#5053,#5054,#5055),.UNSPECIFIED.,.F.,.F.,(4,3,3,3,3,3,3,4),(0.101484289788987,
0.510039865107923,0.78852923532908,1.12673336377305,1.37416664001425,1.72536206631703,
1.97323202221403,2.31489552472853),.UNSPECIFIED.);
#648=B_SPLINE_CURVE_WITH_KNOTS('',3,(#5056,#5057,#5058,#5059),
 .UNSPECIFIED.,.F.,.F.,(4,4),(2.32159691255903,2.38964974408556),
 .UNSPECIFIED.);
#649=B_SPLINE_CURVE_WITH_KNOTS('',3,(#5162,#5163,#5164,#5165,#5166,#5167,
#5168,#5169,#5170,#5171,#5172,#5173,#5174,#5175,#5176,#5177,#5178,#5179,
#5180,#5181,#5182,#5183,#5184,#5185,#5186,#5187,#5188,#5189,#5190,#5191,
#5192,#5193,#5194,#5195,#5196,#5197,#5198,#5199,#5200,#5201,#5202,#5203,
#5204,#5205,#5206,#5207,#5208,#5209,#5210),.UNSPECIFIED.,.F.,.F.,(4,3,3,
3,3,3,3,3,3,3,3,3,3,3,3,3,4),(2.22783967760935,2.3450640512726,2.46328791114662,
2.58282531914016,2.70372893366487,2.82595657111635,2.94960602128494,3.0764429841601,
3.13387223834832,3.15163478687756,3.27751878656549,3.40153679843507,3.5240825243631,
3.64484886315173,3.76434603955487,3.88226533653376,3.96430172428625),
 .UNSPECIFIED.);
#650=B_SPLINE_CURVE_WITH_KNOTS('',3,(#5297,#5298,#5299,#5300,#5301,#5302,
#5303,#5304,#5305,#5306),.UNSPECIFIED.,.F.,.F.,(4,3,3,4),(1.13158102341404,
1.57259782942691,2.20710078970455,2.32730179406784),.UNSPECIFIED.);
#651=B_SPLINE_CURVE_WITH_KNOTS('',3,(#5308,#5309,#5310,#5311,#5312,#5313,
#5314,#5315,#5316,#5317,#5318,#5319,#5320),.UNSPECIFIED.,.F.,.F.,(4,3,3,
3,4),(2.32730179406784,2.81883831270791,3.41942779389287,4.01973485647473,
4.33142756063467),.UNSPECIFIED.);
#652=B_SPLINE_CURVE_WITH_KNOTS('',3,(#5322,#5323,#5324,#5325,#5326,#5327,
#5328),.UNSPECIFIED.,.F.,.F.,(4,3,4),(0.250376639836288,0.835975399298942,
0.89578293697377),.UNSPECIFIED.);
#653=B_SPLINE_CURVE_WITH_KNOTS('',3,(#5329,#5330,#5331,#5332,#5333,#5334,
#5335),.UNSPECIFIED.,.F.,.F.,(4,3,4),(0.323085062806482,0.959841507904418,
1.13158102341404),.UNSPECIFIED.);
#654=B_SPLINE_CURVE_WITH_KNOTS('',3,(#5341,#5342,#5343,#5344,#5345,#5346,
#5347,#5348,#5349,#5350,#5351,#5352,#5353,#5354,#5355,#5356,#5357,#5358),
 .UNSPECIFIED.,.F.,.F.,(4,1,1,1,1,1,1,1,1,1,1,1,1,1,1,4),(0.,0.0617769685271422,
0.0926657732415746,0.123554593822721,0.154443130958571,0.185331218137337,
0.216220136392816,0.247108405564984,0.277997628184819,0.308886546440299,
0.339774633619064,0.370663170754914,0.401551991336061,0.432440796050493,
0.463329169888142,0.525106422740808),.UNSPECIFIED.);
#655=B_SPLINE_CURVE_WITH_KNOTS('',3,(#5368,#5369,#5370,#5371,#5372,#5373,
#5374,#5375,#5376,#5377,#5378,#5379,#5380),.UNSPECIFIED.,.F.,.F.,(4,3,3,
3,4),(2.50467170435394E-15,0.218133615625802,0.436267231251603,0.654400846877405,
0.872534462503204),.UNSPECIFIED.);
#656=B_SPLINE_CURVE_WITH_KNOTS('',3,(#5388,#5389,#5390,#5391,#5392,#5393,
#5394,#5395,#5396,#5397,#5398,#5399,#5400),.UNSPECIFIED.,.F.,.F.,(4,3,3,
3,4),(3.46169691642913E-11,0.174485956129598,0.348971912224582,0.523457868319567,
0.697943824414551),.UNSPECIFIED.);
#657=B_SPLINE_CURVE_WITH_KNOTS('',3,(#5401,#5402,#5403,#5404),
 .UNSPECIFIED.,.F.,.F.,(4,4),(0.,0.150774823101721),.UNSPECIFIED.);
#658=B_SPLINE_CURVE_WITH_KNOTS('',3,(#5408,#5409,#5410,#5411),
 .UNSPECIFIED.,.F.,.F.,(4,4),(0.,0.144508695769262),.UNSPECIFIED.);
#659=B_SPLINE_CURVE_WITH_KNOTS('',3,(#5420,#5421,#5422,#5423),
 .UNSPECIFIED.,.F.,.F.,(4,4),(0.000188046256024581,0.151015543987982),
 .UNSPECIFIED.);
#660=B_SPLINE_CURVE_WITH_KNOTS('',3,(#5424,#5425,#5426,#5427,#5428,#5429,
#5430,#5431,#5432,#5433,#5434,#5435,#5436),.UNSPECIFIED.,.F.,.F.,(4,3,3,
3,4),(0.,0.152612025500003,0.305224051000006,0.45783607650001,0.610448102000011),
 .UNSPECIFIED.);
#661=B_SPLINE_CURVE_WITH_KNOTS('',3,(#5445,#5446,#5447,#5448,#5449,#5450,
#5451,#5452,#5453,#5454,#5455,#5456,#5457),.UNSPECIFIED.,.F.,.F.,(4,3,3,
3,4),(0.,0.174483899605429,0.348967799210859,0.523451698816288,0.69793559842171),
 .UNSPECIFIED.);
#662=B_SPLINE_CURVE_WITH_KNOTS('',3,(#5463,#5464,#5465,#5466),
 .UNSPECIFIED.,.F.,.F.,(4,4),(0.000175823009349008,0.151082374929495),
 .UNSPECIFIED.);
#663=B_SPLINE_CURVE_WITH_KNOTS('',3,(#5480,#5481,#5482,#5483,#5484,#5485,
#5486,#5487,#5488,#5489,#5490,#5491,#5492,#5493,#5494,#5495,#5496,#5497,
#5498,#5499),.UNSPECIFIED.,.F.,.F.,(4,1,1,1,1,1,1,1,1,1,1,1,1,1,1,1,1,4),
(0.,0.061777166591631,0.0926657619484526,0.123554268613235,0.154442960007955,
0.185331874409945,0.216220411862552,0.247108446687433,0.277997364533686,
0.308886597731188,0.33977487748135,0.370663795327603,0.401551830152484,
0.432440367605091,0.463329282007081,0.494217973401801,0.525106480066583,
0.586883733586577),.UNSPECIFIED.);
#664=B_SPLINE_CURVE_WITH_KNOTS('',2,(#5503,#5504,#5505),.UNSPECIFIED.,.F.,
 .F.,(3,3),(0.,0.343738603084737),.UNSPECIFIED.);
#665=B_SPLINE_CURVE_WITH_KNOTS('',2,(#5507,#5508,#5509),.UNSPECIFIED.,.F.,
 .F.,(3,3),(0.00131340701425052,0.343917405804512),.UNSPECIFIED.);
#666=B_SPLINE_CURVE_WITH_KNOTS('',2,(#5511,#5512,#5513),.UNSPECIFIED.,.F.,
 .F.,(3,3),(0.00131406270129783,0.343917959022429),.UNSPECIFIED.);
#667=B_SPLINE_CURVE_WITH_KNOTS('',2,(#5515,#5516,#5517),.UNSPECIFIED.,.F.,
 .F.,(3,3),(0.00116556931785692,0.343904147890305),.UNSPECIFIED.);
#668=B_SPLINE_CURVE_WITH_KNOTS('',3,(#5520,#5521,#5522,#5523),
 .UNSPECIFIED.,.F.,.F.,(4,4),(1.74146168209017,2.0755134299381),
 .UNSPECIFIED.);
#669=B_SPLINE_CURVE_WITH_KNOTS('',3,(#5525,#5526,#5527,#5528,#5529,#5530,
#5531,#5532,#5533,#5534),.UNSPECIFIED.,.F.,.F.,(4,3,3,4),(1.56243277148735,
1.71386931239634,1.87248923871029,1.88879252953308),.UNSPECIFIED.);
#670=B_SPLINE_CURVE_WITH_KNOTS('',3,(#5597,#5598,#5599,#5600),
 .UNSPECIFIED.,.F.,.F.,(4,4),(0.,0.176275880659365),.UNSPECIFIED.);
#671=B_SPLINE_CURVE_WITH_KNOTS('',3,(#5601,#5602,#5603,#5604),
 .UNSPECIFIED.,.F.,.F.,(4,4),(2.05124656997381E-8,0.17625838796588),
 .UNSPECIFIED.);
#672=B_SPLINE_CURVE_WITH_KNOTS('',3,(#5614,#5615,#5616,#5617),
 .UNSPECIFIED.,.F.,.F.,(4,4),(1.05895642522706E-5,0.176256049084412),
 .UNSPECIFIED.);
#673=B_SPLINE_CURVE_WITH_KNOTS('',3,(#5620,#5621,#5622,#5623),
 .UNSPECIFIED.,.F.,.F.,(4,4),(0.,0.176258035086826),.UNSPECIFIED.);
#674=B_SPLINE_CURVE_WITH_KNOTS('',3,(#5636,#5637,#5638,#5639),
 .UNSPECIFIED.,.F.,.F.,(4,4),(0.,0.17307916644231),.UNSPECIFIED.);
#675=B_SPLINE_CURVE_WITH_KNOTS('',3,(#5647,#5648,#5649,#5650,#5651,#5652,
#5653,#5654,#5655,#5656),.UNSPECIFIED.,.F.,.F.,(4,2,2,2,4),(0.347641346338365,
0.371598740895738,0.492899100062402,0.614199459229065,0.673221614760713),
 .UNSPECIFIED.);
#676=B_SPLINE_CURVE_WITH_KNOTS('',3,(#5658,#5659,#5660,#5661),
 .UNSPECIFIED.,.F.,.F.,(4,4),(2.47429551886515,2.53763372663718),
 .UNSPECIFIED.);
#677=B_SPLINE_CURVE_WITH_KNOTS('',3,(#5665,#5666,#5667,#5668),
 .UNSPECIFIED.,.F.,.F.,(4,4),(2.38594313161169,2.47429551886515),
 .UNSPECIFIED.);
#678=B_SPLINE_CURVE_WITH_KNOTS('',3,(#5670,#5671,#5672,#5673,#5674,#5675,
#5676,#5677,#5678,#5679,#5680,#5681,#5682,#5683,#5684,#5685,#5686,#5687,
#5688,#5689,#5690,#5691),.UNSPECIFIED.,.F.,.F.,(4,3,3,3,3,3,3,4),(3.90376410297722E-5,
0.0133200034729496,0.0265952462644101,0.0398610763577498,0.0531043843407387,
0.0663283118870132,0.0795154820359327,0.082957565476351),.UNSPECIFIED.);
#679=B_SPLINE_CURVE_WITH_KNOTS('',3,(#5692,#5693,#5694,#5695,#5696,#5697),
 .UNSPECIFIED.,.F.,.F.,(4,2,4),(2.88164171763958,2.95660963401398,3.00492176252316),
 .UNSPECIFIED.);
#680=B_SPLINE_CURVE_WITH_KNOTS('',2,(#5701,#5702,#5703),.UNSPECIFIED.,.F.,
 .F.,(3,3),(0.000684131575302848,0.177309223577522),.UNSPECIFIED.);
#681=B_SPLINE_CURVE_WITH_KNOTS('',3,(#5705,#5706,#5707,#5708,#5709,#5710),
 .UNSPECIFIED.,.F.,.F.,(4,2,4),(0.360370857285938,0.591945995103566,0.626070333978005),
 .UNSPECIFIED.);
#682=B_SPLINE_CURVE_WITH_KNOTS('',2,(#5712,#5713,#5714),.UNSPECIFIED.,.F.,
 .F.,(3,3),(0.000803001464486037,0.344810141664095),.UNSPECIFIED.);
#683=B_SPLINE_CURVE_WITH_KNOTS('',3,(#5716,#5717,#5718,#5719,#5720,#5721),
 .UNSPECIFIED.,.F.,.F.,(4,2,4),(1.67068456372039,1.73549317357127,1.92624416165185),
 .UNSPECIFIED.);
#684=B_SPLINE_CURVE_WITH_KNOTS('',2,(#5722,#5723,#5724),.UNSPECIFIED.,.F.,
 .F.,(3,3),(0.177309223577522,0.344712980002441),.UNSPECIFIED.);
#685=B_SPLINE_CURVE_WITH_KNOTS('',2,(#5728,#5729,#5730),.UNSPECIFIED.,.F.,
 .F.,(3,3),(0.000475728213239299,0.344683525140157),.UNSPECIFIED.);
#686=B_SPLINE_CURVE_WITH_KNOTS('',3,(#5732,#5733,#5734,#5735,#5736,#5737),
 .UNSPECIFIED.,.F.,.F.,(4,2,4),(0.133874379173619,0.296276167579827,0.296486689080909),
 .UNSPECIFIED.);
#687=B_SPLINE_CURVE_WITH_KNOTS('',2,(#5739,#5740,#5741),.UNSPECIFIED.,.F.,
 .F.,(3,3),(0.000342146770285726,0.341083643125021),.UNSPECIFIED.);
#688=B_SPLINE_CURVE_WITH_KNOTS('',3,(#5743,#5744,#5745,#5746,#5747,#5748),
 .UNSPECIFIED.,.F.,.F.,(4,2,4),(1.90459307542625,1.90497972452581,2.06066599776904),
 .UNSPECIFIED.);
#689=B_SPLINE_CURVE_WITH_KNOTS('',3,(#5749,#5750,#5751,#5752),
 .UNSPECIFIED.,.F.,.F.,(4,4),(1.87356005942733,1.90459936466543),
 .UNSPECIFIED.);
#690=B_SPLINE_CURVE_WITH_KNOTS('',3,(#5756,#5757,#5758,#5759,#5760,#5761),
 .UNSPECIFIED.,.F.,.F.,(4,2,4),(2.27413718478928,2.33905895136651,2.5297601020346),
 .UNSPECIFIED.);
#691=B_SPLINE_CURVE_WITH_KNOTS('',2,(#5763,#5764,#5765),.UNSPECIFIED.,.F.,
 .F.,(3,3),(0.00084952910925439,0.344243059262931),.UNSPECIFIED.);
#692=B_SPLINE_CURVE_WITH_KNOTS('',3,(#5767,#5768,#5769,#5770,#5771,#5772,
#5773),.UNSPECIFIED.,.F.,.F.,(4,3,4),(-0.231567935406795,0.,0.0343042921477843),
 .UNSPECIFIED.);
#693=B_SPLINE_CURVE_WITH_KNOTS('',2,(#5774,#5775,#5776),.UNSPECIFIED.,.F.,
 .F.,(3,3),(0.000807852736868711,0.344810877202931),.UNSPECIFIED.);
#694=B_SPLINE_CURVE_WITH_KNOTS('',2,(#5780,#5781,#5782),.UNSPECIFIED.,.F.,
 .F.,(3,3),(0.000557827726263732,0.344171627207098),.UNSPECIFIED.);
#695=B_SPLINE_CURVE_WITH_KNOTS('',3,(#5784,#5785,#5786,#5787,#5788,#5789),
 .UNSPECIFIED.,.F.,.F.,(4,2,4),(0.314989811020998,0.567902944193178,0.568074366040504),
 .UNSPECIFIED.);
#696=B_SPLINE_CURVE_WITH_KNOTS('',3,(#5790,#5791,#5792,#5793,#5794,#5795),
 .UNSPECIFIED.,.F.,.F.,(4,2,4),(0.262266460242152,0.284066018056419,0.315947352275467),
 .UNSPECIFIED.);
#697=B_SPLINE_CURVE_WITH_KNOTS('',3,(#5797,#5798,#5799,#5800,#5801,#5802),
 .UNSPECIFIED.,.F.,.F.,(4,2,4),(3.59846567476022,3.71169171539493,3.88647269362911),
 .UNSPECIFIED.);
#698=B_SPLINE_CURVE_WITH_KNOTS('',3,(#5808,#5809,#5810,#5811),
 .UNSPECIFIED.,.F.,.F.,(4,4),(0.000693982802489538,0.176253982290709),
 .UNSPECIFIED.);
#699=B_SPLINE_CURVE_WITH_KNOTS('',3,(#5813,#5814,#5815,#5816,#5817,#5818,
#5819,#5820),.UNSPECIFIED.,.F.,.F.,(4,2,2,4),(2.52388385561865,2.55480660739245,
2.83896192532032,2.99894742451786),.UNSPECIFIED.);
#700=B_SPLINE_CURVE_WITH_KNOTS('',2,(#5822,#5823,#5824),.UNSPECIFIED.,.F.,
 .F.,(3,3),(0.000454047189950928,0.344314270882691),.UNSPECIFIED.);
#701=B_SPLINE_CURVE_WITH_KNOTS('',3,(#5826,#5827,#5828,#5829,#5830,#5831,
#5832,#5833,#5834,#5835,#5836,#5837,#5838,#5839,#5840,#5841,#5842,#5843),
 .UNSPECIFIED.,.F.,.F.,(4,2,2,2,2,2,2,2,4),(-2.36992173971681,-2.07367066225527,
-1.77741958479372,-1.48119726420806,-1.1849749436224,-0.888748551010112,
-0.592522158397823,-0.296261079198911,-0.29624793145249),.UNSPECIFIED.);
#702=B_SPLINE_CURVE_WITH_KNOTS('',3,(#5844,#5845,#5846,#5847,#5848,#5849,
#5850,#5851),.UNSPECIFIED.,.F.,.F.,(4,2,2,4),(-2.99662299053499,-2.96251399290676,
-2.66621786631179,-2.36992173971681),.UNSPECIFIED.);
#703=B_SPLINE_CURVE_WITH_KNOTS('',3,(#5859,#5860,#5861,#5862,#5863,#5864,
#5865),.UNSPECIFIED.,.F.,.F.,(4,1,1,1,4),(0.000178213892250118,0.202183367040862,
0.404366734081724,0.606550101122587,0.808733468163449),.UNSPECIFIED.);
#704=B_SPLINE_CURVE_WITH_KNOTS('',3,(#5867,#5868,#5869,#5870),
 .UNSPECIFIED.,.F.,.F.,(4,4),(0.,0.176174227792435),.UNSPECIFIED.);
#705=B_SPLINE_CURVE_WITH_KNOTS('',3,(#5872,#5873,#5874,#5875,#5876,#5877,
#5878,#5879),.UNSPECIFIED.,.F.,.F.,(4,2,2,4),(-1.38407651240955,-1.17657349375144,
-0.882423439084818,-0.593058780235747),.UNSPECIFIED.);
#706=B_SPLINE_CURVE_WITH_KNOTS('',3,(#5881,#5882,#5883,#5884,#5885,#5886,
#5887,#5888,#5889,#5890,#5891,#5892,#5893,#5894,#5895,#5896,#5897,#5898,
#5899,#5900,#5901,#5902,#5903,#5904,#5905,#5906),.UNSPECIFIED.,.F.,.F.,
(4,2,2,2,2,2,2,2,2,2,2,2,4),(-4.54782422561229,-4.41204829058636,-4.11792000646789,
-3.82379382646382,-3.529669025071,-3.23554471292897,-2.9414194940346,-2.64729144992225,
-2.353158588153,-2.05901959075612,-1.76487448745431,-1.47072486944866,-1.38407651240955),
 .UNSPECIFIED.);
#707=B_SPLINE_CURVE_WITH_KNOTS('',3,(#5908,#5909,#5910,#5911),
 .UNSPECIFIED.,.F.,.F.,(4,4),(0.,0.176274840556223),.UNSPECIFIED.);
#708=B_SPLINE_CURVE_WITH_KNOTS('',2,(#5913,#5914,#5915),.UNSPECIFIED.,.F.,
 .F.,(3,3),(0.,0.0673949123614381),.UNSPECIFIED.);
#709=B_SPLINE_CURVE_WITH_KNOTS('',3,(#5921,#5922,#5923,#5924),
 .UNSPECIFIED.,.F.,.F.,(4,4),(2.01745333693993,2.05031842778131),
 .UNSPECIFIED.);
#710=B_SPLINE_CURVE_WITH_KNOTS('',3,(#5928,#5929,#5930,#5931,#5932,#5933,
#5934,#5935,#5936,#5937,#5938,#5939,#5940,#5941,#5942,#5943,#5944,#5945,
#5946,#5947,#5948,#5949,#5950,#5951,#5952,#5953,#5954,#5955,#5956,#5957),
 .UNSPECIFIED.,.F.,.F.,(4,1,1,1,1,1,1,1,1,1,1,1,1,1,1,1,1,1,1,1,1,1,1,1,
1,1,1,4),(0.,0.0673945575368152,0.101092300738276,0.13478886122004,0.168486375149281,
0.202184118350741,0.235881299115901,0.269578675887557,0.303275690730494,
0.33697242167662,0.370670106123596,0.404367383742851,0.438064921644864,
0.471761517760064,0.505458581101277,0.539156248221834,0.572853230729666,
0.606551285047641,0.640248393376003,0.673945187645582,0.707642810960543,
0.741339800467321,0.775037240217936,0.808734191502934,0.842431509779667,
0.876128777829435,0.909826024447953,0.977220494677691),.UNSPECIFIED.);
#711=B_SPLINE_CURVE_WITH_KNOTS('',3,(#5961,#5962,#5963,#5964),
 .UNSPECIFIED.,.F.,.F.,(4,4),(0.989951356480592,1.02293865325556),
 .UNSPECIFIED.);
#712=B_SPLINE_CURVE_WITH_KNOTS('',3,(#5968,#5969,#5970,#5971,#5972,#5973,
#5974,#5975,#5976,#5977,#5978,#5979,#5980,#5981,#5982,#5983,#5984,#5985,
#5986,#5987,#5988,#5989,#5990,#5991,#5992,#5993,#5994,#5995,#5996,#5997),
 .UNSPECIFIED.,.F.,.F.,(4,1,1,1,1,1,1,1,1,1,1,1,1,1,1,1,1,1,1,1,1,1,1,1,
1,1,1,4),(0.,0.0673945507382877,0.101091860156145,0.134789120882933,0.168486464709181,
0.20218351463894,0.235880659277656,0.269578401640747,0.30327549124944,0.336972463207192,
0.370669851759169,0.404366933436929,0.438064180055448,0.471761448105215,
0.505458766381949,0.539155717666947,0.572853157417562,0.60655014692434,
0.6402477702393,0.67394456450888,0.707641672837241,0.741339727155216,0.775036709663049,
0.808733540668421,0.842431459335683,0.876128928359286,0.909825577430197,
0.977220539496428),.UNSPECIFIED.);
#713=B_SPLINE_CURVE_WITH_KNOTS('',3,(#6005,#6006,#6007,#6008,#6009,#6010,
#6011,#6012,#6013,#6014,#6015,#6016,#6017,#6018,#6019,#6020,#6021,#6022,
#6023,#6024,#6025,#6026,#6027,#6028,#6029,#6030,#6031,#6032,#6033,#6034,
#6035,#6036,#6037,#6038,#6039),.UNSPECIFIED.,.F.,.F.,(4,2,2,2,2,2,2,2,3,
2,2,2,2,2,2,2,4),(2.02973022072306,2.28323375158009,2.53695318562866,2.79068737507356,
3.04442156451846,3.29815496392246,3.55188836332646,3.80560590610039,4.05932344887432,
4.31301941223837,4.56671537560243,4.82039666163501,5.07407794766758,5.32776000104129,
5.581442054415,5.83513988635389,6.08883771829279),.UNSPECIFIED.);
#714=B_SPLINE_CURVE_WITH_KNOTS('',3,(#6040,#6041,#6042,#6043),
 .UNSPECIFIED.,.F.,.F.,(4,4),(2.0295143175264,2.02973022072306),
 .UNSPECIFIED.);
#715=B_SPLINE_CURVE_WITH_KNOTS('',3,(#6047,#6048,#6049,#6050,#6051,#6052,
#6053,#6054,#6055,#6056,#6057,#6058,#6059,#6060,#6061,#6062,#6063,#6064,
#6065,#6066,#6067,#6068,#6069),.UNSPECIFIED.,.F.,.F.,(4,2,2,2,2,3,2,2,2,
2,4),(3.18199360771759,3.41839264335074,3.68134140605647,3.9442911575936,
4.09317222961341,4.24205267531981,4.50500570436805,4.76796043700601,5.03091663625335,
5.29387379170262,5.30261677557082),.UNSPECIFIED.);
#716=B_SPLINE_CURVE_WITH_KNOTS('',3,(#6071,#6072,#6073,#6074,#6075,#6076,
#6077,#6078,#6079,#6080,#6081,#6082,#6083,#6084,#6085,#6086,#6087,#6088,
#6089,#6090),.UNSPECIFIED.,.F.,.F.,(4,2,2,2,2,2,2,2,2,4),(5.30280484670511,
5.55683118319527,5.81978801359136,6.08274357686114,6.34569740918145,6.60864937374322,
6.87159965716269,7.13454869179535,7.39749704509404,7.42404628303739),
 .UNSPECIFIED.);
#717=B_SPLINE_CURVE_WITH_KNOTS('',3,(#6091,#6092,#6093,#6094),
 .UNSPECIFIED.,.F.,.F.,(4,4),(5.30261677557082,5.30280484670511),
 .UNSPECIFIED.);
#718=B_SPLINE_CURVE_WITH_KNOTS('',3,(#6103,#6104,#6105,#6106,#6107,#6108,
#6109,#6110,#6111,#6112,#6113,#6114,#6115,#6116,#6117,#6118,#6119,#6120),
 .UNSPECIFIED.,.F.,.F.,(4,2,2,2,2,2,2,2,4),(3.90132540171399,4.1450490588344,
4.38884580600872,4.63268519921532,4.87652459242191,5.12040005520476,5.3642755179876,
5.60815941828853,5.85198615555839),.UNSPECIFIED.);
#719=B_SPLINE_CURVE_WITH_KNOTS('',3,(#6126,#6127,#6128,#6129,#6130,#6131,
#6132,#6133,#6134,#6135,#6136,#6137,#6138,#6139,#6140,#6141,#6142,#6143,
#6144,#6145,#6146),.UNSPECIFIED.,.F.,.F.,(4,2,2,2,2,2,2,2,3,4),(1.95079100692939,
2.19465081727116,2.43851062761294,2.68232785874035,2.92614508986776,3.1699261474839,
3.41370720510003,3.65747975838005,3.90125231166007,3.90132540171399),
 .UNSPECIFIED.);
#720=B_SPLINE_CURVE_WITH_KNOTS('',3,(#6150,#6151,#6152,#6153,#6154,#6155,
#6156,#6157,#6158,#6159,#6160,#6161,#6162,#6163,#6164,#6165,#6166,#6167,
#6168,#6169,#6170,#6171),.UNSPECIFIED.,.F.,.F.,(4,2,2,2,2,2,2,2,2,2,4),
(2.02061862874102,2.0231200060496,2.2760075267224,2.52889391677253,2.78177947726854,
3.03466459048136,3.28754965277288,3.54043503572586,3.79332106953304,3.93650377127895,
4.06019760861003),.UNSPECIFIED.);
#721=B_SPLINE_CURVE_WITH_KNOTS('',3,(#6173,#6174,#6175,#6176,#6177,#6178,
#6179,#6180,#6181,#6182,#6183,#6184,#6185,#6186,#6187,#6188,#6189,#6190,
#6191,#6192,#6193),.UNSPECIFIED.,.F.,.F.,(4,3,2,2,2,2,2,2,2,4),(4.06019760861003,
4.07968604329019,4.33257427665157,4.58546367670843,4.83835409153261,5.0912451725831,
5.34413641947091,5.59702727705888,5.8499172578527,6.10030467203121),
 .UNSPECIFIED.);
#722=B_SPLINE_CURVE_WITH_KNOTS('',3,(#6195,#6196,#6197,#6198,#6199,#6200,
#6201,#6202),.UNSPECIFIED.,.F.,.F.,(4,2,2,4),(0.338570893808361,0.588116879139478,
0.882176343298596,1.12947685663355),.UNSPECIFIED.);
#723=B_SPLINE_CURVE_WITH_KNOTS('',3,(#6218,#6219,#6220,#6221,#6222,#6223,
#6224,#6225),.UNSPECIFIED.,.F.,.F.,(4,2,2,4),(-0.65945135621027,-0.591841472740329,
-0.295920736370165,-1.08891416636518E-6),.UNSPECIFIED.);
#724=B_SPLINE_CURVE_WITH_KNOTS('',3,(#6227,#6228,#6229,#6230,#6231,#6232,
#6233,#6234),.UNSPECIFIED.,.F.,.F.,(4,2,2,4),(3.38450704007747,3.55091484337763,
3.84683571839968,4.0751464185712),.UNSPECIFIED.);
#725=B_SPLINE_CURVE_WITH_KNOTS('',3,(#6235,#6236,#6237,#6238,#6239,#6240,
#6241,#6242,#6243,#6244),.UNSPECIFIED.,.F.,.F.,(4,2,2,2,4),(0.0340235092331066,
0.29591795164874,0.591835903297481,0.88775354145216,1.01727447804548),
 .UNSPECIFIED.);
#726=B_SPLINE_CURVE_WITH_KNOTS('',3,(#6245,#6246,#6247,#6248,#6249,#6250,
#6251,#6252,#6253,#6254,#6255,#6256),.UNSPECIFIED.,.F.,.F.,(4,2,2,2,2,4),
(1.38258395861475,1.47957509811247,1.77549340493918,2.0714121190496,2.36733083316003,
2.36733702624035),.UNSPECIFIED.);
#727=B_SPLINE_CURVE_WITH_KNOTS('',3,(#6257,#6258,#6259,#6260,#6261,#6262,
#6263,#6264,#6265,#6266),.UNSPECIFIED.,.F.,.F.,(4,2,2,2,4),(0.36051791441202,
0.591836326033141,0.887755318292887,1.18367431055263,1.3497835253746),
 .UNSPECIFIED.);
#728=B_SPLINE_CURVE_WITH_KNOTS('',3,(#6267,#6268,#6269,#6270,#6271,#6272,
#6273,#6274,#6275),.UNSPECIFIED.,.F.,.F.,(4,3,2,4),(-1.08891416636518E-6,
0.,0.295920533781502,0.327849988043971),.UNSPECIFIED.);
#729=B_SPLINE_CURVE_WITH_KNOTS('',3,(#6281,#6282,#6283,#6284),
 .UNSPECIFIED.,.F.,.F.,(4,4),(3.7924404537659,3.8238068601286),
 .UNSPECIFIED.);
#730=B_SPLINE_CURVE_WITH_KNOTS('',3,(#6287,#6288,#6289,#6290),
 .UNSPECIFIED.,.F.,.F.,(4,4),(0.0137556439767573,0.0517665853947457),
 .UNSPECIFIED.);
#731=B_SPLINE_CURVE_WITH_KNOTS('',3,(#6294,#6295,#6296,#6297,#6298,#6299),
 .UNSPECIFIED.,.F.,.F.,(4,2,4),(-2.51088687280534,-2.47274487689427,-2.42141958558549),
 .UNSPECIFIED.);
#732=B_SPLINE_CURVE_WITH_KNOTS('',3,(#6301,#6302,#6303,#6304,#6305,#6306),
 .UNSPECIFIED.,.F.,.F.,(4,2,4),(-2.58854578110835,-2.56232135404129,-2.52082545054628),
 .UNSPECIFIED.);
#733=B_SPLINE_CURVE_WITH_KNOTS('',3,(#6308,#6309,#6310,#6311),
 .UNSPECIFIED.,.F.,.F.,(4,4),(5.09469051655574,5.2192083622711),
 .UNSPECIFIED.);
#734=B_SPLINE_CURVE_WITH_KNOTS('',3,(#6313,#6314,#6315,#6316,#6317,#6318),
 .UNSPECIFIED.,.F.,.F.,(4,2,4),(4.93061275977626,5.03604509377444,5.05431135707407),
 .UNSPECIFIED.);
#735=B_SPLINE_CURVE_WITH_KNOTS('',3,(#6320,#6321,#6322,#6323),
 .UNSPECIFIED.,.F.,.F.,(4,4),(4.74261472492824,4.86850622776656),
 .UNSPECIFIED.);
#736=B_SPLINE_CURVE_WITH_KNOTS('',3,(#6324,#6325,#6326,#6327),
 .UNSPECIFIED.,.F.,.F.,(4,4),(-2.62490538674438,-2.48420408030099),
 .UNSPECIFIED.);
#737=B_SPLINE_CURVE_WITH_KNOTS('',3,(#6329,#6330,#6331,#6332),
 .UNSPECIFIED.,.F.,.F.,(4,4),(-2.52394694678138,-2.44396228547922),
 .UNSPECIFIED.);
#738=B_SPLINE_CURVE_WITH_KNOTS('',3,(#6334,#6335,#6336,#6337),
 .UNSPECIFIED.,.F.,.F.,(4,4),(-2.62207275127301,-2.5072074471472),
 .UNSPECIFIED.);
#739=B_SPLINE_CURVE_WITH_KNOTS('',3,(#6338,#6339,#6340,#6341,#6342,#6343),
 .UNSPECIFIED.,.F.,.F.,(4,2,4),(2.88860267568065,2.92069177498064,2.98414368544669),
 .UNSPECIFIED.);
#740=B_SPLINE_CURVE_WITH_KNOTS('',3,(#6344,#6345,#6346,#6347),
 .UNSPECIFIED.,.F.,.F.,(4,4),(-2.50626871828541,-2.44518444901924),
 .UNSPECIFIED.);
#741=B_SPLINE_CURVE_WITH_KNOTS('',3,(#6353,#6354,#6355,#6356),
 .UNSPECIFIED.,.F.,.F.,(4,4),(-2.49552427228257,-2.43204166519264),
 .UNSPECIFIED.);
#742=B_SPLINE_CURVE_WITH_KNOTS('',3,(#6357,#6358,#6359,#6360),
 .UNSPECIFIED.,.F.,.F.,(4,4),(-2.50645844379421,-2.44524427769582),
 .UNSPECIFIED.);
#743=B_SPLINE_CURVE_WITH_KNOTS('',3,(#6361,#6362,#6363,#6364,#6365,#6366,
#6367,#6368,#6369,#6370),.UNSPECIFIED.,.F.,.F.,(4,2,2,2,4),(0.819903559542626,
0.850828375485287,1.13443668242485,1.41805057445399,1.5420603818577),
 .UNSPECIFIED.);
#744=B_SPLINE_CURVE_WITH_KNOTS('',3,(#6377,#6378,#6379,#6380,#6381,#6382,
#6383,#6384,#6385,#6386,#6387,#6388,#6389),.UNSPECIFIED.,.F.,.F.,(4,2,2,
2,3,4),(3.615943388482,3.61598363474191,3.89417291691598,4.1723433978017,
4.45051387868743,4.45065687560327),.UNSPECIFIED.);
#745=B_SPLINE_CURVE_WITH_KNOTS('',3,(#6391,#6392,#6393,#6394,#6395,#6396),
 .UNSPECIFIED.,.F.,.F.,(4,2,4),(0.833367360030629,1.11115742107876,1.38884957156763),
 .UNSPECIFIED.);
#746=B_SPLINE_CURVE_WITH_KNOTS('',3,(#6398,#6399,#6400,#6401,#6402,#6403,
#6404,#6405),.UNSPECIFIED.,.F.,.F.,(4,2,2,4),(6.6755886834202,6.95375917198775,
7.2319296605553,7.51006463758113),.UNSPECIFIED.);
#747=B_SPLINE_CURVE_WITH_KNOTS('',3,(#6406,#6407,#6408,#6409,#6410,#6411,
#6412,#6413,#6414,#6415,#6416,#6417,#6418,#6419,#6420,#6421,#6422,#6423),
 .UNSPECIFIED.,.F.,.F.,(4,2,2,2,2,2,2,2,4),(4.45065687560327,4.72865768657395,
5.00680149446048,5.28492638230774,5.56305127015501,5.84117616119873,6.11930105224245,
6.39744486783132,6.6755886834202),.UNSPECIFIED.);
#748=B_SPLINE_CURVE_WITH_KNOTS('',3,(#6434,#6435,#6436,#6437,#6438,#6439,
#6440,#6441,#6442,#6443),.UNSPECIFIED.,.F.,.F.,(4,2,2,2,4),(1.1915869235627,
1.48934708659794,1.78721639550143,2.08508532897779,2.38295426245416),
 .UNSPECIFIED.);
#749=B_SPLINE_CURVE_WITH_KNOTS('',3,(#6445,#6446,#6447,#6448,#6449,#6450,
#6451,#6452),.UNSPECIFIED.,.F.,.F.,(4,2,2,4),(0.828731093951875,0.893751092632511,
1.19161614992765,1.19172529631171),.UNSPECIFIED.);
#750=B_SPLINE_CURVE_WITH_KNOTS('',3,(#6454,#6455,#6456,#6457,#6458,#6459,
#6460,#6461,#6462,#6463,#6464,#6465,#6466,#6467,#6468,#6469,#6470,#6471,
#6472),.UNSPECIFIED.,.F.,.F.,(4,2,2,2,2,3,2,2,4),(-1.35899064046063,-1.19147560218976,
-0.893606893017228,-0.595738183844694,-0.297869091922347,0.,0.297869438336077,
0.595738876672153,0.828581266787367),.UNSPECIFIED.);
#751=B_SPLINE_CURVE_WITH_KNOTS('',3,(#6473,#6474,#6475,#6476,#6477,#6478,
#6479,#6480,#6481,#6482),.UNSPECIFIED.,.F.,.F.,(4,2,2,2,4),(2.38295426245416,
2.68082285434167,2.97869144622919,3.27655993046488,3.40691339412099),
 .UNSPECIFIED.);
#752=B_SPLINE_CURVE_WITH_KNOTS('',3,(#6489,#6490,#6491,#6492),
 .UNSPECIFIED.,.F.,.F.,(4,4),(-2.13104142776443,-2.0573081853651),
 .UNSPECIFIED.);
#753=B_SPLINE_CURVE_WITH_KNOTS('',3,(#6493,#6494,#6495,#6496,#6497,#6498),
 .UNSPECIFIED.,.F.,.F.,(4,2,4),(-2.0970283651202,-2.04663872043892,-2.00054128283269),
 .UNSPECIFIED.);
#754=B_SPLINE_CURVE_WITH_KNOTS('',3,(#6499,#6500,#6501,#6502),
 .UNSPECIFIED.,.F.,.F.,(4,4),(-2.13101864984109,-2.0572921038363),
 .UNSPECIFIED.);
#755=B_SPLINE_CURVE_WITH_KNOTS('',3,(#6504,#6505,#6506,#6507,#6508,#6509),
 .UNSPECIFIED.,.F.,.F.,(4,2,4),(2.44520672510038,2.45193882565413,2.5224788442051),
 .UNSPECIFIED.);
#756=B_SPLINE_CURVE_WITH_KNOTS('',3,(#6511,#6512,#6513,#6514),
 .UNSPECIFIED.,.F.,.F.,(4,4),(2.40562964410625,2.44520672510038),
 .UNSPECIFIED.);
#757=B_SPLINE_CURVE_WITH_KNOTS('',3,(#6516,#6517,#6518,#6519,#6520,#6521),
 .UNSPECIFIED.,.F.,.F.,(4,2,4),(-2.10342532060475,-2.06707461211299,-1.99531790908673),
 .UNSPECIFIED.);
#758=B_SPLINE_CURVE_WITH_KNOTS('',3,(#6522,#6523,#6524,#6525),
 .UNSPECIFIED.,.F.,.F.,(4,4),(-2.13145528972648,-2.04883879061978),
 .UNSPECIFIED.);
#759=B_SPLINE_CURVE_WITH_KNOTS('',3,(#6527,#6528,#6529,#6530,#6531,#6532),
 .UNSPECIFIED.,.F.,.F.,(4,2,4),(-2.10841778403396,-2.06463493577396,-1.98988733934352),
 .UNSPECIFIED.);
#760=B_SPLINE_CURVE_WITH_KNOTS('',3,(#6534,#6535,#6536,#6537),
 .UNSPECIFIED.,.F.,.F.,(4,4),(3.59374408241595,3.72660333620781),
 .UNSPECIFIED.);
#761=B_SPLINE_CURVE_WITH_KNOTS('',3,(#6539,#6540,#6541,#6542,#6543,#6544),
 .UNSPECIFIED.,.F.,.F.,(4,2,4),(3.50593173766855,3.5799360181323,3.64012793019035),
 .UNSPECIFIED.);
#762=B_SPLINE_CURVE_WITH_KNOTS('',3,(#6546,#6547,#6548,#6549),
 .UNSPECIFIED.,.F.,.F.,(4,4),(3.49930232593777,3.62996130578832),
 .UNSPECIFIED.);
#763=B_SPLINE_CURVE_WITH_KNOTS('',3,(#6551,#6552,#6553,#6554,#6555,#6556),
 .UNSPECIFIED.,.F.,.F.,(4,2,4),(-2.22495682946806,-2.17280865194347,-2.12312359211115),
 .UNSPECIFIED.);
#764=B_SPLINE_CURVE_WITH_KNOTS('',3,(#6557,#6558,#6559,#6560),
 .UNSPECIFIED.,.F.,.F.,(4,4),(-2.10625166729617,-2.04003914993712),
 .UNSPECIFIED.);
#765=B_SPLINE_CURVE_WITH_KNOTS('',3,(#6567,#6568,#6569,#6570),
 .UNSPECIFIED.,.F.,.F.,(4,4),(2.32159691255903,2.3896495823305),
 .UNSPECIFIED.);
#766=B_SPLINE_CURVE_WITH_KNOTS('',3,(#6572,#6573,#6574,#6575,#6576,#6577,
#6578,#6579,#6580,#6581,#6582,#6583,#6584,#6585,#6586,#6587,#6588,#6589),
 .UNSPECIFIED.,.F.,.F.,(4,2,2,2,2,2,2,2,4),(0.101484289788987,0.297868624322113,
0.595737248644226,0.893605734209431,1.19147421977464,1.4893429040119,1.78721158824916,
2.08508069220763,2.31489553513756),.UNSPECIFIED.);
#767=B_SPLINE_CURVE_WITH_KNOTS('',3,(#6591,#6592,#6593,#6594,#6595,#6596,
#6597,#6598,#6599,#6600,#6601,#6602,#6603,#6604,#6605,#6606,#6607,#6608,
#6609,#6610,#6611),.UNSPECIFIED.,.F.,.F.,(4,2,2,2,2,2,2,2,3,4),(-2.18271330458058,
-2.08508492493507,-1.78721540597905,-1.48934591412351,-1.19147642226797,
-0.893607164632325,-0.59573790699668,-0.29786895349834,0.,0.10148430698305),
 .UNSPECIFIED.);
#768=B_SPLINE_CURVE_WITH_KNOTS('',3,(#6612,#6613,#6614,#6615),
 .UNSPECIFIED.,.F.,.F.,(4,4),(2.3896495823305,2.58987280882931),
 .UNSPECIFIED.);
#769=B_SPLINE_CURVE_WITH_KNOTS('',3,(#6621,#6622,#6623,#6624,#6625,#6626,
#6627,#6628,#6629,#6630),.UNSPECIFIED.,.F.,.F.,(4,2,2,2,4),(0.250376452766232,
0.288075477119247,0.576149755849336,0.864222745095625,0.895783124788772),
 .UNSPECIFIED.);
#770=B_SPLINE_CURVE_WITH_KNOTS('',3,(#6632,#6633,#6634,#6635,#6636,#6637,
#6638,#6639,#6640,#6641,#6642,#6643),.UNSPECIFIED.,.F.,.F.,(4,2,2,2,2,4),
(3.4586338795216,3.4620331037652,3.75056347539631,4.03909170747536,4.3276145458025,
4.33142756063467),.UNSPECIFIED.);
#771=B_SPLINE_CURVE_WITH_KNOTS('',3,(#6645,#6646,#6647,#6648,#6649,#6650,
#6651,#6652,#6653,#6654,#6655,#6656,#6657,#6658,#6659,#6660,#6661,#6662,
#6663,#6664),.UNSPECIFIED.,.F.,.F.,(4,2,2,2,2,2,2,2,2,4),(1.13158102341695,
1.15397856890749,1.44246512333397,1.73095453065919,2.01944934837812,2.30795136167182,
2.59646143502228,2.8849794111721,3.17350405601788,3.4586338795216),
 .UNSPECIFIED.);
#772=B_SPLINE_CURVE_WITH_KNOTS('',3,(#6666,#6667,#6668,#6669,#6670,#6671,
#6672,#6673),.UNSPECIFIED.,.F.,.F.,(4,2,2,4),(0.323085062806482,0.577001521045978,
0.865491780024909,1.13158102341695),.UNSPECIFIED.);
#773=B_SPLINE_CURVE_WITH_KNOTS('',3,(#6679,#6680,#6681,#6682,#6683,#6684,
#6685,#6686,#6687,#6688,#6689,#6690,#6691,#6692,#6693,#6694,#6695,#6696),
 .UNSPECIFIED.,.F.,.F.,(4,1,1,1,1,1,1,1,1,1,1,1,1,1,1,4),(0.,0.0617769685271422,
0.0926657732415746,0.123554593822721,0.154443130958571,0.185331218137337,
0.216220136392816,0.247108405564984,0.277997628184819,0.308886546440299,
0.339774633619064,0.370663170754914,0.401551991336061,0.432440796050493,
0.463329169888142,0.525106422740808),.UNSPECIFIED.);
#774=B_SPLINE_CURVE_WITH_KNOTS('',3,(#6703,#6704,#6705,#6706,#6707,#6708,
#6709,#6710,#6711,#6712,#6713,#6714,#6715,#6716,#6717,#6718,#6719,#6720,
#6721,#6722,#6723,#6724,#6725,#6726,#6727,#6728,#6729,#6730,#6731,#6732,
#6733,#6734,#6735,#6736,#6737,#6738,#6739),.UNSPECIFIED.,.F.,.F.,(4,3,3,
3,3,3,3,3,3,3,3,3,4),(2.50467170435394E-15,0.0846465987084909,0.169290194407042,
0.218133615625802,0.302769810150773,0.387409551540876,0.436267231251603,
0.52090343329989,0.60554143392087,0.654400846877405,0.739040071511492,0.823691726165163,
0.872534462503204),.UNSPECIFIED.);
#775=B_SPLINE_CURVE_WITH_KNOTS('',3,(#6748,#6749,#6750,#6751),
 .UNSPECIFIED.,.F.,.F.,(4,4),(0.,0.150855271016839),.UNSPECIFIED.);
#776=B_SPLINE_CURVE_WITH_KNOTS('',3,(#6753,#6754,#6755,#6756,#6757,#6758,
#6759,#6760,#6761,#6762,#6763,#6764,#6765,#6766,#6767,#6768,#6769,#6770,
#6771,#6772,#6773,#6774,#6775,#6776,#6777),.UNSPECIFIED.,.F.,.F.,(4,3,3,
3,3,3,3,3,4),(3.84784930661685E-15,0.0872429780518208,0.174485956103638,
0.261728934155457,0.348971912207276,0.436214890259094,0.523457868310913,
0.610700846362732,0.697943824414551),.UNSPECIFIED.);
#777=B_SPLINE_CURVE_WITH_KNOTS('',3,(#6782,#6783,#6784,#6785),
 .UNSPECIFIED.,.F.,.F.,(4,4),(0.,0.144508695769262),.UNSPECIFIED.);
#778=B_SPLINE_CURVE_WITH_KNOTS('',3,(#6787,#6788,#6789,#6790,#6791,#6792,
#6793,#6794,#6795,#6796,#6797,#6798,#6799,#6800,#6801,#6802,#6803,#6804,
#6805,#6806,#6807,#6808,#6809,#6810,#6811,#6812,#6813,#6814,#6815,#6816,
#6817),.UNSPECIFIED.,.F.,.F.,(4,3,3,3,3,3,3,3,3,3,4),(0.,0.0683006643157027,
0.136591992579884,0.152612025500003,0.259072648127623,0.305224051000006,
0.411692619780548,0.45783607650001,0.526125376914232,0.594426733253598,
0.610448102000011),.UNSPECIFIED.);
#779=B_SPLINE_CURVE_WITH_KNOTS('',3,(#6819,#6820,#6821,#6822),
 .UNSPECIFIED.,.F.,.F.,(4,4),(0.000188046256024581,0.151015543987982),
 .UNSPECIFIED.);
#780=B_SPLINE_CURVE_WITH_KNOTS('',3,(#6837,#6838,#6839,#6840),
 .UNSPECIFIED.,.F.,.F.,(4,4),(0.000175823009349008,0.151082374929495),
 .UNSPECIFIED.);
#781=B_SPLINE_CURVE_WITH_KNOTS('',3,(#6846,#6847,#6848,#6849,#6850,#6851,
#6852,#6853,#6854,#6855,#6856,#6857,#6858,#6859,#6860,#6861,#6862,#6863,
#6864,#6865,#6866,#6867,#6868,#6869,#6870),.UNSPECIFIED.,.F.,.F.,(4,3,3,
3,3,3,3,3,4),(0.,0.0872419498027146,0.174483899605429,0.261725849408144,
0.348967799210859,0.436209749013573,0.523451698816288,0.610693648618999,
0.69793559842171),.UNSPECIFIED.);
#782=B_SPLINE_CURVE_WITH_KNOTS('',3,(#6881,#6882,#6883,#6884,#6885,#6886,
#6887,#6888,#6889,#6890,#6891,#6892,#6893,#6894,#6895,#6896,#6897,#6898,
#6899,#6900),.UNSPECIFIED.,.F.,.F.,(4,1,1,1,1,1,1,1,1,1,1,1,1,1,1,1,1,4),
(0.,0.061777166591631,0.0926657619484526,0.123554268613235,0.154442960007955,
0.185331874409945,0.216220411862552,0.247108446687433,0.277997364533686,
0.308886597731188,0.33977487748135,0.370663795327603,0.401551830152484,
0.432440367605091,0.463329282007081,0.494217973401801,0.525106480066583,
0.586883733586577),.UNSPECIFIED.);
#783=B_SPLINE_CURVE_WITH_KNOTS('',2,(#6905,#6906,#6907),.UNSPECIFIED.,.F.,
 .F.,(3,3),(0.,0.343738603084737),.UNSPECIFIED.);
#784=B_SPLINE_CURVE_WITH_KNOTS('',2,(#6909,#6910,#6911),.UNSPECIFIED.,.F.,
 .F.,(3,3),(0.000944299717841839,0.343917405804512),.UNSPECIFIED.);
#785=B_SPLINE_CURVE_WITH_KNOTS('',2,(#6913,#6914,#6915),.UNSPECIFIED.,.F.,
 .F.,(3,3),(0.000944195617202653,0.34391795902243),.UNSPECIFIED.);
#786=B_SPLINE_CURVE_WITH_KNOTS('',2,(#6917,#6918,#6919),.UNSPECIFIED.,.F.,
 .F.,(3,3),(0.00114740014891504,0.343904147890305),.UNSPECIFIED.);
#787=B_SPLINE_CURVE_WITH_KNOTS('',3,(#6922,#6923,#6924,#6925,#6926,#6927),
 .UNSPECIFIED.,.F.,.F.,(4,2,4),(1.74146168209017,1.87098437585972,2.0755134299381),
 .UNSPECIFIED.);
#788=B_SPLINE_CURVE_WITH_KNOTS('',3,(#6929,#6930,#6931,#6932,#6933,#6934,
#6935,#6936,#6937,#6938),.UNSPECIFIED.,.F.,.F.,(4,2,2,2,4),(1.56243277148735,
1.61246955712194,1.73191926304052,1.85136896895909,1.88879252953308),
 .UNSPECIFIED.);
#789=B_SPLINE_CURVE_WITH_KNOTS('',3,(#6951,#6952,#6953,#6954),
 .UNSPECIFIED.,.F.,.F.,(4,4),(2.05124656997381E-8,0.17625838796588),
 .UNSPECIFIED.);
#790=B_SPLINE_CURVE_WITH_KNOTS('',3,(#6956,#6957,#6958,#6959),
 .UNSPECIFIED.,.F.,.F.,(4,4),(0.,0.176275880659365),.UNSPECIFIED.);
#791=B_SPLINE_CURVE_WITH_KNOTS('',3,(#6972,#6973,#6974,#6975),
 .UNSPECIFIED.,.F.,.F.,(4,4),(7.2262178251564E-6,0.176256049084412),
 .UNSPECIFIED.);
#792=B_SPLINE_CURVE_WITH_KNOTS('',3,(#6978,#6979,#6980,#6981),
 .UNSPECIFIED.,.F.,.F.,(4,4),(0.,0.176258035086826),.UNSPECIFIED.);
#793=B_SPLINE_CURVE_WITH_KNOTS('',3,(#6994,#6995,#6996,#6997),
 .UNSPECIFIED.,.F.,.F.,(4,4),(0.,0.17307916644231),.UNSPECIFIED.);
#794=CIRCLE('',#2588,14.0790357022248);
#795=CIRCLE('',#2589,14.0790357022248);
#796=CIRCLE('',#2590,7.29228216095299);
#797=CIRCLE('',#2591,7.29228216095299);
#798=CIRCLE('',#2592,6.56305394485769);
#799=CIRCLE('',#2597,6.95103682282926);
#800=CIRCLE('',#2599,6.95118006281516);
#801=CIRCLE('',#2601,5.82673122482116);
#802=CIRCLE('',#2602,5.5849807652833);
#803=CIRCLE('',#2603,5.5849807652833);
#804=CIRCLE('',#2605,5.67260339490293);
#805=CIRCLE('',#2606,5.67260339490293);
#806=CIRCLE('',#2607,6.35971835533395);
#807=CIRCLE('',#2608,6.35971835533395);
#808=CIRCLE('',#2610,6.88617431596541);
#809=CIRCLE('',#2611,6.88617431596541);
#810=CIRCLE('',#2613,6.56305398528401);
#811=CIRCLE('',#2614,6.56305394485769);
#812=CIRCLE('',#2616,6.56305373891814);
#813=CIRCLE('',#2618,6.56305340467195);
#814=CIRCLE('',#2620,6.470007066332);
#815=CIRCLE('',#2622,6.91728530461256);
#816=CIRCLE('',#2623,6.91728530461256);
#817=CIRCLE('',#2624,6.88617343297849);
#818=CIRCLE('',#2627,6.91728482291895);
#819=CIRCLE('',#2630,5.09713776330457);
#820=CIRCLE('',#2634,5.10669949233281);
#821=CIRCLE('',#2635,5.10669949233281);
#822=CIRCLE('',#2636,5.10669949233281);
#823=CIRCLE('',#2637,5.10669949233281);
#824=CIRCLE('',#2639,5.10536565183138);
#825=CIRCLE('',#2640,5.10536565183138);
#826=CIRCLE('',#2641,5.47881073792598);
#827=CIRCLE('',#2642,5.10536565183138);
#828=CIRCLE('',#2644,5.09709668082799);
#829=CIRCLE('',#2661,7.1448208800774);
#830=CIRCLE('',#2663,7.14482180085726);
#831=CIRCLE('',#2665,7.14482182420294);
#832=CIRCLE('',#2666,7.1448209372353);
#833=CIRCLE('',#2677,6.95112505358274);
#834=CIRCLE('',#2682,6.95112535921401);
#835=CIRCLE('',#2686,31.2688942106732);
#836=CIRCLE('',#2691,7.72337424758807);
#837=CIRCLE('',#2693,7.72353340312795);
#838=CIRCLE('',#2695,6.47414580535685);
#839=CIRCLE('',#2697,0.587741108783246);
#840=CIRCLE('',#2698,6.20553418364811);
#841=CIRCLE('',#2699,6.20553418364811);
#842=CIRCLE('',#2701,6.30289266100326);
#843=CIRCLE('',#2702,6.30289266100326);
#844=CIRCLE('',#2704,0.902256840388865);
#845=CIRCLE('',#2706,0.593053256287978);
#846=CIRCLE('',#2707,7.06635372814883);
#847=CIRCLE('',#2708,7.06635372814883);
#848=CIRCLE('',#2710,0.471055074368223);
#849=CIRCLE('',#2712,7.65130479551713);
#850=CIRCLE('',#2713,7.65130479551713);
#851=CIRCLE('',#2715,7.29228220587112);
#852=CIRCLE('',#2717,7.29228216095299);
#853=CIRCLE('',#2719,7.29228193213126);
#854=CIRCLE('',#2721,7.29228156074661);
#855=CIRCLE('',#2723,7.18889674036888);
#856=CIRCLE('',#2725,0.471055678367326);
#857=CIRCLE('',#2727,7.68587256068062);
#858=CIRCLE('',#2728,7.68587256068062);
#859=CIRCLE('',#2730,7.65130381441859);
#860=CIRCLE('',#2731,0.471055399902403);
#861=CIRCLE('',#2734,7.6858720254655);
#862=CIRCLE('',#2736,0.471056038678964);
#863=CIRCLE('',#2738,0.872916578459094);
#864=CIRCLE('',#2741,5.66348640367174);
#865=CIRCLE('',#2745,5.67411054703645);
#866=CIRCLE('',#2746,5.67411054703645);
#867=CIRCLE('',#2747,5.67411054703645);
#868=CIRCLE('',#2749,5.67262850206019);
#869=CIRCLE('',#2750,6.08756748658442);
#870=CIRCLE('',#2751,5.67262850206019);
#871=CIRCLE('',#2752,5.67262850206019);
#872=CIRCLE('',#2754,5.66344075649713);
#873=CIRCLE('',#2757,43.6323097567211);
#874=CIRCLE('',#2766,32.7319696999153);
#875=CIRCLE('',#2773,7.93868986675195);
#876=CIRCLE('',#2774,7.9386908898414);
#877=CIRCLE('',#2775,7.93031790370838);
#878=CIRCLE('',#2777,7.93868993026073);
#879=CIRCLE('',#2778,7.93869091578105);
#880=CIRCLE('',#2780,7.93535801054063);
#881=CIRCLE('',#2789,7.7234722817586);
#882=CIRCLE('',#2794,7.7234726213489);
#883=VERTEX_POINT('',#3296);
#884=VERTEX_POINT('',#3297);
#885=VERTEX_POINT('',#3299);
#886=VERTEX_POINT('',#3301);
#887=VERTEX_POINT('',#3303);
#888=VERTEX_POINT('',#3305);
#889=VERTEX_POINT('',#3364);
#890=VERTEX_POINT('',#3365);
#891=VERTEX_POINT('',#3369);
#892=VERTEX_POINT('',#3380);
#893=VERTEX_POINT('',#3386);
#894=VERTEX_POINT('',#3435);
#895=VERTEX_POINT('',#3436);
#896=VERTEX_POINT('',#3440);
#897=VERTEX_POINT('',#3445);
#898=VERTEX_POINT('',#3456);
#899=VERTEX_POINT('',#3461);
#900=VERTEX_POINT('',#3471);
#901=VERTEX_POINT('',#3472);
#902=VERTEX_POINT('',#3476);
#903=VERTEX_POINT('',#3481);
#904=VERTEX_POINT('',#3490);
#905=VERTEX_POINT('',#3491);
#906=VERTEX_POINT('',#3495);
#907=VERTEX_POINT('',#3500);
#908=VERTEX_POINT('',#3505);
#909=VERTEX_POINT('',#3514);
#910=VERTEX_POINT('',#3515);
#911=VERTEX_POINT('',#3520);
#912=VERTEX_POINT('',#3524);
#913=VERTEX_POINT('',#3533);
#914=VERTEX_POINT('',#3534);
#915=VERTEX_POINT('',#3538);
#916=VERTEX_POINT('',#3549);
#917=VERTEX_POINT('',#3575);
#918=VERTEX_POINT('',#3579);
#919=VERTEX_POINT('',#3587);
#920=VERTEX_POINT('',#3592);
#921=VERTEX_POINT('',#3594);
#922=VERTEX_POINT('',#3600);
#923=VERTEX_POINT('',#3610);
#924=VERTEX_POINT('',#3611);
#925=VERTEX_POINT('',#3613);
#926=VERTEX_POINT('',#3615);
#927=VERTEX_POINT('',#3646);
#928=VERTEX_POINT('',#3648);
#929=VERTEX_POINT('',#3653);
#930=VERTEX_POINT('',#3655);
#931=VERTEX_POINT('',#3686);
#932=VERTEX_POINT('',#3688);
#933=VERTEX_POINT('',#3693);
#934=VERTEX_POINT('',#3695);
#935=VERTEX_POINT('',#3697);
#936=VERTEX_POINT('',#3701);
#937=VERTEX_POINT('',#3706);
#938=VERTEX_POINT('',#3726);
#939=VERTEX_POINT('',#3734);
#940=VERTEX_POINT('',#3739);
#941=VERTEX_POINT('',#3749);
#942=VERTEX_POINT('',#3751);
#943=VERTEX_POINT('',#3753);
#944=VERTEX_POINT('',#3882);
#945=VERTEX_POINT('',#3883);
#946=VERTEX_POINT('',#3885);
#947=VERTEX_POINT('',#3889);
#948=VERTEX_POINT('',#3900);
#949=VERTEX_POINT('',#3926);
#950=VERTEX_POINT('',#3927);
#951=VERTEX_POINT('',#3929);
#952=VERTEX_POINT('',#3931);
#953=VERTEX_POINT('',#3954);
#954=VERTEX_POINT('',#4066);
#955=VERTEX_POINT('',#4086);
#956=VERTEX_POINT('',#4215);
#957=VERTEX_POINT('',#4228);
#958=VERTEX_POINT('',#4383);
#959=VERTEX_POINT('',#4384);
#960=VERTEX_POINT('',#4386);
#961=VERTEX_POINT('',#4418);
#962=VERTEX_POINT('',#4429);
#963=VERTEX_POINT('',#4449);
#964=VERTEX_POINT('',#4454);
#965=VERTEX_POINT('',#4512);
#966=VERTEX_POINT('',#4519);
#967=VERTEX_POINT('',#4526);
#968=VERTEX_POINT('',#4531);
#969=VERTEX_POINT('',#4540);
#970=VERTEX_POINT('',#4545);
#971=VERTEX_POINT('',#4550);
#972=VERTEX_POINT('',#4555);
#973=VERTEX_POINT('',#4560);
#974=VERTEX_POINT('',#4590);
#975=VERTEX_POINT('',#4591);
#976=VERTEX_POINT('',#4602);
#977=VERTEX_POINT('',#4616);
#978=VERTEX_POINT('',#4619);
#979=VERTEX_POINT('',#4766);
#980=VERTEX_POINT('',#4767);
#981=VERTEX_POINT('',#4769);
#982=VERTEX_POINT('',#4771);
#983=VERTEX_POINT('',#4785);
#984=VERTEX_POINT('',#4808);
#985=VERTEX_POINT('',#4929);
#986=VERTEX_POINT('',#4942);
#987=VERTEX_POINT('',#4947);
#988=VERTEX_POINT('',#4952);
#989=VERTEX_POINT('',#4957);
#990=VERTEX_POINT('',#4962);
#991=VERTEX_POINT('',#4971);
#992=VERTEX_POINT('',#4976);
#993=VERTEX_POINT('',#4981);
#994=VERTEX_POINT('',#4999);
#995=VERTEX_POINT('',#5000);
#996=VERTEX_POINT('',#5002);
#997=VERTEX_POINT('',#5007);
#998=VERTEX_POINT('',#5033);
#999=VERTEX_POINT('',#5061);
#1000=VERTEX_POINT('',#5292);
#1001=VERTEX_POINT('',#5296);
#1002=VERTEX_POINT('',#5307);
#1003=VERTEX_POINT('',#5321);
#1004=VERTEX_POINT('',#5338);
#1005=VERTEX_POINT('',#5340);
#1006=VERTEX_POINT('',#5361);
#1007=VERTEX_POINT('',#5362);
#1008=VERTEX_POINT('',#5364);
#1009=VERTEX_POINT('',#5366);
#1010=VERTEX_POINT('',#5382);
#1011=VERTEX_POINT('',#5383);
#1012=VERTEX_POINT('',#5385);
#1013=VERTEX_POINT('',#5387);
#1014=VERTEX_POINT('',#5406);
#1015=VERTEX_POINT('',#5407);
#1016=VERTEX_POINT('',#5412);
#1017=VERTEX_POINT('',#5417);
#1018=VERTEX_POINT('',#5419);
#1019=VERTEX_POINT('',#5438);
#1020=VERTEX_POINT('',#5440);
#1021=VERTEX_POINT('',#5442);
#1022=VERTEX_POINT('',#5444);
#1023=VERTEX_POINT('',#5458);
#1024=VERTEX_POINT('',#5460);
#1025=VERTEX_POINT('',#5462);
#1026=VERTEX_POINT('',#5467);
#1027=VERTEX_POINT('',#5469);
#1028=VERTEX_POINT('',#5475);
#1029=VERTEX_POINT('',#5478);
#1030=VERTEX_POINT('',#5580);
#1031=VERTEX_POINT('',#5590);
#1032=VERTEX_POINT('',#5591);
#1033=VERTEX_POINT('',#5593);
#1034=VERTEX_POINT('',#5595);
#1035=VERTEX_POINT('',#5606);
#1036=VERTEX_POINT('',#5608);
#1037=VERTEX_POINT('',#5630);
#1038=VERTEX_POINT('',#5645);
#1039=VERTEX_POINT('',#5646);
#1040=VERTEX_POINT('',#5657);
#1041=VERTEX_POINT('',#5662);
#1042=VERTEX_POINT('',#5664);
#1043=VERTEX_POINT('',#5669);
#1044=VERTEX_POINT('',#5699);
#1045=VERTEX_POINT('',#5700);
#1046=VERTEX_POINT('',#5704);
#1047=VERTEX_POINT('',#5711);
#1048=VERTEX_POINT('',#5715);
#1049=VERTEX_POINT('',#5726);
#1050=VERTEX_POINT('',#5727);
#1051=VERTEX_POINT('',#5731);
#1052=VERTEX_POINT('',#5738);
#1053=VERTEX_POINT('',#5742);
#1054=VERTEX_POINT('',#5754);
#1055=VERTEX_POINT('',#5755);
#1056=VERTEX_POINT('',#5762);
#1057=VERTEX_POINT('',#5766);
#1058=VERTEX_POINT('',#5778);
#1059=VERTEX_POINT('',#5779);
#1060=VERTEX_POINT('',#5783);
#1061=VERTEX_POINT('',#5796);
#1062=VERTEX_POINT('',#5803);
#1063=VERTEX_POINT('',#5805);
#1064=VERTEX_POINT('',#5807);
#1065=VERTEX_POINT('',#5812);
#1066=VERTEX_POINT('',#5821);
#1067=VERTEX_POINT('',#5825);
#1068=VERTEX_POINT('',#5853);
#1069=VERTEX_POINT('',#5854);
#1070=VERTEX_POINT('',#5856);
#1071=VERTEX_POINT('',#5858);
#1072=VERTEX_POINT('',#5866);
#1073=VERTEX_POINT('',#5871);
#1074=VERTEX_POINT('',#5880);
#1075=VERTEX_POINT('',#5907);
#1076=VERTEX_POINT('',#5912);
#1077=VERTEX_POINT('',#5916);
#1078=VERTEX_POINT('',#5918);
#1079=VERTEX_POINT('',#5920);
#1080=VERTEX_POINT('',#5925);
#1081=VERTEX_POINT('',#5927);
#1082=VERTEX_POINT('',#5958);
#1083=VERTEX_POINT('',#5960);
#1084=VERTEX_POINT('',#5965);
#1085=VERTEX_POINT('',#5967);
#1086=VERTEX_POINT('',#6000);
#1087=VERTEX_POINT('',#6002);
#1088=VERTEX_POINT('',#6004);
#1089=VERTEX_POINT('',#6045);
#1090=VERTEX_POINT('',#6046);
#1091=VERTEX_POINT('',#6070);
#1092=VERTEX_POINT('',#6095);
#1093=VERTEX_POINT('',#6097);
#1094=VERTEX_POINT('',#6101);
#1095=VERTEX_POINT('',#6102);
#1096=VERTEX_POINT('',#6121);
#1097=VERTEX_POINT('',#6123);
#1098=VERTEX_POINT('',#6148);
#1099=VERTEX_POINT('',#6149);
#1100=VERTEX_POINT('',#6203);
#1101=VERTEX_POINT('',#6205);
#1102=VERTEX_POINT('',#6211);
#1103=VERTEX_POINT('',#6212);
#1104=VERTEX_POINT('',#6215);
#1105=VERTEX_POINT('',#6217);
#1106=VERTEX_POINT('',#6226);
#1107=VERTEX_POINT('',#6277);
#1108=VERTEX_POINT('',#6279);
#1109=VERTEX_POINT('',#6286);
#1110=VERTEX_POINT('',#6293);
#1111=VERTEX_POINT('',#6300);
#1112=VERTEX_POINT('',#6307);
#1113=VERTEX_POINT('',#6312);
#1114=VERTEX_POINT('',#6319);
#1115=VERTEX_POINT('',#6328);
#1116=VERTEX_POINT('',#6333);
#1117=VERTEX_POINT('',#6348);
#1118=VERTEX_POINT('',#6372);
#1119=VERTEX_POINT('',#6374);
#1120=VERTEX_POINT('',#6376);
#1121=VERTEX_POINT('',#6390);
#1122=VERTEX_POINT('',#6397);
#1123=VERTEX_POINT('',#6427);
#1124=VERTEX_POINT('',#6428);
#1125=VERTEX_POINT('',#6431);
#1126=VERTEX_POINT('',#6433);
#1127=VERTEX_POINT('',#6444);
#1128=VERTEX_POINT('',#6453);
#1129=VERTEX_POINT('',#6484);
#1130=VERTEX_POINT('',#6503);
#1131=VERTEX_POINT('',#6510);
#1132=VERTEX_POINT('',#6515);
#1133=VERTEX_POINT('',#6526);
#1134=VERTEX_POINT('',#6533);
#1135=VERTEX_POINT('',#6538);
#1136=VERTEX_POINT('',#6545);
#1137=VERTEX_POINT('',#6550);
#1138=VERTEX_POINT('',#6562);
#1139=VERTEX_POINT('',#6564);
#1140=VERTEX_POINT('',#6566);
#1141=VERTEX_POINT('',#6571);
#1142=VERTEX_POINT('',#6590);
#1143=VERTEX_POINT('',#6619);
#1144=VERTEX_POINT('',#6620);
#1145=VERTEX_POINT('',#6631);
#1146=VERTEX_POINT('',#6644);
#1147=VERTEX_POINT('',#6676);
#1148=VERTEX_POINT('',#6678);
#1149=VERTEX_POINT('',#6699);
#1150=VERTEX_POINT('',#6700);
#1151=VERTEX_POINT('',#6702);
#1152=VERTEX_POINT('',#6740);
#1153=VERTEX_POINT('',#6744);
#1154=VERTEX_POINT('',#6745);
#1155=VERTEX_POINT('',#6747);
#1156=VERTEX_POINT('',#6752);
#1157=VERTEX_POINT('',#6780);
#1158=VERTEX_POINT('',#6781);
#1159=VERTEX_POINT('',#6786);
#1160=VERTEX_POINT('',#6818);
#1161=VERTEX_POINT('',#6828);
#1162=VERTEX_POINT('',#6830);
#1163=VERTEX_POINT('',#6832);
#1164=VERTEX_POINT('',#6834);
#1165=VERTEX_POINT('',#6836);
#1166=VERTEX_POINT('',#6841);
#1167=VERTEX_POINT('',#6843);
#1168=VERTEX_POINT('',#6845);
#1169=VERTEX_POINT('',#6871);
#1170=VERTEX_POINT('',#6878);
#1171=VERTEX_POINT('',#6880);
#1172=VERTEX_POINT('',#6940);
#1173=VERTEX_POINT('',#6948);
#1174=VERTEX_POINT('',#6949);
#1175=VERTEX_POINT('',#6955);
#1176=VERTEX_POINT('',#6960);
#1177=VERTEX_POINT('',#6964);
#1178=VERTEX_POINT('',#6966);
#1179=VERTEX_POINT('',#6988);
#1180=EDGE_CURVE('',#883,#884,#794,.T.);
#1181=EDGE_CURVE('',#885,#883,#795,.T.);
#1182=EDGE_CURVE('',#886,#883,#796,.T.);
#1183=EDGE_CURVE('',#887,#886,#797,.T.);
#1184=EDGE_CURVE('',#887,#888,#549,.T.);
#1185=EDGE_CURVE('',#888,#884,#550,.T.);
#1186=EDGE_CURVE('',#889,#890,#274,.T.);
#1187=EDGE_CURVE('',#891,#890,#551,.T.);
#1188=EDGE_CURVE('',#892,#891,#552,.T.);
#1189=EDGE_CURVE('',#892,#889,#798,.T.);
#1190=EDGE_CURVE('',#893,#889,#275,.T.);
#1191=EDGE_CURVE('',#894,#895,#276,.T.);
#1192=EDGE_CURVE('',#895,#896,#553,.T.);
#1193=EDGE_CURVE('',#896,#897,#554,.T.);
#1194=EDGE_CURVE('',#897,#898,#555,.T.);
#1195=EDGE_CURVE('',#898,#899,#556,.T.);
#1196=EDGE_CURVE('',#899,#895,#557,.T.);
#1197=EDGE_CURVE('',#900,#901,#558,.T.);
#1198=EDGE_CURVE('',#901,#902,#559,.T.);
#1199=EDGE_CURVE('',#902,#903,#560,.T.);
#1200=EDGE_CURVE('',#903,#900,#561,.T.);
#1201=EDGE_CURVE('',#904,#905,#562,.T.);
#1202=EDGE_CURVE('',#905,#906,#563,.T.);
#1203=EDGE_CURVE('',#906,#907,#564,.T.);
#1204=EDGE_CURVE('',#907,#908,#565,.T.);
#1205=EDGE_CURVE('',#908,#904,#566,.T.);
#1206=EDGE_CURVE('',#909,#910,#567,.T.);
#1207=EDGE_CURVE('',#910,#911,#568,.T.);
#1208=EDGE_CURVE('',#911,#912,#569,.T.);
#1209=EDGE_CURVE('',#912,#909,#570,.T.);
#1210=EDGE_CURVE('',#913,#914,#571,.T.);
#1211=EDGE_CURVE('',#914,#915,#572,.T.);
#1212=EDGE_CURVE('',#915,#916,#573,.T.);
#1213=EDGE_CURVE('',#916,#917,#574,.T.);
#1214=EDGE_CURVE('',#917,#918,#575,.T.);
#1215=EDGE_CURVE('',#918,#919,#576,.T.);
#1216=EDGE_CURVE('',#919,#920,#799,.T.);
#1217=EDGE_CURVE('',#920,#921,#36,.T.);
#1218=EDGE_CURVE('',#921,#891,#577,.T.);
#1219=EDGE_CURVE('',#890,#922,#578,.T.);
#1220=EDGE_CURVE('',#922,#913,#579,.T.);
#1221=EDGE_CURVE('',#923,#924,#37,.T.);
#1222=EDGE_CURVE('',#924,#925,#38,.T.);
#1223=EDGE_CURVE('',#925,#926,#580,.T.);
#1224=EDGE_CURVE('',#926,#927,#39,.T.);
#1225=EDGE_CURVE('',#927,#928,#581,.T.);
#1226=EDGE_CURVE('',#928,#929,#40,.T.);
#1227=EDGE_CURVE('',#929,#930,#582,.T.);
#1228=EDGE_CURVE('',#930,#931,#41,.T.);
#1229=EDGE_CURVE('',#931,#932,#583,.T.);
#1230=EDGE_CURVE('',#932,#933,#42,.T.);
#1231=EDGE_CURVE('',#933,#934,#800,.T.);
#1232=EDGE_CURVE('',#934,#935,#584,.T.);
#1233=EDGE_CURVE('',#935,#936,#585,.T.);
#1234=EDGE_CURVE('',#936,#937,#586,.T.);
#1235=EDGE_CURVE('',#937,#938,#587,.T.);
#1236=EDGE_CURVE('',#938,#939,#588,.T.);
#1237=EDGE_CURVE('',#939,#940,#589,.T.);
#1238=EDGE_CURVE('',#940,#923,#43,.T.);
#1239=EDGE_CURVE('',#941,#941,#801,.T.);
#1240=EDGE_CURVE('',#942,#941,#44,.T.);
#1241=EDGE_CURVE('',#942,#943,#590,.T.);
#1242=EDGE_CURVE('',#943,#942,#591,.T.);
#1243=EDGE_CURVE('',#944,#945,#802,.T.);
#1244=EDGE_CURVE('',#946,#945,#277,.T.);
#1245=EDGE_CURVE('',#946,#947,#592,.T.);
#1246=EDGE_CURVE('',#947,#948,#593,.T.);
#1247=EDGE_CURVE('',#948,#946,#594,.T.);
#1248=EDGE_CURVE('',#945,#944,#803,.T.);
#1249=EDGE_CURVE('',#949,#950,#804,.T.);
#1250=EDGE_CURVE('',#950,#951,#45,.T.);
#1251=EDGE_CURVE('',#951,#952,#595,.T.);
#1252=EDGE_CURVE('',#952,#953,#596,.T.);
#1253=EDGE_CURVE('',#953,#951,#597,.T.);
#1254=EDGE_CURVE('',#950,#949,#805,.T.);
#1255=EDGE_CURVE('',#954,#944,#598,.T.);
#1256=EDGE_CURVE('',#954,#955,#599,.T.);
#1257=EDGE_CURVE('',#955,#954,#600,.T.);
#1258=EDGE_CURVE('',#937,#956,#278,.T.);
#1259=EDGE_CURVE('',#936,#938,#601,.T.);
#1260=EDGE_CURVE('',#956,#957,#806,.T.);
#1261=EDGE_CURVE('',#957,#956,#807,.T.);
#1262=EDGE_CURVE('',#941,#949,#602,.T.);
#1263=EDGE_CURVE('',#958,#959,#808,.T.);
#1264=EDGE_CURVE('',#959,#960,#46,.T.);
#1265=EDGE_CURVE('',#960,#932,#603,.T.);
#1266=EDGE_CURVE('',#931,#928,#604,.T.);
#1267=EDGE_CURVE('',#927,#924,#605,.T.);
#1268=EDGE_CURVE('',#923,#961,#606,.T.);
#1269=EDGE_CURVE('',#961,#962,#607,.T.);
#1270=EDGE_CURVE('',#962,#960,#608,.T.);
#1271=EDGE_CURVE('',#959,#958,#809,.T.);
#1272=EDGE_CURVE('',#921,#963,#609,.T.);
#1273=EDGE_CURVE('',#963,#964,#47,.T.);
#1274=EDGE_CURVE('',#964,#892,#810,.T.);
#1275=EDGE_CURVE('',#889,#965,#811,.T.);
#1276=EDGE_CURVE('',#965,#922,#610,.T.);
#1277=EDGE_CURVE('',#965,#966,#812,.T.);
#1278=EDGE_CURVE('',#966,#906,#48,.T.);
#1279=EDGE_CURVE('',#905,#902,#611,.T.);
#1280=EDGE_CURVE('',#901,#967,#612,.T.);
#1281=EDGE_CURVE('',#967,#968,#613,.T.);
#1282=EDGE_CURVE('',#968,#898,#614,.T.);
#1283=EDGE_CURVE('',#897,#969,#615,.T.);
#1284=EDGE_CURVE('',#969,#970,#616,.T.);
#1285=EDGE_CURVE('',#970,#971,#617,.T.);
#1286=EDGE_CURVE('',#971,#972,#618,.T.);
#1287=EDGE_CURVE('',#972,#973,#619,.T.);
#1288=EDGE_CURVE('',#973,#913,#620,.T.);
#1289=EDGE_CURVE('',#963,#918,#621,.T.);
#1290=EDGE_CURVE('',#917,#910,#622,.T.);
#1291=EDGE_CURVE('',#909,#907,#623,.T.);
#1292=EDGE_CURVE('',#966,#964,#813,.T.);
#1293=EDGE_CURVE('',#974,#975,#624,.T.);
#1294=EDGE_CURVE('',#975,#976,#625,.T.);
#1295=EDGE_CURVE('',#976,#977,#49,.T.);
#1296=EDGE_CURVE('',#977,#977,#814,.T.);
#1297=EDGE_CURVE('',#976,#978,#626,.T.);
#1298=EDGE_CURVE('',#978,#974,#627,.T.);
#1299=EDGE_CURVE('',#977,#889,#279,.T.);
#1300=EDGE_CURVE('',#979,#980,#815,.T.);
#1301=EDGE_CURVE('',#980,#981,#50,.T.);
#1302=EDGE_CURVE('',#981,#982,#628,.T.);
#1303=EDGE_CURVE('',#982,#983,#629,.T.);
#1304=EDGE_CURVE('',#983,#984,#630,.T.);
#1305=EDGE_CURVE('',#984,#981,#631,.T.);
#1306=EDGE_CURVE('',#980,#979,#816,.T.);
#1307=EDGE_CURVE('',#985,#979,#280,.T.);
#1308=EDGE_CURVE('',#985,#985,#817,.T.);
#1309=EDGE_CURVE('',#911,#916,#632,.T.);
#1310=EDGE_CURVE('',#915,#985,#51,.T.);
#1311=EDGE_CURVE('',#914,#986,#633,.T.);
#1312=EDGE_CURVE('',#986,#987,#634,.T.);
#1313=EDGE_CURVE('',#987,#988,#635,.T.);
#1314=EDGE_CURVE('',#988,#989,#636,.T.);
#1315=EDGE_CURVE('',#989,#990,#637,.T.);
#1316=EDGE_CURVE('',#990,#896,#638,.T.);
#1317=EDGE_CURVE('',#899,#991,#639,.T.);
#1318=EDGE_CURVE('',#991,#992,#640,.T.);
#1319=EDGE_CURVE('',#992,#993,#641,.T.);
#1320=EDGE_CURVE('',#993,#900,#642,.T.);
#1321=EDGE_CURVE('',#903,#904,#643,.T.);
#1322=EDGE_CURVE('',#908,#912,#644,.T.);
#1323=EDGE_CURVE('',#994,#995,#52,.T.);
#1324=EDGE_CURVE('',#994,#996,#645,.T.);
#1325=EDGE_CURVE('',#996,#997,#646,.T.);
#1326=EDGE_CURVE('',#997,#998,#647,.T.);
#1327=EDGE_CURVE('',#998,#994,#648,.T.);
#1328=EDGE_CURVE('',#995,#995,#818,.T.);
#1329=EDGE_CURVE('',#999,#995,#53,.T.);
#1330=EDGE_CURVE('',#995,#958,#649,.T.);
#1331=EDGE_CURVE('',#1000,#957,#281,.T.);
#1332=EDGE_CURVE('',#1000,#1001,#650,.T.);
#1333=EDGE_CURVE('',#1001,#1002,#651,.T.);
#1334=EDGE_CURVE('',#1002,#1003,#652,.T.);
#1335=EDGE_CURVE('',#1003,#1000,#653,.T.);
#1336=EDGE_CURVE('',#947,#978,#54,.T.);
#1337=EDGE_CURVE('',#975,#1004,#55,.T.);
#1338=EDGE_CURVE('',#1004,#1005,#654,.T.);
#1339=EDGE_CURVE('',#1005,#974,#56,.T.);
#1340=EDGE_CURVE('',#1006,#1007,#57,.T.);
#1341=EDGE_CURVE('',#1008,#1007,#819,.T.);
#1342=EDGE_CURVE('',#1008,#1009,#58,.T.);
#1343=EDGE_CURVE('',#1009,#1006,#655,.T.);
#1344=EDGE_CURVE('',#1010,#1011,#27,.T.);
#1345=EDGE_CURVE('',#1010,#1012,#59,.T.);
#1346=EDGE_CURVE('',#1012,#1013,#656,.T.);
#1347=EDGE_CURVE('',#1013,#1011,#657,.T.);
#1348=EDGE_CURVE('',#1014,#1015,#658,.T.);
#1349=EDGE_CURVE('',#1016,#1015,#820,.T.);
#1350=EDGE_CURVE('',#1016,#955,#60,.T.);
#1351=EDGE_CURVE('',#1007,#1016,#821,.T.);
#1352=EDGE_CURVE('',#1011,#1008,#822,.T.);
#1353=EDGE_CURVE('',#1017,#1010,#823,.T.);
#1354=EDGE_CURVE('',#1017,#1018,#659,.T.);
#1355=EDGE_CURVE('',#1018,#1014,#660,.T.);
#1356=EDGE_CURVE('',#952,#1019,#61,.T.);
#1357=EDGE_CURVE('',#1020,#1019,#824,.T.);
#1358=EDGE_CURVE('',#1020,#1021,#62,.T.);
#1359=EDGE_CURVE('',#1021,#1022,#661,.T.);
#1360=EDGE_CURVE('',#1022,#1023,#63,.T.);
#1361=EDGE_CURVE('',#1024,#1023,#825,.T.);
#1362=EDGE_CURVE('',#1024,#1025,#662,.T.);
#1363=EDGE_CURVE('',#1025,#1026,#826,.T.);
#1364=EDGE_CURVE('',#1026,#1027,#64,.T.);
#1365=EDGE_CURVE('',#1019,#1027,#827,.T.);
#1366=EDGE_CURVE('',#1027,#1024,#828,.T.);
#1367=EDGE_CURVE('',#1028,#1002,#65,.T.);
#1368=EDGE_CURVE('',#1001,#943,#66,.T.);
#1369=EDGE_CURVE('',#1003,#1029,#67,.T.);
#1370=EDGE_CURVE('',#1029,#1028,#663,.T.);
#1371=EDGE_CURVE('',#973,#986,#28,.T.);
#1372=EDGE_CURVE('',#972,#987,#664,.T.);
#1373=EDGE_CURVE('',#971,#988,#665,.T.);
#1374=EDGE_CURVE('',#970,#989,#666,.T.);
#1375=EDGE_CURVE('',#969,#990,#667,.T.);
#1376=EDGE_CURVE('',#968,#991,#668,.T.);
#1377=EDGE_CURVE('',#967,#992,#669,.T.);
#1378=EDGE_CURVE('',#1030,#993,#282,.T.);
#1379=EDGE_CURVE('',#1031,#1032,#829,.T.);
#1380=EDGE_CURVE('',#1032,#1033,#29,.T.);
#1381=EDGE_CURVE('',#1033,#1034,#830,.T.);
#1382=EDGE_CURVE('',#1034,#983,#670,.T.);
#1383=EDGE_CURVE('',#982,#1031,#671,.T.);
#1384=EDGE_CURVE('',#984,#1035,#68,.T.);
#1385=EDGE_CURVE('',#1035,#1036,#831,.T.);
#1386=EDGE_CURVE('',#1036,#1031,#832,.T.);
#1387=EDGE_CURVE('',#1034,#1035,#30,.T.);
#1388=EDGE_CURVE('',#998,#1033,#672,.T.);
#1389=EDGE_CURVE('',#1032,#996,#69,.T.);
#1390=EDGE_CURVE('',#1036,#997,#673,.T.);
#1391=EDGE_CURVE('',#1015,#1017,#31,.T.);
#1392=EDGE_CURVE('',#1023,#1020,#32,.T.);
#1393=EDGE_CURVE('',#939,#1037,#833,.T.);
#1394=EDGE_CURVE('',#1037,#961,#70,.T.);
#1395=EDGE_CURVE('',#962,#934,#674,.T.);
#1396=EDGE_CURVE('',#1037,#935,#834,.T.);
#1397=EDGE_CURVE('',#1038,#1039,#675,.T.);
#1398=EDGE_CURVE('',#1040,#1038,#676,.T.);
#1399=EDGE_CURVE('',#1041,#1040,#835,.T.);
#1400=EDGE_CURVE('',#1042,#1040,#677,.T.);
#1401=EDGE_CURVE('',#1043,#1042,#678,.T.);
#1402=EDGE_CURVE('',#1039,#1043,#679,.T.);
#1403=EDGE_CURVE('',#1044,#1045,#680,.T.);
#1404=EDGE_CURVE('',#1046,#1044,#681,.T.);
#1405=EDGE_CURVE('',#1047,#1046,#682,.T.);
#1406=EDGE_CURVE('',#1048,#1047,#683,.T.);
#1407=EDGE_CURVE('',#1045,#1048,#684,.T.);
#1408=EDGE_CURVE('',#1049,#1050,#685,.T.);
#1409=EDGE_CURVE('',#1051,#1049,#686,.T.);
#1410=EDGE_CURVE('',#1052,#1051,#687,.T.);
#1411=EDGE_CURVE('',#1053,#1052,#688,.T.);
#1412=EDGE_CURVE('',#1050,#1053,#689,.T.);
#1413=EDGE_CURVE('',#1054,#1055,#690,.T.);
#1414=EDGE_CURVE('',#1056,#1054,#691,.T.);
#1415=EDGE_CURVE('',#1057,#1056,#692,.T.);
#1416=EDGE_CURVE('',#1055,#1057,#693,.T.);
#1417=EDGE_CURVE('',#1058,#1059,#694,.T.);
#1418=EDGE_CURVE('',#1060,#1058,#695,.T.);
#1419=EDGE_CURVE('',#884,#1060,#696,.T.);
#1420=EDGE_CURVE('',#1061,#888,#697,.T.);
#1421=EDGE_CURVE('',#1062,#1061,#71,.T.);
#1422=EDGE_CURVE('',#1063,#1062,#836,.T.);
#1423=EDGE_CURVE('',#1064,#1063,#698,.T.);
#1424=EDGE_CURVE('',#1065,#1064,#699,.T.);
#1425=EDGE_CURVE('',#1066,#1065,#700,.T.);
#1426=EDGE_CURVE('',#1067,#1066,#701,.T.);
#1427=EDGE_CURVE('',#1059,#1067,#702,.T.);
#1428=EDGE_CURVE('',#1068,#1069,#72,.T.);
#1429=EDGE_CURVE('',#1070,#1068,#73,.T.);
#1430=EDGE_CURVE('',#1071,#1070,#703,.T.);
#1431=EDGE_CURVE('',#1072,#1071,#704,.T.);
#1432=EDGE_CURVE('',#1073,#1072,#705,.T.);
#1433=EDGE_CURVE('',#1074,#1073,#706,.T.);
#1434=EDGE_CURVE('',#1075,#1074,#707,.T.);
#1435=EDGE_CURVE('',#1076,#1075,#708,.T.);
#1436=EDGE_CURVE('',#1077,#1076,#837,.T.);
#1437=EDGE_CURVE('',#1078,#1077,#74,.T.);
#1438=EDGE_CURVE('',#1079,#1078,#709,.T.);
#1439=EDGE_CURVE('',#1080,#1079,#75,.T.);
#1440=EDGE_CURVE('',#1081,#1080,#710,.T.);
#1441=EDGE_CURVE('',#1082,#1081,#76,.T.);
#1442=EDGE_CURVE('',#1083,#1082,#711,.T.);
#1443=EDGE_CURVE('',#1084,#1083,#77,.T.);
#1444=EDGE_CURVE('',#1085,#1084,#712,.T.);
#1445=EDGE_CURVE('',#1069,#1085,#78,.T.);
#1446=EDGE_CURVE('',#1086,#1086,#838,.T.);
#1447=EDGE_CURVE('',#1086,#1087,#79,.T.);
#1448=EDGE_CURVE('',#1088,#1087,#713,.T.);
#1449=EDGE_CURVE('',#1087,#1088,#714,.T.);
#1450=EDGE_CURVE('',#1089,#1090,#715,.T.);
#1451=EDGE_CURVE('',#1091,#1089,#716,.T.);
#1452=EDGE_CURVE('',#1090,#1091,#717,.T.);
#1453=EDGE_CURVE('',#1090,#1092,#839,.T.);
#1454=EDGE_CURVE('',#1093,#1092,#840,.T.);
#1455=EDGE_CURVE('',#1092,#1093,#841,.T.);
#1456=EDGE_CURVE('',#1094,#1095,#718,.T.);
#1457=EDGE_CURVE('',#1096,#1094,#80,.T.);
#1458=EDGE_CURVE('',#1097,#1096,#842,.T.);
#1459=EDGE_CURVE('',#1096,#1097,#843,.T.);
#1460=EDGE_CURVE('',#1095,#1094,#719,.T.);
#1461=EDGE_CURVE('',#1098,#1099,#720,.T.);
#1462=EDGE_CURVE('',#1098,#1093,#844,.T.);
#1463=EDGE_CURVE('',#1099,#1098,#721,.T.);
#1464=EDGE_CURVE('',#1074,#1072,#722,.T.);
#1465=EDGE_CURVE('',#1073,#1100,#845,.T.);
#1466=EDGE_CURVE('',#1101,#1100,#846,.T.);
#1467=EDGE_CURVE('',#1100,#1101,#847,.T.);
#1468=EDGE_CURVE('',#1086,#1097,#848,.T.);
#1469=EDGE_CURVE('',#1102,#1103,#849,.T.);
#1470=EDGE_CURVE('',#1103,#1102,#850,.T.);
#1471=EDGE_CURVE('',#1103,#1104,#81,.T.);
#1472=EDGE_CURVE('',#1105,#1104,#723,.T.);
#1473=EDGE_CURVE('',#1106,#1105,#724,.T.);
#1474=EDGE_CURVE('',#1068,#1106,#725,.T.);
#1475=EDGE_CURVE('',#1083,#1069,#726,.T.);
#1476=EDGE_CURVE('',#1079,#1082,#727,.T.);
#1477=EDGE_CURVE('',#1104,#1078,#728,.T.);
#1478=EDGE_CURVE('',#1107,#887,#851,.T.);
#1479=EDGE_CURVE('',#1108,#1107,#82,.T.);
#1480=EDGE_CURVE('',#1061,#1108,#729,.T.);
#1481=EDGE_CURVE('',#1109,#1060,#730,.T.);
#1482=EDGE_CURVE('',#883,#1109,#852,.T.);
#1483=EDGE_CURVE('',#1110,#1058,#731,.T.);
#1484=EDGE_CURVE('',#1111,#1110,#732,.T.);
#1485=EDGE_CURVE('',#1112,#1111,#733,.T.);
#1486=EDGE_CURVE('',#1113,#1112,#734,.T.);
#1487=EDGE_CURVE('',#1114,#1113,#735,.T.);
#1488=EDGE_CURVE('',#1039,#1114,#736,.T.);
#1489=EDGE_CURVE('',#1115,#1043,#737,.T.);
#1490=EDGE_CURVE('',#1116,#1115,#738,.T.);
#1491=EDGE_CURVE('',#1048,#1116,#739,.T.);
#1492=EDGE_CURVE('',#1050,#1047,#740,.T.);
#1493=EDGE_CURVE('',#1117,#1053,#83,.T.);
#1494=EDGE_CURVE('',#1109,#1117,#853,.T.);
#1495=EDGE_CURVE('',#1117,#1107,#854,.T.);
#1496=EDGE_CURVE('',#1054,#1052,#741,.T.);
#1497=EDGE_CURVE('',#1065,#1055,#742,.T.);
#1498=EDGE_CURVE('',#1108,#1064,#743,.T.);
#1499=EDGE_CURVE('',#1118,#1118,#855,.T.);
#1500=EDGE_CURVE('',#1118,#1119,#84,.T.);
#1501=EDGE_CURVE('',#1120,#1119,#744,.T.);
#1502=EDGE_CURVE('',#1121,#1120,#745,.T.);
#1503=EDGE_CURVE('',#1122,#1121,#746,.T.);
#1504=EDGE_CURVE('',#1119,#1122,#747,.T.);
#1505=EDGE_CURVE('',#1118,#886,#856,.T.);
#1506=EDGE_CURVE('',#1123,#1124,#857,.T.);
#1507=EDGE_CURVE('',#1124,#1123,#858,.T.);
#1508=EDGE_CURVE('',#1124,#1125,#85,.T.);
#1509=EDGE_CURVE('',#1126,#1125,#748,.T.);
#1510=EDGE_CURVE('',#1127,#1126,#749,.T.);
#1511=EDGE_CURVE('',#1128,#1127,#750,.T.);
#1512=EDGE_CURVE('',#1125,#1128,#751,.T.);
#1513=EDGE_CURVE('',#1129,#1129,#859,.T.);
#1514=EDGE_CURVE('',#1129,#1123,#860,.T.);
#1515=EDGE_CURVE('',#1129,#1067,#86,.T.);
#1516=EDGE_CURVE('',#1057,#1066,#752,.T.);
#1517=EDGE_CURVE('',#1051,#1056,#753,.T.);
#1518=EDGE_CURVE('',#1046,#1049,#754,.T.);
#1519=EDGE_CURVE('',#1130,#1044,#755,.T.);
#1520=EDGE_CURVE('',#1131,#1130,#756,.T.);
#1521=EDGE_CURVE('',#1132,#1131,#757,.T.);
#1522=EDGE_CURVE('',#1042,#1132,#758,.T.);
#1523=EDGE_CURVE('',#1133,#1038,#759,.T.);
#1524=EDGE_CURVE('',#1134,#1133,#760,.T.);
#1525=EDGE_CURVE('',#1135,#1134,#761,.T.);
#1526=EDGE_CURVE('',#1136,#1135,#762,.T.);
#1527=EDGE_CURVE('',#1137,#1136,#763,.T.);
#1528=EDGE_CURVE('',#1059,#1137,#764,.T.);
#1529=EDGE_CURVE('',#1138,#1138,#861,.T.);
#1530=EDGE_CURVE('',#1138,#1139,#87,.T.);
#1531=EDGE_CURVE('',#1140,#1139,#765,.T.);
#1532=EDGE_CURVE('',#1141,#1140,#766,.T.);
#1533=EDGE_CURVE('',#1142,#1141,#767,.T.);
#1534=EDGE_CURVE('',#1139,#1142,#768,.T.);
#1535=EDGE_CURVE('',#1138,#1102,#862,.T.);
#1536=EDGE_CURVE('',#1143,#1144,#769,.T.);
#1537=EDGE_CURVE('',#1145,#1143,#770,.T.);
#1538=EDGE_CURVE('',#1146,#1145,#771,.T.);
#1539=EDGE_CURVE('',#1146,#1101,#863,.T.);
#1540=EDGE_CURVE('',#1144,#1146,#772,.T.);
#1541=EDGE_CURVE('',#1091,#1122,#88,.T.);
#1542=EDGE_CURVE('',#1147,#1121,#89,.T.);
#1543=EDGE_CURVE('',#1148,#1147,#773,.T.);
#1544=EDGE_CURVE('',#1120,#1148,#90,.T.);
#1545=EDGE_CURVE('',#1149,#1150,#91,.T.);
#1546=EDGE_CURVE('',#1151,#1149,#774,.T.);
#1547=EDGE_CURVE('',#1152,#1151,#92,.T.);
#1548=EDGE_CURVE('',#1150,#1152,#864,.T.);
#1549=EDGE_CURVE('',#1153,#1154,#33,.T.);
#1550=EDGE_CURVE('',#1155,#1153,#775,.T.);
#1551=EDGE_CURVE('',#1156,#1155,#776,.T.);
#1552=EDGE_CURVE('',#1154,#1156,#93,.T.);
#1553=EDGE_CURVE('',#1157,#1158,#777,.T.);
#1554=EDGE_CURVE('',#1159,#1157,#778,.T.);
#1555=EDGE_CURVE('',#1160,#1159,#779,.T.);
#1556=EDGE_CURVE('',#1154,#1160,#865,.T.);
#1557=EDGE_CURVE('',#1155,#1099,#94,.T.);
#1558=EDGE_CURVE('',#1152,#1153,#866,.T.);
#1559=EDGE_CURVE('',#1158,#1150,#867,.T.);
#1560=EDGE_CURVE('',#1161,#1095,#95,.T.);
#1561=EDGE_CURVE('',#1162,#1161,#868,.T.);
#1562=EDGE_CURVE('',#1163,#1162,#96,.T.);
#1563=EDGE_CURVE('',#1164,#1163,#869,.T.);
#1564=EDGE_CURVE('',#1165,#1164,#780,.T.);
#1565=EDGE_CURVE('',#1166,#1165,#870,.T.);
#1566=EDGE_CURVE('',#1167,#1166,#97,.T.);
#1567=EDGE_CURVE('',#1168,#1167,#781,.T.);
#1568=EDGE_CURVE('',#1169,#1168,#98,.T.);
#1569=EDGE_CURVE('',#1161,#1169,#871,.T.);
#1570=EDGE_CURVE('',#1165,#1162,#872,.T.);
#1571=EDGE_CURVE('',#1088,#1145,#99,.T.);
#1572=EDGE_CURVE('',#1170,#1143,#100,.T.);
#1573=EDGE_CURVE('',#1171,#1170,#782,.T.);
#1574=EDGE_CURVE('',#1144,#1171,#101,.T.);
#1575=EDGE_CURVE('',#1110,#1137,#873,.T.);
#1576=EDGE_CURVE('',#1111,#1136,#783,.T.);
#1577=EDGE_CURVE('',#1112,#1135,#784,.T.);
#1578=EDGE_CURVE('',#1113,#1134,#785,.T.);
#1579=EDGE_CURVE('',#1114,#1133,#786,.T.);
#1580=EDGE_CURVE('',#1115,#1132,#787,.T.);
#1581=EDGE_CURVE('',#1116,#1131,#788,.T.);
#1582=EDGE_CURVE('',#1172,#1130,#874,.T.);
#1583=EDGE_CURVE('',#1173,#1174,#875,.T.);
#1584=EDGE_CURVE('',#1128,#1173,#789,.T.);
#1585=EDGE_CURVE('',#1175,#1127,#790,.T.);
#1586=EDGE_CURVE('',#1176,#1175,#876,.T.);
#1587=EDGE_CURVE('',#1174,#1176,#877,.T.);
#1588=EDGE_CURVE('',#1177,#1173,#878,.T.);
#1589=EDGE_CURVE('',#1178,#1177,#879,.T.);
#1590=EDGE_CURVE('',#1126,#1178,#102,.T.);
#1591=EDGE_CURVE('',#1175,#1178,#880,.T.);
#1592=EDGE_CURVE('',#1140,#1176,#791,.T.);
#1593=EDGE_CURVE('',#1174,#1142,#103,.T.);
#1594=EDGE_CURVE('',#1177,#1141,#792,.T.);
#1595=EDGE_CURVE('',#1160,#1158,#34,.T.);
#1596=EDGE_CURVE('',#1169,#1166,#35,.T.);
#1597=EDGE_CURVE('',#1179,#1106,#104,.T.);
#1598=EDGE_CURVE('',#1071,#1179,#881,.T.);
#1599=EDGE_CURVE('',#1105,#1076,#793,.T.);
#1600=EDGE_CURVE('',#1179,#1075,#882,.T.);
#1601=ORIENTED_EDGE('',*,*,#1180,.F.);
#1602=ORIENTED_EDGE('',*,*,#1181,.F.);
#1603=ORIENTED_EDGE('',*,*,#1181,.T.);
#1604=ORIENTED_EDGE('',*,*,#1182,.F.);
#1605=ORIENTED_EDGE('',*,*,#1183,.F.);
#1606=ORIENTED_EDGE('',*,*,#1184,.T.);
#1607=ORIENTED_EDGE('',*,*,#1185,.T.);
#1608=ORIENTED_EDGE('',*,*,#1186,.T.);
#1609=ORIENTED_EDGE('',*,*,#1187,.F.);
#1610=ORIENTED_EDGE('',*,*,#1188,.F.);
#1611=ORIENTED_EDGE('',*,*,#1189,.T.);
#1612=ORIENTED_EDGE('',*,*,#1190,.F.);
#1613=ORIENTED_EDGE('',*,*,#1190,.T.);
#1614=ORIENTED_EDGE('',*,*,#1191,.F.);
#1615=ORIENTED_EDGE('',*,*,#1191,.T.);
#1616=ORIENTED_EDGE('',*,*,#1192,.T.);
#1617=ORIENTED_EDGE('',*,*,#1193,.T.);
#1618=ORIENTED_EDGE('',*,*,#1194,.T.);
#1619=ORIENTED_EDGE('',*,*,#1195,.T.);
#1620=ORIENTED_EDGE('',*,*,#1196,.T.);
#1621=ORIENTED_EDGE('',*,*,#1197,.T.);
#1622=ORIENTED_EDGE('',*,*,#1198,.T.);
#1623=ORIENTED_EDGE('',*,*,#1199,.T.);
#1624=ORIENTED_EDGE('',*,*,#1200,.T.);
#1625=ORIENTED_EDGE('',*,*,#1201,.T.);
#1626=ORIENTED_EDGE('',*,*,#1202,.T.);
#1627=ORIENTED_EDGE('',*,*,#1203,.T.);
#1628=ORIENTED_EDGE('',*,*,#1204,.T.);
#1629=ORIENTED_EDGE('',*,*,#1205,.T.);
#1630=ORIENTED_EDGE('',*,*,#1206,.T.);
#1631=ORIENTED_EDGE('',*,*,#1207,.T.);
#1632=ORIENTED_EDGE('',*,*,#1208,.T.);
#1633=ORIENTED_EDGE('',*,*,#1209,.T.);
#1634=ORIENTED_EDGE('',*,*,#1210,.T.);
#1635=ORIENTED_EDGE('',*,*,#1211,.T.);
#1636=ORIENTED_EDGE('',*,*,#1212,.T.);
#1637=ORIENTED_EDGE('',*,*,#1213,.T.);
#1638=ORIENTED_EDGE('',*,*,#1214,.T.);
#1639=ORIENTED_EDGE('',*,*,#1215,.T.);
#1640=ORIENTED_EDGE('',*,*,#1216,.T.);
#1641=ORIENTED_EDGE('',*,*,#1217,.T.);
#1642=ORIENTED_EDGE('',*,*,#1218,.T.);
#1643=ORIENTED_EDGE('',*,*,#1187,.T.);
#1644=ORIENTED_EDGE('',*,*,#1219,.T.);
#1645=ORIENTED_EDGE('',*,*,#1220,.T.);
#1646=ORIENTED_EDGE('',*,*,#1221,.T.);
#1647=ORIENTED_EDGE('',*,*,#1222,.T.);
#1648=ORIENTED_EDGE('',*,*,#1223,.T.);
#1649=ORIENTED_EDGE('',*,*,#1224,.T.);
#1650=ORIENTED_EDGE('',*,*,#1225,.T.);
#1651=ORIENTED_EDGE('',*,*,#1226,.T.);
#1652=ORIENTED_EDGE('',*,*,#1227,.T.);
#1653=ORIENTED_EDGE('',*,*,#1228,.T.);
#1654=ORIENTED_EDGE('',*,*,#1229,.T.);
#1655=ORIENTED_EDGE('',*,*,#1230,.T.);
#1656=ORIENTED_EDGE('',*,*,#1231,.T.);
#1657=ORIENTED_EDGE('',*,*,#1232,.T.);
#1658=ORIENTED_EDGE('',*,*,#1233,.T.);
#1659=ORIENTED_EDGE('',*,*,#1234,.T.);
#1660=ORIENTED_EDGE('',*,*,#1235,.T.);
#1661=ORIENTED_EDGE('',*,*,#1236,.T.);
#1662=ORIENTED_EDGE('',*,*,#1237,.T.);
#1663=ORIENTED_EDGE('',*,*,#1238,.T.);
#1664=ORIENTED_EDGE('',*,*,#1239,.T.);
#1665=ORIENTED_EDGE('',*,*,#1240,.F.);
#1666=ORIENTED_EDGE('',*,*,#1241,.T.);
#1667=ORIENTED_EDGE('',*,*,#1242,.T.);
#1668=ORIENTED_EDGE('',*,*,#1240,.T.);
#1669=ORIENTED_EDGE('',*,*,#1243,.T.);
#1670=ORIENTED_EDGE('',*,*,#1244,.F.);
#1671=ORIENTED_EDGE('',*,*,#1245,.T.);
#1672=ORIENTED_EDGE('',*,*,#1246,.T.);
#1673=ORIENTED_EDGE('',*,*,#1247,.T.);
#1674=ORIENTED_EDGE('',*,*,#1244,.T.);
#1675=ORIENTED_EDGE('',*,*,#1248,.T.);
#1676=ORIENTED_EDGE('',*,*,#1249,.T.);
#1677=ORIENTED_EDGE('',*,*,#1250,.T.);
#1678=ORIENTED_EDGE('',*,*,#1251,.T.);
#1679=ORIENTED_EDGE('',*,*,#1252,.T.);
#1680=ORIENTED_EDGE('',*,*,#1253,.T.);
#1681=ORIENTED_EDGE('',*,*,#1250,.F.);
#1682=ORIENTED_EDGE('',*,*,#1254,.T.);
#1683=ORIENTED_EDGE('',*,*,#1255,.F.);
#1684=ORIENTED_EDGE('',*,*,#1256,.T.);
#1685=ORIENTED_EDGE('',*,*,#1257,.T.);
#1686=ORIENTED_EDGE('',*,*,#1255,.T.);
#1687=ORIENTED_EDGE('',*,*,#1248,.F.);
#1688=ORIENTED_EDGE('',*,*,#1243,.F.);
#1689=ORIENTED_EDGE('',*,*,#1258,.F.);
#1690=ORIENTED_EDGE('',*,*,#1234,.F.);
#1691=ORIENTED_EDGE('',*,*,#1259,.T.);
#1692=ORIENTED_EDGE('',*,*,#1235,.F.);
#1693=ORIENTED_EDGE('',*,*,#1258,.T.);
#1694=ORIENTED_EDGE('',*,*,#1260,.T.);
#1695=ORIENTED_EDGE('',*,*,#1261,.T.);
#1696=ORIENTED_EDGE('',*,*,#1254,.F.);
#1697=ORIENTED_EDGE('',*,*,#1249,.F.);
#1698=ORIENTED_EDGE('',*,*,#1262,.F.);
#1699=ORIENTED_EDGE('',*,*,#1239,.F.);
#1700=ORIENTED_EDGE('',*,*,#1262,.T.);
#1701=ORIENTED_EDGE('',*,*,#1263,.T.);
#1702=ORIENTED_EDGE('',*,*,#1264,.T.);
#1703=ORIENTED_EDGE('',*,*,#1265,.T.);
#1704=ORIENTED_EDGE('',*,*,#1229,.F.);
#1705=ORIENTED_EDGE('',*,*,#1266,.T.);
#1706=ORIENTED_EDGE('',*,*,#1225,.F.);
#1707=ORIENTED_EDGE('',*,*,#1267,.T.);
#1708=ORIENTED_EDGE('',*,*,#1221,.F.);
#1709=ORIENTED_EDGE('',*,*,#1268,.T.);
#1710=ORIENTED_EDGE('',*,*,#1269,.T.);
#1711=ORIENTED_EDGE('',*,*,#1270,.T.);
#1712=ORIENTED_EDGE('',*,*,#1264,.F.);
#1713=ORIENTED_EDGE('',*,*,#1271,.T.);
#1714=ORIENTED_EDGE('',*,*,#1188,.T.);
#1715=ORIENTED_EDGE('',*,*,#1218,.F.);
#1716=ORIENTED_EDGE('',*,*,#1272,.T.);
#1717=ORIENTED_EDGE('',*,*,#1273,.T.);
#1718=ORIENTED_EDGE('',*,*,#1274,.T.);
#1719=ORIENTED_EDGE('',*,*,#1186,.F.);
#1720=ORIENTED_EDGE('',*,*,#1275,.T.);
#1721=ORIENTED_EDGE('',*,*,#1276,.T.);
#1722=ORIENTED_EDGE('',*,*,#1219,.F.);
#1723=ORIENTED_EDGE('',*,*,#1220,.F.);
#1724=ORIENTED_EDGE('',*,*,#1276,.F.);
#1725=ORIENTED_EDGE('',*,*,#1277,.T.);
#1726=ORIENTED_EDGE('',*,*,#1278,.T.);
#1727=ORIENTED_EDGE('',*,*,#1202,.F.);
#1728=ORIENTED_EDGE('',*,*,#1279,.T.);
#1729=ORIENTED_EDGE('',*,*,#1198,.F.);
#1730=ORIENTED_EDGE('',*,*,#1280,.T.);
#1731=ORIENTED_EDGE('',*,*,#1281,.T.);
#1732=ORIENTED_EDGE('',*,*,#1282,.T.);
#1733=ORIENTED_EDGE('',*,*,#1194,.F.);
#1734=ORIENTED_EDGE('',*,*,#1283,.T.);
#1735=ORIENTED_EDGE('',*,*,#1284,.T.);
#1736=ORIENTED_EDGE('',*,*,#1285,.T.);
#1737=ORIENTED_EDGE('',*,*,#1286,.T.);
#1738=ORIENTED_EDGE('',*,*,#1287,.T.);
#1739=ORIENTED_EDGE('',*,*,#1288,.T.);
#1740=ORIENTED_EDGE('',*,*,#1273,.F.);
#1741=ORIENTED_EDGE('',*,*,#1289,.T.);
#1742=ORIENTED_EDGE('',*,*,#1214,.F.);
#1743=ORIENTED_EDGE('',*,*,#1290,.T.);
#1744=ORIENTED_EDGE('',*,*,#1206,.F.);
#1745=ORIENTED_EDGE('',*,*,#1291,.T.);
#1746=ORIENTED_EDGE('',*,*,#1203,.F.);
#1747=ORIENTED_EDGE('',*,*,#1278,.F.);
#1748=ORIENTED_EDGE('',*,*,#1292,.T.);
#1749=ORIENTED_EDGE('',*,*,#1293,.T.);
#1750=ORIENTED_EDGE('',*,*,#1294,.T.);
#1751=ORIENTED_EDGE('',*,*,#1295,.T.);
#1752=ORIENTED_EDGE('',*,*,#1296,.T.);
#1753=ORIENTED_EDGE('',*,*,#1295,.F.);
#1754=ORIENTED_EDGE('',*,*,#1297,.T.);
#1755=ORIENTED_EDGE('',*,*,#1298,.T.);
#1756=ORIENTED_EDGE('',*,*,#1296,.F.);
#1757=ORIENTED_EDGE('',*,*,#1299,.T.);
#1758=ORIENTED_EDGE('',*,*,#1189,.F.);
#1759=ORIENTED_EDGE('',*,*,#1274,.F.);
#1760=ORIENTED_EDGE('',*,*,#1292,.F.);
#1761=ORIENTED_EDGE('',*,*,#1277,.F.);
#1762=ORIENTED_EDGE('',*,*,#1275,.F.);
#1763=ORIENTED_EDGE('',*,*,#1299,.F.);
#1764=ORIENTED_EDGE('',*,*,#1300,.T.);
#1765=ORIENTED_EDGE('',*,*,#1301,.T.);
#1766=ORIENTED_EDGE('',*,*,#1302,.T.);
#1767=ORIENTED_EDGE('',*,*,#1303,.T.);
#1768=ORIENTED_EDGE('',*,*,#1304,.T.);
#1769=ORIENTED_EDGE('',*,*,#1305,.T.);
#1770=ORIENTED_EDGE('',*,*,#1301,.F.);
#1771=ORIENTED_EDGE('',*,*,#1306,.T.);
#1772=ORIENTED_EDGE('',*,*,#1307,.F.);
#1773=ORIENTED_EDGE('',*,*,#1308,.T.);
#1774=ORIENTED_EDGE('',*,*,#1307,.T.);
#1775=ORIENTED_EDGE('',*,*,#1306,.F.);
#1776=ORIENTED_EDGE('',*,*,#1300,.F.);
#1777=ORIENTED_EDGE('',*,*,#1309,.T.);
#1778=ORIENTED_EDGE('',*,*,#1212,.F.);
#1779=ORIENTED_EDGE('',*,*,#1310,.T.);
#1780=ORIENTED_EDGE('',*,*,#1308,.F.);
#1781=ORIENTED_EDGE('',*,*,#1310,.F.);
#1782=ORIENTED_EDGE('',*,*,#1211,.F.);
#1783=ORIENTED_EDGE('',*,*,#1311,.T.);
#1784=ORIENTED_EDGE('',*,*,#1312,.T.);
#1785=ORIENTED_EDGE('',*,*,#1313,.T.);
#1786=ORIENTED_EDGE('',*,*,#1314,.T.);
#1787=ORIENTED_EDGE('',*,*,#1315,.T.);
#1788=ORIENTED_EDGE('',*,*,#1316,.T.);
#1789=ORIENTED_EDGE('',*,*,#1192,.F.);
#1790=ORIENTED_EDGE('',*,*,#1196,.F.);
#1791=ORIENTED_EDGE('',*,*,#1317,.T.);
#1792=ORIENTED_EDGE('',*,*,#1318,.T.);
#1793=ORIENTED_EDGE('',*,*,#1319,.T.);
#1794=ORIENTED_EDGE('',*,*,#1320,.T.);
#1795=ORIENTED_EDGE('',*,*,#1200,.F.);
#1796=ORIENTED_EDGE('',*,*,#1321,.T.);
#1797=ORIENTED_EDGE('',*,*,#1205,.F.);
#1798=ORIENTED_EDGE('',*,*,#1322,.T.);
#1799=ORIENTED_EDGE('',*,*,#1208,.F.);
#1800=ORIENTED_EDGE('',*,*,#1323,.F.);
#1801=ORIENTED_EDGE('',*,*,#1324,.T.);
#1802=ORIENTED_EDGE('',*,*,#1325,.T.);
#1803=ORIENTED_EDGE('',*,*,#1326,.T.);
#1804=ORIENTED_EDGE('',*,*,#1327,.T.);
#1805=ORIENTED_EDGE('',*,*,#1323,.T.);
#1806=ORIENTED_EDGE('',*,*,#1328,.T.);
#1807=ORIENTED_EDGE('',*,*,#1329,.F.);
#1808=ORIENTED_EDGE('',*,*,#1329,.T.);
#1809=ORIENTED_EDGE('',*,*,#1330,.F.);
#1810=ORIENTED_EDGE('',*,*,#1328,.F.);
#1811=ORIENTED_EDGE('',*,*,#1330,.T.);
#1812=ORIENTED_EDGE('',*,*,#1271,.F.);
#1813=ORIENTED_EDGE('',*,*,#1263,.F.);
#1814=ORIENTED_EDGE('',*,*,#1261,.F.);
#1815=ORIENTED_EDGE('',*,*,#1331,.F.);
#1816=ORIENTED_EDGE('',*,*,#1332,.T.);
#1817=ORIENTED_EDGE('',*,*,#1333,.T.);
#1818=ORIENTED_EDGE('',*,*,#1334,.T.);
#1819=ORIENTED_EDGE('',*,*,#1335,.T.);
#1820=ORIENTED_EDGE('',*,*,#1331,.T.);
#1821=ORIENTED_EDGE('',*,*,#1260,.F.);
#1822=ORIENTED_EDGE('',*,*,#1247,.F.);
#1823=ORIENTED_EDGE('',*,*,#1246,.F.);
#1824=ORIENTED_EDGE('',*,*,#1336,.T.);
#1825=ORIENTED_EDGE('',*,*,#1297,.F.);
#1826=ORIENTED_EDGE('',*,*,#1294,.F.);
#1827=ORIENTED_EDGE('',*,*,#1337,.T.);
#1828=ORIENTED_EDGE('',*,*,#1338,.T.);
#1829=ORIENTED_EDGE('',*,*,#1339,.T.);
#1830=ORIENTED_EDGE('',*,*,#1298,.F.);
#1831=ORIENTED_EDGE('',*,*,#1336,.F.);
#1832=ORIENTED_EDGE('',*,*,#1245,.F.);
#1833=ORIENTED_EDGE('',*,*,#1340,.T.);
#1834=ORIENTED_EDGE('',*,*,#1341,.F.);
#1835=ORIENTED_EDGE('',*,*,#1342,.T.);
#1836=ORIENTED_EDGE('',*,*,#1343,.T.);
#1837=ORIENTED_EDGE('',*,*,#1344,.F.);
#1838=ORIENTED_EDGE('',*,*,#1345,.T.);
#1839=ORIENTED_EDGE('',*,*,#1346,.T.);
#1840=ORIENTED_EDGE('',*,*,#1347,.T.);
#1841=ORIENTED_EDGE('',*,*,#1348,.T.);
#1842=ORIENTED_EDGE('',*,*,#1349,.F.);
#1843=ORIENTED_EDGE('',*,*,#1350,.T.);
#1844=ORIENTED_EDGE('',*,*,#1256,.F.);
#1845=ORIENTED_EDGE('',*,*,#1257,.F.);
#1846=ORIENTED_EDGE('',*,*,#1350,.F.);
#1847=ORIENTED_EDGE('',*,*,#1351,.F.);
#1848=ORIENTED_EDGE('',*,*,#1340,.F.);
#1849=ORIENTED_EDGE('',*,*,#1343,.F.);
#1850=ORIENTED_EDGE('',*,*,#1342,.F.);
#1851=ORIENTED_EDGE('',*,*,#1352,.F.);
#1852=ORIENTED_EDGE('',*,*,#1347,.F.);
#1853=ORIENTED_EDGE('',*,*,#1346,.F.);
#1854=ORIENTED_EDGE('',*,*,#1345,.F.);
#1855=ORIENTED_EDGE('',*,*,#1353,.F.);
#1856=ORIENTED_EDGE('',*,*,#1354,.T.);
#1857=ORIENTED_EDGE('',*,*,#1355,.T.);
#1858=ORIENTED_EDGE('',*,*,#1253,.F.);
#1859=ORIENTED_EDGE('',*,*,#1252,.F.);
#1860=ORIENTED_EDGE('',*,*,#1356,.T.);
#1861=ORIENTED_EDGE('',*,*,#1357,.F.);
#1862=ORIENTED_EDGE('',*,*,#1358,.T.);
#1863=ORIENTED_EDGE('',*,*,#1359,.T.);
#1864=ORIENTED_EDGE('',*,*,#1360,.T.);
#1865=ORIENTED_EDGE('',*,*,#1361,.F.);
#1866=ORIENTED_EDGE('',*,*,#1362,.T.);
#1867=ORIENTED_EDGE('',*,*,#1363,.T.);
#1868=ORIENTED_EDGE('',*,*,#1364,.T.);
#1869=ORIENTED_EDGE('',*,*,#1365,.F.);
#1870=ORIENTED_EDGE('',*,*,#1356,.F.);
#1871=ORIENTED_EDGE('',*,*,#1251,.F.);
#1872=ORIENTED_EDGE('',*,*,#1366,.F.);
#1873=ORIENTED_EDGE('',*,*,#1364,.F.);
#1874=ORIENTED_EDGE('',*,*,#1363,.F.);
#1875=ORIENTED_EDGE('',*,*,#1362,.F.);
#1876=ORIENTED_EDGE('',*,*,#1367,.T.);
#1877=ORIENTED_EDGE('',*,*,#1333,.F.);
#1878=ORIENTED_EDGE('',*,*,#1368,.T.);
#1879=ORIENTED_EDGE('',*,*,#1241,.F.);
#1880=ORIENTED_EDGE('',*,*,#1242,.F.);
#1881=ORIENTED_EDGE('',*,*,#1368,.F.);
#1882=ORIENTED_EDGE('',*,*,#1332,.F.);
#1883=ORIENTED_EDGE('',*,*,#1335,.F.);
#1884=ORIENTED_EDGE('',*,*,#1369,.T.);
#1885=ORIENTED_EDGE('',*,*,#1370,.T.);
#1886=ORIENTED_EDGE('',*,*,#1210,.F.);
#1887=ORIENTED_EDGE('',*,*,#1288,.F.);
#1888=ORIENTED_EDGE('',*,*,#1371,.T.);
#1889=ORIENTED_EDGE('',*,*,#1311,.F.);
#1890=ORIENTED_EDGE('',*,*,#1312,.F.);
#1891=ORIENTED_EDGE('',*,*,#1371,.F.);
#1892=ORIENTED_EDGE('',*,*,#1287,.F.);
#1893=ORIENTED_EDGE('',*,*,#1372,.T.);
#1894=ORIENTED_EDGE('',*,*,#1372,.F.);
#1895=ORIENTED_EDGE('',*,*,#1286,.F.);
#1896=ORIENTED_EDGE('',*,*,#1373,.T.);
#1897=ORIENTED_EDGE('',*,*,#1313,.F.);
#1898=ORIENTED_EDGE('',*,*,#1373,.F.);
#1899=ORIENTED_EDGE('',*,*,#1285,.F.);
#1900=ORIENTED_EDGE('',*,*,#1374,.T.);
#1901=ORIENTED_EDGE('',*,*,#1314,.F.);
#1902=ORIENTED_EDGE('',*,*,#1374,.F.);
#1903=ORIENTED_EDGE('',*,*,#1284,.F.);
#1904=ORIENTED_EDGE('',*,*,#1375,.T.);
#1905=ORIENTED_EDGE('',*,*,#1315,.F.);
#1906=ORIENTED_EDGE('',*,*,#1375,.F.);
#1907=ORIENTED_EDGE('',*,*,#1283,.F.);
#1908=ORIENTED_EDGE('',*,*,#1193,.F.);
#1909=ORIENTED_EDGE('',*,*,#1316,.F.);
#1910=ORIENTED_EDGE('',*,*,#1195,.F.);
#1911=ORIENTED_EDGE('',*,*,#1282,.F.);
#1912=ORIENTED_EDGE('',*,*,#1376,.T.);
#1913=ORIENTED_EDGE('',*,*,#1317,.F.);
#1914=ORIENTED_EDGE('',*,*,#1376,.F.);
#1915=ORIENTED_EDGE('',*,*,#1281,.F.);
#1916=ORIENTED_EDGE('',*,*,#1377,.T.);
#1917=ORIENTED_EDGE('',*,*,#1318,.F.);
#1918=ORIENTED_EDGE('',*,*,#1378,.F.);
#1919=ORIENTED_EDGE('',*,*,#1378,.T.);
#1920=ORIENTED_EDGE('',*,*,#1319,.F.);
#1921=ORIENTED_EDGE('',*,*,#1377,.F.);
#1922=ORIENTED_EDGE('',*,*,#1280,.F.);
#1923=ORIENTED_EDGE('',*,*,#1197,.F.);
#1924=ORIENTED_EDGE('',*,*,#1320,.F.);
#1925=ORIENTED_EDGE('',*,*,#1199,.F.);
#1926=ORIENTED_EDGE('',*,*,#1279,.F.);
#1927=ORIENTED_EDGE('',*,*,#1201,.F.);
#1928=ORIENTED_EDGE('',*,*,#1321,.F.);
#1929=ORIENTED_EDGE('',*,*,#1204,.F.);
#1930=ORIENTED_EDGE('',*,*,#1291,.F.);
#1931=ORIENTED_EDGE('',*,*,#1209,.F.);
#1932=ORIENTED_EDGE('',*,*,#1322,.F.);
#1933=ORIENTED_EDGE('',*,*,#1290,.F.);
#1934=ORIENTED_EDGE('',*,*,#1213,.F.);
#1935=ORIENTED_EDGE('',*,*,#1309,.F.);
#1936=ORIENTED_EDGE('',*,*,#1207,.F.);
#1937=ORIENTED_EDGE('',*,*,#1337,.F.);
#1938=ORIENTED_EDGE('',*,*,#1293,.F.);
#1939=ORIENTED_EDGE('',*,*,#1339,.F.);
#1940=ORIENTED_EDGE('',*,*,#1338,.F.);
#1941=ORIENTED_EDGE('',*,*,#1217,.F.);
#1942=ORIENTED_EDGE('',*,*,#1216,.F.);
#1943=ORIENTED_EDGE('',*,*,#1215,.F.);
#1944=ORIENTED_EDGE('',*,*,#1289,.F.);
#1945=ORIENTED_EDGE('',*,*,#1272,.F.);
#1946=ORIENTED_EDGE('',*,*,#1379,.T.);
#1947=ORIENTED_EDGE('',*,*,#1380,.T.);
#1948=ORIENTED_EDGE('',*,*,#1381,.T.);
#1949=ORIENTED_EDGE('',*,*,#1382,.T.);
#1950=ORIENTED_EDGE('',*,*,#1303,.F.);
#1951=ORIENTED_EDGE('',*,*,#1383,.T.);
#1952=ORIENTED_EDGE('',*,*,#1305,.F.);
#1953=ORIENTED_EDGE('',*,*,#1384,.T.);
#1954=ORIENTED_EDGE('',*,*,#1385,.T.);
#1955=ORIENTED_EDGE('',*,*,#1386,.T.);
#1956=ORIENTED_EDGE('',*,*,#1383,.F.);
#1957=ORIENTED_EDGE('',*,*,#1302,.F.);
#1958=ORIENTED_EDGE('',*,*,#1382,.F.);
#1959=ORIENTED_EDGE('',*,*,#1387,.T.);
#1960=ORIENTED_EDGE('',*,*,#1384,.F.);
#1961=ORIENTED_EDGE('',*,*,#1304,.F.);
#1962=ORIENTED_EDGE('',*,*,#1388,.T.);
#1963=ORIENTED_EDGE('',*,*,#1380,.F.);
#1964=ORIENTED_EDGE('',*,*,#1389,.T.);
#1965=ORIENTED_EDGE('',*,*,#1324,.F.);
#1966=ORIENTED_EDGE('',*,*,#1327,.F.);
#1967=ORIENTED_EDGE('',*,*,#1389,.F.);
#1968=ORIENTED_EDGE('',*,*,#1379,.F.);
#1969=ORIENTED_EDGE('',*,*,#1386,.F.);
#1970=ORIENTED_EDGE('',*,*,#1390,.T.);
#1971=ORIENTED_EDGE('',*,*,#1325,.F.);
#1972=ORIENTED_EDGE('',*,*,#1388,.F.);
#1973=ORIENTED_EDGE('',*,*,#1326,.F.);
#1974=ORIENTED_EDGE('',*,*,#1390,.F.);
#1975=ORIENTED_EDGE('',*,*,#1385,.F.);
#1976=ORIENTED_EDGE('',*,*,#1387,.F.);
#1977=ORIENTED_EDGE('',*,*,#1381,.F.);
#1978=ORIENTED_EDGE('',*,*,#1348,.F.);
#1979=ORIENTED_EDGE('',*,*,#1355,.F.);
#1980=ORIENTED_EDGE('',*,*,#1354,.F.);
#1981=ORIENTED_EDGE('',*,*,#1391,.F.);
#1982=ORIENTED_EDGE('',*,*,#1358,.F.);
#1983=ORIENTED_EDGE('',*,*,#1392,.F.);
#1984=ORIENTED_EDGE('',*,*,#1360,.F.);
#1985=ORIENTED_EDGE('',*,*,#1359,.F.);
#1986=ORIENTED_EDGE('',*,*,#1268,.F.);
#1987=ORIENTED_EDGE('',*,*,#1238,.F.);
#1988=ORIENTED_EDGE('',*,*,#1237,.F.);
#1989=ORIENTED_EDGE('',*,*,#1393,.T.);
#1990=ORIENTED_EDGE('',*,*,#1394,.T.);
#1991=ORIENTED_EDGE('',*,*,#1222,.F.);
#1992=ORIENTED_EDGE('',*,*,#1267,.F.);
#1993=ORIENTED_EDGE('',*,*,#1224,.F.);
#1994=ORIENTED_EDGE('',*,*,#1223,.F.);
#1995=ORIENTED_EDGE('',*,*,#1226,.F.);
#1996=ORIENTED_EDGE('',*,*,#1266,.F.);
#1997=ORIENTED_EDGE('',*,*,#1228,.F.);
#1998=ORIENTED_EDGE('',*,*,#1227,.F.);
#1999=ORIENTED_EDGE('',*,*,#1395,.T.);
#2000=ORIENTED_EDGE('',*,*,#1231,.F.);
#2001=ORIENTED_EDGE('',*,*,#1230,.F.);
#2002=ORIENTED_EDGE('',*,*,#1265,.F.);
#2003=ORIENTED_EDGE('',*,*,#1270,.F.);
#2004=ORIENTED_EDGE('',*,*,#1269,.F.);
#2005=ORIENTED_EDGE('',*,*,#1394,.F.);
#2006=ORIENTED_EDGE('',*,*,#1396,.T.);
#2007=ORIENTED_EDGE('',*,*,#1232,.F.);
#2008=ORIENTED_EDGE('',*,*,#1395,.F.);
#2009=ORIENTED_EDGE('',*,*,#1236,.F.);
#2010=ORIENTED_EDGE('',*,*,#1259,.F.);
#2011=ORIENTED_EDGE('',*,*,#1233,.F.);
#2012=ORIENTED_EDGE('',*,*,#1396,.F.);
#2013=ORIENTED_EDGE('',*,*,#1393,.F.);
#2014=ORIENTED_EDGE('',*,*,#1334,.F.);
#2015=ORIENTED_EDGE('',*,*,#1367,.F.);
#2016=ORIENTED_EDGE('',*,*,#1370,.F.);
#2017=ORIENTED_EDGE('',*,*,#1369,.F.);
#2018=ORIENTED_EDGE('',*,*,#1397,.F.);
#2019=ORIENTED_EDGE('',*,*,#1398,.F.);
#2020=ORIENTED_EDGE('',*,*,#1399,.F.);
#2021=ORIENTED_EDGE('',*,*,#1399,.T.);
#2022=ORIENTED_EDGE('',*,*,#1400,.F.);
#2023=ORIENTED_EDGE('',*,*,#1401,.F.);
#2024=ORIENTED_EDGE('',*,*,#1402,.F.);
#2025=ORIENTED_EDGE('',*,*,#1403,.F.);
#2026=ORIENTED_EDGE('',*,*,#1404,.F.);
#2027=ORIENTED_EDGE('',*,*,#1405,.F.);
#2028=ORIENTED_EDGE('',*,*,#1406,.F.);
#2029=ORIENTED_EDGE('',*,*,#1407,.F.);
#2030=ORIENTED_EDGE('',*,*,#1408,.F.);
#2031=ORIENTED_EDGE('',*,*,#1409,.F.);
#2032=ORIENTED_EDGE('',*,*,#1410,.F.);
#2033=ORIENTED_EDGE('',*,*,#1411,.F.);
#2034=ORIENTED_EDGE('',*,*,#1412,.F.);
#2035=ORIENTED_EDGE('',*,*,#1413,.F.);
#2036=ORIENTED_EDGE('',*,*,#1414,.F.);
#2037=ORIENTED_EDGE('',*,*,#1415,.F.);
#2038=ORIENTED_EDGE('',*,*,#1416,.F.);
#2039=ORIENTED_EDGE('',*,*,#1417,.F.);
#2040=ORIENTED_EDGE('',*,*,#1418,.F.);
#2041=ORIENTED_EDGE('',*,*,#1419,.F.);
#2042=ORIENTED_EDGE('',*,*,#1185,.F.);
#2043=ORIENTED_EDGE('',*,*,#1420,.F.);
#2044=ORIENTED_EDGE('',*,*,#1421,.F.);
#2045=ORIENTED_EDGE('',*,*,#1422,.F.);
#2046=ORIENTED_EDGE('',*,*,#1423,.F.);
#2047=ORIENTED_EDGE('',*,*,#1424,.F.);
#2048=ORIENTED_EDGE('',*,*,#1425,.F.);
#2049=ORIENTED_EDGE('',*,*,#1426,.F.);
#2050=ORIENTED_EDGE('',*,*,#1427,.F.);
#2051=ORIENTED_EDGE('',*,*,#1428,.F.);
#2052=ORIENTED_EDGE('',*,*,#1429,.F.);
#2053=ORIENTED_EDGE('',*,*,#1430,.F.);
#2054=ORIENTED_EDGE('',*,*,#1431,.F.);
#2055=ORIENTED_EDGE('',*,*,#1432,.F.);
#2056=ORIENTED_EDGE('',*,*,#1433,.F.);
#2057=ORIENTED_EDGE('',*,*,#1434,.F.);
#2058=ORIENTED_EDGE('',*,*,#1435,.F.);
#2059=ORIENTED_EDGE('',*,*,#1436,.F.);
#2060=ORIENTED_EDGE('',*,*,#1437,.F.);
#2061=ORIENTED_EDGE('',*,*,#1438,.F.);
#2062=ORIENTED_EDGE('',*,*,#1439,.F.);
#2063=ORIENTED_EDGE('',*,*,#1440,.F.);
#2064=ORIENTED_EDGE('',*,*,#1441,.F.);
#2065=ORIENTED_EDGE('',*,*,#1442,.F.);
#2066=ORIENTED_EDGE('',*,*,#1443,.F.);
#2067=ORIENTED_EDGE('',*,*,#1444,.F.);
#2068=ORIENTED_EDGE('',*,*,#1445,.F.);
#2069=ORIENTED_EDGE('',*,*,#1446,.F.);
#2070=ORIENTED_EDGE('',*,*,#1447,.T.);
#2071=ORIENTED_EDGE('',*,*,#1448,.F.);
#2072=ORIENTED_EDGE('',*,*,#1449,.F.);
#2073=ORIENTED_EDGE('',*,*,#1447,.F.);
#2074=ORIENTED_EDGE('',*,*,#1450,.F.);
#2075=ORIENTED_EDGE('',*,*,#1451,.F.);
#2076=ORIENTED_EDGE('',*,*,#1452,.F.);
#2077=ORIENTED_EDGE('',*,*,#1453,.T.);
#2078=ORIENTED_EDGE('',*,*,#1454,.F.);
#2079=ORIENTED_EDGE('',*,*,#1455,.F.);
#2080=ORIENTED_EDGE('',*,*,#1453,.F.);
#2081=ORIENTED_EDGE('',*,*,#1456,.F.);
#2082=ORIENTED_EDGE('',*,*,#1457,.F.);
#2083=ORIENTED_EDGE('',*,*,#1458,.F.);
#2084=ORIENTED_EDGE('',*,*,#1459,.F.);
#2085=ORIENTED_EDGE('',*,*,#1457,.T.);
#2086=ORIENTED_EDGE('',*,*,#1460,.F.);
#2087=ORIENTED_EDGE('',*,*,#1461,.F.);
#2088=ORIENTED_EDGE('',*,*,#1462,.T.);
#2089=ORIENTED_EDGE('',*,*,#1454,.T.);
#2090=ORIENTED_EDGE('',*,*,#1455,.T.);
#2091=ORIENTED_EDGE('',*,*,#1462,.F.);
#2092=ORIENTED_EDGE('',*,*,#1463,.F.);
#2093=ORIENTED_EDGE('',*,*,#1464,.F.);
#2094=ORIENTED_EDGE('',*,*,#1433,.T.);
#2095=ORIENTED_EDGE('',*,*,#1465,.T.);
#2096=ORIENTED_EDGE('',*,*,#1466,.F.);
#2097=ORIENTED_EDGE('',*,*,#1467,.F.);
#2098=ORIENTED_EDGE('',*,*,#1465,.F.);
#2099=ORIENTED_EDGE('',*,*,#1432,.T.);
#2100=ORIENTED_EDGE('',*,*,#1446,.T.);
#2101=ORIENTED_EDGE('',*,*,#1468,.T.);
#2102=ORIENTED_EDGE('',*,*,#1458,.T.);
#2103=ORIENTED_EDGE('',*,*,#1459,.T.);
#2104=ORIENTED_EDGE('',*,*,#1468,.F.);
#2105=ORIENTED_EDGE('',*,*,#1469,.F.);
#2106=ORIENTED_EDGE('',*,*,#1470,.F.);
#2107=ORIENTED_EDGE('',*,*,#1471,.T.);
#2108=ORIENTED_EDGE('',*,*,#1472,.F.);
#2109=ORIENTED_EDGE('',*,*,#1473,.F.);
#2110=ORIENTED_EDGE('',*,*,#1474,.F.);
#2111=ORIENTED_EDGE('',*,*,#1428,.T.);
#2112=ORIENTED_EDGE('',*,*,#1475,.F.);
#2113=ORIENTED_EDGE('',*,*,#1442,.T.);
#2114=ORIENTED_EDGE('',*,*,#1476,.F.);
#2115=ORIENTED_EDGE('',*,*,#1438,.T.);
#2116=ORIENTED_EDGE('',*,*,#1477,.F.);
#2117=ORIENTED_EDGE('',*,*,#1471,.F.);
#2118=ORIENTED_EDGE('',*,*,#1184,.F.);
#2119=ORIENTED_EDGE('',*,*,#1478,.F.);
#2120=ORIENTED_EDGE('',*,*,#1479,.F.);
#2121=ORIENTED_EDGE('',*,*,#1480,.F.);
#2122=ORIENTED_EDGE('',*,*,#1420,.T.);
#2123=ORIENTED_EDGE('',*,*,#1180,.T.);
#2124=ORIENTED_EDGE('',*,*,#1419,.T.);
#2125=ORIENTED_EDGE('',*,*,#1481,.F.);
#2126=ORIENTED_EDGE('',*,*,#1482,.F.);
#2127=ORIENTED_EDGE('',*,*,#1418,.T.);
#2128=ORIENTED_EDGE('',*,*,#1483,.F.);
#2129=ORIENTED_EDGE('',*,*,#1484,.F.);
#2130=ORIENTED_EDGE('',*,*,#1485,.F.);
#2131=ORIENTED_EDGE('',*,*,#1486,.F.);
#2132=ORIENTED_EDGE('',*,*,#1487,.F.);
#2133=ORIENTED_EDGE('',*,*,#1488,.F.);
#2134=ORIENTED_EDGE('',*,*,#1402,.T.);
#2135=ORIENTED_EDGE('',*,*,#1489,.F.);
#2136=ORIENTED_EDGE('',*,*,#1490,.F.);
#2137=ORIENTED_EDGE('',*,*,#1491,.F.);
#2138=ORIENTED_EDGE('',*,*,#1406,.T.);
#2139=ORIENTED_EDGE('',*,*,#1492,.F.);
#2140=ORIENTED_EDGE('',*,*,#1412,.T.);
#2141=ORIENTED_EDGE('',*,*,#1493,.F.);
#2142=ORIENTED_EDGE('',*,*,#1494,.F.);
#2143=ORIENTED_EDGE('',*,*,#1481,.T.);
#2144=ORIENTED_EDGE('',*,*,#1479,.T.);
#2145=ORIENTED_EDGE('',*,*,#1495,.F.);
#2146=ORIENTED_EDGE('',*,*,#1493,.T.);
#2147=ORIENTED_EDGE('',*,*,#1411,.T.);
#2148=ORIENTED_EDGE('',*,*,#1496,.F.);
#2149=ORIENTED_EDGE('',*,*,#1413,.T.);
#2150=ORIENTED_EDGE('',*,*,#1497,.F.);
#2151=ORIENTED_EDGE('',*,*,#1424,.T.);
#2152=ORIENTED_EDGE('',*,*,#1498,.F.);
#2153=ORIENTED_EDGE('',*,*,#1499,.F.);
#2154=ORIENTED_EDGE('',*,*,#1500,.T.);
#2155=ORIENTED_EDGE('',*,*,#1501,.F.);
#2156=ORIENTED_EDGE('',*,*,#1502,.F.);
#2157=ORIENTED_EDGE('',*,*,#1503,.F.);
#2158=ORIENTED_EDGE('',*,*,#1504,.F.);
#2159=ORIENTED_EDGE('',*,*,#1500,.F.);
#2160=ORIENTED_EDGE('',*,*,#1499,.T.);
#2161=ORIENTED_EDGE('',*,*,#1505,.T.);
#2162=ORIENTED_EDGE('',*,*,#1182,.T.);
#2163=ORIENTED_EDGE('',*,*,#1482,.T.);
#2164=ORIENTED_EDGE('',*,*,#1494,.T.);
#2165=ORIENTED_EDGE('',*,*,#1495,.T.);
#2166=ORIENTED_EDGE('',*,*,#1478,.T.);
#2167=ORIENTED_EDGE('',*,*,#1183,.T.);
#2168=ORIENTED_EDGE('',*,*,#1505,.F.);
#2169=ORIENTED_EDGE('',*,*,#1506,.F.);
#2170=ORIENTED_EDGE('',*,*,#1507,.F.);
#2171=ORIENTED_EDGE('',*,*,#1508,.T.);
#2172=ORIENTED_EDGE('',*,*,#1509,.F.);
#2173=ORIENTED_EDGE('',*,*,#1510,.F.);
#2174=ORIENTED_EDGE('',*,*,#1511,.F.);
#2175=ORIENTED_EDGE('',*,*,#1512,.F.);
#2176=ORIENTED_EDGE('',*,*,#1508,.F.);
#2177=ORIENTED_EDGE('',*,*,#1513,.F.);
#2178=ORIENTED_EDGE('',*,*,#1514,.T.);
#2179=ORIENTED_EDGE('',*,*,#1506,.T.);
#2180=ORIENTED_EDGE('',*,*,#1507,.T.);
#2181=ORIENTED_EDGE('',*,*,#1514,.F.);
#2182=ORIENTED_EDGE('',*,*,#1513,.T.);
#2183=ORIENTED_EDGE('',*,*,#1515,.T.);
#2184=ORIENTED_EDGE('',*,*,#1426,.T.);
#2185=ORIENTED_EDGE('',*,*,#1516,.F.);
#2186=ORIENTED_EDGE('',*,*,#1415,.T.);
#2187=ORIENTED_EDGE('',*,*,#1517,.F.);
#2188=ORIENTED_EDGE('',*,*,#1409,.T.);
#2189=ORIENTED_EDGE('',*,*,#1518,.F.);
#2190=ORIENTED_EDGE('',*,*,#1404,.T.);
#2191=ORIENTED_EDGE('',*,*,#1519,.F.);
#2192=ORIENTED_EDGE('',*,*,#1520,.F.);
#2193=ORIENTED_EDGE('',*,*,#1521,.F.);
#2194=ORIENTED_EDGE('',*,*,#1522,.F.);
#2195=ORIENTED_EDGE('',*,*,#1400,.T.);
#2196=ORIENTED_EDGE('',*,*,#1398,.T.);
#2197=ORIENTED_EDGE('',*,*,#1523,.F.);
#2198=ORIENTED_EDGE('',*,*,#1524,.F.);
#2199=ORIENTED_EDGE('',*,*,#1525,.F.);
#2200=ORIENTED_EDGE('',*,*,#1526,.F.);
#2201=ORIENTED_EDGE('',*,*,#1527,.F.);
#2202=ORIENTED_EDGE('',*,*,#1528,.F.);
#2203=ORIENTED_EDGE('',*,*,#1427,.T.);
#2204=ORIENTED_EDGE('',*,*,#1515,.F.);
#2205=ORIENTED_EDGE('',*,*,#1529,.F.);
#2206=ORIENTED_EDGE('',*,*,#1530,.T.);
#2207=ORIENTED_EDGE('',*,*,#1531,.F.);
#2208=ORIENTED_EDGE('',*,*,#1532,.F.);
#2209=ORIENTED_EDGE('',*,*,#1533,.F.);
#2210=ORIENTED_EDGE('',*,*,#1534,.F.);
#2211=ORIENTED_EDGE('',*,*,#1530,.F.);
#2212=ORIENTED_EDGE('',*,*,#1529,.T.);
#2213=ORIENTED_EDGE('',*,*,#1535,.T.);
#2214=ORIENTED_EDGE('',*,*,#1469,.T.);
#2215=ORIENTED_EDGE('',*,*,#1470,.T.);
#2216=ORIENTED_EDGE('',*,*,#1535,.F.);
#2217=ORIENTED_EDGE('',*,*,#1536,.F.);
#2218=ORIENTED_EDGE('',*,*,#1537,.F.);
#2219=ORIENTED_EDGE('',*,*,#1538,.F.);
#2220=ORIENTED_EDGE('',*,*,#1539,.T.);
#2221=ORIENTED_EDGE('',*,*,#1466,.T.);
#2222=ORIENTED_EDGE('',*,*,#1467,.T.);
#2223=ORIENTED_EDGE('',*,*,#1539,.F.);
#2224=ORIENTED_EDGE('',*,*,#1540,.F.);
#2225=ORIENTED_EDGE('',*,*,#1450,.T.);
#2226=ORIENTED_EDGE('',*,*,#1452,.T.);
#2227=ORIENTED_EDGE('',*,*,#1541,.T.);
#2228=ORIENTED_EDGE('',*,*,#1503,.T.);
#2229=ORIENTED_EDGE('',*,*,#1542,.F.);
#2230=ORIENTED_EDGE('',*,*,#1543,.F.);
#2231=ORIENTED_EDGE('',*,*,#1544,.F.);
#2232=ORIENTED_EDGE('',*,*,#1501,.T.);
#2233=ORIENTED_EDGE('',*,*,#1504,.T.);
#2234=ORIENTED_EDGE('',*,*,#1541,.F.);
#2235=ORIENTED_EDGE('',*,*,#1451,.T.);
#2236=ORIENTED_EDGE('',*,*,#1545,.F.);
#2237=ORIENTED_EDGE('',*,*,#1546,.F.);
#2238=ORIENTED_EDGE('',*,*,#1547,.F.);
#2239=ORIENTED_EDGE('',*,*,#1548,.F.);
#2240=ORIENTED_EDGE('',*,*,#1549,.F.);
#2241=ORIENTED_EDGE('',*,*,#1550,.F.);
#2242=ORIENTED_EDGE('',*,*,#1551,.F.);
#2243=ORIENTED_EDGE('',*,*,#1552,.F.);
#2244=ORIENTED_EDGE('',*,*,#1553,.F.);
#2245=ORIENTED_EDGE('',*,*,#1554,.F.);
#2246=ORIENTED_EDGE('',*,*,#1555,.F.);
#2247=ORIENTED_EDGE('',*,*,#1556,.F.);
#2248=ORIENTED_EDGE('',*,*,#1552,.T.);
#2249=ORIENTED_EDGE('',*,*,#1551,.T.);
#2250=ORIENTED_EDGE('',*,*,#1557,.T.);
#2251=ORIENTED_EDGE('',*,*,#1463,.T.);
#2252=ORIENTED_EDGE('',*,*,#1461,.T.);
#2253=ORIENTED_EDGE('',*,*,#1557,.F.);
#2254=ORIENTED_EDGE('',*,*,#1550,.T.);
#2255=ORIENTED_EDGE('',*,*,#1558,.F.);
#2256=ORIENTED_EDGE('',*,*,#1547,.T.);
#2257=ORIENTED_EDGE('',*,*,#1546,.T.);
#2258=ORIENTED_EDGE('',*,*,#1545,.T.);
#2259=ORIENTED_EDGE('',*,*,#1559,.F.);
#2260=ORIENTED_EDGE('',*,*,#1560,.F.);
#2261=ORIENTED_EDGE('',*,*,#1561,.F.);
#2262=ORIENTED_EDGE('',*,*,#1562,.F.);
#2263=ORIENTED_EDGE('',*,*,#1563,.F.);
#2264=ORIENTED_EDGE('',*,*,#1564,.F.);
#2265=ORIENTED_EDGE('',*,*,#1565,.F.);
#2266=ORIENTED_EDGE('',*,*,#1566,.F.);
#2267=ORIENTED_EDGE('',*,*,#1567,.F.);
#2268=ORIENTED_EDGE('',*,*,#1568,.F.);
#2269=ORIENTED_EDGE('',*,*,#1569,.F.);
#2270=ORIENTED_EDGE('',*,*,#1560,.T.);
#2271=ORIENTED_EDGE('',*,*,#1460,.T.);
#2272=ORIENTED_EDGE('',*,*,#1456,.T.);
#2273=ORIENTED_EDGE('',*,*,#1570,.F.);
#2274=ORIENTED_EDGE('',*,*,#1564,.T.);
#2275=ORIENTED_EDGE('',*,*,#1563,.T.);
#2276=ORIENTED_EDGE('',*,*,#1562,.T.);
#2277=ORIENTED_EDGE('',*,*,#1449,.T.);
#2278=ORIENTED_EDGE('',*,*,#1571,.T.);
#2279=ORIENTED_EDGE('',*,*,#1537,.T.);
#2280=ORIENTED_EDGE('',*,*,#1572,.F.);
#2281=ORIENTED_EDGE('',*,*,#1573,.F.);
#2282=ORIENTED_EDGE('',*,*,#1574,.F.);
#2283=ORIENTED_EDGE('',*,*,#1540,.T.);
#2284=ORIENTED_EDGE('',*,*,#1538,.T.);
#2285=ORIENTED_EDGE('',*,*,#1571,.F.);
#2286=ORIENTED_EDGE('',*,*,#1448,.T.);
#2287=ORIENTED_EDGE('',*,*,#1417,.T.);
#2288=ORIENTED_EDGE('',*,*,#1528,.T.);
#2289=ORIENTED_EDGE('',*,*,#1575,.F.);
#2290=ORIENTED_EDGE('',*,*,#1483,.T.);
#2291=ORIENTED_EDGE('',*,*,#1527,.T.);
#2292=ORIENTED_EDGE('',*,*,#1576,.F.);
#2293=ORIENTED_EDGE('',*,*,#1484,.T.);
#2294=ORIENTED_EDGE('',*,*,#1575,.T.);
#2295=ORIENTED_EDGE('',*,*,#1576,.T.);
#2296=ORIENTED_EDGE('',*,*,#1526,.T.);
#2297=ORIENTED_EDGE('',*,*,#1577,.F.);
#2298=ORIENTED_EDGE('',*,*,#1485,.T.);
#2299=ORIENTED_EDGE('',*,*,#1577,.T.);
#2300=ORIENTED_EDGE('',*,*,#1525,.T.);
#2301=ORIENTED_EDGE('',*,*,#1578,.F.);
#2302=ORIENTED_EDGE('',*,*,#1486,.T.);
#2303=ORIENTED_EDGE('',*,*,#1578,.T.);
#2304=ORIENTED_EDGE('',*,*,#1524,.T.);
#2305=ORIENTED_EDGE('',*,*,#1579,.F.);
#2306=ORIENTED_EDGE('',*,*,#1487,.T.);
#2307=ORIENTED_EDGE('',*,*,#1579,.T.);
#2308=ORIENTED_EDGE('',*,*,#1523,.T.);
#2309=ORIENTED_EDGE('',*,*,#1397,.T.);
#2310=ORIENTED_EDGE('',*,*,#1488,.T.);
#2311=ORIENTED_EDGE('',*,*,#1401,.T.);
#2312=ORIENTED_EDGE('',*,*,#1522,.T.);
#2313=ORIENTED_EDGE('',*,*,#1580,.F.);
#2314=ORIENTED_EDGE('',*,*,#1489,.T.);
#2315=ORIENTED_EDGE('',*,*,#1580,.T.);
#2316=ORIENTED_EDGE('',*,*,#1521,.T.);
#2317=ORIENTED_EDGE('',*,*,#1581,.F.);
#2318=ORIENTED_EDGE('',*,*,#1490,.T.);
#2319=ORIENTED_EDGE('',*,*,#1581,.T.);
#2320=ORIENTED_EDGE('',*,*,#1520,.T.);
#2321=ORIENTED_EDGE('',*,*,#1582,.F.);
#2322=ORIENTED_EDGE('',*,*,#1582,.T.);
#2323=ORIENTED_EDGE('',*,*,#1519,.T.);
#2324=ORIENTED_EDGE('',*,*,#1403,.T.);
#2325=ORIENTED_EDGE('',*,*,#1407,.T.);
#2326=ORIENTED_EDGE('',*,*,#1491,.T.);
#2327=ORIENTED_EDGE('',*,*,#1405,.T.);
#2328=ORIENTED_EDGE('',*,*,#1518,.T.);
#2329=ORIENTED_EDGE('',*,*,#1408,.T.);
#2330=ORIENTED_EDGE('',*,*,#1492,.T.);
#2331=ORIENTED_EDGE('',*,*,#1410,.T.);
#2332=ORIENTED_EDGE('',*,*,#1517,.T.);
#2333=ORIENTED_EDGE('',*,*,#1414,.T.);
#2334=ORIENTED_EDGE('',*,*,#1496,.T.);
#2335=ORIENTED_EDGE('',*,*,#1497,.T.);
#2336=ORIENTED_EDGE('',*,*,#1416,.T.);
#2337=ORIENTED_EDGE('',*,*,#1516,.T.);
#2338=ORIENTED_EDGE('',*,*,#1425,.T.);
#2339=ORIENTED_EDGE('',*,*,#1544,.T.);
#2340=ORIENTED_EDGE('',*,*,#1543,.T.);
#2341=ORIENTED_EDGE('',*,*,#1542,.T.);
#2342=ORIENTED_EDGE('',*,*,#1502,.T.);
#2343=ORIENTED_EDGE('',*,*,#1421,.T.);
#2344=ORIENTED_EDGE('',*,*,#1480,.T.);
#2345=ORIENTED_EDGE('',*,*,#1498,.T.);
#2346=ORIENTED_EDGE('',*,*,#1423,.T.);
#2347=ORIENTED_EDGE('',*,*,#1422,.T.);
#2348=ORIENTED_EDGE('',*,*,#1583,.F.);
#2349=ORIENTED_EDGE('',*,*,#1584,.F.);
#2350=ORIENTED_EDGE('',*,*,#1511,.T.);
#2351=ORIENTED_EDGE('',*,*,#1585,.F.);
#2352=ORIENTED_EDGE('',*,*,#1586,.F.);
#2353=ORIENTED_EDGE('',*,*,#1587,.F.);
#2354=ORIENTED_EDGE('',*,*,#1509,.T.);
#2355=ORIENTED_EDGE('',*,*,#1512,.T.);
#2356=ORIENTED_EDGE('',*,*,#1584,.T.);
#2357=ORIENTED_EDGE('',*,*,#1588,.F.);
#2358=ORIENTED_EDGE('',*,*,#1589,.F.);
#2359=ORIENTED_EDGE('',*,*,#1590,.F.);
#2360=ORIENTED_EDGE('',*,*,#1585,.T.);
#2361=ORIENTED_EDGE('',*,*,#1510,.T.);
#2362=ORIENTED_EDGE('',*,*,#1590,.T.);
#2363=ORIENTED_EDGE('',*,*,#1591,.F.);
#2364=ORIENTED_EDGE('',*,*,#1592,.F.);
#2365=ORIENTED_EDGE('',*,*,#1531,.T.);
#2366=ORIENTED_EDGE('',*,*,#1534,.T.);
#2367=ORIENTED_EDGE('',*,*,#1593,.F.);
#2368=ORIENTED_EDGE('',*,*,#1587,.T.);
#2369=ORIENTED_EDGE('',*,*,#1593,.T.);
#2370=ORIENTED_EDGE('',*,*,#1533,.T.);
#2371=ORIENTED_EDGE('',*,*,#1594,.F.);
#2372=ORIENTED_EDGE('',*,*,#1588,.T.);
#2373=ORIENTED_EDGE('',*,*,#1583,.T.);
#2374=ORIENTED_EDGE('',*,*,#1592,.T.);
#2375=ORIENTED_EDGE('',*,*,#1586,.T.);
#2376=ORIENTED_EDGE('',*,*,#1591,.T.);
#2377=ORIENTED_EDGE('',*,*,#1589,.T.);
#2378=ORIENTED_EDGE('',*,*,#1594,.T.);
#2379=ORIENTED_EDGE('',*,*,#1532,.T.);
#2380=ORIENTED_EDGE('',*,*,#1553,.T.);
#2381=ORIENTED_EDGE('',*,*,#1595,.F.);
#2382=ORIENTED_EDGE('',*,*,#1555,.T.);
#2383=ORIENTED_EDGE('',*,*,#1554,.T.);
#2384=ORIENTED_EDGE('',*,*,#1568,.T.);
#2385=ORIENTED_EDGE('',*,*,#1567,.T.);
#2386=ORIENTED_EDGE('',*,*,#1566,.T.);
#2387=ORIENTED_EDGE('',*,*,#1596,.F.);
#2388=ORIENTED_EDGE('',*,*,#1474,.T.);
#2389=ORIENTED_EDGE('',*,*,#1597,.F.);
#2390=ORIENTED_EDGE('',*,*,#1598,.F.);
#2391=ORIENTED_EDGE('',*,*,#1430,.T.);
#2392=ORIENTED_EDGE('',*,*,#1429,.T.);
#2393=ORIENTED_EDGE('',*,*,#1445,.T.);
#2394=ORIENTED_EDGE('',*,*,#1444,.T.);
#2395=ORIENTED_EDGE('',*,*,#1443,.T.);
#2396=ORIENTED_EDGE('',*,*,#1475,.T.);
#2397=ORIENTED_EDGE('',*,*,#1441,.T.);
#2398=ORIENTED_EDGE('',*,*,#1440,.T.);
#2399=ORIENTED_EDGE('',*,*,#1439,.T.);
#2400=ORIENTED_EDGE('',*,*,#1476,.T.);
#2401=ORIENTED_EDGE('',*,*,#1599,.F.);
#2402=ORIENTED_EDGE('',*,*,#1472,.T.);
#2403=ORIENTED_EDGE('',*,*,#1477,.T.);
#2404=ORIENTED_EDGE('',*,*,#1437,.T.);
#2405=ORIENTED_EDGE('',*,*,#1436,.T.);
#2406=ORIENTED_EDGE('',*,*,#1473,.T.);
#2407=ORIENTED_EDGE('',*,*,#1599,.T.);
#2408=ORIENTED_EDGE('',*,*,#1435,.T.);
#2409=ORIENTED_EDGE('',*,*,#1600,.F.);
#2410=ORIENTED_EDGE('',*,*,#1597,.T.);
#2411=ORIENTED_EDGE('',*,*,#1431,.T.);
#2412=ORIENTED_EDGE('',*,*,#1598,.T.);
#2413=ORIENTED_EDGE('',*,*,#1600,.T.);
#2414=ORIENTED_EDGE('',*,*,#1434,.T.);
#2415=ORIENTED_EDGE('',*,*,#1464,.T.);
#2416=ORIENTED_EDGE('',*,*,#1536,.T.);
#2417=ORIENTED_EDGE('',*,*,#1574,.T.);
#2418=ORIENTED_EDGE('',*,*,#1573,.T.);
#2419=ORIENTED_EDGE('',*,*,#1572,.T.);
#2420=ORIENTED_EDGE('',*,*,#1548,.T.);
#2421=ORIENTED_EDGE('',*,*,#1558,.T.);
#2422=ORIENTED_EDGE('',*,*,#1549,.T.);
#2423=ORIENTED_EDGE('',*,*,#1556,.T.);
#2424=ORIENTED_EDGE('',*,*,#1595,.T.);
#2425=ORIENTED_EDGE('',*,*,#1559,.T.);
#2426=ORIENTED_EDGE('',*,*,#1344,.T.);
#2427=ORIENTED_EDGE('',*,*,#1352,.T.);
#2428=ORIENTED_EDGE('',*,*,#1341,.T.);
#2429=ORIENTED_EDGE('',*,*,#1351,.T.);
#2430=ORIENTED_EDGE('',*,*,#1349,.T.);
#2431=ORIENTED_EDGE('',*,*,#1391,.T.);
#2432=ORIENTED_EDGE('',*,*,#1353,.T.);
#2433=ORIENTED_EDGE('',*,*,#1596,.T.);
#2434=ORIENTED_EDGE('',*,*,#1565,.T.);
#2435=ORIENTED_EDGE('',*,*,#1570,.T.);
#2436=ORIENTED_EDGE('',*,*,#1561,.T.);
#2437=ORIENTED_EDGE('',*,*,#1569,.T.);
#2438=ORIENTED_EDGE('',*,*,#1357,.T.);
#2439=ORIENTED_EDGE('',*,*,#1365,.T.);
#2440=ORIENTED_EDGE('',*,*,#1366,.T.);
#2441=ORIENTED_EDGE('',*,*,#1361,.T.);
#2442=ORIENTED_EDGE('',*,*,#1392,.T.);
#2443=SPHERICAL_SURFACE('',#2587,14.0790357022248);
#2444=SPHERICAL_SURFACE('',#2685,31.2688942106732);
#2445=SPHERICAL_SURFACE('',#2716,14.0790357022248);
#2446=SPHERICAL_SURFACE('',#2765,32.7319696999153);
#2447=ADVANCED_FACE('',(#295),#2443,.T.);
#2448=ADVANCED_FACE('',(#296),#283,.T.);
#2449=ADVANCED_FACE('',(#297),#284,.T.);
#2450=ADVANCED_FACE('',(#298),#174,.F.);
#2451=ADVANCED_FACE('',(#299),#175,.F.);
#2452=ADVANCED_FACE('',(#300),#176,.F.);
#2453=ADVANCED_FACE('',(#301),#177,.F.);
#2454=ADVANCED_FACE('',(#302),#178,.F.);
#2455=ADVANCED_FACE('',(#303),#179,.F.);
#2456=ADVANCED_FACE('',(#304),#285,.F.);
#2457=ADVANCED_FACE('',(#305),#180,.F.);
#2458=ADVANCED_FACE('',(#306),#286,.F.);
#2459=ADVANCED_FACE('',(#307),#287,.F.);
#2460=ADVANCED_FACE('',(#308),#288,.F.);
#2461=ADVANCED_FACE('',(#309),#181,.F.);
#2462=ADVANCED_FACE('',(#310),#182,.F.);
#2463=ADVANCED_FACE('',(#311),#289,.T.);
#2464=ADVANCED_FACE('',(#312),#183,.F.);
#2465=ADVANCED_FACE('',(#313),#184,.F.);
#2466=ADVANCED_FACE('',(#314),#185,.F.);
#2467=ADVANCED_FACE('',(#315),#290,.F.);
#2468=ADVANCED_FACE('',(#316),#186,.F.);
#2469=ADVANCED_FACE('',(#317),#291,.F.);
#2470=ADVANCED_FACE('',(#318),#187,.F.);
#2471=ADVANCED_FACE('',(#319),#188,.F.);
#2472=ADVANCED_FACE('',(#320),#292,.F.);
#2473=ADVANCED_FACE('',(#321),#293,.F.);
#2474=ADVANCED_FACE('',(#322),#189,.F.);
#2475=ADVANCED_FACE('',(#323),#190,.F.);
#2476=ADVANCED_FACE('',(#324),#191,.F.);
#2477=ADVANCED_FACE('',(#325),#192,.F.);
#2478=ADVANCED_FACE('',(#326),#193,.F.);
#2479=ADVANCED_FACE('',(#327),#194,.F.);
#2480=ADVANCED_FACE('',(#328),#195,.F.);
#2481=ADVANCED_FACE('',(#329),#196,.F.);
#2482=ADVANCED_FACE('',(#330),#197,.F.);
#2483=ADVANCED_FACE('',(#331),#198,.F.);
#2484=ADVANCED_FACE('',(#332),#199,.F.);
#2485=ADVANCED_FACE('',(#333),#200,.F.);
#2486=ADVANCED_FACE('',(#334),#201,.F.);
#2487=ADVANCED_FACE('',(#335),#202,.F.);
#2488=ADVANCED_FACE('',(#336),#203,.F.);
#2489=ADVANCED_FACE('',(#337),#294,.T.);
#2490=ADVANCED_FACE('',(#338),#204,.F.);
#2491=ADVANCED_FACE('',(#339),#205,.F.);
#2492=ADVANCED_FACE('',(#340),#206,.F.);
#2493=ADVANCED_FACE('',(#341),#207,.F.);
#2494=ADVANCED_FACE('',(#342),#208,.F.);
#2495=ADVANCED_FACE('',(#343),#209,.F.);
#2496=ADVANCED_FACE('',(#344),#210,.F.);
#2497=ADVANCED_FACE('',(#345),#211,.F.);
#2498=ADVANCED_FACE('',(#346),#212,.F.);
#2499=ADVANCED_FACE('',(#347),#213,.F.);
#2500=ADVANCED_FACE('',(#348),#214,.F.);
#2501=ADVANCED_FACE('',(#349),#215,.F.);
#2502=ADVANCED_FACE('',(#350),#216,.F.);
#2503=ADVANCED_FACE('',(#351),#217,.F.);
#2504=ADVANCED_FACE('',(#352),#218,.F.);
#2505=ADVANCED_FACE('',(#353),#219,.F.);
#2506=ADVANCED_FACE('',(#354),#220,.F.);
#2507=ADVANCED_FACE('',(#355),#221,.F.);
#2508=ADVANCED_FACE('',(#356),#222,.F.);
#2509=ADVANCED_FACE('',(#357),#223,.F.);
#2510=ADVANCED_FACE('',(#358),#2444,.T.);
#2511=ADVANCED_FACE('',(#359),#224,.T.);
#2512=ADVANCED_FACE('',(#360),#225,.T.);
#2513=ADVANCED_FACE('',(#361),#226,.T.);
#2514=ADVANCED_FACE('',(#362),#227,.T.);
#2515=ADVANCED_FACE('',(#363),#228,.T.);
#2516=ADVANCED_FACE('',(#364),#229,.T.);
#2517=ADVANCED_FACE('',(#365),#19,.F.);
#2518=ADVANCED_FACE('',(#366),#230,.T.);
#2519=ADVANCED_FACE('',(#367),#20,.F.);
#2520=ADVANCED_FACE('',(#368),#21,.F.);
#2521=ADVANCED_FACE('',(#369),#22,.F.);
#2522=ADVANCED_FACE('',(#370),#231,.T.);
#2523=ADVANCED_FACE('',(#371),#232,.T.);
#2524=ADVANCED_FACE('',(#372),#2445,.T.);
#2525=ADVANCED_FACE('',(#373),#233,.T.);
#2526=ADVANCED_FACE('',(#374),#234,.T.);
#2527=ADVANCED_FACE('',(#375),#235,.T.);
#2528=ADVANCED_FACE('',(#376),#23,.F.);
#2529=ADVANCED_FACE('',(#377),#236,.T.);
#2530=ADVANCED_FACE('',(#378),#24,.F.);
#2531=ADVANCED_FACE('',(#379),#237,.T.);
#2532=ADVANCED_FACE('',(#380),#238,.T.);
#2533=ADVANCED_FACE('',(#381),#25,.F.);
#2534=ADVANCED_FACE('',(#382),#26,.F.);
#2535=ADVANCED_FACE('',(#383),#239,.T.);
#2536=ADVANCED_FACE('',(#384),#240,.T.);
#2537=ADVANCED_FACE('',(#385),#241,.T.);
#2538=ADVANCED_FACE('',(#386),#242,.T.);
#2539=ADVANCED_FACE('',(#387),#243,.T.);
#2540=ADVANCED_FACE('',(#388),#244,.T.);
#2541=ADVANCED_FACE('',(#389),#245,.T.);
#2542=ADVANCED_FACE('',(#390),#246,.T.);
#2543=ADVANCED_FACE('',(#391),#247,.T.);
#2544=ADVANCED_FACE('',(#392),#248,.T.);
#2545=ADVANCED_FACE('',(#393),#249,.T.);
#2546=ADVANCED_FACE('',(#394),#250,.T.);
#2547=ADVANCED_FACE('',(#395),#251,.T.);
#2548=ADVANCED_FACE('',(#396),#252,.T.);
#2549=ADVANCED_FACE('',(#397),#253,.T.);
#2550=ADVANCED_FACE('',(#398),#2446,.T.);
#2551=ADVANCED_FACE('',(#399),#254,.T.);
#2552=ADVANCED_FACE('',(#400),#255,.T.);
#2553=ADVANCED_FACE('',(#401),#256,.T.);
#2554=ADVANCED_FACE('',(#402),#257,.T.);
#2555=ADVANCED_FACE('',(#403),#258,.T.);
#2556=ADVANCED_FACE('',(#404),#259,.T.);
#2557=ADVANCED_FACE('',(#405),#260,.T.);
#2558=ADVANCED_FACE('',(#406),#261,.T.);
#2559=ADVANCED_FACE('',(#407),#262,.T.);
#2560=ADVANCED_FACE('',(#408),#263,.T.);
#2561=ADVANCED_FACE('',(#409),#264,.T.);
#2562=ADVANCED_FACE('',(#410),#265,.T.);
#2563=ADVANCED_FACE('',(#411),#266,.T.);
#2564=ADVANCED_FACE('',(#412),#267,.T.);
#2565=ADVANCED_FACE('',(#413),#268,.T.);
#2566=ADVANCED_FACE('',(#414),#269,.T.);
#2567=ADVANCED_FACE('',(#415),#270,.T.);
#2568=ADVANCED_FACE('',(#416),#271,.T.);
#2569=ADVANCED_FACE('',(#417),#272,.T.);
#2570=ADVANCED_FACE('',(#418),#273,.T.);
#2571=ADVANCED_FACE('',(#419,#15),#17,.T.);
#2572=ADVANCED_FACE('',(#420,#16),#18,.F.);
#2573=CLOSED_SHELL('',(#2447,#2448,#2449,#2450,#2451,#2452,#2453,#2454,
#2455,#2456,#2457,#2458,#2459,#2460,#2461,#2462,#2463,#2464,#2465,#2466,
#2467,#2468,#2469,#2470,#2471,#2472,#2473,#2474,#2475,#2476,#2477,#2478,
#2479,#2480,#2481,#2482,#2483,#2484,#2485,#2486,#2487,#2488,#2489,#2490,
#2491,#2492,#2493,#2494,#2495,#2496,#2497,#2498,#2499,#2500,#2501,#2502,
#2503,#2504,#2505,#2506,#2507,#2508,#2509,#2510,#2511,#2512,#2513,#2514,
#2515,#2516,#2517,#2518,#2519,#2520,#2521,#2522,#2523,#2524,#2525,#2526,
#2527,#2528,#2529,#2530,#2531,#2532,#2533,#2534,#2535,#2536,#2537,#2538,
#2539,#2540,#2541,#2542,#2543,#2544,#2545,#2546,#2547,#2548,#2549,#2550,
#2551,#2552,#2553,#2554,#2555,#2556,#2557,#2558,#2559,#2560,#2561,#2562,
#2563,#2564,#2565,#2566,#2567,#2568,#2569,#2570,#2571,#2572));
#2574=DERIVED_UNIT_ELEMENT(#2576,1.);
#2575=DERIVED_UNIT_ELEMENT(#7009,-3.);
#2576=(
MASS_UNIT()
NAMED_UNIT(*)
SI_UNIT(.KILO.,.GRAM.)
);
#2577=DERIVED_UNIT((#2574,#2575));
#2578=MEASURE_REPRESENTATION_ITEM('density measure',
POSITIVE_RATIO_MEASURE(7850.),#2577);
#2579=PROPERTY_DEFINITION_REPRESENTATION(#2584,#2581);
#2580=PROPERTY_DEFINITION_REPRESENTATION(#2585,#2582);
#2581=REPRESENTATION('material name',(#2583),#7006);
#2582=REPRESENTATION('density',(#2578),#7006);
#2583=DESCRIPTIVE_REPRESENTATION_ITEM('Steel','Steel');
#2584=PROPERTY_DEFINITION('material property','material name',#7016);
#2585=PROPERTY_DEFINITION('material property','density of part',#7016);
#2586=AXIS2_PLACEMENT_3D('',#3294,#2799,#2800);
#2587=AXIS2_PLACEMENT_3D('',#3295,#2801,#2802);
#2588=AXIS2_PLACEMENT_3D('',#3298,#2803,#2804);
#2589=AXIS2_PLACEMENT_3D('',#3300,#2805,#2806);
#2590=AXIS2_PLACEMENT_3D('',#3302,#2807,#2808);
#2591=AXIS2_PLACEMENT_3D('',#3304,#2809,#2810);
#2592=AXIS2_PLACEMENT_3D('',#3385,#2811,#2812);
#2593=AXIS2_PLACEMENT_3D('',#3470,#2813,#2814);
#2594=AXIS2_PLACEMENT_3D('',#3489,#2815,#2816);
#2595=AXIS2_PLACEMENT_3D('',#3513,#2817,#2818);
#2596=AXIS2_PLACEMENT_3D('',#3532,#2819,#2820);
#2597=AXIS2_PLACEMENT_3D('',#3593,#2821,#2822);
#2598=AXIS2_PLACEMENT_3D('',#3609,#2824,#2825);
#2599=AXIS2_PLACEMENT_3D('',#3696,#2832,#2833);
#2600=AXIS2_PLACEMENT_3D('',#3748,#2835,#2836);
#2601=AXIS2_PLACEMENT_3D('',#3750,#2837,#2838);
#2602=AXIS2_PLACEMENT_3D('',#3884,#2840,#2841);
#2603=AXIS2_PLACEMENT_3D('',#3924,#2842,#2843);
#2604=AXIS2_PLACEMENT_3D('',#3925,#2844,#2845);
#2605=AXIS2_PLACEMENT_3D('',#3928,#2846,#2847);
#2606=AXIS2_PLACEMENT_3D('',#3984,#2849,#2850);
#2607=AXIS2_PLACEMENT_3D('',#4229,#2851,#2852);
#2608=AXIS2_PLACEMENT_3D('',#4230,#2853,#2854);
#2609=AXIS2_PLACEMENT_3D('',#4382,#2855,#2856);
#2610=AXIS2_PLACEMENT_3D('',#4385,#2857,#2858);
#2611=AXIS2_PLACEMENT_3D('',#4447,#2860,#2861);
#2612=AXIS2_PLACEMENT_3D('',#4448,#2862,#2863);
#2613=AXIS2_PLACEMENT_3D('',#4456,#2865,#2866);
#2614=AXIS2_PLACEMENT_3D('',#4513,#2867,#2868);
#2615=AXIS2_PLACEMENT_3D('',#4518,#2869,#2870);
#2616=AXIS2_PLACEMENT_3D('',#4520,#2871,#2872);
#2617=AXIS2_PLACEMENT_3D('',#4569,#2874,#2875);
#2618=AXIS2_PLACEMENT_3D('',#4588,#2876,#2877);
#2619=AXIS2_PLACEMENT_3D('',#4589,#2878,#2879);
#2620=AXIS2_PLACEMENT_3D('',#4618,#2881,#2882);
#2621=AXIS2_PLACEMENT_3D('',#4765,#2883,#2884);
#2622=AXIS2_PLACEMENT_3D('',#4768,#2885,#2886);
#2623=AXIS2_PLACEMENT_3D('',#4829,#2888,#2889);
#2624=AXIS2_PLACEMENT_3D('',#4935,#2890,#2891);
#2625=AXIS2_PLACEMENT_3D('',#4936,#2892,#2893);
#2626=AXIS2_PLACEMENT_3D('',#4998,#2895,#2896);
#2627=AXIS2_PLACEMENT_3D('',#5060,#2898,#2899);
#2628=AXIS2_PLACEMENT_3D('',#5336,#2901,#2902);
#2629=AXIS2_PLACEMENT_3D('',#5360,#2906,#2907);
#2630=AXIS2_PLACEMENT_3D('',#5365,#2909,#2910);
#2631=AXIS2_PLACEMENT_3D('',#5381,#2912,#2913);
#2632=AXIS2_PLACEMENT_3D('',#5384,#2914,#2915);
#2633=AXIS2_PLACEMENT_3D('',#5405,#2917,#2918);
#2634=AXIS2_PLACEMENT_3D('',#5413,#2919,#2920);
#2635=AXIS2_PLACEMENT_3D('',#5415,#2922,#2923);
#2636=AXIS2_PLACEMENT_3D('',#5416,#2924,#2925);
#2637=AXIS2_PLACEMENT_3D('',#5418,#2926,#2927);
#2638=AXIS2_PLACEMENT_3D('',#5437,#2928,#2929);
#2639=AXIS2_PLACEMENT_3D('',#5441,#2931,#2932);
#2640=AXIS2_PLACEMENT_3D('',#5461,#2935,#2936);
#2641=AXIS2_PLACEMENT_3D('',#5468,#2937,#2938);
#2642=AXIS2_PLACEMENT_3D('',#5471,#2940,#2941);
#2643=AXIS2_PLACEMENT_3D('',#5472,#2942,#2943);
#2644=AXIS2_PLACEMENT_3D('',#5473,#2944,#2945);
#2645=AXIS2_PLACEMENT_3D('',#5474,#2946,#2947);
#2646=AXIS2_PLACEMENT_3D('',#5500,#2951,#2952);
#2647=AXIS2_PLACEMENT_3D('',#5501,#2953,#2954);
#2648=AXIS2_PLACEMENT_3D('',#5502,#2955,#2956);
#2649=AXIS2_PLACEMENT_3D('',#5506,#2957,#2958);
#2650=AXIS2_PLACEMENT_3D('',#5510,#2959,#2960);
#2651=AXIS2_PLACEMENT_3D('',#5514,#2961,#2962);
#2652=AXIS2_PLACEMENT_3D('',#5518,#2963,#2964);
#2653=AXIS2_PLACEMENT_3D('',#5519,#2965,#2966);
#2654=AXIS2_PLACEMENT_3D('',#5524,#2967,#2968);
#2655=AXIS2_PLACEMENT_3D('',#5584,#2969,#2970);
#2656=AXIS2_PLACEMENT_3D('',#5585,#2971,#2972);
#2657=AXIS2_PLACEMENT_3D('',#5586,#2973,#2974);
#2658=AXIS2_PLACEMENT_3D('',#5587,#2975,#2976);
#2659=AXIS2_PLACEMENT_3D('',#5588,#2977,#2978);
#2660=AXIS2_PLACEMENT_3D('',#5589,#2979,#2980);
#2661=AXIS2_PLACEMENT_3D('',#5592,#2981,#2982);
#2662=AXIS2_PLACEMENT_3D('',#5594,#2983,#2984);
#2663=AXIS2_PLACEMENT_3D('',#5596,#2985,#2986);
#2664=AXIS2_PLACEMENT_3D('',#5605,#2987,#2988);
#2665=AXIS2_PLACEMENT_3D('',#5609,#2990,#2991);
#2666=AXIS2_PLACEMENT_3D('',#5610,#2992,#2993);
#2667=AXIS2_PLACEMENT_3D('',#5611,#2994,#2995);
#2668=AXIS2_PLACEMENT_3D('',#5612,#2996,#2997);
#2669=AXIS2_PLACEMENT_3D('',#5613,#2998,#2999);
#2670=AXIS2_PLACEMENT_3D('',#5619,#3001,#3002);
#2671=AXIS2_PLACEMENT_3D('',#5624,#3003,#3004);
#2672=AXIS2_PLACEMENT_3D('',#5625,#3005,#3006);
#2673=AXIS2_PLACEMENT_3D('',#5626,#3007,#3008);
#2674=AXIS2_PLACEMENT_3D('',#5627,#3009,#3010);
#2675=AXIS2_PLACEMENT_3D('',#5628,#3011,#3012);
#2676=AXIS2_PLACEMENT_3D('',#5629,#3013,#3014);
#2677=AXIS2_PLACEMENT_3D('',#5631,#3015,#3016);
#2678=AXIS2_PLACEMENT_3D('',#5633,#3018,#3019);
#2679=AXIS2_PLACEMENT_3D('',#5634,#3020,#3021);
#2680=AXIS2_PLACEMENT_3D('',#5635,#3022,#3023);
#2681=AXIS2_PLACEMENT_3D('',#5640,#3024,#3025);
#2682=AXIS2_PLACEMENT_3D('',#5641,#3026,#3027);
#2683=AXIS2_PLACEMENT_3D('',#5642,#3028,#3029);
#2684=AXIS2_PLACEMENT_3D('',#5643,#3030,#3031);
#2685=AXIS2_PLACEMENT_3D('',#5644,#3032,#3033);
#2686=AXIS2_PLACEMENT_3D('',#5663,#3034,#3035);
#2687=AXIS2_PLACEMENT_3D('',#5698,#3036,#3037);
#2688=AXIS2_PLACEMENT_3D('',#5725,#3038,#3039);
#2689=AXIS2_PLACEMENT_3D('',#5753,#3040,#3041);
#2690=AXIS2_PLACEMENT_3D('',#5777,#3042,#3043);
#2691=AXIS2_PLACEMENT_3D('',#5806,#3045,#3046);
#2692=AXIS2_PLACEMENT_3D('',#5852,#3047,#3048);
#2693=AXIS2_PLACEMENT_3D('',#5917,#3051,#3052);
#2694=AXIS2_PLACEMENT_3D('',#5999,#3058,#3059);
#2695=AXIS2_PLACEMENT_3D('',#6001,#3060,#3061);
#2696=AXIS2_PLACEMENT_3D('',#6044,#3063,#3064);
#2697=AXIS2_PLACEMENT_3D('',#6096,#3065,#3066);
#2698=AXIS2_PLACEMENT_3D('',#6098,#3067,#3068);
#2699=AXIS2_PLACEMENT_3D('',#6099,#3069,#3070);
#2700=AXIS2_PLACEMENT_3D('',#6100,#3071,#3072);
#2701=AXIS2_PLACEMENT_3D('',#6124,#3074,#3075);
#2702=AXIS2_PLACEMENT_3D('',#6125,#3076,#3077);
#2703=AXIS2_PLACEMENT_3D('',#6147,#3078,#3079);
#2704=AXIS2_PLACEMENT_3D('',#6172,#3080,#3081);
#2705=AXIS2_PLACEMENT_3D('',#6194,#3082,#3083);
#2706=AXIS2_PLACEMENT_3D('',#6204,#3084,#3085);
#2707=AXIS2_PLACEMENT_3D('',#6206,#3086,#3087);
#2708=AXIS2_PLACEMENT_3D('',#6207,#3088,#3089);
#2709=AXIS2_PLACEMENT_3D('',#6208,#3090,#3091);
#2710=AXIS2_PLACEMENT_3D('',#6209,#3092,#3093);
#2711=AXIS2_PLACEMENT_3D('',#6210,#3094,#3095);
#2712=AXIS2_PLACEMENT_3D('',#6213,#3096,#3097);
#2713=AXIS2_PLACEMENT_3D('',#6214,#3098,#3099);
#2714=AXIS2_PLACEMENT_3D('',#6276,#3101,#3102);
#2715=AXIS2_PLACEMENT_3D('',#6278,#3103,#3104);
#2716=AXIS2_PLACEMENT_3D('',#6285,#3106,#3107);
#2717=AXIS2_PLACEMENT_3D('',#6291,#3108,#3109);
#2718=AXIS2_PLACEMENT_3D('',#6292,#3110,#3111);
#2719=AXIS2_PLACEMENT_3D('',#6350,#3113,#3114);
#2720=AXIS2_PLACEMENT_3D('',#6351,#3115,#3116);
#2721=AXIS2_PLACEMENT_3D('',#6352,#3117,#3118);
#2722=AXIS2_PLACEMENT_3D('',#6371,#3119,#3120);
#2723=AXIS2_PLACEMENT_3D('',#6373,#3121,#3122);
#2724=AXIS2_PLACEMENT_3D('',#6424,#3124,#3125);
#2725=AXIS2_PLACEMENT_3D('',#6425,#3126,#3127);
#2726=AXIS2_PLACEMENT_3D('',#6426,#3128,#3129);
#2727=AXIS2_PLACEMENT_3D('',#6429,#3130,#3131);
#2728=AXIS2_PLACEMENT_3D('',#6430,#3132,#3133);
#2729=AXIS2_PLACEMENT_3D('',#6483,#3135,#3136);
#2730=AXIS2_PLACEMENT_3D('',#6485,#3137,#3138);
#2731=AXIS2_PLACEMENT_3D('',#6486,#3139,#3140);
#2732=AXIS2_PLACEMENT_3D('',#6487,#3141,#3142);
#2733=AXIS2_PLACEMENT_3D('',#6561,#3144,#3145);
#2734=AXIS2_PLACEMENT_3D('',#6563,#3146,#3147);
#2735=AXIS2_PLACEMENT_3D('',#6616,#3149,#3150);
#2736=AXIS2_PLACEMENT_3D('',#6617,#3151,#3152);
#2737=AXIS2_PLACEMENT_3D('',#6618,#3153,#3154);
#2738=AXIS2_PLACEMENT_3D('',#6665,#3155,#3156);
#2739=AXIS2_PLACEMENT_3D('',#6674,#3157,#3158);
#2740=AXIS2_PLACEMENT_3D('',#6698,#3162,#3163);
#2741=AXIS2_PLACEMENT_3D('',#6742,#3166,#3167);
#2742=AXIS2_PLACEMENT_3D('',#6743,#3168,#3169);
#2743=AXIS2_PLACEMENT_3D('',#6746,#3170,#3171);
#2744=AXIS2_PLACEMENT_3D('',#6779,#3173,#3174);
#2745=AXIS2_PLACEMENT_3D('',#6823,#3175,#3176);
#2746=AXIS2_PLACEMENT_3D('',#6825,#3178,#3179);
#2747=AXIS2_PLACEMENT_3D('',#6826,#3180,#3181);
#2748=AXIS2_PLACEMENT_3D('',#6827,#3182,#3183);
#2749=AXIS2_PLACEMENT_3D('',#6831,#3185,#3186);
#2750=AXIS2_PLACEMENT_3D('',#6835,#3188,#3189);
#2751=AXIS2_PLACEMENT_3D('',#6842,#3190,#3191);
#2752=AXIS2_PLACEMENT_3D('',#6873,#3194,#3195);
#2753=AXIS2_PLACEMENT_3D('',#6874,#3196,#3197);
#2754=AXIS2_PLACEMENT_3D('',#6875,#3198,#3199);
#2755=AXIS2_PLACEMENT_3D('',#6876,#3200,#3201);
#2756=AXIS2_PLACEMENT_3D('',#6902,#3205,#3206);
#2757=AXIS2_PLACEMENT_3D('',#6903,#3207,#3208);
#2758=AXIS2_PLACEMENT_3D('',#6904,#3209,#3210);
#2759=AXIS2_PLACEMENT_3D('',#6908,#3211,#3212);
#2760=AXIS2_PLACEMENT_3D('',#6912,#3213,#3214);
#2761=AXIS2_PLACEMENT_3D('',#6916,#3215,#3216);
#2762=AXIS2_PLACEMENT_3D('',#6920,#3217,#3218);
#2763=AXIS2_PLACEMENT_3D('',#6921,#3219,#3220);
#2764=AXIS2_PLACEMENT_3D('',#6928,#3221,#3222);
#2765=AXIS2_PLACEMENT_3D('',#6939,#3223,#3224);
#2766=AXIS2_PLACEMENT_3D('',#6941,#3225,#3226);
#2767=AXIS2_PLACEMENT_3D('',#6942,#3227,#3228);
#2768=AXIS2_PLACEMENT_3D('',#6943,#3229,#3230);
#2769=AXIS2_PLACEMENT_3D('',#6944,#3231,#3232);
#2770=AXIS2_PLACEMENT_3D('',#6945,#3233,#3234);
#2771=AXIS2_PLACEMENT_3D('',#6946,#3235,#3236);
#2772=AXIS2_PLACEMENT_3D('',#6947,#3237,#3238);
#2773=AXIS2_PLACEMENT_3D('',#6950,#3239,#3240);
#2774=AXIS2_PLACEMENT_3D('',#6961,#3241,#3242);
#2775=AXIS2_PLACEMENT_3D('',#6962,#3243,#3244);
#2776=AXIS2_PLACEMENT_3D('',#6963,#3245,#3246);
#2777=AXIS2_PLACEMENT_3D('',#6965,#3247,#3248);
#2778=AXIS2_PLACEMENT_3D('',#6967,#3249,#3250);
#2779=AXIS2_PLACEMENT_3D('',#6969,#3252,#3253);
#2780=AXIS2_PLACEMENT_3D('',#6970,#3254,#3255);
#2781=AXIS2_PLACEMENT_3D('',#6971,#3256,#3257);
#2782=AXIS2_PLACEMENT_3D('',#6977,#3259,#3260);
#2783=AXIS2_PLACEMENT_3D('',#6982,#3261,#3262);
#2784=AXIS2_PLACEMENT_3D('',#6983,#3263,#3264);
#2785=AXIS2_PLACEMENT_3D('',#6984,#3265,#3266);
#2786=AXIS2_PLACEMENT_3D('',#6985,#3267,#3268);
#2787=AXIS2_PLACEMENT_3D('',#6986,#3269,#3270);
#2788=AXIS2_PLACEMENT_3D('',#6987,#3271,#3272);
#2789=AXIS2_PLACEMENT_3D('',#6990,#3274,#3275);
#2790=AXIS2_PLACEMENT_3D('',#6991,#3276,#3277);
#2791=AXIS2_PLACEMENT_3D('',#6992,#3278,#3279);
#2792=AXIS2_PLACEMENT_3D('',#6993,#3280,#3281);
#2793=AXIS2_PLACEMENT_3D('',#6998,#3282,#3283);
#2794=AXIS2_PLACEMENT_3D('',#6999,#3284,#3285);
#2795=AXIS2_PLACEMENT_3D('',#7000,#3286,#3287);
#2796=AXIS2_PLACEMENT_3D('',#7001,#3288,#3289);
#2797=AXIS2_PLACEMENT_3D('',#7002,#3290,#3291);
#2798=AXIS2_PLACEMENT_3D('',#7003,#3292,#3293);
#2799=DIRECTION('axis',(0.,0.,1.));
#2800=DIRECTION('refdir',(1.,0.,0.));
#2801=DIRECTION('center_axis',(-0.520265528944078,-0.849999460063206,0.0826117260732268));
#2802=DIRECTION('ref_axis',(4.99296332453848E-9,0.0967345232952808,0.995310218978402));
#2803=DIRECTION('center_axis',(0.854004554667327,-0.517825597952722,0.0503276336853565));
#2804=DIRECTION('ref_axis',(-4.99296322054651E-9,-0.0967345232952809,-0.995310218978402));
#2805=DIRECTION('center_axis',(0.854004554667327,-0.517825597952722,0.0503276336853565));
#2806=DIRECTION('ref_axis',(-4.99296322054651E-9,-0.0967345232952809,-0.995310218978402));
#2807=DIRECTION('center_axis',(-3.46880095597668E-8,-0.999999999999992,
1.20971290372886E-7));
#2808=DIRECTION('ref_axis',(0.999999999999999,-3.4688009595373E-8,-2.95440993092893E-10));
#2809=DIRECTION('center_axis',(-3.46880095597668E-8,-0.999999999999992,
1.20971290372886E-7));
#2810=DIRECTION('ref_axis',(0.999999999999999,-3.4688009595373E-8,-2.95440993092893E-10));
#2811=DIRECTION('center_axis',(-3.28071820102407E-8,-0.999999999999991,
1.29583208098511E-7));
#2812=DIRECTION('ref_axis',(0.999999999999999,-3.28071820483764E-8,-2.9544129794284E-10));
#2813=DIRECTION('center_axis',(0.0379185073414892,0.998284435935674,-0.0446135827925404));
#2814=DIRECTION('ref_axis',(0.646507120211165,-0.0585507042536067,-0.760657845912124));
#2815=DIRECTION('center_axis',(-0.0407657807608714,0.999154805410509,0.00527503024101083));
#2816=DIRECTION('ref_axis',(0.990893385329015,0.0411056544174361,-0.128220997056329));
#2817=DIRECTION('center_axis',(0.0628354080174716,0.998014463607242,-0.00434072920459581));
#2818=DIRECTION('ref_axis',(0.995641645934511,-0.0629851604010677,-0.068779229786827));
#2819=DIRECTION('center_axis',(0.000212220680916614,0.999996641408009,-0.00258304763484896));
#2820=DIRECTION('ref_axis',(-0.560893345266961,0.00225750711852419,0.827884991346532));
#2821=DIRECTION('center_axis',(-1.12453981018853E-5,-0.999999926222269,
-0.000383964840208924));
#2822=DIRECTION('ref_axis',(0.999575413824346,-5.28599804185843E-8,-0.0291374686252134));
#2823=DIRECTION('',(0.0473483394412347,-0.994729488345651,-0.0909471262204446));
#2824=DIRECTION('center_axis',(0.000678694289106166,-0.999996535689592,
0.00254322293079385));
#2825=DIRECTION('ref_axis',(-0.0216888084724235,-0.00255734530034406,-0.999761499344749));
#2826=DIRECTION('',(-0.0218144213604192,5.04864911720226E-6,-0.99976203718446));
#2827=DIRECTION('',(0.0725580277344156,0.981915418984728,-0.174864068840163));
#2828=DIRECTION('',(-0.0180789959832381,-0.99755856116714,-0.0674541840539481));
#2829=DIRECTION('',(0.186424036621968,0.981915396585965,0.0329883694201135));
#2830=DIRECTION('',(0.0619460690613128,-0.997558365207321,-0.0322489152181794));
#2831=DIRECTION('',(0.00814289213480731,0.981916009362683,0.189141861746531));
#2832=DIRECTION('center_axis',(5.93748854021325E-5,-0.999999998145841,1.35255579706662E-5));
#2833=DIRECTION('ref_axis',(0.221247747719544,-5.38029796758684E-8,-0.975217634238135));
#2834=DIRECTION('',(-0.0697712003228912,-0.997558375100162,0.00304431815475676));
#2835=DIRECTION('center_axis',(3.69450536137226E-7,-0.999999999999915,-1.81451709612241E-7));
#2836=DIRECTION('ref_axis',(0.999999999999932,3.694505336051E-7,1.19279825858439E-8));
#2837=DIRECTION('center_axis',(6.12891632997066E-8,0.999999999999985,-1.59093841626412E-7));
#2838=DIRECTION('ref_axis',(0.999999999999998,-6.1289163258768E-8,1.52001696833565E-10));
#2839=DIRECTION('',(0.876770723190217,0.48090861809339,9.77197400737289E-8));
#2840=DIRECTION('center_axis',(4.12252896905404E-8,-0.999999999999977,2.09829010181198E-7));
#2841=DIRECTION('ref_axis',(0.999999999999999,4.12252895097125E-8,-1.45846810476219E-9));
#2842=DIRECTION('center_axis',(4.12252896905404E-8,-0.999999999999977,2.09829010181198E-7));
#2843=DIRECTION('ref_axis',(0.999999999999999,4.12252895097125E-8,-1.45846810476219E-9));
#2844=DIRECTION('center_axis',(1.72810231872795E-6,0.999999999998227,-7.47978569034374E-7));
#2845=DIRECTION('ref_axis',(-0.999999999998506,1.7281023491594E-6,4.05892260328076E-8));
#2846=DIRECTION('center_axis',(-6.12891632997066E-8,-0.999999999999985,
1.59093841626412E-7));
#2847=DIRECTION('ref_axis',(0.999999999999998,-6.12891632814953E-8,1.52002059875349E-10));
#2848=DIRECTION('',(0.551113787528461,0.834430100844653,-6.46505768779207E-7));
#2849=DIRECTION('center_axis',(-6.12891632997066E-8,-0.999999999999985,
1.59093841626412E-7));
#2850=DIRECTION('ref_axis',(0.999999999999998,-6.12891632814953E-8,1.52002059875349E-10));
#2851=DIRECTION('center_axis',(1.23071766853121E-7,0.99999999999998,-1.60921808277915E-7));
#2852=DIRECTION('ref_axis',(-0.999999999999992,1.23071766698278E-7,-1.12258836808227E-9));
#2853=DIRECTION('center_axis',(1.23071766853121E-7,0.99999999999998,-1.60921808277915E-7));
#2854=DIRECTION('ref_axis',(-0.999999999999992,1.23071766698278E-7,-1.12258836808227E-9));
#2855=DIRECTION('center_axis',(1.50209903668049E-6,0.999999999998759,-4.75753504743676E-7));
#2856=DIRECTION('ref_axis',(-0.999999999998872,1.50209904596444E-6,2.02403120783119E-8));
#2857=DIRECTION('center_axis',(-5.71335518094533E-8,-0.999999999999986,
1.57207255642527E-7));
#2858=DIRECTION('ref_axis',(0.999999999999998,-5.71335518062445E-8,8.67183173026351E-11));
#2859=DIRECTION('',(0.697652125499206,0.716436676745625,-3.54968433496491E-7));
#2860=DIRECTION('center_axis',(-5.71335518094533E-8,-0.999999999999986,
1.57207255642527E-7));
#2861=DIRECTION('ref_axis',(0.999999999999998,-5.71335518062445E-8,8.67183173026351E-11));
#2862=DIRECTION('center_axis',(-0.484049238942953,0.578263567453633,0.656740116663011));
#2863=DIRECTION('ref_axis',(0.34308763542813,0.815850014742782,-0.465488590472997));
#2864=DIRECTION('',(0.348153614911488,-0.566799244791315,-0.746677759497401));
#2865=DIRECTION('center_axis',(-3.28071820102407E-8,-0.999999999999991,
1.29583208098511E-7));
#2866=DIRECTION('ref_axis',(0.999999999999999,-3.28071820537196E-8,-2.95441595557662E-10));
#2867=DIRECTION('center_axis',(-3.28071820102407E-8,-0.999999999999991,
1.29583208098511E-7));
#2868=DIRECTION('ref_axis',(0.999999999999999,-3.28071820483764E-8,-2.9544129794284E-10));
#2869=DIRECTION('center_axis',(-1.26735248671794E-5,0.999999999886584,-8.13717123530927E-6));
#2870=DIRECTION('ref_axis',(-0.999999999919213,-1.26735169122579E-5,9.77663158912428E-7));
#2871=DIRECTION('center_axis',(-3.28071820102407E-8,-0.999999999999991,
1.29583208098511E-7));
#2872=DIRECTION('ref_axis',(0.999999999999999,-3.28071820492329E-8,-2.95441249155562E-10));
#2873=DIRECTION('',(0.761160673603142,0.566775731272994,-0.315277178685635));
#2874=DIRECTION('center_axis',(1.76062110441371E-5,0.999999999837978,-3.75033733505322E-6));
#2875=DIRECTION('ref_axis',(0.691519008143278,-9.46594243395042E-6,0.722358263804694));
#2876=DIRECTION('center_axis',(-3.28071820102407E-8,-0.999999999999991,
1.29583208098511E-7));
#2877=DIRECTION('ref_axis',(0.999999999999999,-3.28071820497269E-8,-2.95441608854782E-10));
#2878=DIRECTION('center_axis',(-8.62431411676074E-8,-0.999999999999883,
4.75198463780972E-7));
#2879=DIRECTION('ref_axis',(0.999999999999995,-8.62431622531289E-8,-4.46665197148058E-8));
#2880=DIRECTION('',(0.626439999245051,0.779469644916145,-3.98383695151724E-7));
#2881=DIRECTION('center_axis',(3.28071820102407E-8,0.999999999999991,-1.29583208098511E-7));
#2882=DIRECTION('ref_axis',(0.999999999999999,-3.28071820425681E-8,-2.95441560705384E-10));
#2883=DIRECTION('center_axis',(-6.51376595496943E-7,0.999999999999308,9.79222971774249E-7));
#2884=DIRECTION('ref_axis',(-0.999999999999784,-6.51376505467672E-7,-9.20357966249869E-8));
#2885=DIRECTION('center_axis',(-6.73808751427371E-8,-0.999999999999986,
1.5437773515887E-7));
#2886=DIRECTION('ref_axis',(0.999999999999998,-6.73808751150698E-8,2.47700881625666E-10));
#2887=DIRECTION('',(0.763800553235585,0.645452333543323,7.02338295987307E-7));
#2888=DIRECTION('center_axis',(-6.73808751427371E-8,-0.999999999999986,
1.5437773515887E-7));
#2889=DIRECTION('ref_axis',(0.999999999999998,-6.73808751150698E-8,2.47700881625666E-10));
#2890=DIRECTION('center_axis',(1.58783092481133E-6,-0.999999999998227,-1.01282882617467E-6));
#2891=DIRECTION('ref_axis',(0.999999999998739,1.58783095089521E-6,-2.57551582824341E-8));
#2892=DIRECTION('center_axis',(1.42794550283208E-6,-0.999999999998567,-9.09814887445457E-7));
#2893=DIRECTION('ref_axis',(0.999999999998978,1.42794543510301E-6,7.45571055995774E-8));
#2894=DIRECTION('',(0.697649046380096,0.716439675118881,7.03841345828996E-7));
#2895=DIRECTION('center_axis',(-7.03181386698263E-7,-0.99999999999929,-9.62017556396831E-7));
#2896=DIRECTION('ref_axis',(0.999999999999746,-7.03181495923606E-7,1.13394562326184E-7));
#2897=DIRECTION('',(0.763802035367296,0.645450579648261,7.0754625204419E-7));
#2898=DIRECTION('center_axis',(5.71335518094533E-8,0.999999999999986,-1.57207255642527E-7));
#2899=DIRECTION('ref_axis',(0.999999999999998,-5.71335517820389E-8,8.67188372286774E-11));
#2900=DIRECTION('',(-0.763802035367295,-0.645450579648261,-7.0754625204419E-7));
#2901=DIRECTION('center_axis',(1.08396460536204E-7,0.999999601344978,0.000892922097892647));
#2902=DIRECTION('ref_axis',(6.35688928595632E-5,-0.00089292210297914,0.999999599324477));
#2903=DIRECTION('',(-1.08578851356771E-5,0.985165831907072,-0.171605021852371));
#2904=DIRECTION('',(0.208884159390258,-0.974360808083444,-0.0835967919647843));
#2905=DIRECTION('',(0.0596118892814191,0.98779272313546,0.143916499321423));
#2906=DIRECTION('center_axis',(6.17258365314276E-5,0.999999678932103,-0.000798952822740033));
#2907=DIRECTION('ref_axis',(0.0769689772464847,-0.000801333694252075,-0.997033166151428));
#2908=DIRECTION('',(-0.0528321844447483,-0.951802627680171,0.302126659247272));
#2909=DIRECTION('center_axis',(5.16154575055016E-8,0.999999999999998,-4.34640308422628E-8));
#2910=DIRECTION('ref_axis',(-0.0769690128351777,4.73078849373558E-8,0.997033485427233));
#2911=DIRECTION('',(0.132933929185696,0.964010284905281,-0.230244958833178));
#2912=DIRECTION('center_axis',(0.00139743016797345,0.99999890133817,0.000494480918103601));
#2913=DIRECTION('ref_axis',(0.942706943248051,-0.00148233682047731,0.333618677279116));
#2914=DIRECTION('center_axis',(5.16154575055016E-8,0.999999999999998,-4.34640308422628E-8));
#2915=DIRECTION('ref_axis',(0.942707982273357,-3.41578757924798E-8,0.333619034466103));
#2916=DIRECTION('',(0.203665646413427,0.964010217277368,0.170893550070924));
#2917=DIRECTION('center_axis',(-0.000948285120788559,0.999999549987229,
-2.79404579748084E-5));
#2918=DIRECTION('ref_axis',(0.99956715878829,0.000948696651979316,0.0294039971189098));
#2919=DIRECTION('center_axis',(5.16154575055016E-8,0.999999999999998,-4.34640308422628E-8));
#2920=DIRECTION('ref_axis',(0.999567607757435,-5.03151211363366E-8,0.0294040392136229));
#2921=DIRECTION('',(-0.251824647217674,0.967744527266133,-0.00740790119694298));
#2922=DIRECTION('center_axis',(5.16154575055016E-8,0.999999999999998,-4.34640308422628E-8));
#2923=DIRECTION('ref_axis',(0.999567607757435,-5.03151211363366E-8,0.0294040392136229));
#2924=DIRECTION('center_axis',(5.16154575055016E-8,0.999999999999998,-4.34640308422628E-8));
#2925=DIRECTION('ref_axis',(0.999567607757435,-5.03151211363366E-8,0.0294040392136229));
#2926=DIRECTION('center_axis',(5.16154575055016E-8,0.999999999999998,-4.34640308422628E-8));
#2927=DIRECTION('ref_axis',(0.999567607757435,-5.03151211363366E-8,0.0294040392136229));
#2928=DIRECTION('center_axis',(-0.000648876309730724,-0.999999695495242,
-0.000433553869523286));
#2929=DIRECTION('ref_axis',(0.831429942965795,-0.000780390555364662,0.555629049753949));
#2930=DIRECTION('',(0.209764310357947,0.967650807976504,0.140181482095438));
#2931=DIRECTION('center_axis',(-5.16154281802711E-8,-0.999999999999989,
1.41905369377883E-7));
#2932=DIRECTION('ref_axis',(0.831371949862364,3.59475184302231E-8,0.555716367387222));
#2933=DIRECTION('',(0.0528321304406361,-0.951803487615796,0.302123959585319));
#2934=DIRECTION('',(-0.0909336990404579,0.964010258312016,-0.249830511043025));
#2935=DIRECTION('center_axis',(-5.16154281802711E-8,-0.999999999999989,
1.41905369377883E-7));
#2936=DIRECTION('ref_axis',(0.831371949862364,3.59475184302231E-8,0.555716367387222));
#2937=DIRECTION('center_axis',(-0.000888791317466405,0.999999522443689,
0.000406401756441439));
#2938=DIRECTION('ref_axis',(0.41585879341916,1.80619655707177E-8,0.909429196769028));
#2939=DIRECTION('',(-0.187993003436561,0.964010360227868,0.187996425583674));
#2940=DIRECTION('center_axis',(-5.16154281802711E-8,-0.999999999999989,
1.41905369377883E-7));
#2941=DIRECTION('ref_axis',(0.831371949862364,3.59475184302231E-8,0.555716367387222));
#2942=DIRECTION('center_axis',(0.000731780342438387,-0.999999676268581,
-0.000334604639088963));
#2943=DIRECTION('ref_axis',(0.909428884557361,0.000804650690518821,-0.415858697720776));
#2944=DIRECTION('center_axis',(-5.16154281802711E-8,-0.999999999999989,
1.41905369377883E-7));
#2945=DIRECTION('ref_axis',(-0.909382927731112,1.05965140929836E-7,0.415959962918525));
#2946=DIRECTION('center_axis',(4.52879959246227E-5,-0.99999946085714,0.00103741719073658));
#2947=DIRECTION('ref_axis',(0.0436645115781783,0.00103840523272194,0.999045710737608));
#2948=DIRECTION('',(-0.0596119762557411,-0.987792634780707,0.143917069730708));
#2949=DIRECTION('',(0.00749015799116617,0.985177590687737,0.171373896320216));
#2950=DIRECTION('',(-0.21537291477589,0.974361391388213,-0.0650721641945458));
#2951=DIRECTION('center_axis',(0.752537843585929,-0.302054938027432,-0.585191941489529));
#2952=DIRECTION('ref_axis',(0.238445432389466,0.953290519418527,-0.185421038071078));
#2953=DIRECTION('center_axis',(0.843076306714766,-0.00319916759425081,-0.537784442302763));
#2954=DIRECTION('ref_axis',(-0.00269715142365465,-0.999994882650258,0.00172047885603432));
#2955=DIRECTION('center_axis',(0.843074047114957,-0.00394904902224278,-0.537783000933487));
#2956=DIRECTION('ref_axis',(0.00332936192368156,0.999992202475509,-0.00212375548528923));
#2957=DIRECTION('center_axis',(0.217449835315445,-0.942570309413118,0.253528658999619));
#2958=DIRECTION('ref_axis',(0.613643778768638,0.334007802023927,0.715457965897153));
#2959=DIRECTION('center_axis',(0.169868404020116,-0.94317031361006,0.28561247318764));
#2960=DIRECTION('ref_axis',(0.48212518794643,0.332309734321307,0.810632804433007));
#2961=DIRECTION('center_axis',(0.117028753845419,-0.944994330204873,0.305434095434729));
#2962=DIRECTION('ref_axis',(0.338110858655734,0.327086710033652,0.882437154350634));
#2963=DIRECTION('center_axis',(0.824266734797143,-0.554738334066475,0.113356652314754));
#2964=DIRECTION('ref_axis',(0.549565739897939,0.8320248678478,0.0755785473086212));
#2965=DIRECTION('center_axis',(0.891106255159378,-0.2307706095862,0.390735930990538));
#2966=DIRECTION('ref_axis',(0.211345764033815,0.973008183804849,0.0926716907893288));
#2967=DIRECTION('center_axis',(0.697220315080893,-0.55403764908812,0.454891322879883));
#2968=DIRECTION('ref_axis',(0.464012290551303,0.832491611605129,0.302738023420295));
#2969=DIRECTION('center_axis',(0.394701588357343,-0.230241686205449,0.889493913459481));
#2970=DIRECTION('ref_axis',(0.0933857693186124,0.973133477963464,0.210452683887622));
#2971=DIRECTION('center_axis',(-0.269462381514975,-0.3748802932868,0.887048358689356));
#2972=DIRECTION('ref_axis',(-0.108962376057294,0.927073225643585,0.358695462612433));
#2973=DIRECTION('center_axis',(-0.351028413910016,-0.230471697376685,0.907558179587473));
#2974=DIRECTION('ref_axis',(-0.08314030175776,0.97307902901476,0.214953235647478));
#2975=DIRECTION('center_axis',(1.19107636360648E-5,0.999999383502641,0.00111033889944996));
#2976=DIRECTION('ref_axis',(0.0106796089000714,-0.00111040278061988,0.99994235481822));
#2977=DIRECTION('center_axis',(9.14081062304274E-6,0.999999951359229,0.000311765915611338));
#2978=DIRECTION('ref_axis',(0.0291376941529946,-0.000311899884208341,0.99957535858879));
#2979=DIRECTION('center_axis',(1.83159075525135E-6,0.999999999998054,7.32827808275854E-7));
#2980=DIRECTION('ref_axis',(-0.932007546431554,1.97266168740218E-6,-0.362438868487837));
#2981=DIRECTION('center_axis',(-9.19086966694096E-7,0.999999999994634,3.14439450055662E-6));
#2982=DIRECTION('ref_axis',(0.999999999999577,9.19087014645031E-7,-1.52494009630893E-8));
#2983=DIRECTION('center_axis',(0.0189722615041667,0.999818856688797,0.00151891504826502));
#2984=DIRECTION('ref_axis',(0.996629775589586,-0.0190329663874048,0.079792459535643));
#2985=DIRECTION('center_axis',(5.3014362182997E-8,0.999999999998597,-1.67443873455629E-6));
#2986=DIRECTION('ref_axis',(0.999999999999999,-5.30143621313077E-8,2.20068360117354E-11));
#2987=DIRECTION('center_axis',(-1.99158130549943E-6,0.999999999997889,-5.05655502873062E-7));
#2988=DIRECTION('ref_axis',(0.999999999998016,1.99158128638519E-6,-3.7848458993467E-8));
#2989=DIRECTION('',(-0.00116484125332088,0.999866576035877,0.0162933505193312));
#2990=DIRECTION('center_axis',(5.3014362182997E-8,0.999999999998597,-1.67443873455629E-6));
#2991=DIRECTION('ref_axis',(0.999999999999999,-5.30143621554188E-8,2.20073603601608E-11));
#2992=DIRECTION('center_axis',(-9.19086966694096E-7,0.999999999994634,3.14439450055662E-6));
#2993=DIRECTION('ref_axis',(0.999999999999578,9.19087014658676E-7,-1.52494003994489E-8));
#2994=DIRECTION('center_axis',(-0.00116464779279546,0.999988920113082,0.00456105761757861));
#2995=DIRECTION('ref_axis',(0.2474130036126,0.00470740385675515,-0.96889867684517));
#2996=DIRECTION('center_axis',(-0.00143779411178752,0.999983113665603,0.00563073101276667));
#2997=DIRECTION('ref_axis',(0.247411566551241,0.00581140117738245,-0.968893051039699));
#2998=DIRECTION('center_axis',(-0.0153685030645025,-0.999881140563337,-0.00123038990462238));
#2999=DIRECTION('ref_axis',(0.996691860798874,-0.0154176764059556,0.0797974302312985));
#3000=DIRECTION('',(0.0158213816358099,0.999865835377019,0.00424206658958337));
#3001=DIRECTION('center_axis',(7.34702991985466E-7,-0.999999999996507,-2.53886389491019E-6));
#3002=DIRECTION('ref_axis',(0.99999999999973,7.34703005660931E-7,-5.32978825481807E-9));
#3003=DIRECTION('center_axis',(-5.27486416240938E-8,-0.999999999999068,
1.36463670385531E-6));
#3004=DIRECTION('ref_axis',(0.999999999999999,-5.27486484472033E-8,-5.05382467491654E-9));
#3005=DIRECTION('center_axis',(3.38937073258952E-5,0.999990905669375,0.00426467229210279));
#3006=DIRECTION('ref_axis',(0.00793504626144739,-0.0042648069756702,0.999959422407874));
#3007=DIRECTION('center_axis',(5.16154575055016E-8,0.999999999999998,-4.34640308422628E-8));
#3008=DIRECTION('ref_axis',(0.00793511892464027,4.30530878504795E-8,0.999968516448218));
#3009=DIRECTION('center_axis',(-1.56100359278027E-5,-0.999998833773363,
0.00152715691437288));
#3010=DIRECTION('ref_axis',(-0.0217105055509653,0.00152713586382482,0.999763132849364));
#3011=DIRECTION('center_axis',(-5.16154281802711E-8,-0.999999999999989,
1.41905369377883E-7));
#3012=DIRECTION('ref_axis',(-0.0101882519020616,1.42423875447565E-7,0.999948098414693));
#3013=DIRECTION('center_axis',(-0.000146448725372107,-0.999999981892225,
0.000121524982139211));
#3014=DIRECTION('ref_axis',(-0.766038382709302,0.000190300975250822,0.642794803962863));
#3015=DIRECTION('center_axis',(-5.01986739522292E-6,0.999999957694845,-0.000290835192026521));
#3016=DIRECTION('ref_axis',(0.99984795338312,-5.236545516799E-8,-0.0174376063604893));
#3017=DIRECTION('',(-0.0149516003711468,-0.997560182704805,0.0681918728903737));
#3018=DIRECTION('center_axis',(-0.000141822326002464,-0.99999998399832,
-0.000109040306270891));
#3019=DIRECTION('ref_axis',(-0.793353506291289,0.000178894748676764,-0.608761186387557));
#3020=DIRECTION('center_axis',(6.31093985210796E-5,-0.999999989659649,-0.000129220379142782));
#3021=DIRECTION('ref_axis',(0.439016128368991,0.00014380786424751,-0.898479169681301));
#3022=DIRECTION('center_axis',(4.81388442989981E-5,-0.999999998781085,1.09764366279668E-5));
#3023=DIRECTION('ref_axis',(0.221247737531545,-5.38041975228261E-8,-0.975217636549488));
#3024=DIRECTION('center_axis',(8.41860066639839E-5,-0.999999929250676,0.000366621546905796));
#3025=DIRECTION('ref_axis',(0.223957503811329,0.000376163048113563,0.974598837977945));
#3026=DIRECTION('center_axis',(-5.01986739522292E-6,0.999999957694845,-0.000290835192026521));
#3027=DIRECTION('ref_axis',(0.999847953378133,-5.23655383285843E-8,-0.0174376066464598));
#3028=DIRECTION('center_axis',(4.06637205439788E-6,-0.999999972105226,0.000236163103852775));
#3029=DIRECTION('ref_axis',(0.0174366715897913,0.000236198103895916,0.999847941786313));
#3030=DIRECTION('center_axis',(1.95005605636883E-5,-0.999999796087535,0.000638313886321696));
#3031=DIRECTION('ref_axis',(0.0306186292841216,0.000638611686815947,0.999530935847348));
#3032=DIRECTION('center_axis',(0.237575566103868,-0.0956292032934049,-0.966650353472182));
#3033=DIRECTION('ref_axis',(-5.13646938992008E-8,-0.995142211802655,0.0984478455250127));
#3034=DIRECTION('center_axis',(0.971369059827635,0.0233887529806115,0.236421479234836));
#3035=DIRECTION('ref_axis',(5.13646939915155E-8,0.995142211802655,-0.0984478455250127));
#3036=DIRECTION('center_axis',(0.0421063300556478,0.997884143156129,-0.0495408296943358));
#3037=DIRECTION('ref_axis',(0.999112219026736,-0.0421216477856097,0.000735240978556923));
#3038=DIRECTION('center_axis',(-0.0451170484450742,0.998964648394863,0.00583808161409489));
#3039=DIRECTION('ref_axis',(0.998981155451724,0.0451223969306961,-0.00078762146174312));
#3040=DIRECTION('center_axis',(0.0697746602852612,0.997551133259579,-0.00482009487516521));
#3041=DIRECTION('ref_axis',(0.997562391487207,-0.0697695632334228,0.00121784093423365));
#3042=DIRECTION('center_axis',(0.000235386014569183,0.999995867978744,-0.002865068736106));
#3043=DIRECTION('ref_axis',(-0.999999972290818,0.000235375212005732,-4.10762098904185E-6));
#3044=DIRECTION('',(0.052544522336495,-0.993505215282865,-0.100927996007936));
#3045=DIRECTION('center_axis',(-1.01260199790415E-5,-0.999999940241486,
-0.000345564014630362));
#3046=DIRECTION('ref_axis',(0.999999999948716,-1.0126081351702E-5,1.75851870619841E-7));
#3047=DIRECTION('center_axis',(0.000752370917202031,-0.999995742788907,
0.00281928041626357));
#3048=DIRECTION('ref_axis',(-0.0217011390008768,-0.00283494452589277,-0.999760483143638));
#3049=DIRECTION('',(-0.0218144213604989,4.53955143282518E-6,-0.999762037186899));
#3050=DIRECTION('',(-0.0774792426618458,-0.996988233754864,0.00338063764753372));
#3051=DIRECTION('center_axis',(5.34322353350271E-5,-0.999999998498354,1.21773485809714E-5));
#3052=DIRECTION('ref_axis',(0.999999998572063,5.3432223970543E-5,-9.33571199724861E-7));
#3053=DIRECTION('',(0.00900985799603755,0.977814302158095,0.209279748074126));
#3054=DIRECTION('',(0.068789632788635,-0.996988220546025,-0.0358116533166933));
#3055=DIRECTION('',(0.206272518414768,0.977813556886517,0.0365006317173808));
#3056=DIRECTION('',(-0.0200762875493205,-0.996988462374354,-0.0749062652296732));
#3057=DIRECTION('',(0.0802832447575338,0.977813584549957,-0.193481767825202));
#3058=DIRECTION('center_axis',(3.44761463913827E-7,-0.999999999999927,-1.68263845847179E-7));
#3059=DIRECTION('ref_axis',(0.999999999999941,3.44761465078017E-7,-6.91880819591155E-9));
#3060=DIRECTION('center_axis',(6.03217927202861E-8,0.999999999999987,-1.47530860547997E-7));
#3061=DIRECTION('ref_axis',(0.999999999999998,-6.03217926827807E-8,1.52001877889341E-10));
#3062=DIRECTION('',(-0.896693238596435,-0.442652500112032,-6.82783103306348E-8));
#3063=DIRECTION('center_axis',(5.63990805184534E-8,0.999999999999989,-1.37419039039407E-7));
#3064=DIRECTION('ref_axis',(-0.999999999999998,5.63990805042297E-8,-8.35302380304066E-11));
#3065=DIRECTION('center_axis',(-8.3522365255792E-11,1.37419039044117E-7,
0.999999999999991));
#3066=DIRECTION('ref_axis',(0.999999999999998,-5.63990804741445E-8,8.35301155632344E-11));
#3067=DIRECTION('center_axis',(3.19412149709364E-8,-0.999999999999981,1.93192512247305E-7));
#3068=DIRECTION('ref_axis',(0.999999999999999,3.1941214801852E-8,-1.45846747813728E-9));
#3069=DIRECTION('center_axis',(3.19412149709364E-8,-0.999999999999981,1.93192512247305E-7));
#3070=DIRECTION('ref_axis',(0.999999999999999,3.1941214801852E-8,-1.45846747813728E-9));
#3071=DIRECTION('center_axis',(1.790493824587E-6,0.999999999998098,-7.741975176907E-7));
#3072=DIRECTION('ref_axis',(-0.999999999998397,1.7904938010887E-6,-3.03525042028209E-8));
#3073=DIRECTION('',(0.591635833456477,0.806205333999901,-6.06205403074111E-7));
#3074=DIRECTION('center_axis',(-6.03217927202861E-8,-0.999999999999987,
1.47530860547997E-7));
#3075=DIRECTION('ref_axis',(0.999999999999998,-6.03217927032353E-8,1.52002240931124E-10));
#3076=DIRECTION('center_axis',(-6.03217927202861E-8,-0.999999999999987,
1.47530860547997E-7));
#3077=DIRECTION('ref_axis',(0.999999999999998,-6.03217927032353E-8,1.52002240931124E-10));
#3078=DIRECTION('center_axis',(3.19412149709364E-8,-0.999999999999981,1.93192512247305E-7));
#3079=DIRECTION('ref_axis',(1.,3.19412147179571E-8,-1.45846747617114E-9));
#3080=DIRECTION('center_axis',(1.45846118290412E-9,1.9319251229389E-7,0.999999999999981));
#3081=DIRECTION('ref_axis',(-1.,-3.19412146623862E-8,1.45846735370765E-9));
#3082=DIRECTION('center_axis',(-3.46350397301897E-8,-0.999999999999991,
1.30113271080059E-7));
#3083=DIRECTION('ref_axis',(0.999999999999999,-3.46350396519991E-8,-2.96365493539322E-10));
#3084=DIRECTION('center_axis',(2.96369877555591E-10,1.30113271069794E-7,
0.999999999999992));
#3085=DIRECTION('ref_axis',(-0.999999999999999,3.46350395443703E-8,2.96365371077305E-10));
#3086=DIRECTION('center_axis',(1.15926135918359E-7,0.999999999999982,-1.4917603053435E-7));
#3087=DIRECTION('ref_axis',(-0.999999999999993,1.15926135774122E-7,-1.12258828060595E-9));
#3088=DIRECTION('center_axis',(1.15926135918359E-7,0.999999999999982,-1.4917603053435E-7));
#3089=DIRECTION('ref_axis',(-0.999999999999993,1.15926135774122E-7,-1.12258828060595E-9));
#3090=DIRECTION('center_axis',(-6.03217927202861E-8,-0.999999999999987,
1.47530860547997E-7));
#3091=DIRECTION('ref_axis',(0.999999999999998,-6.03217931339095E-8,1.52001972456021E-10));
#3092=DIRECTION('center_axis',(-1.51993195590732E-10,1.47530860557166E-7,
0.999999999999989));
#3093=DIRECTION('ref_axis',(-0.999999999999998,6.03217927614407E-8,-1.5200209491673E-10));
#3094=DIRECTION('center_axis',(1.49811917863738E-6,0.999999999998765,-4.74567382567348E-7));
#3095=DIRECTION('ref_axis',(-0.999999999998877,1.49811916665517E-6,-2.52490458434835E-8));
#3096=DIRECTION('center_axis',(-5.65817423790582E-8,-0.999999999999988,
1.458329331625E-7));
#3097=DIRECTION('ref_axis',(0.999999999999998,-5.65817423757932E-8,8.6718516420373E-11));
#3098=DIRECTION('center_axis',(-5.65817423790582E-8,-0.999999999999988,
1.458329331625E-7));
#3099=DIRECTION('ref_axis',(0.999999999999998,-5.65817423757932E-8,8.6718516420373E-11));
#3100=DIRECTION('',(0.734380214569607,0.678738315147013,-3.03565213660894E-7));
#3101=DIRECTION('center_axis',(-0.500190639318551,0.537826034426767,0.678640170510763));
#3102=DIRECTION('ref_axis',(4.0452362199218E-8,0.783725816058135,-0.621106951534121));
#3103=DIRECTION('center_axis',(-3.46880095597668E-8,-0.999999999999992,
1.20971290372886E-7));
#3104=DIRECTION('ref_axis',(0.999999999999999,-3.46880096001819E-8,-2.95441290707715E-10));
#3105=DIRECTION('',(0.359291784033177,-0.526439115052435,-0.770565553388592));
#3106=DIRECTION('center_axis',(-0.520265528944078,-0.849999460063206,0.0826117260732268));
#3107=DIRECTION('ref_axis',(4.99296332453848E-9,0.0967345232952808,0.995310218978402));
#3108=DIRECTION('center_axis',(-3.46880095597668E-8,-0.999999999999992,
1.20971290372886E-7));
#3109=DIRECTION('ref_axis',(0.999999999999999,-3.4688009595373E-8,-2.95440993092893E-10));
#3110=DIRECTION('center_axis',(-1.2145486993355E-5,0.999999999895813,-7.80131765455865E-6));
#3111=DIRECTION('ref_axis',(-0.999999999926221,-1.21454853328017E-5,2.12902829298244E-7));
#3112=DIRECTION('',(0.7855096917832,0.526415851813475,-0.325362682362553));
#3113=DIRECTION('center_axis',(-3.46880095597668E-8,-0.999999999999992,
1.20971290372886E-7));
#3114=DIRECTION('ref_axis',(0.999999999999999,-3.46880095961438E-8,-2.95440944305616E-10));
#3115=DIRECTION('center_axis',(1.68777826997535E-5,0.999999999851103,-3.59652054272115E-6));
#3116=DIRECTION('ref_axis',(0.691519368379257,-9.07333853881535E-6,0.722357918952944));
#3117=DIRECTION('center_axis',(-3.46880095597668E-8,-0.999999999999992,
1.20971290372886E-7));
#3118=DIRECTION('ref_axis',(0.999999999999999,-3.46880095965885E-8,-2.95441304004836E-10));
#3119=DIRECTION('center_axis',(-8.68475226690947E-8,-0.99999999999988,4.82733830782975E-7));
#3120=DIRECTION('ref_axis',(0.999999999999996,-8.68475223722168E-8,6.15013947160273E-10));
#3121=DIRECTION('center_axis',(3.46880095597668E-8,0.999999999999992,-1.20971290372886E-7));
#3122=DIRECTION('ref_axis',(0.999999999999999,-3.46880095901455E-8,-2.95441255855437E-10));
#3123=DIRECTION('',(-0.666063370703378,-0.745895157650943,3.59659216598285E-7));
#3124=DIRECTION('center_axis',(-3.46880095597668E-8,-0.999999999999992,
1.20971290372886E-7));
#3125=DIRECTION('ref_axis',(0.999999999999999,-3.46880095172082E-8,-2.95440894501437E-10));
#3126=DIRECTION('center_axis',(2.95444968294432E-10,1.20971290362638E-7,
0.999999999999993));
#3127=DIRECTION('ref_axis',(-0.999999999999999,3.46880096003574E-8,2.95440772041153E-10));
#3128=DIRECTION('center_axis',(-6.35463491138371E-7,0.999999999999341,9.56073172385641E-7));
#3129=DIRECTION('ref_axis',(-0.999999999999798,-6.35463502604915E-7,1.19930710380604E-8));
#3130=DIRECTION('center_axis',(-6.58043333790136E-8,-0.999999999999988,
1.43286364727209E-7));
#3131=DIRECTION('ref_axis',(0.999999999999998,-6.58043333530364E-8,2.47701036204406E-10));
#3132=DIRECTION('center_axis',(-6.58043333790136E-8,-0.999999999999988,
1.43286364727209E-7));
#3133=DIRECTION('ref_axis',(0.999999999999998,-6.58043333530364E-8,2.47701036204406E-10));
#3134=DIRECTION('',(0.795951959957407,0.605359791726903,5.69221860016181E-7));
#3135=DIRECTION('center_axis',(-6.58043333790136E-8,-0.999999999999988,
1.43286364727209E-7));
#3136=DIRECTION('ref_axis',(0.999999999999998,-6.58043333232839E-8,2.47700827936221E-10));
#3137=DIRECTION('center_axis',(1.42388628658017E-6,-0.999999999998575,-9.07199540473314E-7));
#3138=DIRECTION('ref_axis',(0.999999999998986,1.42388630994356E-6,-2.57551509336442E-8));
#3139=DIRECTION('center_axis',(-2.47691521538487E-10,1.43286364743509E-7,
0.99999999999999));
#3140=DIRECTION('ref_axis',(-0.999999999999998,6.58043332706797E-8,-2.47700950402188E-10));
#3141=DIRECTION('center_axis',(1.42388628658017E-6,-0.999999999998575,-9.07199540473314E-7));
#3142=DIRECTION('ref_axis',(0.999999999998986,1.42388630994582E-6,-2.57551505515978E-8));
#3143=DIRECTION('',(-0.734377305474282,-0.67874146271167,-5.96838971395522E-7));
#3144=DIRECTION('center_axis',(-6.88432254967129E-7,-0.999999999999322,
-9.39257034830282E-7));
#3145=DIRECTION('ref_axis',(0.999999999999763,-6.88432265408023E-7,1.11157972714186E-8));
#3146=DIRECTION('center_axis',(5.65817423790582E-8,0.999999999999988,-1.458329331625E-7));
#3147=DIRECTION('ref_axis',(0.999999999999998,-5.65817423540083E-8,8.67190363464154E-11));
#3148=DIRECTION('',(-0.795953318559669,-0.605358005376584,-5.77434930812792E-7));
#3149=DIRECTION('center_axis',(-5.65817423790582E-8,-0.999999999999988,
1.458329331625E-7));
#3150=DIRECTION('ref_axis',(0.999999999999998,-5.65817422584924E-8,8.67186377162475E-11));
#3151=DIRECTION('center_axis',(-8.6710508692713E-11,1.45832933167407E-7,
0.999999999999989));
#3152=DIRECTION('ref_axis',(-0.999999999999998,5.65817423637008E-8,-8.67187601741664E-11));
#3153=DIRECTION('center_axis',(1.15926135918359E-7,0.999999999999982,-1.4917603053435E-7));
#3154=DIRECTION('ref_axis',(-0.999999999999993,1.15926135566238E-7,-1.12258702309594E-9));
#3155=DIRECTION('center_axis',(-1.12256960723514E-9,1.49176030664486E-7,
0.999999999999989));
#3156=DIRECTION('ref_axis',(0.999999999999993,-1.159261356674E-7,1.12258690063591E-9));
#3157=DIRECTION('center_axis',(1.14268223436632E-7,0.999999514626983,0.00098526432284659));
#3158=DIRECTION('ref_axis',(-0.999999999999993,1.14269356451567E-7,-1.09366760544275E-9));
#3159=DIRECTION('',(0.190984422294191,0.981592591202034,0.000967128859475497));
#3160=DIRECTION('',(0.066047724492894,0.984993450487446,0.159454070459635));
#3161=DIRECTION('',(0.230727719670934,-0.968627006945005,-0.0923387285607295));
#3162=DIRECTION('center_axis',(6.74670280742984E-5,0.999999616377936,-0.000873322495759548));
#3163=DIRECTION('ref_axis',(-0.999999997723475,6.74660261354625E-5,-1.17673220005351E-6));
#3164=DIRECTION('',(-0.0580652771305847,-0.94147194689732,0.332052701836799));
#3165=DIRECTION('',(0.146494893425291,0.95611655235164,-0.253732899954905));
#3166=DIRECTION('center_axis',(-5.16154575055016E-8,-0.999999999999998,
4.34640308422628E-8));
#3167=DIRECTION('ref_axis',(-0.0769690123013704,4.73078851122528E-8,0.997033485468442));
#3168=DIRECTION('center_axis',(0.00152763205250236,0.999998687067478,0.000540558630111647));
#3169=DIRECTION('ref_axis',(0.946893396807469,-0.00162031998423767,0.32154357347887));
#3170=DIRECTION('center_axis',(-5.16154575055016E-8,-0.999999999999998,
4.34640308422628E-8));
#3171=DIRECTION('ref_axis',(0.942707981206689,-3.41578755382575E-8,0.333619037480189));
#3172=DIRECTION('',(0.224442151044786,0.956116469482087,0.188326890325037));
#3173=DIRECTION('center_axis',(-0.00103830899234158,0.999999460489239,-3.05886685750568E-5));
#3174=DIRECTION('ref_axis',(-0.999999460793394,-0.00103830843824406,1.81247846520201E-5));
#3175=DIRECTION('center_axis',(-5.16154575055016E-8,-0.999999999999998,
4.34640308422628E-8));
#3176=DIRECTION('ref_axis',(0.999567607585652,-5.03151204323673E-8,0.0294040450532513));
#3177=DIRECTION('',(0.275869526738909,0.961195091036533,-3.44110624162397E-5));
#3178=DIRECTION('center_axis',(-5.16154575055016E-8,-0.999999999999998,
4.34640308422628E-8));
#3179=DIRECTION('ref_axis',(0.999567607585652,-5.03151204323673E-8,0.0294040450532513));
#3180=DIRECTION('center_axis',(-5.16154575055016E-8,-0.999999999999998,
4.34640308422628E-8));
#3181=DIRECTION('ref_axis',(0.999567607585652,-5.03151204323673E-8,0.0294040450532513));
#3182=DIRECTION('center_axis',(-0.000710424936017639,-0.999999634984902,
-0.000474685658246925));
#3183=DIRECTION('ref_axis',(0.999999747567057,-0.00071043090201491,1.23998141099821E-5));
#3184=DIRECTION('',(-0.278118004319029,-0.960546804971526,-0.000459491667919032));
#3185=DIRECTION('center_axis',(5.16154281802711E-8,0.999999999999989,-1.41905369377883E-7));
#3186=DIRECTION('ref_axis',(0.831376998086596,3.59461850332644E-8,0.555708814985437));
#3187=DIRECTION('',(-0.207170713904189,0.956116639516476,0.207174484288367));
#3188=DIRECTION('center_axis',(-0.000799907096766252,0.999999613185054,
0.000365757267587937));
#3189=DIRECTION('ref_axis',(0.999999679972649,0.000799912257455107,-1.39635311151667E-5));
#3190=DIRECTION('center_axis',(5.16154281802711E-8,0.999999999999989,-1.41905369377883E-7));
#3191=DIRECTION('ref_axis',(0.831376998086596,3.59461850332644E-8,0.555708814985437));
#3192=DIRECTION('',(-0.100210110002271,0.956116519223502,-0.275316427990172));
#3193=DIRECTION('',(0.058065239414239,-0.941472973829346,0.33204979674846));
#3194=DIRECTION('center_axis',(5.16154281802711E-8,0.999999999999989,-1.41905369377883E-7));
#3195=DIRECTION('ref_axis',(0.831376998086596,3.59461850332644E-8,0.555708814985437));
#3196=DIRECTION('center_axis',(0.000799907096766252,-0.999999613185054,
-0.000365757267587937));
#3197=DIRECTION('ref_axis',(0.999999679972649,0.000799912257455105,-1.39635311151635E-5));
#3198=DIRECTION('center_axis',(5.16154281802711E-8,0.999999999999989,-1.41905369377883E-7));
#3199=DIRECTION('ref_axis',(-0.909386865917866,1.05964122678993E-7,0.415951353040316));
#3200=DIRECTION('center_axis',(4.99762921854524E-5,-0.999999343598222,0.00114468576257308));
#3201=DIRECTION('ref_axis',(0.999999998750852,4.99753253525843E-5,-8.7323033566721E-7));
#3202=DIRECTION('',(-0.191018583036485,-0.981585777244858,0.00112376391732232));
#3203=DIRECTION('',(-0.0660478197030502,-0.984993343785188,0.159454690151615));
#3204=DIRECTION('',(-0.237895052597547,0.968627715099674,-0.0718769329506638));
#3205=DIRECTION('center_axis',(0.759142826698939,-0.274253271676314,-0.590328138958649));
#3206=DIRECTION('ref_axis',(0.61689501955376,0.0137359131673576,0.786925574332938));
#3207=DIRECTION('center_axis',(0.843075294743024,-0.00355461896139923,-0.537783796778967));
#3208=DIRECTION('ref_axis',(0.537773070000554,0.0147140308182378,0.842961222405432));
#3209=DIRECTION('center_axis',(0.843075294743024,-0.00355461896139923,-0.537783796778967));
#3210=DIRECTION('ref_axis',(0.537773070000554,0.0147140308182378,0.842961222405432));
#3211=DIRECTION('center_axis',(0.235781756501179,-0.932113599813667,0.274902165039902));
#3212=DIRECTION('ref_axis',(-0.969754116458329,-0.244046731148282,0.00425988590974003));
#3213=DIRECTION('center_axis',(0.184241680225741,-0.932787098716184,0.309779327483677));
#3214=DIRECTION('ref_axis',(-0.981252466438078,-0.192697388377423,0.00336357275969754));
#3215=DIRECTION('center_axis',(0.127039048517731,-0.934841718645841,0.331560011507722));
#3216=DIRECTION('ref_axis',(-0.990999930007394,-0.133841999042826,0.00233624004765817));
#3217=DIRECTION('center_axis',(0.849473150965812,-0.514536411886996,0.116823142530366));
#3218=DIRECTION('ref_axis',(-0.125921704003541,0.0173136310786103,0.991889087872086));
#3219=DIRECTION('center_axis',(0.895645107812506,-0.208772643089694,0.392726144213584));
#3220=DIRECTION('ref_axis',(-0.398391734118052,0.0160077617424758,0.917075666316803));
#3221=DIRECTION('center_axis',(0.718482211790281,-0.5138523584722,0.468763335846036));
#3222=DIRECTION('ref_axis',(-0.538966594407828,0.0147007789707435,0.842198846597454));
#3223=DIRECTION('center_axis',(0.606704966432771,-0.0956524805850004,-0.789151244479628));
#3224=DIRECTION('ref_axis',(-5.12403998428159E-8,-0.992734119700516,0.120328581735345));
#3225=DIRECTION('center_axis',(0.794927093327311,0.0730039077062199,0.60229672567084));
#3226=DIRECTION('ref_axis',(5.12403999784903E-8,0.992734119700516,-0.120328581735345));
#3227=DIRECTION('center_axis',(0.396703005428684,-0.208286057748416,0.894004274951453));
#3228=DIRECTION('ref_axis',(-5.02691397488641E-8,-0.973917081491374,-0.226904205292282));
#3229=DIRECTION('center_axis',(-0.272245064186247,-0.350274949110267,0.89620872850694));
#3230=DIRECTION('ref_axis',(-4.80740410008899E-8,-0.931389204674704,-0.364024929661995));
#3231=DIRECTION('center_axis',(-0.352811786652629,-0.208498513113237,0.912168960899542));
#3232=DIRECTION('ref_axis',(-5.03176987538289E-8,-0.974857863779754,-0.222827613698957));
#3233=DIRECTION('center_axis',(1.31548817125177E-5,0.999999247361244,0.00122682675789595));
#3234=DIRECTION('ref_axis',(0.999999999913445,-1.31551722187454E-5,2.28725263810238E-7));
#3235=DIRECTION('center_axis',(1.01260199790415E-5,0.999999940241486,0.000345564014630362));
#3236=DIRECTION('ref_axis',(0.999999999948716,-1.01260813517201E-5,1.75851870273647E-7));
#3237=DIRECTION('center_axis',(2.02924126570018E-6,0.999999999997606,8.1902814962514E-7));
#3238=DIRECTION('ref_axis',(-0.932007546497946,2.18811580897183E-6,-0.362438868315873));
#3239=DIRECTION('center_axis',(-8.22016724275032E-7,0.99999999999567,2.82560864741974E-6));
#3240=DIRECTION('ref_axis',(0.999999999999662,8.22016767363774E-7,-1.52493965209249E-8));
#3241=DIRECTION('center_axis',(5.28744717152543E-8,0.999999999998857,-1.51134126418526E-6));
#3242=DIRECTION('ref_axis',(0.999999999999999,-5.28744716686315E-8,2.20070530331321E-11));
#3243=DIRECTION('center_axis',(0.0170756281640887,0.999853266260947,0.00136706624476586));
#3244=DIRECTION('ref_axis',(-0.999854149187319,0.0170760507772478,-0.000298065018132059));
#3245=DIRECTION('center_axis',(-2.21846023251751E-6,0.999999999997384,-5.56977777433152E-7));
#3246=DIRECTION('ref_axis',(0.999999999997538,2.21846021044784E-6,-3.96245986399529E-8));
#3247=DIRECTION('center_axis',(-8.22016724275032E-7,0.99999999999567,2.82560864741974E-6));
#3248=DIRECTION('ref_axis',(0.999999999999662,8.22016767376055E-7,-1.52493959572844E-8));
#3249=DIRECTION('center_axis',(5.28744717152543E-8,0.999999999998857,-1.51134126418526E-6));
#3250=DIRECTION('ref_axis',(0.999999999999999,-5.28744716903314E-8,2.20075773815574E-11));
#3251=DIRECTION('',(-0.00129423329104137,0.999835286694004,0.0181031610970922));
#3252=DIRECTION('center_axis',(-0.0012940136909183,0.999986322032016,0.005067669824486));
#3253=DIRECTION('ref_axis',(0.999999162339117,0.00129414478923653,-2.25904598859399E-5));
#3254=DIRECTION('center_axis',(-0.0012940136909183,0.999986322032016,0.005067669824486));
#3255=DIRECTION('ref_axis',(0.999999162339117,0.00129414478923653,-2.25904598858462E-5));
#3256=DIRECTION('center_axis',(-0.0170756281640887,-0.999853266260947,-0.00136706624476586));
#3257=DIRECTION('ref_axis',(-0.999854149187319,0.0170760507772478,-0.00029806501813208));
#3258=DIRECTION('',(0.0175787540268764,0.999834372559224,0.0047132638336527));
#3259=DIRECTION('center_axis',(8.22016724275032E-7,-0.99999999999567,-2.82560864741974E-6));
#3260=DIRECTION('ref_axis',(0.999999999999662,8.22016767367139E-7,-1.52493959937357E-8));
#3261=DIRECTION('center_axis',(-5.28744717152543E-8,-0.999999999998857,
1.51134126418526E-6));
#3262=DIRECTION('ref_axis',(0.999999999999999,-5.28744716820539E-8,2.20074783439469E-11));
#3263=DIRECTION('center_axis',(3.70587931775318E-5,0.999989124996435,0.0046635303697772));
#3264=DIRECTION('ref_axis',(0.999999999312988,-3.70622089722387E-5,6.46027424112686E-7));
#3265=DIRECTION('center_axis',(-5.16154575055016E-8,-0.999999999999998,
4.34640308422628E-8));
#3266=DIRECTION('ref_axis',(0.0079351190368063,4.30530876039709E-8,0.999968516447328));
#3267=DIRECTION('center_axis',(-1.70597905861588E-5,-0.999998606312825,
0.00166945541131739));
#3268=DIRECTION('ref_axis',(0.999999999854446,-1.70593187429086E-5,2.96872930769913E-7));
#3269=DIRECTION('center_axis',(5.16154281802711E-8,0.999999999999989,-1.41905369377883E-7));
#3270=DIRECTION('ref_axis',(-0.010188193723352,1.42423872394598E-7,0.999948099007461));
#3271=DIRECTION('center_axis',(-0.000162530134409392,-0.999999977697091,
0.000134869466769478));
#3272=DIRECTION('ref_axis',(-0.999999986788018,0.000162529753385152,-2.83608878016524E-6));
#3273=DIRECTION('',(-0.0166033957271458,-0.996990461543039,0.0757254702364098));
#3274=DIRECTION('center_axis',(-4.51271914643084E-6,0.99999996573171,-0.000261756021330143));
#3275=DIRECTION('ref_axis',(0.999999999989815,4.51269844667914E-6,-7.9670990765344E-8));
#3276=DIRECTION('center_axis',(-0.000157395481660005,-0.999999980290062,
-0.000121022883829495));
#3277=DIRECTION('ref_axis',(-0.793353501484616,0.000198544294767107,-0.608761186560265));
#3278=DIRECTION('center_axis',(7.00474040713707E-5,-0.999999987262099,-0.000143419537846752));
#3279=DIRECTION('ref_axis',(0.99999999754592,7.0047580279244E-5,-1.22359560382516E-6));
#3280=DIRECTION('center_axis',(5.34322353350271E-5,-0.999999998498354,1.21773485809714E-5));
#3281=DIRECTION('ref_axis',(0.999999998572063,5.34322239705435E-5,-9.33571199994715E-7));
#3282=DIRECTION('center_axis',(9.34398962637715E-5,-0.999999912854007,0.000406891832592866));
#3283=DIRECTION('ref_axis',(0.999999995633223,9.34392399911004E-5,-1.63190175365936E-6));
#3284=DIRECTION('center_axis',(-4.51271914643084E-6,0.99999996573171,-0.000261756021330143));
#3285=DIRECTION('ref_axis',(0.999999999989815,4.51269844671048E-6,-7.96709904064697E-8));
#3286=DIRECTION('center_axis',(4.51271914643084E-6,-0.99999996573171,0.000261756021330143));
#3287=DIRECTION('ref_axis',(0.999999999989815,4.51269844666574E-6,-7.96709909257264E-8));
#3288=DIRECTION('center_axis',(2.15510259945264E-5,-0.999999751078793,0.000705250243390953));
#3289=DIRECTION('ref_axis',(0.999999999767711,2.15507654225067E-5,-3.77073894919811E-7));
#3290=DIRECTION('center_axis',(-5.16154575055016E-8,-0.999999999999998,
4.34640308422628E-8));
#3291=DIRECTION('ref_axis',(0.999999999999999,-5.16154575055003E-8,3.11313318157086E-14));
#3292=DIRECTION('center_axis',(-5.16154281802711E-8,-0.999999999999989,
1.41905369377883E-7));
#3293=DIRECTION('ref_axis',(0.999999999999999,-5.16154281802672E-8,3.06194539436403E-14));
#3294=CARTESIAN_POINT('',(0.,0.,0.));
#3295=CARTESIAN_POINT('Origin',(-0.126159591427438,20.1857962572443,0.000312334648537632));
#3296=CARTESIAN_POINT('',(-7.41577323418426,8.1425072728551,-0.200032362862851));
#3297=CARTESIAN_POINT('',(-7.17938600928314,8.29494089522597,-2.66028950751841));
#3298=CARTESIAN_POINT('Origin',(-0.126159591427438,20.1857962572443,0.000312334648537632));
#3299=CARTESIAN_POINT('',(-7.45099654806796,8.21862351214265,1.16340577545591));
#3300=CARTESIAN_POINT('Origin',(-0.126159591427438,20.1857962572443,0.000312334648537632));
#3301=CARTESIAN_POINT('',(-7.41852621247701,8.14250729718819,0.000325843760363021));
#3302=CARTESIAN_POINT('Origin',(-0.126244051524024,8.14250704423343,0.000325841605926871));
#3303=CARTESIAN_POINT('',(-5.53114114804592,8.14734780170494,4.90811400515702));
#3304=CARTESIAN_POINT('Origin',(-0.126244051524024,8.14250704423343,0.000325841605926871));
#3305=CARTESIAN_POINT('',(-5.90304843077426,8.29679766897845,4.8476207277288));
#3306=CARTESIAN_POINT('Ctrl Pts',(-5.54264341606792,8.15634845094784,4.91855836504164));
#3307=CARTESIAN_POINT('Ctrl Pts',(-5.66015113950304,8.19970260966496,4.89277801304927));
#3308=CARTESIAN_POINT('Ctrl Pts',(-5.77715936911175,8.24414807116911,4.86650094876578));
#3309=CARTESIAN_POINT('Ctrl Pts',(-5.89364438523073,8.28968269273477,4.83974635285227));
#3310=CARTESIAN_POINT('Ctrl Pts',(-5.90742475548504,8.30033145660853,4.85128603899098));
#3311=CARTESIAN_POINT('Ctrl Pts',(-6.38753021377714,8.29994497273203,4.27816182289405));
#3312=CARTESIAN_POINT('Ctrl Pts',(-6.79714461428082,8.29948460687236,3.6101076871245));
#3313=CARTESIAN_POINT('Ctrl Pts',(-7.47804521085345,8.29833120234231,1.96703372710087));
#3314=CARTESIAN_POINT('Ctrl Pts',(-7.66743538684191,8.29760756254186,0.957225846221124));
#3315=CARTESIAN_POINT('Ctrl Pts',(-7.66762578975318,8.29691782873381,0.0104905529742563));
#3316=CARTESIAN_POINT('Ctrl Pts',(-7.66780160899097,8.29628092422638,-0.863730731481356));
#3317=CARTESIAN_POINT('Ctrl Pts',(-7.50792605343674,8.2955942706557,-1.79225352869813));
#3318=CARTESIAN_POINT('Ctrl Pts',(-7.17938600316623,8.29494089151698,-2.66028950715794));
#3319=CARTESIAN_POINT('Ctrl Pts',(6.4661853215751,32.1529690452092,-1.04647039209701));
#3320=CARTESIAN_POINT('Ctrl Pts',(6.4661853215751,32.1529690452092,-1.04647039209701));
#3321=CARTESIAN_POINT('Ctrl Pts',(6.4661853215751,32.1529690452092,-1.04647039209701));
#3322=CARTESIAN_POINT('Ctrl Pts',(6.4661853215751,32.1529690452092,-1.04647039209701));
#3323=CARTESIAN_POINT('Ctrl Pts',(6.4661853215751,32.1529690452092,-1.04647039209701));
#3324=CARTESIAN_POINT('Ctrl Pts',(6.4661853215751,32.1529690452092,-1.04647039209701));
#3325=CARTESIAN_POINT('Ctrl Pts',(6.4661853215751,32.1529690452092,-1.04647039209701));
#3326=CARTESIAN_POINT('Ctrl Pts',(6.4661853215751,32.1529690452092,-1.04647039209701));
#3327=CARTESIAN_POINT('Ctrl Pts',(6.4661853215751,32.1529690452092,-1.04647039209701));
#3328=CARTESIAN_POINT('Ctrl Pts',(6.46618525127894,30.7910402990034,-13.658177683185));
#3329=CARTESIAN_POINT('Ctrl Pts',(17.2873897671702,23.5005552768816,-13.0204695551794));
#3330=CARTESIAN_POINT('Ctrl Pts',(17.2873898374664,24.8624840230874,-0.408762264091468));
#3331=CARTESIAN_POINT('Ctrl Pts',(17.2873899077625,26.2244127692932,12.2029450269965));
#3332=CARTESIAN_POINT('Ctrl Pts',(6.46618539187125,33.514897791415,11.565236898991));
#3333=CARTESIAN_POINT('Ctrl Pts',(-4.35501912402005,40.8053828135368,10.9275287709854));
#3334=CARTESIAN_POINT('Ctrl Pts',(-4.3550191943162,39.443454067331,-1.68417852010256));
#3335=CARTESIAN_POINT('Ctrl Pts',(-4.35501926461236,38.0815253211252,-14.2958858111905));
#3336=CARTESIAN_POINT('Ctrl Pts',(6.46618525127894,30.7910402990034,-13.658177683185));
#3337=CARTESIAN_POINT('Ctrl Pts',(-0.126168071466646,18.823867511039,-12.6113935344442));
#3338=CARTESIAN_POINT('Ctrl Pts',(10.6950364444247,11.5333824889172,-11.9736854064387));
#3339=CARTESIAN_POINT('Ctrl Pts',(10.6950365147208,12.895311235123,0.638021884649326));
#3340=CARTESIAN_POINT('Ctrl Pts',(10.695036585017,14.2572399813288,13.2497291757373));
#3341=CARTESIAN_POINT('Ctrl Pts',(-0.126167930874339,21.5477250034506,12.6120210477318));
#3342=CARTESIAN_POINT('Ctrl Pts',(-10.9473724467656,28.8382100255724,11.9743129197262));
#3343=CARTESIAN_POINT('Ctrl Pts',(-10.9473725170618,27.4762812793666,-0.637394371361764));
#3344=CARTESIAN_POINT('Ctrl Pts',(-10.9473725873579,26.1143525331608,-13.2491016624497));
#3345=CARTESIAN_POINT('Ctrl Pts',(-0.126168071466646,18.823867511039,-12.6113935344442));
#3346=CARTESIAN_POINT('Ctrl Pts',(-6.71852139421223,6.85669472307463,-11.5646093857034));
#3347=CARTESIAN_POINT('Ctrl Pts',(4.10268312167907,-0.433790299047176,-10.9269012576979));
#3348=CARTESIAN_POINT('Ctrl Pts',(4.10268319197523,0.928138447158593,1.68480603339012));
#3349=CARTESIAN_POINT('Ctrl Pts',(4.10268326227138,2.29006719336436,14.2965133244781));
#3350=CARTESIAN_POINT('Ctrl Pts',(-6.71852125361993,9.58055221548616,13.6588051964726));
#3351=CARTESIAN_POINT('Ctrl Pts',(-17.5397257695112,16.871037237608,13.021097068467));
#3352=CARTESIAN_POINT('Ctrl Pts',(-17.5397258398074,15.5091084914022,0.409389777379032));
#3353=CARTESIAN_POINT('Ctrl Pts',(-17.5397259101035,14.1471797451964,-12.2023175137089));
#3354=CARTESIAN_POINT('Ctrl Pts',(-6.71852139421223,6.85669472307463,-11.5646093857034));
#3355=CARTESIAN_POINT('Ctrl Pts',(-6.71852132391608,8.2186234692804,1.04709790538457));
#3356=CARTESIAN_POINT('Ctrl Pts',(-6.71852132391608,8.2186234692804,1.04709790538457));
#3357=CARTESIAN_POINT('Ctrl Pts',(-6.71852132391608,8.2186234692804,1.04709790538457));
#3358=CARTESIAN_POINT('Ctrl Pts',(-6.71852132391608,8.2186234692804,1.04709790538458));
#3359=CARTESIAN_POINT('Ctrl Pts',(-6.71852132391608,8.2186234692804,1.04709790538458));
#3360=CARTESIAN_POINT('Ctrl Pts',(-6.71852132391608,8.2186234692804,1.04709790538458));
#3361=CARTESIAN_POINT('Ctrl Pts',(-6.71852132391608,8.2186234692804,1.04709790538457));
#3362=CARTESIAN_POINT('Ctrl Pts',(-6.71852132391608,8.2186234692804,1.04709790538457));
#3363=CARTESIAN_POINT('Ctrl Pts',(-6.71852132391608,8.2186234692804,1.04709790538457));
#3364=CARTESIAN_POINT('',(-6.68115839839541,8.14246781797816,-0.279962166942506));
#3365=CARTESIAN_POINT('',(-6.47407185096597,8.29494086671544,-2.39422780212391));
#3366=CARTESIAN_POINT('Ctrl Pts',(-6.66535262797595,8.1425177819166,-0.559868931999439));
#3367=CARTESIAN_POINT('Ctrl Pts',(-6.60421188515086,8.15465595821243,-1.48495837243451));
#3368=CARTESIAN_POINT('Ctrl Pts',(-6.47407185096597,8.29494086671544,-2.39422780212391));
#3369=CARTESIAN_POINT('',(-5.32605746808385,8.29734842781207,4.36346745163385));
#3370=CARTESIAN_POINT('Ctrl Pts',(-5.32930708169902,8.30033140535217,4.36618969869915));
#3371=CARTESIAN_POINT('Ctrl Pts',(-6.05962196630665,8.29967818088008,3.49437870176155));
#3372=CARTESIAN_POINT('Ctrl Pts',(-6.59258447098794,8.29880882441336,2.3736602419892));
#3373=CARTESIAN_POINT('Ctrl Pts',(-6.80188925862595,8.29790095928785,1.23379369562383));
#3374=CARTESIAN_POINT('Ctrl Pts',(-6.98145701499055,8.2971220793324,0.255873980572152));
#3375=CARTESIAN_POINT('Ctrl Pts',(-6.94992924489503,8.29634130049599,-0.705877099324126));
#3376=CARTESIAN_POINT('Ctrl Pts',(-6.70087253689627,8.29553727488531,-1.6773219182514));
#3377=CARTESIAN_POINT('Ctrl Pts',(-6.63881838946503,8.29533694651758,-1.91936390338566));
#3378=CARTESIAN_POINT('Ctrl Pts',(-6.56303667335186,8.29513745114921,-2.15917375523072));
#3379=CARTESIAN_POINT('Ctrl Pts',(-6.47407185096597,8.29494086671544,-2.39422780212391));
#3380=CARTESIAN_POINT('',(-4.98508479438492,8.14250777535355,4.41228063073257));
#3381=CARTESIAN_POINT('Ctrl Pts',(-5.00100350543747,8.15634840161424,4.4267352362824));
#3382=CARTESIAN_POINT('Ctrl Pts',(-5.10676046112105,8.19970254786398,4.40353292429113));
#3383=CARTESIAN_POINT('Ctrl Pts',(-5.21206786272372,8.24414802085131,4.37988356125251));
#3384=CARTESIAN_POINT('Ctrl Pts',(-5.31690437699579,8.28968264193201,4.35580442473245));
#3385=CARTESIAN_POINT('Origin',(-0.126244077419409,8.14250704423344,0.000325965250422667));
#3386=CARTESIAN_POINT('',(-6.71852132391608,8.2186234692804,1.04709790538457));
#3387=CARTESIAN_POINT('Ctrl Pts',(-6.71852132391608,8.2186234692804,1.04709790538457));
#3388=CARTESIAN_POINT('Ctrl Pts',(-6.71852132726759,8.15369063101256,0.445808041950095));
#3389=CARTESIAN_POINT('Ctrl Pts',(-6.68861904442106,8.14333427677152,-0.157502541090853));
#3390=CARTESIAN_POINT('Ctrl Pts',(-11.833305307,15.9650580559212,47.658230346016));
#3391=CARTESIAN_POINT('Ctrl Pts',(-11.833305307,15.9650580559212,47.658230346016));
#3392=CARTESIAN_POINT('Ctrl Pts',(-11.833305307,15.9650580559212,47.658230346016));
#3393=CARTESIAN_POINT('Ctrl Pts',(-11.833305307,15.9650580559212,47.658230346016));
#3394=CARTESIAN_POINT('Ctrl Pts',(-11.833305307,15.9650580559212,47.658230346016));
#3395=CARTESIAN_POINT('Ctrl Pts',(-11.833305307,15.9650580559212,47.658230346016));
#3396=CARTESIAN_POINT('Ctrl Pts',(-11.833305307,15.9650580559212,47.658230346016));
#3397=CARTESIAN_POINT('Ctrl Pts',(-11.833305307,15.9650580559212,47.658230346016));
#3398=CARTESIAN_POINT('Ctrl Pts',(-11.833305307,15.9650580559212,47.658230346016));
#3399=CARTESIAN_POINT('Ctrl Pts',(-11.8333037008827,47.0820546147335,44.8877104704777));
#3400=CARTESIAN_POINT('Ctrl Pts',(15.5029690370364,47.8133951820474,51.5410848682915));
#3401=CARTESIAN_POINT('Ctrl Pts',(15.5029674309191,16.6963986232351,54.3116047438298));
#3402=CARTESIAN_POINT('Ctrl Pts',(15.5029658248018,-14.4205979355772,57.0821246193681));
#3403=CARTESIAN_POINT('Ctrl Pts',(-11.8333069131173,-15.1519385028911,50.4287502215543));
#3404=CARTESIAN_POINT('Ctrl Pts',(-39.1695796510364,-15.8832790702049,43.7753758237406));
#3405=CARTESIAN_POINT('Ctrl Pts',(-39.1695780449191,15.2337174886074,41.0048559482023));
#3406=CARTESIAN_POINT('Ctrl Pts',(-39.1695764388018,46.3507140474197,38.234336072664));
#3407=CARTESIAN_POINT('Ctrl Pts',(-11.8333037008827,47.0820546147335,44.8877104704777));
#3408=CARTESIAN_POINT('Ctrl Pts',(-5.1474509971285,44.0918353432196,17.6842316061861));
#3409=CARTESIAN_POINT('Ctrl Pts',(22.1888217407906,44.8231759105334,24.3376060039998));
#3410=CARTESIAN_POINT('Ctrl Pts',(22.1888201346733,13.7061793517211,27.1081258795381));
#3411=CARTESIAN_POINT('Ctrl Pts',(22.1888185285561,-17.4108172070912,29.8786457550764));
#3412=CARTESIAN_POINT('Ctrl Pts',(-5.14745420936303,-18.1421577744051,23.2252713572626));
#3413=CARTESIAN_POINT('Ctrl Pts',(-32.4837269472821,-18.8734983417189,16.5718969594489));
#3414=CARTESIAN_POINT('Ctrl Pts',(-32.4837253411649,12.2434982170934,13.8013770839106));
#3415=CARTESIAN_POINT('Ctrl Pts',(-32.4837237350476,43.3604947759057,11.0308572083723));
#3416=CARTESIAN_POINT('Ctrl Pts',(-5.1474509971285,44.0918353432196,17.6842316061861));
#3417=CARTESIAN_POINT('Ctrl Pts',(1.53840170662575,41.1016160717056,-9.51924725810561));
#3418=CARTESIAN_POINT('Ctrl Pts',(28.8746744445448,41.8329566390194,-2.86587286029186));
#3419=CARTESIAN_POINT('Ctrl Pts',(28.8746728384276,10.7159600802071,-0.0953529847535644));
#3420=CARTESIAN_POINT('Ctrl Pts',(28.8746712323103,-20.4010364786052,2.67516689078473));
#3421=CARTESIAN_POINT('Ctrl Pts',(1.53839849439121,-21.132377045919,-3.97820750702902));
#3422=CARTESIAN_POINT('Ctrl Pts',(-25.7978742435279,-21.8637176132328,-10.6315819048428));
#3423=CARTESIAN_POINT('Ctrl Pts',(-25.7978726374106,9.25327894557947,-13.4021017803811));
#3424=CARTESIAN_POINT('Ctrl Pts',(-25.7978710312933,40.3702755043918,-16.1726216559194));
#3425=CARTESIAN_POINT('Ctrl Pts',(1.53840170662575,41.1016160717056,-9.51924725810561));
#3426=CARTESIAN_POINT('Ctrl Pts',(1.53840010050848,9.9846195128933,-6.74872738256732));
#3427=CARTESIAN_POINT('Ctrl Pts',(1.53840010050848,9.9846195128933,-6.74872738256731));
#3428=CARTESIAN_POINT('Ctrl Pts',(1.53840010050847,9.9846195128933,-6.74872738256731));
#3429=CARTESIAN_POINT('Ctrl Pts',(1.53840010050847,9.9846195128933,-6.74872738256731));
#3430=CARTESIAN_POINT('Ctrl Pts',(1.53840010050847,9.9846195128933,-6.74872738256731));
#3431=CARTESIAN_POINT('Ctrl Pts',(1.53840010050847,9.9846195128933,-6.74872738256731));
#3432=CARTESIAN_POINT('Ctrl Pts',(1.53840010050847,9.9846195128933,-6.74872738256731));
#3433=CARTESIAN_POINT('Ctrl Pts',(1.53840010050848,9.98461951289331,-6.74872738256732));
#3434=CARTESIAN_POINT('Ctrl Pts',(1.53840010050848,9.9846195128933,-6.74872738256732));
#3435=CARTESIAN_POINT('',(1.53840010050847,9.9846195128933,-6.74872738256732));
#3436=CARTESIAN_POINT('',(1.52826332641828,11.7020112084892,-6.85998770306292));
#3437=CARTESIAN_POINT('Ctrl Pts',(1.53840010050848,9.9846195128933,-6.74872738256732));
#3438=CARTESIAN_POINT('Ctrl Pts',(1.53840014474697,10.8416982631335,-6.82503788727666));
#3439=CARTESIAN_POINT('Ctrl Pts',(1.52826332641828,11.7020112084892,-6.85998770306292));
#3440=CARTESIAN_POINT('',(0.979755713016209,11.6836829120563,-6.98754094193447));
#3441=CARTESIAN_POINT('Ctrl Pts',(1.52826332641828,11.7020112084892,-6.85998770306292));
#3442=CARTESIAN_POINT('Ctrl Pts',(1.34621228575838,11.7014456851034,-6.90445958970339));
#3443=CARTESIAN_POINT('Ctrl Pts',(1.16335396862067,11.695337312856,-6.9469919911945));
#3444=CARTESIAN_POINT('Ctrl Pts',(0.979755712999022,11.6836829122057,-6.98754094189144));
#3445=CARTESIAN_POINT('',(0.820427788947983,8.2985655344795,-6.72325679757492));
#3446=CARTESIAN_POINT('Ctrl Pts',(0.979755712239094,11.683682911909,-6.98754094204981));
#3447=CARTESIAN_POINT('Ctrl Pts',(1.05421784517759,11.1636646164543,-6.95109722510803));
#3448=CARTESIAN_POINT('Ctrl Pts',(1.0745470788874,10.6158306072978,-6.91332500542079));
#3449=CARTESIAN_POINT('Ctrl Pts',(1.0470784676917,10.0520336535467,-6.87070472582039));
#3450=CARTESIAN_POINT('Ctrl Pts',(1.02066871612205,9.509969936593,-6.82972737213998));
#3451=CARTESIAN_POINT('Ctrl Pts',(0.954692585901099,9.0043201686613,-6.78818136943869));
#3452=CARTESIAN_POINT('Ctrl Pts',(0.861427702890616,8.50737914978987,-6.74266843425288));
#3453=CARTESIAN_POINT('Ctrl Pts',(0.848413193846112,8.43803425623586,-6.73631739957082));
#3454=CARTESIAN_POINT('Ctrl Pts',(0.83474482657855,8.36841229504638,-6.7298474905796));
#3455=CARTESIAN_POINT('Ctrl Pts',(0.820427788981498,8.2985655344613,-6.72325679765838));
#3456=CARTESIAN_POINT('',(1.91358892751097,8.28917715863646,-6.46861516354207));
#3457=CARTESIAN_POINT('Ctrl Pts',(0.82042778899158,8.29856553474864,-6.72325679769621));
#3458=CARTESIAN_POINT('Ctrl Pts',(1.190267942122,8.27663334647305,-6.63898880690672));
#3459=CARTESIAN_POINT('Ctrl Pts',(1.54679016305396,8.27292209545561,-6.55253929715368));
#3460=CARTESIAN_POINT('Ctrl Pts',(1.91119136879473,8.28692785486067,-6.45894398964811));
#3461=CARTESIAN_POINT('',(2.28005413308837,11.6555219620501,-6.64393304432479));
#3462=CARTESIAN_POINT('Ctrl Pts',(1.91358892751096,8.28917715863646,-6.46861516354207));
#3463=CARTESIAN_POINT('Ctrl Pts',(1.79904337834391,8.98017290552072,-6.59897733493396));
#3464=CARTESIAN_POINT('Ctrl Pts',(1.93200118856599,10.0945901355217,-6.68281422761672));
#3465=CARTESIAN_POINT('Ctrl Pts',(2.28020274748652,11.6400713568252,-6.64289860566672));
#3466=CARTESIAN_POINT('Ctrl Pts',(2.28518933873255,11.6723061244869,-6.66266040786884));
#3467=CARTESIAN_POINT('Ctrl Pts',(2.03462160891215,11.6927862176997,-6.73213561392116));
#3468=CARTESIAN_POINT('Ctrl Pts',(1.7822314022717,11.7028001349662,-6.79794774196898));
#3469=CARTESIAN_POINT('Ctrl Pts',(1.52826332641828,11.7020112084892,-6.85998770306292));
#3470=CARTESIAN_POINT('Origin',(-0.117142752618227,12.3040764649184,-0.0409343525668761));
#3471=CARTESIAN_POINT('',(4.64878888940449,11.6817219314615,-5.21337826548576));
#3472=CARTESIAN_POINT('',(4.22944684889778,8.29095330917558,-5.19082723323213));
#3473=CARTESIAN_POINT('Ctrl Pts',(4.64878888940451,11.6817219314615,-5.21337826548576));
#3474=CARTESIAN_POINT('Ctrl Pts',(4.24801601148922,10.0132625588564,-5.44716133015357));
#3475=CARTESIAN_POINT('Ctrl Pts',(4.22944684889777,8.29095330917558,-5.19082723323212));
#3476=CARTESIAN_POINT('',(5.74262469925782,8.29719619425287,-3.38887760300333));
#3477=CARTESIAN_POINT('Ctrl Pts',(4.23602823938146,8.29599596355178,-5.19800029079366));
#3478=CARTESIAN_POINT('Ctrl Pts',(4.83767753293667,8.29427109726209,-4.68984134378584));
#3479=CARTESIAN_POINT('Ctrl Pts',(5.34318051264598,8.29474544912742,-4.09485937265796));
#3480=CARTESIAN_POINT('Ctrl Pts',(5.75248249716239,8.29768059524304,-3.39464186624441));
#3481=CARTESIAN_POINT('',(6.145043571705,11.6875595004631,-3.26454403720543));
#3482=CARTESIAN_POINT('Ctrl Pts',(5.74262469925783,8.29719619425287,-3.38887760300333));
#3483=CARTESIAN_POINT('Ctrl Pts',(5.84809328744998,10.0192984212105,-3.62231641954934));
#3484=CARTESIAN_POINT('Ctrl Pts',(6.14504357170499,11.6875595004631,-3.26454403720543));
#3485=CARTESIAN_POINT('Ctrl Pts',(6.14821810058231,11.6846873911509,-3.26629344786069));
#3486=CARTESIAN_POINT('Ctrl Pts',(5.7615249048873,11.6808652880056,-4.01710634671185));
#3487=CARTESIAN_POINT('Ctrl Pts',(5.25324003603582,11.6777392528844,-4.67410294818238));
#3488=CARTESIAN_POINT('Ctrl Pts',(4.65863740316021,11.6754298109522,-5.22195404356849));
#3489=CARTESIAN_POINT('Origin',(0.0545513282298356,10.9440460116478,-0.0495706998703582));
#3490=CARTESIAN_POINT('',(6.40578299731932,11.6835638792752,-2.70489732407823));
#3491=CARTESIAN_POINT('',(6.0152502362556,8.28983952446142,-2.86329444019811));
#3492=CARTESIAN_POINT('Ctrl Pts',(6.4057829973193,11.6835638792752,-2.70489732407823));
#3493=CARTESIAN_POINT('Ctrl Pts',(6.37688179338639,9.94921230002908,-2.53703474653072));
#3494=CARTESIAN_POINT('Ctrl Pts',(6.01525023625562,8.28983952446143,-2.86329444019811));
#3495=CARTESIAN_POINT('',(6.14013225033634,8.29359726875417,-2.59529416682958));
#3496=CARTESIAN_POINT('Ctrl Pts',(6.01877078619876,8.29187230475003,-2.86489011248058));
#3497=CARTESIAN_POINT('Ctrl Pts',(6.06125023530345,8.29251294209096,-2.77598802752581));
#3498=CARTESIAN_POINT('Ctrl Pts',(6.10172521796846,8.29308897748173,-2.68607833020992));
#3499=CARTESIAN_POINT('Ctrl Pts',(6.14013242872986,8.29359953694418,-2.59529425505698));
#3500=CARTESIAN_POINT('',(6.54742773872186,8.2925462471244,-1.17642097719329));
#3501=CARTESIAN_POINT('Ctrl Pts',(6.14013216113918,8.29359613465915,-2.59529412271681));
#3502=CARTESIAN_POINT('Ctrl Pts',(6.33325203113196,8.29616289864638,-2.1388118085183));
#3503=CARTESIAN_POINT('Ctrl Pts',(6.47347370237899,8.29705319599849,-1.65955484895805));
#3504=CARTESIAN_POINT('Ctrl Pts',(6.55722929131565,8.29630266551971,-1.17835303136632));
#3505=CARTESIAN_POINT('',(6.83639513279993,11.6837603856475,-1.22737746130953));
#3506=CARTESIAN_POINT('Ctrl Pts',(6.54742773872186,8.29254624712439,-1.17642097719329));
#3507=CARTESIAN_POINT('Ctrl Pts',(6.74651691488577,9.98223113399746,-1.2115250670877));
#3508=CARTESIAN_POINT('Ctrl Pts',(6.83639513279993,11.6837603856475,-1.22737746130953));
#3509=CARTESIAN_POINT('Ctrl Pts',(6.84424797554489,11.6804305082802,-1.22873128762929));
#3510=CARTESIAN_POINT('Ctrl Pts',(6.75715136478075,11.6790371060149,-1.73050623421905));
#3511=CARTESIAN_POINT('Ctrl Pts',(6.61262171263356,11.6786444672549,-2.2308374783859));
#3512=CARTESIAN_POINT('Ctrl Pts',(6.41415467631061,11.6793006692478,-2.70838244061593));
#3513=CARTESIAN_POINT('Origin',(-0.0923776168428929,12.2646364603727,-0.0220771621051057));
#3514=CARTESIAN_POINT('',(6.62492357657525,8.29565944043948,-0.590894736835682));
#3515=CARTESIAN_POINT('',(6.42020711351378,8.29724403914972,1.75371293479208));
#3516=CARTESIAN_POINT('Ctrl Pts',(6.6341753469603,8.29607830569404,-0.591622027630705));
#3517=CARTESIAN_POINT('Ctrl Pts',(6.70011432400849,8.29415969897536,0.193416722310537));
#3518=CARTESIAN_POINT('Ctrl Pts',(6.63687490920377,8.29462655592683,0.971705188190041));
#3519=CARTESIAN_POINT('Ctrl Pts',(6.431367409807,8.29776164637584,1.75663282413387));
#3520=CARTESIAN_POINT('',(6.61683736812494,11.6875656345856,2.12618545632861));
#3521=CARTESIAN_POINT('Ctrl Pts',(6.42020711351377,8.29724403914972,1.75371293479207));
#3522=CARTESIAN_POINT('Ctrl Pts',(6.65985100130966,10.0193242003234,1.66323056104845));
#3523=CARTESIAN_POINT('Ctrl Pts',(6.61683736812494,11.6875656345856,2.12618545632862));
#3524=CARTESIAN_POINT('',(6.93674300458583,11.6801188587073,-0.310294770507407));
#3525=CARTESIAN_POINT('Ctrl Pts',(6.62030167586435,11.6847059129207,2.12718837125065));
#3526=CARTESIAN_POINT('Ctrl Pts',(6.8779805370267,11.6808489465182,1.32230594530323));
#3527=CARTESIAN_POINT('Ctrl Pts',(6.98311032985205,11.6777151756825,0.497825323544371));
#3528=CARTESIAN_POINT('Ctrl Pts',(6.9498155767633,11.6754302949521,-0.310594988237363));
#3529=CARTESIAN_POINT('Ctrl Pts',(6.93674300458585,11.6801188587073,-0.310294770507411));
#3530=CARTESIAN_POINT('Ctrl Pts',(6.81884644697805,10.0147147456434,-0.757869768014122));
#3531=CARTESIAN_POINT('Ctrl Pts',(6.62492357657523,8.29565944043947,-0.59089473683568));
#3532=CARTESIAN_POINT('Origin',(-0.126253000755017,11.6478674818794,0.000489869743296154));
#3533=CARTESIAN_POINT('',(-4.91716281535211,8.29453403565913,-4.79265060377193));
#3534=CARTESIAN_POINT('',(-4.90229497211259,11.6824854864243,-5.21254983124897));
#3535=CARTESIAN_POINT('Ctrl Pts',(-4.91716281535211,8.29453403565913,-4.79265060377193));
#3536=CARTESIAN_POINT('Ctrl Pts',(-4.73508647288846,9.95114962328344,-5.24259910359879));
#3537=CARTESIAN_POINT('Ctrl Pts',(-4.90229497211261,11.6824854864243,-5.21254983124897));
#3538=CARTESIAN_POINT('',(-7.20496587185241,11.6797084071097,0.000331763036121036));
#3539=CARTESIAN_POINT('Ctrl Pts',(-4.90904074012694,11.6786166725674,-5.21965570826206));
#3540=CARTESIAN_POINT('Ctrl Pts',(-5.61064180836025,11.6787601732015,-4.57662579425042));
#3541=CARTESIAN_POINT('Ctrl Pts',(-6.1971872612814,11.6789332804272,-3.77524386631535));
#3542=CARTESIAN_POINT('Ctrl Pts',(-6.60009257468477,11.6791240450488,-2.86422351288855));
#3543=CARTESIAN_POINT('Ctrl Pts',(-7.00261955310048,11.6793146305391,-1.95405862317172));
#3544=CARTESIAN_POINT('Ctrl Pts',(-7.20329024332054,11.6795189531897,-0.951547230229282));
#3545=CARTESIAN_POINT('Ctrl Pts',(-7.20495485745809,11.6797056327955,-0.0136089230563202));
#3546=CARTESIAN_POINT('Ctrl Pts',(-7.20496310742827,11.6797065579956,-0.00896042050771761));
#3547=CARTESIAN_POINT('Ctrl Pts',(-7.20496677695569,11.6797074815041,-0.00431987148545689));
#3548=CARTESIAN_POINT('Ctrl Pts',(-7.20496587185241,11.6797084071097,0.000331763036121036));
#3549=CARTESIAN_POINT('',(6.40549497484369,11.6837854199597,2.70627423842627));
#3550=CARTESIAN_POINT('Ctrl Pts',(-7.20496587185241,11.6797084071097,0.000331763036121036));
#3551=CARTESIAN_POINT('Ctrl Pts',(-7.20480083031485,11.679877187144,0.848536518584129));
#3552=CARTESIAN_POINT('Ctrl Pts',(-7.04407830778686,11.6800524093583,1.74850373384174));
#3553=CARTESIAN_POINT('Ctrl Pts',(-6.71540131954344,11.6802114427113,2.58574169022143));
#3554=CARTESIAN_POINT('Ctrl Pts',(-6.36751429464484,11.6803797710154,3.47191331828015));
#3555=CARTESIAN_POINT('Ctrl Pts',(-5.83055248031325,11.6805297128474,4.28631372810896));
#3556=CARTESIAN_POINT('Ctrl Pts',(-5.20259666415396,11.6806448924063,4.9324691725868));
#3557=CARTESIAN_POINT('Ctrl Pts',(-4.58970960062606,11.6807573080569,5.56311913673671));
#3558=CARTESIAN_POINT('Ctrl Pts',(-3.82465300941188,11.6808496104204,6.10586910583048));
#3559=CARTESIAN_POINT('Ctrl Pts',(-2.9740151583399,11.6809077473333,6.47967531560656));
#3560=CARTESIAN_POINT('Ctrl Pts',(-2.14154219951607,11.6809646427652,6.84549910429273));
#3561=CARTESIAN_POINT('Ctrl Pts',(-1.23277782079095,11.6809879307021,7.04421943204744));
#3562=CARTESIAN_POINT('Ctrl Pts',(-0.367144930300015,11.6809793568226,7.07370894144401));
#3563=CARTESIAN_POINT('Ctrl Pts',(0.556354810834322,11.6809702097862,7.1051698004214));
#3564=CARTESIAN_POINT('Ctrl Pts',(1.51465324413838,11.6809251573218,6.95302247880242));
#3565=CARTESIAN_POINT('Ctrl Pts',(2.4197976100383,11.6808427323855,6.60413801215834));
#3566=CARTESIAN_POINT('Ctrl Pts',(3.34547977627568,11.6807584372206,6.24733732818285));
#3567=CARTESIAN_POINT('Ctrl Pts',(4.19459901439264,11.6806351139499,5.68374292143118));
#3568=CARTESIAN_POINT('Ctrl Pts',(4.8588800893954,11.6804954963008,5.02486415211779));
#3569=CARTESIAN_POINT('Ctrl Pts',(5.45252720150505,11.6803707243973,4.43604491075729));
#3570=CARTESIAN_POINT('Ctrl Pts',(5.97133379451795,11.680218356087,3.70258775357277));
#3571=CARTESIAN_POINT('Ctrl Pts',(6.33384278545449,11.6800526534569,2.89356435880116));
#3572=CARTESIAN_POINT('Ctrl Pts',(6.36116494943613,11.6800401645131,2.83258857500107));
#3573=CARTESIAN_POINT('Ctrl Pts',(6.38762909039713,11.6800276055101,2.77121365801939));
#3574=CARTESIAN_POINT('Ctrl Pts',(6.41321871460786,11.6800149838265,2.70947644291482));
#3575=CARTESIAN_POINT('',(6.24138874580554,8.29340365846363,2.31917191527041));
#3576=CARTESIAN_POINT('Ctrl Pts',(6.40549497484367,11.6837854199597,2.70627423842627));
#3577=CARTESIAN_POINT('Ctrl Pts',(6.26649718638543,9.95117988267456,2.80447065742418));
#3578=CARTESIAN_POINT('Ctrl Pts',(6.24138874580554,8.29340365846364,2.31917191527041));
#3579=CARTESIAN_POINT('',(3.51407987875175,8.29700412926945,5.71665373879147));
#3580=CARTESIAN_POINT('Ctrl Pts',(6.25252729157796,8.29770834573554,2.32349250543138));
#3581=CARTESIAN_POINT('Ctrl Pts',(5.93750685011108,8.29841286610231,3.19144269921148));
#3582=CARTESIAN_POINT('Ctrl Pts',(5.43417869619791,8.29908033047164,3.99638322950805));
#3583=CARTESIAN_POINT('Ctrl Pts',(4.83385122177654,8.29962660038832,4.63941283849445));
#3584=CARTESIAN_POINT('Ctrl Pts',(4.4506765659273,8.29997527139913,5.04984324460193));
#3585=CARTESIAN_POINT('Ctrl Pts',(4.01497084998942,8.30029242165961,5.41588156347827));
#3586=CARTESIAN_POINT('Ctrl Pts',(3.52256749846428,8.30057228687888,5.72994227102472));
#3587=CARTESIAN_POINT('',(3.34930123852292,9.98586247547745,6.02014341841733));
#3588=CARTESIAN_POINT('Ctrl Pts',(3.51391272095483,8.29697024998931,5.7167565097843));
#3589=CARTESIAN_POINT('Ctrl Pts',(3.462303704271,8.85990945211531,5.81839146642738));
#3590=CARTESIAN_POINT('Ctrl Pts',(3.4074335575102,9.42284886169498,5.91958096704652));
#3591=CARTESIAN_POINT('Ctrl Pts',(3.34929743883683,9.98578855143125,6.02013681542299));
#3592=CARTESIAN_POINT('',(-3.33591239668335,9.98578404016733,6.16603065501326));
#3593=CARTESIAN_POINT('Origin',(-0.126244442494449,9.98828685834725,0.000393859853959422));
#3594=CARTESIAN_POINT('',(-3.25566540462413,8.29988439920544,6.0118902678883));
#3595=CARTESIAN_POINT('',(-3.33591239668335,9.98578404016733,6.16603065501326));
#3596=CARTESIAN_POINT('Ctrl Pts',(-3.26330744351879,8.30174573179275,6.02651744227766));
#3597=CARTESIAN_POINT('Ctrl Pts',(-4.06227885909379,8.29977242899549,5.60998081695421));
#3598=CARTESIAN_POINT('Ctrl Pts',(-4.74377585390951,8.30107319530749,5.06519337521057));
#3599=CARTESIAN_POINT('Ctrl Pts',(-5.32935379024195,8.30108624908236,4.36623332002086));
#3600=CARTESIAN_POINT('',(-6.27082032896184,8.29166330863184,-2.86494237565489));
#3601=CARTESIAN_POINT('Ctrl Pts',(-6.47407185096597,8.29494086671544,-2.39422780212391));
#3602=CARTESIAN_POINT('Ctrl Pts',(-6.41354599868887,8.29480712351134,-2.55414321742908));
#3603=CARTESIAN_POINT('Ctrl Pts',(-6.34693964774349,8.29467473947387,-2.7118446000965));
#3604=CARTESIAN_POINT('Ctrl Pts',(-6.27453463334095,8.29454425985282,-2.86668121038421));
#3605=CARTESIAN_POINT('Ctrl Pts',(-6.27452514043691,8.29442567791639,-2.86667707548962));
#3606=CARTESIAN_POINT('Ctrl Pts',(-5.93316467969692,8.29382917788017,-3.59667297450996));
#3607=CARTESIAN_POINT('Ctrl Pts',(-5.45796838926951,8.29327714088623,-4.25967955488786));
#3608=CARTESIAN_POINT('Ctrl Pts',(-4.92049289190457,8.2928209542769,-4.79598647915514));
#3609=CARTESIAN_POINT('Origin',(-0.124924763183598,17.4610477809138,0.00529389010535163));
#3610=CARTESIAN_POINT('',(-7.18981293689828,17.2604154331011,0.308723182778611));
#3611=CARTESIAN_POINT('',(-7.19654205077973,17.2604169904623,0.000325701524842492));
#3612=CARTESIAN_POINT('',(-7.18981293062377,17.2604154330996,0.308723470341795));
#3613=CARTESIAN_POINT('',(-7.07073134555215,18.962991893736,-0.302877029857866));
#3614=CARTESIAN_POINT('',(-7.19654205660024,17.2604169904637,0.000325434769060584));
#3615=CARTESIAN_POINT('',(-1.92531890048363,18.962991337381,-6.71392961587644));
#3616=CARTESIAN_POINT('Ctrl Pts',(-7.07073134555215,18.962991893736,-0.302877029857866));
#3617=CARTESIAN_POINT('Ctrl Pts',(-7.06190445309921,18.9629923204598,-0.504883300919407));
#3618=CARTESIAN_POINT('Ctrl Pts',(-7.03546582145372,18.9629878072925,-0.807319195118235));
#3619=CARTESIAN_POINT('Ctrl Pts',(-6.97391161038152,18.9629954880015,-1.20710413292091));
#3620=CARTESIAN_POINT('Ctrl Pts',(-6.91473327615705,18.9629882882102,-1.5046478432037));
#3621=CARTESIAN_POINT('Ctrl Pts',(-6.84263345919948,18.9629928516967,-1.79932719449246));
#3622=CARTESIAN_POINT('Ctrl Pts',(-6.75772898649589,18.9629888525089,-2.09057453727296));
#3623=CARTESIAN_POINT('Ctrl Pts',(-6.66022799915371,18.9629915092557,-2.37785162090089));
#3624=CARTESIAN_POINT('Ctrl Pts',(-6.55026619694367,18.9629950814641,-2.66059394551436));
#3625=CARTESIAN_POINT('Ctrl Pts',(-6.42808262979635,18.9629854078794,-2.93827267432285));
#3626=CARTESIAN_POINT('Ctrl Pts',(-6.29390132578316,18.9629953186589,-3.21035555184981));
#3627=CARTESIAN_POINT('Ctrl Pts',(-6.14798818822053,18.9629900262515,-3.4763310291464));
#3628=CARTESIAN_POINT('Ctrl Pts',(-5.99061231715368,18.9629922405788,-3.73569023314351));
#3629=CARTESIAN_POINT('Ctrl Pts',(-5.82205924361602,18.9629915252628,-3.98792774139056));
#3630=CARTESIAN_POINT('Ctrl Pts',(-5.64268285849693,18.9629928232046,-4.23258780102259));
#3631=CARTESIAN_POINT('Ctrl Pts',(-5.45278575940298,18.9629916643276,-4.46917402792359));
#3632=CARTESIAN_POINT('Ctrl Pts',(-5.2527640229503,18.9629920475697,-4.69726471731354));
#3633=CARTESIAN_POINT('Ctrl Pts',(-5.04298037468747,18.962990968616,-4.91640963482043));
#3634=CARTESIAN_POINT('Ctrl Pts',(-4.82383404756892,18.9629896656732,-5.12619457624379));
#3635=CARTESIAN_POINT('Ctrl Pts',(-4.59574624259916,18.9629927142519,-5.32621845279853));
#3636=CARTESIAN_POINT('Ctrl Pts',(-4.35915508774288,18.9629902551324,-5.51610914344769));
#3637=CARTESIAN_POINT('Ctrl Pts',(-4.11450048647399,18.9629905740952,-5.69549376826635));
#3638=CARTESIAN_POINT('Ctrl Pts',(-3.86225398726109,18.9629908759299,-5.86403632137939));
#3639=CARTESIAN_POINT('Ctrl Pts',(-3.60290258174654,18.9629900940556,-6.02142540720169));
#3640=CARTESIAN_POINT('Ctrl Pts',(-3.33692776982185,18.9629903297628,-6.16734222912136));
#3641=CARTESIAN_POINT('Ctrl Pts',(-3.06483928588025,18.9629910905892,-6.30151737967605));
#3642=CARTESIAN_POINT('Ctrl Pts',(-2.78715836084398,18.9629879451296,-6.42369772096225));
#3643=CARTESIAN_POINT('Ctrl Pts',(-2.41016749720039,18.9629951028799,-6.57030800548048));
#3644=CARTESIAN_POINT('Ctrl Pts',(-2.12063072121139,18.962985814115,-6.66159888227909));
#3645=CARTESIAN_POINT('Ctrl Pts',(-1.92531890048363,18.962991337381,-6.71392961587644));
#3646=CARTESIAN_POINT('',(-1.95574220870571,17.2842882943587,-6.8274423569085));
#3647=CARTESIAN_POINT('',(-1.92531890048363,18.962991337381,-6.71392961587644));
#3648=CARTESIAN_POINT('',(-1.65326569673491,17.2843148733356,-6.90129312780229));
#3649=CARTESIAN_POINT('Ctrl Pts',(-1.96544148974749,17.2971817447566,-6.86364085701201));
#3650=CARTESIAN_POINT('Ctrl Pts',(-1.86443615237618,17.2971815357922,-6.89070501285698));
#3651=CARTESIAN_POINT('Ctrl Pts',(-1.76302263231748,17.2971835649725,-6.91548961925684));
#3652=CARTESIAN_POINT('Ctrl Pts',(-1.66138660666225,17.2971877984649,-6.93798144872778));
#3653=CARTESIAN_POINT('',(-1.33329314364775,18.9629901385613,-6.84517612692171));
#3654=CARTESIAN_POINT('',(-1.65654018739856,17.2604132878977,-6.90237579433817));
#3655=CARTESIAN_POINT('',(6.03945999966281,18.9629921482917,-3.20933654571645));
#3656=CARTESIAN_POINT('Ctrl Pts',(-1.33329314364775,18.9629901385613,-6.84517612692171));
#3657=CARTESIAN_POINT('Ctrl Pts',(-1.13416557753939,18.9629894501447,-6.88028893019716));
#3658=CARTESIAN_POINT('Ctrl Pts',(-0.833173449588776,18.9629894460819,-6.91991886500784));
#3659=CARTESIAN_POINT('Ctrl Pts',(-0.429544213824256,18.9629891583544,-6.94637050966241));
#3660=CARTESIAN_POINT('Ctrl Pts',(-0.126244731682559,18.9629925634629,-6.95298638590979));
#3661=CARTESIAN_POINT('Ctrl Pts',(0.177054772772054,18.9629891210891,-6.94637072686837));
#3662=CARTESIAN_POINT('Ctrl Pts',(0.479779036925014,18.9629893354529,-6.92653168751306));
#3663=CARTESIAN_POINT('Ctrl Pts',(0.781348540126301,18.9629892656004,-6.89349933747526));
#3664=CARTESIAN_POINT('Ctrl Pts',(1.08118835021488,18.9629901766194,-6.84734786204394));
#3665=CARTESIAN_POINT('Ctrl Pts',(1.37872961705098,18.9629901116523,-6.78816737248311));
#3666=CARTESIAN_POINT('Ctrl Pts',(1.67340587813919,18.962992298981,-6.71605914863832));
#3667=CARTESIAN_POINT('Ctrl Pts',(1.96465805244511,18.9629876023191,-6.63116908949856));
#3668=CARTESIAN_POINT('Ctrl Pts',(2.25193175623697,18.9629933605975,-6.53365267200871));
#3669=CARTESIAN_POINT('Ctrl Pts',(2.53467617861884,18.9629875920482,-6.4237015654159));
#3670=CARTESIAN_POINT('Ctrl Pts',(2.81235291638922,18.9629908082268,-6.30151748459561));
#3671=CARTESIAN_POINT('Ctrl Pts',(3.08443591393481,18.9629899926823,-6.16733769304779));
#3672=CARTESIAN_POINT('Ctrl Pts',(3.35041466935803,18.9629897366636,-6.02142822758906));
#3673=CARTESIAN_POINT('Ctrl Pts',(3.60976717175412,18.9629904898526,-5.86403591444774));
#3674=CARTESIAN_POINT('Ctrl Pts',(3.86201395182832,18.9629901624944,-5.69549387730087));
#3675=CARTESIAN_POINT('Ctrl Pts',(4.10666847784564,18.9629898181297,-5.51610911423328));
#3676=CARTESIAN_POINT('Ctrl Pts',(4.34325965285212,18.9629922528936,-5.32621846062284));
#3677=CARTESIAN_POINT('Ctrl Pts',(4.57134745247214,18.9629891806435,-5.12619457416015));
#3678=CARTESIAN_POINT('Ctrl Pts',(4.79049378083834,18.9629904613983,-4.91640963532899));
#3679=CARTESIAN_POINT('Ctrl Pts',(5.00027742946035,18.9629915170827,-4.69726471736104));
#3680=CARTESIAN_POINT('Ctrl Pts',(5.20029916322921,18.9629911192102,-4.4691740272231));
#3681=CARTESIAN_POINT('Ctrl Pts',(5.3901962726994,18.9629922360248,-4.2325878037752));
#3682=CARTESIAN_POINT('Ctrl Pts',(5.5695726189976,18.9629910033847,-3.98792773107869));
#3683=CARTESIAN_POINT('Ctrl Pts',(5.7943105599991,18.9629915168529,-3.65161064498641));
#3684=CARTESIAN_POINT('Ctrl Pts',(5.94609680849297,18.9629897295997,-3.38869042210406));
#3685=CARTESIAN_POINT('Ctrl Pts',(6.03945999966281,18.9629921482917,-3.20933654571645));
#3686=CARTESIAN_POINT('',(6.14350104447313,17.2876867665055,-3.2634794425193));
#3687=CARTESIAN_POINT('',(6.03945999966281,18.9629921482917,-3.20933654571645));
#3688=CARTESIAN_POINT('',(6.28123099320451,17.2879065183109,-2.98373605940989));
#3689=CARTESIAN_POINT('Ctrl Pts',(6.18158289985027,17.3025716709631,-3.28336446941478));
#3690=CARTESIAN_POINT('Ctrl Pts',(6.22990646567001,17.3026707039989,-3.19074577939179));
#3691=CARTESIAN_POINT('Ctrl Pts',(6.27624297057684,17.3027703449631,-3.09695725051013));
#3692=CARTESIAN_POINT('Ctrl Pts',(6.32050804910727,17.3028704364006,-3.0021443032374));
#3693=CARTESIAN_POINT('',(6.29574159955473,18.9629617231558,-2.65975777170097));
#3694=CARTESIAN_POINT('',(6.28162261625131,17.2604148255637,-2.98771137144965));
#3695=CARTESIAN_POINT('',(4.11073057754248,18.9496193978156,5.51205368757691));
#3696=CARTESIAN_POINT('Origin',(-0.126321936506363,18.9626155306132,0.000305219333980931));
#3697=CARTESIAN_POINT('',(3.60837570959282,18.9630187517786,5.86250577575077));
#3698=CARTESIAN_POINT('Ctrl Pts',(4.10532551632498,18.9629891953361,5.51500806762527));
#3699=CARTESIAN_POINT('Ctrl Pts',(3.86454797438104,18.9629932615235,5.69976379898688));
#3700=CARTESIAN_POINT('Ctrl Pts',(3.60858041772349,18.9629915187768,5.86282549167421));
#3701=CARTESIAN_POINT('',(3.26159948071154,20.6672138422488,5.86823831058308));
#3702=CARTESIAN_POINT('Ctrl Pts',(3.60810493427534,18.962956541411,5.86210371082007));
#3703=CARTESIAN_POINT('Ctrl Pts',(3.49182001158427,19.5285389714939,5.86760516539002));
#3704=CARTESIAN_POINT('Ctrl Pts',(3.37642598984538,20.09411211164,5.8699032385993));
#3705=CARTESIAN_POINT('Ctrl Pts',(3.26208933653889,20.6596763796588,5.86908689132126));
#3706=CARTESIAN_POINT('',(-6.90320557706942,20.6750015055747,0.00032434581514155));
#3707=CARTESIAN_POINT('Ctrl Pts',(3.26128094530572,20.6754811939097,5.86768624756384));
#3708=CARTESIAN_POINT('Ctrl Pts',(4.95246761612516,20.675452733203,4.8914080642297));
#3709=CARTESIAN_POINT('Ctrl Pts',(6.17775064841366,20.6753756489829,3.15628573910191));
#3710=CARTESIAN_POINT('Ctrl Pts',(6.53495258196887,20.6752746078147,1.24162078211171));
#3711=CARTESIAN_POINT('Ctrl Pts',(6.8732439920982,20.6751789158375,-0.5716804555909));
#3712=CARTESIAN_POINT('Ctrl Pts',(6.43072791967719,20.6750631072795,-2.51760569418197));
#3713=CARTESIAN_POINT('Ctrl Pts',(5.33912422892566,20.6749621831064,-4.00705204652548));
#3714=CARTESIAN_POINT('Ctrl Pts',(4.28680011641269,20.674864890525,-5.44290310139549));
#3715=CARTESIAN_POINT('Ctrl Pts',(2.6520086328691,20.6747831004013,-6.43329248341615));
#3716=CARTESIAN_POINT('Ctrl Pts',(0.891497556973424,20.6747405748271,-6.70084550775938));
#3717=CARTESIAN_POINT('Ctrl Pts',(-0.931327871646343,20.6746965440345,-6.97786873297757));
#3718=CARTESIAN_POINT('Ctrl Pts',(-2.85273054914115,20.6746956360615,-6.47422938891948));
#3719=CARTESIAN_POINT('Ctrl Pts',(-4.30620635761009,20.674738294216,-5.33536039266831));
#3720=CARTESIAN_POINT('Ctrl Pts',(-5.72287321343247,20.6747798720621,-4.22533300128555));
#3721=CARTESIAN_POINT('Ctrl Pts',(-6.66105641394268,20.6748613969709,-2.54389929715329));
#3722=CARTESIAN_POINT('Ctrl Pts',(-6.86120736656304,20.6749595143535,-0.754504798239967));
#3723=CARTESIAN_POINT('Ctrl Pts',(-6.8892945456591,20.6749732831638,-0.50339910472966));
#3724=CARTESIAN_POINT('Ctrl Pts',(-6.90326276063108,20.674987285471,-0.251715269674744));
#3725=CARTESIAN_POINT('Ctrl Pts',(-6.90320557706942,20.6750015055747,0.000324345815145427));
#3726=CARTESIAN_POINT('',(-3.5142096464727,20.6669175826833,5.86845277122172));
#3727=CARTESIAN_POINT('Ctrl Pts',(-6.90320557706942,20.6750015055747,0.000324345815145982));
#3728=CARTESIAN_POINT('Ctrl Pts',(-6.90283382919371,20.6750939498576,1.6388230494796));
#3729=CARTESIAN_POINT('Ctrl Pts',(-6.28480469716517,20.6751944516321,3.26749286564732));
#3730=CARTESIAN_POINT('Ctrl Pts',(-5.19778203731301,20.6752789130402,4.49383766226901));
#3731=CARTESIAN_POINT('Ctrl Pts',(-4.71464129777661,20.6753164529634,5.03890185812212));
#3732=CARTESIAN_POINT('Ctrl Pts',(-4.1461978876765,20.6753506621536,5.50315212547808));
#3733=CARTESIAN_POINT('Ctrl Pts',(-3.51396856860697,20.6753802584914,5.86803423765401));
#3734=CARTESIAN_POINT('',(-3.33732511403406,18.9629957752764,6.16527557310465));
#3735=CARTESIAN_POINT('Ctrl Pts',(-3.51476371066827,20.659723544288,5.86941264153406));
#3736=CARTESIAN_POINT('Ctrl Pts',(-3.45808824680322,20.0941966532706,5.96848736997201));
#3737=CARTESIAN_POINT('Ctrl Pts',(-3.39824929828596,19.5286705081999,6.06695599210664));
#3738=CARTESIAN_POINT('Ctrl Pts',(-3.33525168030689,18.96314453316,6.16463594360863));
#3739=CARTESIAN_POINT('',(-7.07073134555215,18.9629923123657,0.303527598267748));
#3740=CARTESIAN_POINT('Ctrl Pts',(-3.33732511403407,18.9629957752764,6.16527557310466));
#3741=CARTESIAN_POINT('Ctrl Pts',(-3.87124424144428,18.9629913125668,5.87859206451418));
#3742=CARTESIAN_POINT('Ctrl Pts',(-4.87858449445332,18.9629918068218,5.18682386984487));
#3743=CARTESIAN_POINT('Ctrl Pts',(-6.05469982497273,18.9629960592858,3.77716702363194));
#3744=CARTESIAN_POINT('Ctrl Pts',(-6.83546452041419,18.9629923128189,2.11500732138823));
#3745=CARTESIAN_POINT('Ctrl Pts',(-7.03663662901239,18.9629878755861,0.909118694189734));
#3746=CARTESIAN_POINT('Ctrl Pts',(-7.07073134555215,18.9629923123657,0.303527598267748));
#3747=CARTESIAN_POINT('',(-7.07073134555215,18.9629923123657,0.303527598267748));
#3748=CARTESIAN_POINT('Origin',(-0.126247828190503,25.0806550528533,0.000327584009861527));
#3749=CARTESIAN_POINT('',(-5.95297443189033,25.2039686834062,0.000323667195558403));
#3750=CARTESIAN_POINT('Origin',(-0.126243207069172,25.2039683262907,0.000323668081236873));
#3751=CARTESIAN_POINT('',(-6.18799024357312,25.0750623925271,0.000328605139594251));
#3752=CARTESIAN_POINT('',(-6.17779803570793,25.0806528171049,0.000327511827076775));
#3753=CARTESIAN_POINT('',(-0.390954174970381,25.0747139236901,-6.05627426408738));
#3754=CARTESIAN_POINT('Ctrl Pts',(-6.1879902435731,25.0750623925271,0.000328605139601201));
#3755=CARTESIAN_POINT('Ctrl Pts',(-6.18807628206041,25.0750154162248,-0.787417341588644));
#3756=CARTESIAN_POINT('Ctrl Pts',(-6.02464045338918,25.0749655041632,-1.62926218314502));
#3757=CARTESIAN_POINT('Ctrl Pts',(-5.69383042555539,25.074920311126,-2.3975671769137));
#3758=CARTESIAN_POINT('Ctrl Pts',(-5.35360704414413,25.0748738320999,-3.18773464749132));
#3759=CARTESIAN_POINT('Ctrl Pts',(-4.84995302444124,25.0748331220877,-3.88674972906857));
#3760=CARTESIAN_POINT('Ctrl Pts',(-4.24850919762087,25.0748011035466,-4.44461240381171));
#3761=CARTESIAN_POINT('Ctrl Pts',(-3.39196981751158,25.0747555047057,-5.23908618224708));
#3762=CARTESIAN_POINT('Ctrl Pts',(-2.2089636545715,25.0747235985018,-5.81826771063679));
#3763=CARTESIAN_POINT('Ctrl Pts',(-1.02150851803511,25.0747159603896,-5.99558379589966));
#3764=CARTESIAN_POINT('Ctrl Pts',(-0.810099351756684,25.0747146005345,-6.02715235339693));
#3765=CARTESIAN_POINT('Ctrl Pts',(-0.600993489417683,25.0747139362027,-6.04709423940367));
#3766=CARTESIAN_POINT('Ctrl Pts',(-0.390954174970381,25.0747139236901,-6.05627426408738));
#3767=CARTESIAN_POINT('Ctrl Pts',(-0.390954174970382,25.0747139236901,-6.05627426408738));
#3768=CARTESIAN_POINT('Ctrl Pts',(0.226265712460008,25.0747138869207,-6.08325061285712));
#3769=CARTESIAN_POINT('Ctrl Pts',(0.840158074530093,25.074719382904,-6.01842384957601));
#3770=CARTESIAN_POINT('Ctrl Pts',(1.45595058364768,25.0747310107739,-5.85191815060403));
#3771=CARTESIAN_POINT('Ctrl Pts',(2.39078795058521,25.0747486630952,-5.59914510302325));
#3772=CARTESIAN_POINT('Ctrl Pts',(3.27736379338213,25.0747809276707,-5.10175336375616));
#3773=CARTESIAN_POINT('Ctrl Pts',(3.96371402951669,25.0748204157827,-4.47431012479661));
#3774=CARTESIAN_POINT('Ctrl Pts',(4.62378487217969,25.07485839195,-3.87089081252869));
#3775=CARTESIAN_POINT('Ctrl Pts',(5.16593588353449,25.0749060118944,-3.10077229863825));
#3776=CARTESIAN_POINT('Ctrl Pts',(5.51024621827446,25.0749589659177,-2.23060194886599));
#3777=CARTESIAN_POINT('Ctrl Pts',(5.82823652040296,25.0750078719892,-1.42694982312801));
#3778=CARTESIAN_POINT('Ctrl Pts',(5.96440752684001,25.0750591493899,-0.573729064167597));
#3779=CARTESIAN_POINT('Ctrl Pts',(5.93024936187407,25.0751081431125,0.250626765159052));
#3780=CARTESIAN_POINT('Ctrl Pts',(5.88565791130649,25.0751721015001,1.32677421775721));
#3781=CARTESIAN_POINT('Ctrl Pts',(5.52055643948418,25.0752389373085,2.46908520950721));
#3782=CARTESIAN_POINT('Ctrl Pts',(4.89730761603521,25.0752919636546,3.39202549581255));
#3783=CARTESIAN_POINT('Ctrl Pts',(4.37102891448226,25.0753367397305,4.17136722452976));
#3784=CARTESIAN_POINT('Ctrl Pts',(3.70358031791593,25.0753717295926,4.79300187803999));
#3785=CARTESIAN_POINT('Ctrl Pts',(2.88008531364598,25.0753973798319,5.26334299919234));
#3786=CARTESIAN_POINT('Ctrl Pts',(2.07983818206208,25.0754223059459,5.72040604282525));
#3787=CARTESIAN_POINT('Ctrl Pts',(1.15503730182836,25.0754358950673,5.99088379636598));
#3788=CARTESIAN_POINT('Ctrl Pts',(0.266994529280403,25.0754370618428,6.04861900994278));
#3789=CARTESIAN_POINT('Ctrl Pts',(-0.486794856182065,25.0754380522263,6.09762587369636));
#3790=CARTESIAN_POINT('Ctrl Pts',(-1.24908951530238,25.0754308616991,6.00793777060085));
#3791=CARTESIAN_POINT('Ctrl Pts',(-1.99543442373566,25.0754147337761,5.76600935735359));
#3792=CARTESIAN_POINT('Ctrl Pts',(-2.84426001766983,25.0753963913264,5.49086173224923));
#3793=CARTESIAN_POINT('Ctrl Pts',(-3.63715503400947,25.0753662868738,5.0139730843915));
#3794=CARTESIAN_POINT('Ctrl Pts',(-4.25997497470513,25.075330407996,4.43328317204953));
#3795=CARTESIAN_POINT('Ctrl Pts',(-4.88800145865306,25.0752942291842,3.84773890783601));
#3796=CARTESIAN_POINT('Ctrl Pts',(-5.41014753200015,25.0752489037966,3.10408239872036));
#3797=CARTESIAN_POINT('Ctrl Pts',(-5.74745571031874,25.0751984423257,2.26830697278464));
#3798=CARTESIAN_POINT('Ctrl Pts',(-6.04298197153768,25.0751542314503,1.53605794141914));
#3799=CARTESIAN_POINT('Ctrl Pts',(-6.18790902769982,25.0751067357221,0.74391995590108));
#3800=CARTESIAN_POINT('Ctrl Pts',(-6.1879902435731,25.0750623925271,0.000328605139601201));
#3801=CARTESIAN_POINT('Ctrl Pts',(5.45829573859367,3.26841426196183,0.000326581296984814));
#3802=CARTESIAN_POINT('Ctrl Pts',(5.4582957390601,3.26841343624019,-5.58421354350466));
#3803=CARTESIAN_POINT('Ctrl Pts',(-0.126244385741585,3.26841375417138,-5.58421354397113));
#3804=CARTESIAN_POINT('Ctrl Pts',(-5.71078451054327,3.26841407210257,-5.58421354443761));
#3805=CARTESIAN_POINT('Ctrl Pts',(-5.7107845110097,3.2684148978242,0.000326580364037114));
#3806=CARTESIAN_POINT('Ctrl Pts',(-5.71078451147613,3.26841572354584,5.58486670516568));
#3807=CARTESIAN_POINT('Ctrl Pts',(-0.126244386674442,3.26841540561466,5.58486670563216));
#3808=CARTESIAN_POINT('Ctrl Pts',(5.45829573812725,3.26841508768347,5.58486670609863));
#3809=CARTESIAN_POINT('Ctrl Pts',(5.45829573859367,3.26841426196183,0.000326581296984814));
#3810=CARTESIAN_POINT('Ctrl Pts',(5.45829570572677,2.68067315317859,0.000326656541680901));
#3811=CARTESIAN_POINT('Ctrl Pts',(5.4582957061932,2.68067232745695,-5.58421346825996));
#3812=CARTESIAN_POINT('Ctrl Pts',(-0.126244418608488,2.68067264538814,-5.58421346872644));
#3813=CARTESIAN_POINT('Ctrl Pts',(-5.71078454341018,2.68067296331933,-5.58421346919291));
#3814=CARTESIAN_POINT('Ctrl Pts',(-5.71078454387661,2.68067378904097,0.000326655608733201));
#3815=CARTESIAN_POINT('Ctrl Pts',(-5.71078454434303,2.68067461476261,5.58486678041038));
#3816=CARTESIAN_POINT('Ctrl Pts',(-0.126244419541346,2.68067429683142,5.58486678087685));
#3817=CARTESIAN_POINT('Ctrl Pts',(5.45829570526034,2.68067397890023,5.58486678134332));
#3818=CARTESIAN_POINT('Ctrl Pts',(5.45829570572677,2.68067315317859,0.000326656541680901));
#3819=CARTESIAN_POINT('Ctrl Pts',(5.98726270363169,2.68067312306419,0.000326656585865482));
#3820=CARTESIAN_POINT('Ctrl Pts',(5.9872627041423,2.68067221913029,-6.11318046612069));
#3821=CARTESIAN_POINT('Ctrl Pts',(-0.12624441856431,2.68067256717588,-6.11318046663135));
#3822=CARTESIAN_POINT('Ctrl Pts',(-6.23975154127091,2.68067291522147,-6.11318046714201));
#3823=CARTESIAN_POINT('Ctrl Pts',(-6.23975154178153,2.68067381915537,0.000326655564546399));
#3824=CARTESIAN_POINT('Ctrl Pts',(-6.23975154229213,2.68067472308927,6.1138337782711));
#3825=CARTESIAN_POINT('Ctrl Pts',(-0.126244419585526,2.68067437504368,6.11383377878177));
#3826=CARTESIAN_POINT('Ctrl Pts',(5.98726270312108,2.68067402699808,6.11383377929242));
#3827=CARTESIAN_POINT('Ctrl Pts',(5.98726270363169,2.68067312306419,0.000326656585865482));
#3828=CARTESIAN_POINT('Ctrl Pts',(6.51622970153661,2.68067309294978,0.000326656630052284));
#3829=CARTESIAN_POINT('Ctrl Pts',(6.5162297020914,2.68067211080362,-6.64214746398142));
#3830=CARTESIAN_POINT('Ctrl Pts',(-0.126244418520128,2.68067248896362,-6.64214746453627));
#3831=CARTESIAN_POINT('Ctrl Pts',(-6.76871853913165,2.68067286712362,-6.64214746509111));
#3832=CARTESIAN_POINT('Ctrl Pts',(-6.76871853968645,2.68067384926978,0.000326655520361817));
#3833=CARTESIAN_POINT('Ctrl Pts',(-6.76871854024123,2.68067483141593,6.64280077613183));
#3834=CARTESIAN_POINT('Ctrl Pts',(-0.126244419629709,2.68067445325593,6.64280077668668));
#3835=CARTESIAN_POINT('Ctrl Pts',(6.51622970098182,2.68067407509593,6.64280077724152));
#3836=CARTESIAN_POINT('Ctrl Pts',(6.51622970153661,2.68067309294978,0.000326656630052284));
#3837=CARTESIAN_POINT('Ctrl Pts',(6.51622973440352,3.26841420173302,0.000326581385356197));
#3838=CARTESIAN_POINT('Ctrl Pts',(6.5162297349583,3.26841321958686,-6.64214753922612));
#3839=CARTESIAN_POINT('Ctrl Pts',(-0.126244385653224,3.26841359774686,-6.64214753978096));
#3840=CARTESIAN_POINT('Ctrl Pts',(-6.76871850626475,3.26841397590686,-6.64214754033581));
#3841=CARTESIAN_POINT('Ctrl Pts',(-6.76871850681954,3.26841495805301,0.00032658027566573));
#3842=CARTESIAN_POINT('Ctrl Pts',(-6.76871850737433,3.26841594019917,6.64280070088714));
#3843=CARTESIAN_POINT('Ctrl Pts',(-0.126244386762803,3.26841556203917,6.64280070144198));
#3844=CARTESIAN_POINT('Ctrl Pts',(6.51622973384873,3.26841518387917,6.64280070199683));
#3845=CARTESIAN_POINT('Ctrl Pts',(6.51622973440352,3.26841420173302,0.000326581385356197));
#3846=CARTESIAN_POINT('Ctrl Pts',(6.51622976727042,3.85615531051626,0.000326506140657889));
#3847=CARTESIAN_POINT('Ctrl Pts',(6.51622976782521,3.8561543283701,-6.64214761447082));
#3848=CARTESIAN_POINT('Ctrl Pts',(-0.126244352786318,3.8561547065301,-6.64214761502566));
#3849=CARTESIAN_POINT('Ctrl Pts',(-6.76871847339785,3.8561550846901,-6.64214761558051));
#3850=CARTESIAN_POINT('Ctrl Pts',(-6.76871847395264,3.85615606683625,0.000326505030967423));
#3851=CARTESIAN_POINT('Ctrl Pts',(-6.76871847450743,3.85615704898241,6.64280062564244));
#3852=CARTESIAN_POINT('Ctrl Pts',(-0.126244353895899,3.85615667082241,6.64280062619729));
#3853=CARTESIAN_POINT('Ctrl Pts',(6.51622976671563,3.85615629266241,6.64280062675213));
#3854=CARTESIAN_POINT('Ctrl Pts',(6.51622976727042,3.85615531051626,0.000326506140657889));
#3855=CARTESIAN_POINT('Ctrl Pts',(5.9872627693655,3.85615534063066,0.000326506096471087));
#3856=CARTESIAN_POINT('Ctrl Pts',(5.98726276987611,3.85615443669676,-6.11318061661009));
#3857=CARTESIAN_POINT('Ctrl Pts',(-0.126244352830501,3.85615478474236,-6.11318061712075));
#3858=CARTESIAN_POINT('Ctrl Pts',(-6.23975147553711,3.85615513278795,-6.11318061763141));
#3859=CARTESIAN_POINT('Ctrl Pts',(-6.23975147604772,3.85615603672185,0.000326505075152004));
#3860=CARTESIAN_POINT('Ctrl Pts',(-6.23975147655833,3.85615694065575,6.11383362778172));
#3861=CARTESIAN_POINT('Ctrl Pts',(-0.126244353851717,3.85615659261015,6.11383362829238));
#3862=CARTESIAN_POINT('Ctrl Pts',(5.98726276885489,3.85615624456456,6.11383362880304));
#3863=CARTESIAN_POINT('Ctrl Pts',(5.9872627693655,3.85615534063066,0.000326506096471087));
#3864=CARTESIAN_POINT('Ctrl Pts',(5.45829577146058,3.85615537074507,0.000326506052286506));
#3865=CARTESIAN_POINT('Ctrl Pts',(5.45829577192701,3.85615454502343,-5.58421361874936));
#3866=CARTESIAN_POINT('Ctrl Pts',(-0.126244352874681,3.85615486295462,-5.58421361921583));
#3867=CARTESIAN_POINT('Ctrl Pts',(-5.71078447767637,3.8561551808858,-5.58421361968231));
#3868=CARTESIAN_POINT('Ctrl Pts',(-5.7107844781428,3.85615600660744,0.000326505119338806));
#3869=CARTESIAN_POINT('Ctrl Pts',(-5.71078447860923,3.85615683232908,5.58486662992099));
#3870=CARTESIAN_POINT('Ctrl Pts',(-0.126244353807539,3.85615651439789,5.58486663038746));
#3871=CARTESIAN_POINT('Ctrl Pts',(5.45829577099415,3.85615619646671,5.58486663085393));
#3872=CARTESIAN_POINT('Ctrl Pts',(5.45829577146058,3.85615537074507,0.000326506052286506));
#3873=CARTESIAN_POINT('Ctrl Pts',(5.45829573859367,3.26841426196183,0.000326581296984814));
#3874=CARTESIAN_POINT('Ctrl Pts',(5.4582957390601,3.26841343624019,-5.58421354350466));
#3875=CARTESIAN_POINT('Ctrl Pts',(-0.126244385741585,3.26841375417138,-5.58421354397113));
#3876=CARTESIAN_POINT('Ctrl Pts',(-5.71078451054327,3.26841407210257,-5.58421354443761));
#3877=CARTESIAN_POINT('Ctrl Pts',(-5.7107845110097,3.2684148978242,0.000326580364037114));
#3878=CARTESIAN_POINT('Ctrl Pts',(-5.71078451147613,3.26841572354584,5.58486670516568));
#3879=CARTESIAN_POINT('Ctrl Pts',(-0.126244386674442,3.26841540561466,5.58486670563216));
#3880=CARTESIAN_POINT('Ctrl Pts',(5.45829573812725,3.26841508768347,5.58486670609863));
#3881=CARTESIAN_POINT('Ctrl Pts',(5.45829573859367,3.26841426196183,0.000326581296984814));
#3882=CARTESIAN_POINT('',(-5.71122524283344,3.29239621296743,0.000326594685193267));
#3883=CARTESIAN_POINT('',(5.45873628773315,3.29239667345232,0.000326578226711142));
#3884=CARTESIAN_POINT('Origin',(-0.126244477550139,3.29239644320988,0.000326586539672679));
#3885=CARTESIAN_POINT('',(5.93188100037453,3.85292515702861,0.00032650650538722));
#3886=CARTESIAN_POINT('Ctrl Pts',(5.93188100037453,3.85292515702861,0.000326506505385));
#3887=CARTESIAN_POINT('Ctrl Pts',(5.47738426149393,3.79976090232791,0.000326513273700403));
#3888=CARTESIAN_POINT('Ctrl Pts',(5.45873628773315,3.29239667345233,0.000326578226708354));
#3889=CARTESIAN_POINT('',(-0.126629403404106,3.85298794192748,-6.0583429905493));
#3890=CARTESIAN_POINT('Ctrl Pts',(5.93188100037453,3.85292515702861,0.000326506505388124));
#3891=CARTESIAN_POINT('Ctrl Pts',(5.93192812218973,3.85293059105199,-0.527163199772327));
#3892=CARTESIAN_POINT('Ctrl Pts',(5.86263577459422,3.85293603250359,-1.05491808227474));
#3893=CARTESIAN_POINT('Ctrl Pts',(5.72644413450609,3.85294129092276,-1.56447903062027));
#3894=CARTESIAN_POINT('Ctrl Pts',(5.28576269403622,3.85295830582718,-3.21328840378577));
#3895=CARTESIAN_POINT('Ctrl Pts',(4.11314241624595,3.85297321877054,-4.65340622134001));
#3896=CARTESIAN_POINT('Ctrl Pts',(2.58390279365248,3.85298119119906,-5.41833374846898));
#3897=CARTESIAN_POINT('Ctrl Pts',(1.74551996263011,3.85298556196418,-5.83769386459894));
#3898=CARTESIAN_POINT('Ctrl Pts',(0.80889546537545,3.85298789026219,-6.05840246031083));
#3899=CARTESIAN_POINT('Ctrl Pts',(-0.126629403404108,3.85298794192748,-6.0583429905493));
#3900=CARTESIAN_POINT('',(-6.18436959668584,3.85292583386155,0.000328789204003486));
#3901=CARTESIAN_POINT('Ctrl Pts',(-0.126629403404108,3.85298794192748,-6.0583429905493));
#3902=CARTESIAN_POINT('Ctrl Pts',(-0.858683467182119,3.85298798235589,-6.05829645508877));
#3903=CARTESIAN_POINT('Ctrl Pts',(-1.58933897964478,3.85298664643359,-5.92478548250436));
#3904=CARTESIAN_POINT('Ctrl Pts',(-2.27651007365413,3.85298399476,-5.66389469332066));
#3905=CARTESIAN_POINT('Ctrl Pts',(-3.82400356669875,3.85297802325209,-5.0763746387423));
#3906=CARTESIAN_POINT('Ctrl Pts',(-5.09841126726951,3.85296530003198,-3.83548911553147));
#3907=CARTESIAN_POINT('Ctrl Pts',(-5.72779191124197,3.85294958784779,-2.30749707303451));
#3908=CARTESIAN_POINT('Ctrl Pts',(-6.02880518898335,3.85294207319651,-1.57670578245445));
#3909=CARTESIAN_POINT('Ctrl Pts',(-6.18444049510076,3.85293397545421,-0.789985654458908));
#3910=CARTESIAN_POINT('Ctrl Pts',(-6.18436959668584,3.85292583386156,0.000328789204011581));
#3911=CARTESIAN_POINT('Ctrl Pts',(-6.18436959668584,3.85292583386156,0.000328789204014773));
#3912=CARTESIAN_POINT('Ctrl Pts',(-6.18421458296087,3.8529080329191,1.72828823599593));
#3913=CARTESIAN_POINT('Ctrl Pts',(-5.40414064904642,3.85289039275051,3.43743671176925));
#3914=CARTESIAN_POINT('Ctrl Pts',(-4.10360961791246,3.85287866996941,4.56940983700651));
#3915=CARTESIAN_POINT('Ctrl Pts',(-2.8540010611884,3.85286740619545,5.65706039621294));
#3916=CARTESIAN_POINT('Ctrl Pts',(-1.13450159545687,3.8528617360534,6.19897133279245));
#3917=CARTESIAN_POINT('Ctrl Pts',(0.513217759425395,3.85286344347982,6.02407006274776));
#3918=CARTESIAN_POINT('Ctrl Pts',(2.21541080310641,3.85286520735384,5.84338654748838));
#3919=CARTESIAN_POINT('Ctrl Pts',(3.82556872856802,3.85287482611654,4.89966070147361));
#3920=CARTESIAN_POINT('Ctrl Pts',(4.81500658010918,3.85288913029166,3.50477238937372));
#3921=CARTESIAN_POINT('Ctrl Pts',(5.53462128607501,3.85289953366844,2.49027497449978));
#3922=CARTESIAN_POINT('Ctrl Pts',(5.93176979874014,3.85291233340801,1.24513673304944));
#3923=CARTESIAN_POINT('Ctrl Pts',(5.93188100037453,3.85292515702861,0.000326506505388124));
#3924=CARTESIAN_POINT('Origin',(-0.126244477550139,3.29239644320988,0.000326586539672679));
#3925=CARTESIAN_POINT('Origin',(-0.126249236171377,26.1296403133032,0.000325917198241436));
#3926=CARTESIAN_POINT('',(-5.79884656029131,25.9050547326111,0.000321453234807002));
#3927=CARTESIAN_POINT('',(5.54636022951367,25.9050540372736,0.000325854929786238));
#3928=CARTESIAN_POINT('Origin',(-0.126243165388792,25.9050543849423,0.000323571945388705));
#3929=CARTESIAN_POINT('',(5.69920532108743,26.1364735771469,0.000325676439499711));
#3930=CARTESIAN_POINT('',(5.69468553008023,26.1296302541321,0.000325680931003773));
#3931=CARTESIAN_POINT('',(-4.97011337661559,26.1372333541031,-3.23674440173935));
#3932=CARTESIAN_POINT('Ctrl Pts',(5.69920532108745,26.1364735771469,0.000325676439498768));
#3933=CARTESIAN_POINT('Ctrl Pts',(5.69920780602283,26.136477274557,-0.0942958526734101));
#3934=CARTESIAN_POINT('Ctrl Pts',(5.69699567403148,26.1364809828153,-0.185856268003175));
#3935=CARTESIAN_POINT('Ctrl Pts',(5.69246870527844,26.1364849249221,-0.279908206716676));
#3936=CARTESIAN_POINT('Ctrl Pts',(5.64161005318831,26.1365292128883,-1.33654347202967));
#3937=CARTESIAN_POINT('Ctrl Pts',(5.26776860559733,26.1365949469458,-2.4545102075827));
#3938=CARTESIAN_POINT('Ctrl Pts',(4.64264297449219,26.1366668026416,-3.34557904153302));
#3939=CARTESIAN_POINT('Ctrl Pts',(4.14282267848751,26.1367242549893,-4.05803469234074));
#3940=CARTESIAN_POINT('Ctrl Pts',(3.51853579324559,26.1367836047948,-4.62878745218445));
#3941=CARTESIAN_POINT('Ctrl Pts',(2.75335680660271,26.1368460939077,-5.06392589163355));
#3942=CARTESIAN_POINT('Ctrl Pts',(1.89957510720569,26.1369158188504,-5.54945051108994));
#3943=CARTESIAN_POINT('Ctrl Pts',(0.898248017194156,26.1369856201273,-5.81023297745088));
#3944=CARTESIAN_POINT('Ctrl Pts',(-0.0356398658963583,26.1370417827371,
-5.82479557730649));
#3945=CARTESIAN_POINT('Ctrl Pts',(-0.834582481280149,26.137089829942,-5.83725390536287));
#3946=CARTESIAN_POINT('Ctrl Pts',(-1.67929677937691,26.1371338785957,-5.67781255985041));
#3947=CARTESIAN_POINT('Ctrl Pts',(-2.45303739070834,26.1371666726192,-5.3407632473272));
#3948=CARTESIAN_POINT('Ctrl Pts',(-3.21674814678899,26.13719904154,-5.00808304218633));
#3949=CARTESIAN_POINT('Ctrl Pts',(-3.88861088148848,26.1372197230624,-4.5185167106998));
#3950=CARTESIAN_POINT('Ctrl Pts',(-4.42580778200577,26.1372284512369,-3.93101150130919));
#3951=CARTESIAN_POINT('Ctrl Pts',(-4.62079505000014,26.1372316193171,-3.71776374131426));
#3952=CARTESIAN_POINT('Ctrl Pts',(-4.80441575281826,26.1372333187295,-3.48469034726013));
#3953=CARTESIAN_POINT('Ctrl Pts',(-4.97011337661559,26.1372333541031,-3.23674440173935));
#3954=CARTESIAN_POINT('',(-5.95214596930176,26.1371632413851,0.000321728232763697));
#3955=CARTESIAN_POINT('Ctrl Pts',(-4.97011337661559,26.1372333541031,-3.23674440173935));
#3956=CARTESIAN_POINT('Ctrl Pts',(-5.45672352820771,26.137233457986,-2.50859265537459));
#3957=CARTESIAN_POINT('Ctrl Pts',(-5.78327742100282,26.1372184176617,-1.64063186009751));
#3958=CARTESIAN_POINT('Ctrl Pts',(-5.89959000685846,26.137191155232,-0.780589640571204));
#3959=CARTESIAN_POINT('Ctrl Pts',(-5.93517756691668,26.1371828138874,-0.51744697277782));
#3960=CARTESIAN_POINT('Ctrl Pts',(-5.95215262981665,26.1371734128085,-0.255549282367238));
#3961=CARTESIAN_POINT('Ctrl Pts',(-5.95214596930175,26.1371632413851,0.00032172823276902));
#3962=CARTESIAN_POINT('Ctrl Pts',(-5.95214596930175,26.1371632413851,0.000321728232770546));
#3963=CARTESIAN_POINT('Ctrl Pts',(-5.95212590569444,26.1371326017949,0.771087285897194));
#3964=CARTESIAN_POINT('Ctrl Pts',(-5.78891017198619,26.1370901237906,1.59548318289785));
#3965=CARTESIAN_POINT('Ctrl Pts',(-5.45955768447219,26.1370408299053,2.3446690582214));
#3966=CARTESIAN_POINT('Ctrl Pts',(-5.15019445437203,26.1369945277939,3.04838489800435));
#3967=CARTESIAN_POINT('Ctrl Pts',(-4.70084190948541,26.1369428236938,3.68033617094006));
#3968=CARTESIAN_POINT('Ctrl Pts',(-4.17768000520647,26.1368918091957,4.18660017642879));
#3969=CARTESIAN_POINT('Ctrl Pts',(-3.36825030953341,26.1368128801886,4.9698856498957));
#3970=CARTESIAN_POINT('Ctrl Pts',(-2.23114264363534,26.1367225599398,5.55672458965101));
#3971=CARTESIAN_POINT('Ctrl Pts',(-1.07788721752951,26.1366470921723,5.74763117633896));
#3972=CARTESIAN_POINT('Ctrl Pts',(-0.23981475113466,26.1365922496312,5.88636328228434));
#3973=CARTESIAN_POINT('Ctrl Pts',(0.585674867983141,26.1365452938931,5.84583366775848));
#3974=CARTESIAN_POINT('Ctrl Pts',(1.41546718351254,26.1365054642156,5.61808233720043));
#3975=CARTESIAN_POINT('Ctrl Pts',(2.32722869369021,26.1364617000517,5.36783309626585));
#3976=CARTESIAN_POINT('Ctrl Pts',(3.18938799181927,26.1364304124582,4.87478968925628));
#3977=CARTESIAN_POINT('Ctrl Pts',(3.85042802671767,26.1364157706475,4.25725729454247));
#3978=CARTESIAN_POINT('Ctrl Pts',(4.46167734066064,26.1364022316842,3.68623854729763));
#3979=CARTESIAN_POINT('Ctrl Pts',(4.96867755260236,26.1364009339897,2.95807895250761));
#3980=CARTESIAN_POINT('Ctrl Pts',(5.29145348852411,26.1364138873011,2.14133990481567));
#3981=CARTESIAN_POINT('Ctrl Pts',(5.56526458210109,26.136424875606,1.44849949471216));
#3982=CARTESIAN_POINT('Ctrl Pts',(5.69918651377464,26.1364455931803,0.716471741794711));
#3983=CARTESIAN_POINT('Ctrl Pts',(5.69920532108745,26.1364735771469,0.000325676439498768));
#3984=CARTESIAN_POINT('Origin',(-0.126243165388792,25.9050543849423,0.000323571945388705));
#3985=CARTESIAN_POINT('Ctrl Pts',(-5.69444501082287,3.47487087980384,0.000326562140145415));
#3986=CARTESIAN_POINT('Ctrl Pts',(-5.69444501894387,3.47486971143383,-5.56787396682871));
#3987=CARTESIAN_POINT('Ctrl Pts',(-0.126244489974915,3.47486994098451,-5.56787397494975));
#3988=CARTESIAN_POINT('Ctrl Pts',(5.44195603899404,3.47487017053519,-5.56787398307079));
#3989=CARTESIAN_POINT('Ctrl Pts',(5.44195604711505,3.4748713389052,0.000326545898059749));
#3990=CARTESIAN_POINT('Ctrl Pts',(5.44195605523607,3.4748725072752,5.56852707486691));
#3991=CARTESIAN_POINT('Ctrl Pts',(-0.126244473732894,3.47487227772452,5.56852708298796));
#3992=CARTESIAN_POINT('Ctrl Pts',(-5.69444500270185,3.47487204817384,5.568527091109));
#3993=CARTESIAN_POINT('Ctrl Pts',(-5.69444501082287,3.47487087980384,0.000326562140145415));
#3994=CARTESIAN_POINT('Ctrl Pts',(-5.69444503210308,4.37712772019269,0.000326401340231935));
#3995=CARTESIAN_POINT('Ctrl Pts',(-5.6944450402241,4.37712655182268,-5.56787412762862));
#3996=CARTESIAN_POINT('Ctrl Pts',(-0.126244511255135,4.37712678137336,-5.56787413574966));
#3997=CARTESIAN_POINT('Ctrl Pts',(5.44195601771382,4.37712701092404,-5.5678741438707));
#3998=CARTESIAN_POINT('Ctrl Pts',(5.44195602583483,4.37712817929404,0.00032638509814849));
#3999=CARTESIAN_POINT('Ctrl Pts',(5.44195603395585,4.37712934766405,5.568526914067));
#4000=CARTESIAN_POINT('Ctrl Pts',(-0.126244495013116,4.37712911811337,5.56852692218804));
#4001=CARTESIAN_POINT('Ctrl Pts',(-5.69444502398207,4.37712888856269,5.56852693030908));
#4002=CARTESIAN_POINT('Ctrl Pts',(-5.69444503210308,4.37712772019269,0.000326401340231935));
#4003=CARTESIAN_POINT('Ctrl Pts',(-6.50647618845307,4.37712768671647,0.00032640252455348));
#4004=CARTESIAN_POINT('Ctrl Pts',(-6.50647619775839,4.37712634795877,-6.37990528279426));
#4005=CARTESIAN_POINT('Ctrl Pts',(-0.126244512439452,4.37712661098567,-6.37990529209962));
#4006=CARTESIAN_POINT('Ctrl Pts',(6.25398717287948,4.37712687401256,-6.37990530140499));
#4007=CARTESIAN_POINT('Ctrl Pts',(6.25398718218481,4.37712821277026,0.000326383913826944));
#4008=CARTESIAN_POINT('Ctrl Pts',(6.25398719149015,4.37712955152796,6.38055806923265));
#4009=CARTESIAN_POINT('Ctrl Pts',(-0.126244493828799,4.37712928850107,6.38055807853801));
#4010=CARTESIAN_POINT('Ctrl Pts',(-6.50647617914774,4.37712902547417,6.38055808784337));
#4011=CARTESIAN_POINT('Ctrl Pts',(-6.50647618845307,4.37712768671647,0.00032640252455348));
#4012=CARTESIAN_POINT('Ctrl Pts',(-7.31850734480304,4.37712765324025,0.000326403708875025));
#4013=CARTESIAN_POINT('Ctrl Pts',(-7.31850735529268,4.37712614409485,-7.1919364379599));
#4014=CARTESIAN_POINT('Ctrl Pts',(-0.126244513623769,4.37712644059797,-7.19193644844959));
#4015=CARTESIAN_POINT('Ctrl Pts',(7.06601832804515,4.37712673710109,-7.19193645893927));
#4016=CARTESIAN_POINT('Ctrl Pts',(7.0660183385348,4.37712824624648,0.000326382729505399));
#4017=CARTESIAN_POINT('Ctrl Pts',(7.06601834902444,4.37712975539187,7.19258922439828));
#4018=CARTESIAN_POINT('Ctrl Pts',(-0.126244492644483,4.37712945888876,7.19258923488797));
#4019=CARTESIAN_POINT('Ctrl Pts',(-7.3185073343134,4.37712916238564,7.19258924537765));
#4020=CARTESIAN_POINT('Ctrl Pts',(-7.31850734480304,4.37712765324025,0.000326403708875025));
#4021=CARTESIAN_POINT('Ctrl Pts',(-7.31850732352282,3.4748708128514,0.000326564508786285));
#4022=CARTESIAN_POINT('Ctrl Pts',(-7.31850733401246,3.47486930370601,-7.19193627715999));
#4023=CARTESIAN_POINT('Ctrl Pts',(-0.126244492343547,3.47486960020912,-7.19193628764968));
#4024=CARTESIAN_POINT('Ctrl Pts',(7.06601834932536,3.47486989671224,-7.19193629813936));
#4025=CARTESIAN_POINT('Ctrl Pts',(7.06601835981501,3.47487140585763,0.000326543529418879));
#4026=CARTESIAN_POINT('Ctrl Pts',(7.06601837030466,3.47487291500303,7.1925893851982));
#4027=CARTESIAN_POINT('Ctrl Pts',(-0.126244471364261,3.47487261849991,7.19258939568788));
#4028=CARTESIAN_POINT('Ctrl Pts',(-7.31850731303317,3.47487232199679,7.19258940617756));
#4029=CARTESIAN_POINT('Ctrl Pts',(-7.31850732352282,3.4748708128514,0.000326564508786285));
#4030=CARTESIAN_POINT('Ctrl Pts',(-7.3185073022426,2.57261397246255,0.000326725308699765));
#4031=CARTESIAN_POINT('Ctrl Pts',(-7.31850731273224,2.57261246331716,-7.19193611636008));
#4032=CARTESIAN_POINT('Ctrl Pts',(-0.126244471063325,2.57261275982027,-7.19193612684976));
#4033=CARTESIAN_POINT('Ctrl Pts',(7.06601837060559,2.57261305632339,-7.19193613733945));
#4034=CARTESIAN_POINT('Ctrl Pts',(7.06601838109524,2.57261456546878,0.000326704329330139));
#4035=CARTESIAN_POINT('Ctrl Pts',(7.06601839158488,2.57261607461418,7.19258954599811));
#4036=CARTESIAN_POINT('Ctrl Pts',(-0.126244450084039,2.57261577811106,7.19258955648779));
#4037=CARTESIAN_POINT('Ctrl Pts',(-7.31850729175295,2.57261548160794,7.19258956697747));
#4038=CARTESIAN_POINT('Ctrl Pts',(-7.3185073022426,2.57261397246255,0.000326725308699765));
#4039=CARTESIAN_POINT('Ctrl Pts',(-6.50647614589262,2.57261400593877,0.000326724124375999));
#4040=CARTESIAN_POINT('Ctrl Pts',(-6.50647615519795,2.57261266718107,-6.37990496119444));
#4041=CARTESIAN_POINT('Ctrl Pts',(-0.12624446987901,2.57261293020797,-6.3799049704998));
#4042=CARTESIAN_POINT('Ctrl Pts',(6.25398721543993,2.57261319323487,-6.37990497980516));
#4043=CARTESIAN_POINT('Ctrl Pts',(6.25398722474526,2.57261453199257,0.000326705513651684));
#4044=CARTESIAN_POINT('Ctrl Pts',(6.25398723405058,2.57261587075027,6.38055839083247));
#4045=CARTESIAN_POINT('Ctrl Pts',(-0.126244451268353,2.57261560772337,6.38055840013783));
#4046=CARTESIAN_POINT('Ctrl Pts',(-6.50647613658729,2.57261534469647,6.38055840944319));
#4047=CARTESIAN_POINT('Ctrl Pts',(-6.50647614589262,2.57261400593877,0.000326724124375999));
#4048=CARTESIAN_POINT('Ctrl Pts',(-5.69444498954264,2.57261403941499,0.000326722940054454));
#4049=CARTESIAN_POINT('Ctrl Pts',(-5.69444499766365,2.57261287104498,-5.56787380602879));
#4050=CARTESIAN_POINT('Ctrl Pts',(-0.126244468694691,2.57261310059566,-5.56787381414984));
#4051=CARTESIAN_POINT('Ctrl Pts',(5.44195606027427,2.57261333014634,-5.56787382227088));
#4052=CARTESIAN_POINT('Ctrl Pts',(5.44195606839528,2.57261449851635,0.000326706697973229));
#4053=CARTESIAN_POINT('Ctrl Pts',(5.44195607651629,2.57261566688635,5.56852723566682));
#4054=CARTESIAN_POINT('Ctrl Pts',(-0.126244452452675,2.57261543733567,5.56852724378787));
#4055=CARTESIAN_POINT('Ctrl Pts',(-5.69444498142163,2.572615207785,5.56852725190891));
#4056=CARTESIAN_POINT('Ctrl Pts',(-5.69444498954264,2.57261403941499,0.000326722940054454));
#4057=CARTESIAN_POINT('Ctrl Pts',(-5.69444501082287,3.47487087980384,0.000326562140145415));
#4058=CARTESIAN_POINT('Ctrl Pts',(-5.69444501894387,3.47486971143383,-5.56787396682871));
#4059=CARTESIAN_POINT('Ctrl Pts',(-0.126244489974915,3.47486994098451,-5.56787397494975));
#4060=CARTESIAN_POINT('Ctrl Pts',(5.44195603899404,3.47487017053519,-5.56787398307079));
#4061=CARTESIAN_POINT('Ctrl Pts',(5.44195604711505,3.4748713389052,0.000326545898059749));
#4062=CARTESIAN_POINT('Ctrl Pts',(5.44195605523607,3.4748725072752,5.56852707486691));
#4063=CARTESIAN_POINT('Ctrl Pts',(-0.126244473732894,3.47487227772452,5.56852708298796));
#4064=CARTESIAN_POINT('Ctrl Pts',(-5.69444500270185,3.47487204817384,5.568527091109));
#4065=CARTESIAN_POINT('Ctrl Pts',(-5.69444501082287,3.47487087980384,0.000326562140145415));
#4066=CARTESIAN_POINT('',(-5.95286157678238,2.8148058691459,0.000326680153598079));
#4067=CARTESIAN_POINT('Ctrl Pts',(-5.95286157678433,2.81480586914357,0.000325635804215341));
#4068=CARTESIAN_POINT('Ctrl Pts',(-5.93198865027486,2.8364190736736,0.000325720493175358));
#4069=CARTESIAN_POINT('Ctrl Pts',(-5.91212454558184,2.8592778895645,0.000325803866764631));
#4070=CARTESIAN_POINT('Ctrl Pts',(-5.89343130665489,2.88318921817945,0.000325886076931857));
#4071=CARTESIAN_POINT('Ctrl Pts',(-5.87459052461896,2.90728927555231,0.000325968935972384));
#4072=CARTESIAN_POINT('Ctrl Pts',(-5.85693970698778,2.93245773054031,0.000326050613799137));
#4073=CARTESIAN_POINT('Ctrl Pts',(-5.84060283893853,2.95846433729238,0.000326131302889511));
#4074=CARTESIAN_POINT('Ctrl Pts',(-5.82400773310064,2.98488203193459,0.000326213267436858));
#4075=CARTESIAN_POINT('Ctrl Pts',(-5.80876881369571,3.01216362541343,0.000326294212569185));
#4076=CARTESIAN_POINT('Ctrl Pts',(-5.79496582695408,3.04004772551752,0.000326374366757285));
#4077=CARTESIAN_POINT('Ctrl Pts',(-5.7810673137486,3.0681248033829,0.00032645507566925));
#4078=CARTESIAN_POINT('Ctrl Pts',(-5.76862467997087,3.09681170618951,0.000326534983620995));
#4079=CARTESIAN_POINT('Ctrl Pts',(-5.7576660783517,3.12583682726248,0.000326614336939176));
#4080=CARTESIAN_POINT('Ctrl Pts',(-5.74656323936984,3.15524397763632,0.000326694734707528));
#4081=CARTESIAN_POINT('Ctrl Pts',(-5.73698351715259,3.18499729932634,0.000326774564119328));
#4082=CARTESIAN_POINT('Ctrl Pts',(-5.72890341913868,3.21482522727262,0.000326854079888764));
#4083=CARTESIAN_POINT('Ctrl Pts',(-5.72189950638757,3.24068038453955,0.00032692300498231));
#4084=CARTESIAN_POINT('Ctrl Pts',(-5.71602128049383,3.26659148846854,0.000326991694694235));
#4085=CARTESIAN_POINT('Ctrl Pts',(-5.7112252428334,3.29239621296753,0.000327060306085893));
#4086=CARTESIAN_POINT('',(-5.95034234520937,2.81480564408939,-0.171000437842003));
#4087=CARTESIAN_POINT('Ctrl Pts',(-5.95286157678438,2.81480586914352,0.000325635804261371));
#4088=CARTESIAN_POINT('Ctrl Pts',(-5.95286168116749,2.81480573855152,-0.0568109081970161));
#4089=CARTESIAN_POINT('Ctrl Pts',(-5.95202090633249,2.81480566355668,-0.113939142259759));
#4090=CARTESIAN_POINT('Ctrl Pts',(-5.95034234520937,2.81480564408939,-0.171000437842006));
#4091=CARTESIAN_POINT('Ctrl Pts',(-5.95034234520937,2.81480564408939,-0.171000437842005));
#4092=CARTESIAN_POINT('Ctrl Pts',(-5.90415027398764,2.8148051083719,-1.74126165337937));
#4093=CARTESIAN_POINT('Ctrl Pts',(-5.19475023958126,2.8148485500953,-3.27400105960236));
#4094=CARTESIAN_POINT('Ctrl Pts',(-4.02984415839646,2.81492287152164,-4.32518492645867));
#4095=CARTESIAN_POINT('Ctrl Pts',(-2.74625625330909,2.81500476489096,-5.48346448162022));
#4096=CARTESIAN_POINT('Ctrl Pts',(-0.929728418807346,2.81512274191299,-6.02259837611387));
#4097=CARTESIAN_POINT('Ctrl Pts',(0.774431279194373,2.81523449094359,-5.75583693659353));
#4098=CARTESIAN_POINT('Ctrl Pts',(2.44170182801966,2.81534382099511,-5.49484995738259));
#4099=CARTESIAN_POINT('Ctrl Pts',(3.97841626971093,2.81544572536641,-4.46553297352353));
#4100=CARTESIAN_POINT('Ctrl Pts',(4.85422991096641,2.81550559639382,-3.02233348747922));
#4101=CARTESIAN_POINT('Ctrl Pts',(5.72348925367846,2.81556501936633,-1.58993442728318));
#4102=CARTESIAN_POINT('Ctrl Pts',(5.93147049650685,2.81558248980437,0.236511702575122));
#4103=CARTESIAN_POINT('Ctrl Pts',(5.40540343143849,2.81555208982333,1.82842971222846));
#4104=CARTESIAN_POINT('Ctrl Pts',(4.88734275830286,2.81552215250984,3.39611978526233));
#4105=CARTESIAN_POINT('Ctrl Pts',(3.6714144045591,2.81544657253798,4.71824624444345));
#4106=CARTESIAN_POINT('Ctrl Pts',(2.14782074543478,2.81534900492084,5.36428080415334));
#4107=CARTESIAN_POINT('Ctrl Pts',(0.663660511358334,2.81525396253429,5.99359479323332));
#4108=CARTESIAN_POINT('Ctrl Pts',(-1.07544073262536,2.81514034019799,5.97068163757337));
#4109=CARTESIAN_POINT('Ctrl Pts',(-2.54280818772959,2.81504253075449,5.30193383254397));
#4110=CARTESIAN_POINT('Ctrl Pts',(-4.10430179759534,2.81493844719964,4.5902883476092));
#4111=CARTESIAN_POINT('Ctrl Pts',(-5.3126836974643,2.81485538133751,3.15883959542235));
#4112=CARTESIAN_POINT('Ctrl Pts',(-5.75486370058845,2.8148223939608,1.50629152809914));
#4113=CARTESIAN_POINT('Ctrl Pts',(-5.88603827517592,2.8148126081155,1.0160561303315));
#4114=CARTESIAN_POINT('Ctrl Pts',(-5.95286055471391,2.81480703359441,0.509792953771679));
#4115=CARTESIAN_POINT('Ctrl Pts',(-5.95286157678238,2.8148058691459,0.00032668015359727));
#4116=CARTESIAN_POINT('Ctrl Pts',(-6.90440135833857,20.6747064813101,0.000324345851329047));
#4117=CARTESIAN_POINT('Ctrl Pts',(-6.90440136034741,20.6747055341238,-6.7778334059512));
#4118=CARTESIAN_POINT('Ctrl Pts',(-0.126243608544828,20.6747053121504,-6.77783340796001));
#4119=CARTESIAN_POINT('Ctrl Pts',(6.65191414325775,20.6747050901771,-6.77783340996882));
#4120=CARTESIAN_POINT('Ctrl Pts',(6.6519141452666,20.6747060373634,0.000324341833705083));
#4121=CARTESIAN_POINT('Ctrl Pts',(6.65191414727545,20.6747069845497,6.77848209363623));
#4122=CARTESIAN_POINT('Ctrl Pts',(-0.126243604527138,20.674707206523,6.77848209564504));
#4123=CARTESIAN_POINT('Ctrl Pts',(-6.90440135632972,20.6747074284964,6.77848209765385));
#4124=CARTESIAN_POINT('Ctrl Pts',(-6.90440135833857,20.6747064813101,0.000324345851329047));
#4125=CARTESIAN_POINT('Ctrl Pts',(-6.48575556122667,20.7774352326084,0.000324333251017583));
#4126=CARTESIAN_POINT('Ctrl Pts',(-6.48575556311144,20.7774343439241,-6.35918762517207));
#4127=CARTESIAN_POINT('Ctrl Pts',(-0.126243604688298,20.7774341356607,-6.35918762705681));
#4128=CARTESIAN_POINT('Ctrl Pts',(6.23326835373484,20.7774339273974,-6.35918762894154));
#4129=CARTESIAN_POINT('Ctrl Pts',(6.23326835561961,20.7774348160817,0.000324329481538984));
#4130=CARTESIAN_POINT('Ctrl Pts',(6.23326835750437,20.777435704766,6.35983628790462));
#4131=CARTESIAN_POINT('Ctrl Pts',(-0.126243600918759,20.7774359130294,6.35983628978936));
#4132=CARTESIAN_POINT('Ctrl Pts',(-6.48575555934189,20.7774361212928,6.3598362916741));
#4133=CARTESIAN_POINT('Ctrl Pts',(-6.48575556122667,20.7774352326084,0.000324333251017583));
#4134=CARTESIAN_POINT('Ctrl Pts',(-6.48575554391866,21.2538057591532,0.000324275396602413));
#4135=CARTESIAN_POINT('Ctrl Pts',(-6.48575554580343,21.2538048704689,-6.35918768302648));
#4136=CARTESIAN_POINT('Ctrl Pts',(-0.126243587380289,21.2538046622055,-6.35918768491122));
#4137=CARTESIAN_POINT('Ctrl Pts',(6.23326837104285,21.2538044539421,-6.35918768679596));
#4138=CARTESIAN_POINT('Ctrl Pts',(6.23326837292762,21.2538053426264,0.000324271627127381));
#4139=CARTESIAN_POINT('Ctrl Pts',(6.23326837481239,21.2538062313108,6.35983623005021));
#4140=CARTESIAN_POINT('Ctrl Pts',(-0.126243583610749,21.2538064395742,6.35983623193495));
#4141=CARTESIAN_POINT('Ctrl Pts',(-6.48575554203389,21.2538066478375,6.35983623381969));
#4142=CARTESIAN_POINT('Ctrl Pts',(-6.48575554391866,21.2538057591532,0.000324275396602413));
#4143=CARTESIAN_POINT('Ctrl Pts',(-6.4857555223712,21.8468590154412,0.000324203371264282));
#4144=CARTESIAN_POINT('Ctrl Pts',(-6.48575552425597,21.8468581267568,-6.35918775505182));
#4145=CARTESIAN_POINT('Ctrl Pts',(-0.126243565832836,21.8468579184935,-6.35918775693656));
#4146=CARTESIAN_POINT('Ctrl Pts',(6.2332683925903,21.8468577102301,-6.3591877588213));
#4147=CARTESIAN_POINT('Ctrl Pts',(6.23326839447506,21.8468585989144,0.00032419960178703));
#4148=CARTESIAN_POINT('Ctrl Pts',(6.23326839635984,21.8468594875988,6.35983615802487));
#4149=CARTESIAN_POINT('Ctrl Pts',(-0.126243562063297,21.8468596958621,6.35983615990961));
#4150=CARTESIAN_POINT('Ctrl Pts',(-6.48575552048643,21.8468599041255,6.35983616179435));
#4151=CARTESIAN_POINT('Ctrl Pts',(-6.4857555223712,21.8468590154412,0.000324203371264282));
#4152=CARTESIAN_POINT('Ctrl Pts',(-7.01950345303039,21.8468590329205,0.000324203529451138));
#4153=CARTESIAN_POINT('Ctrl Pts',(-7.01950345507334,21.8468580696497,-6.89293568555281));
#4154=CARTESIAN_POINT('Ctrl Pts',(-0.126243565991023,21.846857843907,-6.89293568759573));
#4155=CARTESIAN_POINT('Ctrl Pts',(6.76701632309129,21.8468576181643,-6.89293568963866));
#4156=CARTESIAN_POINT('Ctrl Pts',(6.76701632513425,21.8468585814351,0.000324199443602394));
#4157=CARTESIAN_POINT('Ctrl Pts',(6.76701632717721,21.8468595447059,6.89358408852586));
#4158=CARTESIAN_POINT('Ctrl Pts',(-0.126243561905106,21.8468597704486,6.89358409056879));
#4159=CARTESIAN_POINT('Ctrl Pts',(-7.01950345098743,21.8468599961913,6.89358409261171));
#4160=CARTESIAN_POINT('Ctrl Pts',(-7.01950345303039,21.8468590329205,0.000324203529451138));
#4161=CARTESIAN_POINT('Ctrl Pts',(-7.55325138368956,21.8468590503999,0.000324203687635774));
#4162=CARTESIAN_POINT('Ctrl Pts',(-7.55325138589071,21.8468580125426,-7.4266836160538));
#4163=CARTESIAN_POINT('Ctrl Pts',(-0.126243566149212,21.8468577693206,-7.42668361825491));
#4164=CARTESIAN_POINT('Ctrl Pts',(7.30076425359228,21.8468575260985,-7.42668362045602));
#4165=CARTESIAN_POINT('Ctrl Pts',(7.30076425579343,21.8468585639557,0.000324199285417758));
#4166=CARTESIAN_POINT('Ctrl Pts',(7.30076425799458,21.846859601813,7.42733201902685));
#4167=CARTESIAN_POINT('Ctrl Pts',(-0.12624356174692,21.846859845035,7.42733202122796));
#4168=CARTESIAN_POINT('Ctrl Pts',(-7.55325138148842,21.8468600882571,7.42733202342907));
#4169=CARTESIAN_POINT('Ctrl Pts',(-7.55325138368956,21.8468590503999,0.000324203687635774));
#4170=CARTESIAN_POINT('Ctrl Pts',(-7.55325140523702,21.2538057941119,0.000324275712973904));
#4171=CARTESIAN_POINT('Ctrl Pts',(-7.55325140743816,21.2538047562547,-7.42668354402846));
#4172=CARTESIAN_POINT('Ctrl Pts',(-0.126243587696665,21.2538045130326,-7.42668354622957));
#4173=CARTESIAN_POINT('Ctrl Pts',(7.30076423204483,21.2538042698105,-7.42668354843068));
#4174=CARTESIAN_POINT('Ctrl Pts',(7.30076423424598,21.2538053076677,0.000324271310755889));
#4175=CARTESIAN_POINT('Ctrl Pts',(7.30076423644713,21.253806345525,7.42733209105219));
#4176=CARTESIAN_POINT('Ctrl Pts',(-0.126243583294373,21.2538065887471,7.4273320932533));
#4177=CARTESIAN_POINT('Ctrl Pts',(-7.55325140303587,21.2538068319691,7.42733209545441));
#4178=CARTESIAN_POINT('Ctrl Pts',(-7.55325140523702,21.2538057941119,0.000324275712973904));
#4179=CARTESIAN_POINT('Ctrl Pts',(-7.55325142678447,20.6607525378239,0.000324347738309815));
#4180=CARTESIAN_POINT('Ctrl Pts',(-7.55325142898561,20.6607514999667,-7.42668347200312));
#4181=CARTESIAN_POINT('Ctrl Pts',(-0.126243609244119,20.6607512567446,-7.42668347420423));
#4182=CARTESIAN_POINT('Ctrl Pts',(7.30076421049738,20.6607510135225,-7.42668347640534));
#4183=CARTESIAN_POINT('Ctrl Pts',(7.30076421269853,20.6607520513798,0.00032434333609402));
#4184=CARTESIAN_POINT('Ctrl Pts',(7.30076421489967,20.660753089237,7.42733216307753));
#4185=CARTESIAN_POINT('Ctrl Pts',(-0.126243604841827,20.6607533324591,7.42733216527864));
#4186=CARTESIAN_POINT('Ctrl Pts',(-7.55325142458332,20.6607535756812,7.42733216747975));
#4187=CARTESIAN_POINT('Ctrl Pts',(-7.55325142678447,20.6607525378239,0.000324347738309815));
#4188=CARTESIAN_POINT('Ctrl Pts',(-7.01950349612529,20.6607525203446,0.000324347580127399));
#4189=CARTESIAN_POINT('Ctrl Pts',(-7.01950349816825,20.6607515570738,-6.89293554150213));
#4190=CARTESIAN_POINT('Ctrl Pts',(-0.126243609085932,20.6607513313311,-6.89293554354506));
#4191=CARTESIAN_POINT('Ctrl Pts',(6.76701627999638,20.6607511055883,-6.89293554558798));
#4192=CARTESIAN_POINT('Ctrl Pts',(6.76701628203934,20.6607520688591,0.000324343494278655));
#4193=CARTESIAN_POINT('Ctrl Pts',(6.7670162840823,20.6607530321299,6.89358423257654));
#4194=CARTESIAN_POINT('Ctrl Pts',(-0.126243605000016,20.6607532578726,6.89358423461946));
#4195=CARTESIAN_POINT('Ctrl Pts',(-7.01950349408233,20.6607534836154,6.89358423666238));
#4196=CARTESIAN_POINT('Ctrl Pts',(-7.01950349612529,20.6607525203446,0.000324347580127399));
#4197=CARTESIAN_POINT('Ctrl Pts',(-6.9612673071197,20.6607525184374,0.000324347562868184));
#4198=CARTESIAN_POINT('Ctrl Pts',(-6.9612673091454,20.6607515633046,-6.8346993525138));
#4199=CARTESIAN_POINT('Ctrl Pts',(-0.126243609068672,20.660751339469,-6.83469935453947));
#4200=CARTESIAN_POINT('Ctrl Pts',(6.70878009100805,20.6607511156334,-6.83469935656513));
#4201=CARTESIAN_POINT('Ctrl Pts',(6.70878009303376,20.6607520707663,0.00032434351153787));
#4202=CARTESIAN_POINT('Ctrl Pts',(6.70878009505946,20.6607530258991,6.83534804358821));
#4203=CARTESIAN_POINT('Ctrl Pts',(-0.126243605017275,20.6607532497347,6.83534804561388));
#4204=CARTESIAN_POINT('Ctrl Pts',(-6.961267305094,20.6607534735702,6.83534804763954));
#4205=CARTESIAN_POINT('Ctrl Pts',(-6.9612673071197,20.6607525184374,0.000324347562868184));
#4206=CARTESIAN_POINT('Ctrl Pts',(-6.90440135833857,20.6747064813101,0.000324345851329047));
#4207=CARTESIAN_POINT('Ctrl Pts',(-6.90440136034741,20.6747055341238,-6.7778334059512));
#4208=CARTESIAN_POINT('Ctrl Pts',(-0.126243608544828,20.6747053121504,-6.77783340796001));
#4209=CARTESIAN_POINT('Ctrl Pts',(6.65191414325775,20.6747050901771,-6.77783340996882));
#4210=CARTESIAN_POINT('Ctrl Pts',(6.6519141452666,20.6747060373634,0.000324341833705083));
#4211=CARTESIAN_POINT('Ctrl Pts',(6.65191414727545,20.6747069845497,6.77848209363623));
#4212=CARTESIAN_POINT('Ctrl Pts',(-0.126243604527138,20.674707206523,6.77848209564504));
#4213=CARTESIAN_POINT('Ctrl Pts',(-6.90440135632972,20.6747074284964,6.77848209765385));
#4214=CARTESIAN_POINT('Ctrl Pts',(-6.90440135833857,20.6747064813101,0.000324345851329047));
#4215=CARTESIAN_POINT('',(-6.48596191580494,21.2702959052809,0.000324273393961758));
#4216=CARTESIAN_POINT('Ctrl Pts',(-6.90320557706927,20.6750015055747,0.000324345815144443));
#4217=CARTESIAN_POINT('Ctrl Pts',(-6.48575556118603,20.7785537745703,0.000324333115172506));
#4218=CARTESIAN_POINT('Ctrl Pts',(-6.48575554391866,21.2538057591532,0.000324275396602413));
#4219=CARTESIAN_POINT('Ctrl Pts',(-6.48575554361903,21.2620524264918,0.00032427439505829));
#4220=CARTESIAN_POINT('Ctrl Pts',(-6.48596191580493,21.270295905281,0.000324273393962574));
#4221=CARTESIAN_POINT('Ctrl Pts',(3.26105475868998,20.6755955366784,5.86729468474598));
#4222=CARTESIAN_POINT('Ctrl Pts',(1.65207880724645,20.6756037853233,6.79620102306491));
#4223=CARTESIAN_POINT('Ctrl Pts',(-0.345320968372705,20.675605845729,7.02099853233461));
#4224=CARTESIAN_POINT('Ctrl Pts',(-2.11884857467037,20.6756011070938,6.47522764376053));
#4225=CARTESIAN_POINT('Ctrl Pts',(-2.60481741083676,20.6755998086483,6.32567956647545));
#4226=CARTESIAN_POINT('Ctrl Pts',(-3.07270529998407,20.6755980307492,6.1218016459058));
#4227=CARTESIAN_POINT('Ctrl Pts',(-3.5135412746387,20.6755958056665,5.86729487239666));
#4228=CARTESIAN_POINT('',(6.23347479486288,21.2702943398774,0.000324467435909493));
#4229=CARTESIAN_POINT('Origin',(-0.126243560471037,21.2702951225792,0.000324460296572901));
#4230=CARTESIAN_POINT('Origin',(-0.126243560471037,21.2702951225792,0.000324460296572901));
#4231=CARTESIAN_POINT('Ctrl Pts',(-5.95297443579399,25.203968681265,0.000323667195558696));
#4232=CARTESIAN_POINT('Ctrl Pts',(-5.95297443490837,25.203967754268,-5.8264075615292));
#4233=CARTESIAN_POINT('Ctrl Pts',(-0.126243206183556,25.2039673971525,-5.82640756064353));
#4234=CARTESIAN_POINT('Ctrl Pts',(5.70048802254126,25.203967040037,-5.82640755975785));
#4235=CARTESIAN_POINT('Ctrl Pts',(5.70048802165564,25.203967967034,0.000323668966908087));
#4236=CARTESIAN_POINT('Ctrl Pts',(5.70048802077002,25.2039688940311,5.82705489769167));
#4237=CARTESIAN_POINT('Ctrl Pts',(-0.126243207954793,25.2039692511466,5.827054896806));
#4238=CARTESIAN_POINT('Ctrl Pts',(-5.95297443667961,25.2039696082621,5.82705489592032));
#4239=CARTESIAN_POINT('Ctrl Pts',(-5.95297443579399,25.203968681265,0.000323667195558696));
#4240=CARTESIAN_POINT('Ctrl Pts',(-5.7166868348069,25.3335720664141,0.000323649459713941));
#4241=CARTESIAN_POINT('Ctrl Pts',(-5.7166868339572,25.333571177009,-5.59011998598303));
#4242=CARTESIAN_POINT('Ctrl Pts',(-0.126243198514396,25.3335708343754,-5.59011998513328));
#4243=CARTESIAN_POINT('Ctrl Pts',(5.4642004369284,25.3335704917418,-5.59011998428351));
#4244=CARTESIAN_POINT('Ctrl Pts',(5.4642004360787,25.3335713811469,0.00032365115923283));
#4245=CARTESIAN_POINT('Ctrl Pts',(5.464200435229,25.3335722705521,5.59076728660198));
#4246=CARTESIAN_POINT('Ctrl Pts',(-0.126243200213808,25.3335726131857,5.59076728575222));
#4247=CARTESIAN_POINT('Ctrl Pts',(-5.71668683565661,25.3335729558193,5.59076728490246));
#4248=CARTESIAN_POINT('Ctrl Pts',(-5.7166868348069,25.3335720664141,0.000323649459713941));
#4249=CARTESIAN_POINT('Ctrl Pts',(-5.71668681740028,25.6263607655731,0.000323609311303417));
#4250=CARTESIAN_POINT('Ctrl Pts',(-5.71668681655057,25.6263598761679,-5.59012002613144));
#4251=CARTESIAN_POINT('Ctrl Pts',(-0.126243181107768,25.6263595335343,-5.59012002528168));
#4252=CARTESIAN_POINT('Ctrl Pts',(5.46420045433503,25.6263591909007,-5.59012002443192));
#4253=CARTESIAN_POINT('Ctrl Pts',(5.46420045348533,25.6263600803059,0.000323611010822306));
#4254=CARTESIAN_POINT('Ctrl Pts',(5.46420045263562,25.626360969711,5.59076724645357));
#4255=CARTESIAN_POINT('Ctrl Pts',(-0.12624318280718,25.6263613123446,5.59076724560381));
#4256=CARTESIAN_POINT('Ctrl Pts',(-5.71668681824998,25.6263616549782,5.59076724475405));
#4257=CARTESIAN_POINT('Ctrl Pts',(-5.71668681740028,25.6263607655731,0.000323609311303417));
#4258=CARTESIAN_POINT('Ctrl Pts',(-5.71668678939551,26.0974158399413,0.000323544718264445));
#4259=CARTESIAN_POINT('Ctrl Pts',(-5.7166867885458,26.0974149505361,-5.59012009072448));
#4260=CARTESIAN_POINT('Ctrl Pts',(-0.126243153102998,26.0974146079025,-5.59012008987473));
#4261=CARTESIAN_POINT('Ctrl Pts',(5.4642004823398,26.0974142652689,-5.59012008902497));
#4262=CARTESIAN_POINT('Ctrl Pts',(5.4642004814901,26.0974151546741,0.000323546417781113));
#4263=CARTESIAN_POINT('Ctrl Pts',(5.4642004806404,26.0974160440792,5.59076718186053));
#4264=CARTESIAN_POINT('Ctrl Pts',(-0.126243154802409,26.0974163867128,5.59076718101077));
#4265=CARTESIAN_POINT('Ctrl Pts',(-5.71668679024521,26.0974167293464,5.59076718016101));
#4266=CARTESIAN_POINT('Ctrl Pts',(-5.71668678939551,26.0974158399413,0.000323544718264445));
#4267=CARTESIAN_POINT('Ctrl Pts',(-6.1406363563269,26.0974158659248,0.000323544653822721));
#4268=CARTESIAN_POINT('Ctrl Pts',(-6.14063635541276,26.0974149090719,-6.01406965772032));
#4269=CARTESIAN_POINT('Ctrl Pts',(-0.126243153038562,26.0974145404548,-6.01406965680612));
#4270=CARTESIAN_POINT('Ctrl Pts',(5.88815004933564,26.0974141718376,-6.01406965589192));
#4271=CARTESIAN_POINT('Ctrl Pts',(5.8881500484215,26.0974151286905,0.000323546482220616));
#4272=CARTESIAN_POINT('Ctrl Pts',(5.88815004750736,26.0974160855435,6.01471674885637));
#4273=CARTESIAN_POINT('Ctrl Pts',(-0.126243154866844,26.0974164541606,6.01471674794217));
#4274=CARTESIAN_POINT('Ctrl Pts',(-6.14063635724104,26.0974168227777,6.01471674702797));
#4275=CARTESIAN_POINT('Ctrl Pts',(-6.1406363563269,26.0974158659248,0.000323544653822721));
#4276=CARTESIAN_POINT('Ctrl Pts',(-6.5645859232583,26.0974158919083,0.000323544589380998));
#4277=CARTESIAN_POINT('Ctrl Pts',(-6.56458592227972,26.0974148676076,-6.43801922471615));
#4278=CARTESIAN_POINT('Ctrl Pts',(-0.126243152974123,26.097414473007,-6.43801922373751));
#4279=CARTESIAN_POINT('Ctrl Pts',(6.31209961633147,26.0974140784063,-6.43801922275887));
#4280=CARTESIAN_POINT('Ctrl Pts',(6.31209961535289,26.097415102707,0.00032354654666456));
#4281=CARTESIAN_POINT('Ctrl Pts',(6.31209961437432,26.0974161270077,6.4386663158522));
#4282=CARTESIAN_POINT('Ctrl Pts',(-0.126243154931282,26.0974165216084,6.43866631487356));
#4283=CARTESIAN_POINT('Ctrl Pts',(-6.56458592423688,26.097416916209,6.43866631389492));
#4284=CARTESIAN_POINT('Ctrl Pts',(-6.5645859232583,26.0974158919083,0.000323544589380998));
#4285=CARTESIAN_POINT('Ctrl Pts',(-6.56458595126307,25.6263608175401,0.000323609182422191));
#4286=CARTESIAN_POINT('Ctrl Pts',(-6.56458595028449,25.6263597932394,-6.43801916012311));
#4287=CARTESIAN_POINT('Ctrl Pts',(-0.126243180978894,25.6263593986388,-6.43801915914447));
#4288=CARTESIAN_POINT('Ctrl Pts',(6.3120995883267,25.6263590040381,-6.43801915816583));
#4289=CARTESIAN_POINT('Ctrl Pts',(6.31209958734812,25.6263600283388,0.000323611139703532));
#4290=CARTESIAN_POINT('Ctrl Pts',(6.31209958636955,25.6263610526395,6.43866638044524));
#4291=CARTESIAN_POINT('Ctrl Pts',(-0.126243182936052,25.6263614472401,6.4386663794666));
#4292=CARTESIAN_POINT('Ctrl Pts',(-6.56458595224165,25.6263618418408,6.43866637848796));
#4293=CARTESIAN_POINT('Ctrl Pts',(-6.56458595126307,25.6263608175401,0.000323609182422191));
#4294=CARTESIAN_POINT('Ctrl Pts',(-6.56458597926784,25.1553057431719,0.000323673775463383));
#4295=CARTESIAN_POINT('Ctrl Pts',(-6.56458597828926,25.1553047188712,-6.43801909553007));
#4296=CARTESIAN_POINT('Ctrl Pts',(-0.126243208983664,25.1553043242706,-6.43801909455143));
#4297=CARTESIAN_POINT('Ctrl Pts',(6.31209956032193,25.1553039296699,-6.43801909357279));
#4298=CARTESIAN_POINT('Ctrl Pts',(6.31209955934335,25.1553049539706,0.000323675732744724));
#4299=CARTESIAN_POINT('Ctrl Pts',(6.31209955836478,25.1553059782713,6.43866644503828));
#4300=CARTESIAN_POINT('Ctrl Pts',(-0.126243210940821,25.1553063728719,6.43866644405964));
#4301=CARTESIAN_POINT('Ctrl Pts',(-6.56458598024642,25.1553067674726,6.438666443081));
#4302=CARTESIAN_POINT('Ctrl Pts',(-6.56458597926784,25.1553057431719,0.000323673775463383));
#4303=CARTESIAN_POINT('Ctrl Pts',(-6.14063641233645,25.1553057171884,0.000323673839905107));
#4304=CARTESIAN_POINT('Ctrl Pts',(-6.14063641142231,25.1553047603355,-6.01406952853424));
#4305=CARTESIAN_POINT('Ctrl Pts',(-0.126243209048104,25.1553043917183,-6.01406952762004));
#4306=CARTESIAN_POINT('Ctrl Pts',(5.8881499933261,25.1553040231012,-6.01406952670584));
#4307=CARTESIAN_POINT('Ctrl Pts',(5.88814999241195,25.1553049799541,0.000323675668303001));
#4308=CARTESIAN_POINT('Ctrl Pts',(5.88814999149781,25.155305936807,6.01471687804245));
#4309=CARTESIAN_POINT('Ctrl Pts',(-0.126243210876386,25.1553063054242,6.01471687712825));
#4310=CARTESIAN_POINT('Ctrl Pts',(-6.14063641325058,25.1553066740413,6.01471687621405));
#4311=CARTESIAN_POINT('Ctrl Pts',(-6.14063641233645,25.1553057171884,0.000323673839905107));
#4312=CARTESIAN_POINT('Ctrl Pts',(-6.04169477637937,25.1553057111243,0.000323673854944041));
#4313=CARTESIAN_POINT('Ctrl Pts',(-6.04169477548026,25.1553047700124,-5.91512789256212));
#4314=CARTESIAN_POINT('Ctrl Pts',(-0.126243209063142,25.1553044074593,-5.91512789166296));
#4315=CARTESIAN_POINT('Ctrl Pts',(5.78920835735398,25.1553040449063,-5.9151278907638));
#4316=CARTESIAN_POINT('Ctrl Pts',(5.78920835645487,25.1553049860182,0.000323675653264066));
#4317=CARTESIAN_POINT('Ctrl Pts',(5.78920835555577,25.1553059271301,5.91577524207033));
#4318=CARTESIAN_POINT('Ctrl Pts',(-0.126243210861348,25.1553062896832,5.91577524117117));
#4319=CARTESIAN_POINT('Ctrl Pts',(-6.04169477727847,25.1553066522362,5.91577524027201));
#4320=CARTESIAN_POINT('Ctrl Pts',(-6.04169477637937,25.1553057111243,0.000323673854944041));
#4321=CARTESIAN_POINT('Ctrl Pts',(-5.95297443579399,25.203968681265,0.000323667195558696));
#4322=CARTESIAN_POINT('Ctrl Pts',(-5.95297443490837,25.203967754268,-5.8264075615292));
#4323=CARTESIAN_POINT('Ctrl Pts',(-0.126243206183556,25.2039673971525,-5.82640756064353));
#4324=CARTESIAN_POINT('Ctrl Pts',(5.70048802254126,25.203967040037,-5.82640755975785));
#4325=CARTESIAN_POINT('Ctrl Pts',(5.70048802165564,25.203967967034,0.000323668966908087));
#4326=CARTESIAN_POINT('Ctrl Pts',(5.70048802077002,25.2039688940311,5.82705489769167));
#4327=CARTESIAN_POINT('Ctrl Pts',(-0.126243207954793,25.2039692511466,5.827054896806));
#4328=CARTESIAN_POINT('Ctrl Pts',(-5.95297443667961,25.2039696082621,5.82705489592032));
#4329=CARTESIAN_POINT('Ctrl Pts',(-5.95297443579399,25.203968681265,0.000323667195558696));
#4330=CARTESIAN_POINT('Ctrl Pts',(-5.95297443188962,25.203968683406,0.000321521028104134));
#4331=CARTESIAN_POINT('Ctrl Pts',(-5.93776044294859,25.2123135331195,0.000321601664620049));
#4332=CARTESIAN_POINT('Ctrl Pts',(-5.92284705738428,25.2217600750046,0.000321681440183589));
#4333=CARTESIAN_POINT('Ctrl Pts',(-5.90841968798346,25.2322550849812,0.000321760343684275));
#4334=CARTESIAN_POINT('Ctrl Pts',(-5.89400659202183,25.2427397119226,0.000321839169123308));
#4335=CARTESIAN_POINT('Ctrl Pts',(-5.88007950092065,25.2542705439208,0.000321917124108215));
#4336=CARTESIAN_POINT('Ctrl Pts',(-5.86681056316391,25.2667439635265,0.000321994236781922));
#4337=CARTESIAN_POINT('Ctrl Pts',(-5.85347045947273,25.2792842824257,0.000322071763037755));
#4338=CARTESIAN_POINT('Ctrl Pts',(-5.84079647867605,25.2927767940254,0.000322148438066221));
#4339=CARTESIAN_POINT('Ctrl Pts',(-5.82893666536141,25.3070704547323,0.000322224330015618));
#4340=CARTESIAN_POINT('Ctrl Pts',(-5.81696210963894,25.3215024050567,0.000322300956211396));
#4341=CARTESIAN_POINT('Ctrl Pts',(-5.80581826458539,25.3367502139457,0.000322376784530046));
#4342=CARTESIAN_POINT('Ctrl Pts',(-5.79561784071759,25.3526225232777,0.000322451921039495));
#4343=CARTESIAN_POINT('Ctrl Pts',(-5.7853005556236,25.3686766738307,0.00032252791835088));
#4344=CARTESIAN_POINT('Ctrl Pts',(-5.77594883675161,25.3853685917027,0.000322603208601915));
#4345=CARTESIAN_POINT('Ctrl Pts',(-5.76763028137315,25.402478986267,0.000322677929572277));
#4346=CARTESIAN_POINT('Ctrl Pts',(-5.75921764007057,25.4197829056935,0.000322753495664325));
#4347=CARTESIAN_POINT('Ctrl Pts',(-5.75186167109759,25.4375136009836,0.000322828480389904));
#4348=CARTESIAN_POINT('Ctrl Pts',(-5.74557925178255,25.4554406383731,0.000322903042805428));
#4349=CARTESIAN_POINT('Ctrl Pts',(-5.73892401141701,25.4744315297616,0.000322982030019217));
#4350=CARTESIAN_POINT('Ctrl Pts',(-5.73347350305276,25.4936413132665,0.00032306054434197));
#4351=CARTESIAN_POINT('Ctrl Pts',(-5.72918790078807,25.5128131740113,0.000323138778496243));
#4352=CARTESIAN_POINT('Ctrl Pts',(-5.72500801155067,25.531512122126,0.000323215082847241));
#4353=CARTESIAN_POINT('Ctrl Pts',(-5.721935204193,25.5501742509581,0.000323291121489618));
#4354=CARTESIAN_POINT('Ctrl Pts',(-5.71988681420878,25.5685933345083,0.000323367062542852));
#4355=CARTESIAN_POINT('Ctrl Pts',(-5.71830519185486,25.5828152524566,0.000323425698871042));
#4356=CARTESIAN_POINT('Ctrl Pts',(-5.71733326816956,25.596892905875,0.000323484276842282));
#4357=CARTESIAN_POINT('Ctrl Pts',(-5.716919745134,25.6107480064114,0.000323542865528899));
#4358=CARTESIAN_POINT('Ctrl Pts',(-5.71677643683486,25.6155495548659,0.000323563169706189));
#4359=CARTESIAN_POINT('Ctrl Pts',(-5.71670011196233,25.6203245110109,0.000323583475094908));
#4360=CARTESIAN_POINT('Ctrl Pts',(-5.71668840894932,25.6250700554343,0.000323603784318106));
#4361=CARTESIAN_POINT('Ctrl Pts',(-5.71668399486966,25.6268599544179,0.000323611444441943));
#4362=CARTESIAN_POINT('Ctrl Pts',(-5.71668873700293,25.6286474557005,0.000323591440472949));
#4363=CARTESIAN_POINT('Ctrl Pts',(-5.71670272673935,25.630441655609,0.000323577461439306));
#4364=CARTESIAN_POINT('Ctrl Pts',(-5.71684238123364,25.6483525063512,0.000323437913786945));
#4365=CARTESIAN_POINT('Ctrl Pts',(-5.71790670429152,25.6666762564662,0.000323298296777011));
#4366=CARTESIAN_POINT('Ctrl Pts',(-5.72001203965954,25.6852433536513,0.000323158411797388));
#4367=CARTESIAN_POINT('Ctrl Pts',(-5.72211677007522,25.7038051157201,0.000323018567012667));
#4368=CARTESIAN_POINT('Ctrl Pts',(-5.72526289060756,25.7226096481714,0.000322878453590927));
#4369=CARTESIAN_POINT('Ctrl Pts',(-5.72953392388189,25.7414453189538,0.000322737851872542));
#4370=CARTESIAN_POINT('Ctrl Pts',(-5.73367306023302,25.7596993115185,0.000322601592179344));
#4371=CARTESIAN_POINT('Ctrl Pts',(-5.73886925980643,25.7779816040101,0.00032246487281808));
#4372=CARTESIAN_POINT('Ctrl Pts',(-5.74515677951188,25.7960704884553,0.000322327488045447));
#4373=CARTESIAN_POINT('Ctrl Pts',(-5.75138250051436,25.8139815810765,0.000322191453598723));
#4374=CARTESIAN_POINT('Ctrl Pts',(-5.75867858802072,25.8317019697629,0.000322054765651409));
#4375=CARTESIAN_POINT('Ctrl Pts',(-5.7670294373138,25.8490023017592,0.000321917234733443));
#4376=CARTESIAN_POINT('Ctrl Pts',(-5.77527446807186,25.8660834110485,0.000321781446550826));
#4377=CARTESIAN_POINT('Ctrl Pts',(-5.78454769008187,25.8827538651865,0.00032164483562119));
#4378=CARTESIAN_POINT('Ctrl Pts',(-5.79478338653828,25.898795948791,0.000321507245392112));
#4379=CARTESIAN_POINT('Ctrl Pts',(-5.79612147020199,25.9008930850332,0.000321489258610402));
#4380=CARTESIAN_POINT('Ctrl Pts',(-5.79747593147907,25.9029795016292,0.000321471255141467));
#4381=CARTESIAN_POINT('Ctrl Pts',(-5.79884656029122,25.905054732611,0.000321453234682028));
#4382=CARTESIAN_POINT('Origin',(-0.126253676503431,17.2604118381128,0.000326586242981009));
#4383=CARTESIAN_POINT('',(-7.01241795144183,17.0713337168999,0.000324776274700668));
#4384=CARTESIAN_POINT('',(6.75993068048875,17.071332930037,0.000326536814486127));
#4385=CARTESIAN_POINT('Origin',(-0.126243635476427,17.0713333234683,0.000324776871858961));
#4386=CARTESIAN_POINT('',(6.94405553733778,17.2604167879696,0.000326443119415792));
#4387=CARTESIAN_POINT('',(6.94404037543897,17.2604012178309,0.000326443138022046));
#4388=CARTESIAN_POINT('Ctrl Pts',(6.94405553733778,17.2604167879696,0.000326443119416098));
#4389=CARTESIAN_POINT('Ctrl Pts',(6.94405511250489,17.2604159769415,-0.823375624989152));
#4390=CARTESIAN_POINT('Ctrl Pts',(6.79625931923391,17.2604144825969,-1.67727805360105));
#4391=CARTESIAN_POINT('Ctrl Pts',(6.49246798256612,17.2604123430579,-2.48598427944696));
#4392=CARTESIAN_POINT('Ctrl Pts',(6.42907061889703,17.2604118965635,-2.65475091796857));
#4393=CARTESIAN_POINT('Ctrl Pts',(6.35916797460472,17.2604114235924,-2.82119775860409));
#4394=CARTESIAN_POINT('Ctrl Pts',(6.28307166619193,17.2604109262444,-2.98459321144215));
#4395=CARTESIAN_POINT('Ctrl Pts',(6.14515089367486,17.2603969361038,-3.26440749220481));
#4396=CARTESIAN_POINT('Ctrl Pts',(5.48883250018804,17.2604128994034,-4.52519790314619));
#4397=CARTESIAN_POINT('Ctrl Pts',(4.51434204501001,17.2604217115687,-5.5195958063165));
#4398=CARTESIAN_POINT('Ctrl Pts',(3.26912535732747,17.2604229759244,-6.20134443207795));
#4399=CARTESIAN_POINT('Ctrl Pts',(2.25783758559163,17.2604240027557,-6.75501838734222));
#4400=CARTESIAN_POINT('Ctrl Pts',(1.08608599550655,17.2604193256283,-7.05088916732919));
#4401=CARTESIAN_POINT('Ctrl Pts',(-0.00929094981211766,17.2604105674513,
-7.06900216091667));
#4402=CARTESIAN_POINT('Ctrl Pts',(-0.549479430038811,17.2604062483297,-7.07793463892818));
#4403=CARTESIAN_POINT('Ctrl Pts',(-1.10195392589754,17.260400778971,-7.02507038993396));
#4404=CARTESIAN_POINT('Ctrl Pts',(-1.65364295610367,17.2603941422325,-6.902999418898));
#4405=CARTESIAN_POINT('Ctrl Pts',(-1.9561702860265,17.2603921464445,-6.82903640919966));
#4406=CARTESIAN_POINT('Ctrl Pts',(-3.14788845294081,17.2604094963902,-6.50973301486584));
#4407=CARTESIAN_POINT('Ctrl Pts',(-4.27125980605424,17.2604209110072,-5.84569929457954));
#4408=CARTESIAN_POINT('Ctrl Pts',(-5.10216831605938,17.2604248320394,-5.02256505003458));
#4409=CARTESIAN_POINT('Ctrl Pts',(-5.69351279059917,17.2604276225761,-4.43675339754215));
#4410=CARTESIAN_POINT('Ctrl Pts',(-6.21027786827222,17.2604271089215,-3.70807446689022));
#4411=CARTESIAN_POINT('Ctrl Pts',(-6.57265151804908,17.2604227519549,-2.90364462919773));
#4412=CARTESIAN_POINT('Ctrl Pts',(-6.94713033775922,17.2604182494429,-2.07234263926497));
#4413=CARTESIAN_POINT('Ctrl Pts',(-7.15449228225289,17.2604096248524,-1.1618275080163));
#4414=CARTESIAN_POINT('Ctrl Pts',(-7.19047758523541,17.2603984358682,-0.292025607041231));
#4415=CARTESIAN_POINT('Ctrl Pts',(-7.19453386384336,17.2603971746412,-0.193981168015819));
#4416=CARTESIAN_POINT('Ctrl Pts',(-7.19652188070623,17.2603958831198,-0.0964760265582748));
#4417=CARTESIAN_POINT('Ctrl Pts',(-7.19652056654446,17.2603945649807,0.000325545105257508));
#4418=CARTESIAN_POINT('',(-1.65639728244437,17.2603913388043,6.90303325734818));
#4419=CARTESIAN_POINT('Ctrl Pts',(-7.18978760562407,17.2603907483082,0.30872226238039));
#4420=CARTESIAN_POINT('Ctrl Pts',(-7.13253627039154,17.2604119200418,1.62047479310975));
#4421=CARTESIAN_POINT('Ctrl Pts',(-6.66352563095114,17.2604261677814,3.01331759415915));
#4422=CARTESIAN_POINT('Ctrl Pts',(-5.87787143426156,17.260429020817,4.11226552671654));
#4423=CARTESIAN_POINT('Ctrl Pts',(-5.3113134175027,17.2604310782237,4.90474873856015));
#4424=CARTESIAN_POINT('Ctrl Pts',(-4.620365836365,17.2604280606921,5.54661570159543));
#4425=CARTESIAN_POINT('Ctrl Pts',(-3.77729405135937,17.2604197010638,6.0549905118837));
#4426=CARTESIAN_POINT('Ctrl Pts',(-3.12515340064148,17.2604132346472,6.44823327660007));
#4427=CARTESIAN_POINT('Ctrl Pts',(-2.39785578756286,17.2604035019757,6.73868303466557));
#4428=CARTESIAN_POINT('Ctrl Pts',(-1.65639728242812,17.2603913388043,6.90303325735178));
#4429=CARTESIAN_POINT('',(4.41844631574806,17.2604080899368,5.41647958778007));
#4430=CARTESIAN_POINT('Ctrl Pts',(-1.65639901444307,17.2603995577192,6.90304107107464));
#4431=CARTESIAN_POINT('Ctrl Pts',(-0.518237275962136,17.2604163135575,7.15535908128499));
#4432=CARTESIAN_POINT('Ctrl Pts',(0.611372402185822,17.2604243736795,7.12897776060327));
#4433=CARTESIAN_POINT('Ctrl Pts',(1.74132587147463,17.2604236610015,6.81951725430186));
#4434=CARTESIAN_POINT('Ctrl Pts',(2.72375133752721,17.2604230413715,6.55046026178749));
#4435=CARTESIAN_POINT('Ctrl Pts',(3.66053812544835,17.2604149664328,6.05245304250914));
#4436=CARTESIAN_POINT('Ctrl Pts',(4.41844444787068,17.2604012182067,5.41647736190965));
#4437=CARTESIAN_POINT('Ctrl Pts',(4.41845054075017,17.2604109521762,5.41648462298445));
#4438=CARTESIAN_POINT('Ctrl Pts',(5.00027243882971,17.2604130442564,4.92828128844692));
#4439=CARTESIAN_POINT('Ctrl Pts',(5.4920528396388,17.2604146622519,4.36284531564014));
#4440=CARTESIAN_POINT('Ctrl Pts',(5.89981130019456,17.2604158112284,3.69840095019212));
#4441=CARTESIAN_POINT('Ctrl Pts',(6.55397328400542,17.2604176545175,2.63244086283794));
#4442=CARTESIAN_POINT('Ctrl Pts',(6.91589823718394,17.2604179943453,1.35201881708004));
#4443=CARTESIAN_POINT('Ctrl Pts',(6.94232809013179,17.2604169342112,0.156612036226302));
#4444=CARTESIAN_POINT('Ctrl Pts',(6.94348399256912,17.2604168878465,0.104331245474103));
#4445=CARTESIAN_POINT('Ctrl Pts',(6.94405556443472,17.2604168396991,0.0528642968758163));
#4446=CARTESIAN_POINT('Ctrl Pts',(6.94405553733778,17.2604167879696,0.000326443119415543));
#4447=CARTESIAN_POINT('Origin',(-0.126243635476427,17.0713333234683,0.000324776871858961));
#4448=CARTESIAN_POINT('Origin',(-0.0123605398113444,20.0130842891042,-0.155671095096206));
#4449=CARTESIAN_POINT('',(-2.99000521820508,8.28924916677648,6.14168970959639));
#4450=CARTESIAN_POINT('Ctrl Pts',(-3.25516919751517,8.2896205575274,6.01097296420451));
#4451=CARTESIAN_POINT('Ctrl Pts',(-3.16807566332072,8.28977767684304,6.05632739127812));
#4452=CARTESIAN_POINT('Ctrl Pts',(-3.07965057852832,8.28992975334897,6.09996624650515));
#4453=CARTESIAN_POINT('Ctrl Pts',(-2.99004097917528,8.2900499381964,6.14176409182543));
#4454=CARTESIAN_POINT('',(-2.89991205989616,8.1425079338208,5.94847219216306));
#4455=CARTESIAN_POINT('',(-2.99022744962788,8.28953727613637,6.14216655425628));
#4456=CARTESIAN_POINT('Origin',(-0.126244077419409,8.14250707204471,0.00032596525041604));
#4457=CARTESIAN_POINT('Ctrl Pts',(6.4661853215751,32.1529690452092,-1.04647039209701));
#4458=CARTESIAN_POINT('Ctrl Pts',(6.4661853215751,32.1529690452092,-1.04647039209701));
#4459=CARTESIAN_POINT('Ctrl Pts',(6.4661853215751,32.1529690452092,-1.04647039209701));
#4460=CARTESIAN_POINT('Ctrl Pts',(6.4661853215751,32.1529690452092,-1.04647039209701));
#4461=CARTESIAN_POINT('Ctrl Pts',(6.4661853215751,32.1529690452092,-1.04647039209701));
#4462=CARTESIAN_POINT('Ctrl Pts',(6.4661853215751,32.1529690452092,-1.04647039209701));
#4463=CARTESIAN_POINT('Ctrl Pts',(6.4661853215751,32.1529690452092,-1.04647039209701));
#4464=CARTESIAN_POINT('Ctrl Pts',(6.4661853215751,32.1529690452092,-1.04647039209701));
#4465=CARTESIAN_POINT('Ctrl Pts',(6.4661853215751,32.1529690452092,-1.04647039209701));
#4466=CARTESIAN_POINT('Ctrl Pts',(6.4661853215751,32.1529690452092,-1.04647039209701));
#4467=CARTESIAN_POINT('Ctrl Pts',(6.4661853215751,32.1529690452092,-1.04647039209701));
#4468=CARTESIAN_POINT('Ctrl Pts',(6.43476677253136,30.8122133640496,-13.6599760589499));
#4469=CARTESIAN_POINT('Ctrl Pts',(6.45047597879829,30.8016239836164,-13.6591034517287));
#4470=CARTESIAN_POINT('Ctrl Pts',(6.46618525127894,30.7910402990034,-13.658177683185));
#4471=CARTESIAN_POINT('Ctrl Pts',(17.2873897671702,23.5005552768816,-13.0204695551794));
#4472=CARTESIAN_POINT('Ctrl Pts',(17.2873898374664,24.8624840230874,-0.408762264091468));
#4473=CARTESIAN_POINT('Ctrl Pts',(17.2873899077625,26.2244127692932,12.2029450269965));
#4474=CARTESIAN_POINT('Ctrl Pts',(6.46618539187125,33.514897791415,11.565236898991));
#4475=CARTESIAN_POINT('Ctrl Pts',(-4.35501912402005,40.8053828135368,10.9275287709854));
#4476=CARTESIAN_POINT('Ctrl Pts',(-4.3550191943162,39.443454067331,-1.68417852010256));
#4477=CARTESIAN_POINT('Ctrl Pts',(-4.35501926440856,38.0854738456205,-14.2593217579645));
#4478=CARTESIAN_POINT('Ctrl Pts',(6.43476677253136,30.8122133640496,-13.6599760589499));
#4479=CARTESIAN_POINT('Ctrl Pts',(-0.157586550214231,18.8450405760852,-12.6131919102091));
#4480=CARTESIAN_POINT('Ctrl Pts',(-0.141877343947302,18.834451195652,-12.6123193029879));
#4481=CARTESIAN_POINT('Ctrl Pts',(-0.126168071466646,18.823867511039,-12.6113935344442));
#4482=CARTESIAN_POINT('Ctrl Pts',(10.6950364444247,11.5333824889172,-11.9736854064387));
#4483=CARTESIAN_POINT('Ctrl Pts',(10.6950365147208,12.895311235123,0.638021884649326));
#4484=CARTESIAN_POINT('Ctrl Pts',(10.695036585017,14.2572399813288,13.2497291757373));
#4485=CARTESIAN_POINT('Ctrl Pts',(-0.126167930874339,21.5477250034506,12.6120210477318));
#4486=CARTESIAN_POINT('Ctrl Pts',(-10.9473724467656,28.8382100255724,11.9743129197262));
#4487=CARTESIAN_POINT('Ctrl Pts',(-10.9473725170618,27.4762812793666,-0.637394371361764));
#4488=CARTESIAN_POINT('Ctrl Pts',(-10.9473725871541,26.1183010576561,-13.2125376092237));
#4489=CARTESIAN_POINT('Ctrl Pts',(-0.157586550214231,18.8450405760852,-12.6131919102091));
#4490=CARTESIAN_POINT('Ctrl Pts',(-6.74993987295982,6.87786778812081,-11.5664077614683));
#4491=CARTESIAN_POINT('Ctrl Pts',(-6.73423066669289,6.8672784076876,-11.5655351542471));
#4492=CARTESIAN_POINT('Ctrl Pts',(-6.71852139421223,6.85669472307463,-11.5646093857034));
#4493=CARTESIAN_POINT('Ctrl Pts',(4.10268312167907,-0.433790299047176,-10.9269012576979));
#4494=CARTESIAN_POINT('Ctrl Pts',(4.10268319197523,0.928138447158593,1.68480603339012));
#4495=CARTESIAN_POINT('Ctrl Pts',(4.10268326227138,2.29006719336436,14.2965133244781));
#4496=CARTESIAN_POINT('Ctrl Pts',(-6.71852125361993,9.58055221548616,13.6588051964726));
#4497=CARTESIAN_POINT('Ctrl Pts',(-17.5397257695112,16.871037237608,13.021097068467));
#4498=CARTESIAN_POINT('Ctrl Pts',(-17.5397258398074,15.5091084914022,0.409389777379032));
#4499=CARTESIAN_POINT('Ctrl Pts',(-17.5397259098997,14.1511282696917,-12.1657534604829));
#4500=CARTESIAN_POINT('Ctrl Pts',(-6.74993987295982,6.87786778812081,-11.5664077614683));
#4501=CARTESIAN_POINT('Ctrl Pts',(-6.71852132391608,8.2186234692804,1.04709790538457));
#4502=CARTESIAN_POINT('Ctrl Pts',(-6.71852132391608,8.2186234692804,1.04709790538457));
#4503=CARTESIAN_POINT('Ctrl Pts',(-6.71852132391608,8.2186234692804,1.04709790538457));
#4504=CARTESIAN_POINT('Ctrl Pts',(-6.71852132391608,8.2186234692804,1.04709790538457));
#4505=CARTESIAN_POINT('Ctrl Pts',(-6.71852132391608,8.2186234692804,1.04709790538457));
#4506=CARTESIAN_POINT('Ctrl Pts',(-6.71852132391608,8.2186234692804,1.04709790538458));
#4507=CARTESIAN_POINT('Ctrl Pts',(-6.71852132391608,8.2186234692804,1.04709790538458));
#4508=CARTESIAN_POINT('Ctrl Pts',(-6.71852132391608,8.2186234692804,1.04709790538458));
#4509=CARTESIAN_POINT('Ctrl Pts',(-6.71852132391608,8.2186234692804,1.04709790538457));
#4510=CARTESIAN_POINT('Ctrl Pts',(-6.71852132391608,8.2186234692804,1.04709790538457));
#4511=CARTESIAN_POINT('Ctrl Pts',(-6.71852132391608,8.2186234692804,1.04709790538457));
#4512=CARTESIAN_POINT('',(-6.17497688940636,8.16213698102961,-2.61902609118091));
#4513=CARTESIAN_POINT('Origin',(-0.126244077419409,8.14250704423344,0.000325965250422667));
#4514=CARTESIAN_POINT('Ctrl Pts',(-6.21226531711335,8.18147655062846,-2.6036615893551));
#4515=CARTESIAN_POINT('Ctrl Pts',(-6.23242439829607,8.21736962521418,-2.68918127092387));
#4516=CARTESIAN_POINT('Ctrl Pts',(-6.25088458126953,8.25326271327996,-2.77579248691353));
#4517=CARTESIAN_POINT('Ctrl Pts',(-6.26758751123929,8.28915581618793,-2.86342894671752));
#4518=CARTESIAN_POINT('Origin',(-0.126121217837171,8.28944338066475,0.000401697370003032));
#4519=CARTESIAN_POINT('',(5.93722611064561,8.14250699793888,-2.51124850129658));
#4520=CARTESIAN_POINT('Origin',(-0.126244077419418,8.14250690255733,0.000325965250440255));
#4521=CARTESIAN_POINT('',(6.13440469754935,8.28933134900324,-2.59292177518803));
#4522=CARTESIAN_POINT('Ctrl Pts',(6.01307367145501,8.28752103005621,-2.86214194094389));
#4523=CARTESIAN_POINT('Ctrl Pts',(5.92392293456532,8.28333110972371,-3.03893742429278));
#4524=CARTESIAN_POINT('Ctrl Pts',(5.8355206896236,8.28560915954146,-3.2157472393293));
#4525=CARTESIAN_POINT('Ctrl Pts',(5.74827383958768,8.29420335532552,-3.39182287558008));
#4526=CARTESIAN_POINT('',(3.53613217653978,8.29611835952742,-5.71294265766052));
#4527=CARTESIAN_POINT('Ctrl Pts',(4.2260772056085,8.28541740556307,-5.18627749379319));
#4528=CARTESIAN_POINT('Ctrl Pts',(3.99733742030344,8.27818093251828,-5.36449251263064));
#4529=CARTESIAN_POINT('Ctrl Pts',(3.77080422000636,8.28161091489538,-5.53746238221047));
#4530=CARTESIAN_POINT('Ctrl Pts',(3.5361321766007,8.29611835971625,-5.71294265772637));
#4531=CARTESIAN_POINT('',(2.63982858999215,8.29332737576934,-6.19226977558436));
#4532=CARTESIAN_POINT('Ctrl Pts',(3.53613217657043,8.29611835971048,-5.71294265773581));
#4533=CARTESIAN_POINT('Ctrl Pts',(3.23388292776263,8.27698551786183,-5.87365937876457));
#4534=CARTESIAN_POINT('Ctrl Pts',(2.93516116952542,8.27628067589296,-6.03321393011619));
#4535=CARTESIAN_POINT('Ctrl Pts',(2.63982859001646,8.29332737586627,-6.19226977562111));
#4536=CARTESIAN_POINT('Ctrl Pts',(2.63982859000443,8.29332737586612,-6.19226977562625));
#4537=CARTESIAN_POINT('Ctrl Pts',(2.3969077897247,8.28258549947749,-6.28367540958945));
#4538=CARTESIAN_POINT('Ctrl Pts',(2.15449305523654,8.28292369773978,-6.37609591029236));
#4539=CARTESIAN_POINT('Ctrl Pts',(1.9143639788571,8.29414499425291,-6.46894346102494));
#4540=CARTESIAN_POINT('',(-0.418811134895117,8.3004822586269,-6.77133774551316));
#4541=CARTESIAN_POINT('Ctrl Pts',(0.820427788938346,8.29856553473966,-6.72325679769053));
#4542=CARTESIAN_POINT('Ctrl Pts',(0.402513807994761,8.27336748680408,-6.74510989724714));
#4543=CARTESIAN_POINT('Ctrl Pts',(-0.00988390016012683,8.27573727901578,
-6.76759051936739));
#4544=CARTESIAN_POINT('Ctrl Pts',(-0.417483283351823,8.30428701549745,-6.79165072614799));
#4545=CARTESIAN_POINT('',(-1.59050859908992,8.30200901524116,-6.61723018392164));
#4546=CARTESIAN_POINT('Ctrl Pts',(-0.422421215769004,8.3038054686128,-6.79073655217188));
#4547=CARTESIAN_POINT('Ctrl Pts',(-0.809410426133802,8.29365856292828,-6.75909549931512));
#4548=CARTESIAN_POINT('Ctrl Pts',(-1.20127359591712,8.28901964618869,-6.70172638157332));
#4549=CARTESIAN_POINT('Ctrl Pts',(-1.59063499748318,8.29039971265949,-6.61762486224108));
#4550=CARTESIAN_POINT('',(-2.71738738371254,8.3020044505603,-6.26243017761899));
#4551=CARTESIAN_POINT('Ctrl Pts',(-1.59640592955514,8.30382857339926,-6.63634008310026));
#4552=CARTESIAN_POINT('Ctrl Pts',(-1.97654942843145,8.29352414365332,-6.53678870788105));
#4553=CARTESIAN_POINT('Ctrl Pts',(-2.35218983763706,8.28901248536671,-6.41179189848632));
#4554=CARTESIAN_POINT('Ctrl Pts',(-2.71758922118944,8.29041509474746,-6.26281611921796));
#4555=CARTESIAN_POINT('',(-3.76710869702366,8.28915729358475,-5.71468278883327));
#4556=CARTESIAN_POINT('Ctrl Pts',(-2.7265043822048,8.30381823999384,-6.28021195757854));
#4557=CARTESIAN_POINT('Ctrl Pts',(-3.08722980903822,8.29342345941564,-6.1145111782777));
#4558=CARTESIAN_POINT('Ctrl Pts',(-3.43620087421748,8.28901384657267,-5.92524765749241));
#4559=CARTESIAN_POINT('Ctrl Pts',(-3.76809152308713,8.29043035022851,-5.71625217234937));
#4560=CARTESIAN_POINT('',(-4.26987049678165,8.29327898339318,-5.37064884345421));
#4561=CARTESIAN_POINT('Ctrl Pts',(-3.76421052205256,8.28539261160626,-5.71004194968931));
#4562=CARTESIAN_POINT('Ctrl Pts',(-3.93159597342519,8.28162702854031,-5.59691371850448));
#4563=CARTESIAN_POINT('Ctrl Pts',(-4.10087418391708,8.2847202197166,-5.48351808078896));
#4564=CARTESIAN_POINT('Ctrl Pts',(-4.26866189149139,8.29450389630961,-5.37210345112674));
#4565=CARTESIAN_POINT('Ctrl Pts',(-4.26795601801499,8.29226838662424,-5.36854410916385));
#4566=CARTESIAN_POINT('Ctrl Pts',(-4.48488946912295,8.27932609042008,-5.1774344545911));
#4567=CARTESIAN_POINT('Ctrl Pts',(-4.70325967687362,8.28002540643476,-4.98679710032948));
#4568=CARTESIAN_POINT('Ctrl Pts',(-4.92182688625306,8.29447216119806,-4.79804672046715));
#4569=CARTESIAN_POINT('Origin',(-0.126412742504971,8.28945907337973,0.000361742153647066));
#4570=CARTESIAN_POINT('Ctrl Pts',(-2.99000173868107,8.28916970272232,6.14168229605775));
#4571=CARTESIAN_POINT('Ctrl Pts',(-2.10955441386111,8.289159897393,6.55222595392131));
#4572=CARTESIAN_POINT('Ctrl Pts',(-1.13086349257014,8.28915410300776,6.76440792190276));
#4573=CARTESIAN_POINT('Ctrl Pts',(-0.211702943417174,8.28915258070721,6.77599935573157));
#4574=CARTESIAN_POINT('Ctrl Pts',(0.61796384978465,8.28915120662495,6.78646219352658));
#4575=CARTESIAN_POINT('Ctrl Pts',(1.49120415821568,8.28915307263324,6.63887654299239));
#4576=CARTESIAN_POINT('Ctrl Pts',(2.30973056510059,8.28915852003243,6.32355477865223));
#4577=CARTESIAN_POINT('Ctrl Pts',(2.73092896862505,8.28916132316232,6.16129608715559));
#4578=CARTESIAN_POINT('Ctrl Pts',(3.1364649982853,8.28916504413728,5.95616510918352));
#4579=CARTESIAN_POINT('Ctrl Pts',(3.51364650165686,8.28916953820995,5.71597304588617));
#4580=CARTESIAN_POINT('Ctrl Pts',(6.23865503597297,8.28754286012246,2.31840235805342));
#4581=CARTESIAN_POINT('Ctrl Pts',(6.30073440431721,8.28332234464609,2.13001949796419));
#4582=CARTESIAN_POINT('Ctrl Pts',(6.36335640684735,8.28559182469839,1.94215221809564));
#4583=CARTESIAN_POINT('Ctrl Pts',(6.42627887776228,8.29420005980332,1.75562063922267));
#4584=CARTESIAN_POINT('Ctrl Pts',(6.62986630358652,8.29311906627385,-0.591519143500494));
#4585=CARTESIAN_POINT('Ctrl Pts',(6.60128439009614,8.28517364483205,-0.785444447794319));
#4586=CARTESIAN_POINT('Ctrl Pts',(6.57289612591325,8.28327101961228,-0.980445567559807));
#4587=CARTESIAN_POINT('Ctrl Pts',(6.54489100534213,8.28768253785985,-1.17616763231853));
#4588=CARTESIAN_POINT('Origin',(-0.126244077419429,8.14250667261228,0.000325965250459953));
#4589=CARTESIAN_POINT('Origin',(-0.126243645945714,7.22045016498895,0.000324521818505249));
#4590=CARTESIAN_POINT('',(2.41329650768522,7.2149737949799,6.13131936841501));
#4591=CARTESIAN_POINT('',(-2.66494537911718,7.21500493853339,6.13165082905984));
#4592=CARTESIAN_POINT('Ctrl Pts',(2.41361210100758,7.22051005852258,6.13208199835714));
#4593=CARTESIAN_POINT('Ctrl Pts',(1.64093244892747,7.22046274795478,6.45217756345379));
#4594=CARTESIAN_POINT('Ctrl Pts',(0.804595402889197,7.22043802364793,6.61944665637073));
#4595=CARTESIAN_POINT('Ctrl Pts',(0.011576848688461,7.22043562116595,6.63591954695682));
#4596=CARTESIAN_POINT('Ctrl Pts',(-0.825886112010295,7.22043308403782,6.65331565408244));
#4597=CARTESIAN_POINT('Ctrl Pts',(-1.70253348207183,7.22045469104055,6.50763777171119));
#4598=CARTESIAN_POINT('Ctrl Pts',(-2.5258967859873,7.22050195841852,6.18830262575098));
#4599=CARTESIAN_POINT('Ctrl Pts',(-2.57255853995415,7.22050463716161,6.17020522215903));
#4600=CARTESIAN_POINT('Ctrl Pts',(-2.61902035144611,7.22050739415452,6.15157804286599));
#4601=CARTESIAN_POINT('Ctrl Pts',(-2.6652665226809,7.22051022848272,6.13242715135418));
#4602=CARTESIAN_POINT('',(-6.77212152591519,7.2094189537908,0.000324823909026145));
#4603=CARTESIAN_POINT('Ctrl Pts',(-2.66942257753247,7.20700274300062,6.14245570922811));
#4604=CARTESIAN_POINT('Ctrl Pts',(-3.48182353022899,7.20713516582801,5.80596192573833));
#4605=CARTESIAN_POINT('Ctrl Pts',(-4.22404345533144,7.20733431011011,5.29986598587356));
#4606=CARTESIAN_POINT('Ctrl Pts',(-4.81188514517696,7.20756424942448,4.71543781361285));
#4607=CARTESIAN_POINT('Ctrl Pts',(-5.3976648466764,7.20779338217444,4.13305965600939));
#4608=CARTESIAN_POINT('Ctrl Pts',(-5.90537182615788,7.20808214170416,3.39906873577159));
#4609=CARTESIAN_POINT('Ctrl Pts',(-6.2468109059024,7.20839957471425,2.59209068489181));
#4610=CARTESIAN_POINT('Ctrl Pts',(-6.59831061368291,7.2087263610047,1.76133472900717));
#4611=CARTESIAN_POINT('Ctrl Pts',(-6.77181900867652,7.2090830741103,0.854394540548714));
#4612=CARTESIAN_POINT('Ctrl Pts',(-6.7721214375122,7.20941719648663,0.00479327095404919));
#4613=CARTESIAN_POINT('Ctrl Pts',(-6.77212196776924,7.20941778231285,0.00330364099569933));
#4614=CARTESIAN_POINT('Ctrl Pts',(-6.77212199734238,7.20941836782643,0.00181480573245403));
#4615=CARTESIAN_POINT('Ctrl Pts',(-6.77212152591519,7.2094189537908,0.000324823909023664));
#4616=CARTESIAN_POINT('',(-6.59625116973569,7.42825192980592,0.000322733479560931));
#4617=CARTESIAN_POINT('',(-6.76325556102223,7.22045073738585,0.000324818270729614));
#4618=CARTESIAN_POINT('Origin',(-0.126244103404552,7.42825171754365,0.00032604611881423));
#4619=CARTESIAN_POINT('',(-0.126666424688318,7.21203086173226,-6.64345121800407));
#4620=CARTESIAN_POINT('Ctrl Pts',(-6.77212152591519,7.2094189537908,0.000324823909023941));
#4621=CARTESIAN_POINT('Ctrl Pts',(-6.77186322387364,7.20974001247241,-0.816058602685216));
#4622=CARTESIAN_POINT('Ctrl Pts',(-6.6124409480143,7.21008176148362,-1.6851488744235));
#4623=CARTESIAN_POINT('Ctrl Pts',(-6.28762975153258,7.21039764868472,-2.48856014976467));
#4624=CARTESIAN_POINT('Ctrl Pts',(-5.95377452475003,7.21072233143673,-3.31434157735708));
#4625=CARTESIAN_POINT('Ctrl Pts',(-5.44475786397021,7.21101955025567,-4.07037085263436));
#4626=CARTESIAN_POINT('Ctrl Pts',(-4.85398997285251,7.21125461244031,-4.66834500790639));
#4627=CARTESIAN_POINT('Ctrl Pts',(-4.2697581644078,7.21148707396589,-5.25970335251246));
#4628=CARTESIAN_POINT('Ctrl Pts',(-3.53436532441114,7.21168789821962,-5.77064199731861));
#4629=CARTESIAN_POINT('Ctrl Pts',(-2.72355727502509,7.21182319224192,-6.11489754737068));
#4630=CARTESIAN_POINT('Ctrl Pts',(-1.94267455907802,7.21195349282746,-6.44644730086422));
#4631=CARTESIAN_POINT('Ctrl Pts',(-1.09415554543183,7.21202236820736,-6.62175150639289));
#4632=CARTESIAN_POINT('Ctrl Pts',(-0.288855651233928,7.2120300856921,-6.6414615363498));
#4633=CARTESIAN_POINT('Ctrl Pts',(-0.234582140491251,7.21203060581509,-6.64278990175791));
#4634=CARTESIAN_POINT('Ctrl Pts',(-0.181227973434726,7.21203086240693,-6.6434477492097));
#4635=CARTESIAN_POINT('Ctrl Pts',(-0.126666424688321,7.21203086173226,-6.64345121800407));
#4636=CARTESIAN_POINT('Ctrl Pts',(-0.126666424688322,7.21203086173226,-6.64345121800407));
#4637=CARTESIAN_POINT('Ctrl Pts',(0.695860983208179,7.21203085156153,-6.64350351084592));
#4638=CARTESIAN_POINT('Ctrl Pts',(1.54945155321882,7.21196899943607,-6.48622816182242));
#4639=CARTESIAN_POINT('Ctrl Pts',(2.3493402025422,7.21184276207903,-6.16516408239223));
#4640=CARTESIAN_POINT('Ctrl Pts',(3.15729047491451,7.21171525244741,-5.84086418059462));
#4641=CARTESIAN_POINT('Ctrl Pts',(3.89954242621334,7.21152198173862,-5.34927834544169));
#4642=CARTESIAN_POINT('Ctrl Pts',(4.49247737955972,7.21129665751498,-4.77618240182375));
#4643=CARTESIAN_POINT('Ctrl Pts',(5.10842010033879,7.21106258999275,-4.18084850762967));
#4644=CARTESIAN_POINT('Ctrl Pts',(5.6343659819386,7.21076848435075,-3.43282940816577));
#4645=CARTESIAN_POINT('Ctrl Pts',(5.98860716969071,7.21044128383049,-2.60070358039009));
#4646=CARTESIAN_POINT('Ctrl Pts',(6.32071803595177,7.21013452433448,-1.82056270729041));
#4647=CARTESIAN_POINT('Ctrl Pts',(6.49686353716296,7.20980108936092,-0.972637707936631));
#4648=CARTESIAN_POINT('Ctrl Pts',(6.51746030389987,7.20948447098544,-0.167537421586474));
#4649=CARTESIAN_POINT('Ctrl Pts',(6.53980104474839,7.20914104382694,0.705732499085017));
#4650=CARTESIAN_POINT('Ctrl Pts',(6.38537537223066,7.20878198107055,1.61868728976382));
#4651=CARTESIAN_POINT('Ctrl Pts',(6.04356650323183,7.20844616412767,2.47247509427792));
#4652=CARTESIAN_POINT('Ctrl Pts',(5.70573755283333,7.20811425733523,3.3163216530488));
#4653=CARTESIAN_POINT('Ctrl Pts',(5.1848156765168,7.20781062207111,4.08822809380519));
#4654=CARTESIAN_POINT('Ctrl Pts',(4.5801600026657,7.20757205391661,4.69470436807633));
#4655=CARTESIAN_POINT('Ctrl Pts',(4.02134037798704,7.2073515704707,5.25520658218136));
#4656=CARTESIAN_POINT('Ctrl Pts',(3.32249623072119,7.20715881589081,5.74520170621019));
#4657=CARTESIAN_POINT('Ctrl Pts',(2.553849870351,7.20702556959886,6.08394057737822));
#4658=CARTESIAN_POINT('Ctrl Pts',(2.50871115879876,7.20701774471833,6.10383299733298));
#4659=CARTESIAN_POINT('Ctrl Pts',(2.46334544633113,7.20701011662476,6.12322523180199));
#4660=CARTESIAN_POINT('Ctrl Pts',(2.4177694807842,7.20700268822193,6.14210990525224));
#4661=CARTESIAN_POINT('Ctrl Pts',(-6.59625117271265,7.42825192610322,0.000326048030321077));
#4662=CARTESIAN_POINT('Ctrl Pts',(-6.59625117462419,7.42825108769895,-6.46968102127773));
#4663=CARTESIAN_POINT('Ctrl Pts',(-0.126244105316096,7.42825087543625,-6.46968102318924));
#4664=CARTESIAN_POINT('Ctrl Pts',(6.343762963992,7.42825066317355,-6.46968102510074));
#4665=CARTESIAN_POINT('Ctrl Pts',(6.34376296590354,7.42825150157782,0.000326044207304508));
#4666=CARTESIAN_POINT('Ctrl Pts',(6.34376296781507,7.42825233998209,6.47033311351535));
#4667=CARTESIAN_POINT('Ctrl Pts',(-0.12624410149302,7.42825255224479,6.47033311542686));
#4668=CARTESIAN_POINT('Ctrl Pts',(-6.59625117080111,7.42825276450749,6.47033311733837));
#4669=CARTESIAN_POINT('Ctrl Pts',(-6.59625117271265,7.42825192610322,0.000326048030321077));
#4670=CARTESIAN_POINT('Ctrl Pts',(-6.48852391248627,7.56229578529416,0.000326032821972606));
#4671=CARTESIAN_POINT('Ctrl Pts',(-6.48852391436598,7.56229496084953,-6.36195378113631));
#4672=CARTESIAN_POINT('Ctrl Pts',(-0.126244100407652,7.56229475212106,-6.36195378301599));
#4673=CARTESIAN_POINT('Ctrl Pts',(6.23603571355068,7.56229454339259,-6.36195378489567));
#4674=CARTESIAN_POINT('Ctrl Pts',(6.23603571543039,7.56229536783722,0.000326029062609483));
#4675=CARTESIAN_POINT('Ctrl Pts',(6.2360357173101,7.56229619228185,6.36260584302089));
#4676=CARTESIAN_POINT('Ctrl Pts',(-0.126244096648231,7.56229640101032,6.36260584490058));
#4677=CARTESIAN_POINT('Ctrl Pts',(-6.48852391060656,7.56229660973879,6.36260584678026));
#4678=CARTESIAN_POINT('Ctrl Pts',(-6.48852391248627,7.56229578529416,0.000326032821972606));
#4679=CARTESIAN_POINT('Ctrl Pts',(-6.48852390594835,7.74200420765277,0.000326012475283658));
#4680=CARTESIAN_POINT('Ctrl Pts',(-6.48852390782805,7.74200338320814,-6.361953801483));
#4681=CARTESIAN_POINT('Ctrl Pts',(-0.126244093869724,7.74200317447967,-6.36195380336268));
#4682=CARTESIAN_POINT('Ctrl Pts',(6.2360357200886,7.7420029657512,-6.36195380524236));
#4683=CARTESIAN_POINT('Ctrl Pts',(6.23603572196832,7.74200379019582,0.000326008715920536));
#4684=CARTESIAN_POINT('Ctrl Pts',(6.23603572384802,7.74200461464046,6.3626058226742));
#4685=CARTESIAN_POINT('Ctrl Pts',(-0.126244090110304,7.74200482336893,6.36260582455389));
#4686=CARTESIAN_POINT('Ctrl Pts',(-6.48852390406863,7.7420050320974,6.36260582643357));
#4687=CARTESIAN_POINT('Ctrl Pts',(-6.48852390594835,7.74200420765277,0.000326012475283658));
#4688=CARTESIAN_POINT('Ctrl Pts',(-6.48852388881098,8.21305988602009,0.000325959142091825));
#4689=CARTESIAN_POINT('Ctrl Pts',(-6.48852389069069,8.21305906157546,-6.36195385481619));
#4690=CARTESIAN_POINT('Ctrl Pts',(-0.126244076732361,8.21305885284699,-6.36195385669587));
#4691=CARTESIAN_POINT('Ctrl Pts',(6.23603573722597,8.21305864411852,-6.36195385857555));
#4692=CARTESIAN_POINT('Ctrl Pts',(6.23603573910568,8.21305946856315,0.000325955382730923));
#4693=CARTESIAN_POINT('Ctrl Pts',(6.23603574098539,8.21306029300777,6.36260576934102));
#4694=CARTESIAN_POINT('Ctrl Pts',(-0.126244072972941,8.21306050173625,6.3626057712207));
#4695=CARTESIAN_POINT('Ctrl Pts',(-6.48852388693127,8.21306071046472,6.36260577310038));
#4696=CARTESIAN_POINT('Ctrl Pts',(-6.48852388881098,8.21305988602009,0.000325959142091825));
#4697=CARTESIAN_POINT('Ctrl Pts',(-6.91247399934158,8.2130598999287,0.000325959267345013));
#4698=CARTESIAN_POINT('Ctrl Pts',(-6.91247400134654,8.21305902054726,-6.78590396522153));
#4699=CARTESIAN_POINT('Ctrl Pts',(-0.126244076857616,8.21305879791018,-6.78590396722646));
#4700=CARTESIAN_POINT('Ctrl Pts',(6.6599858476313,8.21305857527309,-6.78590396923139));
#4701=CARTESIAN_POINT('Ctrl Pts',(6.65998584963626,8.21305945465454,0.000325955257479955));
#4702=CARTESIAN_POINT('Ctrl Pts',(6.65998585164123,8.21306033403598,6.78655587974635));
#4703=CARTESIAN_POINT('Ctrl Pts',(-0.126244072847688,8.21306055667306,6.78655588175129));
#4704=CARTESIAN_POINT('Ctrl Pts',(-6.91247399733661,8.21306077931014,6.78655588375622));
#4705=CARTESIAN_POINT('Ctrl Pts',(-6.91247399934158,8.2130598999287,0.000325959267345013));
#4706=CARTESIAN_POINT('Ctrl Pts',(-7.33642410987217,8.21305991383731,0.000325959392595981));
#4707=CARTESIAN_POINT('Ctrl Pts',(-7.33642411200238,8.21305897951905,-7.20985407562686));
#4708=CARTESIAN_POINT('Ctrl Pts',(-0.126244076982867,8.21305874297336,-7.20985407775705));
#4709=CARTESIAN_POINT('Ctrl Pts',(7.08393595803664,8.21305850642767,-7.20985407988723));
#4710=CARTESIAN_POINT('Ctrl Pts',(7.08393596016686,8.21305944074593,0.000325955132226767));
#4711=CARTESIAN_POINT('Ctrl Pts',(7.08393596229708,8.21306037506419,7.2105059901517));
#4712=CARTESIAN_POINT('Ctrl Pts',(-0.126244072722435,8.21306061160988,7.21050599228188));
#4713=CARTESIAN_POINT('Ctrl Pts',(-7.33642410774195,8.21306084815557,7.21050599441206));
#4714=CARTESIAN_POINT('Ctrl Pts',(-7.33642410987217,8.21305991383731,0.000325959392595981));
#4715=CARTESIAN_POINT('Ctrl Pts',(-7.33642412700953,7.74200423546998,0.000326012725785594));
#4716=CARTESIAN_POINT('Ctrl Pts',(-7.33642412913974,7.74200330115173,-7.20985402229367));
#4717=CARTESIAN_POINT('Ctrl Pts',(-0.12624409412023,7.74200306460604,-7.20985402442386));
#4718=CARTESIAN_POINT('Ctrl Pts',(7.08393594089928,7.74200282806035,-7.20985402655404));
#4719=CARTESIAN_POINT('Ctrl Pts',(7.0839359430295,7.74200376237861,0.00032600846541638));
#4720=CARTESIAN_POINT('Ctrl Pts',(7.08393594515971,7.74200469669687,7.21050604348488));
#4721=CARTESIAN_POINT('Ctrl Pts',(-0.126244089859798,7.74200493324256,7.21050604561507));
#4722=CARTESIAN_POINT('Ctrl Pts',(-7.33642412487931,7.74200516978825,7.21050604774525));
#4723=CARTESIAN_POINT('Ctrl Pts',(-7.33642412700953,7.74200423546998,0.000326012725785594));
#4724=CARTESIAN_POINT('Ctrl Pts',(-7.33642414414689,7.27094855710266,0.000326066058977427));
#4725=CARTESIAN_POINT('Ctrl Pts',(-7.3364241462771,7.2709476227844,-7.20985396896049));
#4726=CARTESIAN_POINT('Ctrl Pts',(-0.126244111257591,7.27094738623872,-7.20985397109067));
#4727=CARTESIAN_POINT('Ctrl Pts',(7.08393592376192,7.27094714969303,-7.20985397322085));
#4728=CARTESIAN_POINT('Ctrl Pts',(7.08393592589214,7.27094808401128,0.000326061798608213));
#4729=CARTESIAN_POINT('Ctrl Pts',(7.08393592802236,7.27094901832955,7.21050609681807));
#4730=CARTESIAN_POINT('Ctrl Pts',(-0.126244106997158,7.27094925487524,7.21050609894825));
#4731=CARTESIAN_POINT('Ctrl Pts',(-7.33642414201667,7.27094949142092,7.21050610107844));
#4732=CARTESIAN_POINT('Ctrl Pts',(-7.33642414414689,7.27094855710266,0.000326066058977427));
#4733=CARTESIAN_POINT('Ctrl Pts',(-6.9124740336163,7.27094854319406,0.000326065933724239));
#4734=CARTESIAN_POINT('Ctrl Pts',(-6.91247403562126,7.27094766381261,-6.78590385855515));
#4735=CARTESIAN_POINT('Ctrl Pts',(-0.126244111132338,7.27094744117553,-6.78590386056008));
#4736=CARTESIAN_POINT('Ctrl Pts',(6.65998581335658,7.27094721853845,-6.78590386256501));
#4737=CARTESIAN_POINT('Ctrl Pts',(6.65998581536155,7.27094809791989,0.000326061923859181));
#4738=CARTESIAN_POINT('Ctrl Pts',(6.65998581736651,7.27094897730134,6.78655598641273));
#4739=CARTESIAN_POINT('Ctrl Pts',(-0.126244107122409,7.27094919993842,6.78655598841766));
#4740=CARTESIAN_POINT('Ctrl Pts',(-6.91247403161133,7.2709494225755,6.7865559904226));
#4741=CARTESIAN_POINT('Ctrl Pts',(-6.9124740336163,7.27094854319406,0.000326065933724239));
#4742=CARTESIAN_POINT('Ctrl Pts',(-6.72267145961153,7.27094853696717,0.000326065877649348));
#4743=CARTESIAN_POINT('Ctrl Pts',(-6.72267146156042,7.27094768218095,-6.59610128460646));
#4744=CARTESIAN_POINT('Ctrl Pts',(-0.126244111076262,7.27094746577076,-6.59610128655532));
#4745=CARTESIAN_POINT('Ctrl Pts',(6.4701832394079,7.27094724936057,-6.59610128850417));
#4746=CARTESIAN_POINT('Ctrl Pts',(6.47018324135678,7.27094810414678,0.000326061979934072));
#4747=CARTESIAN_POINT('Ctrl Pts',(6.47018324330567,7.270948958933,6.59675341246404));
#4748=CARTESIAN_POINT('Ctrl Pts',(-0.126244107178485,7.27094917534319,6.5967534144129));
#4749=CARTESIAN_POINT('Ctrl Pts',(-6.72267145766264,7.27094939175339,6.59675341636176));
#4750=CARTESIAN_POINT('Ctrl Pts',(-6.72267145961153,7.27094853696717,0.000326065877649348));
#4751=CARTESIAN_POINT('Ctrl Pts',(-6.59625117271265,7.42825192610322,0.000326048030321077));
#4752=CARTESIAN_POINT('Ctrl Pts',(-6.59625117462419,7.42825108769895,-6.46968102127773));
#4753=CARTESIAN_POINT('Ctrl Pts',(-0.126244105316096,7.42825087543625,-6.46968102318924));
#4754=CARTESIAN_POINT('Ctrl Pts',(6.343762963992,7.42825066317355,-6.46968102510074));
#4755=CARTESIAN_POINT('Ctrl Pts',(6.34376296590354,7.42825150157782,0.000326044207304508));
#4756=CARTESIAN_POINT('Ctrl Pts',(6.34376296781507,7.42825233998209,6.47033311351535));
#4757=CARTESIAN_POINT('Ctrl Pts',(-0.12624410149302,7.42825255224479,6.47033311542686));
#4758=CARTESIAN_POINT('Ctrl Pts',(-6.59625117080111,7.42825276450749,6.47033311733837));
#4759=CARTESIAN_POINT('Ctrl Pts',(-6.59625117271265,7.42825192610322,0.000326048030321077));
#4760=CARTESIAN_POINT('Ctrl Pts',(-6.59625116973625,7.42825192980673,0.000326048030320657));
#4761=CARTESIAN_POINT('Ctrl Pts',(-6.48852391248627,7.56229578813807,0.000326032821972284));
#4762=CARTESIAN_POINT('Ctrl Pts',(-6.48852390594835,7.74200420765277,0.000326012475283658));
#4763=CARTESIAN_POINT('Ctrl Pts',(-6.48852389666932,7.99705729447375,0.000325983598028098));
#4764=CARTESIAN_POINT('Ctrl Pts',(-6.68074737980129,8.13646660591995,0.000325967870818404));
#4765=CARTESIAN_POINT('Origin',(-0.126237711399066,12.766950035722,0.000315676604476786));
#4766=CARTESIAN_POINT('',(-7.04352920611751,12.5983127622445,0.000325346684037206));
#4767=CARTESIAN_POINT('',(6.79104140310147,12.5983118300576,0.000316148102942567));
#4768=CARTESIAN_POINT('Origin',(-0.12624390150496,12.5983122961518,0.000325348397449577));
#4769=CARTESIAN_POINT('',(6.99060221815547,12.7669508479459,0.000316331952597875));
#4770=CARTESIAN_POINT('',(6.99060674274644,12.7669546714673,0.000316331608924708));
#4771=CARTESIAN_POINT('',(1.41412092655339,12.7669498198365,-6.94782316503292));
#4772=CARTESIAN_POINT('Ctrl Pts',(6.99060221815547,12.7669508479459,0.000316331952596727));
#4773=CARTESIAN_POINT('Ctrl Pts',(6.99060149711365,12.7669507492467,-0.566153387678257));
#4774=CARTESIAN_POINT('Ctrl Pts',(6.92381287686618,12.7669506484488,-1.13558022642238));
#4775=CARTESIAN_POINT('Ctrl Pts',(6.78324984835011,12.7669505458899,-1.70507615632721));
#4776=CARTESIAN_POINT('Ctrl Pts',(6.49555745345002,12.7669503359812,-2.870671759167));
#4777=CARTESIAN_POINT('Ctrl Pts',(5.88285090911465,12.7669501275748,-3.98342301903909));
#4778=CARTESIAN_POINT('Ctrl Pts',(5.10007173449017,12.7669499614597,-4.83031847376019));
#4779=CARTESIAN_POINT('Ctrl Pts',(4.47589540640477,12.766949829002,-5.5056201582405));
#4780=CARTESIAN_POINT('Ctrl Pts',(3.70351061004995,12.7669497114659,-6.07512241422806));
#4781=CARTESIAN_POINT('Ctrl Pts',(2.82674348172125,12.7669496210178,-6.47496276323267));
#4782=CARTESIAN_POINT('Ctrl Pts',(2.37312638163188,12.7669495742222,-6.68183003021144));
#4783=CARTESIAN_POINT('Ctrl Pts',(1.89639631270976,12.7669495352062,-6.84090527541037));
#4784=CARTESIAN_POINT('Ctrl Pts',(1.41412087260022,12.7669495051467,-6.94782292166532));
#4785=CARTESIAN_POINT('',(-3.41244950328781,12.7669526583427,6.31303865422056));
#4786=CARTESIAN_POINT('Ctrl Pts',(1.41412103333727,12.7669501327204,-6.94782364670496));
#4787=CARTESIAN_POINT('Ctrl Pts',(0.271976996642092,12.7669500800425,-7.20103032644009));
#4788=CARTESIAN_POINT('Ctrl Pts',(-0.861269519172223,12.7669500808709,-7.17540251776726));
#4789=CARTESIAN_POINT('Ctrl Pts',(-1.99551318339637,12.7669501359916,-6.86664821809357));
#4790=CARTESIAN_POINT('Ctrl Pts',(-3.18383305506965,12.7669501937402,-6.54317374665556));
#4791=CARTESIAN_POINT('Ctrl Pts',(-4.3025579632244,12.7669503170092,-5.87935008573371));
#4792=CARTESIAN_POINT('Ctrl Pts',(-5.13228997606073,12.7669504714837,-5.05823100579696));
#4793=CARTESIAN_POINT('Ctrl Pts',(-5.74552922538979,12.7669505856528,-4.45135741239553));
#4794=CARTESIAN_POINT('Ctrl Pts',(-6.27862657634637,12.7669507293364,-3.6920820933373));
#4795=CARTESIAN_POINT('Ctrl Pts',(-6.64543270973829,12.7669508886478,-2.85443656565238));
#4796=CARTESIAN_POINT('Ctrl Pts',(-7.03222760755089,12.7669510566407,-1.97114431181784));
#4797=CARTESIAN_POINT('Ctrl Pts',(-7.23083845845249,12.7669512416243,-1.00278626457592));
#4798=CARTESIAN_POINT('Ctrl Pts',(-7.24250696403066,12.7669514164877,-0.090715858418626));
#4799=CARTESIAN_POINT('Ctrl Pts',(-7.25370281150871,12.7669515842678,0.784409159791193));
#4800=CARTESIAN_POINT('Ctrl Pts',(-7.0974439628465,12.7669517614767,1.70555479523257));
#4801=CARTESIAN_POINT('Ctrl Pts',(-6.76360015862177,12.766951928146,2.56839701931565));
#4802=CARTESIAN_POINT('Ctrl Pts',(-6.40849033878268,12.7669521054321,3.48620272026386));
#4803=CARTESIAN_POINT('Ctrl Pts',(-5.85136733917022,12.7669522690402,4.32887946035939));
#4804=CARTESIAN_POINT('Ctrl Pts',(-5.19951351440104,12.7669523984546,4.99146037413384));
#4805=CARTESIAN_POINT('Ctrl Pts',(-4.69463458839341,12.7669524986897,5.50464772907197));
#4806=CARTESIAN_POINT('Ctrl Pts',(-4.08722299049185,12.7669525885443,5.96177211181431));
#4807=CARTESIAN_POINT('Ctrl Pts',(-3.41244950328781,12.7669526583427,6.31303865422056));
#4808=CARTESIAN_POINT('',(-0.125254778509715,12.7669519192496,7.11717053782144));
#4809=CARTESIAN_POINT('Ctrl Pts',(-3.41248496653435,12.767017577776,6.31310680225666));
#4810=CARTESIAN_POINT('Ctrl Pts',(-2.54748788006366,12.7668939557495,6.76323291603499));
#4811=CARTESIAN_POINT('Ctrl Pts',(-1.57586991852705,12.7668780623698,7.03113103738723));
#4812=CARTESIAN_POINT('Ctrl Pts',(-0.637347787539191,12.7669614659434,7.09880542359945));
#4813=CARTESIAN_POINT('Ctrl Pts',(-0.465105460415368,12.766976772589,7.11122536915321));
#4814=CARTESIAN_POINT('Ctrl Pts',(-0.294127717599406,12.7669952319492,7.11724524600472));
#4815=CARTESIAN_POINT('Ctrl Pts',(-0.125254775717529,12.7670165453564,7.11724701383223));
#4816=CARTESIAN_POINT('Ctrl Pts',(-0.125254778509715,12.7669519192496,7.11717053782144));
#4817=CARTESIAN_POINT('Ctrl Pts',(1.17704477336644,12.7669519500895,7.11698970528247));
#4818=CARTESIAN_POINT('Ctrl Pts',(2.59687877675218,12.7669519139668,6.71647619434715));
#4819=CARTESIAN_POINT('Ctrl Pts',(3.7451282727531,12.766951811492,5.97208981273623));
#4820=CARTESIAN_POINT('Ctrl Pts',(4.71618343144799,12.7669517248308,5.34257485240488));
#4821=CARTESIAN_POINT('Ctrl Pts',(5.48721490974847,12.7669516010741,4.52736864853969));
#4822=CARTESIAN_POINT('Ctrl Pts',(6.06219282089127,12.7669514383115,3.51497301824081));
#4823=CARTESIAN_POINT('Ctrl Pts',(6.57571125247829,12.7669512929466,2.61079251644843));
#4824=CARTESIAN_POINT('Ctrl Pts',(6.88751805944364,12.7669511194812,1.57278198294232));
#4825=CARTESIAN_POINT('Ctrl Pts',(6.96792289590111,12.7669509463252,0.568036673535027));
#4826=CARTESIAN_POINT('Ctrl Pts',(6.98321180242558,12.7669509133997,0.37698526676357));
#4827=CARTESIAN_POINT('Ctrl Pts',(6.99060246061308,12.7669508811345,0.190797506097233));
#4828=CARTESIAN_POINT('Ctrl Pts',(6.99060221815547,12.7669508479459,0.000316331952597559));
#4829=CARTESIAN_POINT('Origin',(-0.12624390150496,12.5983122961518,0.000325348397449577));
#4830=CARTESIAN_POINT('Ctrl Pts',(-7.01244510282894,11.8774143404671,0.000325442790473494));
#4831=CARTESIAN_POINT('Ctrl Pts',(-7.01244510112329,11.877413277391,-6.88587571211809));
#4832=CARTESIAN_POINT('Ctrl Pts',(-0.126243946214673,11.8774128133927,-6.88587571041237));
#4833=CARTESIAN_POINT('Ctrl Pts',(6.75995720869395,11.8774123493944,-6.88587570870665));
#4834=CARTESIAN_POINT('Ctrl Pts',(6.7599572069883,11.8774134124706,0.000325446201908246));
#4835=CARTESIAN_POINT('Ctrl Pts',(6.75995720528265,11.8774144755467,6.88652660111047));
#4836=CARTESIAN_POINT('Ctrl Pts',(-0.126243949625968,11.877414939545,6.88652659940476));
#4837=CARTESIAN_POINT('Ctrl Pts',(-7.01244510453459,11.8774154035432,6.88652659769904));
#4838=CARTESIAN_POINT('Ctrl Pts',(-7.01244510282894,11.8774143404671,0.000325442790473494));
#4839=CARTESIAN_POINT('Ctrl Pts',(-6.87622058983623,12.0172836061361,0.000325424179064378));
#4840=CARTESIAN_POINT('Ctrl Pts',(-6.87622058816432,12.01728256409,-6.74965122674233));
#4841=CARTESIAN_POINT('Ctrl Pts',(-0.126243937242869,12.0172821092706,-6.74965122507035));
#4842=CARTESIAN_POINT('Ctrl Pts',(6.62373271367858,12.0172816544513,-6.74965122339838));
#4843=CARTESIAN_POINT('Ctrl Pts',(6.62373271200668,12.0172826964974,0.000325427523014084));
#4844=CARTESIAN_POINT('Ctrl Pts',(6.62373271033477,12.0172837385435,6.75030207844441));
#4845=CARTESIAN_POINT('Ctrl Pts',(-0.12624394058668,12.0172841933629,6.75030207677243));
#4846=CARTESIAN_POINT('Ctrl Pts',(-6.87622059150813,12.0172846481822,6.75030207510046));
#4847=CARTESIAN_POINT('Ctrl Pts',(-6.87622058983623,12.0172836061361,0.000325424179064378));
#4848=CARTESIAN_POINT('Ctrl Pts',(-6.87622057656698,12.2233744433067,0.000325396706305157));
#4849=CARTESIAN_POINT('Ctrl Pts',(-6.87622057489507,12.2233734012606,-6.74965125421509));
#4850=CARTESIAN_POINT('Ctrl Pts',(-0.126243923973618,12.2233729464412,-6.74965125254311));
#4851=CARTESIAN_POINT('Ctrl Pts',(6.62373272694783,12.2233724916219,-6.74965125087114));
#4852=CARTESIAN_POINT('Ctrl Pts',(6.62373272527593,12.223373533668,0.000325400050254862));
#4853=CARTESIAN_POINT('Ctrl Pts',(6.62373272360402,12.2233745757141,6.75030205097165));
#4854=CARTESIAN_POINT('Ctrl Pts',(-0.126243927317429,12.2233750305335,6.75030204929968));
#4855=CARTESIAN_POINT('Ctrl Pts',(-6.87622057823888,12.2233754853528,6.7503020476277));
#4856=CARTESIAN_POINT('Ctrl Pts',(-6.87622057656698,12.2233744433067,0.000325396706305157));
#4857=CARTESIAN_POINT('Ctrl Pts',(-6.87622054623787,12.6944298432091,0.0003253339126761));
#4858=CARTESIAN_POINT('Ctrl Pts',(-6.87622054456596,12.694428801163,-6.74965131700872));
#4859=CARTESIAN_POINT('Ctrl Pts',(-0.126243893644509,12.6944283463436,-6.74965131533675));
#4860=CARTESIAN_POINT('Ctrl Pts',(6.62373275727694,12.6944278915243,-6.74965131366477));
#4861=CARTESIAN_POINT('Ctrl Pts',(6.62373275560504,12.6944289335704,0.000325337256623585));
#4862=CARTESIAN_POINT('Ctrl Pts',(6.62373275393313,12.6944299756165,6.75030198817801));
#4863=CARTESIAN_POINT('Ctrl Pts',(-0.126243896988321,12.6944304304359,6.75030198650604));
#4864=CARTESIAN_POINT('Ctrl Pts',(-6.87622054790977,12.6944308852552,6.75030198483407));
#4865=CARTESIAN_POINT('Ctrl Pts',(-6.87622054623787,12.6944298432091,0.0003253339126761));
#4866=CARTESIAN_POINT('Ctrl Pts',(-7.30017040615003,12.6944298717752,0.000325333807660169));
#4867=CARTESIAN_POINT('Ctrl Pts',(-7.30017040437311,12.6944287642807,-7.17360117702589));
#4868=CARTESIAN_POINT('Ctrl Pts',(-0.126243893539497,12.6944282808952,-7.1736011752489));
#4869=CARTESIAN_POINT('Ctrl Pts',(7.04768261729411,12.6944277975098,-7.17360117347191));
#4870=CARTESIAN_POINT('Ctrl Pts',(7.0476826155172,12.6944289050043,0.000325337361637295));
#4871=CARTESIAN_POINT('Ctrl Pts',(7.04768261374028,12.6944300124988,7.17425184819519));
#4872=CARTESIAN_POINT('Ctrl Pts',(-0.12624389709333,12.6944304958843,7.1742518464182));
#4873=CARTESIAN_POINT('Ctrl Pts',(-7.30017040792694,12.6944309792697,7.17425184464121));
#4874=CARTESIAN_POINT('Ctrl Pts',(-7.30017040615003,12.6944298717752,0.000325333807660169));
#4875=CARTESIAN_POINT('Ctrl Pts',(-7.72412026606219,12.6944299003413,0.000325333702648679));
#4876=CARTESIAN_POINT('Ctrl Pts',(-7.72412026418026,12.6944287273984,-7.59755103704306));
#4877=CARTESIAN_POINT('Ctrl Pts',(-0.12624389343449,12.6944282154468,-7.59755103516106));
#4878=CARTESIAN_POINT('Ctrl Pts',(7.47163247731129,12.6944277034953,-7.59755103327906));
#4879=CARTESIAN_POINT('Ctrl Pts',(7.47163247542936,12.6944288764382,0.000325337466648785));
#4880=CARTESIAN_POINT('Ctrl Pts',(7.47163247354743,12.6944300493811,7.59820170821236));
#4881=CARTESIAN_POINT('Ctrl Pts',(-0.126243897198337,12.6944305613327,7.59820170633036));
#4882=CARTESIAN_POINT('Ctrl Pts',(-7.72412026794411,12.6944310732843,7.59820170444836));
#4883=CARTESIAN_POINT('Ctrl Pts',(-7.72412026606219,12.6944299003413,0.000325333702648679));
#4884=CARTESIAN_POINT('Ctrl Pts',(-7.7241202963913,12.2233745004389,0.000325396496277737));
#4885=CARTESIAN_POINT('Ctrl Pts',(-7.72412029450938,12.223373327496,-7.59755097424943));
#4886=CARTESIAN_POINT('Ctrl Pts',(-0.126243923763601,12.2233728155444,-7.59755097236743));
#4887=CARTESIAN_POINT('Ctrl Pts',(7.47163244698217,12.2233723035929,-7.59755097048543));
#4888=CARTESIAN_POINT('Ctrl Pts',(7.47163244510025,12.2233734765358,0.000325400260277842));
#4889=CARTESIAN_POINT('Ctrl Pts',(7.47163244321832,12.2233746494787,7.59820177100599));
#4890=CARTESIAN_POINT('Ctrl Pts',(-0.12624392752745,12.2233751614303,7.59820176912399));
#4891=CARTESIAN_POINT('Ctrl Pts',(-7.72412029827322,12.2233756733819,7.59820176724199));
#4892=CARTESIAN_POINT('Ctrl Pts',(-7.7241202963913,12.2233745004389,0.000325396496277737));
#4893=CARTESIAN_POINT('Ctrl Pts',(-7.72412032672041,11.7523191005365,0.000325459289911235));
#4894=CARTESIAN_POINT('Ctrl Pts',(-7.72412032483849,11.7523179275936,-7.5975509114558));
#4895=CARTESIAN_POINT('Ctrl Pts',(-0.126243954092714,11.752317415642,-7.5975509095738));
#4896=CARTESIAN_POINT('Ctrl Pts',(7.47163241665306,11.7523169036905,-7.5975509076918));
#4897=CARTESIAN_POINT('Ctrl Pts',(7.47163241477114,11.7523180766334,0.00032546305390912));
#4898=CARTESIAN_POINT('Ctrl Pts',(7.47163241288921,11.7523192495764,7.59820183379962));
#4899=CARTESIAN_POINT('Ctrl Pts',(-0.126243957856564,11.7523197615279,7.59820183191762));
#4900=CARTESIAN_POINT('Ctrl Pts',(-7.72412032860233,11.7523202734795,7.59820183003562));
#4901=CARTESIAN_POINT('Ctrl Pts',(-7.72412032672041,11.7523191005365,0.000325459289911235));
#4902=CARTESIAN_POINT('Ctrl Pts',(-7.30017046680825,11.7523190719704,0.000325459394922725));
#4903=CARTESIAN_POINT('Ctrl Pts',(-7.30017046503133,11.7523179644759,-7.17360105143863));
#4904=CARTESIAN_POINT('Ctrl Pts',(-0.126243954197722,11.7523174810904,-7.17360104966164));
#4905=CARTESIAN_POINT('Ctrl Pts',(7.04768255663589,11.752316997705,-7.17360104788465));
#4906=CARTESIAN_POINT('Ctrl Pts',(7.04768255485897,11.7523181051995,0.00032546294889541));
#4907=CARTESIAN_POINT('Ctrl Pts',(7.04768255308206,11.752319212694,7.17425197378245));
#4908=CARTESIAN_POINT('Ctrl Pts',(-0.126243957751552,11.7523196960795,7.17425197200546));
#4909=CARTESIAN_POINT('Ctrl Pts',(-7.30017046858516,11.7523201794649,7.17425197022847));
#4910=CARTESIAN_POINT('Ctrl Pts',(-7.30017046680825,11.7523190719704,0.000325459394922725));
#4911=CARTESIAN_POINT('Ctrl Pts',(-7.13428061451078,11.7523190607926,0.000325459436013293));
#4912=CARTESIAN_POINT('Ctrl Pts',(-7.13428061277495,11.7523179789078,-7.00771119910007));
#4913=CARTESIAN_POINT('Ctrl Pts',(-0.126243954238811,11.7523175067001,-7.00771119736417));
#4914=CARTESIAN_POINT('Ctrl Pts',(6.88179270429733,11.7523170344925,-7.00771119562827));
#4915=CARTESIAN_POINT('Ctrl Pts',(6.8817927025615,11.7523181163773,0.000325462907804842));
#4916=CARTESIAN_POINT('Ctrl Pts',(6.88179270082568,11.7523191982621,7.00836212144389));
#4917=CARTESIAN_POINT('Ctrl Pts',(-0.126243957710462,11.7523196704698,7.00836211970799));
#4918=CARTESIAN_POINT('Ctrl Pts',(-7.1342806162466,11.7523201426774,7.00836211797209));
#4919=CARTESIAN_POINT('Ctrl Pts',(-7.13428061451078,11.7523190607926,0.000325459436013293));
#4920=CARTESIAN_POINT('Ctrl Pts',(-7.01244510282894,11.8774143404671,0.000325442790473494));
#4921=CARTESIAN_POINT('Ctrl Pts',(-7.01244510112329,11.877413277391,-6.88587571211809));
#4922=CARTESIAN_POINT('Ctrl Pts',(-0.126243946214673,11.8774128133927,-6.88587571041237));
#4923=CARTESIAN_POINT('Ctrl Pts',(6.75995720869395,11.8774123493944,-6.88587570870665));
#4924=CARTESIAN_POINT('Ctrl Pts',(6.7599572069883,11.8774134124706,0.000325446201908246));
#4925=CARTESIAN_POINT('Ctrl Pts',(6.75995720528265,11.8774144755467,6.88652660111047));
#4926=CARTESIAN_POINT('Ctrl Pts',(-0.126243949625968,11.877414939545,6.88652659940476));
#4927=CARTESIAN_POINT('Ctrl Pts',(-7.01244510453459,11.8774154035432,6.88652659769904));
#4928=CARTESIAN_POINT('Ctrl Pts',(-7.01244510282894,11.8774143404671,0.000325442790473494));
#4929=CARTESIAN_POINT('',(-7.01242893475368,11.8774311752848,0.000325536927004689));
#4930=CARTESIAN_POINT('Ctrl Pts',(-7.01242881814824,11.8774310617296,0.000325442788248514));
#4931=CARTESIAN_POINT('Ctrl Pts',(-6.87622058983528,12.0172982825803,0.000325424177107948));
#4932=CARTESIAN_POINT('Ctrl Pts',(-6.87622057656698,12.2233744433067,0.000325396706305157));
#4933=CARTESIAN_POINT('Ctrl Pts',(-6.87622056152947,12.4569288505267,0.000325365572538694));
#4934=CARTESIAN_POINT('Ctrl Pts',(-7.04352920611747,12.5983127622445,0.000325346684037457));
#4935=CARTESIAN_POINT('Origin',(-0.126255501788093,11.8774421093562,0.000333161464801141));
#4936=CARTESIAN_POINT('Origin',(-0.126254159653051,11.6883522681183,0.000332298659488528));
#4937=CARTESIAN_POINT('Ctrl Pts',(6.6150107249054,11.6904186464236,2.12546954258783));
#4938=CARTESIAN_POINT('Ctrl Pts',(6.54841466383543,11.6961403458381,2.31819013405599));
#4939=CARTESIAN_POINT('Ctrl Pts',(6.48071730481616,11.6934281123108,2.51236093309981));
#4940=CARTESIAN_POINT('Ctrl Pts',(6.41190489269254,11.681796967442,2.70811385298059));
#4941=CARTESIAN_POINT('',(-7.19655855142066,11.6883421721094,0.000331771518058235));
#4942=CARTESIAN_POINT('',(-4.41777805619609,11.684969367608,-5.62271007226839));
#4943=CARTESIAN_POINT('Ctrl Pts',(-4.90439667723384,11.685480082668,-5.2148462021266));
#4944=CARTESIAN_POINT('Ctrl Pts',(-4.74189251422735,11.6949905271884,-5.35117256527075));
#4945=CARTESIAN_POINT('Ctrl Pts',(-4.57901953797689,11.6953594652119,-5.48692703051435));
#4946=CARTESIAN_POINT('Ctrl Pts',(-4.41668946845662,11.6866315136972,-5.62150479595534));
#4947=CARTESIAN_POINT('',(-3.66038667899713,11.6781225932363,-6.12269378746752));
#4948=CARTESIAN_POINT('Ctrl Pts',(-4.41760044761726,11.6849819766171,-5.62283017434119));
#4949=CARTESIAN_POINT('Ctrl Pts',(-4.16928060324947,11.7026065805496,-5.79074818680255));
#4950=CARTESIAN_POINT('Ctrl Pts',(-3.91380163011041,11.701434418539,-5.96233100713139));
#4951=CARTESIAN_POINT('Ctrl Pts',(-3.66420396431641,11.6815001111821,-6.12882096764725));
#4952=CARTESIAN_POINT('',(-2.54361476878819,11.6799224713692,-6.64340644500113));
#4953=CARTESIAN_POINT('Ctrl Pts',(-3.66734431410165,11.673487702009,-6.13601703810701));
#4954=CARTESIAN_POINT('Ctrl Pts',(-3.29923189324096,11.6816664872007,-6.33924844222408));
#4955=CARTESIAN_POINT('Ctrl Pts',(-2.91938719079849,11.685648680841,-6.5099579281903));
#4956=CARTESIAN_POINT('Ctrl Pts',(-2.54478935486506,11.6852799810001,-6.6466400265796));
#4957=CARTESIAN_POINT('',(-1.35322018102815,11.6799253727822,-6.96224250133344));
#4958=CARTESIAN_POINT('Ctrl Pts',(-2.54822258883586,11.6734563854391,-6.65764279580812));
#4959=CARTESIAN_POINT('Ctrl Pts',(-2.14997432246208,11.6816954441522,-6.79397675782796));
#4960=CARTESIAN_POINT('Ctrl Pts',(-1.76530192939469,11.6856978700623,-6.89270600472912));
#4961=CARTESIAN_POINT('Ctrl Pts',(-1.35381550703013,11.6852808536065,-6.96563225324524));
#4962=CARTESIAN_POINT('',(-0.12553614771909,11.6797903936704,-7.06952340435561));
#4963=CARTESIAN_POINT('Ctrl Pts',(-1.35528456346,11.6734617093849,-6.97705989402794));
#4964=CARTESIAN_POINT('Ctrl Pts',(-0.948752512716674,11.6815225843382,-7.04069865191158));
#4965=CARTESIAN_POINT('Ctrl Pts',(-0.53674622355447,11.6856904321898,-7.07261167357937));
#4966=CARTESIAN_POINT('Ctrl Pts',(-0.125533600363236,11.6852578374304,-7.07299160610086));
#4967=CARTESIAN_POINT('Ctrl Pts',(-0.12333720381828,11.6734679563436,-7.08447175764846));
#4968=CARTESIAN_POINT('Ctrl Pts',(0.241898734565571,11.703089632067,-7.0554769894824));
#4969=CARTESIAN_POINT('Ctrl Pts',(0.610647356011953,11.7071305538881,-7.02284432458541));
#4970=CARTESIAN_POINT('Ctrl Pts',(0.979755713023778,11.6836829121031,-6.98754094198864));
#4971=CARTESIAN_POINT('',(2.9220410162823,11.6780410773798,-6.39023298797962));
#4972=CARTESIAN_POINT('Ctrl Pts',(2.27972185289017,11.6900672701126,-6.64624589884373));
#4973=CARTESIAN_POINT('Ctrl Pts',(2.492017148614,11.6968488863302,-6.56237483613498));
#4974=CARTESIAN_POINT('Ctrl Pts',(2.70606261551567,11.6930640329731,-6.47704624923532));
#4975=CARTESIAN_POINT('Ctrl Pts',(2.92204101631309,11.6780410765012,-6.39023298820826));
#4976=CARTESIAN_POINT('',(3.79681609604671,11.6859815405729,-5.88452323286596));
#4977=CARTESIAN_POINT('Ctrl Pts',(2.92204101643105,11.6780410765146,-6.3902329881375));
#4978=CARTESIAN_POINT('Ctrl Pts',(3.21299383064894,11.7025711099151,-6.22498390870973));
#4979=CARTESIAN_POINT('Ctrl Pts',(3.50520453128486,11.7056925029456,-6.05585427149263));
#4980=CARTESIAN_POINT('Ctrl Pts',(3.79681609610035,11.6859815407304,-5.88452323294261));
#4981=CARTESIAN_POINT('',(4.09016504123295,11.6973587610252,-5.66422649834412));
#4982=CARTESIAN_POINT('Ctrl Pts',(3.79681609599387,11.6859815408985,-5.88452323281692));
#4983=CARTESIAN_POINT('Ctrl Pts',(3.89489477351468,11.6921362093374,-5.81193739182002));
#4984=CARTESIAN_POINT('Ctrl Pts',(3.99270078331806,11.6959438127921,-5.73849166095547));
#4985=CARTESIAN_POINT('Ctrl Pts',(4.09016504123295,11.6973587610252,-5.66422649834412));
#4986=CARTESIAN_POINT('Ctrl Pts',(4.09016504123295,11.6973587610252,-5.66422649834412));
#4987=CARTESIAN_POINT('Ctrl Pts',(4.27992544111215,11.7001136287918,-5.51963413950699));
#4988=CARTESIAN_POINT('Ctrl Pts',(4.46838611195651,11.6937732881204,-5.37193657960463));
#4989=CARTESIAN_POINT('Ctrl Pts',(4.65502647869934,11.678303463686,-5.22146672305327));
#4990=CARTESIAN_POINT('Ctrl Pts',(6.14324041100376,11.6904245912698,-3.2637563563198));
#4991=CARTESIAN_POINT('Ctrl Pts',(6.23242811534999,11.6961435352095,-3.08038962438483));
#4992=CARTESIAN_POINT('Ctrl Pts',(6.32186327478242,11.6934280071288,-2.89521771184287));
#4993=CARTESIAN_POINT('Ctrl Pts',(6.41162942801397,11.6817928071247,-2.70813742564592));
#4994=CARTESIAN_POINT('Ctrl Pts',(6.84334075441129,11.6814749380471,-1.22801934579704));
#4995=CARTESIAN_POINT('Ctrl Pts',(6.87796147517468,11.700904169823,-0.922578197098503));
#4996=CARTESIAN_POINT('Ctrl Pts',(6.91079458535049,11.7016661768184,-0.616258144008596));
#4997=CARTESIAN_POINT('Ctrl Pts',(6.94219508972953,11.6832452076226,-0.310666534138001));
#4998=CARTESIAN_POINT('Origin',(-0.126237955864398,16.1818190588436,0.000333914029857166));
#4999=CARTESIAN_POINT('',(-7.24304419620496,16.1818620231361,0.000333107059247383));
#5000=CARTESIAN_POINT('',(-7.04352849882495,16.3504630098712,0.000327549201505832));
#5001=CARTESIAN_POINT('',(-7.24308911647466,16.1818240632816,0.000333107017635539));
#5002=CARTESIAN_POINT('',(-7.0005921813688,16.1818211014477,-1.84164906299266));
#5003=CARTESIAN_POINT('Ctrl Pts',(-7.24304419620496,16.1818620231361,0.000333107059247023));
#5004=CARTESIAN_POINT('Ctrl Pts',(-7.24291217972233,16.1819741143303,-0.612374032289839));
#5005=CARTESIAN_POINT('Ctrl Pts',(-7.16476239952251,16.181922822946,-1.22849192531771));
#5006=CARTESIAN_POINT('Ctrl Pts',(-7.00074228494428,16.1816898181698,-1.84168911747768));
#5007=CARTESIAN_POINT('',(6.92971770437854,16.1818221029852,0.929261583290134));
#5008=CARTESIAN_POINT('Ctrl Pts',(-7.0005921813688,16.1818211014477,-1.84164906299266));
#5009=CARTESIAN_POINT('Ctrl Pts',(-6.71543385142713,16.1818214858457,-2.90587337507685));
#5010=CARTESIAN_POINT('Ctrl Pts',(-6.16142504065888,16.1818218775799,-3.91841762370848));
#5011=CARTESIAN_POINT('Ctrl Pts',(-5.45700785675301,16.1818222104011,-4.71480650425939));
#5012=CARTESIAN_POINT('Ctrl Pts',(-4.93737669916017,16.1818224559151,-5.30228291078333));
#5013=CARTESIAN_POINT('Ctrl Pts',(-4.32540204221244,16.1818226807156,-5.80297536335419));
#5014=CARTESIAN_POINT('Ctrl Pts',(-3.61647827260319,16.1818228801884,-6.20191329545628));
#5015=CARTESIAN_POINT('Ctrl Pts',(-2.65422684199728,16.181823150941,-6.74340818157045));
#5016=CARTESIAN_POINT('Ctrl Pts',(-1.54184934859158,16.1818233579852,-7.05457294278914));
#5017=CARTESIAN_POINT('Ctrl Pts',(-0.482027138798202,16.1818234733272,-7.10762145541402));
#5018=CARTESIAN_POINT('Ctrl Pts',(0.375826849879095,16.1818235666886,-7.15056061797178));
#5019=CARTESIAN_POINT('Ctrl Pts',(1.25028453009393,16.1818236097151,-7.0393980789239));
#5020=CARTESIAN_POINT('Ctrl Pts',(2.10138457403642,16.1818235936051,-6.758902364296));
#5021=CARTESIAN_POINT('Ctrl Pts',(3.16153993054102,16.181823573538,-6.40950861622161));
#5022=CARTESIAN_POINT('Ctrl Pts',(4.14376015814812,16.1818234553731,-5.78993037555497));
#5023=CARTESIAN_POINT('Ctrl Pts',(4.89112725002779,16.181823274091,-5.04699886606384));
#5024=CARTESIAN_POINT('Ctrl Pts',(5.46960061649359,16.181823133776,-4.47195870705982));
#5025=CARTESIAN_POINT('Ctrl Pts',(5.97791357396999,16.1818229407876,-3.75958294182503));
#5026=CARTESIAN_POINT('Ctrl Pts',(6.33937500890035,16.1818227095773,-2.97377596176208));
#5027=CARTESIAN_POINT('Ctrl Pts',(6.76992779518731,16.1818224341725,-2.0377663296003));
#5028=CARTESIAN_POINT('Ctrl Pts',(6.98689969358363,16.1818221042887,-0.998259791220807));
#5029=CARTESIAN_POINT('Ctrl Pts',(6.9905537691634,16.1818217775577,-0.0264304968037484));
#5030=CARTESIAN_POINT('Ctrl Pts',(6.99173358582736,16.1818216720637,0.287350751298674));
#5031=CARTESIAN_POINT('Ctrl Pts',(6.97213729451483,16.1818215626635,0.607059950036248));
#5032=CARTESIAN_POINT('Ctrl Pts',(6.92971872437164,16.1818214503248,0.929261717574237));
#5033=CARTESIAN_POINT('',(-7.21600720041456,16.1818231658188,0.620613888020704));
#5034=CARTESIAN_POINT('Ctrl Pts',(6.92971718902721,16.1818227589666,0.929261515442328));
#5035=CARTESIAN_POINT('Ctrl Pts',(6.76380603697419,16.181823252424,2.18947626388025));
#5036=CARTESIAN_POINT('Ctrl Pts',(6.22013331593314,16.1818237641948,3.46071055473748));
#5037=CARTESIAN_POINT('Ctrl Pts',(5.4292220963074,16.1818241755636,4.44850319930813));
#5038=CARTESIAN_POINT('Ctrl Pts',(4.89010237610171,16.1818244559707,5.12182591992167));
#5039=CARTESIAN_POINT('Ctrl Pts',(4.25269826526706,16.1818246952883,5.67942942815453));
#5040=CARTESIAN_POINT('Ctrl Pts',(3.49331141604715,16.1818248969804,6.12799189157961));
#5041=CARTESIAN_POINT('Ctrl Pts',(2.57109392785978,16.18182514192,6.67273683776871));
#5042=CARTESIAN_POINT('Ctrl Pts',(1.50058646476571,16.1818253107754,7.00644944454783));
#5043=CARTESIAN_POINT('Ctrl Pts',(0.463550769919268,16.1818253826953,7.09268833807353));
#5044=CARTESIAN_POINT('Ctrl Pts',(-0.295154159956918,16.1818254353126,7.1557815121949));
#5045=CARTESIAN_POINT('Ctrl Pts',(-1.04625894303719,16.181825441957,7.10071102244414));
#5046=CARTESIAN_POINT('Ctrl Pts',(-1.80671176687648,16.1818253987918,6.91592349627748));
#5047=CARTESIAN_POINT('Ctrl Pts',(-2.88606357318342,16.1818253375251,6.6536445699609));
#5048=CARTESIAN_POINT('Ctrl Pts',(-3.92321541463363,16.1818251681003,6.11570611674505));
#5049=CARTESIAN_POINT('Ctrl Pts',(-4.74457954822315,16.1818249277753,5.41516165679777));
#5050=CARTESIAN_POINT('Ctrl Pts',(-5.3242895225572,16.1818247581565,4.92072490908988));
#5051=CARTESIAN_POINT('Ctrl Pts',(-5.81596394745568,16.1818245545226,4.34678628065625));
#5052=CARTESIAN_POINT('Ctrl Pts',(-6.22094754872687,16.1818243098742,3.67511412725956));
#5053=CARTESIAN_POINT('Ctrl Pts',(-6.77917621815359,16.1818239726514,2.7492824360387));
#5054=CARTESIAN_POINT('Ctrl Pts',(-7.12428086253272,16.1818235677891,1.66902133926162));
#5055=CARTESIAN_POINT('Ctrl Pts',(-7.21600720041455,16.1818231658188,0.620613888020708));
#5056=CARTESIAN_POINT('Ctrl Pts',(-7.2161622932406,16.1816916158596,0.620627296378445));
#5057=CARTESIAN_POINT('Ctrl Pts',(-7.23434301335111,16.1817682464683,0.411784970658367));
#5058=CARTESIAN_POINT('Ctrl Pts',(-7.24308906663716,16.1818239250121,0.208583119527045));
#5059=CARTESIAN_POINT('Ctrl Pts',(-7.24304419620496,16.1818620231361,0.000333107059247162));
#5060=CARTESIAN_POINT('Origin',(-0.126243675906536,16.3504626146618,0.000324874619078214));
#5061=CARTESIAN_POINT('',(-7.04350909776244,16.3504790717775,0.000333291898125096));
#5062=CARTESIAN_POINT('',(-7.24308911647466,16.1818240632816,0.000333107017635539));
#5063=CARTESIAN_POINT('Ctrl Pts',(-7.04352850236856,16.3504630068767,0.000324874019217045));
#5064=CARTESIAN_POINT('Ctrl Pts',(-7.04352850176876,16.3504619194294,-6.91695995244274));
#5065=CARTESIAN_POINT('Ctrl Pts',(-0.126243675306743,16.3504615242203,-6.91695995184288));
#5066=CARTESIAN_POINT('Ctrl Pts',(6.79104115115528,16.3504611290113,-6.91695995124303));
#5067=CARTESIAN_POINT('Ctrl Pts',(6.79104115055548,16.3504622164586,0.00032487521892903));
#5068=CARTESIAN_POINT('Ctrl Pts',(6.79104114995569,16.350463303906,6.91760970168088));
#5069=CARTESIAN_POINT('Ctrl Pts',(-0.126243676506331,16.350463699115,6.91760970108103));
#5070=CARTESIAN_POINT('Ctrl Pts',(-7.04352850296835,16.3504640943241,6.91760970048117));
#5071=CARTESIAN_POINT('Ctrl Pts',(-7.04352850236856,16.3504630068767,0.000324874019217045));
#5072=CARTESIAN_POINT('Ctrl Pts',(-6.87622050081835,16.4918471112223,0.000324854862599585));
#5073=CARTESIAN_POINT('Ctrl Pts',(-6.87622050023306,16.491846050077,-6.74965197797869));
#5074=CARTESIAN_POINT('Ctrl Pts',(-0.126243667391707,16.4918456644268,-6.74965197739335));
#5075=CARTESIAN_POINT('Ctrl Pts',(6.62373316544965,16.4918452787767,-6.749651976808));
#5076=CARTESIAN_POINT('Ctrl Pts',(6.62373316486437,16.491846339922,0.000324856033294552));
#5077=CARTESIAN_POINT('Ctrl Pts',(6.62373316427908,16.4918474010673,6.75030168887459));
#5078=CARTESIAN_POINT('Ctrl Pts',(-0.126243668562279,16.4918477867175,6.75030168828924));
#5079=CARTESIAN_POINT('Ctrl Pts',(-6.87622050140364,16.4918481723676,6.75030168770389));
#5080=CARTESIAN_POINT('Ctrl Pts',(-6.87622050081835,16.4918471112223,0.000324854862599585));
#5081=CARTESIAN_POINT('Ctrl Pts',(-6.87622048771945,16.7254010639011,0.000324823193608467));
#5082=CARTESIAN_POINT('Ctrl Pts',(-6.87622048713417,16.7254000027558,-6.74965200964768));
#5083=CARTESIAN_POINT('Ctrl Pts',(-0.126243654292808,16.7253996171057,-6.74965200906234));
#5084=CARTESIAN_POINT('Ctrl Pts',(6.62373317854855,16.7253992314555,-6.74965200847699));
#5085=CARTESIAN_POINT('Ctrl Pts',(6.62373317796327,16.7254002926008,0.000324824364303435));
#5086=CARTESIAN_POINT('Ctrl Pts',(6.62373317737798,16.7254013537462,6.75030165720559));
#5087=CARTESIAN_POINT('Ctrl Pts',(-0.12624365546338,16.7254017393963,6.75030165662025));
#5088=CARTESIAN_POINT('Ctrl Pts',(-6.87622048830473,16.7254021250465,6.7503016560349));
#5089=CARTESIAN_POINT('Ctrl Pts',(-6.87622048771945,16.7254010639011,0.000324823193608467));
#5090=CARTESIAN_POINT('Ctrl Pts',(-6.87622046130022,17.1964571025801,0.000324759320274989));
#5091=CARTESIAN_POINT('Ctrl Pts',(-6.87622046071494,17.1964560414348,-6.74965207352102));
#5092=CARTESIAN_POINT('Ctrl Pts',(-0.126243627873577,17.1964556557846,-6.74965207293567));
#5093=CARTESIAN_POINT('Ctrl Pts',(6.62373320496778,17.1964552701345,-6.74965207235032));
#5094=CARTESIAN_POINT('Ctrl Pts',(6.6237332043825,17.1964563312798,0.000324760490967736));
#5095=CARTESIAN_POINT('Ctrl Pts',(6.62373320379721,17.1964573924251,6.75030159333226));
#5096=CARTESIAN_POINT('Ctrl Pts',(-0.126243629044149,17.1964577780753,6.75030159274691));
#5097=CARTESIAN_POINT('Ctrl Pts',(-6.8762204618855,17.1964581637254,6.75030159216157));
#5098=CARTESIAN_POINT('Ctrl Pts',(-6.87622046130022,17.1964571025801,0.000324759320274989));
#5099=CARTESIAN_POINT('Ctrl Pts',(-7.30017089611129,17.1964571268019,0.000324759283508903));
#5100=CARTESIAN_POINT('Ctrl Pts',(-7.30017089548923,17.1964559990085,-7.17360250836884));
#5101=CARTESIAN_POINT('Ctrl Pts',(-0.126243627836815,17.1964555891365,-7.17360250774674));
#5102=CARTESIAN_POINT('Ctrl Pts',(7.0476836398156,17.1964551792646,-7.17360250712462));
#5103=CARTESIAN_POINT('Ctrl Pts',(7.04768363919357,17.196456307058,0.000324760527733822));
#5104=CARTESIAN_POINT('Ctrl Pts',(7.04768363857151,17.1964574348514,7.17425202818009));
#5105=CARTESIAN_POINT('Ctrl Pts',(-0.126243629080911,17.1964578447234,7.17425202755798));
#5106=CARTESIAN_POINT('Ctrl Pts',(-7.30017089673333,17.1964582545953,7.17425202693586));
#5107=CARTESIAN_POINT('Ctrl Pts',(-7.30017089611129,17.1964571268019,0.000324759283508903));
#5108=CARTESIAN_POINT('Ctrl Pts',(-7.72412133092236,17.1964571510237,0.000324759246742817));
#5109=CARTESIAN_POINT('Ctrl Pts',(-7.72412133026354,17.1964559565822,-7.59755294321667));
#5110=CARTESIAN_POINT('Ctrl Pts',(-0.126243627800053,17.1964555224885,-7.5975529425578));
#5111=CARTESIAN_POINT('Ctrl Pts',(7.47163407466343,17.1964550883947,-7.59755294189892));
#5112=CARTESIAN_POINT('Ctrl Pts',(7.47163407400464,17.1964562828362,0.000324760564497688));
#5113=CARTESIAN_POINT('Ctrl Pts',(7.47163407334582,17.1964574772777,7.59820246302791));
#5114=CARTESIAN_POINT('Ctrl Pts',(-0.126243629117673,17.1964579113715,7.59820246236904));
#5115=CARTESIAN_POINT('Ctrl Pts',(-7.72412133158116,17.1964583454652,7.59820246171016));
#5116=CARTESIAN_POINT('Ctrl Pts',(-7.72412133092236,17.1964571510237,0.000324759246742817));
#5117=CARTESIAN_POINT('Ctrl Pts',(-7.72412135734159,16.7254011123447,0.000324823120078516));
#5118=CARTESIAN_POINT('Ctrl Pts',(-7.72412135668277,16.7253999179032,-7.59755287934334));
#5119=CARTESIAN_POINT('Ctrl Pts',(-0.126243654219284,16.7253994838095,-7.59755287868446));
#5120=CARTESIAN_POINT('Ctrl Pts',(7.4716340482442,16.7253990497158,-7.59755287802558));
#5121=CARTESIAN_POINT('Ctrl Pts',(7.4716340475854,16.7254002441573,0.000324824437831166));
#5122=CARTESIAN_POINT('Ctrl Pts',(7.47163404692658,16.7254014385988,7.59820252690124));
#5123=CARTESIAN_POINT('Ctrl Pts',(-0.126243655536904,16.7254018726925,7.59820252624237));
#5124=CARTESIAN_POINT('Ctrl Pts',(-7.72412135800039,16.7254023067862,7.5982025255835));
#5125=CARTESIAN_POINT('Ctrl Pts',(-7.72412135734159,16.7254011123447,0.000324823120078516));
#5126=CARTESIAN_POINT('Ctrl Pts',(-7.72412138376082,16.2543450736658,0.000324886993411995));
#5127=CARTESIAN_POINT('Ctrl Pts',(-7.724121383102,16.2543438792243,-7.59755281547));
#5128=CARTESIAN_POINT('Ctrl Pts',(-0.126243680638515,16.2543434451305,-7.59755281481113));
#5129=CARTESIAN_POINT('Ctrl Pts',(7.47163402182498,16.2543430110368,-7.59755281415225));
#5130=CARTESIAN_POINT('Ctrl Pts',(7.47163402116616,16.2543442054783,0.000324888311166865));
#5131=CARTESIAN_POINT('Ctrl Pts',(7.47163402050736,16.2543453999198,7.59820259077458));
#5132=CARTESIAN_POINT('Ctrl Pts',(-0.126243681956135,16.2543458340135,7.59820259011571));
#5133=CARTESIAN_POINT('Ctrl Pts',(-7.72412138441962,16.2543462681073,7.59820258945683));
#5134=CARTESIAN_POINT('Ctrl Pts',(-7.72412138376082,16.2543450736658,0.000324886993411995));
#5135=CARTESIAN_POINT('Ctrl Pts',(-7.30017094894975,16.254345049444,0.00032488703017808));
#5136=CARTESIAN_POINT('Ctrl Pts',(-7.3001709483277,16.2543439216506,-7.17360238062218));
#5137=CARTESIAN_POINT('Ctrl Pts',(-0.126243680675275,16.2543435117786,-7.17360238000007));
#5138=CARTESIAN_POINT('Ctrl Pts',(7.04768358697714,16.2543431019067,-7.17360237937795));
#5139=CARTESIAN_POINT('Ctrl Pts',(7.0476835863551,16.2543442297001,0.000324888274400779));
#5140=CARTESIAN_POINT('Ctrl Pts',(7.04768358573305,16.2543453574935,7.17425215592676));
#5141=CARTESIAN_POINT('Ctrl Pts',(-0.126243681919373,16.2543457673655,7.17425215530465));
#5142=CARTESIAN_POINT('Ctrl Pts',(-7.30017094957179,16.2543461772374,7.17425215468253));
#5143=CARTESIAN_POINT('Ctrl Pts',(-7.30017094894975,16.254345049444,0.00032488703017808));
#5144=CARTESIAN_POINT('Ctrl Pts',(-7.15727045951127,16.2543450412796,0.000324887042570035));
#5145=CARTESIAN_POINT('Ctrl Pts',(-7.15727045890161,16.2543439359511,-7.03070189117131));
#5146=CARTESIAN_POINT('Ctrl Pts',(-0.126243680687667,16.2543435342436,-7.03070189056159));
#5147=CARTESIAN_POINT('Ctrl Pts',(6.90478309752627,16.2543431325361,-7.03070188995187));
#5148=CARTESIAN_POINT('Ctrl Pts',(6.90478309691662,16.2543442378645,0.000324888262008825));
#5149=CARTESIAN_POINT('Ctrl Pts',(6.90478309630697,16.2543453431929,7.03135166647589));
#5150=CARTESIAN_POINT('Ctrl Pts',(-0.126243681906981,16.2543457449005,7.03135166586617));
#5151=CARTESIAN_POINT('Ctrl Pts',(-7.15727046012092,16.254346146608,7.03135166525645));
#5152=CARTESIAN_POINT('Ctrl Pts',(-7.15727045951127,16.2543450412796,0.000324887042570035));
#5153=CARTESIAN_POINT('Ctrl Pts',(-7.04352850236856,16.3504630068767,0.000324874019217045));
#5154=CARTESIAN_POINT('Ctrl Pts',(-7.04352850176876,16.3504619194294,-6.91695995244274));
#5155=CARTESIAN_POINT('Ctrl Pts',(-0.126243675306743,16.3504615242203,-6.91695995184288));
#5156=CARTESIAN_POINT('Ctrl Pts',(6.79104115115528,16.3504611290113,-6.91695995124303));
#5157=CARTESIAN_POINT('Ctrl Pts',(6.79104115055548,16.3504622164586,0.00032487521892903));
#5158=CARTESIAN_POINT('Ctrl Pts',(6.79104114995569,16.350463303906,6.91760970168088));
#5159=CARTESIAN_POINT('Ctrl Pts',(-0.126243676506331,16.350463699115,6.91760970108103));
#5160=CARTESIAN_POINT('Ctrl Pts',(-7.04352850296835,16.3504640943241,6.91760970048117));
#5161=CARTESIAN_POINT('Ctrl Pts',(-7.04352850236856,16.3504630068767,0.000324874019217045));
#5162=CARTESIAN_POINT('Ctrl Pts',(-7.04352849882465,16.3504630098715,0.000327549201721658));
#5163=CARTESIAN_POINT('Ctrl Pts',(-7.02968398876195,16.3621623528787,0.000327427863569762));
#5164=CARTESIAN_POINT('Ctrl Pts',(-7.01643201276364,16.3748609454162,0.000327307308558939));
#5165=CARTESIAN_POINT('Ctrl Pts',(-7.00393271804817,16.3884267230071,0.000327187512441409));
#5166=CARTESIAN_POINT('Ctrl Pts',(-6.9913268510191,16.4021081660284,0.000327066694910297));
#5167=CARTESIAN_POINT('Ctrl Pts',(-6.97948736684693,16.4166709108897,0.000326946649103124));
#5168=CARTESIAN_POINT('Ctrl Pts',(-6.96854376596899,16.4319385780589,0.000326827314579865));
#5169=CARTESIAN_POINT('Ctrl Pts',(-6.95747857418402,16.4473758794755,0.000326706654168255));
#5170=CARTESIAN_POINT('Ctrl Pts',(-6.94732983799993,16.4635328153082,0.000326586720509258));
#5171=CARTESIAN_POINT('Ctrl Pts',(-6.93818547668377,16.480198963309,0.000326467419370795));
#5172=CARTESIAN_POINT('Ctrl Pts',(-6.92893660342977,16.4970555905969,0.000326346754726151));
#5173=CARTESIAN_POINT('Ctrl Pts',(-6.92071537341398,16.5144319229698,0.000326226736492365));
#5174=CARTESIAN_POINT('Ctrl Pts',(-6.91356034189223,16.5320989557452,0.000326107243130477));
#5175=CARTESIAN_POINT('Ctrl Pts',(-6.90632695517974,16.5499594612842,0.000325986441189426));
#5176=CARTESIAN_POINT('Ctrl Pts',(-6.90018301260095,16.5681158756125,0.000325866174901996));
#5177=CARTESIAN_POINT('Ctrl Pts',(-6.89511550655259,16.5863386185534,0.000325746305257526));
#5178=CARTESIAN_POINT('Ctrl Pts',(-6.88998905275154,16.6047733375106,0.000325625041229687));
#5179=CARTESIAN_POINT('Ctrl Pts',(-6.88596364030627,16.6232749433745,0.000325504182350086));
#5180=CARTESIAN_POINT('Ctrl Pts',(-6.88297830531892,16.6416297161666,0.000325383582974141));
#5181=CARTESIAN_POINT('Ctrl Pts',(-6.87991601250287,16.6604576497485,0.000325259874712206));
#5182=CARTESIAN_POINT('Ctrl Pts',(-6.87794733758772,16.6791302967355,0.000325136438788397));
#5183=CARTESIAN_POINT('Ctrl Pts',(-6.87696716719712,16.6974559828461,0.000325013127820986));
#5184=CARTESIAN_POINT('Ctrl Pts',(-6.87652336553841,16.7057534890459,0.000324957295067417));
#5185=CARTESIAN_POINT('Ctrl Pts',(-6.8762817654806,16.7139804591015,0.000324901488130657));
#5186=CARTESIAN_POINT('Ctrl Pts',(-6.87623075866562,16.7221221596192,0.000324845694507444));
#5187=CARTESIAN_POINT('Ctrl Pts',(-6.87621498254177,16.7246403422527,0.000324828437850468));
#5188=CARTESIAN_POINT('Ctrl Pts',(-6.87621733291914,16.7271475250277,0.000324827447719188));
#5189=CARTESIAN_POINT('Ctrl Pts',(-6.87623787935169,16.7296678290237,0.000324833557949747));
#5190=CARTESIAN_POINT('Ctrl Pts',(-6.87638349286569,16.7475293395453,0.000324876861435194));
#5191=CARTESIAN_POINT('Ctrl Pts',(-6.87744882506875,16.7658008198824,0.000324920112922019));
#5192=CARTESIAN_POINT('Ctrl Pts',(-6.87954915738407,16.7843141056915,0.000324963396143793));
#5193=CARTESIAN_POINT('Ctrl Pts',(-6.88161835631848,16.8025529676987,0.000325006037775176));
#5194=CARTESIAN_POINT('Ctrl Pts',(-6.88469293764413,16.8210260148512,0.000325048710523251));
#5195=CARTESIAN_POINT('Ctrl Pts',(-6.88885245772486,16.8395327675804,0.000325091506883414));
#5196=CARTESIAN_POINT('Ctrl Pts',(-6.89296259785791,16.8578198164823,0.000325133795184477));
#5197=CARTESIAN_POINT('Ctrl Pts',(-6.8981327511512,16.876138946488,0.000325176204605251));
#5198=CARTESIAN_POINT('Ctrl Pts',(-6.90439813503591,16.8942675821283,0.000325218831110183));
#5199=CARTESIAN_POINT('Ctrl Pts',(-6.91057254436053,16.9121329865473,0.000325260838670195));
#5200=CARTESIAN_POINT('Ctrl Pts',(-6.91781096705734,16.9298123100501,0.000325303057543795));
#5201=CARTESIAN_POINT('Ctrl Pts',(-6.92609881210026,16.9470782780743,0.000325345579310287));
#5202=CARTESIAN_POINT('Ctrl Pts',(-6.93429955819416,16.9641627939043,0.000325387654205349));
#5203=CARTESIAN_POINT('Ctrl Pts',(-6.94352780178405,16.9808414283302,0.000325430026145718));
#5204=CARTESIAN_POINT('Ctrl Pts',(-6.95371893244976,16.9968966979607,0.000325472776346239));
#5205=CARTESIAN_POINT('Ctrl Pts',(-6.9637754961251,17.0127399686103,0.000325514962059264));
#5206=CARTESIAN_POINT('Ctrl Pts',(-6.97476930281825,17.0279751564487,0.000325557516497883));
#5207=CARTESIAN_POINT('Ctrl Pts',(-6.98659165981156,17.0424126334963,0.000325600503854003));
#5208=CARTESIAN_POINT('Ctrl Pts',(-6.9948164668389,17.052456778056,0.000325630410133174));
#5209=CARTESIAN_POINT('Ctrl Pts',(-7.00344127426221,17.0621152462556,0.000325660525643845));
#5210=CARTESIAN_POINT('Ctrl Pts',(-7.01241795144176,17.0713337169,0.000325690866615164));
#5211=CARTESIAN_POINT('Ctrl Pts',(6.20433850633021,21.0347717398878,0.000324500047771758));
#5212=CARTESIAN_POINT('Ctrl Pts',(6.20433851343672,21.0347707211591,-6.330257592542));
#5213=CARTESIAN_POINT('Ctrl Pts',(-0.12624357915308,21.034771500275,-6.33025759964863));
#5214=CARTESIAN_POINT('Ctrl Pts',(-6.45682567174288,21.0347722793909,-6.33025760675526));
#5215=CARTESIAN_POINT('Ctrl Pts',(-6.4568256788494,21.0347732981197,0.000324485834510682));
#5216=CARTESIAN_POINT('Ctrl Pts',(-6.45682568595591,21.0347743168484,6.33090657842428));
#5217=CARTESIAN_POINT('Ctrl Pts',(-0.126243593366108,21.0347735377325,6.33090658553091));
#5218=CARTESIAN_POINT('Ctrl Pts',(6.20433849922369,21.0347727586165,6.33090659263754));
#5219=CARTESIAN_POINT('Ctrl Pts',(6.20433850633021,21.0347717398878,0.000324500047771758));
#5220=CARTESIAN_POINT('Ctrl Pts',(6.20433841075015,20.1618551614287,0.000324621038225406));
#5221=CARTESIAN_POINT('Ctrl Pts',(6.20433841785666,20.1618541427,-6.33025747155154));
#5222=CARTESIAN_POINT('Ctrl Pts',(-0.126243674733141,20.161854921816,-6.33025747865817));
#5223=CARTESIAN_POINT('Ctrl Pts',(-6.45682576732294,20.1618557009319,-6.3302574857648));
#5224=CARTESIAN_POINT('Ctrl Pts',(-6.45682577442945,20.1618567196606,0.000324606824966551));
#5225=CARTESIAN_POINT('Ctrl Pts',(-6.45682578153596,20.1618577383893,6.33090669941474));
#5226=CARTESIAN_POINT('Ctrl Pts',(-0.126243688946165,20.1618569592734,6.33090670652136));
#5227=CARTESIAN_POINT('Ctrl Pts',(6.20433840364363,20.1618561801575,6.33090671362799));
#5228=CARTESIAN_POINT('Ctrl Pts',(6.20433841075015,20.1618551614287,0.000324621038225406));
#5229=CARTESIAN_POINT('Ctrl Pts',(6.98996333136333,20.1618550647405,0.000324621920155315));
#5230=CARTESIAN_POINT('Ctrl Pts',(6.98996333935176,20.1618539195876,-7.11588239128278));
#5231=CARTESIAN_POINT('Ctrl Pts',(-0.126243673851219,20.1618547953918,-7.11588239927135));
#5232=CARTESIAN_POINT('Ctrl Pts',(-7.24245068705419,20.1618556711959,-7.11588240725991));
#5233=CARTESIAN_POINT('Ctrl Pts',(-7.24245069504263,20.1618568163488,0.0003246059430322));
#5234=CARTESIAN_POINT('Ctrl Pts',(-7.24245070303106,20.1618579615017,7.11653161914598));
#5235=CARTESIAN_POINT('Ctrl Pts',(-0.126243689828086,20.1618570856976,7.11653162713454));
#5236=CARTESIAN_POINT('Ctrl Pts',(6.98996332337489,20.1618562098934,7.1165316351231));
#5237=CARTESIAN_POINT('Ctrl Pts',(6.98996333136333,20.1618550647405,0.000324621920155315));
#5238=CARTESIAN_POINT('Ctrl Pts',(7.7755882519765,20.1618549680522,0.000324622802087445));
#5239=CARTESIAN_POINT('Ctrl Pts',(7.77558826084685,20.1618536964752,-7.90150731101403));
#5240=CARTESIAN_POINT('Ctrl Pts',(-0.126243672969305,20.1618546689676,-7.90150731988453));
#5241=CARTESIAN_POINT('Ctrl Pts',(-8.02807560678546,20.16185564146,-7.90150732875502));
#5242=CARTESIAN_POINT('Ctrl Pts',(-8.02807561565581,20.1618569130371,0.000324605061102291));
#5243=CARTESIAN_POINT('Ctrl Pts',(-8.02807562452615,20.1618581846142,7.90215653887722));
#5244=CARTESIAN_POINT('Ctrl Pts',(-0.126243690710001,20.1618572121217,7.90215654774772));
#5245=CARTESIAN_POINT('Ctrl Pts',(7.77558824310615,20.1618562396293,7.90215655661821));
#5246=CARTESIAN_POINT('Ctrl Pts',(7.7755882519765,20.1618549680522,0.000324622802087445));
#5247=CARTESIAN_POINT('Ctrl Pts',(7.77558834755657,21.0347715465113,0.000324501811633797));
#5248=CARTESIAN_POINT('Ctrl Pts',(7.77558835642691,21.0347702749342,-7.90150743200449));
#5249=CARTESIAN_POINT('Ctrl Pts',(-0.126243577389246,21.0347712474267,-7.90150744087498));
#5250=CARTESIAN_POINT('Ctrl Pts',(-8.0280755112054,21.0347722199191,-7.90150744974547));
#5251=CARTESIAN_POINT('Ctrl Pts',(-8.02807552007575,21.0347734914962,0.000324484070648643));
#5252=CARTESIAN_POINT('Ctrl Pts',(-8.0280755289461,21.0347747630732,7.90215641788677));
#5253=CARTESIAN_POINT('Ctrl Pts',(-0.126243595129942,21.0347737905808,7.90215642675726));
#5254=CARTESIAN_POINT('Ctrl Pts',(7.77558833868622,21.0347728180884,7.90215643562776));
#5255=CARTESIAN_POINT('Ctrl Pts',(7.77558834755657,21.0347715465113,0.000324501811633797));
#5256=CARTESIAN_POINT('Ctrl Pts',(7.77558844313663,21.9076881249704,0.000324380821180149));
#5257=CARTESIAN_POINT('Ctrl Pts',(7.77558845200698,21.9076868533933,-7.90150755299494));
#5258=CARTESIAN_POINT('Ctrl Pts',(-0.126243481809185,21.9076878258857,-7.90150756186544));
#5259=CARTESIAN_POINT('Ctrl Pts',(-8.02807541562535,21.9076887983782,-7.90150757073593));
#5260=CARTESIAN_POINT('Ctrl Pts',(-8.0280754244957,21.9076900699552,0.000324363080192775));
#5261=CARTESIAN_POINT('Ctrl Pts',(-8.02807543336604,21.9076913415323,7.90215629689632));
#5262=CARTESIAN_POINT('Ctrl Pts',(-0.126243499549881,21.9076903690399,7.90215630576681));
#5263=CARTESIAN_POINT('Ctrl Pts',(7.77558843426628,21.9076893965475,7.9021563146373));
#5264=CARTESIAN_POINT('Ctrl Pts',(7.77558844313663,21.9076881249704,0.000324380821180149));
#5265=CARTESIAN_POINT('Ctrl Pts',(6.98996352252345,21.9076882216587,0.00032437993925024));
#5266=CARTESIAN_POINT('Ctrl Pts',(6.98996353051188,21.9076870765057,-7.1158826332637));
#5267=CARTESIAN_POINT('Ctrl Pts',(-0.126243482691102,21.9076879523099,-7.11588264125226));
#5268=CARTESIAN_POINT('Ctrl Pts',(-7.24245049589408,21.9076888281141,-7.11588264924082));
#5269=CARTESIAN_POINT('Ctrl Pts',(-7.24245050388252,21.907689973267,0.000324363962124904));
#5270=CARTESIAN_POINT('Ctrl Pts',(-7.24245051187094,21.9076911184199,7.11653137716508));
#5271=CARTESIAN_POINT('Ctrl Pts',(-0.126243498667967,21.9076902426157,7.11653138515364));
#5272=CARTESIAN_POINT('Ctrl Pts',(6.98996351453502,21.9076893668116,7.11653139314219));
#5273=CARTESIAN_POINT('Ctrl Pts',(6.98996352252345,21.9076882216587,0.00032437993925024));
#5274=CARTESIAN_POINT('Ctrl Pts',(6.20433860191027,21.9076883183469,0.000324379057315889));
#5275=CARTESIAN_POINT('Ctrl Pts',(6.20433860901678,21.9076872996182,-6.33025771353246));
#5276=CARTESIAN_POINT('Ctrl Pts',(-0.126243483573019,21.9076880787341,-6.33025772063909));
#5277=CARTESIAN_POINT('Ctrl Pts',(-6.45682557616282,21.90768885785,-6.33025772774571));
#5278=CARTESIAN_POINT('Ctrl Pts',(-6.45682558326934,21.9076898765787,0.000324364844057034));
#5279=CARTESIAN_POINT('Ctrl Pts',(-6.45682559037585,21.9076908953075,6.33090645743383));
#5280=CARTESIAN_POINT('Ctrl Pts',(-0.126243497786047,21.9076901161915,6.33090646454046));
#5281=CARTESIAN_POINT('Ctrl Pts',(6.20433859480375,21.9076893370756,6.33090647164709));
#5282=CARTESIAN_POINT('Ctrl Pts',(6.20433860191027,21.9076883183469,0.000324379057315889));
#5283=CARTESIAN_POINT('Ctrl Pts',(6.20433850633021,21.0347717398878,0.000324500047771758));
#5284=CARTESIAN_POINT('Ctrl Pts',(6.20433851343672,21.0347707211591,-6.330257592542));
#5285=CARTESIAN_POINT('Ctrl Pts',(-0.12624357915308,21.034771500275,-6.33025759964863));
#5286=CARTESIAN_POINT('Ctrl Pts',(-6.45682567174288,21.0347722793909,-6.33025760675526));
#5287=CARTESIAN_POINT('Ctrl Pts',(-6.4568256788494,21.0347732981197,0.000324485834510682));
#5288=CARTESIAN_POINT('Ctrl Pts',(-6.45682568595591,21.0347743168484,6.33090657842428));
#5289=CARTESIAN_POINT('Ctrl Pts',(-0.126243593366108,21.0347735377325,6.33090658553091));
#5290=CARTESIAN_POINT('Ctrl Pts',(6.20433849922369,21.0347727586165,6.33090659263754));
#5291=CARTESIAN_POINT('Ctrl Pts',(6.20433850633021,21.0347717398878,0.000324500047771758));
#5292=CARTESIAN_POINT('',(6.52076336997947,21.7349107969082,0.000324403360325622));
#5293=CARTESIAN_POINT('Ctrl Pts',(6.52076336997992,21.7349107969086,0.000324403360325025));
#5294=CARTESIAN_POINT('Ctrl Pts',(6.30579043054521,21.5570531797078,0.000324427770927517));
#5295=CARTESIAN_POINT('Ctrl Pts',(6.23347479486287,21.2702943398774,0.000324467435908879));
#5296=CARTESIAN_POINT('',(-0.416363340625336,21.7326561703803,-6.63763285803539));
#5297=CARTESIAN_POINT('Ctrl Pts',(6.52076336997946,21.7349107969082,0.000324403360327796));
#5298=CARTESIAN_POINT('Ctrl Pts',(6.5202476522988,21.7344839051214,-1.31786479175763));
#5299=CARTESIAN_POINT('Ctrl Pts',(6.11460642053785,21.7340501493387,-2.63689519488673));
#5300=CARTESIAN_POINT('Ctrl Pts',(5.37563725048983,21.7336854505946,-3.72692353145147));
#5301=CARTESIAN_POINT('Ctrl Pts',(4.31246206179715,21.7331607485208,-5.29517716012758));
#5302=CARTESIAN_POINT('Ctrl Pts',(2.54313330369437,21.7327843981822,-6.37271010917486));
#5303=CARTESIAN_POINT('Ctrl Pts',(0.661097771134347,21.7326845981037,-6.59718985360889));
#5304=CARTESIAN_POINT('Ctrl Pts',(0.304562694982574,21.7326656918567,-6.63971556653603));
#5305=CARTESIAN_POINT('Ctrl Pts',(-0.057713363043503,21.7326561346237,-6.65330809570522));
#5306=CARTESIAN_POINT('Ctrl Pts',(-0.416363340625336,21.7326561703803,-6.63763285803539));
#5307=CARTESIAN_POINT('',(-2.66625685532079,21.7343069682719,6.13245804104944));
#5308=CARTESIAN_POINT('Ctrl Pts',(-0.416363340625337,21.7326561703803,-6.63763285803539));
#5309=CARTESIAN_POINT('Ctrl Pts',(-1.88298637197791,21.7326563165993,-6.5735322975293));
#5310=CARTESIAN_POINT('Ctrl Pts',(-3.32595901742523,21.7328211359194,-6.005596215149));
#5311=CARTESIAN_POINT('Ctrl Pts',(-4.44343025078694,21.7331161264118,-5.05099832428538));
#5312=CARTESIAN_POINT('Ctrl Pts',(-5.80882517635763,21.7334765638972,-3.88461204315972));
#5313=CARTESIAN_POINT('Ctrl Pts',(-6.66808521982556,21.7340299416312,-2.14531221168279));
#5314=CARTESIAN_POINT('Ctrl Pts',(-6.76362682822563,21.7346103907188,-0.350380397547746));
#5315=CARTESIAN_POINT('Ctrl Pts',(-6.85912350955249,21.7351905668586,1.44370737560509));
#5316=CARTESIAN_POINT('Ctrl Pts',(-6.1926052509964,21.735787200791,3.26094056369724));
#5317=CARTESIAN_POINT('Ctrl Pts',(-4.95712851815501,21.7362262279571,4.56830105971167));
#5318=CARTESIAN_POINT('Ctrl Pts',(-4.31564167285657,21.7364541805719,5.24711154473581));
#5319=CARTESIAN_POINT('Ctrl Pts',(-3.53452613179297,21.736638561456,5.78550067146477));
#5320=CARTESIAN_POINT('Ctrl Pts',(-2.67080664987699,21.7367659105565,6.14343347918115));
#5321=CARTESIAN_POINT('',(2.93861066998459,21.7349095718531,5.88861302821108));
#5322=CARTESIAN_POINT('Ctrl Pts',(-2.66620191194435,21.7266926484789,6.132326647449));
#5323=CARTESIAN_POINT('Ctrl Pts',(-1.04664917549054,21.7267295994237,6.80321424547208));
#5324=CARTESIAN_POINT('Ctrl Pts',(0.835461122390861,21.7267333398986,6.79771933059864));
#5325=CARTESIAN_POINT('Ctrl Pts',(2.45160675214985,21.7267027665411,6.11650746244995));
#5326=CARTESIAN_POINT('Ctrl Pts',(2.6166646336394,21.7266996440665,6.04693490306436));
#5327=CARTESIAN_POINT('Ctrl Pts',(2.77929167238226,21.7266961733998,5.97048822278676));
#5328=CARTESIAN_POINT('Ctrl Pts',(2.93817783495167,21.7266923826689,5.88778304179062));
#5329=CARTESIAN_POINT('Ctrl Pts',(2.94373243602226,21.7367654783545,5.89844641132768));
#5330=CARTESIAN_POINT('Ctrl Pts',(4.63467144923625,21.7365055360041,5.01795530330293));
#5331=CARTESIAN_POINT('Ctrl Pts',(5.90781453913469,21.735994822546,3.37808588820152));
#5332=CARTESIAN_POINT('Ctrl Pts',(6.34382699107113,21.7354021470374,1.52636080233985));
#5333=CARTESIAN_POINT('Ctrl Pts',(6.46142386477095,21.7352422965867,1.02693221932176));
#5334=CARTESIAN_POINT('Ctrl Pts',(6.52096419929801,21.7350770358988,0.513649906227837));
#5335=CARTESIAN_POINT('Ctrl Pts',(6.52076336997946,21.7349107969082,0.00032440336032738));
#5336=CARTESIAN_POINT('Origin',(-0.126243992212973,7.19042836943113,0.00182913745337314));
#5337=CARTESIAN_POINT('',(-0.126666251969796,7.19635965206174,-6.64072146612792));
#5338=CARTESIAN_POINT('',(-2.30550662800869,5.53836735620599,5.98780111547596));
#5339=CARTESIAN_POINT('',(-2.666115595752,7.22046352969353,6.13211915732782));
#5340=CARTESIAN_POINT('',(2.31211574747966,5.53836834165251,5.88704627150437));
#5341=CARTESIAN_POINT('Ctrl Pts',(-2.30550662800869,5.53836735620599,5.98780111547596));
#5342=CARTESIAN_POINT('Ctrl Pts',(-2.13134266016262,5.53837278344462,6.05120575007574));
#5343=CARTESIAN_POINT('Ctrl Pts',(-1.86593317499635,5.53837214655432,6.13486878162258));
#5344=CARTESIAN_POINT('Ctrl Pts',(-1.50577957985976,5.5383683194167,6.22300649909408));
#5345=CARTESIAN_POINT('Ctrl Pts',(-1.23303471028546,5.53837316824158,6.27725104120252));
#5346=CARTESIAN_POINT('Ctrl Pts',(-0.958187350473813,5.53837218980393,6.31955864139447));
#5347=CARTESIAN_POINT('Ctrl Pts',(-0.681755039812181,5.53837077106343,6.34982942253358));
#5348=CARTESIAN_POINT('Ctrl Pts',(-0.4042669024549,5.53836522695207,6.36802653848872));
#5349=CARTESIAN_POINT('Ctrl Pts',(-0.126245422810253,5.53837322264375,6.37408192848971));
#5350=CARTESIAN_POINT('Ctrl Pts',(0.15177606842216,5.53836519845606,6.36802672649086));
#5351=CARTESIAN_POINT('Ctrl Pts',(0.429267058788241,5.53837071282455,6.34982941929563));
#5352=CARTESIAN_POINT('Ctrl Pts',(0.705699374484648,5.53837210723235,6.319558653577));
#5353=CARTESIAN_POINT('Ctrl Pts',(0.980546716268733,5.53837304163676,6.27725099570953));
#5354=CARTESIAN_POINT('Ctrl Pts',(1.25329165291945,5.53836822309533,6.22300666888525));
#5355=CARTESIAN_POINT('Ctrl Pts',(1.52340675571816,5.53837084747081,6.15690253896981));
#5356=CARTESIAN_POINT('Ctrl Pts',(1.87937871236137,5.53837373780357,6.05316015783546));
#5357=CARTESIAN_POINT('Ctrl Pts',(2.1408759148932,5.53836242868874,5.95796915797505));
#5358=CARTESIAN_POINT('Ctrl Pts',(2.31211574747966,5.53836834165251,5.88704627150437));
#5359=CARTESIAN_POINT('',(2.31211574747966,5.53836834165251,5.88704627150437));
#5360=CARTESIAN_POINT('Origin',(-0.126281913451999,1.42344893475882,0.000914725880337771));
#5361=CARTESIAN_POINT('',(-1.99984659835345,1.42356218565842,-5.14735196364099));
#5362=CARTESIAN_POINT('',(-2.07654371465247,0.0418188866567095,-4.70875106601605));
#5363=CARTESIAN_POINT('',(-1.99984659259306,1.42356228944954,-5.14735199658948));
#5364=CARTESIAN_POINT('',(2.42228910436095,0.042157638408307,-4.4138646259711));
#5365=CARTESIAN_POINT('Origin',(-0.126280846754764,0.0404053714432172,0.000900043598656379));
#5366=CARTESIAN_POINT('',(2.61276249633062,1.42357492124468,-4.74376940618115));
#5367=CARTESIAN_POINT('',(2.42204740950099,0.0404049155915093,-4.41344600430376));
#5368=CARTESIAN_POINT('Ctrl Pts',(2.61276249633061,1.42357492124468,-4.74376940618115));
#5369=CARTESIAN_POINT('Ctrl Pts',(2.26777313142412,1.42355988846974,-4.94296640407929));
#5370=CARTESIAN_POINT('Ctrl Pts',(1.90097746451677,1.42355843377874,-5.10437688819886));
#5371=CARTESIAN_POINT('Ctrl Pts',(1.52104305143021,1.4235568530374,-5.22417994306844));
#5372=CARTESIAN_POINT('Ctrl Pts',(1.14110863834365,1.42355527229605,-5.34398299793802));
#5373=CARTESIAN_POINT('Ctrl Pts',(0.748064476062186,1.42355357228101,-5.42216939992581));
#5374=CARTESIAN_POINT('Ctrl Pts',(0.351202369276698,1.42355417735856,-5.45689054289661));
#5375=CARTESIAN_POINT('Ctrl Pts',(-0.0456597375087901,1.42355478243611,
-5.49161168586742));
#5376=CARTESIAN_POINT('Ctrl Pts',(-0.446309932614591,1.42355769291364,-5.48286494672555));
#5377=CARTESIAN_POINT('Ctrl Pts',(-0.841276320145095,1.42355808190328,-5.43085652589021));
#5378=CARTESIAN_POINT('Ctrl Pts',(-1.2362427076756,1.42355847089292,-5.37884810505487));
#5379=CARTESIAN_POINT('Ctrl Pts',(-1.62549490598806,1.42355633213562,-5.283582105879));
#5380=CARTESIAN_POINT('Ctrl Pts',(-1.99983439863065,1.4235744248552,-5.14731849898951));
#5381=CARTESIAN_POINT('Origin',(-0.127105526031949,1.50174310148276,3.08203930869483E-5));
#5382=CARTESIAN_POINT('',(3.77849577144738,0.0429075014475592,3.27679121168258));
#5383=CARTESIAN_POINT('',(4.96628799874595,0.0430895097329063,-0.22170015282727));
#5384=CARTESIAN_POINT('Origin',(-0.127194229372574,0.0404053714512212,-4.81009426496555E-7));
#5385=CARTESIAN_POINT('',(4.07018552662089,1.42356494596057,3.52154603506498));
#5386=CARTESIAN_POINT('',(3.77796629377808,0.0404042062425132,3.27634816797776));
#5387=CARTESIAN_POINT('',(5.35175923416895,1.42357730882599,0.000329331533972868));
#5388=CARTESIAN_POINT('Ctrl Pts',(4.07015085247904,1.42358035763273,3.52151693527743));
#5389=CARTESIAN_POINT('Ctrl Pts',(4.2750168758285,1.42355970092688,3.27739584344142));
#5390=CARTESIAN_POINT('Ctrl Pts',(4.45852609279573,1.4235627604728,3.01535225753262));
#5391=CARTESIAN_POINT('Ctrl Pts',(4.61788664328885,1.42356120472757,2.7393560969073));
#5392=CARTESIAN_POINT('Ctrl Pts',(4.77724719378199,1.42355964898234,2.46335993628198));
#5393=CARTESIAN_POINT('Ctrl Pts',(4.91245376662374,1.42355348150549,2.17342028376614));
#5394=CARTESIAN_POINT('Ctrl Pts',(5.02145660143516,1.42355335215987,1.87393800918824));
#5395=CARTESIAN_POINT('Ctrl Pts',(5.1304594362466,1.42355322281425,1.57445573461034));
#5396=CARTESIAN_POINT('Ctrl Pts',(5.21325525805055,1.42355913175366,1.26543983694541));
#5397=CARTESIAN_POINT('Ctrl Pts',(5.26858552350626,1.42356117838293,0.951579138390988));
#5398=CARTESIAN_POINT('Ctrl Pts',(5.32391578896198,1.42356322501219,0.637718439836566));
#5399=CARTESIAN_POINT('Ctrl Pts',(5.3517787334216,1.42356140616866,0.319023192848231));
#5400=CARTESIAN_POINT('Ctrl Pts',(5.35175923416893,1.42357730882599,0.000329331533970301));
#5401=CARTESIAN_POINT('Ctrl Pts',(5.35175923416893,1.42357730882599,0.000329331533970301));
#5402=CARTESIAN_POINT('Ctrl Pts',(5.22486904499318,0.9634094049218,-0.0791416399297529));
#5403=CARTESIAN_POINT('Ctrl Pts',(5.0962594372001,0.503241128769425,-0.153133465540331));
#5404=CARTESIAN_POINT('Ctrl Pts',(4.9662882944839,0.0430718337428809,-0.221581881127306));
#5405=CARTESIAN_POINT('Origin',(-0.125269716319845,2.80721916675568,0.00035415087748158));
#5406=CARTESIAN_POINT('',(-1.77349613074245,1.42359591030054,5.22473057968226));
#5407=CARTESIAN_POINT('',(-1.65896135618994,0.0418666113134283,4.86148686731241));
#5408=CARTESIAN_POINT('Ctrl Pts',(-1.77349613074244,1.42359591030054,5.22473057968226));
#5409=CARTESIAN_POINT('Ctrl Pts',(-1.73527407493189,0.9630194033766,5.10366326124507));
#5410=CARTESIAN_POINT('Ctrl Pts',(-1.69709581419913,0.502442970422483,4.98258201574258));
#5411=CARTESIAN_POINT('Ctrl Pts',(-1.65896135618995,0.0418666113134316,
4.86148686731241));
#5412=CARTESIAN_POINT('',(-5.22839322997655,0.0404056282426599,-0.149762930810669));
#5413=CARTESIAN_POINT('Origin',(-0.123901830558845,0.0404053712984497,0.00039451410222237));
#5414=CARTESIAN_POINT('',(-5.94693040211816,2.80169378514123,-0.170900069039061));
#5415=CARTESIAN_POINT('Origin',(-0.123901830558845,0.0404053712984497,0.00039451410222237));
#5416=CARTESIAN_POINT('Origin',(-0.123901830558845,0.0404053712984497,0.00039451410222237));
#5417=CARTESIAN_POINT('',(1.61681347618118,0.0421009089949949,4.79016004065172));
#5418=CARTESIAN_POINT('Origin',(-0.123901830558845,0.0404053712984497,0.00039451410222237));
#5419=CARTESIAN_POINT('',(1.52099948986288,1.42359535099116,5.22473167849343));
#5420=CARTESIAN_POINT('Ctrl Pts',(1.61681347618118,0.0421009089949965,4.79016004065171));
#5421=CARTESIAN_POINT('Ctrl Pts',(1.59050855276695,0.502600048183762,4.93478108324126));
#5422=CARTESIAN_POINT('Ctrl Pts',(1.55858557409155,0.963097583868106,5.07975621510785));
#5423=CARTESIAN_POINT('Ctrl Pts',(1.52099948986287,1.42359535099116,5.22473167849344));
#5424=CARTESIAN_POINT('Ctrl Pts',(1.52099948986288,1.42359535099116,5.22473167849344));
#5425=CARTESIAN_POINT('Ctrl Pts',(1.25506792477726,1.42354815898928,5.30862943153762));
#5426=CARTESIAN_POINT('Ctrl Pts',(0.982126752274243,1.42355553862307,5.37231011746565));
#5427=CARTESIAN_POINT('Ctrl Pts',(0.70640867325659,1.42355432757176,5.4147421197943));
#5428=CARTESIAN_POINT('Ctrl Pts',(0.430690594238935,1.42355311652046,5.45717412212295));
#5429=CARTESIAN_POINT('Ctrl Pts',(0.152218776482696,1.42354290643669,5.47843606151079));
#5430=CARTESIAN_POINT('Ctrl Pts',(-0.126251194797688,1.42354286236851,5.47843579919399));
#5431=CARTESIAN_POINT('Ctrl Pts',(-0.404721166078068,1.42354281830033,5.47843553687719));
#5432=CARTESIAN_POINT('Ctrl Pts',(-0.68319243330003,1.42355294035623,5.45717307688458));
#5433=CARTESIAN_POINT('Ctrl Pts',(-0.958909517879263,1.42355412603315,5.41474079126199));
#5434=CARTESIAN_POINT('Ctrl Pts',(-1.2346266024585,1.42355531171006,5.37230850563941));
#5435=CARTESIAN_POINT('Ctrl Pts',(-1.50756632665757,1.42354796745449,5.30862777232973));
#5436=CARTESIAN_POINT('Ctrl Pts',(-1.77349613074245,1.42359591030054,5.22473057968226));
#5437=CARTESIAN_POINT('Origin',(-0.125574122037021,26.142033169814,0.000770393887091415));
#5438=CARTESIAN_POINT('',(-4.3693952342434,28.9083691818485,-2.83529594100029));
#5439=CARTESIAN_POINT('',(-4.96808758388246,26.1465784135857,-3.23539060318754));
#5440=CARTESIAN_POINT('',(-2.07654213880608,28.9069564423356,4.70940709061991));
#5441=CARTESIAN_POINT('Origin',(-0.124640008520043,28.9083693652952,0.00139429809768352));
#5442=CARTESIAN_POINT('',(-1.99984525235893,27.5252146234895,5.14800320301341));
#5443=CARTESIAN_POINT('',(-2.07662072479533,28.9083722175093,4.70895769155074));
#5444=CARTESIAN_POINT('',(1.74734434818522,27.5251991918338,5.14796152701127));
#5445=CARTESIAN_POINT('Ctrl Pts',(-1.99983040011279,27.5251997247323,5.14796246584462));
#5446=CARTESIAN_POINT('Ctrl Pts',(-1.70036220247583,27.5252196565523,5.25697993406689));
#5447=CARTESIAN_POINT('Ctrl Pts',(-1.39135690081983,27.5252142857403,5.33979886181252));
#5448=CARTESIAN_POINT('Ctrl Pts',(-1.07749981360635,27.5252148397695,5.39515280728058));
#5449=CARTESIAN_POINT('Ctrl Pts',(-0.763642726392881,27.5252153937986,5.45050675274864));
#5450=CARTESIAN_POINT('Ctrl Pts',(-0.444944281567857,27.5252218693423,5.47839381606425));
#5451=CARTESIAN_POINT('Ctrl Pts',(-0.126241246593926,27.5252217533278,5.47839365641566));
#5452=CARTESIAN_POINT('Ctrl Pts',(0.192461788380009,27.5252216373134,5.47839349676706));
#5453=CARTESIAN_POINT('Ctrl Pts',(0.511159913094917,27.5252149299224,5.45050611501991));
#5454=CARTESIAN_POINT('Ctrl Pts',(0.82501637383592,27.5252145680054,5.39515188949517));
#5455=CARTESIAN_POINT('Ctrl Pts',(1.13887283457692,27.5252142060883,5.33979766397044));
#5456=CARTESIAN_POINT('Ctrl Pts',(1.44787716466266,27.5252201933869,5.25697850488345));
#5457=CARTESIAN_POINT('Ctrl Pts',(1.74734434818521,27.5251991918339,5.14796152701127));
#5458=CARTESIAN_POINT('',(1.61704081925851,28.906754704843,4.78996665434224));
#5459=CARTESIAN_POINT('',(1.74735953523326,27.5252143037009,5.14800324313155));
#5460=CARTESIAN_POINT('',(4.96594615901778,28.9067644020384,-0.222268382496378));
#5461=CARTESIAN_POINT('Origin',(-0.124640008520043,28.9083693652952,0.00139429809768352));
#5462=CARTESIAN_POINT('',(5.33097016382636,27.5250691765645,-0.477121087119759));
#5463=CARTESIAN_POINT('Ctrl Pts',(4.96594615901778,28.9067644020384,-0.222268382496371));
#5464=CARTESIAN_POINT('Ctrl Pts',(5.08957385920756,28.4462441746355,-0.301815698598561));
#5465=CARTESIAN_POINT('Ctrl Pts',(5.21135401943375,27.9857245137254,-0.386797464601194));
#5466=CARTESIAN_POINT('Ctrl Pts',(5.33093283701867,27.5252050658784,-0.477117783465255));
#5467=CARTESIAN_POINT('',(3.74732509270063,27.5251267832585,-3.87324800749123));
#5468=CARTESIAN_POINT('Origin',(-0.126967252606381,27.5200240395755,0.000650452045775021));
#5469=CARTESIAN_POINT('',(3.47786483162404,28.9069399213186,-3.60378287535712));
#5470=CARTESIAN_POINT('',(3.74731757356348,27.5252117182842,-3.87324052230317));
#5471=CARTESIAN_POINT('Origin',(-0.124640008520043,28.9083693652952,0.00139429809768352));
#5472=CARTESIAN_POINT('Origin',(-0.126645739708865,27.4038727549037,0.000503434698669752));
#5473=CARTESIAN_POINT('Origin',(-0.126721102099937,28.9083693652811,0.000537728160766224));
#5474=CARTESIAN_POINT('Origin',(-0.126167058927734,21.7584425768335,0.00206924784454025));
#5475=CARTESIAN_POINT('',(-2.56460280483993,23.4104057153034,5.88704278606649));
#5476=CARTESIAN_POINT('',(-2.56460280483993,23.4104057153034,5.88704278606649));
#5477=CARTESIAN_POINT('',(-0.41621973390826,21.7515447047498,-6.63434715425902));
#5478=CARTESIAN_POINT('',(2.56657032901021,23.4104063141828,5.77508104447909));
#5479=CARTESIAN_POINT('',(2.93838020159989,21.7283137206673,5.88741862928397));
#5480=CARTESIAN_POINT('Ctrl Pts',(2.56657032901021,23.4104063141828,5.77508104447909));
#5481=CARTESIAN_POINT('Ctrl Pts',(2.39859183674671,23.4104077330107,5.85341752974614));
#5482=CARTESIAN_POINT('Ctrl Pts',(2.14148553274591,23.4104011046328,5.95989779282985));
#5483=CARTESIAN_POINT('Ctrl Pts',(1.79038563828945,23.4104083407986,6.07909069718493));
#5484=CARTESIAN_POINT('Ctrl Pts',(1.52340923809716,23.4104084100758,6.15690640808023));
#5485=CARTESIAN_POINT('Ctrl Pts',(1.25329120698085,23.4104058780889,6.22300004402973));
#5486=CARTESIAN_POINT('Ctrl Pts',(0.980548297999741,23.4104075906859,6.27725342456911));
#5487=CARTESIAN_POINT('Ctrl Pts',(0.705700508773717,23.4104051841125,6.31956037647273));
#5488=CARTESIAN_POINT('Ctrl Pts',(0.429267693835593,23.4104056328152,6.34982509851905));
#5489=CARTESIAN_POINT('Ctrl Pts',(0.151776966217086,23.4104080220956,6.36802156626792));
#5490=CARTESIAN_POINT('Ctrl Pts',(-0.126244500269881,23.4104040428007,6.37408577309861));
#5491=CARTESIAN_POINT('Ctrl Pts',(-0.404265955585645,23.4104080507356,6.36802137903365));
#5492=CARTESIAN_POINT('Ctrl Pts',(-0.681753828909498,23.4104056903787,6.34982509857681));
#5493=CARTESIAN_POINT('Ctrl Pts',(-0.958186643550691,23.4104052691604,6.31956037625136));
#5494=CARTESIAN_POINT('Ctrl Pts',(-1.23303443314236,23.4104077080608,6.27725342539656));
#5495=CARTESIAN_POINT('Ctrl Pts',(-1.50577734095685,23.4104060088542,6.22300004094089));
#5496=CARTESIAN_POINT('Ctrl Pts',(-1.77589537637413,23.4104086238313,6.15690641960755));
#5497=CARTESIAN_POINT('Ctrl Pts',(-2.13186406247457,23.4104082939997,6.05315201499784));
#5498=CARTESIAN_POINT('Ctrl Pts',(-2.39336363329091,23.410401469046,5.95796806667074));
#5499=CARTESIAN_POINT('Ctrl Pts',(-2.56460280483993,23.4104057153034,5.88704278606649));
#5500=CARTESIAN_POINT('Origin',(18.4578222728149,14.1925469173219,22.880187585862));
#5501=CARTESIAN_POINT('Origin',(16.6738919792054,14.1360491043003,27.4277920674379));
#5502=CARTESIAN_POINT('Origin',(16.6918122574691,14.1368220549243,27.4163610180979));
#5503=CARTESIAN_POINT('Ctrl Pts',(-3.76710869702366,8.28915729358475,-5.71468278883327));
#5504=CARTESIAN_POINT('Ctrl Pts',(-3.49112834410647,9.9462519852501,-6.11534181271011));
#5505=CARTESIAN_POINT('Ctrl Pts',(-3.66038667899713,11.6781225932363,-6.12269378746753));
#5506=CARTESIAN_POINT('Origin',(-0.0518621096528488,13.9664836474113,0.588704722017608));
#5507=CARTESIAN_POINT('Ctrl Pts',(-2.71678945116544,8.30181922939883,-6.26273131867168));
#5508=CARTESIAN_POINT('Ctrl Pts',(-2.3784914295044,9.95373016922642,-6.60705323764916));
#5509=CARTESIAN_POINT('Ctrl Pts',(-2.5436147687882,11.6799224713692,-6.64340644500113));
#5510=CARTESIAN_POINT('Origin',(-0.184750549060541,14.1448983737397,0.550527498663035));
#5511=CARTESIAN_POINT('Ctrl Pts',(-1.58986619009644,8.30182341231965,-6.61742338477788));
#5512=CARTESIAN_POINT('Ctrl Pts',(-1.19691493822262,9.95373301113936,-6.89777322623829));
#5513=CARTESIAN_POINT('Ctrl Pts',(-1.35322018102815,11.6799253727822,-6.96224250133343));
#5514=CARTESIAN_POINT('Origin',(-0.289710737815197,14.234105470849,0.512859453584592));
#5515=CARTESIAN_POINT('Ctrl Pts',(-0.418842017547269,8.30039376907885,-6.77086531414971));
#5516=CARTESIAN_POINT('Ctrl Pts',(0.0172358326595807,9.95292332994906,-6.97884770775501));
#5517=CARTESIAN_POINT('Ctrl Pts',(-0.12553614771907,11.6797903936704,-7.06952340435561));
#5518=CARTESIAN_POINT('Origin',(-1.741016367841,13.8956307897181,35.0832342076755));
#5519=CARTESIAN_POINT('Origin',(-15.6359509162102,15.2941544307949,35.684511572941));
#5520=CARTESIAN_POINT('Ctrl Pts',(2.63982859000602,8.29332737576473,-6.19226977561326));
#5521=CARTESIAN_POINT('Ctrl Pts',(2.71429602936873,9.42616595196926,-6.30212364761072));
#5522=CARTESIAN_POINT('Ctrl Pts',(2.81090367116455,10.5206825533484,-6.36509761651899));
#5523=CARTESIAN_POINT('Ctrl Pts',(2.9220410163729,11.6780410773622,-6.39023298823606));
#5524=CARTESIAN_POINT('Origin',(-16.3322952655356,13.8549481989284,31.1596985694233));
#5525=CARTESIAN_POINT('Ctrl Pts',(3.53613217658582,8.29611835951455,-5.71294265770377));
#5526=CARTESIAN_POINT('Ctrl Pts',(3.65152626830528,8.80071335301861,-5.71185021480336));
#5527=CARTESIAN_POINT('Ctrl Pts',(3.73854993593001,9.30243543336421,-5.71809495750318));
#5528=CARTESIAN_POINT('Ctrl Pts',(3.7917921693509,9.85040780468384,-5.74003500539078));
#5529=CARTESIAN_POINT('Ctrl Pts',(3.84755994568362,10.4243732204221,-5.76301577844837));
#5530=CARTESIAN_POINT('Ctrl Pts',(3.85670537515491,10.9894488044239,-5.8022967670196));
#5531=CARTESIAN_POINT('Ctrl Pts',(3.81236026297024,11.5213416875616,-5.8644195848416));
#5532=CARTESIAN_POINT('Ctrl Pts',(3.80780237874147,11.5760107607473,-5.87080469917886));
#5533=CARTESIAN_POINT('Ctrl Pts',(3.80263321860232,11.6309228320184,-5.87750027215959));
#5534=CARTESIAN_POINT('Ctrl Pts',(3.79681609481627,11.6859815402871,-5.88452323366208));
#5535=CARTESIAN_POINT('Ctrl Pts',(-31.6306986642164,16.2469456299914,40.9848042527694));
#5536=CARTESIAN_POINT('Ctrl Pts',(-31.6306986642164,16.2469456299914,40.9848042527694));
#5537=CARTESIAN_POINT('Ctrl Pts',(-31.6306986642164,16.2469456299914,40.9848042527694));
#5538=CARTESIAN_POINT('Ctrl Pts',(-31.6306986642164,16.2469456299914,40.9848042527694));
#5539=CARTESIAN_POINT('Ctrl Pts',(-31.6306986642164,16.2469456299914,40.9848042527694));
#5540=CARTESIAN_POINT('Ctrl Pts',(-31.6306986642164,16.2469456299914,40.9848042527694));
#5541=CARTESIAN_POINT('Ctrl Pts',(-31.6306986642164,16.2469456299914,40.9848042527694));
#5542=CARTESIAN_POINT('Ctrl Pts',(-31.6306986642164,16.2469456299914,40.9848042527694));
#5543=CARTESIAN_POINT('Ctrl Pts',(-31.6306986642164,16.2469456299914,40.9848042527694));
#5544=CARTESIAN_POINT('Ctrl Pts',(-31.6306969870171,48.7410887732194,37.4400717692812));
#5545=CARTESIAN_POINT('Ctrl Pts',(-8.21312039549515,51.1306505168493,55.1829941164097));
#5546=CARTESIAN_POINT('Ctrl Pts',(-8.21312207269445,18.6365073736212,58.7277265998979));
#5547=CARTESIAN_POINT('Ctrl Pts',(-8.21312374989376,-13.8576357696069,62.2724590833861));
#5548=CARTESIAN_POINT('Ctrl Pts',(-31.6307003414158,-16.2471975132367,44.5295367362576));
#5549=CARTESIAN_POINT('Ctrl Pts',(-55.0482769329378,-18.6367592568665,26.7866143891291));
#5550=CARTESIAN_POINT('Ctrl Pts',(-55.0482752557384,13.8573838863615,23.2418819056409));
#5551=CARTESIAN_POINT('Ctrl Pts',(-55.0482735785391,46.3515270295896,19.6971494221526));
#5552=CARTESIAN_POINT('Ctrl Pts',(-31.6306969870171,48.7410887732194,37.4400717692812));
#5553=CARTESIAN_POINT('Ctrl Pts',(-13.7579132829183,45.6101948917605,14.1926446222274));
#5554=CARTESIAN_POINT('Ctrl Pts',(9.65966330860364,47.9997566353903,31.9355669693559));
#5555=CARTESIAN_POINT('Ctrl Pts',(9.65966163140435,15.5056134921622,35.4802994528441));
#5556=CARTESIAN_POINT('Ctrl Pts',(9.65965995420504,-16.9885296510658,39.0250319363323));
#5557=CARTESIAN_POINT('Ctrl Pts',(-13.7579166373169,-19.3780913946957,21.2821095892038));
#5558=CARTESIAN_POINT('Ctrl Pts',(-37.1754932288389,-21.7676531383255,3.53918724207533));
#5559=CARTESIAN_POINT('Ctrl Pts',(-37.1754915516396,10.7264900049025,-0.00554524141289545));
#5560=CARTESIAN_POINT('Ctrl Pts',(-37.1754898744403,43.2206331481306,-3.55027772490111));
#5561=CARTESIAN_POINT('Ctrl Pts',(-13.7579132829183,45.6101948917605,14.1926446222274));
#5562=CARTESIAN_POINT('Ctrl Pts',(4.11487042118046,42.4793010103015,-9.05478252482636));
#5563=CARTESIAN_POINT('Ctrl Pts',(27.5324470127024,44.8688627539313,8.68813982230215));
#5564=CARTESIAN_POINT('Ctrl Pts',(27.5324453355032,12.3747196107032,12.2328723057904));
#5565=CARTESIAN_POINT('Ctrl Pts',(27.5324436583038,-20.1194235325248,15.7776047892786));
#5566=CARTESIAN_POINT('Ctrl Pts',(4.11486706678186,-22.5089852761547,-1.96531755784992));
#5567=CARTESIAN_POINT('Ctrl Pts',(-19.3027095247401,-24.8985470197845,-19.7082399049784));
#5568=CARTESIAN_POINT('Ctrl Pts',(-19.3027078475408,7.59559612344355,-23.2529723884667));
#5569=CARTESIAN_POINT('Ctrl Pts',(-19.3027061703415,40.0897392666716,-26.7977048719549));
#5570=CARTESIAN_POINT('Ctrl Pts',(4.11487042118046,42.4793010103015,-9.05478252482636));
#5571=CARTESIAN_POINT('Ctrl Pts',(4.11486874398116,9.9851578670734,-5.51005004133815));
#5572=CARTESIAN_POINT('Ctrl Pts',(4.11486874398117,9.9851578670734,-5.51005004133814));
#5573=CARTESIAN_POINT('Ctrl Pts',(4.11486874398117,9.98515786707339,-5.51005004133814));
#5574=CARTESIAN_POINT('Ctrl Pts',(4.11486874398117,9.98515786707339,-5.51005004133814));
#5575=CARTESIAN_POINT('Ctrl Pts',(4.11486874398116,9.98515786707339,-5.51005004133815));
#5576=CARTESIAN_POINT('Ctrl Pts',(4.11486874398116,9.98515786707339,-5.51005004133815));
#5577=CARTESIAN_POINT('Ctrl Pts',(4.11486874398116,9.98515786707339,-5.51005004133815));
#5578=CARTESIAN_POINT('Ctrl Pts',(4.11486874398116,9.9851578670734,-5.51005004133815));
#5579=CARTESIAN_POINT('Ctrl Pts',(4.11486874398116,9.9851578670734,-5.51005004133815));
#5580=CARTESIAN_POINT('',(4.11486874398116,9.9851578670734,-5.51005004133815));
#5581=CARTESIAN_POINT('Ctrl Pts',(4.11486874398116,9.9851578670734,-5.51005004133815));
#5582=CARTESIAN_POINT('Ctrl Pts',(4.11486878808795,10.8396851152054,-5.60326900948042));
#5583=CARTESIAN_POINT('Ctrl Pts',(4.09016504123295,11.6973587610253,-5.66422649834413));
#5584=CARTESIAN_POINT('Origin',(-35.6758520257439,15.2903771723852,15.8290908026862));
#5585=CARTESIAN_POINT('Origin',(-22.3358508343128,18.9435795874814,-7.50298201709546));
#5586=CARTESIAN_POINT('Origin',(-36.4565789943061,15.2913851316722,-13.9341646470885));
#5587=CARTESIAN_POINT('Origin',(-0.126243116864119,8.3279522412317,0.00133699266505753));
#5588=CARTESIAN_POINT('Origin',(-0.126235362028949,10.8171995053173,0.000703865979386703));
#5589=CARTESIAN_POINT('Origin',(-0.126239976600769,14.62553635401,0.000326792657590698));
#5590=CARTESIAN_POINT('',(1.72297043107609,14.474393975303,-6.90104350201986));
#5591=CARTESIAN_POINT('',(-7.02757241971118,14.4740600790723,-1.84888190213203));
#5592=CARTESIAN_POINT('Origin',(-0.126243494678278,14.4743759218706,0.000324639152936931));
#5593=CARTESIAN_POINT('',(-7.20990515782039,14.4736848831997,0.932899833751352));
#5594=CARTESIAN_POINT('Origin',(-0.134851566060891,14.3400473623158,-0.000239405833014372));
#5595=CARTESIAN_POINT('',(-3.69861993203238,14.4747675515786,6.18785703936154));
#5596=CARTESIAN_POINT('Origin',(-0.126243652856499,14.4743818573399,0.000324735423011775));
#5597=CARTESIAN_POINT('Ctrl Pts',(-3.69861974174881,14.47439158739,6.18785563767003));
#5598=CARTESIAN_POINT('Ctrl Pts',(-3.60410277201304,13.9052536035999,6.23175056712438));
#5599=CARTESIAN_POINT('Ctrl Pts',(-3.50869201937916,13.3361289214009,6.27351144138367));
#5600=CARTESIAN_POINT('Ctrl Pts',(-3.41248497371184,12.767017577777,6.31310679852165));
#5601=CARTESIAN_POINT('Ctrl Pts',(1.41412088021627,12.7669498232817,-6.94782292531644));
#5602=CARTESIAN_POINT('Ctrl Pts',(1.51719782952881,13.3360954713282,-6.93452387712302));
#5603=CARTESIAN_POINT('Ctrl Pts',(1.62018331127334,13.9052411205568,-6.9189315331794));
#5604=CARTESIAN_POINT('Ctrl Pts',(1.72297509288207,14.4743867707165,-6.9010434913181));
#5605=CARTESIAN_POINT('Origin',(-0.126246538317774,14.6600577838996,0.000324472148096872));
#5606=CARTESIAN_POINT('',(-0.127244743838539,14.4746788478467,7.14510825023993));
#5607=CARTESIAN_POINT('',(-0.127370013093335,14.5826829776268,7.14683425108594));
#5608=CARTESIAN_POINT('',(6.99138947768894,14.4743818500994,0.623039364858701));
#5609=CARTESIAN_POINT('Origin',(-0.126243652856572,14.4743804324433,0.000324735424959557));
#5610=CARTESIAN_POINT('Origin',(-0.126243494675708,14.4743724329014,0.000324639144084121));
#5611=CARTESIAN_POINT('Origin',(-0.127212326683621,14.6229037653894,0.00392871838144506));
#5612=CARTESIAN_POINT('Origin',(-0.127063904978061,14.5151198248095,0.00334746426919561));
#5613=CARTESIAN_POINT('Origin',(-0.134995077549695,14.3325000516921,-0.000250895331726788));
#5614=CARTESIAN_POINT('Ctrl Pts',(-7.21600831709459,16.1817232790971,0.620619901681432));
#5615=CARTESIAN_POINT('Ctrl Pts',(-7.21627607443694,15.6126181600693,0.724540824505618));
#5616=CARTESIAN_POINT('Ctrl Pts',(-7.21425874477032,15.0435130412708,0.828670311105785));
#5617=CARTESIAN_POINT('Ctrl Pts',(-7.20994060994166,14.4744079225299,0.932907352223458));
#5618=CARTESIAN_POINT('',(-7.00279177290358,16.0428137649445,-1.84223878949108));
#5619=CARTESIAN_POINT('Origin',(-0.126244625432542,16.0428142913307,0.000328550327294365));
#5620=CARTESIAN_POINT('Ctrl Pts',(6.99138993063731,14.474387435925,0.623036215019055));
#5621=CARTESIAN_POINT('Ctrl Pts',(6.97304339682787,15.0435323236407,0.725746157713447));
#5622=CARTESIAN_POINT('Ctrl Pts',(6.95247341431454,15.6126772104644,0.827853000587665));
#5623=CARTESIAN_POINT('Ctrl Pts',(6.92971720185294,16.1818220962348,0.929261501210434));
#5624=CARTESIAN_POINT('Origin',(-0.12624357041027,16.0379734610039,0.000322637954433437));
#5625=CARTESIAN_POINT('Origin',(-0.126246656636544,2.92790118850003,0.00424633156875983));
#5626=CARTESIAN_POINT('Origin',(-0.126297710901784,0.0404053713107142,-0.00216852213436013));
#5627=CARTESIAN_POINT('Origin',(-0.126223250679549,27.3764538134808,-0.000535778142290261));
#5628=CARTESIAN_POINT('Origin',(-0.12622108331309,28.9083693650738,-0.000740955878237107));
#5629=CARTESIAN_POINT('Origin',(-0.126378753179249,16.8574307483853,0.000437728703345864));
#5630=CARTESIAN_POINT('',(-1.63088130590793,18.9627478865158,6.78665917358002));
#5631=CARTESIAN_POINT('Origin',(-0.126239998651391,18.9611218202804,0.000299478935539034));
#5632=CARTESIAN_POINT('',(-1.63929520850517,18.4015533581697,6.82503333157608));
#5633=CARTESIAN_POINT('Origin',(-0.126368239069907,16.8320656897355,0.000230096240560678));
#5634=CARTESIAN_POINT('Origin',(-0.126185165240335,16.8113387137816,0.000204021550182728));
#5635=CARTESIAN_POINT('Origin',(-0.126288780007532,18.3873556816791,0.000312773290334545));
#5636=CARTESIAN_POINT('Ctrl Pts',(4.41844395855058,17.2604120994277,5.41647677850719));
#5637=CARTESIAN_POINT('Ctrl Pts',(4.31603199885757,17.8176939953547,5.45150520307148));
#5638=CARTESIAN_POINT('Ctrl Pts',(4.21350224019329,18.3749746447003,5.483803350674));
#5639=CARTESIAN_POINT('Ctrl Pts',(4.11099356034377,18.9322540735237,5.51339696817341));
#5640=CARTESIAN_POINT('Origin',(-0.126322897561011,18.3986248430759,-4.69762551553206E-5));
#5641=CARTESIAN_POINT('Origin',(-0.126239998639345,18.9611188486811,0.000299479635606456));
#5642=CARTESIAN_POINT('Origin',(-0.126242902684277,19.8429186264924,0.000130317699556285));
#5643=CARTESIAN_POINT('Origin',(-0.126254782765797,22.2696598298191,-0.000251888360643313));
#5644=CARTESIAN_POINT('Origin',(-5.70536466348919,12.9748389119855,22.7274653276917));
#5645=CARTESIAN_POINT('',(1.10264458420673,11.6836828719666,-7.7639707048313));
#5646=CARTESIAN_POINT('',(0.925613576878077,8.29856549657984,-7.47032167189079));
#5647=CARTESIAN_POINT('Ctrl Pts',(1.10264458334327,11.6836828718193,-7.76397070495946));
#5648=CARTESIAN_POINT('Ctrl Pts',(1.11540229787108,11.6034968763554,-7.75772674614263));
#5649=CARTESIAN_POINT('Ctrl Pts',(1.12654618239246,11.5237490043537,-7.75153489753602));
#5650=CARTESIAN_POINT('Ctrl Pts',(1.18511971454181,11.0445551123756,-7.71432274495517));
#5651=CARTESIAN_POINT('Ctrl Pts',(1.20120375218758,10.6027646356094,-7.6799709115011));
#5652=CARTESIAN_POINT('Ctrl Pts',(1.16426796836925,9.72145894178311,-7.60672773173278));
#5653=CARTESIAN_POINT('Ctrl Pts',(1.11191619313966,9.2819308986937,-7.56765546259527));
#5654=CARTESIAN_POINT('Ctrl Pts',(1.00991051847383,8.69231761236623,-7.5107148843959));
#5655=CARTESIAN_POINT('Ctrl Pts',(0.970656465358608,8.49633615324465,-7.49105667654038));
#5656=CARTESIAN_POINT('Ctrl Pts',(0.925613576915314,8.29856549656163,-7.47032167198352));
#5657=CARTESIAN_POINT('',(1.71209748788169,11.7020111658697,-7.62224488377441));
#5658=CARTESIAN_POINT('Ctrl Pts',(1.71209748788168,11.7020111658697,-7.62224488377441));
#5659=CARTESIAN_POINT('Ctrl Pts',(1.50984110507192,11.701445706361,-7.67165258227843));
#5660=CARTESIAN_POINT('Ctrl Pts',(1.3066643416644,11.6953385113861,-7.71891152340868));
#5661=CARTESIAN_POINT('Ctrl Pts',(1.10264458417624,11.6836828721153,-7.76397070478601));
#5662=CARTESIAN_POINT('',(1.72336058005346,9.98461947075303,-7.49862231373981));
#5663=CARTESIAN_POINT('Origin',(-5.70536466348919,12.9748389119855,22.7274653276917));
#5664=CARTESIAN_POINT('',(2.54729085282578,11.6544662908971,-7.38216162680374));
#5665=CARTESIAN_POINT('Ctrl Pts',(2.55295549151547,11.6723186487085,-7.40303971851468));
#5666=CARTESIAN_POINT('Ctrl Pts',(2.27459517018016,11.6927908618163,-7.48021911264955));
#5667=CARTESIAN_POINT('Ctrl Pts',(1.99423105128797,11.7027999424905,-7.5533245864518));
#5668=CARTESIAN_POINT('Ctrl Pts',(1.71209748788168,11.7020111658697,-7.62224488377441));
#5669=CARTESIAN_POINT('',(2.14023706422412,8.28917711569722,-7.18738652301075));
#5670=CARTESIAN_POINT('Ctrl Pts',(2.1402370642241,8.28917711569722,-7.18738652301075));
#5671=CARTESIAN_POINT('Ctrl Pts',(2.11985191948868,8.39985311470869,-7.21058647802606));
#5672=CARTESIAN_POINT('Ctrl Pts',(2.10645507657095,8.52139097859905,-7.23230855384425));
#5673=CARTESIAN_POINT('Ctrl Pts',(2.09995392064795,8.65382022338858,-7.25232584387412));
#5674=CARTESIAN_POINT('Ctrl Pts',(2.09345556620632,8.78619240170151,-7.27233450804332));
#5675=CARTESIAN_POINT('Ctrl Pts',(2.09384698606564,8.92944670243188,-7.2906398544723));
#5676=CARTESIAN_POINT('Ctrl Pts',(2.10101549285875,9.08361602788324,-7.30696739929596));
#5677=CARTESIAN_POINT('Ctrl Pts',(2.10817891688302,9.23767604088413,-7.32328336721268));
#5678=CARTESIAN_POINT('Ctrl Pts',(2.12210985352546,9.40263575556363,-7.33762433222704));
#5679=CARTESIAN_POINT('Ctrl Pts',(2.14267522498938,9.57852935568237,-7.34966862715823));
#5680=CARTESIAN_POINT('Ctrl Pts',(2.16320568152055,9.75412433181422,-7.36169247384475));
#5681=CARTESIAN_POINT('Ctrl Pts',(2.19034809789896,9.94061627134711,-7.37142742612528));
#5682=CARTESIAN_POINT('Ctrl Pts',(2.22394901653362,10.1380381166791,-7.37850599888519));
#5683=CARTESIAN_POINT('Ctrl Pts',(2.25750076312773,10.335171052202,-7.3855742127656));
#5684=CARTESIAN_POINT('Ctrl Pts',(2.29749215995042,10.5432021216093,-7.38999379725902));
#5685=CARTESIAN_POINT('Ctrl Pts',(2.34374888166293,10.7621603086197,-7.39135178101933));
#5686=CARTESIAN_POINT('Ctrl Pts',(2.38987702760289,10.9805098766661,-7.39270599011069));
#5687=CARTESIAN_POINT('Ctrl Pts',(2.44223575075685,11.2097261142406,-7.39101555943853));
#5688=CARTESIAN_POINT('Ctrl Pts',(2.50063021163304,11.4498309141321,-7.38582450292798));
#5689=CARTESIAN_POINT('Ctrl Pts',(2.51587219338684,11.5125024916077,-7.38446954584079));
#5690=CARTESIAN_POINT('Ctrl Pts',(2.5315252730264,11.5759158627929,-7.38287584574583));
#5691=CARTESIAN_POINT('Ctrl Pts',(2.5475857338683,11.6400713109417,-7.38103477585555));
#5692=CARTESIAN_POINT('Ctrl Pts',(0.925613576923292,8.29856549684914,-7.47032167202629));
#5693=CARTESIAN_POINT('Ctrl Pts',(1.17549547027115,8.28522889345262,-7.41338614223432));
#5694=CARTESIAN_POINT('Ctrl Pts',(1.42223153085007,8.27874850847261,-7.35492651719779));
#5695=CARTESIAN_POINT('Ctrl Pts',(1.82131572334817,8.27875411984012,-7.25695644691015));
#5696=CARTESIAN_POINT('Ctrl Pts',(1.97898223436691,8.28144095148374,-7.21737466323729));
#5697=CARTESIAN_POINT('Ctrl Pts',(2.13765629724289,8.28693068980221,-7.17661940781183));
#5698=CARTESIAN_POINT('Origin',(-0.118167614764962,12.3042424253735,-0.0431233048008073));
#5699=CARTESIAN_POINT('',(5.17934811353828,11.6817218788978,-5.79267884211999));
#5700=CARTESIAN_POINT('',(4.83404444123028,9.95434735244836,-5.91586053305739));
#5701=CARTESIAN_POINT('Ctrl Pts',(5.1793481135383,11.6817218788977,-5.79267884211999));
#5702=CARTESIAN_POINT('Ctrl Pts',(4.95072857500462,10.8251315338465,-5.92603961105661));
#5703=CARTESIAN_POINT('Ctrl Pts',(4.83404444123028,9.95434735244836,-5.91586053305739));
#5704=CARTESIAN_POINT('',(6.84185331606093,11.6875594487298,-3.62730747733587));
#5705=CARTESIAN_POINT('Ctrl Pts',(6.84538057038551,11.684687339391,-3.62925126696669));
#5706=CARTESIAN_POINT('Ctrl Pts',(6.47095085127872,11.6813565371029,-4.35625310193275));
#5707=CARTESIAN_POINT('Ctrl Pts',(5.98206802667266,11.6785028208726,-5.01634465862561));
#5708=CARTESIAN_POINT('Ctrl Pts',(5.35770236642005,11.6760337811736,-5.64448777985292));
#5709=CARTESIAN_POINT('Ctrl Pts',(5.27513799885929,11.6757263503694,-5.72403162407237));
#5710=CARTESIAN_POINT('Ctrl Pts',(5.19029090663627,11.6754297582906,-5.80220748446451));
#5711=CARTESIAN_POINT('',(6.39472125500798,8.29719614422699,-3.76545590015119));
#5712=CARTESIAN_POINT('Ctrl Pts',(6.39472125500798,8.29719614422699,-3.76545590015119));
#5713=CARTESIAN_POINT('Ctrl Pts',(6.51190856534514,10.0192983694524,-4.02483235466349));
#5714=CARTESIAN_POINT('Ctrl Pts',(6.84185331606092,11.6875594487298,-3.62730747733588));
#5715=CARTESIAN_POINT('',(4.71341253242149,8.29095325912563,-5.76762215599111));
#5716=CARTESIAN_POINT('Ctrl Pts',(4.72072518848556,8.29599591342945,-5.77559221992402));
#5717=CARTESIAN_POINT('Ctrl Pts',(4.89024506781078,8.29555851681387,-5.63241405235197));
#5718=CARTESIAN_POINT('Ctrl Pts',(5.05167748385157,8.29527165876324,-5.48351351943385));
#5719=CARTESIAN_POINT('Ctrl Pts',(5.65340604215951,8.29469959055758,-4.88052351185307));
#5720=CARTESIAN_POINT('Ctrl Pts',(6.06639095509493,8.29549040414502,-4.35233192820383));
#5721=CARTESIAN_POINT('Ctrl Pts',(6.40578784627702,8.29768127761629,-3.77166648928576));
#5722=CARTESIAN_POINT('Ctrl Pts',(4.83404444123028,9.95434735244836,-5.91586053305739));
#5723=CARTESIAN_POINT('Ctrl Pts',(4.7234522140015,9.12902552898053,-5.90621288970902));
#5724=CARTESIAN_POINT('Ctrl Pts',(4.71341253242149,8.29095325912563,-5.76762215599111));
#5725=CARTESIAN_POINT('Origin',(0.0837395011682624,10.9443857515553,-0.0562923904523922));
#5726=CARTESIAN_POINT('',(7.13156378898864,11.6835638287493,-3.00547779610273));
#5727=CARTESIAN_POINT('',(6.69763851838102,8.28983947541025,-3.18147460818092));
#5728=CARTESIAN_POINT('Ctrl Pts',(7.13156378898862,11.6835638287493,-3.00547779610273));
#5729=CARTESIAN_POINT('Ctrl Pts',(7.09945135012086,9.94921225047955,-2.81896382942571));
#5730=CARTESIAN_POINT('Ctrl Pts',(6.69763851838105,8.28983947541025,-3.18147460818091));
#5731=CARTESIAN_POINT('',(7.6100217172993,11.6837603397874,-1.36378905969212));
#5732=CARTESIAN_POINT('Ctrl Pts',(7.618794998321,11.6804311522152,-1.36501732232407));
#5733=CARTESIAN_POINT('Ctrl Pts',(7.52213854564539,11.6790388184486,-1.92198759573859));
#5734=CARTESIAN_POINT('Ctrl Pts',(7.36171104539294,11.6786449858175,-2.47765854153561));
#5735=CARTESIAN_POINT('Ctrl Pts',(7.14117507676765,11.6792996979885,-3.00860560992761));
#5736=CARTESIAN_POINT('Ctrl Pts',(7.14088946671172,11.6793005473239,-3.00929294454225));
#5737=CARTESIAN_POINT('Ctrl Pts',(7.14060375737264,11.6793013983896,-3.00998023788131));
#5738=CARTESIAN_POINT('',(7.28894685443912,8.29254620316764,-1.30717076038472));
#5739=CARTESIAN_POINT('Ctrl Pts',(7.28894685443912,8.29254620316763,-1.30717076038472));
#5740=CARTESIAN_POINT('Ctrl Pts',(7.51015704048637,9.98223108872939,-1.34617529655178));
#5741=CARTESIAN_POINT('Ctrl Pts',(7.6100217172993,11.6837603397874,-1.36378905969211));
#5742=CARTESIAN_POINT('',(6.83639631178252,8.29359722028105,-2.88369652664218));
#5743=CARTESIAN_POINT('Ctrl Pts',(6.83639621219149,8.29359608618026,-2.88369647876985));
#5744=CARTESIAN_POINT('Ctrl Pts',(6.83692779862384,8.29360244498604,-2.88243995449427));
#5745=CARTESIAN_POINT('Ctrl Pts',(6.83745902880287,8.29360879363811,-2.88118327934333));
#5746=CARTESIAN_POINT('Ctrl Pts',(7.05174899985102,8.29616736092185,-2.3738590355309));
#5747=CARTESIAN_POINT('Ctrl Pts',(7.20703206391508,8.29705108262118,-1.84251330006878));
#5748=CARTESIAN_POINT('Ctrl Pts',(7.29983746841068,8.2963026214974,-1.3093174872255));
#5749=CARTESIAN_POINT('Ctrl Pts',(6.70155024052843,8.29187225567096,-3.18324757737384));
#5750=CARTESIAN_POINT('Ctrl Pts',(6.74874743566559,8.29251286343536,-3.08447207202706));
#5751=CARTESIAN_POINT('Ctrl Pts',(6.79372177051859,8.29308892806292,-2.98456796323782));
#5752=CARTESIAN_POINT('Ctrl Pts',(6.83639651096382,8.29359948848262,-2.88369662238855));
#5753=CARTESIAN_POINT('Origin',(-0.0914705019420213,12.2647990560096,-0.0243692207820419));
#5754=CARTESIAN_POINT('',(7.37505334092504,8.29565939886597,-0.656586048861227));
#5755=CARTESIAN_POINT('',(7.14759060418098,8.29724401007317,1.94853358628838));
#5756=CARTESIAN_POINT('Ctrl Pts',(7.38533308579491,8.29607826406396,-0.657394149742564));
#5757=CARTESIAN_POINT('Ctrl Pts',(7.40393977009909,8.29559101110911,-0.435871632435579));
#5758=CARTESIAN_POINT('Ctrl Pts',(7.41276533053582,8.29526764691295,-0.216035223632864));
#5759=CARTESIAN_POINT('Ctrl Pts',(7.41168555627906,8.29460232694337,0.636040223276534));
#5760=CARTESIAN_POINT('Ctrl Pts',(7.33028374584348,8.29542345949632,1.30142732187527));
#5761=CARTESIAN_POINT('Ctrl Pts',(7.15993479131379,8.29776238808192,1.95199232767492));
#5762=CARTESIAN_POINT('',(7.72151935263786,11.6801188167007,-0.34480829215178));
#5763=CARTESIAN_POINT('Ctrl Pts',(7.72151935263788,11.6801188167007,-0.344808292151788));
#5764=CARTESIAN_POINT('Ctrl Pts',(7.59052318706928,10.0147147021514,-0.842113852979817));
#5765=CARTESIAN_POINT('Ctrl Pts',(7.37505334092501,8.29565939886597,-0.656586048861225));
#5766=CARTESIAN_POINT('',(7.36606864541637,11.6875656061801,2.3623919599242));
#5767=CARTESIAN_POINT('Ctrl Pts',(7.36991787625435,11.6847058845002,2.36350630982376));
#5768=CARTESIAN_POINT('Ctrl Pts',(7.61925501002413,11.6813469839952,1.58467999791443));
#5769=CARTESIAN_POINT('Ctrl Pts',(7.74032517788649,11.6784846292122,0.772220166253874));
#5770=CARTESIAN_POINT('Ctrl Pts',(7.74263785696766,11.676347850958,0.000333470329605614));
#5771=CARTESIAN_POINT('Ctrl Pts',(7.74298045543107,11.676031310305,-0.114013218798397));
#5772=CARTESIAN_POINT('Ctrl Pts',(7.74081739155911,11.6757250468609,-0.229251031741041));
#5773=CARTESIAN_POINT('Ctrl Pts',(7.73604443286193,11.675430252869,-0.345141867429933));
#5774=CARTESIAN_POINT('Ctrl Pts',(7.14759060418097,8.29724401007317,1.94853358628838));
#5775=CARTESIAN_POINT('Ctrl Pts',(7.41386158074464,10.0193241694355,1.84799762377863));
#5776=CARTESIAN_POINT('Ctrl Pts',(7.36606864541637,11.6875656061801,2.36239195992421));
#5777=CARTESIAN_POINT('Origin',(-0.126287477023116,11.6478684361343,0.000915698088673362));
#5778=CARTESIAN_POINT('',(-5.44948709454335,8.29453403998838,-5.32520367879583));
#5779=CARTESIAN_POINT('',(-5.43296728815174,11.6824854886405,-5.79175835963098));
#5780=CARTESIAN_POINT('Ctrl Pts',(-5.44948709454336,8.29453403998838,-5.32520367879583));
#5781=CARTESIAN_POINT('Ctrl Pts',(-5.2471800568623,9.95114962439553,-5.82514644838088));
#5782=CARTESIAN_POINT('Ctrl Pts',(-5.43296728815175,11.6824854886405,-5.79175835963098));
#5783=CARTESIAN_POINT('',(-6.95355297206151,8.29166470769789,-3.18330657146473));
#5784=CARTESIAN_POINT('Ctrl Pts',(-6.95766763750483,8.29442569961721,-3.18523270313098));
#5785=CARTESIAN_POINT('Ctrl Pts',(-6.57863112374957,8.29382959172617,-3.99579858135566));
#5786=CARTESIAN_POINT('Ctrl Pts',(-6.05095100964395,8.2932777624412,-4.7321962523627));
#5787=CARTESIAN_POINT('Ctrl Pts',(-5.45390111637069,8.29282150402536,-5.32819775775584));
#5788=CARTESIAN_POINT('Ctrl Pts',(-5.45349665417716,8.29282119500521,-5.32860141796445));
#5789=CARTESIAN_POINT('Ctrl Pts',(-5.4530921298079,8.29282088600261,-5.32900504844661));
#5790=CARTESIAN_POINT('Ctrl Pts',(-7.17938600316623,8.29494089151698,-2.66028950715794));
#5791=CARTESIAN_POINT('Ctrl Pts',(-7.15207779222092,8.29488658271861,-2.73244055720004));
#5792=CARTESIAN_POINT('Ctrl Pts',(-7.12365435545877,8.29483249343453,-2.80419272861901));
#5793=CARTESIAN_POINT('Ctrl Pts',(-7.0509685431673,8.2946999413343,-2.97976006410691));
#5794=CARTESIAN_POINT('Ctrl Pts',(-7.005455523892,8.29462177097685,-3.08306645699719));
#5795=CARTESIAN_POINT('Ctrl Pts',(-6.9576780034199,8.29454428126782,-3.18523768614276));
#5796=CARTESIAN_POINT('',(-3.60337886043184,8.29988444618469,6.67984173418582));
#5797=CARTESIAN_POINT('Ctrl Pts',(-3.61187001476991,8.30174577888646,6.69609415018298));
#5798=CARTESIAN_POINT('Ctrl Pts',(-3.96079393430957,8.30097018357415,6.51418577510059));
#5799=CARTESIAN_POINT('Ctrl Pts',(-4.29038935303158,8.30025577652624,6.30728228367634));
#5800=CARTESIAN_POINT('Ctrl Pts',(-5.06377824263148,8.29979096461764,5.73849908183089));
#5801=CARTESIAN_POINT('Ctrl Pts',(-5.51271224879917,8.30107838214237,5.32253503732856));
#5802=CARTESIAN_POINT('Ctrl Pts',(-5.90747778858392,8.30108630002136,4.85133315265761));
#5803=CARTESIAN_POINT('',(-3.69254219461081,9.9857840883512,6.85110883913311));
#5804=CARTESIAN_POINT('',(-3.69254219461081,9.9857840883512,6.85110883913311));
#5805=CARTESIAN_POINT('',(3.73547295561794,9.98586248461674,6.68901190958245));
#5806=CARTESIAN_POINT('Origin',(-0.126244467748599,9.98828685834758,0.000401288968196059));
#5807=CARTESIAN_POINT('',(3.91856034333565,8.29700413599808,6.35180114628654));
#5808=CARTESIAN_POINT('Ctrl Pts',(3.91849028225811,8.2958346790173,6.35168753442673));
#5809=CARTESIAN_POINT('Ctrl Pts',(3.86111323637629,8.85915240742179,6.46469186770429));
#5810=CARTESIAN_POINT('Ctrl Pts',(3.80010785917106,9.42247034378645,6.57720072228372));
#5811=CARTESIAN_POINT('Ctrl Pts',(3.73546873374493,9.98578856057053,6.68900457292172));
#5812=CARTESIAN_POINT('',(6.94890352897163,8.29340363314342,2.57682134235687));
#5813=CARTESIAN_POINT('Ctrl Pts',(6.9612796909163,8.29770832037231,2.58162199811207));
#5814=CARTESIAN_POINT('Ctrl Pts',(6.92395540967816,8.29778344675478,2.68445855367727));
#5815=CARTESIAN_POINT('Ctrl Pts',(6.88437046718764,8.29785817470566,2.78654146100184));
#5816=CARTESIAN_POINT('Ctrl Pts',(6.45859672638075,8.298614325358,3.81735462654908));
#5817=CARTESIAN_POINT('Ctrl Pts',(5.87883780084078,8.29925069353864,4.66613764288742));
#5818=CARTESIAN_POINT('Ctrl Pts',(4.83288257400923,8.30005579610509,5.71388123329412));
#5819=CARTESIAN_POINT('Ctrl Pts',(4.40078869610299,8.30033044005635,6.06501021485926));
#5820=CARTESIAN_POINT('Ctrl Pts',(3.92799103188467,8.300572293623,6.3665661821185));
#5821=CARTESIAN_POINT('',(7.13124376401444,11.6837853955678,3.00693505112556));
#5822=CARTESIAN_POINT('Ctrl Pts',(7.13124376401444,11.6837853955678,3.00693505112557));
#5823=CARTESIAN_POINT('Ctrl Pts',(6.97680178677519,9.95117985955402,3.11604217497813));
#5824=CARTESIAN_POINT('Ctrl Pts',(6.94890352897163,8.29340363314342,2.57682134235688));
#5825=CARTESIAN_POINT('',(-7.99149050976174,11.6797084479891,0.000333878633505521));
#5826=CARTESIAN_POINT('Ctrl Pts',(-7.99149050976174,11.6797084479891,0.000333878633504148));
#5827=CARTESIAN_POINT('Ctrl Pts',(-7.99129816570367,11.6798853008433,0.987837435603413));
#5828=CARTESIAN_POINT('Ctrl Pts',(-7.79375934665799,11.6800696640627,2.04113089971246));
#5829=CARTESIAN_POINT('Ctrl Pts',(-6.99083098678486,11.6804000740461,3.97870479455155));
#5830=CARTESIAN_POINT('Ctrl Pts',(-6.38544140924433,11.6805461959696,4.86298521005492));
#5831=CARTESIAN_POINT('Ctrl Pts',(-4.98879697118026,11.6807695337541,6.25928711600604));
#5832=CARTESIAN_POINT('Ctrl Pts',(-4.10446259422827,11.6808616544419,6.86441893003372));
#5833=CARTESIAN_POINT('Ctrl Pts',(-2.16689612274764,11.6809722871511,7.66686692121543));
#5834=CARTESIAN_POINT('Ctrl Pts',(-1.11366401943172,11.6809908536239,7.86418307714445));
#5835=CARTESIAN_POINT('Ctrl Pts',(0.861165024040068,11.6809615749733,7.86421774733798));
#5836=CARTESIAN_POINT('Ctrl Pts',(1.9144176069384,11.6809117751717,7.66693320414188));
#5837=CARTESIAN_POINT('Ctrl Pts',(3.85203326880959,11.6807432274487,6.86453335765124));
#5838=CARTESIAN_POINT('Ctrl Pts',(4.73639636023404,11.6806244036717,6.25941808444038));
#5839=CARTESIAN_POINT('Ctrl Pts',(6.13310969914986,11.6803582373818,4.86311875216658));
#5840=CARTESIAN_POINT('Ctrl Pts',(6.73853641212069,11.6801931352134,3.97882109956742));
#5841=CARTESIAN_POINT('Ctrl Pts',(7.1400441333958,11.6800148624265,3.00996600569157));
#5842=CARTESIAN_POINT('Ctrl Pts',(7.1400619507021,11.6800148545152,3.00992301069981));
#5843=CARTESIAN_POINT('Ctrl Pts',(7.14007976762677,11.680014846604,3.00988001554992));
#5844=CARTESIAN_POINT('Ctrl Pts',(-5.44046258592327,11.6786166747879,-5.7996537785531));
#5845=CARTESIAN_POINT('Ctrl Pts',(-5.52548549552328,11.678632326564,-5.72172876286466));
#5846=CARTESIAN_POINT('Ctrl Pts',(-5.60823527979268,11.6786481843051,-5.64244343412234));
#5847=CARTESIAN_POINT('Ctrl Pts',(-6.38688799776576,11.6788033462994,-4.86355149341028));
#5848=CARTESIAN_POINT('Ctrl Pts',(-6.99209744601316,11.6789744794024,-3.97895597915362));
#5849=CARTESIAN_POINT('Ctrl Pts',(-7.79449488824149,11.6793386175424,-2.04084015333307));
#5850=CARTESIAN_POINT('Ctrl Pts',(-7.99168288306843,11.6795315682419,-0.987319842109252));
#5851=CARTESIAN_POINT('Ctrl Pts',(-7.99149050976174,11.6797084479891,0.000333878633504425));
#5852=CARTESIAN_POINT('Origin',(-0.124901921771687,17.4610466442879,0.00538223345355673));
#5853=CARTESIAN_POINT('',(-7.97465394768111,17.2604154751003,0.342989460670697));
#5854=CARTESIAN_POINT('',(-7.98213074088272,17.2604170310108,0.000325592610959276));
#5855=CARTESIAN_POINT('',(-7.97465394070943,17.2604154750989,0.342989780185347));
#5856=CARTESIAN_POINT('',(-7.84234107817199,18.962992353657,0.337216597214277));
#5857=CARTESIAN_POINT('',(-7.84234107817199,18.962992353657,0.337216597214277));
#5858=CARTESIAN_POINT('',(-3.69411193204081,18.9629958234647,6.85026990258863));
#5859=CARTESIAN_POINT('Ctrl Pts',(-3.69411193204081,18.9629958234648,6.85026990258864));
#5860=CARTESIAN_POINT('Ctrl Pts',(-4.28735540694102,18.9629913624327,6.53173267082141));
#5861=CARTESIAN_POINT('Ctrl Pts',(-5.40662235472884,18.962991859124,5.76310134341107));
#5862=CARTESIAN_POINT('Ctrl Pts',(-6.7134171664171,18.9629961115254,4.19681595873006));
#5863=CARTESIAN_POINT('Ctrl Pts',(-7.58093349468536,18.9629923615091,2.34997184512592));
#5864=CARTESIAN_POINT('Ctrl Pts',(-7.80445805979445,18.9629879196065,1.01009559268312));
#5865=CARTESIAN_POINT('Ctrl Pts',(-7.84234107817199,18.962992353657,0.337216597214277));
#5866=CARTESIAN_POINT('',(-3.89065714904212,20.6668384260283,6.5204785051191));
#5867=CARTESIAN_POINT('Ctrl Pts',(-3.89126593803186,20.6597235920651,6.52153332014871));
#5868=CARTESIAN_POINT('Ctrl Pts',(-3.8282931971607,20.0941967012011,6.63161634901531));
#5869=CARTESIAN_POINT('Ctrl Pts',(-3.76180547334265,19.5286705562628,6.74102592643378));
#5870=CARTESIAN_POINT('Ctrl Pts',(-3.69180811678925,18.9631445813334,6.84955920314932));
#5871=CARTESIAN_POINT('',(-7.65620134523176,20.6750015444409,0.000324102966807763));
#5872=CARTESIAN_POINT('Ctrl Pts',(-7.65620134523176,20.6750015444409,0.000324103176583684));
#5873=CARTESIAN_POINT('Ctrl Pts',(-7.65604502916362,20.6750365320891,0.689295390375517));
#5874=CARTESIAN_POINT('Ctrl Pts',(-7.56131926170012,20.6750726221619,1.37638814213754));
#5875=CARTESIAN_POINT('Ctrl Pts',(-7.10749764260795,20.6751600656437,2.98580496465526));
#5876=CARTESIAN_POINT('Ctrl Pts',(-6.65960520974604,20.6752105153381,3.86850415476957));
#5877=CARTESIAN_POINT('Ctrl Pts',(-5.46050128145386,20.6753034168741,5.39996314763462));
#5878=CARTESIAN_POINT('Ctrl Pts',(-4.72552873651579,20.6753451225942,6.03800902887989));
#5879=CARTESIAN_POINT('Ctrl Pts',(-3.89038239416023,20.6753803062595,6.52000179082009));
#5880=CARTESIAN_POINT('',(3.63802979164653,20.6671684120192,6.52023418414465));
#5881=CARTESIAN_POINT('Ctrl Pts',(3.63767254803738,20.6754812028178,6.51961511652385));
#5882=CARTESIAN_POINT('Ctrl Pts',(4.02927695102383,20.6754752685917,6.29355205739676));
#5883=CARTESIAN_POINT('Ctrl Pts',(4.39990526312851,20.6754673255696,6.03256623533449));
#5884=CARTESIAN_POINT('Ctrl Pts',(5.49254577907375,20.6754360763522,5.10538445266858));
#5885=CARTESIAN_POINT('Ctrl Pts',(6.10905258310332,20.6754059776547,4.33108699320812));
#5886=CARTESIAN_POINT('Ctrl Pts',(7.01057153636227,20.6753314844235,2.58976856049558));
#5887=CARTESIAN_POINT('Ctrl Pts',(7.28696764869372,20.6752877963812,1.6393957839422));
#5888=CARTESIAN_POINT('Ctrl Pts',(7.45992457133307,20.6751922376426,-0.313798304193429));
#5889=CARTESIAN_POINT('Ctrl Pts',(7.35483377523237,20.6751412772773,-1.29794769737111));
#5890=CARTESIAN_POINT('Ctrl Pts',(6.77334461567946,20.6750386682045,-3.17057348715415));
#5891=CARTESIAN_POINT('Ctrl Pts',(6.3025055809114,20.6749880014103,-4.04114878795681));
#5892=CARTESIAN_POINT('Ctrl Pts',(5.05363532849077,20.6748937681714,-5.55283173094764));
#5893=CARTESIAN_POINT('Ctrl Pts',(4.2875418936198,20.6748511068969,-6.17948753363124));
#5894=CARTESIAN_POINT('Ctrl Pts',(2.55826667784126,20.6747797271081,-7.10388883533149));
#5895=CARTESIAN_POINT('Ctrl Pts',(1.61161498289229,20.6747516961275,-7.39279382298237));
#5896=CARTESIAN_POINT('Ctrl Pts',(-0.339162072953689,20.6747143153108,-7.59148675099347));
#5897=CARTESIAN_POINT('Ctrl Pts',(-1.32463776934066,20.6747053262501,-7.49936884234445));
#5898=CARTESIAN_POINT('Ctrl Pts',(-3.20483026271421,20.6747078365704,-6.94256616675597));
#5899=CARTESIAN_POINT('Ctrl Pts',(-4.08156849209684,20.6747193120909,-6.48319726565559));
#5900=CARTESIAN_POINT('Ctrl Pts',(-5.6096254416162,20.6747613128644,-5.2542321513408));
#5901=CARTESIAN_POINT('Ctrl Pts',(-6.24632916180289,20.6747914334043,-4.49638011041549));
#5902=CARTESIAN_POINT('Ctrl Pts',(-7.19339915968246,20.6748663039864,-2.7792572122651));
#5903=CARTESIAN_POINT('Ctrl Pts',(-7.49470509312705,20.6749103333071,-1.8364014303536));
#5904=CARTESIAN_POINT('Ctrl Pts',(-7.63984334296404,20.6749725168938,-0.575399713329983));
#5905=CARTESIAN_POINT('Ctrl Pts',(-7.65626661912788,20.6749869344259,-0.287374025115592));
#5906=CARTESIAN_POINT('Ctrl Pts',(-7.65620134523176,20.6750015444409,0.000324103176583893));
#5907=CARTESIAN_POINT('',(4.02333361852752,18.9630083578957,6.51385750941115));
#5908=CARTESIAN_POINT('Ctrl Pts',(4.02304929161785,18.9628833341698,6.51341148652055));
#5909=CARTESIAN_POINT('Ctrl Pts',(3.89383815815503,19.5284901704678,6.51952478742602));
#5910=CARTESIAN_POINT('Ctrl Pts',(3.7656169919962,20.0940877159709,6.52207846440638));
#5911=CARTESIAN_POINT('Ctrl Pts',(3.63857078108749,20.6596763885687,6.5211713754676));
#5912=CARTESIAN_POINT('',(4.58131352803658,18.9498439900877,6.12459324335354));
#5913=CARTESIAN_POINT('Ctrl Pts',(4.57549987946928,18.9629891977001,6.12775045205595));
#5914=CARTESIAN_POINT('Ctrl Pts',(4.30796927158359,18.9629932661607,6.33303460240684));
#5915=CARTESIAN_POINT('Ctrl Pts',(4.02356086884928,18.9629915256693,6.51421426431006));
#5916=CARTESIAN_POINT('',(7.00929552750249,18.9629616734789,-2.95532270275111));
#5917=CARTESIAN_POINT('Origin',(-0.126330623674512,18.9626155306135,0.000302842841610587));
#5918=CARTESIAN_POINT('',(6.99317264116434,17.2879064671527,-3.31529858607265));
#5919=CARTESIAN_POINT('',(6.99360777804066,17.260414774384,-3.31971559958293));
#5920=CARTESIAN_POINT('',(6.84013936479738,17.2876867147861,-3.62612456730639));
#5921=CARTESIAN_POINT('Ctrl Pts',(6.88242692494934,17.3025715716892,-3.64826813080115));
#5922=CARTESIAN_POINT('Ctrl Pts',(6.93612223142154,17.3026706079367,-3.54535552688531));
#5923=CARTESIAN_POINT('Ctrl Pts',(6.98762100599883,17.3027702741821,-3.44112001732899));
#5924=CARTESIAN_POINT('Ctrl Pts',(7.0368138143038,17.3028703849282,-3.33575219025316));
#5925=CARTESIAN_POINT('',(6.72453819428908,18.9629920974306,-3.56596578499038));
#5926=CARTESIAN_POINT('',(6.72453819428908,18.9629920974306,-3.56596578499038));
#5927=CARTESIAN_POINT('',(-1.46740974272265,18.9629901124246,-7.60578754188512));
#5928=CARTESIAN_POINT('Ctrl Pts',(-1.46740974272265,18.9629901124246,-7.60578754188512));
#5929=CARTESIAN_POINT('Ctrl Pts',(-1.24615689149113,18.9629894226964,-7.64480176774674));
#5930=CARTESIAN_POINT('Ctrl Pts',(-0.911721193768227,18.962989416716,-7.6888350286475));
#5931=CARTESIAN_POINT('Ctrl Pts',(-0.463244265140982,18.9629891265459,-7.71822574493035));
#5932=CARTESIAN_POINT('Ctrl Pts',(-0.126244840539116,18.962992529883,-7.72557671853854));
#5933=CARTESIAN_POINT('Ctrl Pts',(0.210754608854921,18.9629890858018,-7.71822598627031));
#5934=CARTESIAN_POINT('Ctrl Pts',(0.547114902358207,18.9629892985252,-7.69618260920886));
#5935=CARTESIAN_POINT('Ctrl Pts',(0.882192128137419,18.9629892271027,-7.65947999805574));
#5936=CARTESIAN_POINT('Ctrl Pts',(1.21534747268027,18.962990136625,-7.60820058090982));
#5937=CARTESIAN_POINT('Ctrl Pts',(1.54594888027594,18.9629900702373,-7.54244448139779));
#5938=CARTESIAN_POINT('Ctrl Pts',(1.87336694815171,18.9629922562242,-7.46232423268134));
#5939=CARTESIAN_POINT('Ctrl Pts',(2.19698047515831,18.9629875583019,-7.3680019447483));
#5940=CARTESIAN_POINT('Ctrl Pts',(2.51617347937147,18.9629933154038,-7.25965036975956));
#5941=CARTESIAN_POINT('Ctrl Pts',(2.83033394868469,18.9629875457639,-7.13748247354535));
#5942=CARTESIAN_POINT('Ctrl Pts',(3.13886365731843,18.9629907609401,-7.00172238374501));
#5943=CARTESIAN_POINT('Ctrl Pts',(3.44117809903575,18.9629899444831,-6.85263372646966));
#5944=CARTESIAN_POINT('Ctrl Pts',(3.736710049506,18.9629896876437,-6.69051209818218));
#5945=CARTESIAN_POINT('Ctrl Pts',(4.02487949661277,18.9629904401054,-6.51563175024738));
#5946=CARTESIAN_POINT('Ctrl Pts',(4.3051536966952,18.9629901121145,-6.32836282008419));
#5947=CARTESIAN_POINT('Ctrl Pts',(4.57699205893666,18.962989767213,-6.12904641667576));
#5948=CARTESIAN_POINT('Ctrl Pts',(4.8398711422772,18.9629922015371,-5.91805680155304));
#5949=CARTESIAN_POINT('Ctrl Pts',(5.09330203074389,18.9629891289449,-5.69580803881673));
#5950=CARTESIAN_POINT('Ctrl Pts',(5.33679795115079,18.962990409456,-5.46271366233766));
#5951=CARTESIAN_POINT('Ctrl Pts',(5.56989089406412,18.9629914649956,-5.21921930903993));
#5952=CARTESIAN_POINT('Ctrl Pts',(5.79213726491841,18.9629910670775,-4.96578520888666));
#5953=CARTESIAN_POINT('Ctrl Pts',(6.00313405321862,18.9629921839456,-4.70291162727788));
#5954=CARTESIAN_POINT('Ctrl Pts',(6.20244110466107,18.9629909514583,-4.43106710205955));
#5955=CARTESIAN_POINT('Ctrl Pts',(6.45214992799608,18.9629914652618,-4.0573814508459));
#5956=CARTESIAN_POINT('Ctrl Pts',(6.6208013152115,18.9629896784078,-3.76524786986552));
#5957=CARTESIAN_POINT('Ctrl Pts',(6.72453819428908,18.9629920974306,-3.56596578499038));
#5958=CARTESIAN_POINT('',(-1.82293479208109,17.2843148487629,-7.66813977319266));
#5959=CARTESIAN_POINT('',(-1.82657311490363,17.2604132633386,-7.66934273612573));
#5960=CARTESIAN_POINT('',(-2.15901980538182,17.2842882718774,-7.58608336108858));
#5961=CARTESIAN_POINT('Ctrl Pts',(-2.16979740805284,17.2971817221572,-7.62630374958807));
#5962=CARTESIAN_POINT('Ctrl Pts',(-2.05759233176211,17.2971815125177,-7.65636886043008));
#5963=CARTESIAN_POINT('Ctrl Pts',(-1.94485790908875,17.2971835420489,-7.68392007762153));
#5964=CARTESIAN_POINT('Ctrl Pts',(-1.83195802540752,17.2971877737616,-7.70890457415881));
#5965=CARTESIAN_POINT('',(-2.12521613920696,18.9629913152734,-7.45995808516816));
#5966=CARTESIAN_POINT('',(-2.12521613920696,18.9629913152734,-7.45995808516816));
#5967=CARTESIAN_POINT('',(-7.84234107817199,18.9629919320987,-0.336566322925297));
#5968=CARTESIAN_POINT('Ctrl Pts',(-7.84234107817199,18.9629919320987,-0.336566322925297));
#5969=CARTESIAN_POINT('Ctrl Pts',(-7.83253341989094,18.9629923577963,-0.561017735215896));
#5970=CARTESIAN_POINT('Ctrl Pts',(-7.80315716250704,18.9629878430169,-0.897057617659061));
#5971=CARTESIAN_POINT('Ctrl Pts',(-7.73476359464909,18.9629955214421,-1.34126310410644));
#5972=CARTESIAN_POINT('Ctrl Pts',(-7.66900988995519,18.9629883198745,-1.67186722664291));
#5973=CARTESIAN_POINT('Ctrl Pts',(-7.58889898222458,18.9629928815244,-1.99928872807485));
#5974=CARTESIAN_POINT('Ctrl Pts',(-7.49456067922057,18.9629888804431,-2.32289688671986));
#5975=CARTESIAN_POINT('Ctrl Pts',(-7.38622624884038,18.9629915352434,-2.64209364630643));
#5976=CARTESIAN_POINT('Ctrl Pts',(-7.26404646860703,18.9629951054557,-2.95625178476583));
#5977=CARTESIAN_POINT('Ctrl Pts',(-7.12828694955439,18.9629854298293,-3.2647837056642));
#5978=CARTESIAN_POINT('Ctrl Pts',(-6.97919661176202,18.9629953385252,-3.56709801402744));
#5979=CARTESIAN_POINT('Ctrl Pts',(-6.81707090335907,18.9629900439966,-3.86262632213478));
#5980=CARTESIAN_POINT('Ctrl Pts',(-6.64220882439592,18.9629922561688,-4.15080321546489));
#5981=CARTESIAN_POINT('Ctrl Pts',(-6.45492763157629,18.9629915386679,-4.43106711351719));
#5982=CARTESIAN_POINT('Ctrl Pts',(-6.25562053699953,18.9629928343995,-4.70291162421943));
#5983=CARTESIAN_POINT('Ctrl Pts',(-6.04462376022846,18.9629916732908,-4.96578520966499));
#5984=CARTESIAN_POINT('Ctrl Pts',(-5.82237738639216,18.9629920542843,-5.21921930898715));
#5985=CARTESIAN_POINT('Ctrl Pts',(-5.58928444387789,18.9629909730691,-5.46271366177259));
#5986=CARTESIAN_POINT('Ctrl Pts',(-5.34578852485727,18.9629896678564,-5.69580804113189));
#5987=CARTESIAN_POINT('Ctrl Pts',(-5.09235763044645,18.962992714161,-5.91805679285936));
#5988=CARTESIAN_POINT('Ctrl Pts',(-4.82947856949501,18.9629902527677,-6.12904644913622));
#5989=CARTESIAN_POINT('Ctrl Pts',(-4.55764012364069,18.962990569461,-6.32836269893472));
#5990=CARTESIAN_POINT('Ctrl Pts',(-4.27736623562636,18.9629908690351,-6.51563220239366));
#5991=CARTESIAN_POINT('Ctrl Pts',(-3.98919800727686,18.9629900849133,-6.69050896441845));
#5992=CARTESIAN_POINT('Ctrl Pts',(-3.69367043847165,18.9629903183905,-6.8526387665514));
#5993=CARTESIAN_POINT('Ctrl Pts',(-3.39134990075876,18.9629910770084,-7.00172226716773));
#5994=CARTESIAN_POINT('Ctrl Pts',(-3.08281553960733,18.9629879293663,-7.13747820193019));
#5995=CARTESIAN_POINT('Ctrl Pts',(-2.66393680222561,18.9629950842465,-7.30037851806152));
#5996=CARTESIAN_POINT('Ctrl Pts',(-2.34222927334889,18.9629857933802,-7.40181282561557));
#5997=CARTESIAN_POINT('Ctrl Pts',(-2.12521613920696,18.9629913152734,-7.45995808516816));
#5998=CARTESIAN_POINT('',(-7.98213074734996,17.2604170310122,0.000325296215646538));
#5999=CARTESIAN_POINT('Origin',(-0.126248553430824,25.0806550528533,0.000327848752360815));
#6000=CARTESIAN_POINT('',(-6.60038898767295,25.2039687168224,0.000320985976854949));
#6001=CARTESIAN_POINT('Origin',(-0.126243182316553,25.2039683262907,0.000323371591263814));
#6002=CARTESIAN_POINT('',(-6.86151766658165,25.0750624272915,0.000328856589128898));
#6003=CARTESIAN_POINT('',(-6.85019322845013,25.0806527346962,0.000327895274045165));
#6004=CARTESIAN_POINT('',(-6.86151755611783,25.0750623113483,-0.00183125995886942));
#6005=CARTESIAN_POINT('Ctrl Pts',(-6.86151755611783,25.0750623113483,-0.00183125995887018));
#6006=CARTESIAN_POINT('Ctrl Pts',(-6.86133881848267,25.0750169508186,-0.846938838700608));
#6007=CARTESIAN_POINT('Ctrl Pts',(-6.69238879883604,25.07496884382,-1.74822886933717));
#6008=CARTESIAN_POINT('Ctrl Pts',(-6.00544800017002,25.0748809648495,-3.40708268791504));
#6009=CARTESIAN_POINT('Ctrl Pts',(-5.48714350157509,25.0748412066248,-4.16452340349594));
#6010=CARTESIAN_POINT('Ctrl Pts',(-4.29115334957057,25.0747792089253,-5.36069262195282));
#6011=CARTESIAN_POINT('Ctrl Pts',(-3.53374174912558,25.0747528391141,-5.87913142037479));
#6012=CARTESIAN_POINT('Ctrl Pts',(-1.87417970068446,25.0747193668557,-6.56661361053875));
#6013=CARTESIAN_POINT('Ctrl Pts',(-0.972029249510218,25.0747122699215,-6.73565699460913));
#6014=CARTESIAN_POINT('Ctrl Pts',(0.719529420065141,25.0747161858643,-6.73565025504409));
#6015=CARTESIAN_POINT('Ctrl Pts',(1.62167589711677,25.0747274595845,-6.56660072705397));
#6016=CARTESIAN_POINT('Ctrl Pts',(3.28122848216096,25.0747685926478,-5.87910928300343));
#6017=CARTESIAN_POINT('Ctrl Pts',(4.03863459402209,25.0747984454158,-5.36066737628102));
#6018=CARTESIAN_POINT('Ctrl Pts',(5.23461179208119,25.0748659102477,-4.16449784504752));
#6019=CARTESIAN_POINT('Ctrl Pts',(5.75290943723596,25.0749080170666,-3.40706048580897));
#6020=CARTESIAN_POINT('Ctrl Pts',(6.44013340365558,25.074999000264,-1.74751023761737));
#6021=CARTESIAN_POINT('Ctrl Pts',(6.60905974064588,25.0750478711081,-0.845397355175959));
#6022=CARTESIAN_POINT('Ctrl Pts',(6.60896760287746,25.0750932154101,0.000327801216437912));
#6023=CARTESIAN_POINT('Ctrl Pts',(6.6088754729456,25.0751385558553,0.84598102624141));
#6024=CARTESIAN_POINT('Ctrl Pts',(6.43978108995189,25.0751864145166,1.74798532360348));
#6025=CARTESIAN_POINT('Ctrl Pts',(5.75230297018428,25.0752733966457,3.40727610162891));
#6026=CARTESIAN_POINT('Ctrl Pts',(5.23391924193581,25.0753125266986,4.16456258582414));
#6027=CARTESIAN_POINT('Ctrl Pts',(4.03793137498673,25.0753733798054,5.3603740586388));
#6028=CARTESIAN_POINT('Ctrl Pts',(3.28061664868983,25.0753991610945,5.87862527400196));
#6029=CARTESIAN_POINT('Ctrl Pts',(1.62132886177011,25.0754318496495,6.56585704540965));
#6030=CARTESIAN_POINT('Ctrl Pts',(0.719355801774099,25.0754387624544,6.73483760296729));
#6031=CARTESIAN_POINT('Ctrl Pts',(-0.971855369651884,25.075434946803,6.73484416301105));
#6032=CARTESIAN_POINT('Ctrl Pts',(-1.87383229161947,25.0754239638461,6.56586959058263));
#6033=CARTESIAN_POINT('Ctrl Pts',(-3.53312933995522,25.0753837650352,5.87864690717304));
#6034=CARTESIAN_POINT('Ctrl Pts',(-4.29044946549626,25.0753545425772,5.36039879419508));
#6035=CARTESIAN_POINT('Ctrl Pts',(-5.48645021111899,25.0752882223303,4.16458777553779));
#6036=CARTESIAN_POINT('Ctrl Pts',(-6.00484084058679,25.0752467018989,3.40729805299133));
#6037=CARTESIAN_POINT('Ctrl Pts',(-6.69232845162539,25.0751565024078,1.7479978412063));
#6038=CARTESIAN_POINT('Ctrl Pts',(-6.86142530271705,25.0751078178822,0.845988310168898));
#6039=CARTESIAN_POINT('Ctrl Pts',(-6.86151766658164,25.0750624272915,0.000328856589138504));
#6040=CARTESIAN_POINT('Ctrl Pts',(-6.86151766668666,25.0750624272399,0.000327894411752336));
#6041=CARTESIAN_POINT('Ctrl Pts',(-6.86151774518781,25.0750623886114,-0.000391782905102894));
#6042=CARTESIAN_POINT('Ctrl Pts',(-6.86151770834461,25.0750623499808,-0.00111150105522389));
#6043=CARTESIAN_POINT('Ctrl Pts',(-6.86151755611783,25.0750623113483,-0.00183125995886997));
#6044=CARTESIAN_POINT('Origin',(-0.126244366669307,3.26841457989301,0.000326502045169052));
#6045=CARTESIAN_POINT('',(-6.85749460388576,3.85292586860522,0.000328958616295609));
#6046=CARTESIAN_POINT('',(6.60500605951465,3.85292512228495,0.00032642228477615));
#6047=CARTESIAN_POINT('Ctrl Pts',(-6.85749460388576,3.85292586860522,0.000328958616306468));
#6048=CARTESIAN_POINT('Ctrl Pts',(-6.85742403524113,3.85291857867266,0.786967406826973));
#6049=CARTESIAN_POINT('Ctrl Pts',(-6.71945022586356,3.85291133211825,1.56826183984809));
#6050=CARTESIAN_POINT('Ctrl Pts',(-6.14855081355319,3.85289681692151,3.13178663004622));
#6051=CARTESIAN_POINT('Ctrl Pts',(-5.68998638962015,3.8528897833422,3.88852500116771));
#6052=CARTESIAN_POINT('Ctrl Pts',(-4.50860070940988,3.8528777259053,5.1836387284915));
#6053=CARTESIAN_POINT('Ctrl Pts',(-3.79707290024712,3.85287281727232,5.7096315423427));
#6054=CARTESIAN_POINT('Ctrl Pts',(-2.55615581273146,3.85286731458673,6.29667553155682));
#6055=CARTESIAN_POINT('Ctrl Pts',(-2.08545463697581,3.85286578944176,6.45863767565093));
#6056=CARTESIAN_POINT('Ctrl Pts',(-1.11703866604541,3.85286372278476,6.67613013141026));
#6057=CARTESIAN_POINT('Ctrl Pts',(-0.622287175764496,3.85286318759036,6.73099540012726));
#6058=CARTESIAN_POINT('Ctrl Pts',(-0.126019023687689,3.85286316023963,6.73097879347118));
#6059=CARTESIAN_POINT('Ctrl Pts',(0.750491072649055,3.85286311193269,6.73094946275218));
#6060=CARTESIAN_POINT('Ctrl Pts',(1.61861546408159,3.85286464849908,6.55971812026388));
#6061=CARTESIAN_POINT('Ctrl Pts',(3.24036954577795,3.85287071940321,5.89412558368928));
#6062=CARTESIAN_POINT('Ctrl Pts',(3.97849334397943,3.85287519576661,5.40612584732702));
#6063=CARTESIAN_POINT('Ctrl Pts',(5.22613791563779,3.85288652865319,4.17465524589947));
#6064=CARTESIAN_POINT('Ctrl Pts',(5.72372892437918,3.85289327689651,3.44295681171053));
#6065=CARTESIAN_POINT('Ctrl Pts',(6.41042900707484,3.85290817926152,1.83000666526437));
#6066=CARTESIAN_POINT('Ctrl Pts',(6.59297152427046,3.85291619093518,0.96417558190558));
#6067=CARTESIAN_POINT('Ctrl Pts',(6.60481182158816,3.85292458239851,0.0585858334547393));
#6068=CARTESIAN_POINT('Ctrl Pts',(6.60500345767767,3.8529248523753,0.0294518330344513));
#6069=CARTESIAN_POINT('Ctrl Pts',(6.60500605951465,3.85292512228495,0.000326422285039518));
#6070=CARTESIAN_POINT('',(6.60500596500896,3.85292513970302,-0.00155312398301098));
#6071=CARTESIAN_POINT('Ctrl Pts',(6.60500596500896,3.85292513970301,-0.0015531239830123));
#6072=CARTESIAN_POINT('Ctrl Pts',(6.60484527167556,3.85293298181115,-0.847777641473101));
#6073=CARTESIAN_POINT('Ctrl Pts',(6.44510534315435,3.85294076699215,-1.68671818176814));
#6074=CARTESIAN_POINT('Ctrl Pts',(5.81175020777172,3.85295566015409,-3.28938650712341));
#6075=CARTESIAN_POINT('Ctrl Pts',(5.33345770475518,3.85296258981986,-4.03384572197656));
#6076=CARTESIAN_POINT('Ctrl Pts',(4.11843132405286,3.85297437610796,-5.2975168804232));
#6077=CARTESIAN_POINT('Ctrl Pts',(3.39331526654955,3.8529791200216,-5.8046482513194));
#6078=CARTESIAN_POINT('Ctrl Pts',(1.78951067723357,3.85298577381142,-6.51241209417692));
#6079=CARTESIAN_POINT('Ctrl Pts',(0.926156589269442,3.85298762007579,-6.70627989134414));
#6080=CARTESIAN_POINT('Ctrl Pts',(-0.826262118557399,3.85298814288891,-6.75216465256876));
#6081=CARTESIAN_POINT('Ctrl Pts',(-1.69857249047397,3.85298681446075,-6.6037453616188));
#6082=CARTESIAN_POINT('Ctrl Pts',(-3.33719725453461,3.85298112797552,-5.98089372496129));
#6083=CARTESIAN_POINT('Ctrl Pts',(-4.08784640684737,3.85297682431632,-5.51241817955395));
#6084=CARTESIAN_POINT('Ctrl Pts',(-5.36731844035646,3.85296578207486,-4.31410586828858));
#6085=CARTESIAN_POINT('Ctrl Pts',(-5.88391025425689,3.85295914910186,-3.59572655640533));
#6086=CARTESIAN_POINT('Ctrl Pts',(-6.61265448370023,3.85294440793826,-2.00138957318963));
#6087=CARTESIAN_POINT('Ctrl Pts',(-6.81784074163738,3.85293644071956,-1.14067450530494));
#6088=CARTESIAN_POINT('Ctrl Pts',(-6.85577123979902,3.8529275065709,-0.176428262945124));
#6089=CARTESIAN_POINT('Ctrl Pts',(-6.85750252923001,3.85292668731479,-0.0880159505792774));
#6090=CARTESIAN_POINT('Ctrl Pts',(-6.85749460388576,3.85292586860522,0.000328958616305997));
#6091=CARTESIAN_POINT('Ctrl Pts',(6.60500605951465,3.85292512228495,0.000326422285039518));
#6092=CARTESIAN_POINT('Ctrl Pts',(6.60500611548301,3.85292512809101,-0.000300097118291455));
#6093=CARTESIAN_POINT('Ctrl Pts',(6.60500608398,3.85292513389703,-0.000926612546949758));
#6094=CARTESIAN_POINT('Ctrl Pts',(6.60500596500896,3.85292513970301,-0.00155312398301248));
#6095=CARTESIAN_POINT('',(6.07928971535001,3.29239664142217,0.000326499267878087));
#6096=CARTESIAN_POINT('Origin',(6.66654132522692,3.26841419678615,0.000326502612571226));
#6097=CARTESIAN_POINT('',(-6.33177865194618,3.29239624499767,0.000327034911629596));
#6098=CARTESIAN_POINT('Origin',(-0.126244468298093,3.29239644320987,0.000326508504500699));
#6099=CARTESIAN_POINT('Origin',(-0.126244468298093,3.29239644320987,0.000326508504500699));
#6100=CARTESIAN_POINT('Origin',(-0.126250978473099,26.1296403133052,0.000326333909604276));
#6101=CARTESIAN_POINT('',(6.34647739915239,26.1364735437059,0.000326517768754262));
#6102=CARTESIAN_POINT('',(-6.59946845898159,26.1371632645876,0.000606929820790767));
#6103=CARTESIAN_POINT('Ctrl Pts',(6.34647739915239,26.1364735437059,0.000326510463631302));
#6104=CARTESIAN_POINT('Ctrl Pts',(6.34649884876418,26.1365021123869,-0.81211814705506));
#6105=CARTESIAN_POINT('Ctrl Pts',(6.18422354950914,26.1365411893896,-1.67869035677196));
#6106=CARTESIAN_POINT('Ctrl Pts',(5.52411112544502,26.1366323900203,-3.27318971553974));
#6107=CARTESIAN_POINT('Ctrl Pts',(5.02616778755917,26.1366845253547,-4.00107521247198));
#6108=CARTESIAN_POINT('Ctrl Pts',(3.87707015293439,26.13678631866,-5.15071631986163));
#6109=CARTESIAN_POINT('Ctrl Pts',(3.14927997583883,26.1368427630298,-5.64906432651115));
#6110=CARTESIAN_POINT('Ctrl Pts',(1.55455049892749,26.1369513868157,-6.31003292210968));
#6111=CARTESIAN_POINT('Ctrl Pts',(0.687611202613804,26.1370035631138,-6.47265351950876));
#6112=CARTESIAN_POINT('Ctrl Pts',(-0.938104948379063,26.1370906816711,-6.47298258918143));
#6113=CARTESIAN_POINT('Ctrl Pts',(-1.80523007052673,26.1371314275129,-6.31066530745018));
#6114=CARTESIAN_POINT('Ctrl Pts',(-3.40041021515503,26.1371935109442,-5.65016261628744));
#6115=CARTESIAN_POINT('Ctrl Pts',(-4.12846523913665,26.1372148410499,-5.15197721048032));
#6116=CARTESIAN_POINT('Ctrl Pts',(-5.2781907101935,26.1372355254994,-4.00238299731126));
#6117=CARTESIAN_POINT('Ctrl Pts',(-5.77647120603266,26.1372362571881,-3.27435711060936));
#6118=CARTESIAN_POINT('Ctrl Pts',(-6.43707912036172,26.1372146651143,-1.67937928881742));
#6119=CARTESIAN_POINT('Ctrl Pts',(-6.59948963634365,26.1371923500856,-0.812459955478193));
#6120=CARTESIAN_POINT('Ctrl Pts',(-6.59946847903801,26.1371632747969,0.000321220710784165));
#6121=CARTESIAN_POINT('',(6.17664952097653,25.905054004741,0.000326699083856695));
#6122=CARTESIAN_POINT('',(6.34145431735922,26.129628732919,0.000326530220657243));
#6123=CARTESIAN_POINT('',(-6.42913580102858,25.9050547651438,0.000320914036568768));
#6124=CARTESIAN_POINT('Origin',(-0.126243140025784,25.9050543849423,0.000323268159434909));
#6125=CARTESIAN_POINT('Origin',(-0.126243140025784,25.9050543849423,0.000323268159434909));
#6126=CARTESIAN_POINT('Ctrl Pts',(-6.59946843891659,26.1371632543465,0.00089285994730251));
#6127=CARTESIAN_POINT('Ctrl Pts',(-6.59937549380845,26.1371341721798,0.813758888585861));
#6128=CARTESIAN_POINT('Ctrl Pts',(-6.43680421167089,26.1370944543532,1.6807804276667));
#6129=CARTESIAN_POINT('Ctrl Pts',(-5.77587423055081,26.1370021501844,3.27567177326596));
#6130=CARTESIAN_POINT('Ctrl Pts',(-5.27751552536826,26.1369495713389,4.00354157721553));
#6131=CARTESIAN_POINT('Ctrl Pts',(-4.12780684390394,26.1368473520916,5.15276446022362));
#6132=CARTESIAN_POINT('Ctrl Pts',(-3.39986650721621,26.1367908996377,5.65075511767902));
#6133=CARTESIAN_POINT('Ctrl Pts',(-1.80499893744521,26.1366827269632,6.31100807186751));
#6134=CARTESIAN_POINT('Ctrl Pts',(-0.938071700343212,26.1366310036524,6.47327035889282));
#6135=CARTESIAN_POINT('Ctrl Pts',(0.687255901027826,26.1365449126511,6.47298248323417));
#6136=CARTESIAN_POINT('Ctrl Pts',(1.55400521054741,26.1365048032967,6.31046093300487));
#6137=CARTESIAN_POINT('Ctrl Pts',(3.14845486996132,26.1364438097331,5.64982310020206));
#6138=CARTESIAN_POINT('Ctrl Pts',(3.87615521709865,26.1364229180106,5.15170681097531));
#6139=CARTESIAN_POINT('Ctrl Pts',(5.02529341712643,26.1364026594981,4.0024952493081));
#6140=CARTESIAN_POINT('Ctrl Pts',(5.52335118062056,26.1364019410242,3.27479106632902));
#6141=CARTESIAN_POINT('Ctrl Pts',(6.1838865364053,26.1364230845195,1.68035973857485));
#6142=CARTESIAN_POINT('Ctrl Pts',(6.34636413115215,26.1364449496014,0.813632594817365));
#6143=CARTESIAN_POINT('Ctrl Pts',(6.34647733858853,26.1364735180063,0.00105742560550452));
#6144=CARTESIAN_POINT('Ctrl Pts',(6.34647737253139,26.1364735265719,0.000813792094962208));
#6145=CARTESIAN_POINT('Ctrl Pts',(6.34647739271989,26.1364735351385,0.000570153713221027));
#6146=CARTESIAN_POINT('Ctrl Pts',(6.34647739915239,26.1364735437059,0.00032651046363099));
#6147=CARTESIAN_POINT('Origin',(-0.126244474126557,3.47487110935451,0.000326473251764727));
#6148=CARTESIAN_POINT('',(-6.60026346470824,2.81480590255945,0.000325449825363908));
#6149=CARTESIAN_POINT('',(6.34695936318617,2.81556695365863,0.000249923215215282));
#6150=CARTESIAN_POINT('Ctrl Pts',(-6.60026346470825,2.81480590255945,0.000325449825369269));
#6151=CARTESIAN_POINT('Ctrl Pts',(-6.600263479938,2.81480588537489,-0.00801091429694428));
#6152=CARTESIAN_POINT('Ctrl Pts',(-6.60024739248403,2.81480586914654,-0.0163480502040757));
#6153=CARTESIAN_POINT('Ctrl Pts',(-6.596959887395,2.8148043099346,-0.867638028096684));
#6154=CARTESIAN_POINT('Ctrl Pts',(-6.42908862080955,2.8148125795141,-1.70189522982988));
#6155=CARTESIAN_POINT('Ctrl Pts',(-5.78301353456152,2.8148477715315,-3.25910098102089));
#6156=CARTESIAN_POINT('Ctrl Pts',(-5.3109878725158,2.81487435552805,-3.96716243983086));
#6157=CARTESIAN_POINT('Ctrl Pts',(-4.12209808251447,2.81494239004288,-5.16249579687374));
#6158=CARTESIAN_POINT('Ctrl Pts',(-3.41660097958252,2.81498318720779,-5.63834059653771));
#6159=CARTESIAN_POINT('Ctrl Pts',(-1.86292096871509,2.81507362538103,-6.29282120871925));
#6160=CARTESIAN_POINT('Ctrl Pts',(-1.02959197022206,2.81512239956713,-6.46520051236972));
#6161=CARTESIAN_POINT('Ctrl Pts',(0.656236163212692,2.81522150868241,-6.48083277120171));
#6162=CARTESIAN_POINT('Ctrl Pts',(1.49261828888715,2.81527089585591,-6.32393634373412));
#6163=CARTESIAN_POINT('Ctrl Pts',(3.05816711448246,2.81536381563877,-5.69837998481357));
#6164=CARTESIAN_POINT('Ctrl Pts',(3.77236652643402,2.81540646175541,-5.23570017825007));
#6165=CARTESIAN_POINT('Ctrl Pts',(4.98321721415507,2.81547944148733,-4.06262073347053));
#6166=CARTESIAN_POINT('Ctrl Pts',(5.46829171716679,2.81550908025106,-3.36343556073769));
#6167=CARTESIAN_POINT('Ctrl Pts',(5.99675686306495,2.81554225520128,-2.15358866218671));
#6168=CARTESIAN_POINT('Ctrl Pts',(6.13884886278991,2.81555143545331,-1.69642791388297));
#6169=CARTESIAN_POINT('Ctrl Pts',(6.30761625903301,2.81556300536902,-0.82299491655884));
#6170=CARTESIAN_POINT('Ctrl Pts',(6.34695528892312,2.81556612085986,-0.411767026712844));
#6171=CARTESIAN_POINT('Ctrl Pts',(6.34695936318617,2.81556695365863,0.000249923215253495));
#6172=CARTESIAN_POINT('Origin',(-7.21539079114759,3.47487088291857,0.000326483591053196));
#6173=CARTESIAN_POINT('Ctrl Pts',(6.34695936318617,2.81556695365863,0.000249923215253153));
#6174=CARTESIAN_POINT('Ctrl Pts',(6.34696000510181,2.81556708486924,0.0651647612463589));
#6175=CARTESIAN_POINT('Ctrl Pts',(6.34598423683759,2.81556715941071,0.130099186274669));
#6176=CARTESIAN_POINT('Ctrl Pts',(6.3440302844037,2.81556717713651,0.195031242437042));
#6177=CARTESIAN_POINT('Ctrl Pts',(6.31867516547361,2.81556740715211,1.03761061019615));
#6178=CARTESIAN_POINT('Ctrl Pts',(6.12898771526315,2.81555807087952,1.86718198886997));
#6179=CARTESIAN_POINT('Ctrl Pts',(5.4423005438807,2.81552126664225,3.40692396275435));
#6180=CARTESIAN_POINT('Ctrl Pts',(4.95186460073252,2.81549414840929,4.10237303113039));
#6181=CARTESIAN_POINT('Ctrl Pts',(3.73201818815397,2.81542541192555,5.26613584910418));
#6182=CARTESIAN_POINT('Ctrl Pts',(3.01426938465092,2.81538444787809,5.72332226445971));
#6183=CARTESIAN_POINT('Ctrl Pts',(1.44392239113529,2.81529381848551,6.33683543568591));
#6184=CARTESIAN_POINT('Ctrl Pts',(0.606337552196681,2.81524501753002,6.48729574909725));
#6185=CARTESIAN_POINT('Ctrl Pts',(-1.07936077996606,2.81514588505117,6.45868475235168));
#6186=CARTESIAN_POINT('Ctrl Pts',(-1.91135772561658,2.81509650126207,6.27988676892764));
#6187=CARTESIAN_POINT('Ctrl Pts',(-3.45998186228554,2.81500370518826,5.61343480904234));
#6188=CARTESIAN_POINT('Ctrl Pts',(-4.16180323950713,2.8149611820858,5.1321530808225));
#6189=CARTESIAN_POINT('Ctrl Pts',(-5.3414551041943,2.81488879157203,3.92766059538848));
#6190=CARTESIAN_POINT('Ctrl Pts',(-5.80800807319176,2.81485961909685,3.21596646385821));
#6191=CARTESIAN_POINT('Ctrl Pts',(-6.43891028228765,2.8148189279666,1.66152925474602));
#6192=CARTESIAN_POINT('Ctrl Pts',(-6.60026194021252,2.8148076227309,0.834793984049317));
#6193=CARTESIAN_POINT('Ctrl Pts',(-6.60026346470825,2.81480590255945,0.000325449825369639));
#6194=CARTESIAN_POINT('Origin',(-0.126243580135889,21.2538055508898,0.000324025215296524));
#6195=CARTESIAN_POINT('Ctrl Pts',(3.63742127909888,20.6755955455855,6.51918001813626));
#6196=CARTESIAN_POINT('Ctrl Pts',(2.91878942528025,20.6755988668499,6.93406607668794));
#6197=CARTESIAN_POINT('Ctrl Pts',(2.13554656457018,20.6756012296303,7.2278077409992));
#6198=CARTESIAN_POINT('Ctrl Pts',(0.357248664362185,20.6756040632504,7.57575371756018));
#6199=CARTESIAN_POINT('Ctrl Pts',(-0.632275299118014,20.6756040920904,7.57428151511694));
#6200=CARTESIAN_POINT('Ctrl Pts',(-2.40218867999253,20.6756013732611,7.22250474064277));
#6201=CARTESIAN_POINT('Ctrl Pts',(-3.1778128775106,20.6755990863529,6.9302922410001));
#6202=CARTESIAN_POINT('Ctrl Pts',(-3.889907809647,20.6755958534258,6.51918016617161));
#6203=CARTESIAN_POINT('',(-7.19259728057415,21.2702959417544,0.000325429745091326));
#6204=CARTESIAN_POINT('Origin',(-7.7854212346718,21.2538058161657,0.000324027485211552));
#6205=CARTESIAN_POINT('',(6.94011017572331,21.2702943034041,0.000324240766088221));
#6206=CARTESIAN_POINT('Origin',(-0.126243552425474,21.2702951225792,0.000324232833493627));
#6207=CARTESIAN_POINT('Origin',(-0.126243552425474,21.2702951225792,0.000324232833493627));
#6208=CARTESIAN_POINT('Origin',(-0.126243156837107,25.6263604229394,0.000323309275389267));
#6209=CARTESIAN_POINT('Origin',(-6.80890227058622,25.6263608260494,0.000323308259611082));
#6210=CARTESIAN_POINT('Origin',(-0.126255968528439,17.2604118381147,0.000326932989625532));
#6211=CARTESIAN_POINT('',(-7.77754840720059,17.0713337563926,0.000325579855333968));
#6212=CARTESIAN_POINT('',(7.52506118383311,17.0713328905445,0.000327215903352642));
#6213=CARTESIAN_POINT('Origin',(-0.12624361168354,17.0713333234683,0.000324564305612587));
#6214=CARTESIAN_POINT('Origin',(-0.12624361168354,17.0713333234683,0.000324564305612587));
#6215=CARTESIAN_POINT('',(7.72964435702595,17.2604167474217,0.000327131337034126));
#6216=CARTESIAN_POINT('',(7.72962631140577,17.2604000690669,0.000327131343158321));
#6217=CARTESIAN_POINT('',(4.92341188859264,17.2604080900292,6.01827435511674));
#6218=CARTESIAN_POINT('Ctrl Pts',(4.92341658303942,17.2604109522686,6.01827994978827));
#6219=CARTESIAN_POINT('Ctrl Pts',(5.10065220279959,17.2604115242713,5.86956258309694));
#6220=CARTESIAN_POINT('Ctrl Pts',(5.26935336660909,17.2604120568208,5.71462227795452));
#6221=CARTESIAN_POINT('Ctrl Pts',(6.12620425320841,17.2604146994925,4.85777338817317));
#6222=CARTESIAN_POINT('Ctrl Pts',(6.73079359066829,17.2604163160153,3.97439689706717));
#6223=CARTESIAN_POINT('Ctrl Pts',(7.53251306062002,17.2604177791751,2.03887311247898));
#6224=CARTESIAN_POINT('Ctrl Pts',(7.72964477602802,17.2604176258085,0.986726440061116));
#6225=CARTESIAN_POINT('Ctrl Pts',(7.72964435702595,17.2604167474218,0.000327131338369591));
#6226=CARTESIAN_POINT('',(-1.82641561447126,17.260396860192,7.67000644260712));
#6227=CARTESIAN_POINT('Ctrl Pts',(-1.82641625606411,17.2603995998303,7.6700093365551));
#6228=CARTESIAN_POINT('Ctrl Pts',(-1.25692815054354,17.2604071429625,7.79625862148998));
#6229=CARTESIAN_POINT('Ctrl Pts',(-0.680915816907865,17.2604128848051,7.85620773056117));
#6230=CARTESIAN_POINT('Ctrl Pts',(0.860179777441104,17.2604237737827,7.85621557001433));
#6231=CARTESIAN_POINT('Ctrl Pts',(1.91232999419352,17.2604257092244,7.6590822086245));
#6232=CARTESIAN_POINT('Ctrl Pts',(3.62674172924746,17.2604180130491,6.94893699344898));
#6233=CARTESIAN_POINT('Ctrl Pts',(4.32491433526983,17.2604109944699,6.52048245549651));
#6234=CARTESIAN_POINT('Ctrl Pts',(4.92340981317337,17.2604012182991,6.01827188192734));
#6235=CARTESIAN_POINT('Ctrl Pts',(-7.97462580182073,17.2603907903073,0.342988438005885));
#6236=CARTESIAN_POINT('Ctrl Pts',(-7.93601419295954,17.2604036447841,1.22766432256964));
#6237=CARTESIAN_POINT('Ctrl Pts',(-7.73890004249658,17.2604142012733,2.15016240269828));
#6238=CARTESIAN_POINT('Ctrl Pts',(-6.98328792113443,17.2604284312622,3.97440645661441));
#6239=CARTESIAN_POINT('Ctrl Pts',(-6.37870848533708,17.2604309858026,4.85777713799961));
#6240=CARTESIAN_POINT('Ctrl Pts',(-4.98374066254158,17.2604270205264,6.25274904117909));
#6241=CARTESIAN_POINT('Ctrl Pts',(-4.10037278056391,17.2604202364291,6.85733061606443));
#6242=CARTESIAN_POINT('Ctrl Pts',(-2.70903980571154,17.2604037920673,7.43363395782267));
#6243=CARTESIAN_POINT('Ctrl Pts',(-2.26966903565838,17.2603979269652,7.57174969546545));
#6244=CARTESIAN_POINT('Ctrl Pts',(-1.82641433160302,17.2603913809153,7.67000065464077));
#6245=CARTESIAN_POINT('Ctrl Pts',(-2.15949544671233,17.2603921239579,-7.58785453041638));
#6246=CARTESIAN_POINT('Ctrl Pts',(-2.48938937799376,17.2603964486085,-7.49946429273036));
#6247=CARTESIAN_POINT('Ctrl Pts',(-2.81537621285513,17.2604004382169,-7.38893492171476));
#6248=CARTESIAN_POINT('Ctrl Pts',(-4.1003306445742,17.2604149818294,-6.85670309595853));
#6249=CARTESIAN_POINT('Ctrl Pts',(-4.98370406349947,17.2604220571085,-6.25212528042104));
#6250=CARTESIAN_POINT('Ctrl Pts',(-6.37868361305758,17.2604278351172,-4.85715835760708));
#6251=CARTESIAN_POINT('Ctrl Pts',(-6.98327000243369,17.2604269229496,-3.973789071719));
#6252=CARTESIAN_POINT('Ctrl Pts',(-7.78498443847608,17.2604163504781,-2.03827600579774));
#6253=CARTESIAN_POINT('Ctrl Pts',(-7.98211248496164,17.2604066903761,-0.986132225689742));
#6254=CARTESIAN_POINT('Ctrl Pts',(-7.9821068699892,17.2603946060349,0.000284131522755027));
#6255=CARTESIAN_POINT('Ctrl Pts',(-7.98210686979032,17.260394605782,0.000304775152636179));
#6256=CARTESIAN_POINT('Ctrl Pts',(-7.98210686951007,17.2603946055291,0.000325418811312761));
#6257=CARTESIAN_POINT('Ctrl Pts',(6.8419725307336,17.2603968843705,-3.62715573375541));
#6258=CARTESIAN_POINT('Ctrl Pts',(6.46472487850704,17.260405141211,-4.35185006991508));
#6259=CARTESIAN_POINT('Ctrl Pts',(5.97390876939762,17.2604115287503,-5.0094238312858));
#6260=CARTESIAN_POINT('Ctrl Pts',(4.73120123795975,17.2604212547282,-6.25213725699857));
#6261=CARTESIAN_POINT('Ctrl Pts',(3.84783002854494,17.260423911482,-6.85672274488609));
#6262=CARTESIAN_POINT('Ctrl Pts',(1.91231381441029,17.2604217461608,-7.6584355911823));
#6263=CARTESIAN_POINT('Ctrl Pts',(0.860168809673391,17.2604169241161,-7.85556294954979));
#6264=CARTESIAN_POINT('Ctrl Pts',(-0.679925213861073,17.2604054604738,-7.85555356592899));
#6265=CARTESIAN_POINT('Ctrl Pts',(-1.25486617287948,17.2604002691176,-7.79582379009798));
#6266=CARTESIAN_POINT('Ctrl Pts',(-1.82335579817448,17.2603941176339,-7.67003524757043));
#6267=CARTESIAN_POINT('Ctrl Pts',(7.72964435702595,17.2604167474218,0.000327131338369465));
#6268=CARTESIAN_POINT('Ctrl Pts',(7.72964435702441,17.2604167474185,0.000323501622700984));
#6269=CARTESIAN_POINT('Ctrl Pts',(7.72964435702035,17.2604167474153,0.000319871907922982));
#6270=CARTESIAN_POINT('Ctrl Pts',(7.72964435701378,17.260416747412,0.000316242194035033));
#6271=CARTESIAN_POINT('Ctrl Pts',(7.72964257074087,17.2604158690177,-0.986085537075634));
#6272=CARTESIAN_POINT('Ctrl Pts',(7.53250742026463,17.2604141485042,-2.0382350033463));
#6273=CARTESIAN_POINT('Ctrl Pts',(7.08839128167672,17.2604114286641,-3.11041698347788));
#6274=CARTESIAN_POINT('Ctrl Pts',(7.0428816383342,17.2604111556359,-3.21390868008664));
#6275=CARTESIAN_POINT('Ctrl Pts',(6.99518883876141,17.2604108749008,-3.31631323476506));
#6276=CARTESIAN_POINT('Origin',(0.00906207932081814,20.0318512775044,-0.184901534128826));
#6277=CARTESIAN_POINT('',(-3.20809736538708,8.14250797845353,6.60937720484219));
#6278=CARTESIAN_POINT('Origin',(-0.126244051524022,8.1425070720447,0.000325841605922406));
#6279=CARTESIAN_POINT('',(-3.30820030909752,8.28923795109071,6.8240621772366));
#6280=CARTESIAN_POINT('',(-3.30844779926556,8.28953732222247,6.8245931634336));
#6281=CARTESIAN_POINT('Ctrl Pts',(-3.60284203639458,8.28962058092874,6.67881494786275));
#6282=CARTESIAN_POINT('Ctrl Pts',(-3.50608915572371,8.28977767201133,6.72919979909166));
#6283=CARTESIAN_POINT('Ctrl Pts',(-3.40779059190857,8.28992981936872,6.77771150913602));
#6284=CARTESIAN_POINT('Ctrl Pts',(-3.30824051240934,8.29004998439713,6.8241460284204));
#6285=CARTESIAN_POINT('Origin',(-0.126159591427438,20.1857962572443,0.000312334648537632));
#6286=CARTESIAN_POINT('',(-6.84704139430727,8.16212911776099,-2.91007229273089));
#6287=CARTESIAN_POINT('Ctrl Pts',(-6.88848987362968,8.18147657295656,-2.89299366332312));
#6288=CARTESIAN_POINT('Ctrl Pts',(-6.91088865901567,8.2173696472456,-2.9880157430242));
#6289=CARTESIAN_POINT('Ctrl Pts',(-6.93140016754824,8.25326273499827,-3.08425021581915));
#6290=CARTESIAN_POINT('Ctrl Pts',(-6.9499589788316,8.2891558375788,-3.18162405987246));
#6291=CARTESIAN_POINT('Origin',(-0.126244051524024,8.14250704423343,0.000325841605926871));
#6292=CARTESIAN_POINT('Origin',(-0.12609848824561,8.28944338080982,0.000415747493148586));
#6293=CARTESIAN_POINT('',(-4.73027340723564,8.29327898121883,-5.96742394511553));
#6294=CARTESIAN_POINT('Ctrl Pts',(-4.72674377986774,8.29234384016084,-5.96632085628875));
#6295=CARTESIAN_POINT('Ctrl Pts',(-4.8297117240844,8.28679252828688,-5.87560708386402));
#6296=CARTESIAN_POINT('Ctrl Pts',(-4.93297976935162,8.2837109466601,-5.78497669407437));
#6297=CARTESIAN_POINT('Ctrl Pts',(-5.17562937600835,8.2823785772449,-5.57292091215299));
#6298=CARTESIAN_POINT('Ctrl Pts',(-5.31518830745374,8.28617224091646,-5.45165209702219));
#6299=CARTESIAN_POINT('Ctrl Pts',(-5.45478599177775,8.29447910262624,-5.33109867395257));
#6300=CARTESIAN_POINT('',(-4.17164918525868,8.28915728686559,-6.34968388444551));
#6301=CARTESIAN_POINT('Ctrl Pts',(-4.16842899082477,8.2853926048929,-6.34452739652597));
#6302=CARTESIAN_POINT('Ctrl Pts',(-4.2404503156928,8.28393440196326,-6.29585145113847));
#6303=CARTESIAN_POINT('Ctrl Pts',(-4.3127453176996,8.28348961646288,-6.24715628195102));
#6304=CARTESIAN_POINT('Ctrl Pts',(-4.5001667271614,8.28500485583278,-6.1213510572456));
#6305=CARTESIAN_POINT('Ctrl Pts',(-4.61469428444076,8.28850890528834,-6.04489547673413));
#6306=CARTESIAN_POINT('Ctrl Pts',(-4.72893051247572,8.29450389412132,-5.96904017585689));
#6307=CARTESIAN_POINT('',(-3.00529217054223,8.30200443517567,-6.95829209414538));
#6308=CARTESIAN_POINT('Ctrl Pts',(-3.01542216887737,8.30381822457562,-6.978049627425));
#6309=CARTESIAN_POINT('Ctrl Pts',(-3.41626576047813,8.29342247271184,-6.79392039627869));
#6310=CARTESIAN_POINT('Ctrl Pts',(-3.80416729060302,8.28901267997388,-6.58353396029454));
#6311=CARTESIAN_POINT('Ctrl Pts',(-4.17292104012811,8.29043103471674,-6.35131440272659));
#6312=CARTESIAN_POINT('',(-1.75320463207268,8.30200899168038,-7.35251432337051));
#6313=CARTESIAN_POINT('Ctrl Pts',(-1.75975722148891,8.30382854978001,-7.37374754467131));
#6314=CARTESIAN_POINT('Ctrl Pts',(-2.12000657021045,8.29503990327667,-7.27940601790063));
#6315=CARTESIAN_POINT('Ctrl Pts',(-2.47677264022449,8.29045415688126,-7.16447952667372));
#6316=CARTESIAN_POINT('Ctrl Pts',(-2.88629575865393,8.2901293054091,-7.00666380836177));
#6317=CARTESIAN_POINT('Ctrl Pts',(-2.94654253943203,8.29020988314965,-6.98277265135316));
#6318=CARTESIAN_POINT('Ctrl Pts',(-3.00654250970889,8.29041863673636,-6.95830251415084));
#6319=CARTESIAN_POINT('',(-0.451473620576104,8.30034665454826,-7.5238888622479));
#6320=CARTESIAN_POINT('Ctrl Pts',(-0.455329761726405,8.30380543751506,-7.54529917697322));
#6321=CARTESIAN_POINT('Ctrl Pts',(-0.885616686132411,8.29365148042288,-7.51011801187371));
#6322=CARTESIAN_POINT('Ctrl Pts',(-1.32148423861028,8.28901208606845,-7.44628442963935));
#6323=CARTESIAN_POINT('Ctrl Pts',(-1.75442918697469,8.29040315990922,-7.35271862517113));
#6324=CARTESIAN_POINT('Ctrl Pts',(0.925613576870629,8.29856549684017,-7.47032167201907));
#6325=CARTESIAN_POINT('Ctrl Pts',(0.459934663025353,8.2732952757925,-7.4946724431918));
#6326=CARTESIAN_POINT('Ctrl Pts',(0.000382081370688264,8.27575454300834,
-7.51972702916864));
#6327=CARTESIAN_POINT('Ctrl Pts',(-0.453740489131692,8.30453331739538,-7.54654503055087));
#6328=CARTESIAN_POINT('',(2.94717002251274,8.29332732999963,-6.88033609192657));
#6329=CARTESIAN_POINT('Ctrl Pts',(2.94717002252639,8.29332733009642,-6.88033609197312));
#6330=CARTESIAN_POINT('Ctrl Pts',(2.67727054111624,8.28258595288046,-6.98189319698207));
#6331=CARTESIAN_POINT('Ctrl Pts',(2.40783556452857,8.28292671364648,-7.08461548311595));
#6332=CARTESIAN_POINT('Ctrl Pts',(2.141098232358,8.29414495130764,-7.18775129796773));
#6333=CARTESIAN_POINT('',(3.94306289643855,8.2961183109322,-6.34775040533105));
#6334=CARTESIAN_POINT('Ctrl Pts',(3.94306289647261,8.29611831111526,-6.34775040541471));
#6335=CARTESIAN_POINT('Ctrl Pts',(3.60723259628982,8.27698559546878,-6.52632337102484));
#6336=CARTESIAN_POINT('Ctrl Pts',(3.27529124637493,8.27628198436449,-6.70362142427945));
#6337=CARTESIAN_POINT('Ctrl Pts',(2.94717002253976,8.29332733009656,-6.88033609196741));
#6338=CARTESIAN_POINT('Ctrl Pts',(4.71003153247882,8.28542769988982,-5.76228403030937));
#6339=CARTESIAN_POINT('Ctrl Pts',(4.62463025683153,8.28299262004666,-5.8288228995613));
#6340=CARTESIAN_POINT('Ctrl Pts',(4.53948955487687,8.28179407327266,-5.89470103786));
#6341=CARTESIAN_POINT('Ctrl Pts',(4.28697934100687,8.28178949243979,-6.0887674015219));
#6342=CARTESIAN_POINT('Ctrl Pts',(4.11630015750899,8.28647972337708,-6.21820910244975));
#6343=CARTESIAN_POINT('Ctrl Pts',(3.94306289650465,8.29611831112111,-6.34775040540541));
#6344=CARTESIAN_POINT('Ctrl Pts',(6.69526427800034,8.28752284955098,-3.18010646975666));
#6345=CARTESIAN_POINT('Ctrl Pts',(6.59617837735615,8.28332977722896,-3.37660395813647));
#6346=CARTESIAN_POINT('Ctrl Pts',(6.49787602421034,8.28561147683893,-3.573215080793));
#6347=CARTESIAN_POINT('Ctrl Pts',(6.4009249011824,8.29420979384592,-3.76887610526367));
#6348=CARTESIAN_POINT('',(6.61094504632599,8.14250695103533,-2.79031245455741));
#6349=CARTESIAN_POINT('',(6.83003236426588,8.28933130057442,-2.88106053594995));
#6350=CARTESIAN_POINT('Origin',(-0.126244051524031,8.14250690255733,0.000325841605946978));
#6351=CARTESIAN_POINT('Origin',(-0.126443947554902,8.28945907358774,0.000368231752985783));
#6352=CARTESIAN_POINT('Origin',(-0.126244051524044,8.14250667261227,0.000325841605969383));
#6353=CARTESIAN_POINT('Ctrl Pts',(7.38059414341519,8.29313125951478,-0.656948166183283));
#6354=CARTESIAN_POINT('Ctrl Pts',(7.34880743907298,8.28517244579446,-0.872614933409086));
#6355=CARTESIAN_POINT('Ctrl Pts',(7.31723281846721,8.28326680887952,-1.08950238495203));
#6356=CARTESIAN_POINT('Ctrl Pts',(7.28608490086406,8.28768864543742,-1.30719230941466));
#6357=CARTESIAN_POINT('Ctrl Pts',(6.94575401895959,8.28754969684206,2.57630631621227));
#6358=CARTESIAN_POINT('Ctrl Pts',(7.01477880782674,8.28331922386739,2.36684465537599));
#6359=CARTESIAN_POINT('Ctrl Pts',(7.08444199370734,8.28559082631394,2.15785342305748));
#6360=CARTESIAN_POINT('Ctrl Pts',(7.15439208229762,8.29420681297784,1.95048999516627));
#6361=CARTESIAN_POINT('Ctrl Pts',(-3.30819732866314,8.28916974880798,6.82405494986149));
#6362=CARTESIAN_POINT('Ctrl Pts',(-3.20903695118336,8.28916875460435,6.87029243382222));
#6363=CARTESIAN_POINT('Ctrl Pts',(-3.10881092957379,8.28916779925522,6.91439397292215));
#6364=CARTESIAN_POINT('Ctrl Pts',(-2.08017893421708,8.28915849358124,7.340478177499));
#6365=CARTESIAN_POINT('Ctrl Pts',(-1.07180718687561,8.28915367374839,7.52942634746357));
#6366=CARTESIAN_POINT('Ctrl Pts',(0.818933475736274,8.28915129304322,7.52947459651901));
#6367=CARTESIAN_POINT('Ctrl Pts',(1.82733345052043,8.28915357360946,7.3405705109417));
#6368=CARTESIAN_POINT('Ctrl Pts',(3.16042612301964,8.28916227478159,6.78843951272921));
#6369=CARTESIAN_POINT('Ctrl Pts',(3.55141985467303,8.28916561600058,6.58453692578028));
#6370=CARTESIAN_POINT('Ctrl Pts',(3.91808964054955,8.28916954505378,6.35103792589433));
#6371=CARTESIAN_POINT('Origin',(-0.126243540037842,7.22045016498879,0.000323899413025474));
#6372=CARTESIAN_POINT('',(-7.31514081666805,7.42825196691172,0.000322247300033948));
#6373=CARTESIAN_POINT('Origin',(-0.126244076300116,7.42825171754365,0.000325928010317708));
#6374=CARTESIAN_POINT('',(-7.51055232205202,7.20941899215927,0.000323875711155212));
#6375=CARTESIAN_POINT('',(-7.5007012234562,7.22045080544216,0.000323894877632049));
#6376=CARTESIAN_POINT('',(-2.94702327031339,7.2150049827032,6.81290901913717));
#6377=CARTESIAN_POINT('Ctrl Pts',(-2.95199793517338,7.20700278724828,6.82491444150771));
#6378=CARTESIAN_POINT('Ctrl Pts',(-2.95212955420433,7.20700280655745,6.82485992534108));
#6379=CARTESIAN_POINT('Ctrl Pts',(-2.95226117165778,7.20700282586797,6.8248054053655));
#6380=CARTESIAN_POINT('Ctrl Pts',(-3.86214504853747,7.20713633222071,6.44787281936854));
#6381=CARTESIAN_POINT('Ctrl Pts',(-4.69255062437869,7.20733763330858,5.87945845824002));
#6382=CARTESIAN_POINT('Ctrl Pts',(-6.00378917198202,7.20780202247586,4.56799202304487));
#6383=CARTESIAN_POINT('Ctrl Pts',(-6.57203252698993,7.20809605514546,3.73754953404702));
#6384=CARTESIAN_POINT('Ctrl Pts',(-7.32547121162466,7.20874019584598,1.91804790658783));
#6385=CARTESIAN_POINT('Ctrl Pts',(-7.51066653358489,7.20909030215231,0.928988764951219));
#6386=CARTESIAN_POINT('Ctrl Pts',(-7.51055263618281,7.20941848601258,0.00175389373919664));
#6387=CARTESIAN_POINT('Ctrl Pts',(-7.51055257763247,7.20941865471948,0.00127723738652128));
#6388=CARTESIAN_POINT('Ctrl Pts',(-7.51055247292794,7.20941882343215,0.000800564704079227));
#6389=CARTESIAN_POINT('Ctrl Pts',(-7.51055232205977,7.20941899215059,0.000323875711148269));
#6390=CARTESIAN_POINT('',(2.69546771502279,7.21497381002413,6.81254072953165));
#6391=CARTESIAN_POINT('Ctrl Pts',(2.69581957999346,7.22051007363512,6.81338759665616));
#6392=CARTESIAN_POINT('Ctrl Pts',(1.78737766859574,7.22046001906894,7.18972515358261));
#6393=CARTESIAN_POINT('Ctrl Pts',(0.799704429769494,7.22043540522417,7.37480024315499));
#6394=CARTESIAN_POINT('Ctrl Pts',(-1.05190294201461,7.22043548987021,7.37479556560082));
#6395=CARTESIAN_POINT('Ctrl Pts',(-2.03920836171221,7.22046017567993,7.18985261586619));
#6396=CARTESIAN_POINT('Ctrl Pts',(-2.94738130307517,7.22051027272467,6.81377109984984));
#6397=CARTESIAN_POINT('',(7.25806492127046,7.20941791217098,0.00175391098848961));
#6398=CARTESIAN_POINT('Ctrl Pts',(7.25806492127046,7.20941791217098,0.00175391098848454));
#6399=CARTESIAN_POINT('Ctrl Pts',(7.25817881654928,7.2090897281564,0.928988807806793));
#6400=CARTESIAN_POINT('Ctrl Pts',(7.07298348217095,7.20873963608755,1.91804797458692));
#6401=CARTESIAN_POINT('Ctrl Pts',(6.31954475508787,7.20809555371897,3.73754963936238));
#6402=CARTESIAN_POINT('Ctrl Pts',(5.75130137004923,7.20780156514673,4.56799214053276));
#6403=CARTESIAN_POINT('Ctrl Pts',(4.44019076142882,7.20733732319847,5.87933055404979));
#6404=CARTESIAN_POINT('Ctrl Pts',(3.60998293087726,7.20713611863421,6.44765471158204));
#6405=CARTESIAN_POINT('Ctrl Pts',(2.70043768517848,7.20700270329262,6.82453021486786));
#6406=CARTESIAN_POINT('Ctrl Pts',(-7.51055232205977,7.20941899215059,0.000323875711148169));
#6407=CARTESIAN_POINT('Ctrl Pts',(-7.51025901871635,7.20974699825685,-0.926408885193716));
#6408=CARTESIAN_POINT('Ctrl Pts',(-7.32484196360398,7.21009678170289,-1.91478452462498));
#6409=CARTESIAN_POINT('Ctrl Pts',(-6.57128291820518,7.21074034430281,-3.73349783443609));
#6410=CARTESIAN_POINT('Ctrl Pts',(-6.00293313623579,7.21103409627359,-4.56375394482194));
#6411=CARTESIAN_POINT('Ctrl Pts',(-4.69168145157933,7.21149790658815,-5.87477794767991));
#6412=CARTESIAN_POINT('Ctrl Pts',(-3.8613888614444,7.21169888919272,-6.44295671163165));
#6413=CARTESIAN_POINT('Ctrl Pts',(-2.04221159507554,7.21196536782777,-7.19639214677781));
#6414=CARTESIAN_POINT('Ctrl Pts',(-1.05332691692322,7.21203086558589,-7.38164881333965));
#6415=CARTESIAN_POINT('Ctrl Pts',(0.800839012713395,7.21203079368754,-7.38164883840323));
#6416=CARTESIAN_POINT('Ctrl Pts',(1.7897237065067,7.21196521923642,-7.19639219435248));
#6417=CARTESIAN_POINT('Ctrl Pts',(3.60890100948918,7.21169859944962,-6.44295679249331));
#6418=CARTESIAN_POINT('Ctrl Pts',(4.43919362059711,7.21149755238339,-5.87477803931835));
#6419=CARTESIAN_POINT('Ctrl Pts',(5.75044535511307,7.21103364017069,-4.56375403498267));
#6420=CARTESIAN_POINT('Ctrl Pts',(6.31879516333594,7.21073984397139,-3.73349790977832));
#6421=CARTESIAN_POINT('Ctrl Pts',(7.07254799937377,7.21009605710381,-1.91431692822575));
#6422=CARTESIAN_POINT('Ctrl Pts',(7.25795103691272,7.20974606471692,-0.925392075907154));
#6423=CARTESIAN_POINT('Ctrl Pts',(7.25806492127046,7.20941791217098,0.00175391098848454));
#6424=CARTESIAN_POINT('Origin',(-0.12624406541668,7.74200399892429,0.000325890055297191));
#6425=CARTESIAN_POINT('Origin',(-7.66649953707104,7.74200426048075,0.000325892282996089));
#6426=CARTESIAN_POINT('Origin',(-0.126236439223185,12.766950035723,0.000313609490463167));
#6427=CARTESIAN_POINT('',(-7.81211644229782,12.5983128019159,0.00032817328184382));
#6428=CARTESIAN_POINT('',(7.55962867905372,12.5983117903863,0.000313356078167292));
#6429=CARTESIAN_POINT('Origin',(-0.126243881617794,12.5983122961517,0.000325177732320611));
#6430=CARTESIAN_POINT('Origin',(-0.126243881617794,12.5983122961517,0.000325177732320611));
#6431=CARTESIAN_POINT('',(7.78136291703548,12.7669508071301,0.000313514649996741));
#6432=CARTESIAN_POINT('',(7.78136850982702,12.7669550607173,0.00031351465399624));
#6433=CARTESIAN_POINT('',(-0.12514503430582,12.7669843763146,7.9079735754405));
#6434=CARTESIAN_POINT('Ctrl Pts',(-0.125144859054654,12.7669519536135,7.90793094457367));
#6435=CARTESIAN_POINT('Ctrl Pts',(0.867437481228389,12.7669519696446,7.90779311848422));
#6436=CARTESIAN_POINT('Ctrl Pts',(1.92609700538198,12.7669519547874,7.70935044607041));
#6437=CARTESIAN_POINT('Ctrl Pts',(3.87401155712822,12.7669518562647,6.90249502164321));
#6438=CARTESIAN_POINT('Ctrl Pts',(4.76320434498942,12.7669517725726,6.29392364779751));
#6439=CARTESIAN_POINT('Ctrl Pts',(6.16737056444421,12.7669515689941,4.88975286059639));
#6440=CARTESIAN_POINT('Ctrl Pts',(6.77593851320274,12.7669514355382,4.00055932727535));
#6441=CARTESIAN_POINT('Ctrl Pts',(7.58293542472564,12.766951134613,2.05228787676203));
#6442=CARTESIAN_POINT('Ctrl Pts',(7.78136438749098,12.7669509671437,0.993209959570109));
#6443=CARTESIAN_POINT('Ctrl Pts',(7.78136291703548,12.7669508071301,0.000313514649996627));
#6444=CARTESIAN_POINT('',(-3.77760320573982,12.7669852766289,7.01448906263113));
#6445=CARTESIAN_POINT('Ctrl Pts',(-3.7776228437291,12.7670176271093,7.01452679394618));
#6446=CARTESIAN_POINT('Ctrl Pts',(-3.57389888074112,12.7669914226243,7.12054041778077));
#6447=CARTESIAN_POINT('Ctrl Pts',(-3.36505324880712,12.7669698261427,7.21792101628192));
#6448=CARTESIAN_POINT('Ctrl Pts',(-2.17819742549374,12.7668759150562,7.70940755303594));
#6449=CARTESIAN_POINT('Ctrl Pts',(-1.11911985141262,12.7669037444086,7.90786847466999));
#6450=CARTESIAN_POINT('Ctrl Pts',(-0.125872523153907,12.7670164970811,7.90801588520612));
#6451=CARTESIAN_POINT('Ctrl Pts',(-0.125508692986381,12.7670165383946,7.90801591411022));
#6452=CARTESIAN_POINT('Ctrl Pts',(-0.12514485393262,12.7670165797207,7.90801591791903));
#6453=CARTESIAN_POINT('',(1.58527259303544,12.7669497774474,-7.7198398363759));
#6454=CARTESIAN_POINT('Ctrl Pts',(1.5852727116842,12.7669500903314,-7.71984037156705));
#6455=CARTESIAN_POINT('Ctrl Pts',(1.01199413748738,12.7669500689413,-7.84693289201279));
#6456=CARTESIAN_POINT('Ctrl Pts',(0.432146926843148,12.766950059374,-7.90728097028431));
#6457=CARTESIAN_POINT('Ctrl Pts',(-1.11913223130099,12.7669500623459,-7.90728225173222));
#6458=CARTESIAN_POINT('Ctrl Pts',(-2.17820928093744,12.766950099486,-7.70885291712249));
#6459=CARTESIAN_POINT('Ctrl Pts',(-4.12647911938699,12.7669502460107,-6.90185593446757));
#6460=CARTESIAN_POINT('Ctrl Pts',(-5.01567190819887,12.7669503553952,-6.2932882864194));
#6461=CARTESIAN_POINT('Ctrl Pts',(-6.41984166581811,12.7669506065386,-4.88912311762004));
#6462=CARTESIAN_POINT('Ctrl Pts',(-7.02841276268131,12.7669507650374,-3.99993105933653));
#6463=CARTESIAN_POINT('Ctrl Pts',(-7.83541613988537,12.7669511113068,-2.05166113489686));
#6464=CARTESIAN_POINT('Ctrl Pts',(-8.03384842022487,12.7669512990774,-0.992583268740187));
#6465=CARTESIAN_POINT('Ctrl Pts',(-8.03384988746719,12.7669514747577,0.000313704333201896));
#6466=CARTESIAN_POINT('Ctrl Pts',(-8.03385135471123,12.7669516504382,0.993211832119028));
#6467=CARTESIAN_POINT('Ctrl Pts',(-7.83542174664897,12.7669518374482,2.05229143747595));
#6468=CARTESIAN_POINT('Ctrl Pts',(-7.0284224023518,12.7669521806247,4.00056550748577));
#6469=CARTESIAN_POINT('Ctrl Pts',(-6.41985266611792,12.7669523367913,4.88975997213911));
#6470=CARTESIAN_POINT('Ctrl Pts',(-5.16895345169528,12.7669525557293,6.14066030940831));
#6471=CARTESIAN_POINT('Ctrl Pts',(-4.5070499217051,12.7669526418799,6.63471302372897));
#6472=CARTESIAN_POINT('Ctrl Pts',(-3.77758343512905,12.7669527076755,7.01445107650465));
#6473=CARTESIAN_POINT('Ctrl Pts',(7.78136291703548,12.7669508071301,0.000313514649996904));
#6474=CARTESIAN_POINT('Ctrl Pts',(7.78136144658167,12.7669506471167,-0.992581791640619));
#6475=CARTESIAN_POINT('Ctrl Pts',(7.58292979830911,12.7669504732277,-2.05165798441062));
#6476=CARTESIAN_POINT('Ctrl Pts',(6.77592881724465,12.7669501461949,-3.99992530865586));
#6477=CARTESIAN_POINT('Ctrl Pts',(6.16735948445513,12.7669499930513,-4.88911644013208));
#6478=CARTESIAN_POINT('Ctrl Pts',(4.76319306311783,12.766949744049,-6.29328152766755));
#6479=CARTESIAN_POINT('Ctrl Pts',(3.87400170746398,12.7669496315932,-6.90184986312249));
#6480=CARTESIAN_POINT('Ctrl Pts',(2.47356682928691,12.7669495154626,-7.481929251414));
#6481=CARTESIAN_POINT('Ctrl Pts',(2.03137485764697,12.7669494859093,-7.62094128800429));
#6482=CARTESIAN_POINT('Ctrl Pts',(1.58527253308749,12.7669494627576,-7.71983956596745));
#6483=CARTESIAN_POINT('Origin',(-0.126243906290355,12.2233739884873,0.000325231455873536));
#6484=CARTESIAN_POINT('',(-7.77756058109319,11.8774312147774,0.000325383728223163));
#6485=CARTESIAN_POINT('Origin',(-0.12625676668705,11.8774421093563,0.000333855436944113));
#6486=CARTESIAN_POINT('Origin',(-8.09727336277215,12.2233745130156,0.000325229481441964));
#6487=CARTESIAN_POINT('Origin',(-0.126256497444613,11.6883522681162,0.000333683894729521));
#6488=CARTESIAN_POINT('',(-7.98215026607341,11.6883410822166,0.000333886224457211));
#6489=CARTESIAN_POINT('Ctrl Pts',(7.36407861363267,11.6904155573289,2.36148198422082));
#6490=CARTESIAN_POINT('Ctrl Pts',(7.29007346611158,11.6961410314404,2.57564422518041));
#6491=CARTESIAN_POINT('Ctrl Pts',(7.21483288970206,11.6934294190226,2.79145090571389));
#6492=CARTESIAN_POINT('Ctrl Pts',(7.13836589496903,11.6817969430222,3.00897906728744));
#6493=CARTESIAN_POINT('Ctrl Pts',(7.61772804280789,11.6814693196725,-1.36459959263192));
#6494=CARTESIAN_POINT('Ctrl Pts',(7.63783183562977,11.6916251380863,-1.18723582279104));
#6495=CARTESIAN_POINT('Ctrl Pts',(7.65739824985839,11.696711918807,-1.00955136724317));
#6496=CARTESIAN_POINT('Ctrl Pts',(7.69391708542878,11.6964880322491,-0.66946273030375));
#6497=CARTESIAN_POINT('Ctrl Pts',(7.71096538620364,11.6920281613083,-0.506897857277809));
#6498=CARTESIAN_POINT('Ctrl Pts',(7.72764487126603,11.6832094247272,-0.344563006862274));
#6499=CARTESIAN_POINT('Ctrl Pts',(6.83979650539116,11.6904214628489,-3.62654185655056));
#6500=CARTESIAN_POINT('Ctrl Pts',(6.93890728191892,11.6961442024901,-3.4227741600228));
#6501=CARTESIAN_POINT('Ctrl Pts',(7.03830809945126,11.6934293039198,-3.21696897168941));
#6502=CARTESIAN_POINT('Ctrl Pts',(7.13805982310396,11.6817927565496,-3.00907790896426));
#6503=CARTESIAN_POINT('',(4.55865495399871,11.6973587091492,-6.29362131902509));
#6504=CARTESIAN_POINT('Ctrl Pts',(4.55865495915786,11.697358709623,-6.29362131511612));
#6505=CARTESIAN_POINT('Ctrl Pts',(4.57707569343165,11.6975993921208,-6.27958520734685));
#6506=CARTESIAN_POINT('Ctrl Pts',(4.59548541236333,11.6977709079272,-6.26552278321954));
#6507=CARTESIAN_POINT('Ctrl Pts',(4.80666392283057,11.698944008385,-6.10381291151376));
#6508=CARTESIAN_POINT('Ctrl Pts',(4.99820825569871,11.6923804178574,-5.95331303417434));
#6509=CARTESIAN_POINT('Ctrl Pts',(5.18803176078609,11.678172422533,-5.80025263886935));
#6510=CARTESIAN_POINT('',(4.23271167644966,11.685981489654,-6.53839547252186));
#6511=CARTESIAN_POINT('Ctrl Pts',(4.23271167639077,11.6859814899796,-6.5383954724675));
#6512=CARTESIAN_POINT('Ctrl Pts',(4.34168547666368,11.6921360165593,-6.45774639414733));
#6513=CARTESIAN_POINT('Ctrl Pts',(4.45036202940965,11.6959437707595,-6.3761376366701));
#6514=CARTESIAN_POINT('Ctrl Pts',(4.55865495915786,11.697358709623,-6.29362131511612));
#6515=CARTESIAN_POINT('',(3.26073936564585,11.6780410290356,-7.10029520046428));
#6516=CARTESIAN_POINT('Ctrl Pts',(3.26073936581113,11.6780410281704,-7.1002952006397));
#6517=CARTESIAN_POINT('Ctrl Pts',(3.36943931624123,11.6862890047213,-7.03855815640416));
#6518=CARTESIAN_POINT('Ctrl Pts',(3.47830053424813,11.692137001247,-6.97633353151247));
#6519=CARTESIAN_POINT('Ctrl Pts',(3.80228113678155,11.7021391027732,-6.79004113519755));
#6520=CARTESIAN_POINT('Ctrl Pts',(4.01766445107916,11.6990636497254,-6.66474253453605));
#6521=CARTESIAN_POINT('Ctrl Pts',(4.23271167650925,11.6859814898116,-6.53839547260703));
#6522=CARTESIAN_POINT('Ctrl Pts',(2.54656185663538,11.6900531345224,-7.38494739438437));
#6523=CARTESIAN_POINT('Ctrl Pts',(2.78259605150686,11.6968537586106,-7.29169903421569));
#6524=CARTESIAN_POINT('Ctrl Pts',(3.02061111282383,11.6930735167081,-7.19681557773313));
#6525=CARTESIAN_POINT('Ctrl Pts',(3.26073936569111,11.6780410281562,-7.10029520071389));
#6526=CARTESIAN_POINT('',(-0.125457483254613,11.6797903595237,-7.85506232976249));
#6527=CARTESIAN_POINT('Ctrl Pts',(-0.123014212217454,11.6734679221121,-7.87167161122952));
#6528=CARTESIAN_POINT('Ctrl Pts',(0.0268832476094186,11.6844093215476,-7.8597717907006));
#6529=CARTESIAN_POINT('Ctrl Pts',(0.17731897246395,11.6918951859179,-7.84732262648741));
#6530=CARTESIAN_POINT('Ctrl Pts',(0.585531089684683,11.7023949478591,-7.81227007356718));
#6531=CARTESIAN_POINT('Ctrl Pts',(0.844036719702283,11.6984681524343,-7.78870526367524));
#6532=CARTESIAN_POINT('Ctrl Pts',(1.10264458421514,11.6836828720134,-7.76397070489149));
#6533=CARTESIAN_POINT('',(-1.48955085359879,11.6799253461944,-7.73586132640386));
#6534=CARTESIAN_POINT('Ctrl Pts',(-1.49184461181933,11.6734616827374,-7.75232509609564));
#6535=CARTESIAN_POINT('Ctrl Pts',(-1.03973927782492,11.6815297477949,-7.82309792156529));
#6536=CARTESIAN_POINT('Ctrl Pts',(-0.581533747459009,11.6856979058712,-7.85855704755364));
#6537=CARTESIAN_POINT('Ctrl Pts',(-0.124224019903785,11.6852566269368,-7.85891693998127));
#6538=CARTESIAN_POINT('',(-2.81221150666549,11.6799224531481,-7.3815990415902));
#6539=CARTESIAN_POINT('Ctrl Pts',(-2.81733130668137,11.6734563671757,-7.39741720918476));
#6540=CARTESIAN_POINT('Ctrl Pts',(-2.57328239134344,11.6780004154863,-7.48096347506667));
#6541=CARTESIAN_POINT('Ctrl Pts',(-2.32972693342765,11.6812179105241,-7.55228396523347));
#6542=CARTESIAN_POINT('Ctrl Pts',(-1.89568054117419,11.6846949149412,-7.6603922273513));
#6543=CARTESIAN_POINT('Ctrl Pts',(-1.69501613611448,11.6854685738268,-7.7033383488427));
#6544=CARTESIAN_POINT('Ctrl Pts',(-1.48990816650363,11.6852805488794,-7.73968161725459));
#6545=CARTESIAN_POINT('',(-4.05306918466509,11.6781225839347,-6.80302942211711));
#6546=CARTESIAN_POINT('Ctrl Pts',(-4.0607998903102,11.6734876926829,-6.81783303396115));
#6547=CARTESIAN_POINT('Ctrl Pts',(-3.65173790908063,11.6816674382125,-7.04367230506429));
#6548=CARTESIAN_POINT('Ctrl Pts',(-3.2295854277428,11.6856505166047,-7.23339418004303));
#6549=CARTESIAN_POINT('Ctrl Pts',(-2.81322751771198,11.6852797059992,-7.38529738467054));
#6550=CARTESIAN_POINT('',(-4.89461515936986,11.6849693650646,-6.24749196075167));
#6551=CARTESIAN_POINT('Ctrl Pts',(-4.89441781650459,11.6849819740721,-6.24762540749918));
#6552=CARTESIAN_POINT('Ctrl Pts',(-4.7529839803466,11.6940164655864,-6.34326532190379));
#6553=CARTESIAN_POINT('Ctrl Pts',(-4.61016446448254,11.6982574233979,-6.439508816083));
#6554=CARTESIAN_POINT('Ctrl Pts',(-4.32836311021531,11.6966045817446,-6.62873772117107));
#6555=CARTESIAN_POINT('Ctrl Pts',(-4.1919360563089,11.6911945226522,-6.72003895018361));
#6556=CARTESIAN_POINT('Ctrl Pts',(-4.0564953154833,11.6814414456673,-6.8103812269243));
#6557=CARTESIAN_POINT('Ctrl Pts',(-5.4355961062737,11.6854646129086,-5.79406358621091));
#6558=CARTESIAN_POINT('Ctrl Pts',(-5.25492021938877,11.6949910351045,-5.94563545125681));
#6559=CARTESIAN_POINT('Ctrl Pts',(-5.07382259328081,11.6953643024554,-6.09658048426584));
#6560=CARTESIAN_POINT('Ctrl Pts',(-4.89333388539001,11.6866280395582,-6.24621223338491));
#6561=CARTESIAN_POINT('Origin',(-0.126236771801223,16.1818190588425,0.000335521188063298));
#6562=CARTESIAN_POINT('',(-7.81211567793656,16.3504630495422,0.000327641190556675));
#6563=CARTESIAN_POINT('Origin',(-0.126243652471654,16.3504626146618,0.000324669432306799));
#6564=CARTESIAN_POINT('',(-8.03379978551799,16.181862063685,0.000335433324474896));
#6565=CARTESIAN_POINT('',(-8.03384917247903,16.1818245026981,0.00033543328864792));
#6566=CARTESIAN_POINT('',(-8.00375868805067,16.1818232094745,0.689534577040188));
#6567=CARTESIAN_POINT('Ctrl Pts',(-8.00393100409715,16.1816916595163,0.689549581683211));
#6568=CARTESIAN_POINT('Ctrl Pts',(-8.02412900999534,16.181768278621,0.457534650429273));
#6569=CARTESIAN_POINT('Ctrl Pts',(-8.03384861561992,16.1818247150689,0.227177657565791));
#6570=CARTESIAN_POINT('Ctrl Pts',(-8.03379978551799,16.181862063685,0.000335433324473444));
#6571=CARTESIAN_POINT('',(7.71371343770116,16.1818220670051,1.03247656714128));
#6572=CARTESIAN_POINT('Ctrl Pts',(7.71371286508856,16.1818227229865,1.03247649175483));
#6573=CARTESIAN_POINT('Ctrl Pts',(7.62512071498446,16.1818229635124,1.70539770757117));
#6574=CARTESIAN_POINT('Ctrl Pts',(7.4454572486292,16.1818232096282,2.3841961177208));
#6575=CARTESIAN_POINT('Ctrl Pts',(6.77592912291764,16.1818238050273,4.00057470228666));
#6576=CARTESIAN_POINT('Ctrl Pts',(6.16735958202081,16.1818241418474,4.88976583825369));
#6577=CARTESIAN_POINT('Ctrl Pts',(4.76319289450633,16.1818246908587,6.29393081877724));
#6578=CARTESIAN_POINT('Ctrl Pts',(3.8740014748814,16.1818249396441,6.90249908189133));
#6579=CARTESIAN_POINT('Ctrl Pts',(1.92573407372194,16.1818252992672,7.70949813126946));
#6580=CARTESIAN_POINT('Ctrl Pts',(0.866658092187607,16.1818254101049,7.90792891753394));
#6581=CARTESIAN_POINT('Ctrl Pts',(-1.11913247381992,16.1818254868332,7.90793059207296));
#6582=CARTESIAN_POINT('Ctrl Pts',(-2.17820945111886,16.1818254578381,7.70950132940794));
#6583=CARTESIAN_POINT('Ctrl Pts',(-4.12647922296244,16.1818252487732,6.90250457642541));
#6584=CARTESIAN_POINT('Ctrl Pts',(-5.01567201750634,16.1818250687036,6.2939370861061));
#6585=CARTESIAN_POINT('Ctrl Pts',(-6.41984196920458,16.1818246282069,4.88977217219375));
#6586=CARTESIAN_POINT('Ctrl Pts',(-7.02841324509198,16.1818243384184,4.00058018121914));
#6587=CARTESIAN_POINT('Ctrl Pts',(-7.74322879746616,16.181823757993,2.27487127557364));
#6588=CARTESIAN_POINT('Ctrl Pts',(-7.93521433618978,16.1818234828682,1.47297826483001));
#6589=CARTESIAN_POINT('Ctrl Pts',(-8.00375868805067,16.1818232094745,0.689534577040188));
#6590=CARTESIAN_POINT('',(-7.7644086851289,16.1818211319769,-2.04631293700221));
#6591=CARTESIAN_POINT('Ctrl Pts',(-7.7644086851289,16.1818211319769,-2.04631293700221));
#6592=CARTESIAN_POINT('Ctrl Pts',(-7.67543325971893,16.1818212380207,-2.37837343131831));
#6593=CARTESIAN_POINT('Ctrl Pts',(-7.56417403054595,16.1818213446199,-2.7065009914979));
#6594=CARTESIAN_POINT('Ctrl Pts',(-7.02842417352474,16.1818217723577,-3.99991684945643));
#6595=CARTESIAN_POINT('Ctrl Pts',(-6.41985374264019,16.1818220850668,-4.88911119555284));
#6596=CARTESIAN_POINT('Ctrl Pts',(-5.01568324884468,16.1818226132793,-6.29328133083871));
#6597=CARTESIAN_POINT('Ctrl Pts',(-4.12648883645259,16.1818228639905,-6.90185149625899));
#6598=CARTESIAN_POINT('Ctrl Pts',(-2.17821470707138,16.1818232561537,-7.70885175594393));
#6599=CARTESIAN_POINT('Ctrl Pts',(-1.11913499008331,16.1818233976057,-7.90728185021109));
#6600=CARTESIAN_POINT('Ctrl Pts',(0.866660841552929,16.1818235517541,-7.90727982794564));
#6601=CARTESIAN_POINT('Ctrl Pts',(1.92573937499591,16.1818235747251,-7.70884788615344));
#6602=CARTESIAN_POINT('Ctrl Pts',(3.87401067041144,16.1818234850358,-6.9018448247933));
#6603=CARTESIAN_POINT('Ctrl Pts',(4.76320343238435,16.1818233723753,-6.29327370522616));
#6604=CARTESIAN_POINT('Ctrl Pts',(6.16737000990879,16.1818230621691,-4.88910342338785));
#6605=CARTESIAN_POINT('Ctrl Pts',(6.7759383522849,16.1818228439467,-3.99991005580499));
#6606=CARTESIAN_POINT('Ctrl Pts',(7.58293625201319,16.1818223249448,-2.05163879539422));
#6607=CARTESIAN_POINT('Ctrl Pts',(7.78136580936401,16.1818220241652,-0.992560902565738));
#6608=CARTESIAN_POINT('Ctrl Pts',(7.7813649618772,16.1818217277391,0.000335609094980847));
#6609=CARTESIAN_POINT('Ctrl Pts',(7.78136467313743,16.1818216267463,0.338616632371677));
#6610=CARTESIAN_POINT('Ctrl Pts',(7.75949548089014,16.1818215217159,0.684735384479445));
#6611=CARTESIAN_POINT('Ctrl Pts',(7.71371457102681,16.1818214143447,1.03247671634589));
#6612=CARTESIAN_POINT('Ctrl Pts',(-8.03379978551799,16.181862063685,0.000335433324473444));
#6613=CARTESIAN_POINT('Ctrl Pts',(-8.03365611855252,16.1819719500486,-0.667075297162528));
#6614=CARTESIAN_POINT('Ctrl Pts',(-7.94678277202679,16.1819228097659,-1.36516655132067));
#6615=CARTESIAN_POINT('Ctrl Pts',(-7.76457543932344,16.1816898486996,-2.0463575448236));
#6616=CARTESIAN_POINT('Origin',(-0.126243631257005,16.725400678251,0.000324614753982269));
#6617=CARTESIAN_POINT('Origin',(-8.09727392864859,16.7254011292658,0.000324614062744404));
#6618=CARTESIAN_POINT('Origin',(-0.126243579728694,21.0347725190037,0.000324267967819193));
#6619=CARTESIAN_POINT('',(-2.94817956449593,21.7304489941098,6.81308055085325));
#6620=CARTESIAN_POINT('',(3.27837716357032,21.7304179440763,6.5413838354604));
#6621=CARTESIAN_POINT('Ctrl Pts',(-2.94842122568196,21.7266926926237,6.81365928415496));
#6622=CARTESIAN_POINT('Ctrl Pts',(-2.83257490838647,21.7266950710209,6.86164778829108));
#6623=CARTESIAN_POINT('Ctrl Pts',(-2.71539920305034,21.7266973212594,6.90672522573507));
#6624=CARTESIAN_POINT('Ctrl Pts',(-1.69225409353685,21.7267156326173,7.27056145249031));
#6625=CARTESIAN_POINT('Ctrl Pts',(-0.733317247782343,21.7267238516275,7.41250064838419));
#6626=CARTESIAN_POINT('Ctrl Pts',(1.18498376476856,21.7267233997471,7.32081386338679));
#6627=CARTESIAN_POINT('Ctrl Pts',(2.12600795951473,21.7267147333025,7.0880661377109));
#6628=CARTESIAN_POINT('Ctrl Pts',(3.09124787014764,21.7266963057293,6.63697410104976));
#6629=CARTESIAN_POINT('Ctrl Pts',(3.18551075560488,21.7266943945476,6.59043672545294));
#6630=CARTESIAN_POINT('Ctrl Pts',(3.27867076971649,21.7266923934911,6.54194401540569));
#6631=CARTESIAN_POINT('',(-7.51155408080408,21.7347244385675,0.00199291033790079));
#6632=CARTESIAN_POINT('Ctrl Pts',(-7.51155408080408,21.7347244385675,0.00199291033787575));
#6633=CARTESIAN_POINT('Ctrl Pts',(-7.511555952135,21.7347277421265,0.0133211368606932));
#6634=CARTESIAN_POINT('Ctrl Pts',(-7.51153175983191,21.734731046331,0.0246506118578572));
#6635=CARTESIAN_POINT('Ctrl Pts',(-7.50721423937602,21.7350148687531,0.997739665809479));
#6636=CARTESIAN_POINT('Ctrl Pts',(-7.31512063624672,21.7352944760709,1.9494682170648));
#6637=CARTESIAN_POINT('Ctrl Pts',(-6.57691140776545,21.7358205085574,3.72570287859549));
#6638=CARTESIAN_POINT('Ctrl Pts',(-6.03785705310314,21.7360619097923,4.53322584213775));
#6639=CARTESIAN_POINT('Ctrl Pts',(-4.68055046304985,21.7364746504021,5.8961582330885));
#6640=CARTESIAN_POINT('Ctrl Pts',(-3.87528136560997,21.7366420533301,6.43854066086784));
#6641=CARTESIAN_POINT('Ctrl Pts',(-2.97700433228266,21.7367628303665,6.81623988607064));
#6642=CARTESIAN_POINT('Ctrl Pts',(-2.96527598390235,21.7367643969629,6.82113572097164));
#6643=CARTESIAN_POINT('Ctrl Pts',(-2.95353587666288,21.7367659548169,6.82600092273576));
#6644=CARTESIAN_POINT('',(7.25931970096602,21.7349107587873,0.000324171800241777));
#6645=CARTESIAN_POINT('Ctrl Pts',(7.25931970096602,21.7349107587873,0.00032417178569908));
#6646=CARTESIAN_POINT('Ctrl Pts',(7.25929053196065,21.734889027954,-0.0742326427821684));
#6647=CARTESIAN_POINT('Ctrl Pts',(7.25813236255644,21.7348672673846,-0.148835318048343));
#6648=CARTESIAN_POINT('Ctrl Pts',(7.22632710679587,21.7345649130567,-1.18462743602386));
#6649=CARTESIAN_POINT('Ctrl Pts',(7.00937190231869,21.7342859686347,-2.1308440852302));
#6650=CARTESIAN_POINT('Ctrl Pts',(6.22499475655136,21.7337628671351,-3.88687804171928));
#6651=CARTESIAN_POINT('Ctrl Pts',(5.66506742360573,21.7335237168194,-4.6799075926697));
#6652=CARTESIAN_POINT('Ctrl Pts',(4.27275110047607,21.7331174930351,-6.00673238033187));
#6653=CARTESIAN_POINT('Ctrl Pts',(3.45366707603534,21.7329543130547,-6.52783875401094));
#6654=CARTESIAN_POINT('Ctrl Pts',(1.66183711820482,21.7327265574569,-7.22677784080133));
#6655=CARTESIAN_POINT('Ctrl Pts',(0.706217557409974,21.7326641681988,-7.39792001086336));
#6656=CARTESIAN_POINT('Ctrl Pts',(-1.21686176755308,21.7326495618828,-7.36427495801244));
#6657=CARTESIAN_POINT('Ctrl Pts',(-2.16593583414477,21.7326974880149,-7.15979890320157));
#6658=CARTESIAN_POINT('Ctrl Pts',(-3.93230757248656,21.7328982756153,-6.39854885995356));
#6659=CARTESIAN_POINT('Ctrl Pts',(-4.73271293575836,21.7330492143201,-5.84904371551547));
#6660=CARTESIAN_POINT('Ctrl Pts',(-6.07784320732573,21.7334348350122,-4.47413204615581));
#6661=CARTESIAN_POINT('Ctrl Pts',(-6.60970054134009,21.7336658229925,-3.66186557080233));
#6662=CARTESIAN_POINT('Ctrl Pts',(-7.32785424102617,21.7341747577145,-1.88966539743198));
#6663=CARTESIAN_POINT('Ctrl Pts',(-7.51139711197319,21.7344473332258,-0.948228374752772));
#6664=CARTESIAN_POINT('Ctrl Pts',(-7.51155408080408,21.7347244385675,0.00199291033787574));
#6665=CARTESIAN_POINT('Origin',(7.78065310160795,21.0347716023878,0.000324276843997832));
#6666=CARTESIAN_POINT('Ctrl Pts',(3.2848408854474,21.736765489232,6.55379306956524));
#6667=CARTESIAN_POINT('Ctrl Pts',(4.03404977728221,21.7366618276493,6.16367150861071));
#6668=CARTESIAN_POINT('Ctrl Pts',(4.71159812858818,21.7365206736733,5.64746729720112));
#6669=CARTESIAN_POINT('Ctrl Pts',(5.94148356708156,21.7361515348694,4.32220252725101));
#6670=CARTESIAN_POINT('Ctrl Pts',(6.4517022946971,21.7359180896325,3.49631088356511));
#6671=CARTESIAN_POINT('Ctrl Pts',(7.10065391124532,21.735422889995,1.76536388463873));
#6672=CARTESIAN_POINT('Ctrl Pts',(7.25966623708858,21.7351689272985,0.886080443001615));
#6673=CARTESIAN_POINT('Ctrl Pts',(7.25931970096602,21.7349107587873,0.000324171785698879));
#6674=CARTESIAN_POINT('Origin',(-0.126243967975748,7.19042857905276,0.00173519255963057));
#6675=CARTESIAN_POINT('',(7.25437008094678,7.19042773567475,0.00173520063156997));
#6676=CARTESIAN_POINT('',(2.58304465774314,5.53836835609734,6.54112616931183));
#6677=CARTESIAN_POINT('',(2.58304465774314,5.53836835609734,6.54112616931183));
#6678=CARTESIAN_POINT('',(-2.54764687057724,5.53836739761969,6.65307599594692));
#6679=CARTESIAN_POINT('Ctrl Pts',(-2.54764687057724,5.53836739761969,6.65307599594692));
#6680=CARTESIAN_POINT('Ctrl Pts',(-2.35413135074831,5.53837282416569,6.7235255899467));
#6681=CARTESIAN_POINT('Ctrl Pts',(-2.05923192278577,5.53837218615729,6.81648451388764));
#6682=CARTESIAN_POINT('Ctrl Pts',(-1.65906126152288,5.53836835737981,6.91441531107817));
#6683=CARTESIAN_POINT('Ctrl Pts',(-1.35601140644035,5.53837320490246,6.97468702453201));
#6684=CARTESIAN_POINT('Ctrl Pts',(-1.05062545109407,5.53837222509286,7.02169546918973));
#6685=CARTESIAN_POINT('Ctrl Pts',(-0.743478439247808,5.53837080491319,7.0553296704554));
#6686=CARTESIAN_POINT('Ctrl Pts',(-0.435158286628577,5.53836525929831,7.07554868818332));
#6687=CARTESIAN_POINT('Ctrl Pts',(-0.1262455314679,5.53837325342476,7.08227689929557));
#6688=CARTESIAN_POINT('Ctrl Pts',(0.182667236568159,5.53836522761337,7.07554889707458));
#6689=CARTESIAN_POINT('Ctrl Pts',(0.490990559197105,5.53837074030255,7.05532966685768));
#6690=CARTESIAN_POINT('Ctrl Pts',(0.798137576637545,5.5383721329788,7.02169548272588));
#6691=CARTESIAN_POINT('Ctrl Pts',(1.10352351195319,5.53837306560263,6.97468697398425));
#6692=CARTESIAN_POINT('Ctrl Pts',(1.40657344156513,5.53836824523503,6.91441549973502));
#6693=CARTESIAN_POINT('Ctrl Pts',(1.70670133356368,5.53837086774216,6.84096646649566));
#6694=CARTESIAN_POINT('Ctrl Pts',(2.1022257298339,5.53837375553239,6.72569715412418));
#6695=CARTESIAN_POINT('Ctrl Pts',(2.39277817709155,5.53836244445815,6.61992937650145));
#6696=CARTESIAN_POINT('Ctrl Pts',(2.58304465774314,5.53836835609734,6.54112616931183));
#6697=CARTESIAN_POINT('',(-2.94832351105005,7.2204635738723,6.81342938390573));
#6698=CARTESIAN_POINT('Origin',(-0.126308195049491,1.42344914223426,0.00126680876395763));
#6699=CARTESIAN_POINT('',(-2.20802459180613,1.42356217154375,-5.7193163340548));
#6700=CARTESIAN_POINT('',(-2.29324360199178,0.0418188751000475,-5.23198201003333));
#6701=CARTESIAN_POINT('',(-2.2080245854057,1.42356227533487,-5.71931637066423));
#6702=CARTESIAN_POINT('',(2.91709662450942,1.42357488262549,-5.27089127021047));
#6703=CARTESIAN_POINT('Ctrl Pts',(2.91709662450941,1.4235748826255,-5.27089127021047));
#6704=CARTESIAN_POINT('Ctrl Pts',(2.76834897506655,1.42356904956205,-5.3567782227589));
#6705=CARTESIAN_POINT('Ctrl Pts',(2.61596302537426,1.42356524102332,-5.43636525086984));
#6706=CARTESIAN_POINT('Ctrl Pts',(2.46048420968948,1.4235626899392,-5.50936701584419));
#6707=CARTESIAN_POINT('Ctrl Pts',(2.30501090993134,1.42356013894558,-5.58236619093273));
#6708=CARTESIAN_POINT('Ctrl Pts',(2.14644522956913,1.42355884540964,-5.64878044390685));
#6709=CARTESIAN_POINT('Ctrl Pts',(1.98535479944711,1.42355799968453,-5.7083715932326));
#6710=CARTESIAN_POINT('Ctrl Pts',(1.89239788205925,1.42355751166051,-5.74275854930891));
#6711=CARTESIAN_POINT('Ctrl Pts',(1.79860065353082,1.4235571719528,-5.7748744012216));
#6712=CARTESIAN_POINT('Ctrl Pts',(1.70407501906463,1.42355681835921,-5.80468075564087));
#6713=CARTESIAN_POINT('Ctrl Pts',(1.54028039152524,1.42355620564997,-5.85632939833957));
#6714=CARTESIAN_POINT('Ctrl Pts',(1.37429793853844,1.42355555375256,-5.90104068679843));
#6715=CARTESIAN_POINT('Ctrl Pts',(1.20672196754138,1.42355503993008,-5.93865449289834));
#6716=CARTESIAN_POINT('Ctrl Pts',(1.03913897390617,1.42355452608606,-5.97626987528719));
#6717=CARTESIAN_POINT('Ctrl Pts',(0.86996261595055,1.42355415036575,-6.00678711565494));
#6718=CARTESIAN_POINT('Ctrl Pts',(0.699798689848509,1.42355404486611,-6.03009692706103));
#6719=CARTESIAN_POINT('Ctrl Pts',(0.60157279190424,1.42355398396721,-6.04355234742375));
#6720=CARTESIAN_POINT('Ctrl Pts',(0.503018015920599,1.42355401226783,-6.05460713377562));
#6721=CARTESIAN_POINT('Ctrl Pts',(0.404252038894071,1.42355414826564,-6.0632480887833));
#6722=CARTESIAN_POINT('Ctrl Pts',(0.233159648985138,1.42355438385476,-6.07821682283393));
#6723=CARTESIAN_POINT('Ctrl Pts',(0.0614333933415571,1.42355494516561,-6.08593907290605));
#6724=CARTESIAN_POINT('Ctrl Pts',(-0.110311851673594,1.42355558612643,-6.08638712863991));
#6725=CARTESIAN_POINT('Ctrl Pts',(-0.282060746383561,1.42355622710086,-6.08683519389525));
#6726=CARTESIAN_POINT('Ctrl Pts',(-0.453828336818823,1.42355694770989,-6.0800087543829));
#6727=CARTESIAN_POINT('Ctrl Pts',(-0.624999550813696,1.42355745633473,-6.06593222162694));
#6728=CARTESIAN_POINT('Ctrl Pts',(-0.723812435918333,1.4235577499512,-6.05780618932615));
#6729=CARTESIAN_POINT('Ctrl Pts',(-0.822426601051255,1.42355797208219,-6.04726505451598));
#6730=CARTESIAN_POINT('Ctrl Pts',(-0.920724282685721,1.423558059775,-6.03432140322062));
#6731=CARTESIAN_POINT('Ctrl Pts',(-1.0910054844732,1.42355821168539,-6.01189909924107));
#6732=CARTESIAN_POINT('Ctrl Pts',(-1.26033639531546,1.42355796261065,-5.98226431630948));
#6733=CARTESIAN_POINT('Ctrl Pts',(-1.42811078424904,1.42355867645363,-5.94552369878788));
#6734=CARTESIAN_POINT('Ctrl Pts',(-1.59590981233721,1.42355939040144,-5.90877768558127));
#6735=CARTESIAN_POINT('Ctrl Pts',(-1.7621515738429,1.42356106747454,-5.86492381449517));
#6736=CARTESIAN_POINT('Ctrl Pts',(-1.92624088692099,1.42356502849176,-5.81411967267938));
#6737=CARTESIAN_POINT('Ctrl Pts',(-2.02091796189787,1.42356731393935,-5.78480644408697));
#6738=CARTESIAN_POINT('Ctrl Pts',(-2.11487869406395,1.42357035893535,-5.75318032679496));
#6739=CARTESIAN_POINT('Ctrl Pts',(-2.20801103655865,1.42357441074061,-5.71927915110865));
#6740=CARTESIAN_POINT('',(2.7054595302434,0.0421576024747159,-4.90433040998174));
#6741=CARTESIAN_POINT('',(2.70519098040905,0.040404879661326,-4.90386527480427));
#6742=CARTESIAN_POINT('Origin',(-0.126284859875131,0.0404053714461895,0.000963667309522813));
#6743=CARTESIAN_POINT('Origin',(-0.127703668539859,1.50174381260351,-0.000179957561080784));
#6744=CARTESIAN_POINT('',(5.53212496844362,0.0430894794547262,-0.246369884261875));
#6745=CARTESIAN_POINT('',(4.2123558270018,0.0429074948768209,3.64084274297041));
#6746=CARTESIAN_POINT('Origin',(-0.127299729450477,0.0404053714550831,-3.69155883426079E-5));
#6747=CARTESIAN_POINT('',(5.96042633321866,1.42357727740937,0.000329549473014627));
#6748=CARTESIAN_POINT('Ctrl Pts',(5.96042633321864,1.42357727740937,0.000329549473008504));
#6749=CARTESIAN_POINT('Ctrl Pts',(5.81936201016324,0.96316384513494,-0.0880186463716653));
#6750=CARTESIAN_POINT('Ctrl Pts',(5.67638518241221,0.502750040061256,-0.170272402027822));
#6751=CARTESIAN_POINT('Ctrl Pts',(5.53189413630612,0.0423352150955494,-0.246360204552753));
#6752=CARTESIAN_POINT('',(4.53645554705422,1.42356493889898,3.91279255339629));
#6753=CARTESIAN_POINT('Ctrl Pts',(4.53641702009439,1.42358035057121,3.91276022046051));
#6754=CARTESIAN_POINT('Ctrl Pts',(4.65023147751551,1.42357002104135,3.77713739166662));
#6755=CARTESIAN_POINT('Ctrl Pts',(4.75812543648789,1.42356559768137,3.63654469494995));
#6756=CARTESIAN_POINT('Ctrl Pts',(4.85968729360953,1.42356358481733,3.49151623325957));
#6757=CARTESIAN_POINT('Ctrl Pts',(4.96124915073118,1.42356157195329,3.34648777156918));
#6758=CARTESIAN_POINT('Ctrl Pts',(5.05647870418913,1.42356196974345,3.19702382245737));
#6759=CARTESIAN_POINT('Ctrl Pts',(5.14501234335198,1.42356119074743,3.04369262210997));
#6760=CARTESIAN_POINT('Ctrl Pts',(5.23354598251483,1.4235604117514,2.89036142176256));
#6761=CARTESIAN_POINT('Ctrl Pts',(5.3153835115817,1.42355845608705,2.73316330550398));
#6762=CARTESIAN_POINT('Ctrl Pts',(5.39021362120048,1.42355670248516,2.57269687468768));
#6763=CARTESIAN_POINT('Ctrl Pts',(5.46504373081925,1.42355494888327,2.41223044387138));
#6764=CARTESIAN_POINT('Ctrl Pts',(5.53286627750824,1.42355339739437,2.24849601052092));
#6765=CARTESIAN_POINT('Ctrl Pts',(5.59342340795903,1.42355333168584,2.08211696908875));
#6766=CARTESIAN_POINT('Ctrl Pts',(5.65398053840983,1.42355326597731,1.91573792765658));
#6767=CARTESIAN_POINT('Ctrl Pts',(5.70727214237624,1.42355468605387,1.74671458096527));
#6768=CARTESIAN_POINT('Ctrl Pts',(5.75309504610846,1.42355640197951,1.57569022474721));
#6769=CARTESIAN_POINT('Ctrl Pts',(5.79891794984068,1.42355811790515,1.40466586852914));
#6770=CARTESIAN_POINT('Ctrl Pts',(5.83727206278482,1.42356012963911,1.23164083406651));
#6771=CARTESIAN_POINT('Ctrl Pts',(5.8680110991491,1.42356115203721,1.05727377931406));
#6772=CARTESIAN_POINT('Ctrl Pts',(5.89875013551338,1.42356217443532,0.88290672456161));
#6773=CARTESIAN_POINT('Ctrl Pts',(5.92187403072105,1.42356220739377,0.707198024008812));
#6774=CARTESIAN_POINT('Ctrl Pts',(5.93729579466559,1.42356399553414,0.53081668095344));
#6775=CARTESIAN_POINT('Ctrl Pts',(5.95271755861014,1.42356578367451,0.354435337898068));
#6776=CARTESIAN_POINT('Ctrl Pts',(5.96043716613684,1.42356932685019,0.177381694647559));
#6777=CARTESIAN_POINT('Ctrl Pts',(5.96042633321864,1.42357727740937,0.000329549473008173));
#6778=CARTESIAN_POINT('',(4.2117675184947,0.0404041996726719,3.64035047217519));
#6779=CARTESIAN_POINT('Origin',(-0.124816714881699,2.80721946117523,0.000367272648666555));
#6780=CARTESIAN_POINT('',(-1.95652407223856,1.42359594497802,5.80521982519341));
#6781=CARTESIAN_POINT('',(-1.82926320370037,0.041866643579812,5.4016156936652));
#6782=CARTESIAN_POINT('Ctrl Pts',(-1.95652407223855,1.42359594497802,5.80521982519341));
#6783=CARTESIAN_POINT('Ctrl Pts',(-1.9140551186965,0.963019437250187,5.67070058026114));
#6784=CARTESIAN_POINT('Ctrl Pts',(-1.87163482635202,0.50244300349238,5.53616586081188));
#6785=CARTESIAN_POINT('Ctrl Pts',(-1.82926320370037,0.0418666435798154,
5.40161569366518));
#6786=CARTESIAN_POINT('',(1.70402661732292,1.42359536677454,5.80522104609472));
#6787=CARTESIAN_POINT('Ctrl Pts',(1.70402661732293,1.42359536677454,5.80522104609472));
#6788=CARTESIAN_POINT('Ctrl Pts',(1.57178640086309,1.42357424712012,5.84694101649187));
#6789=CARTESIAN_POINT('Ctrl Pts',(1.43799060981533,1.42356397959377,5.88417841908954));
#6790=CARTESIAN_POINT('Ctrl Pts',(1.30305243880358,1.42355904734445,5.9167994546242));
#6791=CARTESIAN_POINT('Ctrl Pts',(1.16813271255703,1.42355411576933,5.94941603117341));
#6792=CARTESIAN_POINT('Ctrl Pts',(1.03207134545177,1.42355451853375,5.97741738749656));
#6793=CARTESIAN_POINT('Ctrl Pts',(0.895294760792881,1.42355450577361,6.00072012217053));
#6794=CARTESIAN_POINT('Ctrl Pts',(0.86320920257295,1.42355450278028,6.00618656404675));
#6795=CARTESIAN_POINT('Ctrl Pts',(0.831084328385455,1.42355447588381,6.01139466508486));
#6796=CARTESIAN_POINT('Ctrl Pts',(0.798925709982837,1.42355434894449,6.01634375865104));
#6797=CARTESIAN_POINT('Ctrl Pts',(0.585216627419899,1.42355350537322,6.04923280358154));
#6798=CARTESIAN_POINT('Ctrl Pts',(0.370018078454682,1.42354826137181,6.07067969709116));
#6799=CARTESIAN_POINT('Ctrl Pts',(0.154370717775497,1.4235451751008,6.08063847854512));
#6800=CARTESIAN_POINT('Ctrl Pts',(0.0608861224816758,1.42354383718136,6.08495567793448));
#6801=CARTESIAN_POINT('Ctrl Pts',(-0.0326829162390423,1.42354290166788,
6.08711460168089));
#6802=CARTESIAN_POINT('Ctrl Pts',(-0.126251921188507,1.42354288882418,6.08711451353953));
#6803=CARTESIAN_POINT('Ctrl Pts',(-0.342110105754122,1.42354285919452,6.0871143102026));
#6804=CARTESIAN_POINT('Ctrl Pts',(-0.557968452185926,1.42354775616941,6.0756204285435));
#6805=CARTESIAN_POINT('Ctrl Pts',(-0.772788710425296,1.42355114593497,6.05265650099761));
#6806=CARTESIAN_POINT('Ctrl Pts',(-0.865891767994936,1.4235526150587,6.04270393932651));
#6807=CARTESIAN_POINT('Ctrl Pts',(-0.958799782350222,1.42355379804158,6.03059754718377));
#6808=CARTESIAN_POINT('Ctrl Pts',(-1.05142783572366,1.42355415695655,6.01634228250403));
#6809=CARTESIAN_POINT('Ctrl Pts',(-1.18851130136128,1.42355468812724,5.99524542237675));
#6810=CARTESIAN_POINT('Ctrl Pts',(-1.32498086460529,1.42355343281517,5.96943813706143));
#6811=CARTESIAN_POINT('Ctrl Pts',(-1.46040794038498,1.42355625466931,5.93899182929992));
#6812=CARTESIAN_POINT('Ctrl Pts',(-1.59585892472251,1.42355907702162,5.90854014648836));
#6813=CARTESIAN_POINT('Ctrl Pts',(-1.73026662286606,1.4235659774931,5.87344790407078));
#6814=CARTESIAN_POINT('Ctrl Pts',(-1.86321412800508,1.42358258661511,5.83383729007603));
#6815=CARTESIAN_POINT('Ctrl Pts',(-1.89439946776854,1.42358648259731,5.82454587498423));
#6816=CARTESIAN_POINT('Ctrl Pts',(-1.92550453147133,1.42359091177073,5.81500606331941));
#6817=CARTESIAN_POINT('Ctrl Pts',(-1.95652407223856,1.42359594497802,5.80521982519341));
#6818=CARTESIAN_POINT('',(1.81048661004398,0.0421009221301821,5.32236366404333));
#6819=CARTESIAN_POINT('Ctrl Pts',(1.81048661004398,0.0421009221301842,5.32236366404333));
#6820=CARTESIAN_POINT('Ctrl Pts',(1.78125891009883,0.502600062164454,5.48305371443575));
#6821=CARTESIAN_POINT('Ctrl Pts',(1.74578893577354,0.963097598735786,5.64413719566462));
#6822=CARTESIAN_POINT('Ctrl Pts',(1.70402661732291,1.42359536677454,5.80522104609473));
#6823=CARTESIAN_POINT('Origin',(-0.123641508546338,0.040405371285338,0.000401967869042801));
#6824=CARTESIAN_POINT('',(6.34649203736875,2.81393867928222,0.000249981507871917));
#6825=CARTESIAN_POINT('Origin',(-0.123641508546338,0.040405371285338,0.000401967869042801));
#6826=CARTESIAN_POINT('Origin',(-0.123641508546338,0.040405371285338,0.000401967869042801));
#6827=CARTESIAN_POINT('Origin',(-0.125263488703227,26.1420329702214,0.000977633711206907));
#6828=CARTESIAN_POINT('',(-5.79708963696098,28.9083696581981,0.00221850722037073));
#6829=CARTESIAN_POINT('',(-6.59672728019039,26.1466304992407,0.000897388742917306));
#6830=CARTESIAN_POINT('',(3.87832128388362,28.9069398832434,-4.00423943656845));
#6831=CARTESIAN_POINT('Origin',(-0.124461871840209,28.9083693653028,0.00151296226263051));
#6832=CARTESIAN_POINT('',(4.17772158189348,27.5251267423366,-4.30364514561293));
#6833=CARTESIAN_POINT('',(4.17771322729617,27.5252116773624,-4.30363682873689));
#6834=CARTESIAN_POINT('',(5.93732721647795,27.5250691429614,-0.530170789644906));
#6835=CARTESIAN_POINT('Origin',(-0.127047690640595,27.5200240395812,0.000686476070210822));
#6836=CARTESIAN_POINT('',(5.53174498098878,28.9067643717595,-0.247001111168476));
#6837=CARTESIAN_POINT('Ctrl Pts',(5.53174498098877,28.9067643717595,-0.247001111168472));
#6838=CARTESIAN_POINT('Ctrl Pts',(5.66910909400207,28.4462441432643,-0.335387024621413));
#6839=CARTESIAN_POINT('Ctrl Pts',(5.80442038673319,27.9857244812445,-0.429811206844068));
#6840=CARTESIAN_POINT('Ctrl Pts',(5.93728574224641,27.5252050322755,-0.530167118917024));
#6841=CARTESIAN_POINT('',(1.81073904792299,28.906754717976,5.32214892976327));
#6842=CARTESIAN_POINT('Origin',(-0.124461871840209,28.9083693653028,0.00151296226263051));
#6843=CARTESIAN_POINT('',(1.95552075465372,27.5251992059484,5.71992100383464));
#6844=CARTESIAN_POINT('',(1.95553762915146,27.5252143178155,5.71996735507947));
#6845=CARTESIAN_POINT('',(-2.20802324595097,27.5252146590946,5.71996731050376));
#6846=CARTESIAN_POINT('Ctrl Pts',(-2.20800674345517,27.5251997603371,5.7199220469828));
#6847=CARTESIAN_POINT('Ctrl Pts',(-2.04163552254581,27.5252097256516,5.78048730710633));
#6848=CARTESIAN_POINT('Ctrl Pts',(-1.87261911262738,27.525213388984,5.8337893628333));
#6849=CARTESIAN_POINT('Ctrl Pts',(-1.70160015683622,27.5252146063669,5.87962400736326));
#6850=CARTESIAN_POINT('Ctrl Pts',(-1.53058120104505,27.5252158237499,5.92545865189323));
#6851=CARTESIAN_POINT('Ctrl Pts',(-1.35756002912226,27.5252145950302,5.96382578998502));
#6852=CARTESIAN_POINT('Ctrl Pts',(-1.18319498067034,27.5252148712784,5.99457798191172));
#6853=CARTESIAN_POINT('Ctrl Pts',(-1.00882993221841,27.5252151475267,6.02533017383842));
#6854=CARTESIAN_POINT('Ctrl Pts',(-0.833121394604436,27.5252169286321,6.04846734928518));
#6855=CARTESIAN_POINT('Ctrl Pts',(-0.656738390700785,27.5252186014367,6.06390178849922));
#6856=CARTESIAN_POINT('Ctrl Pts',(-0.480355386797134,27.5252202742412,6.07933622771327));
#6857=CARTESIAN_POINT('Ctrl Pts',(-0.303298258975416,27.5252218387044,6.08706790297773));
#6858=CARTESIAN_POINT('Ctrl Pts',(-0.126241017323231,27.5252217797833,6.08706781428406));
#6859=CARTESIAN_POINT('Ctrl Pts',(0.0508162243289541,27.5252217208621,6.0870677255904));
#6860=CARTESIAN_POINT('Ctrl Pts',(0.227873262890151,27.5252200385623,6.07933587301497));
#6861=CARTESIAN_POINT('Ctrl Pts',(0.404256090861905,27.5252183009826,6.06390126211236));
#6862=CARTESIAN_POINT('Ctrl Pts',(0.580638918833659,27.5252165634029,6.04846665120976));
#6863=CARTESIAN_POINT('Ctrl Pts',(0.756347193853858,27.5252147705955,6.0253293096639));
#6864=CARTESIAN_POINT('Ctrl Pts',(0.93071189426553,27.5252145886033,5.99457696215016));
#6865=CARTESIAN_POINT('Ctrl Pts',(1.1050765946772,27.5252144066111,5.96382461463642));
#6866=CARTESIAN_POINT('Ctrl Pts',(1.27809733036239,27.5252158355591,5.92545733198369));
#6867=CARTESIAN_POINT('Ctrl Pts',(1.44911578838041,27.5252146608267,5.87962265229055));
#6868=CARTESIAN_POINT('Ctrl Pts',(1.62013424639843,27.5252134860943,5.83378797259741));
#6869=CARTESIAN_POINT('Ctrl Pts',(1.78915009714112,27.5252097078469,5.78048599154146));
#6870=CARTESIAN_POINT('Ctrl Pts',(1.95552075465371,27.5251992059484,5.71992100383463));
#6871=CARTESIAN_POINT('',(-2.29324201659439,28.9069564762624,5.2326383034061));
#6872=CARTESIAN_POINT('',(-2.29332933436835,28.9083722514344,5.23213897111386));
#6873=CARTESIAN_POINT('Origin',(-0.124461871840209,28.9083693653028,0.00151296226263051));
#6874=CARTESIAN_POINT('Origin',(-0.126954780199376,27.4038725444232,0.000643992800286767));
#6875=CARTESIAN_POINT('Origin',(-0.126774198040093,28.9083693652871,0.000561216982164134));
#6876=CARTESIAN_POINT('Origin',(-0.126171803197551,21.7584422932527,0.00195973417749901));
#6877=CARTESIAN_POINT('',(-7.50701031904589,21.7580734334461,0.00196617934960267));
#6878=CARTESIAN_POINT('',(-2.83553161399788,23.4104057577165,6.54112238291315));
#6879=CARTESIAN_POINT('',(-2.83553161399788,23.4104057577165,6.54112238291315));
#6880=CARTESIAN_POINT('',(2.86577186805782,23.4104063266276,6.41672044781606));
#6881=CARTESIAN_POINT('Ctrl Pts',(2.86577186805782,23.4104063266276,6.41672044781606));
#6882=CARTESIAN_POINT('Ctrl Pts',(2.67912909887614,23.4104077467972,6.50376098700167));
#6883=CARTESIAN_POINT('Ctrl Pts',(2.39345542776419,23.410401120408,6.62207239042798));
#6884=CARTESIAN_POINT('Ctrl Pts',(2.00334443392362,23.410408359163,6.75450895082255));
#6885=CARTESIAN_POINT('Ctrl Pts',(1.70670398926553,23.4104084303471,6.84097085181733));
#6886=CARTESIAN_POINT('Ctrl Pts',(1.40657284358074,23.4104059002286,6.91440822509454));
#6887=CARTESIAN_POINT('Ctrl Pts',(1.10352516693506,23.4104076146518,6.97468975902718));
#6888=CARTESIAN_POINT('Ctrl Pts',(0.798138734461719,23.4104052098589,7.02169748336452));
#6889=CARTESIAN_POINT('Ctrl Pts',(0.490991162308245,23.4104056602932,7.05532495230489));
#6890=CARTESIAN_POINT('Ctrl Pts',(0.182668131621004,23.4104080512529,7.07554324980364));
#6891=CARTESIAN_POINT('Ctrl Pts',(-0.12624460892005,23.4104040735817,7.08228125739328));
#6892=CARTESIAN_POINT('Ctrl Pts',(-0.4351573370487,23.4104080830818,7.07554304176557));
#6893=CARTESIAN_POINT('Ctrl Pts',(-0.743477196297411,23.4104057242284,7.05532495236907));
#6894=CARTESIAN_POINT('Ctrl Pts',(-1.05062476812095,23.4104053044493,7.02169748311856));
#6895=CARTESIAN_POINT('Ctrl Pts',(-1.3560112010006,23.4104077447217,6.97468975994658));
#6896=CARTESIAN_POINT('Ctrl Pts',(-1.65905887635002,23.4104060468173,6.91440822166249));
#6897=CARTESIAN_POINT('Ctrl Pts',(-1.95919002681369,23.4104086630243,6.84097086462546));
#6898=CARTESIAN_POINT('Ctrl Pts',(-2.3547107891475,23.4104083347332,6.72568819283689));
#6899=CARTESIAN_POINT('Ctrl Pts',(-2.64526586783229,23.4104015108195,6.61992825025119));
#6900=CARTESIAN_POINT('Ctrl Pts',(-2.83553161399788,23.4104057577165,6.54112238291315));
#6901=CARTESIAN_POINT('',(3.27889395835991,21.7283137315223,6.54153997836475));
#6902=CARTESIAN_POINT('Origin',(20.5118175605828,14.1533236589819,25.4308711965534));
#6903=CARTESIAN_POINT('Origin',(18.5405737547969,14.1360491404071,30.4752882063146));
#6904=CARTESIAN_POINT('Origin',(18.5604820051851,14.1359652021815,30.4625890624211));
#6905=CARTESIAN_POINT('Ctrl Pts',(-4.17164918525868,8.28915728686559,-6.34968388444551));
#6906=CARTESIAN_POINT('Ctrl Pts',(-3.86500435818755,9.94625197501325,-6.79486056963933));
#6907=CARTESIAN_POINT('Ctrl Pts',(-4.05306918466509,11.6781225839347,-6.80302942211712));
#6908=CARTESIAN_POINT('Origin',(-0.135256592083569,13.9215823870326,0.547213058505087));
#6909=CARTESIAN_POINT('Ctrl Pts',(-3.00543837963874,8.29825989997717,-6.9578019467954));
#6910=CARTESIAN_POINT('Ctrl Pts',(-2.628543456421,9.95187042245414,-7.34116308017408));
#6911=CARTESIAN_POINT('Ctrl Pts',(-2.81221150666549,11.6799224531482,-7.3815990415902));
#6912=CARTESIAN_POINT('Origin',(-0.262115863781018,14.1009386468,0.492511025622677));
#6913=CARTESIAN_POINT('Ctrl Pts',(-1.753434268673,8.29825675007218,-7.35205613572244));
#6914=CARTESIAN_POINT('Ctrl Pts',(-1.3156908589569,9.95186942741483,-7.66415147407851));
#6915=CARTESIAN_POINT('Ctrl Pts',(-1.48955085359879,11.6799253461944,-7.73586132640385));
#6916=CARTESIAN_POINT('Origin',(-0.355734457363684,14.1924352556818,0.444895527135507));
#6917=CARTESIAN_POINT('Ctrl Pts',(-0.451404248258666,8.3002185313259,-7.52319552213541));
#6918=CARTESIAN_POINT('Ctrl Pts',(0.033186469949574,9.95283175119093,-7.7543062231279));
#6919=CARTESIAN_POINT('Ctrl Pts',(-0.125457483254594,11.6797903595237,-7.85506232976248));
#6920=CARTESIAN_POINT('Origin',(-1.93687689591244,13.8732284227637,38.9790739414528));
#6921=CARTESIAN_POINT('Origin',(-17.3711078421313,15.2450289431577,39.6442222654882));
#6922=CARTESIAN_POINT('Ctrl Pts',(2.94717002252812,8.29332732999503,-6.88033609195871));
#6923=CARTESIAN_POINT('Ctrl Pts',(2.97925164733187,8.73256593909844,-6.92766269340476));
#6924=CARTESIAN_POINT('Ctrl Pts',(3.01545891506811,9.16775464537868,-6.96685556363224));
#6925=CARTESIAN_POINT('Ctrl Pts',(3.11502603044581,10.2737619872948,-7.04888832571383));
#6926=CARTESIAN_POINT('Ctrl Pts',(3.185135002262,10.9694473235271,-7.08319614644051));
#6927=CARTESIAN_POINT('Ctrl Pts',(3.26073936574649,11.678041029018,-7.10029520074923));
#6928=CARTESIAN_POINT('Origin',(-18.1569425276138,13.816236076183,34.6062089115835));
#6929=CARTESIAN_POINT('Ctrl Pts',(3.94306289648969,8.29611831091933,-6.34775040537912));
#6930=CARTESIAN_POINT('Ctrl Pts',(3.98542602512244,8.46283915839127,-6.34734935024381));
#6931=CARTESIAN_POINT('Ctrl Pts',(4.02373989709469,8.62817274894582,-6.34797099152583));
#6932=CARTESIAN_POINT('Ctrl Pts',(4.13964790503029,9.18107967286438,-6.35374917380575));
#6933=CARTESIAN_POINT('Ctrl Pts',(4.20834159524941,9.61312267400209,-6.36474412121529));
#6934=CARTESIAN_POINT('Ctrl Pts',(4.2843354068572,10.4803428977359,-6.40990370676777));
#6935=CARTESIAN_POINT('Ctrl Pts',(4.2910925460749,10.9155445066942,-6.44451104354392));
#6936=CARTESIAN_POINT('Ctrl Pts',(4.25858584661373,11.4339861898972,-6.50448881208682));
#6937=CARTESIAN_POINT('Ctrl Pts',(4.24754739446565,11.5596042654956,-6.52048444361212));
#6938=CARTESIAN_POINT('Ctrl Pts',(4.23271167508248,11.6859814893682,-6.53839547340645));
#6939=CARTESIAN_POINT('Origin',(-15.2725450608234,13.1160519123689,19.7081604661417));
#6940=CARTESIAN_POINT('',(4.58610351724223,9.98515781613894,-6.12231415681592));
#6941=CARTESIAN_POINT('Origin',(-15.2725450608234,13.1160519123689,19.7081604661417));
#6942=CARTESIAN_POINT('Origin',(-39.630604457757,15.2453982816734,17.5770342211754));
#6943=CARTESIAN_POINT('Origin',(-24.7073295558967,18.2065159128212,-8.65354807002752));
#6944=CARTESIAN_POINT('Origin',(-40.4887345546563,15.2434746971475,-15.4942008600087));
#6945=CARTESIAN_POINT('Origin',(-0.126246184270253,8.3279525405836,0.00114968429231976));
#6946=CARTESIAN_POINT('Origin',(-0.126236074161904,10.8171995216106,0.000687731373001868));
#6947=CARTESIAN_POINT('Origin',(-0.126239586553684,14.62553635401,0.000326768568125256));
#6948=CARTESIAN_POINT('',(1.9284386993795,14.4743939313687,-7.66786242478224));
#6949=CARTESIAN_POINT('',(-7.79438720180019,14.474064376047,-2.05434976578136));
#6950=CARTESIAN_POINT('Origin',(-0.126243440347469,14.4743759218706,0.000324398743006169));
#6951=CARTESIAN_POINT('Ctrl Pts',(1.58527254154975,12.7669497808927,-7.71983957002426));
#6952=CARTESIAN_POINT('Ctrl Pts',(1.69980248196631,13.3360954284122,-7.70506284706065));
#6953=CARTESIAN_POINT('Ctrl Pts',(1.81423079175169,13.9052410771255,-7.68773801770814));
#6954=CARTESIAN_POINT('Ctrl Pts',(1.92844387916397,14.4743867267821,-7.66786241289142));
#6955=CARTESIAN_POINT('',(-4.09555025860652,14.4747666834212,6.87535968944314));
#6956=CARTESIAN_POINT('Ctrl Pts',(-4.09555038153704,14.4743916377594,6.87535884153984));
#6957=CARTESIAN_POINT('Ctrl Pts',(-3.99053152301104,13.9052536536392,6.92413098262945));
#6958=CARTESIAN_POINT('Ctrl Pts',(-3.88451957236772,13.3361289710949,6.97053195124689));
#6959=CARTESIAN_POINT('Ctrl Pts',(-3.77762285170408,12.7670176271103,7.01452678979616));
#6960=CARTESIAN_POINT('',(-7.99697884931072,14.4736892891364,1.03651918484139));
#6961=CARTESIAN_POINT('Origin',(-0.126243616101081,14.4743818573399,0.000324505709783108));
#6962=CARTESIAN_POINT('Origin',(-0.135807963335543,14.3400473623624,-0.000302318556767695));
#6963=CARTESIAN_POINT('Origin',(-0.126246760883141,14.6600577838997,0.000324228183185588));
#6964=CARTESIAN_POINT('',(7.78223764006052,14.4743818122867,0.692229649527219));
#6965=CARTESIAN_POINT('Origin',(-0.126243440344592,14.4743724329014,0.000324398733152642));
#6966=CARTESIAN_POINT('',(-0.127355821419412,14.4746821235846,7.93897237477929));
#6967=CARTESIAN_POINT('Origin',(-0.126243616101154,14.4743804324433,0.0003245057119404));
#6968=CARTESIAN_POINT('',(-0.127495128096453,14.5826830121462,7.94089063474717));
#6969=CARTESIAN_POINT('Origin',(-0.127294483947073,14.6229042009956,0.00422931661526735));
#6970=CARTESIAN_POINT('Origin',(-0.127155007580894,14.5151198248288,0.00368309351339226));
#6971=CARTESIAN_POINT('Origin',(-0.135936864583483,14.332499626341,-0.000312638326169258));
#6972=CARTESIAN_POINT('Ctrl Pts',(-8.00375990245574,16.1817559039781,0.68953475483709));
#6973=CARTESIAN_POINT('Ctrl Pts',(-8.00405750988434,15.6126399250459,0.805004638788234));
#6974=CARTESIAN_POINT('Ctrl Pts',(-8.00181603526503,15.0435239463297,0.920706271232937));
#6975=CARTESIAN_POINT('Ctrl Pts',(-7.99701801286252,14.474407967659,1.03652741326596));
#6976=CARTESIAN_POINT('',(-7.76685264737065,16.0428137954835,-2.04696829217584));
#6977=CARTESIAN_POINT('Origin',(-0.12624472963003,16.0428142913306,0.000328830536032812));
#6978=CARTESIAN_POINT('Ctrl Pts',(7.78223814333645,14.4743873981122,0.692226149705415));
#6979=CARTESIAN_POINT('Ctrl Pts',(7.76185310250631,15.0435322864292,0.806348311003331));
#6980=CARTESIAN_POINT('Ctrl Pts',(7.73899756311602,15.612677173864,0.919800361389796));
#6981=CARTESIAN_POINT('Ctrl Pts',(7.71371287933937,16.1818220602546,1.03247647594161));
#6982=CARTESIAN_POINT('Origin',(-0.126243533426999,16.0379734610038,0.000322142589274485));
#6983=CARTESIAN_POINT('Origin',(-0.126259790270251,2.92790742985768,0.00305578579168524));
#6984=CARTESIAN_POINT('Origin',(-0.126303597816267,0.0404053712989653,-0.00244585017159603));
#6985=CARTESIAN_POINT('Origin',(-0.126215407392319,27.3764530560824,-0.00118255436272527));
#6986=CARTESIAN_POINT('Origin',(-0.126218621610307,28.9083693650568,-0.000859543015996691));
#6987=CARTESIAN_POINT('Origin',(-0.126374942084609,16.8574307442025,0.000434465616727681));
#6988=CARTESIAN_POINT('',(-1.79806323299126,18.9627491405653,7.5406960192984));
#6989=CARTESIAN_POINT('',(-1.8074120337888,18.401553399806,7.58333407595661));
#6990=CARTESIAN_POINT('Origin',(-0.126239581604865,18.9611218202802,0.000296464613904086));
#6991=CARTESIAN_POINT('Origin',(-0.126363846367589,16.8320656860358,0.000233375746412698));
#6992=CARTESIAN_POINT('Origin',(-0.126186762540594,16.8113387113871,0.000207007191656095));
#6993=CARTESIAN_POINT('Origin',(-0.126299886254825,18.3873556814011,0.000309847981323357));
#6994=CARTESIAN_POINT('Ctrl Pts',(4.92340926948432,17.2604120995201,6.01827123370244));
#6995=CARTESIAN_POINT('Ctrl Pts',(4.80961819996271,17.8176939962036,6.05719170813183));
#6996=CARTESIAN_POINT('Ctrl Pts',(4.69569625071014,18.3749746462842,6.09307851779209));
#6997=CARTESIAN_POINT('Ctrl Pts',(4.58179770633309,18.9322540758474,6.12596034140546));
#6998=CARTESIAN_POINT('Origin',(-0.126342313338438,18.398624827013,-0.000134725542053208));
#6999=CARTESIAN_POINT('Origin',(-0.126239581591466,18.961118848681,0.000296465391740022));
#7000=CARTESIAN_POINT('Origin',(-0.126243560906298,19.8429186173781,6.5648984763436E-5));
#7001=CARTESIAN_POINT('Origin',(-0.126261116175908,22.2696597342926,-0.000482271001258909));
#7002=CARTESIAN_POINT('Origin',(-0.126244355598079,0.0404053714164241,0.000326940086056397));
#7003=CARTESIAN_POINT('Origin',(-0.126242865565773,28.9083693652259,0.000322751985472799));
#7004=UNCERTAINTY_MEASURE_WITH_UNIT(LENGTH_MEASURE(0.01),#7008,
'DISTANCE_ACCURACY_VALUE',
'Maximum model space distance between geometric entities at asserted c
onnectivities');
#7005=UNCERTAINTY_MEASURE_WITH_UNIT(LENGTH_MEASURE(0.01),#7008,
'DISTANCE_ACCURACY_VALUE',
'Maximum model space distance between geometric entities at asserted c
onnectivities');
#7006=(
GEOMETRIC_REPRESENTATION_CONTEXT(3)
GLOBAL_UNCERTAINTY_ASSIGNED_CONTEXT((#7004))
GLOBAL_UNIT_ASSIGNED_CONTEXT((#7008,#7010,#7011))
REPRESENTATION_CONTEXT('','3D')
);
#7007=(
GEOMETRIC_REPRESENTATION_CONTEXT(3)
GLOBAL_UNCERTAINTY_ASSIGNED_CONTEXT((#7005))
GLOBAL_UNIT_ASSIGNED_CONTEXT((#7008,#7010,#7011))
REPRESENTATION_CONTEXT('','3D')
);
#7008=(
LENGTH_UNIT()
NAMED_UNIT(*)
SI_UNIT(.MILLI.,.METRE.)
);
#7009=(
LENGTH_UNIT()
NAMED_UNIT(*)
SI_UNIT($,.METRE.)
);
#7010=(
NAMED_UNIT(*)
PLANE_ANGLE_UNIT()
SI_UNIT($,.RADIAN.)
);
#7011=(
NAMED_UNIT(*)
SI_UNIT($,.STERADIAN.)
SOLID_ANGLE_UNIT()
);
#7012=SHAPE_DEFINITION_REPRESENTATION(#7013,#7014);
#7013=PRODUCT_DEFINITION_SHAPE('',$,#7016);
#7014=SHAPE_REPRESENTATION('',(#2586),#7006);
#7015=PRODUCT_DEFINITION_CONTEXT('part definition',#7020,'design');
#7016=PRODUCT_DEFINITION('2026-04-29-19-44-07-919','Small Wheel TPU',#7017,
#7015);
#7017=PRODUCT_DEFINITION_FORMATION('',$,#7022);
#7018=PRODUCT_RELATED_PRODUCT_CATEGORY('Small Wheel TPU',
'Small Wheel TPU',(#7022));
#7019=APPLICATION_PROTOCOL_DEFINITION('international standard',
'automotive_design',2009,#7020);
#7020=APPLICATION_CONTEXT(
'Core Data for Automotive Mechanical Design Process');
#7021=PRODUCT_CONTEXT('part definition',#7020,'mechanical');
#7022=PRODUCT('2026-04-29-19-44-07-919','Small Wheel TPU',$,(#7021));
#7023=PRESENTATION_STYLE_ASSIGNMENT((#7025));
#7024=PRESENTATION_STYLE_ASSIGNMENT((#7026));
#7025=SURFACE_STYLE_USAGE(.BOTH.,#7027);
#7026=SURFACE_STYLE_USAGE(.BOTH.,#7028);
#7027=SURFACE_SIDE_STYLE('',(#7029));
#7028=SURFACE_SIDE_STYLE('',(#7030));
#7029=SURFACE_STYLE_FILL_AREA(#7031);
#7030=SURFACE_STYLE_FILL_AREA(#7032);
#7031=FILL_AREA_STYLE('Steel - Satin',(#7033));
#7032=FILL_AREA_STYLE('Powder Coat (White)',(#7034));
#7033=FILL_AREA_STYLE_COLOUR('Steel - Satin',#7035);
#7034=FILL_AREA_STYLE_COLOUR('Powder Coat (White)',#7036);
#7035=COLOUR_RGB('Steel - Satin',0.627450980392157,0.627450980392157,0.627450980392157);
#7036=COLOUR_RGB('Powder Coat (White)',0.964705882352941,0.964705882352941,
0.952941176470588);
ENDSEC;
END-ISO-10303-21;
