ISO-10303-21;
HEADER;
/* Generated by software containing ST-Developer
 * from STEP Tools, Inc. (www.steptools.com) 
 */

FILE_DESCRIPTION(
/* description */ (''),
/* implementation_level */ '2;1');

FILE_NAME(
/* name */ 'Small wheel PETG 3.step',
/* time_stamp */ '2026-05-04T13:52:01+02:00',
/* author */ (''),
/* organization */ (''),
/* preprocessor_version */ 'ST-DEVELOPER v20.1',
/* originating_system */ 'Autodesk Translation Framework v15.8.0.0',
/* authorisation */ '');

FILE_SCHEMA (('AUTOMOTIVE_DESIGN { 1 0 10303 214 3 1 1 }'));
ENDSEC;

DATA;
#10=MECHANICAL_DESIGN_GEOMETRIC_PRESENTATION_REPRESENTATION('',(#13),#4126);
#11=SHAPE_REPRESENTATION_RELATIONSHIP('SRR','None',#4133,#12);
#12=ADVANCED_BREP_SHAPE_REPRESENTATION('',(#14),#4125);
#13=STYLED_ITEM('',(#4142),#14);
#14=MANIFOLD_SOLID_BREP('Small Wheel PETG (1) (1)',#1387);
#15=FACE_BOUND('',#273,.T.);
#16=FACE_BOUND('',#275,.T.);
#17=PLANE('',#1501);
#18=PLANE('',#1502);
#19=ELLIPSE('',#1463,43.6322485424797,38.483697205428);
#20=ELLIPSE('',#1479,6.9948333526135,6.9945403910708);
#21=ELLIPSE('',#1484,6.99901309437684,6.99898576529684);
#22=ELLIPSE('',#1489,4.99705383929953,4.99699455756793);
#23=(
BOUNDED_CURVE()
B_SPLINE_CURVE(2,(#1959,#1960,#1961),.UNSPECIFIED.,.F.,.F.)
B_SPLINE_CURVE_WITH_KNOTS((3,3),(-1.45656493480214,-1.28192034848239),
 .UNSPECIFIED.)
CURVE()
GEOMETRIC_REPRESENTATION_ITEM()
RATIONAL_B_SPLINE_CURVE((0.960498382619035,0.932670181511554,0.912083168254103))
REPRESENTATION_ITEM('')
);
#24=(
BOUNDED_CURVE()
B_SPLINE_CURVE(2,(#2031,#2032,#2033),.UNSPECIFIED.,.F.,.F.)
B_SPLINE_CURVE_WITH_KNOTS((3,3),(-1.5707963267949,-1.51029970564235),
 .UNSPECIFIED.)
CURVE()
GEOMETRIC_REPRESENTATION_ITEM()
RATIONAL_B_SPLINE_CURVE((1.,0.988719702360864,0.978308288715307))
REPRESENTATION_ITEM('')
);
#25=(
BOUNDED_CURVE()
B_SPLINE_CURVE(2,(#2483,#2484,#2485),.UNSPECIFIED.,.F.,.F.)
B_SPLINE_CURVE_WITH_KNOTS((3,3),(1.68492541539609,3.09663161949517),
 .UNSPECIFIED.)
CURVE()
GEOMETRIC_REPRESENTATION_ITEM()
RATIONAL_B_SPLINE_CURVE((0.960530987538398,0.735552744122556,0.983712909643335))
REPRESENTATION_ITEM('')
);
#26=(
BOUNDED_CURVE()
B_SPLINE_CURVE(2,(#2807,#2808,#2809,#2810,#2811),.UNSPECIFIED.,.F.,.F.)
B_SPLINE_CURVE_WITH_KNOTS((3,2,3),(1.80505342170922,3.14159265358979,3.17230587519403),
 .UNSPECIFIED.)
CURVE()
GEOMETRIC_REPRESENTATION_ITEM()
RATIONAL_B_SPLINE_CURVE((0.925668307282046,0.750786737262934,1.,0.994273163119658,
0.988770275846526))
REPRESENTATION_ITEM('')
);
#27=(
BOUNDED_CURVE()
B_SPLINE_CURVE(2,(#2918,#2919,#2920,#2921,#2922),.UNSPECIFIED.,.F.,.F.)
B_SPLINE_CURVE_WITH_KNOTS((3,2,3),(2.04353815815164,3.14159265358979,3.78231264896654),
 .UNSPECIFIED.)
CURVE()
GEOMETRIC_REPRESENTATION_ITEM()
RATIONAL_B_SPLINE_CURVE((0.876761192864612,0.795254986203274,1.,0.880530315354796,
0.858522808953572))
REPRESENTATION_ITEM('')
);
#28=(
BOUNDED_CURVE()
B_SPLINE_CURVE(2,(#3285,#3286,#3287,#3288,#3289),.UNSPECIFIED.,.F.,.F.)
B_SPLINE_CURVE_WITH_KNOTS((3,2,3),(2.40975652658047,3.14159265358979,4.13057694268385),
 .UNSPECIFIED.)
CURVE()
GEOMETRIC_REPRESENTATION_ITEM()
RATIONAL_B_SPLINE_CURVE((0.854234495044965,0.863540654362809,1.,0.815592392949036,
0.863393409068156))
REPRESENTATION_ITEM('')
);
#29=(
BOUNDED_CURVE()
B_SPLINE_CURVE(2,(#3770,#3771,#3772),.UNSPECIFIED.,.F.,.F.)
B_SPLINE_CURVE_WITH_KNOTS((3,3),(2.21814815224407,2.85269425396753),
 .UNSPECIFIED.)
CURVE()
GEOMETRIC_REPRESENTATION_ITEM()
RATIONAL_B_SPLINE_CURVE((0.858077669178473,0.837281294700024,0.91207788234872))
REPRESENTATION_ITEM('')
);
#30=(
BOUNDED_CURVE()
B_SPLINE_CURVE(2,(#4058,#4059,#4060),.UNSPECIFIED.,.F.,.F.)
B_SPLINE_CURVE_WITH_KNOTS((3,3),(-1.5707963267949,-1.51300661383891),
 .UNSPECIFIED.)
CURVE()
GEOMETRIC_REPRESENTATION_ITEM()
RATIONAL_B_SPLINE_CURVE((1.,0.989224436832926,0.97924174119647))
REPRESENTATION_ITEM('')
);
#31=(
BOUNDED_SURFACE()
B_SPLINE_SURFACE(2,2,((#1912,#1913,#1914,#1915,#1916,#1917,#1918,#1919,
#1920),(#1921,#1922,#1923,#1924,#1925,#1926,#1927,#1928,#1929),(#1930,#1931,
#1932,#1933,#1934,#1935,#1936,#1937,#1938),(#1939,#1940,#1941,#1942,#1943,
#1944,#1945,#1946,#1947),(#1948,#1949,#1950,#1951,#1952,#1953,#1954,#1955,
#1956)),.UNSPECIFIED.,.F.,.T.,.F.)
B_SPLINE_SURFACE_WITH_KNOTS((3,2,3),(3,2,2,2,3),(-1.5707963267949,0.,1.5707963267949),
(0.,1.5707963267949,3.14159265358979,4.71238898038469,6.28318530717959),
 .UNSPECIFIED.)
GEOMETRIC_REPRESENTATION_ITEM()
RATIONAL_B_SPLINE_SURFACE(((1.,0.707106781186548,1.,0.707106781186548,1.,
0.707106781186548,1.,0.707106781186548,1.),(0.707106781186548,0.5,0.707106781186548,
0.5,0.707106781186548,0.5,0.707106781186548,0.5,0.707106781186548),(1.,
0.707106781186548,1.,0.707106781186548,1.,0.707106781186548,1.,0.707106781186548,
1.),(0.707106781186548,0.5,0.707106781186548,0.5,0.707106781186548,0.5,
0.707106781186548,0.5,0.707106781186548),(1.,0.707106781186548,1.,0.707106781186548,
1.,0.707106781186548,1.,0.707106781186548,1.)))
REPRESENTATION_ITEM('')
SURFACE()
);
#32=(
BOUNDED_SURFACE()
B_SPLINE_SURFACE(2,2,((#1984,#1985,#1986,#1987,#1988,#1989,#1990,#1991,
#1992),(#1993,#1994,#1995,#1996,#1997,#1998,#1999,#2000,#2001),(#2002,#2003,
#2004,#2005,#2006,#2007,#2008,#2009,#2010),(#2011,#2012,#2013,#2014,#2015,
#2016,#2017,#2018,#2019),(#2020,#2021,#2022,#2023,#2024,#2025,#2026,#2027,
#2028)),.UNSPECIFIED.,.F.,.T.,.F.)
B_SPLINE_SURFACE_WITH_KNOTS((3,2,3),(3,2,2,2,3),(-1.5707963267949,0.,1.5707963267949),
(0.,1.5707963267949,3.14159265358979,4.71238898038469,6.28318530717959),
 .UNSPECIFIED.)
GEOMETRIC_REPRESENTATION_ITEM()
RATIONAL_B_SPLINE_SURFACE(((1.,0.707106781186548,1.,0.707106781186548,1.,
0.707106781186548,1.,0.707106781186548,1.),(0.707106781186548,0.5,0.707106781186548,
0.5,0.707106781186548,0.5,0.707106781186548,0.5,0.707106781186548),(1.,
0.707106781186548,1.,0.707106781186548,1.,0.707106781186548,1.,0.707106781186548,
1.),(0.707106781186548,0.5,0.707106781186548,0.5,0.707106781186548,0.5,
0.707106781186548,0.5,0.707106781186548),(1.,0.707106781186548,1.,0.707106781186548,
1.,0.707106781186548,1.,0.707106781186548,1.)))
REPRESENTATION_ITEM('')
SURFACE()
);
#33=(
BOUNDED_SURFACE()
B_SPLINE_SURFACE(2,2,((#2398,#2399,#2400,#2401,#2402,#2403,#2404,#2405,
#2406),(#2407,#2408,#2409,#2410,#2411,#2412,#2413,#2414,#2415),(#2416,#2417,
#2418,#2419,#2420,#2421,#2422,#2423,#2424),(#2425,#2426,#2427,#2428,#2429,
#2430,#2431,#2432,#2433),(#2434,#2435,#2436,#2437,#2438,#2439,#2440,#2441,
#2442),(#2443,#2444,#2445,#2446,#2447,#2448,#2449,#2450,#2451),(#2452,#2453,
#2454,#2455,#2456,#2457,#2458,#2459,#2460),(#2461,#2462,#2463,#2464,#2465,
#2466,#2467,#2468,#2469),(#2470,#2471,#2472,#2473,#2474,#2475,#2476,#2477,
#2478)),.UNSPECIFIED.,.T.,.T.,.F.)
B_SPLINE_SURFACE_WITH_KNOTS((3,2,2,2,3),(3,2,2,2,3),(-3.14159265358979,
-1.5707963267949,0.,1.5707963267949,3.14159265358979),(0.,1.5707963267949,
3.14159265358979,4.71238898038469,6.28318530717959),.UNSPECIFIED.)
GEOMETRIC_REPRESENTATION_ITEM()
RATIONAL_B_SPLINE_SURFACE(((1.,0.707106781186548,1.,0.707106781186548,1.,
0.707106781186548,1.,0.707106781186548,1.),(0.707106781186553,0.500000000000004,
0.707106781186553,0.500000000000004,0.707106781186553,0.500000000000004,
0.707106781186553,0.500000000000004,0.707106781186553),(1.,0.707106781186548,
1.,0.707106781186548,1.,0.707106781186548,1.,0.707106781186548,1.),(0.707106781186553,
0.500000000000004,0.707106781186553,0.500000000000004,0.707106781186553,
0.500000000000004,0.707106781186553,0.500000000000004,0.707106781186553),
(1.,0.707106781186548,1.,0.707106781186548,1.,0.707106781186548,1.,0.707106781186548,
1.),(0.707106781186553,0.500000000000004,0.707106781186553,0.500000000000004,
0.707106781186553,0.500000000000004,0.707106781186553,0.500000000000004,
0.707106781186553),(1.,0.707106781186548,1.,0.707106781186548,1.,0.707106781186548,
1.,0.707106781186548,1.),(0.707106781186553,0.500000000000004,0.707106781186553,
0.500000000000004,0.707106781186553,0.500000000000004,0.707106781186553,
0.500000000000004,0.707106781186553),(1.,0.707106781186548,1.,0.707106781186548,
1.,0.707106781186548,1.,0.707106781186548,1.)))
REPRESENTATION_ITEM('')
SURFACE()
);
#34=(
BOUNDED_SURFACE()
B_SPLINE_SURFACE(2,2,((#2585,#2586,#2587,#2588,#2589,#2590,#2591,#2592,
#2593),(#2594,#2595,#2596,#2597,#2598,#2599,#2600,#2601,#2602),(#2603,#2604,
#2605,#2606,#2607,#2608,#2609,#2610,#2611),(#2612,#2613,#2614,#2615,#2616,
#2617,#2618,#2619,#2620),(#2621,#2622,#2623,#2624,#2625,#2626,#2627,#2628,
#2629),(#2630,#2631,#2632,#2633,#2634,#2635,#2636,#2637,#2638),(#2639,#2640,
#2641,#2642,#2643,#2644,#2645,#2646,#2647),(#2648,#2649,#2650,#2651,#2652,
#2653,#2654,#2655,#2656),(#2657,#2658,#2659,#2660,#2661,#2662,#2663,#2664,
#2665)),.UNSPECIFIED.,.T.,.T.,.F.)
B_SPLINE_SURFACE_WITH_KNOTS((3,2,2,2,3),(3,2,2,2,3),(-3.14159265358979,
-1.5707963267949,0.,1.5707963267949,3.14159265358979),(0.,1.5707963267949,
3.14159265358979,4.71238898038469,6.28318530717959),.UNSPECIFIED.)
GEOMETRIC_REPRESENTATION_ITEM()
RATIONAL_B_SPLINE_SURFACE(((1.,0.707106781186548,1.,0.707106781186548,1.,
0.707106781186548,1.,0.707106781186548,1.),(0.707106781186548,0.500000000000001,
0.707106781186548,0.500000000000001,0.707106781186548,0.500000000000001,
0.707106781186548,0.500000000000001,0.707106781186548),(1.,0.707106781186548,
1.,0.707106781186548,1.,0.707106781186548,1.,0.707106781186548,1.),(0.707106781186547,
0.499999999999999,0.707106781186547,0.499999999999999,0.707106781186547,
0.499999999999999,0.707106781186547,0.499999999999999,0.707106781186547),
(1.,0.707106781186548,1.,0.707106781186548,1.,0.707106781186548,1.,0.707106781186548,
1.),(0.707106781186548,0.500000000000001,0.707106781186548,0.500000000000001,
0.707106781186548,0.500000000000001,0.707106781186548,0.500000000000001,
0.707106781186548),(1.,0.707106781186548,1.,0.707106781186548,1.,0.707106781186548,
1.,0.707106781186548,1.),(0.707106781186547,0.499999999999999,0.707106781186547,
0.499999999999999,0.707106781186547,0.499999999999999,0.707106781186547,
0.499999999999999,0.707106781186547),(1.,0.707106781186548,1.,0.707106781186548,
1.,0.707106781186548,1.,0.707106781186548,1.)))
REPRESENTATION_ITEM('')
SURFACE()
);
#35=(
BOUNDED_SURFACE()
B_SPLINE_SURFACE(2,2,((#2704,#2705,#2706,#2707,#2708,#2709,#2710,#2711,
#2712),(#2713,#2714,#2715,#2716,#2717,#2718,#2719,#2720,#2721),(#2722,#2723,
#2724,#2725,#2726,#2727,#2728,#2729,#2730),(#2731,#2732,#2733,#2734,#2735,
#2736,#2737,#2738,#2739),(#2740,#2741,#2742,#2743,#2744,#2745,#2746,#2747,
#2748),(#2749,#2750,#2751,#2752,#2753,#2754,#2755,#2756,#2757),(#2758,#2759,
#2760,#2761,#2762,#2763,#2764,#2765,#2766),(#2767,#2768,#2769,#2770,#2771,
#2772,#2773,#2774,#2775),(#2776,#2777,#2778,#2779,#2780,#2781,#2782,#2783,
#2784),(#2785,#2786,#2787,#2788,#2789,#2790,#2791,#2792,#2793),(#2794,#2795,
#2796,#2797,#2798,#2799,#2800,#2801,#2802)),.UNSPECIFIED.,.T.,.T.,.F.)
B_SPLINE_SURFACE_WITH_KNOTS((3,2,2,2,2,3),(3,2,2,2,3),(1.80269309572218,
3.14159265358979,4.71238898038469,6.28318530717959,7.85398163397448,8.08587840290177),
(0.,1.5707963267949,3.14159265358979,4.71238898038469,6.28318530717959),
 .UNSPECIFIED.)
GEOMETRIC_REPRESENTATION_ITEM()
RATIONAL_B_SPLINE_SURFACE(((0.926287311032115,0.654984038957861,0.926287311032115,
0.654984038957861,0.926287311032115,0.654984038957861,0.926287311032115,
0.654984038957861,0.926287311032115),(0.750346627069142,0.530575188241044,
0.750346627069142,0.530575188241044,0.750346627069142,0.530575188241044,
0.750346627069142,0.530575188241044,0.750346627069142),(1.,0.707106781186548,
1.,0.707106781186548,1.,0.707106781186548,1.,0.707106781186548,1.),(0.707106781186541,
0.499999999999995,0.707106781186541,0.499999999999995,0.707106781186541,
0.499999999999995,0.707106781186541,0.499999999999995,0.707106781186541),
(1.,0.707106781186548,1.,0.707106781186548,1.,0.707106781186548,1.,0.707106781186548,
1.),(0.707106781186552,0.500000000000003,0.707106781186552,0.500000000000003,
0.707106781186552,0.500000000000003,0.707106781186552,0.500000000000003,
0.707106781186552),(1.,0.707106781186548,1.,0.707106781186548,1.,0.707106781186548,
1.,0.707106781186548,1.),(0.707106781186541,0.499999999999995,0.707106781186541,
0.499999999999995,0.707106781186541,0.499999999999995,0.707106781186541,
0.499999999999995,0.707106781186541),(1.,0.707106781186548,1.,0.707106781186548,
1.,0.707106781186548,1.,0.707106781186548,1.),(0.956760154117409,0.676531592945507,
0.956760154117409,0.676531592945507,0.956760154117409,0.676531592945507,
0.956760154117409,0.676531592945507,0.956760154117409),(0.926287311032115,
0.654984038957861,0.926287311032115,0.654984038957861,0.926287311032115,
0.654984038957861,0.926287311032115,0.654984038957861,0.926287311032115)))
REPRESENTATION_ITEM('')
SURFACE()
);
#36=(
BOUNDED_SURFACE()
B_SPLINE_SURFACE(2,2,((#2819,#2820,#2821,#2822,#2823,#2824,#2825,#2826,
#2827),(#2828,#2829,#2830,#2831,#2832,#2833,#2834,#2835,#2836),(#2837,#2838,
#2839,#2840,#2841,#2842,#2843,#2844,#2845),(#2846,#2847,#2848,#2849,#2850,
#2851,#2852,#2853,#2854),(#2855,#2856,#2857,#2858,#2859,#2860,#2861,#2862,
#2863),(#2864,#2865,#2866,#2867,#2868,#2869,#2870,#2871,#2872),(#2873,#2874,
#2875,#2876,#2877,#2878,#2879,#2880,#2881),(#2882,#2883,#2884,#2885,#2886,
#2887,#2888,#2889,#2890),(#2891,#2892,#2893,#2894,#2895,#2896,#2897,#2898,
#2899),(#2900,#2901,#2902,#2903,#2904,#2905,#2906,#2907,#2908),(#2909,#2910,
#2911,#2912,#2913,#2914,#2915,#2916,#2917)),.UNSPECIFIED.,.T.,.T.,.F.)
B_SPLINE_SURFACE_WITH_KNOTS((3,2,2,2,2,3),(3,2,2,2,3),(2.04353814815164,
3.14159265358979,4.71238898038469,6.28318530717959,7.85398163397448,8.32672345533123),
(0.,1.5707963267949,3.14159265358979,4.71238898038469,6.28318530717959),
 .UNSPECIFIED.)
GEOMETRIC_REPRESENTATION_ITEM()
RATIONAL_B_SPLINE_SURFACE(((0.876761194349169,0.619963786005514,0.876761194349169,
0.619963786005514,0.876761194349169,0.619963786005514,0.876761194349169,
0.619963786005514,0.876761194349169),(0.795254984338658,0.562330192198267,
0.795254984338658,0.562330192198267,0.795254984338658,0.562330192198267,
0.795254984338658,0.562330192198267,0.795254984338658),(1.,0.707106781186548,
1.,0.707106781186548,1.,0.707106781186548,1.,0.707106781186548,1.),(0.707106781186556,
0.500000000000006,0.707106781186556,0.500000000000006,0.707106781186556,
0.500000000000006,0.707106781186556,0.500000000000006,0.707106781186556),
(1.,0.707106781186548,1.,0.707106781186548,1.,0.707106781186548,1.,0.707106781186548,
1.),(0.707106781186542,0.499999999999996,0.707106781186542,0.499999999999996,
0.707106781186542,0.499999999999996,0.707106781186542,0.499999999999996,
0.707106781186542),(1.,0.707106781186548,1.,0.707106781186548,1.,0.707106781186548,
1.,0.707106781186548,1.),(0.707106781186556,0.500000000000006,0.707106781186556,
0.500000000000006,0.707106781186556,0.500000000000006,0.707106781186556,
0.500000000000006,0.707106781186556),(1.,0.707106781186548,1.,0.707106781186548,
1.,0.707106781186548,1.,0.707106781186548,1.),(0.911851796847884,0.644776588988277,
0.911851796847884,0.644776588988277,0.911851796847884,0.644776588988277,
0.911851796847884,0.644776588988277,0.911851796847884),(0.876761194349169,
0.619963786005514,0.876761194349169,0.619963786005514,0.876761194349169,
0.619963786005514,0.876761194349169,0.619963786005514,0.876761194349169)))
REPRESENTATION_ITEM('')
SURFACE()
);
#37=(
BOUNDED_SURFACE()
B_SPLINE_SURFACE(2,2,((#2998,#2999,#3000,#3001,#3002,#3003,#3004,#3005,
#3006),(#3007,#3008,#3009,#3010,#3011,#3012,#3013,#3014,#3015),(#3016,#3017,
#3018,#3019,#3020,#3021,#3022,#3023,#3024),(#3025,#3026,#3027,#3028,#3029,
#3030,#3031,#3032,#3033),(#3034,#3035,#3036,#3037,#3038,#3039,#3040,#3041,
#3042)),.UNSPECIFIED.,.F.,.T.,.F.)
B_SPLINE_SURFACE_WITH_KNOTS((3,2,3),(3,2,2,2,3),(-1.5707963267949,0.,1.5707963267949),
(0.,1.5707963267949,3.14159265358979,4.71238898038469,6.28318530717959),
 .UNSPECIFIED.)
GEOMETRIC_REPRESENTATION_ITEM()
RATIONAL_B_SPLINE_SURFACE(((1.,0.707106781186548,1.,0.707106781186548,1.,
0.707106781186548,1.,0.707106781186548,1.),(0.707106781186548,0.5,0.707106781186548,
0.5,0.707106781186548,0.5,0.707106781186548,0.5,0.707106781186548),(1.,
0.707106781186548,1.,0.707106781186548,1.,0.707106781186548,1.,0.707106781186548,
1.),(0.707106781186548,0.5,0.707106781186548,0.5,0.707106781186548,0.5,
0.707106781186548,0.5,0.707106781186548),(1.,0.707106781186548,1.,0.707106781186548,
1.,0.707106781186548,1.,0.707106781186548,1.)))
REPRESENTATION_ITEM('')
SURFACE()
);
#38=(
BOUNDED_SURFACE()
B_SPLINE_SURFACE(2,2,((#3186,#3187,#3188,#3189,#3190,#3191,#3192,#3193,
#3194),(#3195,#3196,#3197,#3198,#3199,#3200,#3201,#3202,#3203),(#3204,#3205,
#3206,#3207,#3208,#3209,#3210,#3211,#3212),(#3213,#3214,#3215,#3216,#3217,
#3218,#3219,#3220,#3221),(#3222,#3223,#3224,#3225,#3226,#3227,#3228,#3229,
#3230),(#3231,#3232,#3233,#3234,#3235,#3236,#3237,#3238,#3239),(#3240,#3241,
#3242,#3243,#3244,#3245,#3246,#3247,#3248),(#3249,#3250,#3251,#3252,#3253,
#3254,#3255,#3256,#3257),(#3258,#3259,#3260,#3261,#3262,#3263,#3264,#3265,
#3266),(#3267,#3268,#3269,#3270,#3271,#3272,#3273,#3274,#3275),(#3276,#3277,
#3278,#3279,#3280,#3281,#3282,#3283,#3284)),.UNSPECIFIED.,.T.,.T.,.F.)
B_SPLINE_SURFACE_WITH_KNOTS((3,2,2,2,2,3),(3,2,2,2,3),(2.40975651657946,
3.14159265358979,4.71238898038469,6.28318530717959,7.85398163397448,8.69294182375905),
(0.,1.5707963267949,3.14159265358979,4.71238898038469,6.28318530717959),
 .UNSPECIFIED.)
GEOMETRIC_REPRESENTATION_ITEM()
RATIONAL_B_SPLINE_SURFACE(((0.854234494790615,0.604035003989909,0.854234494790615,
0.604035003989909,0.854234494790615,0.604035003989909,0.854234494790615,
0.604035003989909,0.854234494790615),(0.863540652498004,0.610615451211595,
0.863540652498004,0.610615451211595,0.863540652498004,0.610615451211595,
0.863540652498004,0.610615451211595,0.863540652498004),(1.,0.707106781186548,
1.,0.707106781186548,1.,0.707106781186548,1.,0.707106781186548,1.),(0.707106781186549,
0.500000000000001,0.707106781186549,0.500000000000001,0.707106781186549,
0.500000000000001,0.707106781186549,0.500000000000001,0.707106781186549),
(1.,0.707106781186548,1.,0.707106781186548,1.,0.707106781186548,1.,0.707106781186548,
1.),(0.707106781186543,0.499999999999997,0.707106781186543,0.499999999999997,
0.707106781186543,0.499999999999997,0.707106781186543,0.499999999999997,
0.707106781186543),(1.,0.707106781186548,1.,0.707106781186548,1.,0.707106781186548,
1.,0.707106781186548,1.),(0.707106781186549,0.500000000000001,0.707106781186549,
0.500000000000001,0.707106781186549,0.500000000000001,0.707106781186549,
0.500000000000001,0.707106781186549),(1.,0.707106781186548,1.,0.707106781186548,
1.,0.707106781186548,1.,0.707106781186548,1.),(0.843566128688538,0.596491329974949,
0.843566128688538,0.596491329974949,0.843566128688538,0.596491329974949,
0.843566128688538,0.596491329974949,0.843566128688538),(0.854234494790615,
0.604035003989909,0.854234494790615,0.604035003989909,0.854234494790615,
0.604035003989909,0.854234494790615,0.604035003989909,0.854234494790615)))
REPRESENTATION_ITEM('')
SURFACE()
);
#39=(
BOUNDED_SURFACE()
B_SPLINE_SURFACE(2,2,((#3355,#3356,#3357,#3358,#3359,#3360,#3361,#3362,
#3363),(#3364,#3365,#3366,#3367,#3368,#3369,#3370,#3371,#3372),(#3373,#3374,
#3375,#3376,#3377,#3378,#3379,#3380,#3381),(#3382,#3383,#3384,#3385,#3386,
#3387,#3388,#3389,#3390),(#3391,#3392,#3393,#3394,#3395,#3396,#3397,#3398,
#3399),(#3400,#3401,#3402,#3403,#3404,#3405,#3406,#3407,#3408),(#3409,#3410,
#3411,#3412,#3413,#3414,#3415,#3416,#3417),(#3418,#3419,#3420,#3421,#3422,
#3423,#3424,#3425,#3426),(#3427,#3428,#3429,#3430,#3431,#3432,#3433,#3434,
#3435),(#3436,#3437,#3438,#3439,#3440,#3441,#3442,#3443,#3444),(#3445,#3446,
#3447,#3448,#3449,#3450,#3451,#3452,#3453)),.UNSPECIFIED.,.T.,.T.,.F.)
B_SPLINE_SURFACE_WITH_KNOTS((3,2,2,2,2,3),(3,2,2,2,3),(2.31880071023428,
3.14159265358979,4.71238898038469,6.28318530717959,7.85398163397448,8.60198601741386),
(0.,1.5707963267949,3.14159265358979,4.71238898038469,6.28318530717959),
 .UNSPECIFIED.)
GEOMETRIC_REPRESENTATION_ITEM()
RATIONAL_B_SPLINE_SURFACE(((0.853885360177613,0.603788128537508,0.853885360177613,
0.603788128537508,0.853885360177613,0.603788128537508,0.853885360177613,
0.603788128537508,0.853885360177613),(0.846580886017919,0.598623085326186,
0.846580886017919,0.598623085326186,0.846580886017919,0.598623085326186,
0.846580886017919,0.598623085326186,0.846580886017919),(1.,0.707106781186548,
1.,0.707106781186548,1.,0.707106781186548,1.,0.707106781186548,1.),(0.707106781186552,
0.500000000000004,0.707106781186552,0.500000000000004,0.707106781186552,
0.500000000000004,0.707106781186552,0.500000000000004,0.707106781186552),
(1.,0.707106781186548,1.,0.707106781186548,1.,0.707106781186548,1.,0.707106781186548,
1.),(0.707106781186539,0.499999999999994,0.707106781186539,0.499999999999994,
0.707106781186539,0.499999999999994,0.707106781186539,0.499999999999994,
0.707106781186539),(1.,0.707106781186548,1.,0.707106781186548,1.,0.707106781186548,
1.,0.707106781186548,1.),(0.707106781186539,0.499999999999994,0.707106781186539,
0.499999999999994,0.707106781186539,0.499999999999994,0.707106781186539,
0.499999999999994,0.707106781186539),(1.,0.707106781186548,1.,0.707106781186548,
1.,0.707106781186548,1.,0.707106781186548,1.),(0.860525895168619,0.608483695860355,
0.860525895168619,0.608483695860355,0.860525895168619,0.608483695860355,
0.860525895168619,0.608483695860355,0.860525895168619),(0.853885360177613,
0.603788128537508,0.853885360177613,0.603788128537508,0.853885360177613,
0.603788128537508,0.853885360177613,0.603788128537508,0.853885360177613)))
REPRESENTATION_ITEM('')
SURFACE()
);
#40=(
BOUNDED_SURFACE()
B_SPLINE_SURFACE(2,2,((#3585,#3586,#3587,#3588,#3589,#3590,#3591,#3592,
#3593),(#3594,#3595,#3596,#3597,#3598,#3599,#3600,#3601,#3602),(#3603,#3604,
#3605,#3606,#3607,#3608,#3609,#3610,#3611),(#3612,#3613,#3614,#3615,#3616,
#3617,#3618,#3619,#3620),(#3621,#3622,#3623,#3624,#3625,#3626,#3627,#3628,
#3629),(#3630,#3631,#3632,#3633,#3634,#3635,#3636,#3637,#3638),(#3639,#3640,
#3641,#3642,#3643,#3644,#3645,#3646,#3647),(#3648,#3649,#3650,#3651,#3652,
#3653,#3654,#3655,#3656),(#3657,#3658,#3659,#3660,#3661,#3662,#3663,#3664,
#3665),(#3666,#3667,#3668,#3669,#3670,#3671,#3672,#3673,#3674),(#3675,#3676,
#3677,#3678,#3679,#3680,#3681,#3682,#3683)),.UNSPECIFIED.,.T.,.T.,.F.)
B_SPLINE_SURFACE_WITH_KNOTS((3,2,2,2,2,3),(3,2,2,2,3),(2.22783966760909,
3.14159265358979,4.71238898038469,6.28318530717959,7.85398163397448,8.51102497478867),
(0.,1.5707963267949,3.14159265358979,4.71238898038469,6.28318530717959),
 .UNSPECIFIED.)
GEOMETRIC_REPRESENTATION_ITEM()
RATIONAL_B_SPLINE_SURFACE(((0.857464715918039,0.606319115253842,0.857464715918039,
0.606319115253842,0.857464715918039,0.606319115253842,0.857464715918039,
0.606319115253842,0.857464715918039),(0.82962014317262,0.586630029046314,
0.82962014317262,0.586630029046314,0.82962014317262,0.586630029046314,0.82962014317262,
0.586630029046314,0.82962014317262),(1.,0.707106781186548,1.,0.707106781186548,
1.,0.707106781186548,1.,0.707106781186548,1.),(0.707106781186551,0.500000000000002,
0.707106781186551,0.500000000000002,0.707106781186551,0.500000000000002,
0.707106781186551,0.500000000000002,0.707106781186551),(1.,0.707106781186548,
1.,0.707106781186548,1.,0.707106781186548,1.,0.707106781186548,1.),(0.707106781186551,
0.500000000000002,0.707106781186551,0.500000000000002,0.707106781186551,
0.500000000000002,0.707106781186551,0.500000000000002,0.707106781186551),
(1.,0.707106781186548,1.,0.707106781186548,1.,0.707106781186548,1.,0.707106781186548,
1.),(0.707106781186551,0.500000000000002,0.707106781186551,0.500000000000002,
0.707106781186551,0.500000000000002,0.707106781186551,0.500000000000002,
0.707106781186551),(1.,0.707106781186548,1.,0.707106781186548,1.,0.707106781186548,
1.,0.707106781186548,1.),(0.877486638013931,0.620476752140236,0.877486638013931,
0.620476752140236,0.877486638013931,0.620476752140236,0.877486638013931,
0.620476752140236,0.877486638013931),(0.857464715918039,0.606319115253842,
0.857464715918039,0.606319115253842,0.857464715918039,0.606319115253842,
0.857464715918039,0.606319115253842,0.857464715918039)))
REPRESENTATION_ITEM('')
SURFACE()
);
#41=(
BOUNDED_SURFACE()
B_SPLINE_SURFACE(2,2,((#3688,#3689,#3690,#3691,#3692,#3693,#3694,#3695,
#3696),(#3697,#3698,#3699,#3700,#3701,#3702,#3703,#3704,#3705),(#3706,#3707,
#3708,#3709,#3710,#3711,#3712,#3713,#3714),(#3715,#3716,#3717,#3718,#3719,
#3720,#3721,#3722,#3723),(#3724,#3725,#3726,#3727,#3728,#3729,#3730,#3731,
#3732),(#3733,#3734,#3735,#3736,#3737,#3738,#3739,#3740,#3741),(#3742,#3743,
#3744,#3745,#3746,#3747,#3748,#3749,#3750),(#3751,#3752,#3753,#3754,#3755,
#3756,#3757,#3758,#3759),(#3760,#3761,#3762,#3763,#3764,#3765,#3766,#3767,
#3768)),.UNSPECIFIED.,.T.,.T.,.F.)
B_SPLINE_SURFACE_WITH_KNOTS((3,2,2,2,3),(3,2,2,2,3),(-3.14159265358979,
-1.5707963267949,0.,1.5707963267949,3.14159265358979),(0.,1.5707963267949,
3.14159265358979,4.71238898038469,6.28318530717959),.UNSPECIFIED.)
GEOMETRIC_REPRESENTATION_ITEM()
RATIONAL_B_SPLINE_SURFACE(((1.,0.707106781186548,1.,0.707106781186548,1.,
0.707106781186548,1.,0.707106781186548,1.),(0.707106781186542,0.499999999999996,
0.707106781186542,0.499999999999996,0.707106781186542,0.499999999999996,
0.707106781186542,0.499999999999996,0.707106781186542),(1.,0.707106781186548,
1.,0.707106781186548,1.,0.707106781186548,1.,0.707106781186548,1.),(0.707106781186542,
0.499999999999996,0.707106781186542,0.499999999999996,0.707106781186542,
0.499999999999996,0.707106781186542,0.499999999999996,0.707106781186542),
(1.,0.707106781186548,1.,0.707106781186548,1.,0.707106781186548,1.,0.707106781186548,
1.),(0.707106781186542,0.499999999999996,0.707106781186542,0.499999999999996,
0.707106781186542,0.499999999999996,0.707106781186542,0.499999999999996,
0.707106781186542),(1.,0.707106781186548,1.,0.707106781186548,1.,0.707106781186548,
1.,0.707106781186548,1.),(0.707106781186542,0.499999999999996,0.707106781186542,
0.499999999999996,0.707106781186542,0.499999999999996,0.707106781186542,
0.499999999999996,0.707106781186542),(1.,0.707106781186548,1.,0.707106781186548,
1.,0.707106781186548,1.,0.707106781186548,1.)))
REPRESENTATION_ITEM('')
SURFACE()
);
#42=(
BOUNDED_SURFACE()
B_SPLINE_SURFACE(2,2,((#4012,#4013,#4014,#4015,#4016,#4017,#4018,#4019,
#4020),(#4021,#4022,#4023,#4024,#4025,#4026,#4027,#4028,#4029),(#4030,#4031,
#4032,#4033,#4034,#4035,#4036,#4037,#4038),(#4039,#4040,#4041,#4042,#4043,
#4044,#4045,#4046,#4047),(#4048,#4049,#4050,#4051,#4052,#4053,#4054,#4055,
#4056)),.UNSPECIFIED.,.F.,.T.,.F.)
B_SPLINE_SURFACE_WITH_KNOTS((3,2,3),(3,2,2,2,3),(-1.5707963267949,0.,1.5707963267949),
(0.,1.5707963267949,3.14159265358979,4.71238898038469,6.28318530717959),
 .UNSPECIFIED.)
GEOMETRIC_REPRESENTATION_ITEM()
RATIONAL_B_SPLINE_SURFACE(((1.,0.707106781186548,1.,0.707106781186548,1.,
0.707106781186548,1.,0.707106781186548,1.),(0.707106781186547,0.5,0.707106781186547,
0.5,0.707106781186547,0.5,0.707106781186547,0.5,0.707106781186547),(1.,
0.707106781186548,1.,0.707106781186548,1.,0.707106781186548,1.,0.707106781186548,
1.),(0.707106781186547,0.5,0.707106781186547,0.5,0.707106781186547,0.5,
0.707106781186547,0.5,0.707106781186547),(1.,0.707106781186548,1.,0.707106781186548,
1.,0.707106781186548,1.,0.707106781186548,1.)))
REPRESENTATION_ITEM('')
SURFACE()
);
#43=CIRCLE('',#1405,2.52594657750119);
#44=CIRCLE('',#1407,2.52594641297138);
#45=CIRCLE('',#1408,6.43179286596054);
#46=CIRCLE('',#1413,6.81201608637268);
#47=CIRCLE('',#1415,6.81215646155885);
#48=CIRCLE('',#1417,5.71019660032474);
#49=CIRCLE('',#1418,5.47328114997764);
#50=CIRCLE('',#1419,5.47328114997764);
#51=CIRCLE('',#1421,5.55915132700487);
#52=CIRCLE('',#1422,5.55915132700487);
#53=CIRCLE('',#1423,6.23252398822727);
#54=CIRCLE('',#1424,6.23252398822727);
#55=CIRCLE('',#1426,6.74845082964611);
#56=CIRCLE('',#1427,6.74845082964611);
#57=CIRCLE('',#1429,6.43179290557833);
#58=CIRCLE('',#1430,6.43179286596054);
#59=CIRCLE('',#1432,6.43179266413977);
#60=CIRCLE('',#1434,6.43179233657851);
#61=CIRCLE('',#1436,6.34060692500536);
#62=CIRCLE('',#1438,6.77893959852031);
#63=CIRCLE('',#1439,6.77893959852031);
#64=CIRCLE('',#1440,6.74844996431927);
#65=CIRCLE('',#1443,6.77893912646057);
#66=CIRCLE('',#1446,4.99519500803847);
#67=CIRCLE('',#1448,4.99561442927348);
#68=CIRCLE('',#1450,5.00456550248614);
#69=CIRCLE('',#1451,5.00456550248614);
#70=CIRCLE('',#1452,5.00456550248614);
#71=CIRCLE('',#1453,5.00456550248614);
#72=CIRCLE('',#1455,5.36923452316746);
#73=CIRCLE('',#1456,5.00325833881709);
#74=CIRCLE('',#1457,5.00325833881709);
#75=CIRCLE('',#1458,5.00325833881709);
#76=CIRCLE('',#1460,4.99515474723047);
#77=CIRCLE('',#1477,7.00192446247597);
#78=CIRCLE('',#1478,7.00192536484012);
#79=CIRCLE('',#1481,7.00192451849071);
#80=CIRCLE('',#1482,7.00192538771888);
#81=CIRCLE('',#1491,4.99567134685341);
#82=CIRCLE('',#1493,6.81210255251109);
#83=CIRCLE('',#1498,6.81210285202973);
#84=CONICAL_SURFACE('',#1402,2.52594973681847,1.04719750075179);
#85=CONICAL_SURFACE('',#1403,2.52594784191552,1.04719734325405);
#86=CONICAL_SURFACE('',#1409,6.93628852827007,0.0286761131782403);
#87=CONICAL_SURFACE('',#1410,6.72102406414749,0.12447135742499);
#88=CONICAL_SURFACE('',#1411,6.93384238319759,0.0242915875663359);
#89=CONICAL_SURFACE('',#1412,6.93458319702011,0.0844496928622653);
#90=CONICAL_SURFACE('',#1414,6.95522740546499,0.0974499641580989);
#91=CONICAL_SURFACE('',#1416,5.93051920336751,1.0605415590759);
#92=CONICAL_SURFACE('',#1420,5.70451607093544,0.574443459167278);
#93=CONICAL_SURFACE('',#1425,6.92888817091169,0.762019193798934);
#94=CONICAL_SURFACE('',#1428,13.5220465844203,0.0177695719936317);
#95=CONICAL_SURFACE('',#1431,6.64110410518622,0.958727681550465);
#96=CONICAL_SURFACE('',#1433,6.64112584132635,0.958724236238545);
#97=CONICAL_SURFACE('',#1435,6.50427167677502,0.667134732560589);
#98=CONICAL_SURFACE('',#1437,6.97450756506416,0.859205622655908);
#99=CONICAL_SURFACE('',#1441,6.92889830393963,0.762017827040532);
#100=CONICAL_SURFACE('',#1442,6.9745141373999,0.859206567359919);
#101=CONICAL_SURFACE('',#1444,6.50970230279412,0.169951556804765);
#102=CONICAL_SURFACE('',#1445,5.36786610667983,0.263207006244005);
#103=CONICAL_SURFACE('',#1447,5.38833880441108,0.262543555973323);
#104=CONICAL_SURFACE('',#1449,5.70769810120799,0.248863412627681);
#105=CONICAL_SURFACE('',#1454,5.70783298131407,0.249393976415713);
#106=CONICAL_SURFACE('',#1459,5.40053138869415,0.2631939917306);
#107=CONICAL_SURFACE('',#1461,6.50990054142443,0.170027056060313);
#108=CONICAL_SURFACE('',#1462,40.2496198015873,0.0186336265551055);
#109=CONICAL_SURFACE('',#1464,43.6327876708108,0.0267171130735877);
#110=CONICAL_SURFACE('',#1465,7.9080205281526,0.240236562377833);
#111=CONICAL_SURFACE('',#1466,7.87046725504213,0.238331746044813);
#112=CONICAL_SURFACE('',#1467,7.84647238609964,0.232706588813277);
#113=CONICAL_SURFACE('',#1468,45.1940929626384,0.00640480225087648);
#114=CONICAL_SURFACE('',#1469,50.8786732661423,0.0234231473133043);
#115=CONICAL_SURFACE('',#1470,45.1929791968177,0.0110723374885333);
#116=CONICAL_SURFACE('',#1471,50.8840620657992,0.0214879727733737);
#117=CONICAL_SURFACE('',#1472,33.2160532043783,0.385459529481376);
#118=CONICAL_SURFACE('',#1473,50.8811828134468,0.0228694404382352);
#119=CONICAL_SURFACE('',#1474,6.67332264908536,0.152271301802421);
#120=CONICAL_SURFACE('',#1475,6.89550547493405,0.100382918362018);
#121=CONICAL_SURFACE('',#1476,7.00435510899599,0.0160570160920558);
#122=CONICAL_SURFACE('',#1480,7.00490842495366,0.0160569366794634);
#123=CONICAL_SURFACE('',#1483,7.00024643933681,0.0114983709366403);
#124=CONICAL_SURFACE('',#1485,6.99477621785787,0.00104773519903818);
#125=CONICAL_SURFACE('',#1486,6.9767434823257,0.0160534308844034);
#126=CONICAL_SURFACE('',#1487,6.97681966340894,0.0160550518525119);
#127=CONICAL_SURFACE('',#1488,5.76468914245677,0.25985213227705);
#128=CONICAL_SURFACE('',#1490,5.40729332543649,0.262501155926506);
#129=CONICAL_SURFACE('',#1492,6.95629246976839,0.0683256906227487);
#130=CONICAL_SURFACE('',#1494,6.95805601796257,0.0683359041661578);
#131=CONICAL_SURFACE('',#1495,6.95951305201992,0.0683672067725373);
#132=CONICAL_SURFACE('',#1496,6.85159685643744,0.0684538826445469);
#133=CONICAL_SURFACE('',#1497,6.85098888696781,0.0681424639101056);
#134=CONICAL_SURFACE('',#1499,6.72322299135446,0.100454487225507);
#135=CONICAL_SURFACE('',#1500,6.42052296970458,0.152725226035108);
#136=FACE_OUTER_BOUND('',#205,.T.);
#137=FACE_OUTER_BOUND('',#206,.T.);
#138=FACE_OUTER_BOUND('',#207,.T.);
#139=FACE_OUTER_BOUND('',#208,.T.);
#140=FACE_OUTER_BOUND('',#209,.T.);
#141=FACE_OUTER_BOUND('',#210,.T.);
#142=FACE_OUTER_BOUND('',#211,.T.);
#143=FACE_OUTER_BOUND('',#212,.T.);
#144=FACE_OUTER_BOUND('',#213,.T.);
#145=FACE_OUTER_BOUND('',#214,.T.);
#146=FACE_OUTER_BOUND('',#215,.T.);
#147=FACE_OUTER_BOUND('',#216,.T.);
#148=FACE_OUTER_BOUND('',#217,.T.);
#149=FACE_OUTER_BOUND('',#218,.T.);
#150=FACE_OUTER_BOUND('',#219,.T.);
#151=FACE_OUTER_BOUND('',#220,.T.);
#152=FACE_OUTER_BOUND('',#221,.T.);
#153=FACE_OUTER_BOUND('',#222,.T.);
#154=FACE_OUTER_BOUND('',#223,.T.);
#155=FACE_OUTER_BOUND('',#224,.T.);
#156=FACE_OUTER_BOUND('',#225,.T.);
#157=FACE_OUTER_BOUND('',#226,.T.);
#158=FACE_OUTER_BOUND('',#227,.T.);
#159=FACE_OUTER_BOUND('',#228,.T.);
#160=FACE_OUTER_BOUND('',#229,.T.);
#161=FACE_OUTER_BOUND('',#230,.T.);
#162=FACE_OUTER_BOUND('',#231,.T.);
#163=FACE_OUTER_BOUND('',#232,.T.);
#164=FACE_OUTER_BOUND('',#233,.T.);
#165=FACE_OUTER_BOUND('',#234,.T.);
#166=FACE_OUTER_BOUND('',#235,.T.);
#167=FACE_OUTER_BOUND('',#236,.T.);
#168=FACE_OUTER_BOUND('',#237,.T.);
#169=FACE_OUTER_BOUND('',#238,.T.);
#170=FACE_OUTER_BOUND('',#239,.T.);
#171=FACE_OUTER_BOUND('',#240,.T.);
#172=FACE_OUTER_BOUND('',#241,.T.);
#173=FACE_OUTER_BOUND('',#242,.T.);
#174=FACE_OUTER_BOUND('',#243,.T.);
#175=FACE_OUTER_BOUND('',#244,.T.);
#176=FACE_OUTER_BOUND('',#245,.T.);
#177=FACE_OUTER_BOUND('',#246,.T.);
#178=FACE_OUTER_BOUND('',#247,.T.);
#179=FACE_OUTER_BOUND('',#248,.T.);
#180=FACE_OUTER_BOUND('',#249,.T.);
#181=FACE_OUTER_BOUND('',#250,.T.);
#182=FACE_OUTER_BOUND('',#251,.T.);
#183=FACE_OUTER_BOUND('',#252,.T.);
#184=FACE_OUTER_BOUND('',#253,.T.);
#185=FACE_OUTER_BOUND('',#254,.T.);
#186=FACE_OUTER_BOUND('',#255,.T.);
#187=FACE_OUTER_BOUND('',#256,.T.);
#188=FACE_OUTER_BOUND('',#257,.T.);
#189=FACE_OUTER_BOUND('',#258,.T.);
#190=FACE_OUTER_BOUND('',#259,.T.);
#191=FACE_OUTER_BOUND('',#260,.T.);
#192=FACE_OUTER_BOUND('',#261,.T.);
#193=FACE_OUTER_BOUND('',#262,.T.);
#194=FACE_OUTER_BOUND('',#263,.T.);
#195=FACE_OUTER_BOUND('',#264,.T.);
#196=FACE_OUTER_BOUND('',#265,.T.);
#197=FACE_OUTER_BOUND('',#266,.T.);
#198=FACE_OUTER_BOUND('',#267,.T.);
#199=FACE_OUTER_BOUND('',#268,.T.);
#200=FACE_OUTER_BOUND('',#269,.T.);
#201=FACE_OUTER_BOUND('',#270,.T.);
#202=FACE_OUTER_BOUND('',#271,.T.);
#203=FACE_OUTER_BOUND('',#272,.T.);
#204=FACE_OUTER_BOUND('',#274,.T.);
#205=EDGE_LOOP('',(#867,#868,#869,#870,#871,#872));
#206=EDGE_LOOP('',(#873,#874,#875,#876,#877));
#207=EDGE_LOOP('',(#878,#879,#880,#881,#882,#883));
#208=EDGE_LOOP('',(#884,#885,#886,#887));
#209=EDGE_LOOP('',(#888,#889,#890,#891,#892));
#210=EDGE_LOOP('',(#893,#894,#895,#896,#897,#898));
#211=EDGE_LOOP('',(#899,#900,#901,#902,#903,#904,#905));
#212=EDGE_LOOP('',(#906,#907,#908,#909));
#213=EDGE_LOOP('',(#910,#911,#912,#913,#914));
#214=EDGE_LOOP('',(#915,#916,#917,#918));
#215=EDGE_LOOP('',(#919,#920,#921,#922,#923,#924,#925,#926,#927,#928,#929,
#930));
#216=EDGE_LOOP('',(#931,#932,#933,#934,#935,#936,#937,#938,#939,#940,#941,
#942,#943,#944,#945,#946,#947,#948));
#217=EDGE_LOOP('',(#949,#950,#951,#952,#953));
#218=EDGE_LOOP('',(#954,#955,#956,#957,#958,#959,#960));
#219=EDGE_LOOP('',(#961,#962,#963,#964,#965,#966,#967));
#220=EDGE_LOOP('',(#968,#969,#970,#971,#972,#973));
#221=EDGE_LOOP('',(#974,#975,#976,#977,#978,#979,#980));
#222=EDGE_LOOP('',(#981,#982,#983,#984,#985));
#223=EDGE_LOOP('',(#986,#987,#988,#989,#990,#991,#992,#993,#994,#995,#996,
#997,#998));
#224=EDGE_LOOP('',(#999,#1000,#1001,#1002,#1003));
#225=EDGE_LOOP('',(#1004,#1005,#1006,#1007));
#226=EDGE_LOOP('',(#1008,#1009,#1010,#1011,#1012,#1013,#1014,#1015,#1016,
#1017,#1018,#1019,#1020,#1021,#1022,#1023,#1024));
#227=EDGE_LOOP('',(#1025,#1026,#1027,#1028,#1029,#1030,#1031,#1032,#1033));
#228=EDGE_LOOP('',(#1034,#1035,#1036,#1037,#1038,#1039,#1040));
#229=EDGE_LOOP('',(#1041,#1042,#1043,#1044,#1045,#1046,#1047,#1048));
#230=EDGE_LOOP('',(#1049,#1050,#1051,#1052,#1053,#1054,#1055,#1056));
#231=EDGE_LOOP('',(#1057,#1058,#1059,#1060,#1061));
#232=EDGE_LOOP('',(#1062,#1063,#1064,#1065,#1066,#1067,#1068,#1069,#1070,
#1071,#1072,#1073,#1074,#1075,#1076,#1077,#1078,#1079,#1080,#1081,#1082,
#1083,#1084));
#233=EDGE_LOOP('',(#1085,#1086,#1087,#1088,#1089,#1090,#1091));
#234=EDGE_LOOP('',(#1092,#1093,#1094,#1095,#1096));
#235=EDGE_LOOP('',(#1097,#1098,#1099,#1100,#1101,#1102,#1103,#1104));
#236=EDGE_LOOP('',(#1105,#1106,#1107,#1108,#1109,#1110,#1111,#1112,#1113,
#1114,#1115));
#237=EDGE_LOOP('',(#1116,#1117,#1118,#1119));
#238=EDGE_LOOP('',(#1120,#1121,#1122,#1123));
#239=EDGE_LOOP('',(#1124,#1125,#1126,#1127,#1128,#1129,#1130,#1131,#1132,
#1133,#1134,#1135,#1136,#1137,#1138,#1139,#1140));
#240=EDGE_LOOP('',(#1141,#1142,#1143,#1144,#1145,#1146,#1147,#1148,#1149,
#1150,#1151,#1152,#1153,#1154));
#241=EDGE_LOOP('',(#1155,#1156,#1157,#1158));
#242=EDGE_LOOP('',(#1159,#1160,#1161,#1162,#1163,#1164,#1165,#1166,#1167,
#1168));
#243=EDGE_LOOP('',(#1169,#1170,#1171,#1172));
#244=EDGE_LOOP('',(#1173,#1174,#1175,#1176));
#245=EDGE_LOOP('',(#1177,#1178,#1179,#1180));
#246=EDGE_LOOP('',(#1181,#1182,#1183,#1184));
#247=EDGE_LOOP('',(#1185,#1186,#1187,#1188));
#248=EDGE_LOOP('',(#1189,#1190,#1191,#1192));
#249=EDGE_LOOP('',(#1193,#1194,#1195,#1196));
#250=EDGE_LOOP('',(#1197,#1198,#1199,#1200));
#251=EDGE_LOOP('',(#1201,#1202,#1203,#1204,#1205,#1206,#1207));
#252=EDGE_LOOP('',(#1208,#1209,#1210,#1211));
#253=EDGE_LOOP('',(#1212,#1213,#1214,#1215));
#254=EDGE_LOOP('',(#1216,#1217,#1218,#1219));
#255=EDGE_LOOP('',(#1220,#1221,#1222,#1223));
#256=EDGE_LOOP('',(#1224,#1225,#1226,#1227,#1228));
#257=EDGE_LOOP('',(#1229,#1230,#1231,#1232,#1233,#1234));
#258=EDGE_LOOP('',(#1235,#1236,#1237,#1238,#1239,#1240));
#259=EDGE_LOOP('',(#1241,#1242,#1243,#1244));
#260=EDGE_LOOP('',(#1245,#1246,#1247,#1248,#1249));
#261=EDGE_LOOP('',(#1250,#1251,#1252,#1253,#1254));
#262=EDGE_LOOP('',(#1255,#1256,#1257,#1258,#1259,#1260));
#263=EDGE_LOOP('',(#1261,#1262,#1263,#1264));
#264=EDGE_LOOP('',(#1265,#1266,#1267,#1268));
#265=EDGE_LOOP('',(#1269,#1270,#1271,#1272,#1273));
#266=EDGE_LOOP('',(#1274,#1275,#1276,#1277));
#267=EDGE_LOOP('',(#1278,#1279,#1280,#1281));
#268=EDGE_LOOP('',(#1282,#1283,#1284,#1285,#1286));
#269=EDGE_LOOP('',(#1287,#1288,#1289,#1290,#1291));
#270=EDGE_LOOP('',(#1292,#1293,#1294,#1295,#1296));
#271=EDGE_LOOP('',(#1297,#1298,#1299,#1300));
#272=EDGE_LOOP('',(#1301,#1302,#1303,#1304,#1305,#1306,#1307));
#273=EDGE_LOOP('',(#1308));
#274=EDGE_LOOP('',(#1309,#1310,#1311,#1312,#1313));
#275=EDGE_LOOP('',(#1314));
#276=LINE('',#1789,#315);
#277=LINE('',#1863,#316);
#278=LINE('',#1903,#317);
#279=LINE('',#1907,#318);
#280=LINE('',#1911,#319);
#281=LINE('',#2147,#320);
#282=LINE('',#2206,#321);
#283=LINE('',#2208,#322);
#284=LINE('',#2262,#323);
#285=LINE('',#2269,#324);
#286=LINE('',#2302,#325);
#287=LINE('',#2309,#326);
#288=LINE('',#2341,#327);
#289=LINE('',#2346,#328);
#290=LINE('',#2530,#329);
#291=LINE('',#2928,#330);
#292=LINE('',#2993,#331);
#293=LINE('',#3098,#332);
#294=LINE('',#3124,#333);
#295=LINE('',#3295,#334);
#296=LINE('',#3461,#335);
#297=LINE('',#3526,#336);
#298=LINE('',#3815,#337);
#299=LINE('',#3835,#338);
#300=LINE('',#3836,#339);
#301=LINE('',#3840,#340);
#302=LINE('',#3856,#341);
#303=LINE('',#3881,#342);
#304=LINE('',#3884,#343);
#305=LINE('',#3917,#344);
#306=LINE('',#3928,#345);
#307=LINE('',#3944,#346);
#308=LINE('',#3947,#347);
#309=LINE('',#3952,#348);
#310=LINE('',#3954,#349);
#311=LINE('',#3976,#350);
#312=LINE('',#4087,#351);
#313=LINE('',#4095,#352);
#314=LINE('',#4108,#353);
#315=VECTOR('',#1507,1.75);
#316=VECTOR('',#1510,10.);
#317=VECTOR('',#1513,10.);
#318=VECTOR('',#1518,10.);
#319=VECTOR('',#1523,10.);
#320=VECTOR('',#1534,9.9856131178765);
#321=VECTOR('',#1539,8.82000000002636);
#322=VECTOR('',#1540,9.99331943819783);
#323=VECTOR('',#1543,9.95115813226124);
#324=VECTOR('',#1544,9.99331939165635);
#325=VECTOR('',#1545,9.95115653850189);
#326=VECTOR('',#1546,9.99331993283108);
#327=VECTOR('',#1547,9.95115660529099);
#328=VECTOR('',#1552,5.93051920336751);
#329=VECTOR('',#1561,5.70451607093544);
#330=VECTOR('',#1572,6.92888817091169);
#331=VECTOR('',#1579,9.16225801720009);
#332=VECTOR('',#1584,9.16222844890611);
#333=VECTOR('',#1595,6.50427167677502);
#334=VECTOR('',#1600,6.97450756506416);
#335=VECTOR('',#1607,6.92889830393963);
#336=VECTOR('',#1612,6.9745141373999);
#337=VECTOR('',#1615,9.96686921990465);
#338=VECTOR('',#1616,9.93118421026346);
#339=VECTOR('',#1617,6.50970230279412);
#340=VECTOR('',#1620,9.8730207280589);
#341=VECTOR('',#1621,9.90422510860563);
#342=VECTOR('',#1628,9.90422490350276);
#343=VECTOR('',#1631,5.70769810120799);
#344=VECTOR('',#1642,9.90422522630026);
#345=VECTOR('',#1647,9.90422501627343);
#346=VECTOR('',#1648,9.87302289206897);
#347=VECTOR('',#1651,5.70783298131407);
#348=VECTOR('',#1660,6.50990054142443);
#349=VECTOR('',#1661,9.96686901136112);
#350=VECTOR('',#1662,9.93118575647535);
#351=VECTOR('',#1705,9.99963423311712);
#352=VECTOR('',#1712,9.99963220621591);
#353=VECTOR('',#1727,9.99332437398626);
#354=B_SPLINE_CURVE_WITH_KNOTS('',3,(#1752,#1753,#1754,#1755,#1756,#1757,
#1758,#1759,#1760,#1761,#1762,#1763,#1764,#1765,#1766,#1767,#1768,#1769),
 .UNSPECIFIED.,.F.,.F.,(4,2,2,2,2,2,2,2,4),(0.,0.0659201720691745,0.131840344138349,
0.197760516207523,0.263680688276696,0.32960086034587,0.395521032415044,
0.461441204484219,0.527361376553393),.UNSPECIFIED.);
#355=B_SPLINE_CURVE_WITH_KNOTS('',3,(#1770,#1771,#1772,#1773,#1774,#1775,
#1776,#1777,#1778,#1779,#1780,#1781,#1782,#1783,#1784,#1785,#1786,#1787),
 .UNSPECIFIED.,.F.,.F.,(4,2,2,2,2,2,2,2,4),(0.527361376553393,0.593281548622568,
0.659201720691742,0.725121892760916,0.79104206483009,0.856962236899263,
0.922882408968437,0.988802581037612,1.05472275310679),.UNSPECIFIED.);
#356=B_SPLINE_CURVE_WITH_KNOTS('',3,(#1791,#1792,#1793,#1794,#1795,#1796,
#1797,#1798,#1799,#1800,#1801,#1802,#1803,#1804,#1805,#1806,#1807,#1808),
 .UNSPECIFIED.,.F.,.F.,(4,2,2,2,2,2,2,2,4),(0.,0.0659201356918429,0.131840271383686,
0.197760372928275,0.263680474472865,0.329600583182561,0.395520691892257,
0.461440844882194,0.527360997872131),.UNSPECIFIED.);
#357=B_SPLINE_CURVE_WITH_KNOTS('',3,(#1809,#1810,#1811,#1812,#1813,#1814,
#1815,#1816,#1817,#1818,#1819,#1820,#1821,#1822,#1823,#1824,#1825,#1826),
 .UNSPECIFIED.,.F.,.F.,(4,2,2,2,2,2,2,2,4),(0.527361186304577,0.593281371197061,
0.659201556089544,0.725121775129252,0.79104199416896,0.856962206043568,
0.922882417918176,0.988802585512577,1.05472275310698),.UNSPECIFIED.);
#358=B_SPLINE_CURVE_WITH_KNOTS('',3,(#1829,#1830,#1831,#1832,#1833,#1834,
#1835,#1836,#1837,#1838,#1839,#1840,#1841,#1842,#1843,#1844,#1845,#1846,
#1847,#1848,#1849,#1850,#1851,#1852,#1853,#1854,#1855,#1856,#1857,#1858,
#1859,#1860,#1861,#1862),.UNSPECIFIED.,.T.,.F.,(4,2,2,2,2,2,2,2,2,2,2,2,
2,2,2,2,4),(-1.52238475909866,-1.42723571165499,-1.33208666421132,-1.23693761676766,
-1.141788569324,-1.04663952188033,-0.951490474436666,-0.856341426992998,
-0.76119237954933,-0.666043332105662,-0.570894284661994,-0.475745237218331,
-0.380596189774667,-0.285447142331002,-0.190298094887336,-0.0951490474436682,
0.),.UNSPECIFIED.);
#359=B_SPLINE_CURVE_WITH_KNOTS('',3,(#1867,#1868,#1869,#1870,#1871,#1872,
#1873,#1874,#1875,#1876,#1877,#1878,#1879,#1880,#1881,#1882,#1883,#1884),
 .UNSPECIFIED.,.F.,.F.,(4,2,2,2,2,2,2,2,4),(-1.52238465993677,-1.42723561869072,
-1.33208657744467,-1.23693753619862,-1.14178849495258,-1.04663945370653,
-0.951490412460491,-0.856341371214439,-0.761192329968388),.UNSPECIFIED.);
#360=B_SPLINE_CURVE_WITH_KNOTS('',3,(#1885,#1886,#1887,#1888,#1889,#1890,
#1891,#1892,#1893,#1894,#1895,#1896,#1897,#1898,#1899,#1900,#1901,#1902),
 .UNSPECIFIED.,.F.,.F.,(4,2,2,2,2,2,2,2,4),(-0.761192281930764,-0.666043246689417,
-0.57089421144807,-0.475745176206725,-0.38059614096538,-0.285447105724038,
-0.190298070482696,-0.095149035241348,0.),.UNSPECIFIED.);
#361=B_SPLINE_CURVE_WITH_KNOTS('',3,(#1963,#1964,#1965,#1966),
 .UNSPECIFIED.,.F.,.F.,(4,4),(-1.5707963267949,-1.4669354951374),
 .UNSPECIFIED.);
#362=B_SPLINE_CURVE_WITH_KNOTS('',3,(#1970,#1971,#1972,#1973),
 .UNSPECIFIED.,.F.,.F.,(4,4),(0.00342544380530264,0.0339144008619842),
 .UNSPECIFIED.);
#363=B_SPLINE_CURVE_WITH_KNOTS('',3,(#1974,#1975,#1976,#1977,#1978,#1979,
#1980,#1981,#1982,#1983),.UNSPECIFIED.,.F.,.F.,(4,3,3,4),(-0.502446492377831,
-0.129404191091362,0.183664830927328,0.262266454963177),.UNSPECIFIED.);
#364=B_SPLINE_CURVE_WITH_KNOTS('',3,(#2035,#2036,#2037,#2038),
 .UNSPECIFIED.,.F.,.F.,(4,4),(2.38594313161169,2.47429551886515),
 .UNSPECIFIED.);
#365=B_SPLINE_CURVE_WITH_KNOTS('',3,(#2040,#2041,#2042,#2043),
 .UNSPECIFIED.,.F.,.F.,(4,4),(3.90376410297722E-5,0.082957565476351),
 .UNSPECIFIED.);
#366=B_SPLINE_CURVE_WITH_KNOTS('',3,(#2045,#2046,#2047,#2048),
 .UNSPECIFIED.,.F.,.F.,(4,4),(2.8816417176399,3.00491332024077),
 .UNSPECIFIED.);
#367=B_SPLINE_CURVE_WITH_KNOTS('',3,(#2050,#2051,#2052,#2053,#2054,#2055,
#2056,#2057,#2058,#2059),.UNSPECIFIED.,.F.,.F.,(4,3,3,4),(0.347641346338365,
0.503016335550042,0.652438419934279,0.673221614760713),.UNSPECIFIED.);
#368=B_SPLINE_CURVE_WITH_KNOTS('',3,(#2060,#2061,#2062,#2063),
 .UNSPECIFIED.,.F.,.F.,(4,4),(2.47429551886515,2.53762884920688),
 .UNSPECIFIED.);
#369=B_SPLINE_CURVE_WITH_KNOTS('',2,(#2067,#2068,#2069),.UNSPECIFIED.,.F.,
 .F.,(3,3),(0.000684131575302848,0.344712980002441),.UNSPECIFIED.);
#370=B_SPLINE_CURVE_WITH_KNOTS('',3,(#2071,#2072,#2073,#2074),
 .UNSPECIFIED.,.F.,.F.,(4,4),(0.360370857285938,0.626070333978005),
 .UNSPECIFIED.);
#371=B_SPLINE_CURVE_WITH_KNOTS('',2,(#2076,#2077,#2078),.UNSPECIFIED.,.F.,
 .F.,(3,3),(0.000803001464486037,0.344810141664095),.UNSPECIFIED.);
#372=B_SPLINE_CURVE_WITH_KNOTS('',3,(#2079,#2080,#2081,#2082),
 .UNSPECIFIED.,.F.,.F.,(4,4),(1.67068456372039,1.92622289861645),
 .UNSPECIFIED.);
#373=B_SPLINE_CURVE_WITH_KNOTS('',2,(#2086,#2087,#2088),.UNSPECIFIED.,.F.,
 .F.,(3,3),(0.000475728213239299,0.344683525140157),.UNSPECIFIED.);
#374=B_SPLINE_CURVE_WITH_KNOTS('',3,(#2090,#2091,#2092,#2093),
 .UNSPECIFIED.,.F.,.F.,(4,4),(0.133901156372085,0.296422380378808),
 .UNSPECIFIED.);
#375=B_SPLINE_CURVE_WITH_KNOTS('',2,(#2095,#2096,#2097),.UNSPECIFIED.,.F.,
 .F.,(3,3),(0.000342146770285726,0.341083643125021),.UNSPECIFIED.);
#376=B_SPLINE_CURVE_WITH_KNOTS('',3,(#2099,#2100,#2101,#2102),
 .UNSPECIFIED.,.F.,.F.,(4,4),(1.90459307556879,2.06066599776904),
 .UNSPECIFIED.);
#377=B_SPLINE_CURVE_WITH_KNOTS('',3,(#2103,#2104,#2105,#2106),
 .UNSPECIFIED.,.F.,.F.,(4,4),(1.87356005942733,1.90459936438031),
 .UNSPECIFIED.);
#378=B_SPLINE_CURVE_WITH_KNOTS('',3,(#2110,#2111,#2112,#2113),
 .UNSPECIFIED.,.F.,.F.,(4,4),(2.27413718478928,2.52973914647988),
 .UNSPECIFIED.);
#379=B_SPLINE_CURVE_WITH_KNOTS('',2,(#2115,#2116,#2117),.UNSPECIFIED.,.F.,
 .F.,(3,3),(0.00084952910925439,0.344243059262931),.UNSPECIFIED.);
#380=B_SPLINE_CURVE_WITH_KNOTS('',3,(#2119,#2120,#2121,#2122),
 .UNSPECIFIED.,.F.,.F.,(4,4),(-0.231567935406795,0.0343042921477843),
 .UNSPECIFIED.);
#381=B_SPLINE_CURVE_WITH_KNOTS('',2,(#2123,#2124,#2125),.UNSPECIFIED.,.F.,
 .F.,(3,3),(0.000807852736868711,0.344810877202931),.UNSPECIFIED.);
#382=B_SPLINE_CURVE_WITH_KNOTS('',2,(#2129,#2130,#2131),.UNSPECIFIED.,.F.,
 .F.,(3,3),(0.000557827726263732,0.344171627207098),.UNSPECIFIED.);
#383=B_SPLINE_CURVE_WITH_KNOTS('',3,(#2133,#2134,#2135,#2136),
 .UNSPECIFIED.,.F.,.F.,(4,4),(0.314989860294006,0.568060935014715),
 .UNSPECIFIED.);
#384=B_SPLINE_CURVE_WITH_KNOTS('',3,(#2137,#2138,#2139,#2140),
 .UNSPECIFIED.,.F.,.F.,(4,4),(0.262266454963177,0.315947352275467),
 .UNSPECIFIED.);
#385=B_SPLINE_CURVE_WITH_KNOTS('',3,(#2142,#2143,#2144,#2145),
 .UNSPECIFIED.,.F.,.F.,(4,4),(3.59846567476022,3.88647258711218),
 .UNSPECIFIED.);
#386=B_SPLINE_CURVE_WITH_KNOTS('',3,(#2151,#2152,#2153,#2154),
 .UNSPECIFIED.,.F.,.F.,(4,4),(0.000812085856286331,0.176253982290709),
 .UNSPECIFIED.);
#387=B_SPLINE_CURVE_WITH_KNOTS('',3,(#2156,#2157,#2158,#2159,#2160,#2161,
#2162),.UNSPECIFIED.,.F.,.F.,(4,3,4),(2.52388385561865,2.8186476966847,
2.99894742451786),.UNSPECIFIED.);
#388=B_SPLINE_CURVE_WITH_KNOTS('',2,(#2164,#2165,#2166),.UNSPECIFIED.,.F.,
 .F.,(3,3),(0.000454047189950928,0.344314270882691),.UNSPECIFIED.);
#389=B_SPLINE_CURVE_WITH_KNOTS('',3,(#2168,#2169,#2170,#2171,#2172,#2173,
#2174,#2175,#2176,#2177,#2178,#2179,#2180,#2181,#2182,#2183,#2184,#2185,
#2186,#2187,#2188,#2189,#2190,#2191,#2192),.UNSPECIFIED.,.F.,.F.,(4,3,3,
3,3,3,3,3,4),(-2.36992192642463,-2.08736260534831,-1.78228576806915,-1.49350636650295,
-1.19397640040973,-0.902145803342769,-0.595677859413239,-0.315881674264477,
-0.296310424076898),.UNSPECIFIED.);
#390=B_SPLINE_CURVE_WITH_KNOTS('',3,(#2193,#2194,#2195,#2196,#2197,#2198,
#2199,#2200,#2201,#2202),.UNSPECIFIED.,.F.,.F.,(4,3,3,4),(-2.99662299053499,
-2.68110292108624,-2.38547900992844,-2.36992192642463),.UNSPECIFIED.);
#391=B_SPLINE_CURVE_WITH_KNOTS('',3,(#2210,#2211,#2212,#2213,#2214,#2215,
#2216),.UNSPECIFIED.,.F.,.F.,(4,1,1,1,4),(0.000178213892250118,0.202183367040862,
0.404366734081724,0.606550101122587,0.808733468163449),.UNSPECIFIED.);
#392=B_SPLINE_CURVE_WITH_KNOTS('',3,(#2218,#2219,#2220,#2221),
 .UNSPECIFIED.,.F.,.F.,(4,4),(0.,0.176174227792435),.UNSPECIFIED.);
#393=B_SPLINE_CURVE_WITH_KNOTS('',3,(#2223,#2224,#2225,#2226,#2227,#2228,
#2229),.UNSPECIFIED.,.F.,.F.,(4,3,4),(-1.38407651245167,-0.784420548662362,
-0.593058786331806),.UNSPECIFIED.);
#394=B_SPLINE_CURVE_WITH_KNOTS('',3,(#2231,#2232,#2233,#2234,#2235,#2236,
#2237,#2238,#2239,#2240,#2241,#2242,#2243,#2244,#2245,#2246,#2247,#2248,
#2249),.UNSPECIFIED.,.F.,.F.,(4,3,3,3,3,3,4),(-4.54782422324558,-3.8930098563251,
-3.27312467211043,-2.67553462787056,-2.05722715447063,-1.4053323838979,
-1.38407651245167),.UNSPECIFIED.);
#395=B_SPLINE_CURVE_WITH_KNOTS('',3,(#2251,#2252,#2253,#2254),
 .UNSPECIFIED.,.F.,.F.,(4,4),(8.85357589120229E-6,0.176274840556223),
 .UNSPECIFIED.);
#396=B_SPLINE_CURVE_WITH_KNOTS('',2,(#2256,#2257,#2258),.UNSPECIFIED.,.F.,
 .F.,(3,3),(0.,0.0673949109190422),.UNSPECIFIED.);
#397=B_SPLINE_CURVE_WITH_KNOTS('',3,(#2264,#2265,#2266,#2267),
 .UNSPECIFIED.,.F.,.F.,(4,4),(2.01745856181094,2.05031842778131),
 .UNSPECIFIED.);
#398=B_SPLINE_CURVE_WITH_KNOTS('',3,(#2271,#2272,#2273,#2274,#2275,#2276,
#2277,#2278,#2279,#2280,#2281,#2282,#2283,#2284,#2285,#2286,#2287,#2288,
#2289,#2290,#2291,#2292,#2293,#2294,#2295,#2296,#2297,#2298,#2299,#2300),
 .UNSPECIFIED.,.F.,.F.,(4,1,1,1,1,1,1,1,1,1,1,1,1,1,1,1,1,1,1,1,1,1,1,1,
1,1,1,4),(0.,0.0673945575368152,0.101092300738276,0.13478886122004,0.168486375149281,
0.202184118350741,0.235881299115901,0.269578675887557,0.303275690730494,
0.33697242167662,0.370670106123596,0.404367383742851,0.438064921644864,
0.471761517760064,0.505458581101277,0.539156248221834,0.572853230729666,
0.606551285047641,0.640248393376003,0.673945187645582,0.707642810960543,
0.741339800467321,0.775037240217936,0.808734191502934,0.842431509779667,
0.876128777829435,0.909826024447953,0.977220494677691),.UNSPECIFIED.);
#399=B_SPLINE_CURVE_WITH_KNOTS('',3,(#2304,#2305,#2306,#2307),
 .UNSPECIFIED.,.F.,.F.,(4,4),(0.98995141769727,1.02293865325556),
 .UNSPECIFIED.);
#400=B_SPLINE_CURVE_WITH_KNOTS('',3,(#2311,#2312,#2313,#2314,#2315,#2316,
#2317,#2318,#2319,#2320,#2321,#2322,#2323,#2324,#2325,#2326,#2327,#2328,
#2329,#2330,#2331,#2332,#2333,#2334,#2335,#2336,#2337,#2338,#2339,#2340),
 .UNSPECIFIED.,.F.,.F.,(4,1,1,1,1,1,1,1,1,1,1,1,1,1,1,1,1,1,1,1,1,1,1,1,
1,1,1,4),(0.,0.0673945507382877,0.101091860156145,0.134789120882933,0.168486464709181,
0.20218351463894,0.235880659277656,0.269578401640747,0.30327549124944,0.336972463207192,
0.370669851759169,0.404366933436929,0.438064180055448,0.471761448105215,
0.505458766381949,0.539155717666947,0.572853157417562,0.60655014692434,
0.6402477702393,0.67394456450888,0.707641672837241,0.741339727155216,0.775036709663049,
0.808733540668421,0.842431459335683,0.876128928359286,0.909825577430197,
0.977220539496428),.UNSPECIFIED.);
#401=B_SPLINE_CURVE_WITH_KNOTS('',3,(#2348,#2349,#2350,#2351,#2352,#2353,
#2354,#2355,#2356,#2357,#2358,#2359,#2360,#2361,#2362,#2363,#2364,#2365,
#2366,#2367,#2368,#2369,#2370,#2371,#2372,#2373,#2374,#2375,#2376,#2377,
#2378,#2379,#2380,#2381,#2382,#2383,#2384),.UNSPECIFIED.,.F.,.F.,(4,3,3,
3,3,3,3,3,3,3,3,3,4),(3.01524905664791,3.02536632029205,3.30618149385729,
3.56034765422262,3.94757208381592,4.05932349698412,4.40978989248867,4.75590879485821,
5.03886952696559,5.30307575225446,5.56519657850551,5.84293985341656,6.08883771829279),
 .UNSPECIFIED.);
#402=B_SPLINE_CURVE_WITH_KNOTS('',3,(#2385,#2386,#2387,#2388,#2389,#2390,
#2391,#2392,#2393,#2394,#2395,#2396,#2397),.UNSPECIFIED.,.F.,.F.,(4,3,3,
3,4),(2.02951422130867,2.06046032789861,2.41726186636102,2.7104047137553,
3.01524905664791),.UNSPECIFIED.);
#403=B_SPLINE_CURVE_WITH_KNOTS('',3,(#2487,#2488,#2489,#2490,#2491,#2492,
#2493,#2494,#2495,#2496,#2497,#2498,#2499,#2500,#2501,#2502),
 .UNSPECIFIED.,.F.,.F.,(4,3,3,3,3,4),(3.18199360771759,3.43812072032607,
4.04741828660633,4.24213776645022,4.82637576396296,5.30261677557087),
 .UNSPECIFIED.);
#404=B_SPLINE_CURVE_WITH_KNOTS('',3,(#2504,#2505,#2506,#2507,#2508,#2509,
#2510,#2511,#2512,#2513),.UNSPECIFIED.,.F.,.F.,(4,3,3,4),(2.12135750863984,
2.30679697560503,2.88011580933257,3.18199360771759),.UNSPECIFIED.);
#405=B_SPLINE_CURVE_WITH_KNOTS('',3,(#2514,#2515,#2516,#2517,#2518,#2519,
#2520,#2521,#2522,#2523),.UNSPECIFIED.,.F.,.F.,(4,3,3,4),(1.06056410025106,
1.18121577101083,1.75632349816892,2.12135750863984),.UNSPECIFIED.);
#406=B_SPLINE_CURVE_WITH_KNOTS('',3,(#2532,#2533,#2534,#2535,#2536,#2537,
#2538,#2539,#2540,#2541,#2542,#2543,#2544,#2545,#2546,#2547,#2548,#2549,
#2550,#2551,#2552,#2553,#2554,#2555,#2556,#2557,#2558,#2559),
 .UNSPECIFIED.,.F.,.F.,(4,3,3,3,3,3,3,3,3,4),(1.95073384389831,1.97085906266968,
2.31549054777792,2.61003952759251,2.88774659947934,3.14550538836019,3.41265915671406,
3.67260320722816,3.90125231166007,3.90132551064555),.UNSPECIFIED.);
#407=B_SPLINE_CURVE_WITH_KNOTS('',3,(#2561,#2562,#2563,#2564,#2565,#2566,
#2567),.UNSPECIFIED.,.F.,.F.,(4,3,4),(5.48800055736387,5.59522264704169,
5.85198615555839),.UNSPECIFIED.);
#408=B_SPLINE_CURVE_WITH_KNOTS('',3,(#2568,#2569,#2570,#2571,#2572,#2573,
#2574,#2575,#2576,#2577,#2578,#2579,#2580,#2581,#2582,#2583),
 .UNSPECIFIED.,.F.,.F.,(4,3,3,3,3,4),(3.90132551064555,4.241450767721,4.57588508254046,
4.84347140116099,5.131140453433,5.48800055736387),.UNSPECIFIED.);
#409=B_SPLINE_CURVE_WITH_KNOTS('',3,(#2667,#2668,#2669,#2670),
 .UNSPECIFIED.,.F.,.F.,(4,4),(2.32279530231946,2.923828944772),
 .UNSPECIFIED.);
#410=B_SPLINE_CURVE_WITH_KNOTS('',3,(#2672,#2673,#2674,#2675,#2676,#2677,
#2678,#2679,#2680,#2681,#2682,#2683,#2684,#2685,#2686,#2687,#2688,#2689,
#2690,#2691,#2692,#2693,#2694,#2695,#2696,#2697,#2698,#2699),
 .UNSPECIFIED.,.F.,.F.,(4,3,3,3,3,3,3,3,3,4),(2.0396976960101,2.2405343885259,
2.79571714073356,3.38143027424911,3.96044442126249,4.07968604329019,4.64701434459742,
5.2266270959539,5.78479322234145,6.10030467203121),.UNSPECIFIED.);
#411=B_SPLINE_CURVE_WITH_KNOTS('',3,(#2700,#2701,#2702,#2703),
 .UNSPECIFIED.,.F.,.F.,(4,4),(2.02061862874102,2.0396976960101),
 .UNSPECIFIED.);
#412=B_SPLINE_CURVE_WITH_KNOTS('',3,(#2812,#2813,#2814,#2815,#2816,#2817,
#2818),.UNSPECIFIED.,.F.,.F.,(4,3,4),(0.338570898573122,0.962454619269524,
1.12947683444343),.UNSPECIFIED.);
#413=B_SPLINE_CURVE_WITH_KNOTS('',3,(#2930,#2931,#2932,#2933,#2934,#2935,
#2936,#2937,#2938,#2939),.UNSPECIFIED.,.F.,.F.,(4,3,3,4),(-0.65945135621027,
-0.410307370077911,-0.000225525603177124,-1.00238371022457E-6),
 .UNSPECIFIED.);
#414=B_SPLINE_CURVE_WITH_KNOTS('',3,(#2941,#2942,#2943,#2944,#2945,#2946,
#2947),.UNSPECIFIED.,.F.,.F.,(4,3,4),(3.38450704007747,3.75646704158777,
4.0751464185712),.UNSPECIFIED.);
#415=B_SPLINE_CURVE_WITH_KNOTS('',3,(#2948,#2949,#2950,#2951,#2952,#2953,
#2954,#2955,#2956,#2957),.UNSPECIFIED.,.F.,.F.,(4,3,3,4),(0.0340235092331066,
0.467683240617181,0.77833404855136,1.01727447804548),.UNSPECIFIED.);
#416=B_SPLINE_CURVE_WITH_KNOTS('',3,(#2958,#2959,#2960,#2961,#2962,#2963,
#2964,#2965,#2966,#2967,#2968,#2969,#2970),.UNSPECIFIED.,.F.,.F.,(4,3,3,
3,4),(1.38258395861475,1.70648087304102,1.95554966475203,2.28325164914826,
2.36733702624035),.UNSPECIFIED.);
#417=B_SPLINE_CURVE_WITH_KNOTS('',3,(#2971,#2972,#2973,#2974,#2975,#2976,
#2977,#2978,#2979,#2980),.UNSPECIFIED.,.F.,.F.,(4,3,3,4),(0.36051791441202,
0.808976754264905,1.18152395686531,1.34978334603979),.UNSPECIFIED.);
#418=B_SPLINE_CURVE_WITH_KNOTS('',3,(#2981,#2982,#2983,#2984,#2985,#2986,
#2987),.UNSPECIFIED.,.F.,.F.,(4,3,4),(-1.00238371022457E-6,0.274607934082734,
0.327843517435786),.UNSPECIFIED.);
#419=B_SPLINE_CURVE_WITH_KNOTS('',3,(#2994,#2995,#2996,#2997),
 .UNSPECIFIED.,.F.,.F.,(4,4),(3.79244209427527,3.82380684486852),
 .UNSPECIFIED.);
#420=B_SPLINE_CURVE_WITH_KNOTS('',3,(#3044,#3045,#3046,#3047),
 .UNSPECIFIED.,.F.,.F.,(4,4),(0.0137556439767573,0.0517665853947457),
 .UNSPECIFIED.);
#421=B_SPLINE_CURVE_WITH_KNOTS('',3,(#3051,#3052,#3053,#3054),
 .UNSPECIFIED.,.F.,.F.,(4,4),(-2.51071390970115,-2.42143386055679),
 .UNSPECIFIED.);
#422=B_SPLINE_CURVE_WITH_KNOTS('',3,(#3056,#3057,#3058,#3059),
 .UNSPECIFIED.,.F.,.F.,(4,4),(-2.58854578110835,-2.52082545054628),
 .UNSPECIFIED.);
#423=B_SPLINE_CURVE_WITH_KNOTS('',3,(#3061,#3062,#3063,#3064),
 .UNSPECIFIED.,.F.,.F.,(4,4),(5.09469051655574,5.2191881053502),
 .UNSPECIFIED.);
#424=B_SPLINE_CURVE_WITH_KNOTS('',3,(#3066,#3067,#3068,#3069),
 .UNSPECIFIED.,.F.,.F.,(4,4),(4.93061275977626,5.05420741258185),
 .UNSPECIFIED.);
#425=B_SPLINE_CURVE_WITH_KNOTS('',3,(#3071,#3072,#3073,#3074),
 .UNSPECIFIED.,.F.,.F.,(4,4),(4.74261472492824,4.86840133239388),
 .UNSPECIFIED.);
#426=B_SPLINE_CURVE_WITH_KNOTS('',3,(#3075,#3076,#3077,#3078),
 .UNSPECIFIED.,.F.,.F.,(4,4),(-2.62490538674398,-2.48462344534106),
 .UNSPECIFIED.);
#427=B_SPLINE_CURVE_WITH_KNOTS('',3,(#3080,#3081,#3082,#3083),
 .UNSPECIFIED.,.F.,.F.,(4,4),(-2.52394694678138,-2.44396228547922),
 .UNSPECIFIED.);
#428=B_SPLINE_CURVE_WITH_KNOTS('',3,(#3085,#3086,#3087,#3088),
 .UNSPECIFIED.,.F.,.F.,(4,4),(-2.62207275127301,-2.5072074471472),
 .UNSPECIFIED.);
#429=B_SPLINE_CURVE_WITH_KNOTS('',3,(#3089,#3090,#3091,#3092),
 .UNSPECIFIED.,.F.,.F.,(4,4),(2.88864814567142,2.9841436854465),
 .UNSPECIFIED.);
#430=B_SPLINE_CURVE_WITH_KNOTS('',3,(#3093,#3094,#3095,#3096),
 .UNSPECIFIED.,.F.,.F.,(4,4),(-2.50625985156447,-2.44519925482033),
 .UNSPECIFIED.);
#431=B_SPLINE_CURVE_WITH_KNOTS('',3,(#3102,#3103,#3104,#3105),
 .UNSPECIFIED.,.F.,.F.,(4,4),(-2.49549218918847,-2.43207064558521),
 .UNSPECIFIED.);
#432=B_SPLINE_CURVE_WITH_KNOTS('',3,(#3106,#3107,#3108,#3109),
 .UNSPECIFIED.,.F.,.F.,(4,4),(-2.50642585105711,-2.44525977076658),
 .UNSPECIFIED.);
#433=B_SPLINE_CURVE_WITH_KNOTS('',3,(#3110,#3111,#3112,#3113,#3114,#3115,
#3116,#3117,#3118,#3119),.UNSPECIFIED.,.F.,.F.,(4,3,3,4),(0.819903590500623,
1.13291060351553,1.40375885240314,1.54205916189637),.UNSPECIFIED.);
#434=B_SPLINE_CURVE_WITH_KNOTS('',3,(#3126,#3127,#3128,#3129,#3130,#3131,
#3132,#3133,#3134,#3135),.UNSPECIFIED.,.F.,.F.,(4,3,3,4),(3.615943388482,
3.92786436446355,4.34200659904519,4.45065679252653),.UNSPECIFIED.);
#435=B_SPLINE_CURVE_WITH_KNOTS('',3,(#3137,#3138,#3139,#3140,#3141,#3142,
#3143),.UNSPECIFIED.,.F.,.F.,(4,3,4),(0.833367484283511,1.13315750820156,
1.3888494472471),.UNSPECIFIED.);
#436=B_SPLINE_CURVE_WITH_KNOTS('',3,(#3145,#3146,#3147,#3148,#3149,#3150,
#3151,#3152,#3153,#3154,#3155,#3156,#3157,#3158,#3159,#3160,#3161,#3162,
#3163,#3164,#3165,#3166,#3167,#3168,#3169),.UNSPECIFIED.,.F.,.F.,(4,3,3,
3,3,3,3,3,4),(5.56296234669317,5.8366049749118,6.11891531307825,6.39471158984879,
6.67096219126732,6.95010767020814,7.23183948369533,7.49595284450851,7.51006463758113),
 .UNSPECIFIED.);
#437=B_SPLINE_CURVE_WITH_KNOTS('',3,(#3170,#3171,#3172,#3173,#3174,#3175,
#3176,#3177,#3178,#3179,#3180,#3181,#3182,#3183,#3184,#3185),
 .UNSPECIFIED.,.F.,.F.,(4,3,3,3,3,4),(4.45065679252653,4.63138987106972,
4.9903399233737,5.28003763077042,5.54745956334446,5.56296234669317),
 .UNSPECIFIED.);
#438=B_SPLINE_CURVE_WITH_KNOTS('',3,(#3297,#3298,#3299,#3300,#3301,#3302,
#3303,#3304,#3305,#3306,#3307,#3308,#3309),.UNSPECIFIED.,.F.,.F.,(4,3,3,
3,4),(1.19158692378308,1.62786351569567,1.9963043101182,2.35906636821457,
2.38295406695904),.UNSPECIFIED.);
#439=B_SPLINE_CURVE_WITH_KNOTS('',3,(#3311,#3312,#3313,#3314,#3315,#3316,
#3317),.UNSPECIFIED.,.F.,.F.,(4,3,4),(0.828731093951875,1.1369900568152,
1.19172529631171),.UNSPECIFIED.);
#440=B_SPLINE_CURVE_WITH_KNOTS('',3,(#3319,#3320,#3321,#3322,#3323,#3324,
#3325,#3326,#3327,#3328,#3329,#3330,#3331,#3332,#3333,#3334,#3335,#3336,
#3337,#3338,#3339,#3340),.UNSPECIFIED.,.F.,.F.,(4,3,3,3,3,3,3,4),(-1.35899064046063,
-0.985722123939259,-0.656247845461043,-0.405463392873023,-0.01500412005869,
0.282534167239488,0.57049002873216,0.828581266212245),.UNSPECIFIED.);
#441=B_SPLINE_CURVE_WITH_KNOTS('',3,(#3341,#3342,#3343,#3344,#3345,#3346,
#3347,#3348,#3349,#3350,#3351,#3352,#3353),.UNSPECIFIED.,.F.,.F.,(4,3,3,
3,4),(2.38295406695904,2.66517466954117,2.95620084391367,3.2532876227008,
3.40691339412099),.UNSPECIFIED.);
#442=B_SPLINE_CURVE_WITH_KNOTS('',3,(#3455,#3456,#3457,#3458),
 .UNSPECIFIED.,.F.,.F.,(4,4),(2.31885032232978,4.05534814289886),
 .UNSPECIFIED.);
#443=B_SPLINE_CURVE_WITH_KNOTS('',3,(#3462,#3463,#3464,#3465),
 .UNSPECIFIED.,.F.,.F.,(4,4),(-2.13102868388876,-2.0573081853651),
 .UNSPECIFIED.);
#444=B_SPLINE_CURVE_WITH_KNOTS('',3,(#3466,#3467,#3468,#3469),
 .UNSPECIFIED.,.F.,.F.,(4,4),(-2.09701852834644,-2.00060279115078),
 .UNSPECIFIED.);
#445=B_SPLINE_CURVE_WITH_KNOTS('',3,(#3470,#3471,#3472,#3473),
 .UNSPECIFIED.,.F.,.F.,(4,4),(-2.13100583355326,-2.0572921038363),
 .UNSPECIFIED.);
#446=B_SPLINE_CURVE_WITH_KNOTS('',3,(#3475,#3476,#3477,#3478),
 .UNSPECIFIED.,.F.,.F.,(4,4),(2.44520672384023,2.52226074969183),
 .UNSPECIFIED.);
#447=B_SPLINE_CURVE_WITH_KNOTS('',3,(#3480,#3481,#3482,#3483),
 .UNSPECIFIED.,.F.,.F.,(4,4),(2.40562993111535,2.44520672384023),
 .UNSPECIFIED.);
#448=B_SPLINE_CURVE_WITH_KNOTS('',3,(#3485,#3486,#3487,#3488),
 .UNSPECIFIED.,.F.,.F.,(4,4),(-2.10342532060475,-1.99531790908673),
 .UNSPECIFIED.);
#449=B_SPLINE_CURVE_WITH_KNOTS('',3,(#3489,#3490,#3491,#3492),
 .UNSPECIFIED.,.F.,.F.,(4,4),(-2.13138725643957,-2.04883879062132),
 .UNSPECIFIED.);
#450=B_SPLINE_CURVE_WITH_KNOTS('',3,(#3494,#3495,#3496,#3497),
 .UNSPECIFIED.,.F.,.F.,(4,4),(-2.10841778403396,-1.98988733934352),
 .UNSPECIFIED.);
#451=B_SPLINE_CURVE_WITH_KNOTS('',3,(#3499,#3500,#3501,#3502),
 .UNSPECIFIED.,.F.,.F.,(4,4),(3.59374408241595,3.72648418646095),
 .UNSPECIFIED.);
#452=B_SPLINE_CURVE_WITH_KNOTS('',3,(#3504,#3505,#3506,#3507),
 .UNSPECIFIED.,.F.,.F.,(4,4),(3.50593173766855,3.64009820259499),
 .UNSPECIFIED.);
#453=B_SPLINE_CURVE_WITH_KNOTS('',3,(#3509,#3510,#3511,#3512),
 .UNSPECIFIED.,.F.,.F.,(4,4),(3.49930232593777,3.62993108535973),
 .UNSPECIFIED.);
#454=B_SPLINE_CURVE_WITH_KNOTS('',3,(#3514,#3515,#3516,#3517),
 .UNSPECIFIED.,.F.,.F.,(4,4),(-2.22495682946806,-2.1232222457731),
 .UNSPECIFIED.);
#455=B_SPLINE_CURVE_WITH_KNOTS('',3,(#3518,#3519,#3520,#3521),
 .UNSPECIFIED.,.F.,.F.,(4,4),(-2.10621637905967,-2.04004762535551),
 .UNSPECIFIED.);
#456=B_SPLINE_CURVE_WITH_KNOTS('',3,(#3528,#3529,#3530,#3531),
 .UNSPECIFIED.,.F.,.F.,(4,4),(2.32159691255903,2.38964977451808),
 .UNSPECIFIED.);
#457=B_SPLINE_CURVE_WITH_KNOTS('',3,(#3533,#3534,#3535,#3536,#3537,#3538,
#3539,#3540,#3541,#3542,#3543,#3544,#3545,#3546,#3547,#3548,#3549,#3550,
#3551,#3552,#3553,#3554),.UNSPECIFIED.,.F.,.F.,(4,3,3,3,3,3,3,4),(0.101484289788987,
0.514541810661206,0.794326110534469,1.16074231218035,1.47356550724421,1.78371424213389,
2.0713856136633,2.31489486334161),.UNSPECIFIED.);
#458=B_SPLINE_CURVE_WITH_KNOTS('',3,(#3556,#3557,#3558,#3559,#3560,#3561,
#3562,#3563,#3564,#3565,#3566,#3567,#3568,#3569,#3570,#3571,#3572,#3573,
#3574,#3575,#3576,#3577,#3578,#3579,#3580),.UNSPECIFIED.,.F.,.F.,(4,3,3,
3,3,3,3,3,4),(-2.18271329822819,-1.82118184453199,-1.50592767307327,-1.21558896334449,
-0.909762231884869,-0.61421783479522,-0.310755798063367,-0.0115280259887773,
0.101484306983045),.UNSPECIFIED.);
#459=B_SPLINE_CURVE_WITH_KNOTS('',3,(#3581,#3582,#3583,#3584),
 .UNSPECIFIED.,.F.,.F.,(4,4),(2.38964977451808,2.58987280882931),
 .UNSPECIFIED.);
#460=B_SPLINE_CURVE_WITH_KNOTS('',3,(#3684,#3685,#3686,#3687),
 .UNSPECIFIED.,.F.,.F.,(4,4),(2.22783967760935,3.96430172428625),
 .UNSPECIFIED.);
#461=B_SPLINE_CURVE_WITH_KNOTS('',3,(#3774,#3775,#3776,#3777,#3778,#3779,
#3780),.UNSPECIFIED.,.F.,.F.,(4,3,4),(0.323085062806482,0.963047252230711,
1.13158102341404),.UNSPECIFIED.);
#462=B_SPLINE_CURVE_WITH_KNOTS('',3,(#3782,#3783,#3784,#3785,#3786,#3787,
#3788),.UNSPECIFIED.,.F.,.F.,(4,3,4),(0.25037664019986,0.838940550787387,
0.895782936611944),.UNSPECIFIED.);
#463=B_SPLINE_CURVE_WITH_KNOTS('',3,(#3790,#3791,#3792,#3793,#3794,#3795,
#3796,#3797,#3798,#3799,#3800,#3801,#3802),.UNSPECIFIED.,.F.,.F.,(4,3,3,
3,4),(2.32726453218024,2.83029795704084,3.4326193031403,4.0343257050698,
4.33142756063467),.UNSPECIFIED.);
#464=B_SPLINE_CURVE_WITH_KNOTS('',3,(#3803,#3804,#3805,#3806,#3807,#3808,
#3809,#3810,#3811,#3812),.UNSPECIFIED.,.F.,.F.,(4,3,3,4),(1.13158102341404,
1.57889466924415,2.21599030731472,2.32726453218024),.UNSPECIFIED.);
#465=B_SPLINE_CURVE_WITH_KNOTS('',3,(#3817,#3818,#3819,#3820,#3821,#3822,
#3823,#3824,#3825,#3826,#3827,#3828,#3829,#3830,#3831,#3832,#3833,#3834),
 .UNSPECIFIED.,.F.,.F.,(4,1,1,1,1,1,1,1,1,1,1,1,1,1,1,4),(0.,0.0617769685271422,
0.0926657732415746,0.123554593822721,0.154443130958571,0.185331218137337,
0.216220136392816,0.247108405564984,0.277997628184819,0.308886546440299,
0.339774633619064,0.370663170754914,0.401551991336061,0.432440796050493,
0.463329169888142,0.525106422740808),.UNSPECIFIED.);
#466=B_SPLINE_CURVE_WITH_KNOTS('',3,(#3842,#3843,#3844,#3845,#3846,#3847,
#3848,#3849,#3850,#3851,#3852,#3853,#3854),.UNSPECIFIED.,.F.,.F.,(4,3,3,
3,4),(2.50467170435394E-15,0.218133615625802,0.436267231251603,0.654400846877405,
0.872534462503204),.UNSPECIFIED.);
#467=B_SPLINE_CURVE_WITH_KNOTS('',3,(#3863,#3864,#3865,#3866),
 .UNSPECIFIED.,.F.,.F.,(4,4),(0.,0.150774753467992),.UNSPECIFIED.);
#468=B_SPLINE_CURVE_WITH_KNOTS('',3,(#3868,#3869,#3870,#3871,#3872,#3873,
#3874,#3875,#3876,#3877,#3878,#3879,#3880),.UNSPECIFIED.,.F.,.F.,(4,3,3,
3,4),(3.46169691642913E-11,0.174485956129598,0.348971912224582,0.523457868319567,
0.697943824414551),.UNSPECIFIED.);
#469=B_SPLINE_CURVE_WITH_KNOTS('',3,(#3888,#3889,#3890,#3891),
 .UNSPECIFIED.,.F.,.F.,(4,4),(0.,0.144508695769262),.UNSPECIFIED.);
#470=B_SPLINE_CURVE_WITH_KNOTS('',3,(#3893,#3894,#3895,#3896,#3897,#3898,
#3899,#3900,#3901,#3902,#3903,#3904,#3905),.UNSPECIFIED.,.F.,.F.,(4,3,3,
3,4),(0.,0.152612025500003,0.305224051000006,0.45783607650001,0.610448102000011),
 .UNSPECIFIED.);
#471=B_SPLINE_CURVE_WITH_KNOTS('',3,(#3907,#3908,#3909,#3910),
 .UNSPECIFIED.,.F.,.F.,(4,4),(0.000188046256024581,0.151015543987982),
 .UNSPECIFIED.);
#472=B_SPLINE_CURVE_WITH_KNOTS('',3,(#3921,#3922,#3923,#3924),
 .UNSPECIFIED.,.F.,.F.,(4,4),(0.000175823009349008,0.151082374929495),
 .UNSPECIFIED.);
#473=B_SPLINE_CURVE_WITH_KNOTS('',3,(#3930,#3931,#3932,#3933,#3934,#3935,
#3936,#3937,#3938,#3939,#3940,#3941,#3942),.UNSPECIFIED.,.F.,.F.,(4,3,3,
3,4),(0.,0.174483899605429,0.348967799210859,0.523451698816288,0.69793559842171),
 .UNSPECIFIED.);
#474=B_SPLINE_CURVE_WITH_KNOTS('',3,(#3956,#3957,#3958,#3959,#3960,#3961,
#3962,#3963,#3964,#3965,#3966,#3967,#3968,#3969,#3970,#3971,#3972,#3973,
#3974,#3975),.UNSPECIFIED.,.F.,.F.,(4,1,1,1,1,1,1,1,1,1,1,1,1,1,1,1,1,4),
(0.,0.061777166591631,0.0926657619484526,0.123554268613235,0.154442960007955,
0.185331874409945,0.216220411862552,0.247108446687433,0.277997364533686,
0.308886597731188,0.33977487748135,0.370663795327603,0.401551830152484,
0.432440367605091,0.463329282007081,0.494217973401801,0.525106480066583,
0.586883733586577),.UNSPECIFIED.);
#475=B_SPLINE_CURVE_WITH_KNOTS('',2,(#3980,#3981,#3982),.UNSPECIFIED.,.F.,
 .F.,(3,3),(0.,0.343738603084737),.UNSPECIFIED.);
#476=B_SPLINE_CURVE_WITH_KNOTS('',2,(#3984,#3985,#3986),.UNSPECIFIED.,.F.,
 .F.,(3,3),(0.00131411002373905,0.343917405804512),.UNSPECIFIED.);
#477=B_SPLINE_CURVE_WITH_KNOTS('',2,(#3988,#3989,#3990),.UNSPECIFIED.,.F.,
 .F.,(3,3),(0.00131476715931083,0.343917959022429),.UNSPECIFIED.);
#478=B_SPLINE_CURVE_WITH_KNOTS('',2,(#3992,#3993,#3994),.UNSPECIFIED.,.F.,
 .F.,(3,3),(0.00118027212617386,0.343904147890305),.UNSPECIFIED.);
#479=B_SPLINE_CURVE_WITH_KNOTS('',3,(#3997,#3998,#3999,#4000),
 .UNSPECIFIED.,.F.,.F.,(4,4),(1.74146168209017,2.0755134299381),
 .UNSPECIFIED.);
#480=B_SPLINE_CURVE_WITH_KNOTS('',3,(#4002,#4003,#4004,#4005,#4006,#4007,
#4008,#4009,#4010,#4011),.UNSPECIFIED.,.F.,.F.,(4,3,3,4),(1.56243277148735,
1.71391785586068,1.87251991419034,1.88879252953308),.UNSPECIFIED.);
#481=B_SPLINE_CURVE_WITH_KNOTS('',3,(#4070,#4071,#4072,#4073),
 .UNSPECIFIED.,.F.,.F.,(4,4),(2.05124656997381E-8,0.17625838796588),
 .UNSPECIFIED.);
#482=B_SPLINE_CURVE_WITH_KNOTS('',3,(#4075,#4076,#4077,#4078),
 .UNSPECIFIED.,.F.,.F.,(4,4),(0.,0.176275880659365),.UNSPECIFIED.);
#483=B_SPLINE_CURVE_WITH_KNOTS('',3,(#4091,#4092,#4093,#4094),
 .UNSPECIFIED.,.F.,.F.,(4,4),(1.11943314493583E-5,0.176256049084412),
 .UNSPECIFIED.);
#484=B_SPLINE_CURVE_WITH_KNOTS('',3,(#4097,#4098,#4099,#4100),
 .UNSPECIFIED.,.F.,.F.,(4,4),(0.,0.176258035086826),.UNSPECIFIED.);
#485=B_SPLINE_CURVE_WITH_KNOTS('',3,(#4113,#4114,#4115,#4116),
 .UNSPECIFIED.,.F.,.F.,(4,4),(0.,0.17307916644231),.UNSPECIFIED.);
#486=VERTEX_POINT('',#1750);
#487=VERTEX_POINT('',#1751);
#488=VERTEX_POINT('',#1788);
#489=VERTEX_POINT('',#1790);
#490=VERTEX_POINT('',#1828);
#491=VERTEX_POINT('',#1865);
#492=VERTEX_POINT('',#1866);
#493=VERTEX_POINT('',#1905);
#494=VERTEX_POINT('',#1909);
#495=VERTEX_POINT('',#1957);
#496=VERTEX_POINT('',#1958);
#497=VERTEX_POINT('',#1962);
#498=VERTEX_POINT('',#1967);
#499=VERTEX_POINT('',#1969);
#500=VERTEX_POINT('',#2029);
#501=VERTEX_POINT('',#2030);
#502=VERTEX_POINT('',#2034);
#503=VERTEX_POINT('',#2039);
#504=VERTEX_POINT('',#2044);
#505=VERTEX_POINT('',#2049);
#506=VERTEX_POINT('',#2065);
#507=VERTEX_POINT('',#2066);
#508=VERTEX_POINT('',#2070);
#509=VERTEX_POINT('',#2075);
#510=VERTEX_POINT('',#2084);
#511=VERTEX_POINT('',#2085);
#512=VERTEX_POINT('',#2089);
#513=VERTEX_POINT('',#2094);
#514=VERTEX_POINT('',#2098);
#515=VERTEX_POINT('',#2108);
#516=VERTEX_POINT('',#2109);
#517=VERTEX_POINT('',#2114);
#518=VERTEX_POINT('',#2118);
#519=VERTEX_POINT('',#2127);
#520=VERTEX_POINT('',#2128);
#521=VERTEX_POINT('',#2132);
#522=VERTEX_POINT('',#2141);
#523=VERTEX_POINT('',#2146);
#524=VERTEX_POINT('',#2148);
#525=VERTEX_POINT('',#2150);
#526=VERTEX_POINT('',#2155);
#527=VERTEX_POINT('',#2163);
#528=VERTEX_POINT('',#2167);
#529=VERTEX_POINT('',#2204);
#530=VERTEX_POINT('',#2205);
#531=VERTEX_POINT('',#2207);
#532=VERTEX_POINT('',#2209);
#533=VERTEX_POINT('',#2217);
#534=VERTEX_POINT('',#2222);
#535=VERTEX_POINT('',#2230);
#536=VERTEX_POINT('',#2250);
#537=VERTEX_POINT('',#2255);
#538=VERTEX_POINT('',#2259);
#539=VERTEX_POINT('',#2261);
#540=VERTEX_POINT('',#2263);
#541=VERTEX_POINT('',#2268);
#542=VERTEX_POINT('',#2270);
#543=VERTEX_POINT('',#2301);
#544=VERTEX_POINT('',#2303);
#545=VERTEX_POINT('',#2308);
#546=VERTEX_POINT('',#2310);
#547=VERTEX_POINT('',#2343);
#548=VERTEX_POINT('',#2345);
#549=VERTEX_POINT('',#2347);
#550=VERTEX_POINT('',#2479);
#551=VERTEX_POINT('',#2480);
#552=VERTEX_POINT('',#2482);
#553=VERTEX_POINT('',#2486);
#554=VERTEX_POINT('',#2503);
#555=VERTEX_POINT('',#2526);
#556=VERTEX_POINT('',#2527);
#557=VERTEX_POINT('',#2529);
#558=VERTEX_POINT('',#2531);
#559=VERTEX_POINT('',#2560);
#560=VERTEX_POINT('',#2666);
#561=VERTEX_POINT('',#2671);
#562=VERTEX_POINT('',#2803);
#563=VERTEX_POINT('',#2804);
#564=VERTEX_POINT('',#2924);
#565=VERTEX_POINT('',#2925);
#566=VERTEX_POINT('',#2927);
#567=VERTEX_POINT('',#2929);
#568=VERTEX_POINT('',#2940);
#569=VERTEX_POINT('',#2990);
#570=VERTEX_POINT('',#2992);
#571=VERTEX_POINT('',#3043);
#572=VERTEX_POINT('',#3050);
#573=VERTEX_POINT('',#3055);
#574=VERTEX_POINT('',#3060);
#575=VERTEX_POINT('',#3065);
#576=VERTEX_POINT('',#3070);
#577=VERTEX_POINT('',#3079);
#578=VERTEX_POINT('',#3084);
#579=VERTEX_POINT('',#3097);
#580=VERTEX_POINT('',#3121);
#581=VERTEX_POINT('',#3123);
#582=VERTEX_POINT('',#3125);
#583=VERTEX_POINT('',#3136);
#584=VERTEX_POINT('',#3144);
#585=VERTEX_POINT('',#3291);
#586=VERTEX_POINT('',#3292);
#587=VERTEX_POINT('',#3294);
#588=VERTEX_POINT('',#3296);
#589=VERTEX_POINT('',#3310);
#590=VERTEX_POINT('',#3318);
#591=VERTEX_POINT('',#3454);
#592=VERTEX_POINT('',#3474);
#593=VERTEX_POINT('',#3479);
#594=VERTEX_POINT('',#3484);
#595=VERTEX_POINT('',#3493);
#596=VERTEX_POINT('',#3498);
#597=VERTEX_POINT('',#3503);
#598=VERTEX_POINT('',#3508);
#599=VERTEX_POINT('',#3513);
#600=VERTEX_POINT('',#3523);
#601=VERTEX_POINT('',#3525);
#602=VERTEX_POINT('',#3527);
#603=VERTEX_POINT('',#3532);
#604=VERTEX_POINT('',#3555);
#605=VERTEX_POINT('',#3769);
#606=VERTEX_POINT('',#3773);
#607=VERTEX_POINT('',#3781);
#608=VERTEX_POINT('',#3789);
#609=VERTEX_POINT('',#3814);
#610=VERTEX_POINT('',#3816);
#611=VERTEX_POINT('',#3838);
#612=VERTEX_POINT('',#3839);
#613=VERTEX_POINT('',#3841);
#614=VERTEX_POINT('',#3855);
#615=VERTEX_POINT('',#3859);
#616=VERTEX_POINT('',#3860);
#617=VERTEX_POINT('',#3862);
#618=VERTEX_POINT('',#3867);
#619=VERTEX_POINT('',#3883);
#620=VERTEX_POINT('',#3885);
#621=VERTEX_POINT('',#3887);
#622=VERTEX_POINT('',#3892);
#623=VERTEX_POINT('',#3906);
#624=VERTEX_POINT('',#3915);
#625=VERTEX_POINT('',#3916);
#626=VERTEX_POINT('',#3918);
#627=VERTEX_POINT('',#3920);
#628=VERTEX_POINT('',#3925);
#629=VERTEX_POINT('',#3927);
#630=VERTEX_POINT('',#3929);
#631=VERTEX_POINT('',#3943);
#632=VERTEX_POINT('',#3945);
#633=VERTEX_POINT('',#3953);
#634=VERTEX_POINT('',#3955);
#635=VERTEX_POINT('',#4057);
#636=VERTEX_POINT('',#4067);
#637=VERTEX_POINT('',#4068);
#638=VERTEX_POINT('',#4074);
#639=VERTEX_POINT('',#4079);
#640=VERTEX_POINT('',#4083);
#641=VERTEX_POINT('',#4085);
#642=VERTEX_POINT('',#4107);
#643=EDGE_CURVE('',#486,#487,#354,.T.);
#644=EDGE_CURVE('',#487,#486,#355,.T.);
#645=EDGE_CURVE('',#487,#488,#276,.T.);
#646=EDGE_CURVE('',#489,#488,#356,.T.);
#647=EDGE_CURVE('',#488,#489,#357,.T.);
#648=EDGE_CURVE('',#490,#490,#358,.T.);
#649=EDGE_CURVE('',#490,#486,#277,.T.);
#650=EDGE_CURVE('',#491,#492,#359,.T.);
#651=EDGE_CURVE('',#492,#491,#360,.T.);
#652=EDGE_CURVE('',#492,#488,#278,.T.);
#653=EDGE_CURVE('',#493,#493,#43,.T.);
#654=EDGE_CURVE('',#493,#490,#279,.T.);
#655=EDGE_CURVE('',#494,#494,#44,.T.);
#656=EDGE_CURVE('',#494,#492,#280,.T.);
#657=EDGE_CURVE('',#495,#496,#23,.T.);
#658=EDGE_CURVE('',#497,#495,#361,.T.);
#659=EDGE_CURVE('',#498,#495,#45,.T.);
#660=EDGE_CURVE('',#498,#499,#362,.T.);
#661=EDGE_CURVE('',#499,#496,#363,.T.);
#662=EDGE_CURVE('',#500,#501,#24,.T.);
#663=EDGE_CURVE('',#502,#501,#364,.T.);
#664=EDGE_CURVE('',#503,#502,#365,.T.);
#665=EDGE_CURVE('',#504,#503,#366,.T.);
#666=EDGE_CURVE('',#505,#504,#367,.T.);
#667=EDGE_CURVE('',#501,#505,#368,.T.);
#668=EDGE_CURVE('',#506,#507,#369,.T.);
#669=EDGE_CURVE('',#508,#506,#370,.T.);
#670=EDGE_CURVE('',#509,#508,#371,.T.);
#671=EDGE_CURVE('',#507,#509,#372,.T.);
#672=EDGE_CURVE('',#510,#511,#373,.T.);
#673=EDGE_CURVE('',#512,#510,#374,.T.);
#674=EDGE_CURVE('',#513,#512,#375,.T.);
#675=EDGE_CURVE('',#514,#513,#376,.T.);
#676=EDGE_CURVE('',#511,#514,#377,.T.);
#677=EDGE_CURVE('',#515,#516,#378,.T.);
#678=EDGE_CURVE('',#517,#515,#379,.T.);
#679=EDGE_CURVE('',#518,#517,#380,.T.);
#680=EDGE_CURVE('',#516,#518,#381,.T.);
#681=EDGE_CURVE('',#519,#520,#382,.T.);
#682=EDGE_CURVE('',#521,#519,#383,.T.);
#683=EDGE_CURVE('',#496,#521,#384,.T.);
#684=EDGE_CURVE('',#522,#499,#385,.T.);
#685=EDGE_CURVE('',#523,#522,#281,.T.);
#686=EDGE_CURVE('',#524,#523,#46,.T.);
#687=EDGE_CURVE('',#525,#524,#386,.T.);
#688=EDGE_CURVE('',#526,#525,#387,.T.);
#689=EDGE_CURVE('',#527,#526,#388,.T.);
#690=EDGE_CURVE('',#528,#527,#389,.T.);
#691=EDGE_CURVE('',#520,#528,#390,.T.);
#692=EDGE_CURVE('',#529,#530,#282,.T.);
#693=EDGE_CURVE('',#531,#529,#283,.T.);
#694=EDGE_CURVE('',#532,#531,#391,.T.);
#695=EDGE_CURVE('',#533,#532,#392,.T.);
#696=EDGE_CURVE('',#534,#533,#393,.T.);
#697=EDGE_CURVE('',#535,#534,#394,.T.);
#698=EDGE_CURVE('',#536,#535,#395,.T.);
#699=EDGE_CURVE('',#537,#536,#396,.T.);
#700=EDGE_CURVE('',#538,#537,#47,.T.);
#701=EDGE_CURVE('',#539,#538,#284,.T.);
#702=EDGE_CURVE('',#540,#539,#397,.T.);
#703=EDGE_CURVE('',#541,#540,#285,.T.);
#704=EDGE_CURVE('',#542,#541,#398,.T.);
#705=EDGE_CURVE('',#543,#542,#286,.T.);
#706=EDGE_CURVE('',#544,#543,#399,.T.);
#707=EDGE_CURVE('',#545,#544,#287,.T.);
#708=EDGE_CURVE('',#546,#545,#400,.T.);
#709=EDGE_CURVE('',#530,#546,#288,.T.);
#710=EDGE_CURVE('',#547,#547,#48,.T.);
#711=EDGE_CURVE('',#547,#548,#289,.T.);
#712=EDGE_CURVE('',#549,#548,#401,.T.);
#713=EDGE_CURVE('',#548,#549,#402,.T.);
#714=EDGE_CURVE('',#550,#551,#49,.T.);
#715=EDGE_CURVE('',#552,#550,#25,.T.);
#716=EDGE_CURVE('',#553,#552,#403,.T.);
#717=EDGE_CURVE('',#554,#553,#404,.T.);
#718=EDGE_CURVE('',#552,#554,#405,.T.);
#719=EDGE_CURVE('',#551,#550,#50,.T.);
#720=EDGE_CURVE('',#555,#556,#51,.T.);
#721=EDGE_CURVE('',#557,#555,#290,.T.);
#722=EDGE_CURVE('',#558,#557,#406,.T.);
#723=EDGE_CURVE('',#559,#558,#407,.T.);
#724=EDGE_CURVE('',#557,#559,#408,.T.);
#725=EDGE_CURVE('',#556,#555,#52,.T.);
#726=EDGE_CURVE('',#560,#551,#409,.T.);
#727=EDGE_CURVE('',#561,#560,#410,.T.);
#728=EDGE_CURVE('',#560,#561,#411,.T.);
#729=EDGE_CURVE('',#562,#563,#53,.T.);
#730=EDGE_CURVE('',#563,#562,#54,.T.);
#731=EDGE_CURVE('',#534,#563,#26,.T.);
#732=EDGE_CURVE('',#535,#533,#412,.T.);
#733=EDGE_CURVE('',#547,#556,#27,.T.);
#734=EDGE_CURVE('',#564,#565,#55,.T.);
#735=EDGE_CURVE('',#566,#564,#291,.T.);
#736=EDGE_CURVE('',#567,#566,#413,.T.);
#737=EDGE_CURVE('',#568,#567,#414,.T.);
#738=EDGE_CURVE('',#529,#568,#415,.T.);
#739=EDGE_CURVE('',#544,#530,#416,.T.);
#740=EDGE_CURVE('',#540,#543,#417,.T.);
#741=EDGE_CURVE('',#566,#539,#418,.T.);
#742=EDGE_CURVE('',#565,#564,#56,.T.);
#743=EDGE_CURVE('',#569,#498,#57,.T.);
#744=EDGE_CURVE('',#570,#569,#292,.T.);
#745=EDGE_CURVE('',#522,#570,#419,.T.);
#746=EDGE_CURVE('',#571,#521,#420,.T.);
#747=EDGE_CURVE('',#495,#571,#58,.T.);
#748=EDGE_CURVE('',#572,#519,#421,.T.);
#749=EDGE_CURVE('',#573,#572,#422,.T.);
#750=EDGE_CURVE('',#574,#573,#423,.T.);
#751=EDGE_CURVE('',#575,#574,#424,.T.);
#752=EDGE_CURVE('',#576,#575,#425,.T.);
#753=EDGE_CURVE('',#504,#576,#426,.T.);
#754=EDGE_CURVE('',#577,#503,#427,.T.);
#755=EDGE_CURVE('',#578,#577,#428,.T.);
#756=EDGE_CURVE('',#507,#578,#429,.T.);
#757=EDGE_CURVE('',#511,#509,#430,.T.);
#758=EDGE_CURVE('',#579,#514,#293,.T.);
#759=EDGE_CURVE('',#571,#579,#59,.T.);
#760=EDGE_CURVE('',#579,#569,#60,.T.);
#761=EDGE_CURVE('',#515,#513,#431,.T.);
#762=EDGE_CURVE('',#526,#516,#432,.T.);
#763=EDGE_CURVE('',#570,#525,#433,.T.);
#764=EDGE_CURVE('',#580,#580,#61,.T.);
#765=EDGE_CURVE('',#580,#581,#294,.T.);
#766=EDGE_CURVE('',#582,#581,#434,.T.);
#767=EDGE_CURVE('',#583,#582,#435,.T.);
#768=EDGE_CURVE('',#584,#583,#436,.T.);
#769=EDGE_CURVE('',#581,#584,#437,.T.);
#770=EDGE_CURVE('',#580,#495,#28,.T.);
#771=EDGE_CURVE('',#585,#586,#62,.T.);
#772=EDGE_CURVE('',#587,#585,#295,.T.);
#773=EDGE_CURVE('',#588,#587,#438,.T.);
#774=EDGE_CURVE('',#589,#588,#439,.T.);
#775=EDGE_CURVE('',#590,#589,#440,.T.);
#776=EDGE_CURVE('',#587,#590,#441,.T.);
#777=EDGE_CURVE('',#586,#585,#63,.T.);
#778=EDGE_CURVE('',#591,#586,#442,.T.);
#779=EDGE_CURVE('',#591,#591,#64,.T.);
#780=EDGE_CURVE('',#591,#528,#296,.T.);
#781=EDGE_CURVE('',#518,#527,#443,.T.);
#782=EDGE_CURVE('',#512,#517,#444,.T.);
#783=EDGE_CURVE('',#508,#510,#445,.T.);
#784=EDGE_CURVE('',#592,#506,#446,.T.);
#785=EDGE_CURVE('',#593,#592,#447,.T.);
#786=EDGE_CURVE('',#594,#593,#448,.T.);
#787=EDGE_CURVE('',#502,#594,#449,.T.);
#788=EDGE_CURVE('',#595,#505,#450,.T.);
#789=EDGE_CURVE('',#596,#595,#451,.T.);
#790=EDGE_CURVE('',#597,#596,#452,.T.);
#791=EDGE_CURVE('',#598,#597,#453,.T.);
#792=EDGE_CURVE('',#599,#598,#454,.T.);
#793=EDGE_CURVE('',#520,#599,#455,.T.);
#794=EDGE_CURVE('',#600,#600,#65,.T.);
#795=EDGE_CURVE('',#600,#601,#297,.T.);
#796=EDGE_CURVE('',#602,#601,#456,.T.);
#797=EDGE_CURVE('',#603,#602,#457,.T.);
#798=EDGE_CURVE('',#604,#603,#458,.T.);
#799=EDGE_CURVE('',#601,#604,#459,.T.);
#800=EDGE_CURVE('',#600,#565,#460,.T.);
#801=EDGE_CURVE('',#605,#562,#29,.T.);
#802=EDGE_CURVE('',#606,#605,#461,.T.);
#803=EDGE_CURVE('',#607,#606,#462,.T.);
#804=EDGE_CURVE('',#608,#607,#463,.T.);
#805=EDGE_CURVE('',#605,#608,#464,.T.);
#806=EDGE_CURVE('',#609,#583,#298,.T.);
#807=EDGE_CURVE('',#610,#609,#465,.T.);
#808=EDGE_CURVE('',#582,#610,#299,.T.);
#809=EDGE_CURVE('',#584,#554,#300,.T.);
#810=EDGE_CURVE('',#611,#612,#301,.T.);
#811=EDGE_CURVE('',#613,#611,#466,.T.);
#812=EDGE_CURVE('',#614,#613,#302,.T.);
#813=EDGE_CURVE('',#612,#614,#66,.T.);
#814=EDGE_CURVE('',#615,#616,#67,.T.);
#815=EDGE_CURVE('',#617,#615,#467,.T.);
#816=EDGE_CURVE('',#618,#617,#468,.T.);
#817=EDGE_CURVE('',#616,#618,#303,.T.);
#818=EDGE_CURVE('',#561,#619,#304,.T.);
#819=EDGE_CURVE('',#620,#619,#68,.T.);
#820=EDGE_CURVE('',#621,#620,#469,.T.);
#821=EDGE_CURVE('',#622,#621,#470,.T.);
#822=EDGE_CURVE('',#623,#622,#471,.T.);
#823=EDGE_CURVE('',#616,#623,#69,.T.);
#824=EDGE_CURVE('',#614,#615,#70,.T.);
#825=EDGE_CURVE('',#619,#612,#71,.T.);
#826=EDGE_CURVE('',#624,#625,#305,.T.);
#827=EDGE_CURVE('',#626,#624,#72,.T.);
#828=EDGE_CURVE('',#627,#626,#472,.T.);
#829=EDGE_CURVE('',#628,#627,#73,.T.);
#830=EDGE_CURVE('',#629,#628,#306,.T.);
#831=EDGE_CURVE('',#630,#629,#473,.T.);
#832=EDGE_CURVE('',#631,#630,#307,.T.);
#833=EDGE_CURVE('',#632,#631,#74,.T.);
#834=EDGE_CURVE('',#632,#559,#308,.T.);
#835=EDGE_CURVE('',#625,#632,#75,.T.);
#836=EDGE_CURVE('',#627,#625,#76,.T.);
#837=EDGE_CURVE('',#549,#608,#309,.T.);
#838=EDGE_CURVE('',#633,#607,#310,.T.);
#839=EDGE_CURVE('',#634,#633,#474,.T.);
#840=EDGE_CURVE('',#606,#634,#311,.T.);
#841=EDGE_CURVE('',#572,#599,#19,.T.);
#842=EDGE_CURVE('',#573,#598,#475,.T.);
#843=EDGE_CURVE('',#574,#597,#476,.T.);
#844=EDGE_CURVE('',#575,#596,#477,.T.);
#845=EDGE_CURVE('',#576,#595,#478,.T.);
#846=EDGE_CURVE('',#577,#594,#479,.T.);
#847=EDGE_CURVE('',#578,#593,#480,.T.);
#848=EDGE_CURVE('',#635,#592,#30,.T.);
#849=EDGE_CURVE('',#636,#637,#77,.T.);
#850=EDGE_CURVE('',#590,#636,#481,.T.);
#851=EDGE_CURVE('',#638,#589,#482,.T.);
#852=EDGE_CURVE('',#639,#638,#78,.T.);
#853=EDGE_CURVE('',#637,#639,#20,.T.);
#854=EDGE_CURVE('',#640,#636,#79,.T.);
#855=EDGE_CURVE('',#641,#640,#80,.T.);
#856=EDGE_CURVE('',#588,#641,#312,.T.);
#857=EDGE_CURVE('',#638,#641,#21,.T.);
#858=EDGE_CURVE('',#602,#639,#483,.T.);
#859=EDGE_CURVE('',#637,#604,#313,.T.);
#860=EDGE_CURVE('',#640,#603,#484,.T.);
#861=EDGE_CURVE('',#623,#620,#22,.T.);
#862=EDGE_CURVE('',#631,#628,#81,.T.);
#863=EDGE_CURVE('',#642,#568,#314,.T.);
#864=EDGE_CURVE('',#532,#642,#82,.T.);
#865=EDGE_CURVE('',#567,#537,#485,.T.);
#866=EDGE_CURVE('',#642,#536,#83,.T.);
#867=ORIENTED_EDGE('',*,*,#643,.F.);
#868=ORIENTED_EDGE('',*,*,#644,.F.);
#869=ORIENTED_EDGE('',*,*,#645,.T.);
#870=ORIENTED_EDGE('',*,*,#646,.F.);
#871=ORIENTED_EDGE('',*,*,#647,.F.);
#872=ORIENTED_EDGE('',*,*,#645,.F.);
#873=ORIENTED_EDGE('',*,*,#648,.F.);
#874=ORIENTED_EDGE('',*,*,#649,.T.);
#875=ORIENTED_EDGE('',*,*,#643,.T.);
#876=ORIENTED_EDGE('',*,*,#644,.T.);
#877=ORIENTED_EDGE('',*,*,#649,.F.);
#878=ORIENTED_EDGE('',*,*,#650,.F.);
#879=ORIENTED_EDGE('',*,*,#651,.F.);
#880=ORIENTED_EDGE('',*,*,#652,.T.);
#881=ORIENTED_EDGE('',*,*,#647,.T.);
#882=ORIENTED_EDGE('',*,*,#646,.T.);
#883=ORIENTED_EDGE('',*,*,#652,.F.);
#884=ORIENTED_EDGE('',*,*,#653,.F.);
#885=ORIENTED_EDGE('',*,*,#654,.T.);
#886=ORIENTED_EDGE('',*,*,#648,.T.);
#887=ORIENTED_EDGE('',*,*,#654,.F.);
#888=ORIENTED_EDGE('',*,*,#655,.F.);
#889=ORIENTED_EDGE('',*,*,#656,.T.);
#890=ORIENTED_EDGE('',*,*,#651,.T.);
#891=ORIENTED_EDGE('',*,*,#650,.T.);
#892=ORIENTED_EDGE('',*,*,#656,.F.);
#893=ORIENTED_EDGE('',*,*,#657,.F.);
#894=ORIENTED_EDGE('',*,*,#658,.F.);
#895=ORIENTED_EDGE('',*,*,#658,.T.);
#896=ORIENTED_EDGE('',*,*,#659,.F.);
#897=ORIENTED_EDGE('',*,*,#660,.T.);
#898=ORIENTED_EDGE('',*,*,#661,.T.);
#899=ORIENTED_EDGE('',*,*,#662,.T.);
#900=ORIENTED_EDGE('',*,*,#663,.F.);
#901=ORIENTED_EDGE('',*,*,#664,.F.);
#902=ORIENTED_EDGE('',*,*,#665,.F.);
#903=ORIENTED_EDGE('',*,*,#666,.F.);
#904=ORIENTED_EDGE('',*,*,#667,.F.);
#905=ORIENTED_EDGE('',*,*,#662,.F.);
#906=ORIENTED_EDGE('',*,*,#668,.F.);
#907=ORIENTED_EDGE('',*,*,#669,.F.);
#908=ORIENTED_EDGE('',*,*,#670,.F.);
#909=ORIENTED_EDGE('',*,*,#671,.F.);
#910=ORIENTED_EDGE('',*,*,#672,.F.);
#911=ORIENTED_EDGE('',*,*,#673,.F.);
#912=ORIENTED_EDGE('',*,*,#674,.F.);
#913=ORIENTED_EDGE('',*,*,#675,.F.);
#914=ORIENTED_EDGE('',*,*,#676,.F.);
#915=ORIENTED_EDGE('',*,*,#677,.F.);
#916=ORIENTED_EDGE('',*,*,#678,.F.);
#917=ORIENTED_EDGE('',*,*,#679,.F.);
#918=ORIENTED_EDGE('',*,*,#680,.F.);
#919=ORIENTED_EDGE('',*,*,#681,.F.);
#920=ORIENTED_EDGE('',*,*,#682,.F.);
#921=ORIENTED_EDGE('',*,*,#683,.F.);
#922=ORIENTED_EDGE('',*,*,#661,.F.);
#923=ORIENTED_EDGE('',*,*,#684,.F.);
#924=ORIENTED_EDGE('',*,*,#685,.F.);
#925=ORIENTED_EDGE('',*,*,#686,.F.);
#926=ORIENTED_EDGE('',*,*,#687,.F.);
#927=ORIENTED_EDGE('',*,*,#688,.F.);
#928=ORIENTED_EDGE('',*,*,#689,.F.);
#929=ORIENTED_EDGE('',*,*,#690,.F.);
#930=ORIENTED_EDGE('',*,*,#691,.F.);
#931=ORIENTED_EDGE('',*,*,#692,.F.);
#932=ORIENTED_EDGE('',*,*,#693,.F.);
#933=ORIENTED_EDGE('',*,*,#694,.F.);
#934=ORIENTED_EDGE('',*,*,#695,.F.);
#935=ORIENTED_EDGE('',*,*,#696,.F.);
#936=ORIENTED_EDGE('',*,*,#697,.F.);
#937=ORIENTED_EDGE('',*,*,#698,.F.);
#938=ORIENTED_EDGE('',*,*,#699,.F.);
#939=ORIENTED_EDGE('',*,*,#700,.F.);
#940=ORIENTED_EDGE('',*,*,#701,.F.);
#941=ORIENTED_EDGE('',*,*,#702,.F.);
#942=ORIENTED_EDGE('',*,*,#703,.F.);
#943=ORIENTED_EDGE('',*,*,#704,.F.);
#944=ORIENTED_EDGE('',*,*,#705,.F.);
#945=ORIENTED_EDGE('',*,*,#706,.F.);
#946=ORIENTED_EDGE('',*,*,#707,.F.);
#947=ORIENTED_EDGE('',*,*,#708,.F.);
#948=ORIENTED_EDGE('',*,*,#709,.F.);
#949=ORIENTED_EDGE('',*,*,#710,.F.);
#950=ORIENTED_EDGE('',*,*,#711,.T.);
#951=ORIENTED_EDGE('',*,*,#712,.F.);
#952=ORIENTED_EDGE('',*,*,#713,.F.);
#953=ORIENTED_EDGE('',*,*,#711,.F.);
#954=ORIENTED_EDGE('',*,*,#714,.F.);
#955=ORIENTED_EDGE('',*,*,#715,.F.);
#956=ORIENTED_EDGE('',*,*,#716,.F.);
#957=ORIENTED_EDGE('',*,*,#717,.F.);
#958=ORIENTED_EDGE('',*,*,#718,.F.);
#959=ORIENTED_EDGE('',*,*,#715,.T.);
#960=ORIENTED_EDGE('',*,*,#719,.F.);
#961=ORIENTED_EDGE('',*,*,#720,.F.);
#962=ORIENTED_EDGE('',*,*,#721,.F.);
#963=ORIENTED_EDGE('',*,*,#722,.F.);
#964=ORIENTED_EDGE('',*,*,#723,.F.);
#965=ORIENTED_EDGE('',*,*,#724,.F.);
#966=ORIENTED_EDGE('',*,*,#721,.T.);
#967=ORIENTED_EDGE('',*,*,#725,.F.);
#968=ORIENTED_EDGE('',*,*,#719,.T.);
#969=ORIENTED_EDGE('',*,*,#714,.T.);
#970=ORIENTED_EDGE('',*,*,#726,.F.);
#971=ORIENTED_EDGE('',*,*,#727,.F.);
#972=ORIENTED_EDGE('',*,*,#728,.F.);
#973=ORIENTED_EDGE('',*,*,#726,.T.);
#974=ORIENTED_EDGE('',*,*,#729,.F.);
#975=ORIENTED_EDGE('',*,*,#730,.F.);
#976=ORIENTED_EDGE('',*,*,#731,.F.);
#977=ORIENTED_EDGE('',*,*,#696,.T.);
#978=ORIENTED_EDGE('',*,*,#732,.F.);
#979=ORIENTED_EDGE('',*,*,#697,.T.);
#980=ORIENTED_EDGE('',*,*,#731,.T.);
#981=ORIENTED_EDGE('',*,*,#733,.F.);
#982=ORIENTED_EDGE('',*,*,#710,.T.);
#983=ORIENTED_EDGE('',*,*,#733,.T.);
#984=ORIENTED_EDGE('',*,*,#725,.T.);
#985=ORIENTED_EDGE('',*,*,#720,.T.);
#986=ORIENTED_EDGE('',*,*,#734,.F.);
#987=ORIENTED_EDGE('',*,*,#735,.F.);
#988=ORIENTED_EDGE('',*,*,#736,.F.);
#989=ORIENTED_EDGE('',*,*,#737,.F.);
#990=ORIENTED_EDGE('',*,*,#738,.F.);
#991=ORIENTED_EDGE('',*,*,#692,.T.);
#992=ORIENTED_EDGE('',*,*,#739,.F.);
#993=ORIENTED_EDGE('',*,*,#706,.T.);
#994=ORIENTED_EDGE('',*,*,#740,.F.);
#995=ORIENTED_EDGE('',*,*,#702,.T.);
#996=ORIENTED_EDGE('',*,*,#741,.F.);
#997=ORIENTED_EDGE('',*,*,#735,.T.);
#998=ORIENTED_EDGE('',*,*,#742,.F.);
#999=ORIENTED_EDGE('',*,*,#660,.F.);
#1000=ORIENTED_EDGE('',*,*,#743,.F.);
#1001=ORIENTED_EDGE('',*,*,#744,.F.);
#1002=ORIENTED_EDGE('',*,*,#745,.F.);
#1003=ORIENTED_EDGE('',*,*,#684,.T.);
#1004=ORIENTED_EDGE('',*,*,#657,.T.);
#1005=ORIENTED_EDGE('',*,*,#683,.T.);
#1006=ORIENTED_EDGE('',*,*,#746,.F.);
#1007=ORIENTED_EDGE('',*,*,#747,.F.);
#1008=ORIENTED_EDGE('',*,*,#682,.T.);
#1009=ORIENTED_EDGE('',*,*,#748,.F.);
#1010=ORIENTED_EDGE('',*,*,#749,.F.);
#1011=ORIENTED_EDGE('',*,*,#750,.F.);
#1012=ORIENTED_EDGE('',*,*,#751,.F.);
#1013=ORIENTED_EDGE('',*,*,#752,.F.);
#1014=ORIENTED_EDGE('',*,*,#753,.F.);
#1015=ORIENTED_EDGE('',*,*,#665,.T.);
#1016=ORIENTED_EDGE('',*,*,#754,.F.);
#1017=ORIENTED_EDGE('',*,*,#755,.F.);
#1018=ORIENTED_EDGE('',*,*,#756,.F.);
#1019=ORIENTED_EDGE('',*,*,#671,.T.);
#1020=ORIENTED_EDGE('',*,*,#757,.F.);
#1021=ORIENTED_EDGE('',*,*,#676,.T.);
#1022=ORIENTED_EDGE('',*,*,#758,.F.);
#1023=ORIENTED_EDGE('',*,*,#759,.F.);
#1024=ORIENTED_EDGE('',*,*,#746,.T.);
#1025=ORIENTED_EDGE('',*,*,#744,.T.);
#1026=ORIENTED_EDGE('',*,*,#760,.F.);
#1027=ORIENTED_EDGE('',*,*,#758,.T.);
#1028=ORIENTED_EDGE('',*,*,#675,.T.);
#1029=ORIENTED_EDGE('',*,*,#761,.F.);
#1030=ORIENTED_EDGE('',*,*,#677,.T.);
#1031=ORIENTED_EDGE('',*,*,#762,.F.);
#1032=ORIENTED_EDGE('',*,*,#688,.T.);
#1033=ORIENTED_EDGE('',*,*,#763,.F.);
#1034=ORIENTED_EDGE('',*,*,#764,.F.);
#1035=ORIENTED_EDGE('',*,*,#765,.T.);
#1036=ORIENTED_EDGE('',*,*,#766,.F.);
#1037=ORIENTED_EDGE('',*,*,#767,.F.);
#1038=ORIENTED_EDGE('',*,*,#768,.F.);
#1039=ORIENTED_EDGE('',*,*,#769,.F.);
#1040=ORIENTED_EDGE('',*,*,#765,.F.);
#1041=ORIENTED_EDGE('',*,*,#764,.T.);
#1042=ORIENTED_EDGE('',*,*,#770,.T.);
#1043=ORIENTED_EDGE('',*,*,#747,.T.);
#1044=ORIENTED_EDGE('',*,*,#759,.T.);
#1045=ORIENTED_EDGE('',*,*,#760,.T.);
#1046=ORIENTED_EDGE('',*,*,#743,.T.);
#1047=ORIENTED_EDGE('',*,*,#659,.T.);
#1048=ORIENTED_EDGE('',*,*,#770,.F.);
#1049=ORIENTED_EDGE('',*,*,#771,.F.);
#1050=ORIENTED_EDGE('',*,*,#772,.F.);
#1051=ORIENTED_EDGE('',*,*,#773,.F.);
#1052=ORIENTED_EDGE('',*,*,#774,.F.);
#1053=ORIENTED_EDGE('',*,*,#775,.F.);
#1054=ORIENTED_EDGE('',*,*,#776,.F.);
#1055=ORIENTED_EDGE('',*,*,#772,.T.);
#1056=ORIENTED_EDGE('',*,*,#777,.F.);
#1057=ORIENTED_EDGE('',*,*,#778,.T.);
#1058=ORIENTED_EDGE('',*,*,#777,.T.);
#1059=ORIENTED_EDGE('',*,*,#771,.T.);
#1060=ORIENTED_EDGE('',*,*,#778,.F.);
#1061=ORIENTED_EDGE('',*,*,#779,.F.);
#1062=ORIENTED_EDGE('',*,*,#779,.T.);
#1063=ORIENTED_EDGE('',*,*,#780,.T.);
#1064=ORIENTED_EDGE('',*,*,#690,.T.);
#1065=ORIENTED_EDGE('',*,*,#781,.F.);
#1066=ORIENTED_EDGE('',*,*,#679,.T.);
#1067=ORIENTED_EDGE('',*,*,#782,.F.);
#1068=ORIENTED_EDGE('',*,*,#673,.T.);
#1069=ORIENTED_EDGE('',*,*,#783,.F.);
#1070=ORIENTED_EDGE('',*,*,#669,.T.);
#1071=ORIENTED_EDGE('',*,*,#784,.F.);
#1072=ORIENTED_EDGE('',*,*,#785,.F.);
#1073=ORIENTED_EDGE('',*,*,#786,.F.);
#1074=ORIENTED_EDGE('',*,*,#787,.F.);
#1075=ORIENTED_EDGE('',*,*,#663,.T.);
#1076=ORIENTED_EDGE('',*,*,#667,.T.);
#1077=ORIENTED_EDGE('',*,*,#788,.F.);
#1078=ORIENTED_EDGE('',*,*,#789,.F.);
#1079=ORIENTED_EDGE('',*,*,#790,.F.);
#1080=ORIENTED_EDGE('',*,*,#791,.F.);
#1081=ORIENTED_EDGE('',*,*,#792,.F.);
#1082=ORIENTED_EDGE('',*,*,#793,.F.);
#1083=ORIENTED_EDGE('',*,*,#691,.T.);
#1084=ORIENTED_EDGE('',*,*,#780,.F.);
#1085=ORIENTED_EDGE('',*,*,#794,.F.);
#1086=ORIENTED_EDGE('',*,*,#795,.T.);
#1087=ORIENTED_EDGE('',*,*,#796,.F.);
#1088=ORIENTED_EDGE('',*,*,#797,.F.);
#1089=ORIENTED_EDGE('',*,*,#798,.F.);
#1090=ORIENTED_EDGE('',*,*,#799,.F.);
#1091=ORIENTED_EDGE('',*,*,#795,.F.);
#1092=ORIENTED_EDGE('',*,*,#800,.T.);
#1093=ORIENTED_EDGE('',*,*,#742,.T.);
#1094=ORIENTED_EDGE('',*,*,#734,.T.);
#1095=ORIENTED_EDGE('',*,*,#800,.F.);
#1096=ORIENTED_EDGE('',*,*,#794,.T.);
#1097=ORIENTED_EDGE('',*,*,#730,.T.);
#1098=ORIENTED_EDGE('',*,*,#801,.F.);
#1099=ORIENTED_EDGE('',*,*,#802,.F.);
#1100=ORIENTED_EDGE('',*,*,#803,.F.);
#1101=ORIENTED_EDGE('',*,*,#804,.F.);
#1102=ORIENTED_EDGE('',*,*,#805,.F.);
#1103=ORIENTED_EDGE('',*,*,#801,.T.);
#1104=ORIENTED_EDGE('',*,*,#729,.T.);
#1105=ORIENTED_EDGE('',*,*,#806,.F.);
#1106=ORIENTED_EDGE('',*,*,#807,.F.);
#1107=ORIENTED_EDGE('',*,*,#808,.F.);
#1108=ORIENTED_EDGE('',*,*,#766,.T.);
#1109=ORIENTED_EDGE('',*,*,#769,.T.);
#1110=ORIENTED_EDGE('',*,*,#809,.T.);
#1111=ORIENTED_EDGE('',*,*,#717,.T.);
#1112=ORIENTED_EDGE('',*,*,#716,.T.);
#1113=ORIENTED_EDGE('',*,*,#718,.T.);
#1114=ORIENTED_EDGE('',*,*,#809,.F.);
#1115=ORIENTED_EDGE('',*,*,#768,.T.);
#1116=ORIENTED_EDGE('',*,*,#810,.F.);
#1117=ORIENTED_EDGE('',*,*,#811,.F.);
#1118=ORIENTED_EDGE('',*,*,#812,.F.);
#1119=ORIENTED_EDGE('',*,*,#813,.F.);
#1120=ORIENTED_EDGE('',*,*,#814,.F.);
#1121=ORIENTED_EDGE('',*,*,#815,.F.);
#1122=ORIENTED_EDGE('',*,*,#816,.F.);
#1123=ORIENTED_EDGE('',*,*,#817,.F.);
#1124=ORIENTED_EDGE('',*,*,#728,.T.);
#1125=ORIENTED_EDGE('',*,*,#818,.T.);
#1126=ORIENTED_EDGE('',*,*,#819,.F.);
#1127=ORIENTED_EDGE('',*,*,#820,.F.);
#1128=ORIENTED_EDGE('',*,*,#821,.F.);
#1129=ORIENTED_EDGE('',*,*,#822,.F.);
#1130=ORIENTED_EDGE('',*,*,#823,.F.);
#1131=ORIENTED_EDGE('',*,*,#817,.T.);
#1132=ORIENTED_EDGE('',*,*,#816,.T.);
#1133=ORIENTED_EDGE('',*,*,#815,.T.);
#1134=ORIENTED_EDGE('',*,*,#824,.F.);
#1135=ORIENTED_EDGE('',*,*,#812,.T.);
#1136=ORIENTED_EDGE('',*,*,#811,.T.);
#1137=ORIENTED_EDGE('',*,*,#810,.T.);
#1138=ORIENTED_EDGE('',*,*,#825,.F.);
#1139=ORIENTED_EDGE('',*,*,#818,.F.);
#1140=ORIENTED_EDGE('',*,*,#727,.T.);
#1141=ORIENTED_EDGE('',*,*,#826,.F.);
#1142=ORIENTED_EDGE('',*,*,#827,.F.);
#1143=ORIENTED_EDGE('',*,*,#828,.F.);
#1144=ORIENTED_EDGE('',*,*,#829,.F.);
#1145=ORIENTED_EDGE('',*,*,#830,.F.);
#1146=ORIENTED_EDGE('',*,*,#831,.F.);
#1147=ORIENTED_EDGE('',*,*,#832,.F.);
#1148=ORIENTED_EDGE('',*,*,#833,.F.);
#1149=ORIENTED_EDGE('',*,*,#834,.T.);
#1150=ORIENTED_EDGE('',*,*,#723,.T.);
#1151=ORIENTED_EDGE('',*,*,#722,.T.);
#1152=ORIENTED_EDGE('',*,*,#724,.T.);
#1153=ORIENTED_EDGE('',*,*,#834,.F.);
#1154=ORIENTED_EDGE('',*,*,#835,.F.);
#1155=ORIENTED_EDGE('',*,*,#836,.F.);
#1156=ORIENTED_EDGE('',*,*,#828,.T.);
#1157=ORIENTED_EDGE('',*,*,#827,.T.);
#1158=ORIENTED_EDGE('',*,*,#826,.T.);
#1159=ORIENTED_EDGE('',*,*,#713,.T.);
#1160=ORIENTED_EDGE('',*,*,#837,.T.);
#1161=ORIENTED_EDGE('',*,*,#804,.T.);
#1162=ORIENTED_EDGE('',*,*,#838,.F.);
#1163=ORIENTED_EDGE('',*,*,#839,.F.);
#1164=ORIENTED_EDGE('',*,*,#840,.F.);
#1165=ORIENTED_EDGE('',*,*,#802,.T.);
#1166=ORIENTED_EDGE('',*,*,#805,.T.);
#1167=ORIENTED_EDGE('',*,*,#837,.F.);
#1168=ORIENTED_EDGE('',*,*,#712,.T.);
#1169=ORIENTED_EDGE('',*,*,#681,.T.);
#1170=ORIENTED_EDGE('',*,*,#793,.T.);
#1171=ORIENTED_EDGE('',*,*,#841,.F.);
#1172=ORIENTED_EDGE('',*,*,#748,.T.);
#1173=ORIENTED_EDGE('',*,*,#792,.T.);
#1174=ORIENTED_EDGE('',*,*,#842,.F.);
#1175=ORIENTED_EDGE('',*,*,#749,.T.);
#1176=ORIENTED_EDGE('',*,*,#841,.T.);
#1177=ORIENTED_EDGE('',*,*,#842,.T.);
#1178=ORIENTED_EDGE('',*,*,#791,.T.);
#1179=ORIENTED_EDGE('',*,*,#843,.F.);
#1180=ORIENTED_EDGE('',*,*,#750,.T.);
#1181=ORIENTED_EDGE('',*,*,#843,.T.);
#1182=ORIENTED_EDGE('',*,*,#790,.T.);
#1183=ORIENTED_EDGE('',*,*,#844,.F.);
#1184=ORIENTED_EDGE('',*,*,#751,.T.);
#1185=ORIENTED_EDGE('',*,*,#844,.T.);
#1186=ORIENTED_EDGE('',*,*,#789,.T.);
#1187=ORIENTED_EDGE('',*,*,#845,.F.);
#1188=ORIENTED_EDGE('',*,*,#752,.T.);
#1189=ORIENTED_EDGE('',*,*,#845,.T.);
#1190=ORIENTED_EDGE('',*,*,#788,.T.);
#1191=ORIENTED_EDGE('',*,*,#666,.T.);
#1192=ORIENTED_EDGE('',*,*,#753,.T.);
#1193=ORIENTED_EDGE('',*,*,#664,.T.);
#1194=ORIENTED_EDGE('',*,*,#787,.T.);
#1195=ORIENTED_EDGE('',*,*,#846,.F.);
#1196=ORIENTED_EDGE('',*,*,#754,.T.);
#1197=ORIENTED_EDGE('',*,*,#846,.T.);
#1198=ORIENTED_EDGE('',*,*,#786,.T.);
#1199=ORIENTED_EDGE('',*,*,#847,.F.);
#1200=ORIENTED_EDGE('',*,*,#755,.T.);
#1201=ORIENTED_EDGE('',*,*,#848,.T.);
#1202=ORIENTED_EDGE('',*,*,#784,.T.);
#1203=ORIENTED_EDGE('',*,*,#668,.T.);
#1204=ORIENTED_EDGE('',*,*,#756,.T.);
#1205=ORIENTED_EDGE('',*,*,#847,.T.);
#1206=ORIENTED_EDGE('',*,*,#785,.T.);
#1207=ORIENTED_EDGE('',*,*,#848,.F.);
#1208=ORIENTED_EDGE('',*,*,#670,.T.);
#1209=ORIENTED_EDGE('',*,*,#783,.T.);
#1210=ORIENTED_EDGE('',*,*,#672,.T.);
#1211=ORIENTED_EDGE('',*,*,#757,.T.);
#1212=ORIENTED_EDGE('',*,*,#674,.T.);
#1213=ORIENTED_EDGE('',*,*,#782,.T.);
#1214=ORIENTED_EDGE('',*,*,#678,.T.);
#1215=ORIENTED_EDGE('',*,*,#761,.T.);
#1216=ORIENTED_EDGE('',*,*,#762,.T.);
#1217=ORIENTED_EDGE('',*,*,#680,.T.);
#1218=ORIENTED_EDGE('',*,*,#781,.T.);
#1219=ORIENTED_EDGE('',*,*,#689,.T.);
#1220=ORIENTED_EDGE('',*,*,#808,.T.);
#1221=ORIENTED_EDGE('',*,*,#807,.T.);
#1222=ORIENTED_EDGE('',*,*,#806,.T.);
#1223=ORIENTED_EDGE('',*,*,#767,.T.);
#1224=ORIENTED_EDGE('',*,*,#685,.T.);
#1225=ORIENTED_EDGE('',*,*,#745,.T.);
#1226=ORIENTED_EDGE('',*,*,#763,.T.);
#1227=ORIENTED_EDGE('',*,*,#687,.T.);
#1228=ORIENTED_EDGE('',*,*,#686,.T.);
#1229=ORIENTED_EDGE('',*,*,#849,.F.);
#1230=ORIENTED_EDGE('',*,*,#850,.F.);
#1231=ORIENTED_EDGE('',*,*,#775,.T.);
#1232=ORIENTED_EDGE('',*,*,#851,.F.);
#1233=ORIENTED_EDGE('',*,*,#852,.F.);
#1234=ORIENTED_EDGE('',*,*,#853,.F.);
#1235=ORIENTED_EDGE('',*,*,#773,.T.);
#1236=ORIENTED_EDGE('',*,*,#776,.T.);
#1237=ORIENTED_EDGE('',*,*,#850,.T.);
#1238=ORIENTED_EDGE('',*,*,#854,.F.);
#1239=ORIENTED_EDGE('',*,*,#855,.F.);
#1240=ORIENTED_EDGE('',*,*,#856,.F.);
#1241=ORIENTED_EDGE('',*,*,#851,.T.);
#1242=ORIENTED_EDGE('',*,*,#774,.T.);
#1243=ORIENTED_EDGE('',*,*,#856,.T.);
#1244=ORIENTED_EDGE('',*,*,#857,.F.);
#1245=ORIENTED_EDGE('',*,*,#858,.F.);
#1246=ORIENTED_EDGE('',*,*,#796,.T.);
#1247=ORIENTED_EDGE('',*,*,#799,.T.);
#1248=ORIENTED_EDGE('',*,*,#859,.F.);
#1249=ORIENTED_EDGE('',*,*,#853,.T.);
#1250=ORIENTED_EDGE('',*,*,#859,.T.);
#1251=ORIENTED_EDGE('',*,*,#798,.T.);
#1252=ORIENTED_EDGE('',*,*,#860,.F.);
#1253=ORIENTED_EDGE('',*,*,#854,.T.);
#1254=ORIENTED_EDGE('',*,*,#849,.T.);
#1255=ORIENTED_EDGE('',*,*,#858,.T.);
#1256=ORIENTED_EDGE('',*,*,#852,.T.);
#1257=ORIENTED_EDGE('',*,*,#857,.T.);
#1258=ORIENTED_EDGE('',*,*,#855,.T.);
#1259=ORIENTED_EDGE('',*,*,#860,.T.);
#1260=ORIENTED_EDGE('',*,*,#797,.T.);
#1261=ORIENTED_EDGE('',*,*,#820,.T.);
#1262=ORIENTED_EDGE('',*,*,#861,.F.);
#1263=ORIENTED_EDGE('',*,*,#822,.T.);
#1264=ORIENTED_EDGE('',*,*,#821,.T.);
#1265=ORIENTED_EDGE('',*,*,#832,.T.);
#1266=ORIENTED_EDGE('',*,*,#831,.T.);
#1267=ORIENTED_EDGE('',*,*,#830,.T.);
#1268=ORIENTED_EDGE('',*,*,#862,.F.);
#1269=ORIENTED_EDGE('',*,*,#738,.T.);
#1270=ORIENTED_EDGE('',*,*,#863,.F.);
#1271=ORIENTED_EDGE('',*,*,#864,.F.);
#1272=ORIENTED_EDGE('',*,*,#694,.T.);
#1273=ORIENTED_EDGE('',*,*,#693,.T.);
#1274=ORIENTED_EDGE('',*,*,#709,.T.);
#1275=ORIENTED_EDGE('',*,*,#708,.T.);
#1276=ORIENTED_EDGE('',*,*,#707,.T.);
#1277=ORIENTED_EDGE('',*,*,#739,.T.);
#1278=ORIENTED_EDGE('',*,*,#705,.T.);
#1279=ORIENTED_EDGE('',*,*,#704,.T.);
#1280=ORIENTED_EDGE('',*,*,#703,.T.);
#1281=ORIENTED_EDGE('',*,*,#740,.T.);
#1282=ORIENTED_EDGE('',*,*,#865,.F.);
#1283=ORIENTED_EDGE('',*,*,#736,.T.);
#1284=ORIENTED_EDGE('',*,*,#741,.T.);
#1285=ORIENTED_EDGE('',*,*,#701,.T.);
#1286=ORIENTED_EDGE('',*,*,#700,.T.);
#1287=ORIENTED_EDGE('',*,*,#737,.T.);
#1288=ORIENTED_EDGE('',*,*,#865,.T.);
#1289=ORIENTED_EDGE('',*,*,#699,.T.);
#1290=ORIENTED_EDGE('',*,*,#866,.F.);
#1291=ORIENTED_EDGE('',*,*,#863,.T.);
#1292=ORIENTED_EDGE('',*,*,#695,.T.);
#1293=ORIENTED_EDGE('',*,*,#864,.T.);
#1294=ORIENTED_EDGE('',*,*,#866,.T.);
#1295=ORIENTED_EDGE('',*,*,#698,.T.);
#1296=ORIENTED_EDGE('',*,*,#732,.T.);
#1297=ORIENTED_EDGE('',*,*,#803,.T.);
#1298=ORIENTED_EDGE('',*,*,#840,.T.);
#1299=ORIENTED_EDGE('',*,*,#839,.T.);
#1300=ORIENTED_EDGE('',*,*,#838,.T.);
#1301=ORIENTED_EDGE('',*,*,#813,.T.);
#1302=ORIENTED_EDGE('',*,*,#824,.T.);
#1303=ORIENTED_EDGE('',*,*,#814,.T.);
#1304=ORIENTED_EDGE('',*,*,#823,.T.);
#1305=ORIENTED_EDGE('',*,*,#861,.T.);
#1306=ORIENTED_EDGE('',*,*,#819,.T.);
#1307=ORIENTED_EDGE('',*,*,#825,.T.);
#1308=ORIENTED_EDGE('',*,*,#653,.T.);
#1309=ORIENTED_EDGE('',*,*,#862,.T.);
#1310=ORIENTED_EDGE('',*,*,#829,.T.);
#1311=ORIENTED_EDGE('',*,*,#836,.T.);
#1312=ORIENTED_EDGE('',*,*,#835,.T.);
#1313=ORIENTED_EDGE('',*,*,#833,.T.);
#1314=ORIENTED_EDGE('',*,*,#655,.T.);
#1315=CYLINDRICAL_SURFACE('',#1401,1.75);
#1316=CYLINDRICAL_SURFACE('',#1404,2.52594657750109);
#1317=CYLINDRICAL_SURFACE('',#1406,2.5259464129713);
#1318=ADVANCED_FACE('',(#136),#1315,.F.);
#1319=ADVANCED_FACE('',(#137),#84,.F.);
#1320=ADVANCED_FACE('',(#138),#85,.F.);
#1321=ADVANCED_FACE('',(#139),#1316,.F.);
#1322=ADVANCED_FACE('',(#140),#1317,.F.);
#1323=ADVANCED_FACE('',(#141),#31,.F.);
#1324=ADVANCED_FACE('',(#142),#32,.F.);
#1325=ADVANCED_FACE('',(#143),#86,.T.);
#1326=ADVANCED_FACE('',(#144),#87,.T.);
#1327=ADVANCED_FACE('',(#145),#88,.T.);
#1328=ADVANCED_FACE('',(#146),#89,.T.);
#1329=ADVANCED_FACE('',(#147),#90,.T.);
#1330=ADVANCED_FACE('',(#148),#91,.T.);
#1331=ADVANCED_FACE('',(#149),#33,.T.);
#1332=ADVANCED_FACE('',(#150),#92,.T.);
#1333=ADVANCED_FACE('',(#151),#34,.T.);
#1334=ADVANCED_FACE('',(#152),#35,.T.);
#1335=ADVANCED_FACE('',(#153),#36,.T.);
#1336=ADVANCED_FACE('',(#154),#93,.T.);
#1337=ADVANCED_FACE('',(#155),#94,.T.);
#1338=ADVANCED_FACE('',(#156),#37,.F.);
#1339=ADVANCED_FACE('',(#157),#95,.T.);
#1340=ADVANCED_FACE('',(#158),#96,.T.);
#1341=ADVANCED_FACE('',(#159),#97,.T.);
#1342=ADVANCED_FACE('',(#160),#38,.T.);
#1343=ADVANCED_FACE('',(#161),#98,.T.);
#1344=ADVANCED_FACE('',(#162),#39,.T.);
#1345=ADVANCED_FACE('',(#163),#99,.T.);
#1346=ADVANCED_FACE('',(#164),#100,.T.);
#1347=ADVANCED_FACE('',(#165),#40,.T.);
#1348=ADVANCED_FACE('',(#166),#41,.T.);
#1349=ADVANCED_FACE('',(#167),#101,.T.);
#1350=ADVANCED_FACE('',(#168),#102,.T.);
#1351=ADVANCED_FACE('',(#169),#103,.T.);
#1352=ADVANCED_FACE('',(#170),#104,.T.);
#1353=ADVANCED_FACE('',(#171),#105,.T.);
#1354=ADVANCED_FACE('',(#172),#106,.T.);
#1355=ADVANCED_FACE('',(#173),#107,.T.);
#1356=ADVANCED_FACE('',(#174),#108,.T.);
#1357=ADVANCED_FACE('',(#175),#109,.T.);
#1358=ADVANCED_FACE('',(#176),#110,.T.);
#1359=ADVANCED_FACE('',(#177),#111,.T.);
#1360=ADVANCED_FACE('',(#178),#112,.T.);
#1361=ADVANCED_FACE('',(#179),#113,.T.);
#1362=ADVANCED_FACE('',(#180),#114,.T.);
#1363=ADVANCED_FACE('',(#181),#115,.T.);
#1364=ADVANCED_FACE('',(#182),#42,.F.);
#1365=ADVANCED_FACE('',(#183),#116,.T.);
#1366=ADVANCED_FACE('',(#184),#117,.T.);
#1367=ADVANCED_FACE('',(#185),#118,.T.);
#1368=ADVANCED_FACE('',(#186),#119,.T.);
#1369=ADVANCED_FACE('',(#187),#120,.T.);
#1370=ADVANCED_FACE('',(#188),#121,.T.);
#1371=ADVANCED_FACE('',(#189),#122,.T.);
#1372=ADVANCED_FACE('',(#190),#123,.T.);
#1373=ADVANCED_FACE('',(#191),#124,.T.);
#1374=ADVANCED_FACE('',(#192),#125,.T.);
#1375=ADVANCED_FACE('',(#193),#126,.T.);
#1376=ADVANCED_FACE('',(#194),#127,.T.);
#1377=ADVANCED_FACE('',(#195),#128,.T.);
#1378=ADVANCED_FACE('',(#196),#129,.T.);
#1379=ADVANCED_FACE('',(#197),#130,.T.);
#1380=ADVANCED_FACE('',(#198),#131,.T.);
#1381=ADVANCED_FACE('',(#199),#132,.T.);
#1382=ADVANCED_FACE('',(#200),#133,.T.);
#1383=ADVANCED_FACE('',(#201),#134,.T.);
#1384=ADVANCED_FACE('',(#202),#135,.T.);
#1385=ADVANCED_FACE('',(#203,#15),#17,.T.);
#1386=ADVANCED_FACE('',(#204,#16),#18,.F.);
#1387=CLOSED_SHELL('',(#1318,#1319,#1320,#1321,#1322,#1323,#1324,#1325,
#1326,#1327,#1328,#1329,#1330,#1331,#1332,#1333,#1334,#1335,#1336,#1337,
#1338,#1339,#1340,#1341,#1342,#1343,#1344,#1345,#1346,#1347,#1348,#1349,
#1350,#1351,#1352,#1353,#1354,#1355,#1356,#1357,#1358,#1359,#1360,#1361,
#1362,#1363,#1364,#1365,#1366,#1367,#1368,#1369,#1370,#1371,#1372,#1373,
#1374,#1375,#1376,#1377,#1378,#1379,#1380,#1381,#1382,#1383,#1384,#1385,
#1386));
#1388=DERIVED_UNIT_ELEMENT(#1390,1.);
#1389=DERIVED_UNIT_ELEMENT(#4128,-3.);
#1390=(
MASS_UNIT()
NAMED_UNIT(*)
SI_UNIT(.KILO.,.GRAM.)
);
#1391=DERIVED_UNIT((#1388,#1389));
#1392=MEASURE_REPRESENTATION_ITEM('density measure',
POSITIVE_RATIO_MEASURE(7850.),#1391);
#1393=PROPERTY_DEFINITION_REPRESENTATION(#1398,#1395);
#1394=PROPERTY_DEFINITION_REPRESENTATION(#1399,#1396);
#1395=REPRESENTATION('material name',(#1397),#4125);
#1396=REPRESENTATION('density',(#1392),#4125);
#1397=DESCRIPTIVE_REPRESENTATION_ITEM('Steel','Steel');
#1398=PROPERTY_DEFINITION('material property','material name',#4135);
#1399=PROPERTY_DEFINITION('material property','density of part',#4135);
#1400=AXIS2_PLACEMENT_3D('',#1748,#1503,#1504);
#1401=AXIS2_PLACEMENT_3D('',#1749,#1505,#1506);
#1402=AXIS2_PLACEMENT_3D('',#1827,#1508,#1509);
#1403=AXIS2_PLACEMENT_3D('',#1864,#1511,#1512);
#1404=AXIS2_PLACEMENT_3D('',#1904,#1514,#1515);
#1405=AXIS2_PLACEMENT_3D('',#1906,#1516,#1517);
#1406=AXIS2_PLACEMENT_3D('',#1908,#1519,#1520);
#1407=AXIS2_PLACEMENT_3D('',#1910,#1521,#1522);
#1408=AXIS2_PLACEMENT_3D('',#1968,#1524,#1525);
#1409=AXIS2_PLACEMENT_3D('',#2064,#1526,#1527);
#1410=AXIS2_PLACEMENT_3D('',#2083,#1528,#1529);
#1411=AXIS2_PLACEMENT_3D('',#2107,#1530,#1531);
#1412=AXIS2_PLACEMENT_3D('',#2126,#1532,#1533);
#1413=AXIS2_PLACEMENT_3D('',#2149,#1535,#1536);
#1414=AXIS2_PLACEMENT_3D('',#2203,#1537,#1538);
#1415=AXIS2_PLACEMENT_3D('',#2260,#1541,#1542);
#1416=AXIS2_PLACEMENT_3D('',#2342,#1548,#1549);
#1417=AXIS2_PLACEMENT_3D('',#2344,#1550,#1551);
#1418=AXIS2_PLACEMENT_3D('',#2481,#1553,#1554);
#1419=AXIS2_PLACEMENT_3D('',#2524,#1555,#1556);
#1420=AXIS2_PLACEMENT_3D('',#2525,#1557,#1558);
#1421=AXIS2_PLACEMENT_3D('',#2528,#1559,#1560);
#1422=AXIS2_PLACEMENT_3D('',#2584,#1562,#1563);
#1423=AXIS2_PLACEMENT_3D('',#2805,#1564,#1565);
#1424=AXIS2_PLACEMENT_3D('',#2806,#1566,#1567);
#1425=AXIS2_PLACEMENT_3D('',#2923,#1568,#1569);
#1426=AXIS2_PLACEMENT_3D('',#2926,#1570,#1571);
#1427=AXIS2_PLACEMENT_3D('',#2988,#1573,#1574);
#1428=AXIS2_PLACEMENT_3D('',#2989,#1575,#1576);
#1429=AXIS2_PLACEMENT_3D('',#2991,#1577,#1578);
#1430=AXIS2_PLACEMENT_3D('',#3048,#1580,#1581);
#1431=AXIS2_PLACEMENT_3D('',#3049,#1582,#1583);
#1432=AXIS2_PLACEMENT_3D('',#3099,#1585,#1586);
#1433=AXIS2_PLACEMENT_3D('',#3100,#1587,#1588);
#1434=AXIS2_PLACEMENT_3D('',#3101,#1589,#1590);
#1435=AXIS2_PLACEMENT_3D('',#3120,#1591,#1592);
#1436=AXIS2_PLACEMENT_3D('',#3122,#1593,#1594);
#1437=AXIS2_PLACEMENT_3D('',#3290,#1596,#1597);
#1438=AXIS2_PLACEMENT_3D('',#3293,#1598,#1599);
#1439=AXIS2_PLACEMENT_3D('',#3354,#1601,#1602);
#1440=AXIS2_PLACEMENT_3D('',#3459,#1603,#1604);
#1441=AXIS2_PLACEMENT_3D('',#3460,#1605,#1606);
#1442=AXIS2_PLACEMENT_3D('',#3522,#1608,#1609);
#1443=AXIS2_PLACEMENT_3D('',#3524,#1610,#1611);
#1444=AXIS2_PLACEMENT_3D('',#3813,#1613,#1614);
#1445=AXIS2_PLACEMENT_3D('',#3837,#1618,#1619);
#1446=AXIS2_PLACEMENT_3D('',#3857,#1622,#1623);
#1447=AXIS2_PLACEMENT_3D('',#3858,#1624,#1625);
#1448=AXIS2_PLACEMENT_3D('',#3861,#1626,#1627);
#1449=AXIS2_PLACEMENT_3D('',#3882,#1629,#1630);
#1450=AXIS2_PLACEMENT_3D('',#3886,#1632,#1633);
#1451=AXIS2_PLACEMENT_3D('',#3911,#1634,#1635);
#1452=AXIS2_PLACEMENT_3D('',#3912,#1636,#1637);
#1453=AXIS2_PLACEMENT_3D('',#3913,#1638,#1639);
#1454=AXIS2_PLACEMENT_3D('',#3914,#1640,#1641);
#1455=AXIS2_PLACEMENT_3D('',#3919,#1643,#1644);
#1456=AXIS2_PLACEMENT_3D('',#3926,#1645,#1646);
#1457=AXIS2_PLACEMENT_3D('',#3946,#1649,#1650);
#1458=AXIS2_PLACEMENT_3D('',#3948,#1652,#1653);
#1459=AXIS2_PLACEMENT_3D('',#3949,#1654,#1655);
#1460=AXIS2_PLACEMENT_3D('',#3950,#1656,#1657);
#1461=AXIS2_PLACEMENT_3D('',#3951,#1658,#1659);
#1462=AXIS2_PLACEMENT_3D('',#3977,#1663,#1664);
#1463=AXIS2_PLACEMENT_3D('',#3978,#1665,#1666);
#1464=AXIS2_PLACEMENT_3D('',#3979,#1667,#1668);
#1465=AXIS2_PLACEMENT_3D('',#3983,#1669,#1670);
#1466=AXIS2_PLACEMENT_3D('',#3987,#1671,#1672);
#1467=AXIS2_PLACEMENT_3D('',#3991,#1673,#1674);
#1468=AXIS2_PLACEMENT_3D('',#3995,#1675,#1676);
#1469=AXIS2_PLACEMENT_3D('',#3996,#1677,#1678);
#1470=AXIS2_PLACEMENT_3D('',#4001,#1679,#1680);
#1471=AXIS2_PLACEMENT_3D('',#4061,#1681,#1682);
#1472=AXIS2_PLACEMENT_3D('',#4062,#1683,#1684);
#1473=AXIS2_PLACEMENT_3D('',#4063,#1685,#1686);
#1474=AXIS2_PLACEMENT_3D('',#4064,#1687,#1688);
#1475=AXIS2_PLACEMENT_3D('',#4065,#1689,#1690);
#1476=AXIS2_PLACEMENT_3D('',#4066,#1691,#1692);
#1477=AXIS2_PLACEMENT_3D('',#4069,#1693,#1694);
#1478=AXIS2_PLACEMENT_3D('',#4080,#1695,#1696);
#1479=AXIS2_PLACEMENT_3D('',#4081,#1697,#1698);
#1480=AXIS2_PLACEMENT_3D('',#4082,#1699,#1700);
#1481=AXIS2_PLACEMENT_3D('',#4084,#1701,#1702);
#1482=AXIS2_PLACEMENT_3D('',#4086,#1703,#1704);
#1483=AXIS2_PLACEMENT_3D('',#4088,#1706,#1707);
#1484=AXIS2_PLACEMENT_3D('',#4089,#1708,#1709);
#1485=AXIS2_PLACEMENT_3D('',#4090,#1710,#1711);
#1486=AXIS2_PLACEMENT_3D('',#4096,#1713,#1714);
#1487=AXIS2_PLACEMENT_3D('',#4101,#1715,#1716);
#1488=AXIS2_PLACEMENT_3D('',#4102,#1717,#1718);
#1489=AXIS2_PLACEMENT_3D('',#4103,#1719,#1720);
#1490=AXIS2_PLACEMENT_3D('',#4104,#1721,#1722);
#1491=AXIS2_PLACEMENT_3D('',#4105,#1723,#1724);
#1492=AXIS2_PLACEMENT_3D('',#4106,#1725,#1726);
#1493=AXIS2_PLACEMENT_3D('',#4109,#1728,#1729);
#1494=AXIS2_PLACEMENT_3D('',#4110,#1730,#1731);
#1495=AXIS2_PLACEMENT_3D('',#4111,#1732,#1733);
#1496=AXIS2_PLACEMENT_3D('',#4112,#1734,#1735);
#1497=AXIS2_PLACEMENT_3D('',#4117,#1736,#1737);
#1498=AXIS2_PLACEMENT_3D('',#4118,#1738,#1739);
#1499=AXIS2_PLACEMENT_3D('',#4119,#1740,#1741);
#1500=AXIS2_PLACEMENT_3D('',#4120,#1742,#1743);
#1501=AXIS2_PLACEMENT_3D('',#4121,#1744,#1745);
#1502=AXIS2_PLACEMENT_3D('',#4122,#1746,#1747);
#1503=DIRECTION('axis',(0.,0.,1.));
#1504=DIRECTION('refdir',(1.,0.,0.));
#1505=DIRECTION('center_axis',(0.,-1.,0.));
#1506=DIRECTION('ref_axis',(1.,0.,0.));
#1507=DIRECTION('',(0.,-1.,0.));
#1508=DIRECTION('center_axis',(-5.0583148956921E-8,0.999999999999998,-4.25947524160863E-8));
#1509=DIRECTION('ref_axis',(-0.999999999999999,-5.05831489945283E-8,-8.82908102079506E-10));
#1510=DIRECTION('',(-0.866025353270458,-0.50000008749277,2.05327571394616E-8));
#1511=DIRECTION('center_axis',(-5.05705569170963E-8,-0.999999999999989,
-1.41768317911484E-7));
#1512=DIRECTION('ref_axis',(0.999999999999999,-5.05705567919514E-8,-8.82745886828976E-10));
#1513=DIRECTION('',(0.866025325098433,0.500000136288131,7.01197041085219E-8));
#1514=DIRECTION('center_axis',(1.56453342063418E-12,-0.999999999999959,
2.8662039100103E-7));
#1515=DIRECTION('ref_axis',(-1.,-1.56453342019647E-12,1.48264283604815E-15));
#1516=DIRECTION('center_axis',(0.,-1.,0.));
#1517=DIRECTION('ref_axis',(-1.48264283604815E-15,6.68541943658348E-24,
-1.));
#1518=DIRECTION('',(1.56453342063418E-12,-0.999999999999959,2.8662039100103E-7));
#1519=DIRECTION('center_axis',(-4.73777762670188E-13,0.999999999999935,
3.61060976294342E-7));
#1520=DIRECTION('ref_axis',(1.,4.73777770076731E-13,-2.05219558260128E-14));
#1521=DIRECTION('center_axis',(-3.32485604282297E-14,0.999999999999994,
1.11611494938346E-7));
#1522=DIRECTION('ref_axis',(-2.05220087050579E-14,1.11611494938346E-7,-0.999999999999994));
#1523=DIRECTION('',(-4.73777762670188E-13,0.999999999999935,3.61060976294342E-7));
#1524=DIRECTION('center_axis',(-1.91921178523069E-8,0.999999999999996,8.78767114859678E-8));
#1525=DIRECTION('ref_axis',(-1.,-1.91921178264963E-8,-2.95442779681469E-10));
#1526=DIRECTION('center_axis',(-0.0371638626627125,-0.998352096920258,-0.0437257119657375));
#1527=DIRECTION('ref_axis',(-0.646550940154051,0.0573854561271719,-0.760709399975437));
#1528=DIRECTION('center_axis',(0.0399772021214261,-0.999187201231027,0.00517302683636778));
#1529=DIRECTION('ref_axis',(-0.990925514219243,-0.0403105060264339,-0.128225147195165));
#1530=DIRECTION('center_axis',(-0.061584976990224,-0.998092776987966,-0.00425430764794653));
#1531=DIRECTION('ref_axis',(-0.995719772660229,0.0617317464879276,-0.0687846335238563));
#1532=DIRECTION('center_axis',(-0.00020798468001641,-0.999996772637957,
-0.00253208531510016));
#1533=DIRECTION('ref_axis',(0.56089429063326,-0.00221293867361421,0.827884471189935));
#1534=DIRECTION('',(-0.0464110870444981,0.99493661175939,-0.0891467867064962));
#1535=DIRECTION('center_axis',(1.1422227157282E-5,0.99999992316343,-0.000391845207212629));
#1536=DIRECTION('ref_axis',(-0.999575413824347,6.41612014898094E-15,-0.0291374686252158));
#1537=DIRECTION('center_axis',(-0.00066543273616062,0.999996670353233,0.00249328733203819));
#1538=DIRECTION('ref_axis',(0.0216867210137269,0.00250713251334659,-0.999761671808953));
#1539=DIRECTION('',(0.0218144213606811,-5.19487433048974E-6,-0.999762037183705));
#1540=DIRECTION('',(0.0683823278389388,0.997654727307224,0.00298367573232734));
#1541=DIRECTION('center_axis',(-6.06392865867335E-5,0.999999998066808,1.37572387131365E-5));
#1542=DIRECTION('ref_axis',(-0.221247747719545,-3.78916039051543E-12,-0.975217634238137));
#1543=DIRECTION('',(-0.00798565165323259,-0.982613561688831,0.185490748429304));
#1544=DIRECTION('',(-0.060713063565017,0.997654709476517,-0.0316070335823599));
#1545=DIRECTION('',(-0.182825296762733,-0.982612987911158,0.0323516128179781));
#1546=DIRECTION('',(0.0177190746538363,0.997654900329431,-0.0661115288137026));
#1547=DIRECTION('',(-0.0711573319276984,-0.982613012625496,-0.17148848804505));
#1548=DIRECTION('center_axis',(-4.2608819417257E-7,0.999999999999883,-2.27748515392832E-7));
#1549=DIRECTION('ref_axis',(-0.999999999999909,-4.26088190590024E-7,1.50678299685485E-8));
#1550=DIRECTION('center_axis',(-9.871128361434E-9,-0.999999999999993,-1.17989602840969E-7));
#1551=DIRECTION('ref_axis',(-1.,9.87112832640098E-9,1.51998927130275E-10));
#1552=DIRECTION('',(0.872619899418635,0.488399949978084,-1.24380770145951E-7));
#1553=DIRECTION('center_axis',(-9.47354563224909E-8,0.999999999999981,1.69760182998914E-7));
#1554=DIRECTION('ref_axis',(-0.999999999999995,-9.47354562026579E-8,-1.45846623872784E-9));
#1555=DIRECTION('center_axis',(-9.47354563224909E-8,0.999999999999981,1.69760182998914E-7));
#1556=DIRECTION('ref_axis',(-0.999999999999995,-9.47354562026579E-8,-1.45846623872784E-9));
#1557=DIRECTION('center_axis',(-1.66151786774365E-6,-0.999999999998376,
-6.97616418969709E-7));
#1558=DIRECTION('ref_axis',(0.999999999998618,-1.66151790582337E-6,5.4360323143652E-8));
#1559=DIRECTION('center_axis',(9.871128361434E-9,0.999999999999993,1.17989602840969E-7));
#1560=DIRECTION('ref_axis',(-1.,9.87112834959215E-9,1.51999290172058E-10));
#1561=DIRECTION('',(0.543369056536808,0.839493935891095,6.15183024865188E-7));
#1562=DIRECTION('center_axis',(9.871128361434E-9,0.999999999999993,1.17989602840969E-7));
#1563=DIRECTION('ref_axis',(-1.,9.87112834959215E-9,1.51999290172058E-10));
#1564=DIRECTION('center_axis',(-7.29146013751223E-8,-0.99999999999999,-1.19854874934339E-7));
#1565=DIRECTION('ref_axis',(0.999999999999997,-7.29146012669072E-8,-1.12258280454911E-9));
#1566=DIRECTION('center_axis',(-7.29146013751223E-8,-0.99999999999999,-1.19854874934339E-7));
#1567=DIRECTION('ref_axis',(0.999999999999997,-7.29146012669072E-8,-1.12258280454911E-9));
#1568=DIRECTION('center_axis',(-1.44834006708859E-6,-0.999999999998858,
-4.31068648179826E-7));
#1569=DIRECTION('ref_axis',(0.999999999998951,-1.44834008006789E-6,2.98245059107835E-8));
#1570=DIRECTION('center_axis',(5.63070847342047E-9,0.999999999999993,1.1606451510231E-7));
#1571=DIRECTION('ref_axis',(-1.,5.63070847399181E-9,8.67157355174767E-11));
#1572=DIRECTION('',(0.690384671870228,0.7234424682354,3.3244414841003E-7));
#1573=DIRECTION('center_axis',(5.63070847342047E-9,0.999999999999993,1.1606451510231E-7));
#1574=DIRECTION('ref_axis',(-1.,5.63070847399181E-9,8.67157355174767E-11));
#1575=DIRECTION('center_axis',(0.480748493115382,-0.586033675361439,0.652261770847911));
#1576=DIRECTION('ref_axis',(-0.347697679258339,-0.810286697004439,-0.471743354479956));
#1577=DIRECTION('center_axis',(-1.91921178523069E-8,0.999999999999996,8.78767114859678E-8));
#1578=DIRECTION('ref_axis',(-1.,-1.9192117821044E-8,-2.95443077296291E-10));
#1579=DIRECTION('',(-0.345870393482086,0.574573497086927,-0.741780942972955));
#1580=DIRECTION('center_axis',(-1.91921178523069E-8,0.999999999999996,8.78767114859678E-8));
#1581=DIRECTION('ref_axis',(-1.,-1.91921178264963E-8,-2.95442779681469E-10));
#1582=DIRECTION('center_axis',(1.28157636244568E-5,-0.999999999884664,-8.15034994118443E-6));
#1583=DIRECTION('ref_axis',(0.999999999917237,1.28157543963582E-5,1.13226914227138E-6));
#1584=DIRECTION('',(-0.756169229980862,-0.57455007745669,-0.313209680764599));
#1585=DIRECTION('center_axis',(-1.91921178523069E-8,0.999999999999996,8.78767114859678E-8));
#1586=DIRECTION('ref_axis',(-1.,-1.91921178256223E-8,-2.95442730894191E-10));
#1587=DIRECTION('center_axis',(-1.7678004404961E-5,-0.999999999836778,-3.73250690887105E-6));
#1588=DIRECTION('ref_axis',(-0.691518930831766,9.52846722031026E-6,0.722358337814758));
#1589=DIRECTION('center_axis',(-1.91921178523069E-8,0.999999999999996,8.78767114859678E-8));
#1590=DIRECTION('ref_axis',(-1.,-1.91921178251181E-8,-2.95443090593411E-10));
#1591=DIRECTION('center_axis',(3.32093444345453E-8,0.999999999999908,4.28716302382737E-7));
#1592=DIRECTION('ref_axis',(-0.999999999999998,3.3209367709277E-8,-5.39830859272468E-8));
#1593=DIRECTION('center_axis',(1.91921178523069E-8,-0.999999999999996,-8.78767114859678E-8));
#1594=DIRECTION('ref_axis',(-1.,-1.91921178324231E-8,-2.95443042444013E-10));
#1595=DIRECTION('',(0.618737608430744,0.78559771633659,3.70199921067124E-7));
#1596=DIRECTION('center_axis',(7.06096208042763E-7,-0.999999999999224,1.02666874851734E-6));
#1597=DIRECTION('ref_axis',(0.999999999999745,7.06096093141307E-7,-1.11622328763747E-7));
#1598=DIRECTION('center_axis',(1.60871608543223E-8,0.999999999999994,1.13177249302661E-7));
#1599=DIRECTION('ref_axis',(-1.,1.60871608370758E-8,2.4769783645314E-10));
#1600=DIRECTION('',(0.757323581185174,0.653039809950583,-7.54989288546877E-7));
#1601=DIRECTION('center_axis',(1.60871608543223E-8,0.999999999999994,1.13177249302661E-7));
#1602=DIRECTION('ref_axis',(-1.,1.60871608370758E-8,2.4769783645314E-10));
#1603=DIRECTION('center_axis',(-1.67290447175165E-6,0.99999999999802,-1.07784985409876E-6));
#1604=DIRECTION('ref_axis',(-0.9999999999986,-1.67290449951018E-6,-2.57550864783762E-8));
#1605=DIRECTION('center_axis',(-1.47953535359806E-6,0.999999999998451,-9.53473991585073E-7));
#1606=DIRECTION('ref_axis',(-0.999999999998901,-1.47953526516502E-6,9.29365689817334E-8));
#1607=DIRECTION('',(0.690381564943365,0.723445433177777,-7.53947224270733E-7));
#1608=DIRECTION('center_axis',(6.52763451636091E-7,0.999999999999278,-1.00940873049975E-6));
#1609=DIRECTION('ref_axis',(-0.999999999999778,6.52763585346087E-7,1.32637208864595E-7));
#1610=DIRECTION('center_axis',(-5.63070847342047E-9,-0.999999999999993,
-1.1606451510231E-7));
#1611=DIRECTION('ref_axis',(-1.,5.63070844929229E-9,8.67162554435201E-11));
#1612=DIRECTION('',(0.757325085501944,0.653038065405759,-7.59632252485765E-7));
#1613=DIRECTION('center_axis',(-5.37255387940975E-8,-0.999999616189146,
0.00087614014727802));
#1614=DIRECTION('ref_axis',(-0.000120436384543168,0.000876140147394417,
0.999999608936683));
#1615=DIRECTION('',(-0.0584476878972513,-0.988267654800665,0.141106024868745));
#1616=DIRECTION('',(-0.204912013026485,0.975338862430362,-0.0820071359729243));
#1617=DIRECTION('',(-2.03170086932167E-5,0.985740768822262,0.168271020288445));
#1618=DIRECTION('center_axis',(-6.06075318468107E-5,-0.999999689960639,
-0.000785114866277437));
#1619=DIRECTION('ref_axis',(-0.0770285793145687,0.000787450711969267,-0.997028574259612));
#1620=DIRECTION('',(0.0518721990514323,0.953580459576156,0.296637121884795));
#1621=DIRECTION('',(-0.130457909733409,-0.965362318058117,-0.225956475148309));
#1622=DIRECTION('center_axis',(0.,1.,0.));
#1623=DIRECTION('ref_axis',(0.0769690123013703,-1.87530338337457E-16,0.997033485468443));
#1624=DIRECTION('center_axis',(-0.00137323263492341,-0.999998939026465,
0.000485981557985605));
#1625=DIRECTION('ref_axis',(-0.942719614875595,0.00145669006347829,0.333582981854394));
#1626=DIRECTION('center_axis',(0.,1.,0.));
#1627=DIRECTION('ref_axis',(-0.94270798120669,-8.07354503212867E-17,0.333619037480187));
#1628=DIRECTION('',(-0.19987220975785,-0.96536223904122,0.167710605507928));
#1629=DIRECTION('center_axis',(0.000931696649745173,-0.999999565595043,
-2.74058232975236E-5));
#1630=DIRECTION('ref_axis',(-0.999565813119886,-0.00093209963217113,0.0294502365399255));
#1631=DIRECTION('',(-0.247098598595803,0.968962992495807,0.0072802297739166));
#1632=DIRECTION('center_axis',(0.,1.,0.));
#1633=DIRECTION('ref_axis',(-0.999567607585653,-7.02680337185723E-16,0.0294040450532488));
#1634=DIRECTION('center_axis',(0.,1.,0.));
#1635=DIRECTION('ref_axis',(-0.999567607585653,-7.02680337185723E-16,0.0294040450532488));
#1636=DIRECTION('center_axis',(0.,1.,0.));
#1637=DIRECTION('ref_axis',(-0.999567607585653,-7.02680337185723E-16,0.0294040450532488));
#1638=DIRECTION('center_axis',(0.,1.,0.));
#1639=DIRECTION('ref_axis',(-0.999567607585653,-7.02680337185723E-16,0.0294040450532488));
#1640=DIRECTION('center_axis',(0.000637443437527238,0.999999706097294,-0.00042599435288069));
#1641=DIRECTION('ref_axis',(-0.831476758660122,0.00076668462893755,0.55555900856951));
#1642=DIRECTION('',(0.184491579068298,-0.96536235593643,0.184494929452686));
#1643=DIRECTION('center_axis',(0.00090698256673165,-0.999999502686549,0.00041474001270224));
#1644=DIRECTION('ref_axis',(-0.415858793419161,7.6653723453516E-13,0.909429196769028));
#1645=DIRECTION('center_axis',(3.32485604282297E-14,-0.999999999999994,
-1.11611494938346E-7));
#1646=DIRECTION('ref_axis',(-0.831376998086594,-6.20235193596487E-8,0.555708814985438));
#1647=DIRECTION('',(0.089240059023397,-0.965362281699472,-0.245177235765252));
#1648=DIRECTION('',(-0.0518722447096161,0.953581284634507,0.296634461625059));
#1649=DIRECTION('center_axis',(3.32485604282297E-14,-0.999999999999994,
-1.11611494938346E-7));
#1650=DIRECTION('ref_axis',(-0.831376998086594,-6.20235193596487E-8,0.555708814985438));
#1651=DIRECTION('',(0.205840097035288,0.968872661008905,-0.137534072876602));
#1652=DIRECTION('center_axis',(3.32485604282297E-14,-0.999999999999994,
-1.11611494938346E-7));
#1653=DIRECTION('ref_axis',(-0.831376998086594,-6.20235193596487E-8,0.555708814985438));
#1654=DIRECTION('center_axis',(-0.000719198850043711,0.99999968729805,-0.000328872038138342));
#1655=DIRECTION('ref_axis',(-0.909437958580799,-0.000790824761280491,-0.415838879962643));
#1656=DIRECTION('center_axis',(3.32485604282297E-14,-0.999999999999994,
-1.11611494938346E-7));
#1657=DIRECTION('ref_axis',(0.909386865917869,-4.6424921890842E-8,0.41595135304032));
#1658=DIRECTION('center_axis',(-4.44872613154053E-5,0.999999481026651,0.00101782479445487));
#1659=DIRECTION('ref_axis',(-0.0436141609609188,-0.00101879655760189,0.999047930290259));
#1660=DIRECTION('',(0.00733606345483173,0.985752067213175,-0.168044768314695));
#1661=DIRECTION('',(0.0584477733746974,0.98826758232905,0.141106497033395));
#1662=DIRECTION('',(0.211277371718368,-0.975339430453312,-0.0638346896505905));
#1663=DIRECTION('center_axis',(-0.751127311090303,0.307637290764237,-0.584095077761739));
#1664=DIRECTION('ref_axis',(-0.242852203595389,-0.951503703267223,-0.188847848485556));
#1665=DIRECTION('center_axis',(-0.843076477726288,0.00313511667659201,-0.537784551421905));
#1666=DIRECTION('ref_axis',(0.00264315696682717,0.999995085509636,0.00168602426570939));
#1667=DIRECTION('center_axis',(-0.843073776655214,0.00402945843340518,-0.537782828454989));
#1668=DIRECTION('ref_axis',(-0.00339715917057851,-0.999991881699413,-0.00216698980992036));
#1669=DIRECTION('center_axis',(-0.214016034436053,0.944422784983987,0.249525029220228));
#1670=DIRECTION('ref_axis',(0.614849760600272,0.328733331445245,-0.716864121494931));
#1671=DIRECTION('center_axis',(-0.167177296119507,0.94500874094122,0.281087586362082));
#1672=DIRECTION('ref_axis',(0.483064901836712,0.327045072650071,-0.81221291609331));
#1673=DIRECTION('center_axis',(-0.115156985950525,0.946788939940464,0.30054878438151));
#1674=DIRECTION('ref_axis',(0.338752908348925,0.321855096598473,-0.884112981399285));
#1675=DIRECTION('center_axis',(-0.819086972997064,0.562501374868628,0.112644280535727));
#1676=DIRECTION('ref_axis',(-0.557256387987702,-0.826796349333319,0.0766362497516392));
#1677=DIRECTION('center_axis',(-0.890130577145346,0.235217231418464,0.390308095835491));
#1678=DIRECTION('ref_axis',(-0.2154180681726,-0.97194282447263,0.0944574076552622));
#1679=DIRECTION('center_axis',(-0.692850601010486,0.561798533357181,0.45204032187088));
#1680=DIRECTION('ref_axis',(-0.470512074928069,-0.827274082706403,0.30697879312611));
#1681=DIRECTION('center_axis',(-0.394271334554345,0.234680105143022,0.888524261345066));
#1682=DIRECTION('ref_axis',(-0.0951859175630184,-0.972072655849376,0.2145096567701));
#1683=DIRECTION('center_axis',(0.26890457741029,0.379591566084881,0.885212161690643));
#1684=DIRECTION('ref_axis',(0.110331790060475,-0.925154172534085,0.363203322045413));
#1685=DIRECTION('center_axis',(0.350645027101245,0.234913539059488,0.906566982707684));
#1686=DIRECTION('ref_axis',(0.084742686115521,-0.972016270011231,0.219095978930194));
#1687=DIRECTION('center_axis',(-1.16309941046115E-5,-0.99999940674433,0.00108920875317968));
#1688=DIRECTION('ref_axis',(-0.0107266056505239,0.00108927085024665,0.99994187502086));
#1689=DIRECTION('center_axis',(-8.90907638059317E-6,-0.99999995323363,0.000305701433845964));
#1690=DIRECTION('ref_axis',(-0.029137694016387,0.000305831225176411,0.999575360467968));
#1691=DIRECTION('center_axis',(-1.74235088952328E-6,-0.999999999998192,
7.62494821210516E-7));
#1692=DIRECTION('ref_axis',(0.932007546431209,-1.9002419377161E-6,-0.362438868489111));
#1693=DIRECTION('center_axis',(9.9051267775418E-7,-0.999999999994219,3.25291686877341E-6));
#1694=DIRECTION('ref_axis',(-0.999999999999509,-9.90512727360502E-7,-1.52493593998556E-8));
#1695=DIRECTION('center_axis',(-1.42745375261619E-9,-0.999999999998615,
-1.66425990174897E-6));
#1696=DIRECTION('ref_axis',(-1.,1.42745370077818E-9,2.20044404977038E-11));
#1697=DIRECTION('center_axis',(-0.0193592532735922,-0.999811390703182,0.00154994608204304));
#1698=DIRECTION('ref_axis',(-0.996622333492896,0.0194212002762016,0.0797918627618578));
#1699=DIRECTION('center_axis',(2.0043975576349E-6,-0.999999999997889,-4.51231725502853E-7));
#1700=DIRECTION('ref_axis',(-0.99999999999799,-2.00439754050253E-6,-3.75208681305091E-8));
#1701=DIRECTION('center_axis',(9.9051267775418E-7,-0.999999999994219,3.25291686877341E-6));
#1702=DIRECTION('ref_axis',(-0.999999999999509,-9.90512727374426E-7,-1.52493588362152E-8));
#1703=DIRECTION('center_axis',(-1.42745375261619E-9,-0.999999999998615,
-1.66425990174897E-6));
#1704=DIRECTION('ref_axis',(-1.,1.42745372538133E-9,2.20049648461282E-11));
#1705=DIRECTION('',(0.00114160307972886,-0.999871857841635,0.0159676121798617));
#1706=DIRECTION('center_axis',(0.00114141418596965,-0.999989358495432,0.00446990710756902));
#1707=DIRECTION('ref_axis',(-0.247413059059927,-0.00461333890953456,-0.968899115135686));
#1708=DIRECTION('center_axis',(0.00146718849515509,-0.999982417080685,0.00574568424036049));
#1709=DIRECTION('ref_axis',(-0.247411393975185,-0.00593005307482507,-0.968892376170741));
#1710=DIRECTION('center_axis',(0.0150611519501834,0.999885847319966,-0.00120583214707982));
#1711=DIRECTION('ref_axis',(-0.9966965542018,0.015109345757955,0.079797785138591));
#1712=DIRECTION('',(-0.0155049837544428,-0.999871147901009,0.00415729165370094));
#1713=DIRECTION('center_axis',(-7.72643713821345E-7,0.999999999996495,-2.53242898859248E-6));
#1714=DIRECTION('ref_axis',(-0.999999999999701,-7.72643723341883E-7,-3.68261442806513E-9));
#1715=DIRECTION('center_axis',(-9.32913132347902E-10,0.999999999999164,
1.29304224743674E-6));
#1716=DIRECTION('ref_axis',(-1.,-9.32905549492359E-10,-5.93842901825554E-9));
#1717=DIRECTION('center_axis',(-3.32536297803993E-5,-0.999991218001992,
0.00419080100812605));
#1718=DIRECTION('ref_axis',(-0.00793512453807284,0.00419093293833229,0.999959734129166));
#1719=DIRECTION('center_axis',(0.,1.,0.));
#1720=DIRECTION('ref_axis',(-0.00793511903680653,4.16578897329344E-17,0.999968516447329));
#1721=DIRECTION('center_axis',(1.52876813164134E-5,0.999998873794812,0.00150072495644419));
#1722=DIRECTION('ref_axis',(0.0217106712841033,-0.00150070313459067,0.999763169276852));
#1723=DIRECTION('center_axis',(3.32485604282297E-14,-0.999999999999994,
-1.11611494938346E-7));
#1724=DIRECTION('ref_axis',(0.0101881937233571,-1.11605701925725E-7,0.999948099007465));
#1725=DIRECTION('center_axis',(0.000143494706991704,0.999999982615438,0.000119073055491636));
#1726=DIRECTION('ref_axis',(0.766038381801561,-0.000186461998007199,0.642794806169721));
#1727=DIRECTION('',(0.0146539300213423,0.997656463835639,0.0668344409858999));
#1728=DIRECTION('center_axis',(5.17498249152964E-6,-0.999999955963374,-0.000296726252541096));
#1729=DIRECTION('ref_axis',(-0.999847953383121,-6.43290681787042E-14,-0.0174376063604917));
#1730=DIRECTION('center_axis',(0.000138959972195242,0.999999984628654,-0.000106924359966898));
#1731=DIRECTION('ref_axis',(0.793353507027956,-0.000175335784208172,-0.608761186462973));
#1732=DIRECTION('center_axis',(-6.1911738852587E-5,0.999999990056433,-0.000126704655653524));
#1733=DIRECTION('ref_axis',(-0.439016128605845,-0.00014102174715604,-0.898479170007186));
#1734=DIRECTION('center_axis',(-4.723779559178E-5,0.999999998826893,1.07146669494978E-5));
#1735=DIRECTION('ref_axis',(-0.221247604755365,-2.11662671662062E-9,-0.975217666672427));
#1736=DIRECTION('center_axis',(-8.25706855474357E-5,0.999999932037949,0.000359313484068857));
#1737=DIRECTION('ref_axis',(-0.22380262966801,-0.000368678849722909,0.974634417117305));
#1738=DIRECTION('center_axis',(5.17498249152964E-6,-0.999999955963374,-0.000296726252541096));
#1739=DIRECTION('ref_axis',(-0.999847953378134,2.0516260659133E-14,-0.0174376066464621));
#1740=DIRECTION('center_axis',(-4.03932470227933E-6,0.999999973197684,0.000231491500834708));
#1741=DIRECTION('ref_axis',(-0.0174366718019873,-0.000231526739487032,0.999847942875235));
#1742=DIRECTION('center_axis',(-1.91814147889072E-5,0.999999803815251,0.000626100257305359));
#1743=DIRECTION('ref_axis',(-0.0305389139936623,-0.000626394010317861,0.999533382315284));
#1744=DIRECTION('center_axis',(0.,1.,0.));
#1745=DIRECTION('ref_axis',(-4.86366503431893E-24,-6.61744490042422E-24,
-1.));
#1746=DIRECTION('center_axis',(-3.32485604282297E-14,0.999999999999994,
1.11611494938346E-7));
#1747=DIRECTION('ref_axis',(-5.76087837865873E-15,1.11611494938345E-7,-0.999999999999994));
#1748=CARTESIAN_POINT('',(0.,0.,0.));
#1749=CARTESIAN_POINT('Origin',(0.,0.,0.));
#1750=CARTESIAN_POINT('',(1.75,-1.74705140249645,0.));
#1751=CARTESIAN_POINT('',(-1.75,-1.74705107257622,-2.14313189850787E-16));
#1752=CARTESIAN_POINT('Ctrl Pts',(1.75,-1.74705140249645,-6.93889390390723E-17));
#1753=CARTESIAN_POINT('Ctrl Pts',(1.75,-1.74705143652256,0.219733906897246));
#1754=CARTESIAN_POINT('Ctrl Pts',(1.70608613121972,-1.74705147150708,0.454114100500018));
#1755=CARTESIAN_POINT('Ctrl Pts',(1.52749223256978,-1.74705153294745,0.885277912777798));
#1756=CARTESIAN_POINT('Ctrl Pts',(1.39281220270011,-1.74705155940328,1.0820615314528));
#1757=CARTESIAN_POINT('Ctrl Pts',(1.0820615314528,-1.74705159825635,1.39281220270012));
#1758=CARTESIAN_POINT('Ctrl Pts',(0.885277912777794,-1.74705161324332,1.52749223256978));
#1759=CARTESIAN_POINT('Ctrl Pts',(0.454114100500017,-1.74705162804079,1.70608613121972));
#1760=CARTESIAN_POINT('Ctrl Pts',(0.219733906897246,-1.74705162785128,1.75));
#1761=CARTESIAN_POINT('Ctrl Pts',(-0.219733906897246,-1.74705161474558,
1.75));
#1762=CARTESIAN_POINT('Ctrl Pts',(-0.454114100500018,-1.74705160095582,
1.70608613121972));
#1763=CARTESIAN_POINT('Ctrl Pts',(-0.885277912777795,-1.74705156044224,
1.52749223256978));
#1764=CARTESIAN_POINT('Ctrl Pts',(-1.0820615314528,-1.74705153371841,1.39281220270012));
#1765=CARTESIAN_POINT('Ctrl Pts',(-1.39281220270011,-1.7470514763311,1.0820615314528));
#1766=CARTESIAN_POINT('Ctrl Pts',(-1.52749223256978,-1.74705144184249,0.885277912777798));
#1767=CARTESIAN_POINT('Ctrl Pts',(-1.70608613121972,-1.7470513697502,0.454114100500019));
#1768=CARTESIAN_POINT('Ctrl Pts',(-1.75,-1.74705133214652,0.219733906897246));
#1769=CARTESIAN_POINT('Ctrl Pts',(-1.75,-1.74705129812042,1.38777878078145E-16));
#1770=CARTESIAN_POINT('Ctrl Pts',(-1.75,-1.74705129812042,1.38777878078145E-16));
#1771=CARTESIAN_POINT('Ctrl Pts',(-1.75,-1.74705126409433,-0.219733906897245));
#1772=CARTESIAN_POINT('Ctrl Pts',(-1.70608613121972,-1.74705122910982,-0.454114100500018));
#1773=CARTESIAN_POINT('Ctrl Pts',(-1.52749223256978,-1.7470511676695,-0.885277912777797));
#1774=CARTESIAN_POINT('Ctrl Pts',(-1.39281220270011,-1.74705114121369,-1.0820615314528));
#1775=CARTESIAN_POINT('Ctrl Pts',(-1.0820615314528,-1.74705110236065,-1.39281220270012));
#1776=CARTESIAN_POINT('Ctrl Pts',(-0.885277912777794,-1.74705108737369,
-1.52749223256978));
#1777=CARTESIAN_POINT('Ctrl Pts',(-0.454114100500017,-1.74705107257622,
-1.70608613121972));
#1778=CARTESIAN_POINT('Ctrl Pts',(-0.219733906897246,-1.74705107276571,
-1.75));
#1779=CARTESIAN_POINT('Ctrl Pts',(0.219733906897246,-1.74705108587138,-1.75));
#1780=CARTESIAN_POINT('Ctrl Pts',(0.454114100500017,-1.74705109966112,-1.70608613121972));
#1781=CARTESIAN_POINT('Ctrl Pts',(0.885277912777794,-1.74705114017466,-1.52749223256978));
#1782=CARTESIAN_POINT('Ctrl Pts',(1.0820615314528,-1.74705116689847,-1.39281220270012));
#1783=CARTESIAN_POINT('Ctrl Pts',(1.39281220270011,-1.74705122428575,-1.08206153145281));
#1784=CARTESIAN_POINT('Ctrl Pts',(1.52749223256978,-1.74705125877435,-0.885277912777799));
#1785=CARTESIAN_POINT('Ctrl Pts',(1.70608613121972,-1.74705133086665,-0.454114100500019));
#1786=CARTESIAN_POINT('Ctrl Pts',(1.75,-1.74705136847034,-0.219733906897247));
#1787=CARTESIAN_POINT('Ctrl Pts',(1.75,-1.74705140249645,-7.63278329429795E-16));
#1788=CARTESIAN_POINT('',(-1.75,-27.120912752218,1.34572908372377E-12));
#1789=CARTESIAN_POINT('',(-1.75,0.,-2.14313189850787E-16));
#1790=CARTESIAN_POINT('',(1.74999999999898,-27.1209126478614,-1.88741304259221E-6));
#1791=CARTESIAN_POINT('Ctrl Pts',(1.74999999999898,-27.1209126478614,-1.88741304252282E-6));
#1792=CARTESIAN_POINT('Ctrl Pts',(1.74999976301132,-27.1209124799971,-0.219735673052327));
#1793=CARTESIAN_POINT('Ctrl Pts',(1.70608568952184,-27.1209123022532,-0.454115698241946));
#1794=CARTESIAN_POINT('Ctrl Pts',(1.52749150701469,-27.1209119781934,-0.885279133030349));
#1795=CARTESIAN_POINT('Ctrl Pts',(1.39281139799702,-27.1209118318775,-1.08206254262913));
#1796=CARTESIAN_POINT('Ctrl Pts',(1.08206077224632,-27.1209116037469,-1.39281275543237));
#1797=CARTESIAN_POINT('Ctrl Pts',(0.885277295933703,-27.1209115067263,-1.52749255451152));
#1798=CARTESIAN_POINT('Ctrl Pts',(0.454113866774806,-27.1209113831463,-1.7060861615952));
#1799=CARTESIAN_POINT('Ctrl Pts',(0.219733913928526,-27.1209113565868,-1.74999996959974));
#1800=CARTESIAN_POINT('Ctrl Pts',(-0.219733453585754,-27.1209113696898,
-1.75000003040023));
#1801=CARTESIAN_POINT('Ctrl Pts',(-0.454113442425967,-27.1209114102258,
-1.70608627777973));
#1802=CARTESIAN_POINT('Ctrl Pts',(-0.885276957415382,-27.1209115595168,
-1.52749275431657));
#1803=CARTESIAN_POINT('Ctrl Pts',(-1.08206048356459,-27.1209116682719,-1.39281298347391));
#1804=CARTESIAN_POINT('Ctrl Pts',(-1.39281122761542,-27.1209119149329,-1.08206277365027));
#1805=CARTESIAN_POINT('Ctrl Pts',(-1.52749139957112,-27.1209120692801,-0.885279333465762));
#1806=CARTESIAN_POINT('Ctrl Pts',(-1.70608566746301,-27.1209124039897,-0.454115810452161));
#1807=CARTESIAN_POINT('Ctrl Pts',(-1.74999976339919,-27.1209125843523,-0.219735727623071));
#1808=CARTESIAN_POINT('Ctrl Pts',(-1.74999999999899,-27.1209127522166,-1.8843234718402E-6));
#1809=CARTESIAN_POINT('Ctrl Pts',(-1.75,-27.120912752218,1.34572908372377E-12));
#1810=CARTESIAN_POINT('Ctrl Pts',(-1.74999999999983,-27.1209129200824,0.2197340281564));
#1811=CARTESIAN_POINT('Ctrl Pts',(-1.70608657211441,-27.120913097825,0.454112505769656));
#1812=CARTESIAN_POINT('Ctrl Pts',(-1.52749295656101,-27.1209134218852,0.885276695221327));
#1813=CARTESIAN_POINT('Ctrl Pts',(-1.39281300549218,-27.1209135682014,1.0820605227348));
#1814=CARTESIAN_POINT('Ctrl Pts',(-1.08206228820009,-27.1209137963324,1.39281165187778));
#1815=CARTESIAN_POINT('Ctrl Pts',(-0.885278526925108,-27.1209138933532,
1.52749191219072));
#1816=CARTESIAN_POINT('Ctrl Pts',(-0.454114331213328,-27.1209140169336,
1.70608610164593));
#1817=CARTESIAN_POINT('Ctrl Pts',(-0.219733896776532,-27.1209140434931,
1.75000003078822));
#1818=CARTESIAN_POINT('Ctrl Pts',(0.219734363298268,-27.12091403039,1.74999996921175));
#1819=CARTESIAN_POINT('Ctrl Pts',(0.454114761586052,-27.120913989854,1.70608598385777));
#1820=CARTESIAN_POINT('Ctrl Pts',(0.885278870836612,-27.1209138405627,1.52749170925951));
#1821=CARTESIAN_POINT('Ctrl Pts',(1.08206258179939,-27.1209137318073,1.39281142001524));
#1822=CARTESIAN_POINT('Ctrl Pts',(1.39281317969404,-27.1209134851458,1.08206028679551));
#1823=CARTESIAN_POINT('Ctrl Pts',(1.52749306713005,-27.1209133307985,0.885276489392308));
#1824=CARTESIAN_POINT('Ctrl Pts',(1.70608659577645,-27.1209129960885,0.454112387535346));
#1825=CARTESIAN_POINT('Ctrl Pts',(1.75000023698685,-27.1209128157258,0.219732083081586));
#1826=CARTESIAN_POINT('Ctrl Pts',(1.74999999999898,-27.1209126478614,-1.8874130426616E-6));
#1827=CARTESIAN_POINT('Origin',(2.21053298356949E-7,-1.29905650868851,5.79394530297198E-7));
#1828=CARTESIAN_POINT('',(2.52594657750262,-1.29905833257523,1.9668781106543E-6));
#1829=CARTESIAN_POINT('Ctrl Pts',(-2.52594657749906,-1.29905833286774,3.72336607171175E-7));
#1830=CARTESIAN_POINT('Ctrl Pts',(-2.52594657749906,-1.2990583313669,-0.317163119142289));
#1831=CARTESIAN_POINT('Ctrl Pts',(-2.46256138518455,-1.29905832976235,-0.655467032208001));
#1832=CARTESIAN_POINT('Ctrl Pts',(-2.20477930115176,-1.29905832680246,-1.27780803561682));
#1833=CARTESIAN_POINT('Ctrl Pts',(-2.01038240943344,-1.29905832544712,-1.56184512595993));
#1834=CARTESIAN_POINT('Ctrl Pts',(-1.5618454982944,-1.29905832329863,-2.01038203709898));
#1835=CARTESIAN_POINT('Ctrl Pts',(-1.27780840795131,-1.29905832236227,-2.20477892881728));
#1836=CARTESIAN_POINT('Ctrl Pts',(-0.655467404542529,-1.29905832110639,
-2.46256101285008));
#1837=CARTESIAN_POINT('Ctrl Pts',(-0.317163491476853,-1.29905832078684,
-2.5259462051646));
#1838=CARTESIAN_POINT('Ctrl Pts',(0.317163491480922,-1.29905832075011,-2.52594620516459));
#1839=CARTESIAN_POINT('Ctrl Pts',(0.655467404546598,-1.29905832103047,-2.46256101285009));
#1840=CARTESIAN_POINT('Ctrl Pts',(1.27780840795538,-1.29905832221429,-2.20477892881729));
#1841=CARTESIAN_POINT('Ctrl Pts',(1.56184549829847,-1.29905832311775,-2.01038203709897));
#1842=CARTESIAN_POINT('Ctrl Pts',(2.01038240943752,-1.2990583252143,-1.56184512595991));
#1843=CARTESIAN_POINT('Ctrl Pts',(2.20477930115582,-1.29905832654713,-1.27780803561682));
#1844=CARTESIAN_POINT('Ctrl Pts',(2.46256138518862,-1.29905832947717,-0.655467032208014));
#1845=CARTESIAN_POINT('Ctrl Pts',(2.52594657750311,-1.29905833107439,-0.317163119142289));
#1846=CARTESIAN_POINT('Ctrl Pts',(2.52594657750311,-1.29905833407607,0.317163863815499));
#1847=CARTESIAN_POINT('Ctrl Pts',(2.46256138518862,-1.29905833568061,0.655467776881235));
#1848=CARTESIAN_POINT('Ctrl Pts',(2.2047793011558,-1.29905833864048,1.27780878029005));
#1849=CARTESIAN_POINT('Ctrl Pts',(2.0103824094375,-1.29905833999582,1.56184587063314));
#1850=CARTESIAN_POINT('Ctrl Pts',(1.56184549829848,-1.29905834214427,2.01038278177219));
#1851=CARTESIAN_POINT('Ctrl Pts',(1.27780840795539,-1.29905834308061,2.20477967349048));
#1852=CARTESIAN_POINT('Ctrl Pts',(0.655467404546606,-1.29905834433647,2.46256175752329));
#1853=CARTESIAN_POINT('Ctrl Pts',(0.317163491480925,-1.299058344656,2.52594694983781));
#1854=CARTESIAN_POINT('Ctrl Pts',(-0.317163491476831,-1.29905834469272,
2.52594694983781));
#1855=CARTESIAN_POINT('Ctrl Pts',(-0.655467404542548,-1.29905834441236,
2.46256175752329));
#1856=CARTESIAN_POINT('Ctrl Pts',(-1.27780840795134,-1.29905834322856,2.20477967349048));
#1857=CARTESIAN_POINT('Ctrl Pts',(-1.5618454982944,-1.29905834232511,2.01038278177219));
#1858=CARTESIAN_POINT('Ctrl Pts',(-2.01038240943346,-1.29905834022861,1.56184587063314));
#1859=CARTESIAN_POINT('Ctrl Pts',(-2.20477930115176,-1.29905833889579,1.27780878029004));
#1860=CARTESIAN_POINT('Ctrl Pts',(-2.46256138518455,-1.29905833596577,0.655467776881213));
#1861=CARTESIAN_POINT('Ctrl Pts',(-2.52594657749906,-1.29905833436858,0.317163863815508));
#1862=CARTESIAN_POINT('Ctrl Pts',(-2.52594657749906,-1.29905833286774,3.72336607101786E-7));
#1863=CARTESIAN_POINT('',(2.52594995787177,-1.29905638091802,5.8162471209462E-7));
#1864=CARTESIAN_POINT('Origin',(2.21002664606285E-7,-27.5689066105834,-1.94937960059593E-6));
#1865=CARTESIAN_POINT('',(2.52594641297287,-27.5689057857251,-3.20231204120092E-6));
#1866=CARTESIAN_POINT('',(-2.52594672111871,-27.5689059633482,-1.94714975736492E-6));
#1867=CARTESIAN_POINT('Ctrl Pts',(2.52594641297288,-27.5689057857251,-3.20231204331556E-6));
#1868=CARTESIAN_POINT('Ctrl Pts',(2.52594631568903,-27.5689057754238,-0.317166673132201));
#1869=CARTESIAN_POINT('Ctrl Pts',(2.46256122478715,-27.5689057644324,-0.655469789376289));
#1870=CARTESIAN_POINT('Ctrl Pts',(2.2047791575452,-27.5689057442046,-1.27781075224836));
#1871=CARTESIAN_POINT('Ctrl Pts',(2.0103822784891,-27.5689057349682,-1.56184782409046));
#1872=CARTESIAN_POINT('Ctrl Pts',(1.56184539656592,-27.5689057203746,-2.01038470601366));
#1873=CARTESIAN_POINT('Ctrl Pts',(1.27780832472384,-27.5689057140446,-2.20478158506975));
#1874=CARTESIAN_POINT('Ctrl Pts',(0.655467361851772,-27.5689057056366,-2.46256365231169));
#1875=CARTESIAN_POINT('Ctrl Pts',(0.317163470821788,-27.5689057035587,-2.52594884049753));
#1876=CARTESIAN_POINT('Ctrl Pts',(-0.317163470818512,-27.5689057035227,
-2.52594884049752));
#1877=CARTESIAN_POINT('Ctrl Pts',(-0.655467361848482,-27.5689057055622,
-2.46256365231166));
#1878=CARTESIAN_POINT('Ctrl Pts',(-1.27780832472051,-27.5689057138994,-2.2047815850697));
#1879=CARTESIAN_POINT('Ctrl Pts',(-1.56184539656256,-27.5689057201971,-2.01038470601363));
#1880=CARTESIAN_POINT('Ctrl Pts',(-2.01038227848574,-27.5689057347398,-1.56184782409041));
#1881=CARTESIAN_POINT('Ctrl Pts',(-2.20477915754185,-27.5689057439541,-1.27781075224832));
#1882=CARTESIAN_POINT('Ctrl Pts',(-2.46256122478377,-27.5689057641526,-0.655469789376216));
#1883=CARTESIAN_POINT('Ctrl Pts',(-2.5259464129696,-27.5689057751369,-0.317165898346228));
#1884=CARTESIAN_POINT('Ctrl Pts',(-2.52594641296959,-27.5689057854381,-2.42752605385255E-6));
#1885=CARTESIAN_POINT('Ctrl Pts',(-2.52594641296955,-27.5689057854382,-1.94714979778743E-6));
#1886=CARTESIAN_POINT('Ctrl Pts',(-2.52594635265242,-27.5689057957394,0.317161523670364));
#1887=CARTESIAN_POINT('Ctrl Pts',(-2.46256122478375,-27.5689058067309,0.655464934324064));
#1888=CARTESIAN_POINT('Ctrl Pts',(-2.20477915754183,-27.5689058269587,1.27780589719615));
#1889=CARTESIAN_POINT('Ctrl Pts',(-2.01038227848572,-27.5689058361951,1.56184296903828));
#1890=CARTESIAN_POINT('Ctrl Pts',(-1.56184539656252,-27.5689058507888,2.01037985096147));
#1891=CARTESIAN_POINT('Ctrl Pts',(-1.27780832472044,-27.5689058571188,2.20477673001755));
#1892=CARTESIAN_POINT('Ctrl Pts',(-0.655467361848394,-27.5689058655267,
2.46255879725949));
#1893=CARTESIAN_POINT('Ctrl Pts',(-0.317163470818415,-27.5689058676046,
2.52594398544534));
#1894=CARTESIAN_POINT('Ctrl Pts',(0.317163470821886,-27.5689058676406,2.52594398544534));
#1895=CARTESIAN_POINT('Ctrl Pts',(0.655467361851835,-27.5689058656012,2.46255879725948));
#1896=CARTESIAN_POINT('Ctrl Pts',(1.27780832472389,-27.5689058572639,2.20477673001751));
#1897=CARTESIAN_POINT('Ctrl Pts',(1.56184539656596,-27.5689058509661,2.01037985096143));
#1898=CARTESIAN_POINT('Ctrl Pts',(2.01038227848914,-27.5689058364234,1.56184296903821));
#1899=CARTESIAN_POINT('Ctrl Pts',(2.20477915754523,-27.5689058272092,1.27780589719611));
#1900=CARTESIAN_POINT('Ctrl Pts',(2.46256122478715,-27.5689058070106,0.655464934324019));
#1901=CARTESIAN_POINT('Ctrl Pts',(2.52594641297301,-27.5689057960263,0.317161043294029));
#1902=CARTESIAN_POINT('Ctrl Pts',(2.525946412973,-27.5689057857251,-2.42752613906216E-6));
#1903=CARTESIAN_POINT('',(-2.52594762091285,-27.5689064828448,-1.94714983021879E-6));
#1904=CARTESIAN_POINT('Origin',(2.03238467722195E-12,-1.29903573473024,
3.72330130212706E-7));
#1905=CARTESIAN_POINT('',(2.52594657750109,4.50160742458977E-15,1.93966022001289E-7));
#1906=CARTESIAN_POINT('Origin',(1.73472347597681E-17,8.67361737988717E-18,
-6.61744490042422E-23));
#1907=CARTESIAN_POINT('',(2.52594657750312,-1.29903573472629,3.72330126776969E-7));
#1908=CARTESIAN_POINT('Origin',(1.70521582969879E-12,-27.5689074350689,
-2.42752669181427E-6));
#1909=CARTESIAN_POINT('',(-2.52594641296898,-28.8679646239072,-2.89656549653131E-6));
#1910=CARTESIAN_POINT('Origin',(2.32067837174288E-12,-28.8679639938096,
-2.89656532117479E-6));
#1911=CARTESIAN_POINT('',(-2.52594641296959,-27.5689074350701,-2.42752663966757E-6));
#1912=CARTESIAN_POINT('Ctrl Pts',(-6.46057942192031,-32.112564059562,-1.0258597725248));
#1913=CARTESIAN_POINT('Ctrl Pts',(-6.46057942192031,-32.112564059562,-1.0258597725248));
#1914=CARTESIAN_POINT('Ctrl Pts',(-6.46057942192031,-32.112564059562,-1.0258597725248));
#1915=CARTESIAN_POINT('Ctrl Pts',(-6.46057942192031,-32.112564059562,-1.0258597725248));
#1916=CARTESIAN_POINT('Ctrl Pts',(-6.46057942192031,-32.112564059562,-1.0258597725248));
#1917=CARTESIAN_POINT('Ctrl Pts',(-6.46057942192031,-32.112564059562,-1.0258597725248));
#1918=CARTESIAN_POINT('Ctrl Pts',(-6.46057942192031,-32.112564059562,-1.0258597725248));
#1919=CARTESIAN_POINT('Ctrl Pts',(-6.46057942192031,-32.112564059562,-1.0258597725248));
#1920=CARTESIAN_POINT('Ctrl Pts',(-6.46057942192031,-32.112564059562,-1.0258597725248));
#1921=CARTESIAN_POINT('Ctrl Pts',(-6.46057942470444,-30.7506358615119,-13.3853329781461));
#1922=CARTESIAN_POINT('Ctrl Pts',(-17.0653602339551,-23.4601513702141,-12.7603793357853));
#1923=CARTESIAN_POINT('Ctrl Pts',(-17.065360231171,-24.8220795682643,-0.400906130163959));
#1924=CARTESIAN_POINT('Ctrl Pts',(-17.0653602283869,-26.1840077663144,11.9585670754574));
#1925=CARTESIAN_POINT('Ctrl Pts',(-6.46057941913618,-33.4744922576121,11.3336134330965));
#1926=CARTESIAN_POINT('Ctrl Pts',(4.14420139011452,-40.7649767489099,10.7086597907357));
#1927=CARTESIAN_POINT('Ctrl Pts',(4.14420138733038,-39.4030485508597,-1.65081341488564));
#1928=CARTESIAN_POINT('Ctrl Pts',(4.14420138454626,-38.0411203528096,-14.010286620507));
#1929=CARTESIAN_POINT('Ctrl Pts',(-6.46057942470444,-30.7506358615119,-13.3853329781461));
#1930=CARTESIAN_POINT('Ctrl Pts',(-7.37982116237948E-5,-18.7834626877827,
-12.3594850427165));
#1931=CARTESIAN_POINT('Ctrl Pts',(-10.6048546074623,-11.492978196485,-11.7345314003557));
#1932=CARTESIAN_POINT('Ctrl Pts',(-10.6048546046782,-12.8549063945351,0.624941805265676));
#1933=CARTESIAN_POINT('Ctrl Pts',(-10.6048546018941,-14.2168345925853,12.984415010887));
#1934=CARTESIAN_POINT('Ctrl Pts',(-7.37926433654924E-5,-21.507319083883,
12.3594613685262));
#1935=CARTESIAN_POINT('Ctrl Pts',(10.6047070166073,-28.7978035751807,11.7345077261653));
#1936=CARTESIAN_POINT('Ctrl Pts',(10.6047070138232,-27.4358753771306,-0.624965479456004));
#1937=CARTESIAN_POINT('Ctrl Pts',(10.6047070110391,-26.0739471790804,-12.9844386850773));
#1938=CARTESIAN_POINT('Ctrl Pts',(-7.37982116237948E-5,-18.7834626877827,
-12.3594850427165));
#1939=CARTESIAN_POINT('Ctrl Pts',(6.46043182828121,-6.81628951405354,-11.3336371072869));
#1940=CARTESIAN_POINT('Ctrl Pts',(-4.14434898096949,0.474194977244189,-10.708683464926));
#1941=CARTESIAN_POINT('Ctrl Pts',(-4.14434897818536,-0.887733220805945,
1.65078974069531));
#1942=CARTESIAN_POINT('Ctrl Pts',(-4.14434897540124,-2.24966141885608,14.0102629463167));
#1943=CARTESIAN_POINT('Ctrl Pts',(6.46043183384946,-9.54014591015381,13.3853093039558));
#1944=CARTESIAN_POINT('Ctrl Pts',(17.0652126431002,-16.8306304014515,12.760355661595));
#1945=CARTESIAN_POINT('Ctrl Pts',(17.065212640316,-15.4687022034014,0.400882455973634));
#1946=CARTESIAN_POINT('Ctrl Pts',(17.0652126375319,-14.1067740053513,-11.9585907496477));
#1947=CARTESIAN_POINT('Ctrl Pts',(6.46043182828121,-6.81628951405354,-11.3336371072869));
#1948=CARTESIAN_POINT('Ctrl Pts',(6.46043183106533,-8.17821771210368,1.02583609833447));
#1949=CARTESIAN_POINT('Ctrl Pts',(6.46043183106533,-8.17821771210368,1.02583609833447));
#1950=CARTESIAN_POINT('Ctrl Pts',(6.46043183106533,-8.17821771210368,1.02583609833447));
#1951=CARTESIAN_POINT('Ctrl Pts',(6.46043183106533,-8.17821771210368,1.02583609833447));
#1952=CARTESIAN_POINT('Ctrl Pts',(6.46043183106533,-8.17821771210368,1.02583609833447));
#1953=CARTESIAN_POINT('Ctrl Pts',(6.46043183106533,-8.17821771210368,1.02583609833447));
#1954=CARTESIAN_POINT('Ctrl Pts',(6.46043183106533,-8.17821771210368,1.02583609833447));
#1955=CARTESIAN_POINT('Ctrl Pts',(6.46043183106533,-8.17821771210368,1.02583609833447));
#1956=CARTESIAN_POINT('Ctrl Pts',(6.46043183106533,-8.17821771210368,1.02583609833447));
#1957=CARTESIAN_POINT('',(6.42476565458873,-8.09920580376739,-0.140850129880288));
#1958=CARTESIAN_POINT('',(6.2208713515906,-8.25453527172998,-2.34666309164176));
#1959=CARTESIAN_POINT('Ctrl Pts',(6.42486042283771,-8.10138772406068,-0.275002557064776));
#1960=CARTESIAN_POINT('Ctrl Pts',(6.36779246731733,-8.09292894942451,-1.32014664153104));
#1961=CARTESIAN_POINT('Ctrl Pts',(6.22087135158426,-8.25453527173695,-2.34666309168606));
#1962=CARTESIAN_POINT('',(6.46043183106533,-8.17821771210368,1.02583609833447));
#1963=CARTESIAN_POINT('Ctrl Pts',(6.46043183106533,-8.17821771210368,1.02583609833447));
#1964=CARTESIAN_POINT('Ctrl Pts',(6.46043183097855,-8.13576749909974,0.64060120052837));
#1965=CARTESIAN_POINT('Ctrl Pts',(6.45100437961675,-8.10995317148309,0.246363105184268));
#1966=CARTESIAN_POINT('Ctrl Pts',(6.43112759319796,-8.10292857349501,-0.154672342547957));
#1967=CARTESIAN_POINT('',(4.76731293497613,-8.10711367347731,4.32884452080232));
#1968=CARTESIAN_POINT('Origin',(1.25492812148853E-7,-8.10210167281705,-4.06370166533635E-7));
#1969=CARTESIAN_POINT('',(5.09542171604136,-8.25661837562336,4.27554499951675));
#1970=CARTESIAN_POINT('Ctrl Pts',(4.77726436567893,-8.11594258619533,4.33788067985456));
#1971=CARTESIAN_POINT('Ctrl Pts',(4.88090618453044,-8.15929672799484,4.31514241602439));
#1972=CARTESIAN_POINT('Ctrl Pts',(4.98410744044011,-8.20374219657457,4.29196604221619));
#1973=CARTESIAN_POINT('Ctrl Pts',(5.08684722682308,-8.24927681329067,4.26836849044443));
#1974=CARTESIAN_POINT('Ctrl Pts',(5.09900302581664,-8.25992557457165,4.27854468919223));
#1975=CARTESIAN_POINT('Ctrl Pts',(5.82230734147581,-8.25926541731626,3.41510206445641));
#1976=CARTESIAN_POINT('Ctrl Pts',(6.34757935062144,-8.25838431062958,2.3022936341741));
#1977=CARTESIAN_POINT('Ctrl Pts',(6.54856388243019,-8.25746627567375,1.17322854473155));
#1978=CARTESIAN_POINT('Ctrl Pts',(6.71723652517676,-8.25669583139756,0.22568103570045));
#1979=CARTESIAN_POINT('Ctrl Pts',(6.68413278628557,-8.25592408663743,-0.705758511905673));
#1980=CARTESIAN_POINT('Ctrl Pts',(6.44242928102727,-8.2551293110862,-1.64684952578869));
#1981=CARTESIAN_POINT('Ctrl Pts',(6.3817452570189,-8.25492976835064,-1.88312739697434));
#1982=CARTESIAN_POINT('Ctrl Pts',(6.30772354313151,-8.25473108981528,-2.11719082885197));
#1983=CARTESIAN_POINT('Ctrl Pts',(6.2208713515906,-8.25453527172998,-2.34666309164176));
#1984=CARTESIAN_POINT('Ctrl Pts',(11.47292054216,-15.9246500088349,46.7047462334437));
#1985=CARTESIAN_POINT('Ctrl Pts',(11.47292054216,-15.9246500088349,46.7047462334437));
#1986=CARTESIAN_POINT('Ctrl Pts',(11.47292054216,-15.9246500088349,46.7047462334437));
#1987=CARTESIAN_POINT('Ctrl Pts',(11.47292054216,-15.9246500088349,46.7047462334437));
#1988=CARTESIAN_POINT('Ctrl Pts',(11.47292054216,-15.9246500088349,46.7047462334437));
#1989=CARTESIAN_POINT('Ctrl Pts',(11.47292054216,-15.9246500088349,46.7047462334437));
#1990=CARTESIAN_POINT('Ctrl Pts',(11.47292054216,-15.9246500088349,46.7047462334437));
#1991=CARTESIAN_POINT('Ctrl Pts',(11.47292054216,-15.9246500088349,46.7047462334437));
#1992=CARTESIAN_POINT('Ctrl Pts',(11.47292054216,-15.9246500088349,46.7047462334437));
#1993=CARTESIAN_POINT('Ctrl Pts',(11.472920605763,-47.0416466880652,43.9896381343946));
#1994=CARTESIAN_POINT('Ctrl Pts',(-15.3166266389093,-47.7729883771707,50.5099450766621));
#1995=CARTESIAN_POINT('Ctrl Pts',(-15.3166267025123,-16.6559916979405,53.2250531757112));
#1996=CARTESIAN_POINT('Ctrl Pts',(-15.3166267661153,14.4610049812898,55.9401612747602));
#1997=CARTESIAN_POINT('Ctrl Pts',(11.472920478557,15.1923466703954,49.4198543324927));
#1998=CARTESIAN_POINT('Ctrl Pts',(38.2624677232293,15.923688359501,42.8995473902252));
#1999=CARTESIAN_POINT('Ctrl Pts',(38.2624677868324,-15.1933083197293,40.1844392911762));
#2000=CARTESIAN_POINT('Ctrl Pts',(38.2624678504354,-46.3103049989596,37.4693311921272));
#2001=CARTESIAN_POINT('Ctrl Pts',(11.472920605763,-47.0416466880652,43.9896381343946));
#2002=CARTESIAN_POINT('Ctrl Pts',(4.92078479871731,-44.0514289440174,17.3302287148745));
#2003=CARTESIAN_POINT('Ctrl Pts',(-21.868762445955,-44.782770633123,23.850535657142));
#2004=CARTESIAN_POINT('Ctrl Pts',(-21.8687625095581,-13.6657739538927,26.565643756191));
#2005=CARTESIAN_POINT('Ctrl Pts',(-21.8687625731611,17.4512227253376,29.28075185524));
#2006=CARTESIAN_POINT('Ctrl Pts',(4.92078467151128,18.1825644144432,22.7604449129725));
#2007=CARTESIAN_POINT('Ctrl Pts',(31.7103319161836,18.9139061035488,16.240137970705));
#2008=CARTESIAN_POINT('Ctrl Pts',(31.7103319797866,-12.2030905756815,13.525029871656));
#2009=CARTESIAN_POINT('Ctrl Pts',(31.7103320433896,-43.3200872549118,10.809921772607));
#2010=CARTESIAN_POINT('Ctrl Pts',(4.92078479871731,-44.0514289440174,17.3302287148745));
#2011=CARTESIAN_POINT('Ctrl Pts',(-1.63135100832841,-41.0612111999696,-9.32918070464564));
#2012=CARTESIAN_POINT('Ctrl Pts',(-28.4208982530008,-41.7925528890752,-2.80887376237813));
#2013=CARTESIAN_POINT('Ctrl Pts',(-28.4208983166038,-10.6755562098449,-0.0937656633291198));
#2014=CARTESIAN_POINT('Ctrl Pts',(-28.4208983802068,20.4414404693853,2.62134243571989));
#2015=CARTESIAN_POINT('Ctrl Pts',(-1.63135113553443,21.1727821584909,-3.89896450654761));
#2016=CARTESIAN_POINT('Ctrl Pts',(25.1581961091379,21.9041238475965,-10.4192714488151));
#2017=CARTESIAN_POINT('Ctrl Pts',(25.1581961727409,-9.21287283163376,-13.1343795478641));
#2018=CARTESIAN_POINT('Ctrl Pts',(25.1581962363439,-40.329869510864,-15.8494876469131));
#2019=CARTESIAN_POINT('Ctrl Pts',(-1.63135100832841,-41.0612111999696,-9.32918070464564));
#2020=CARTESIAN_POINT('Ctrl Pts',(-1.63135107193142,-9.94421452073935,-6.61407260559662));
#2021=CARTESIAN_POINT('Ctrl Pts',(-1.63135107193142,-9.94421452073934,-6.61407260559662));
#2022=CARTESIAN_POINT('Ctrl Pts',(-1.63135107193141,-9.94421452073934,-6.61407260559662));
#2023=CARTESIAN_POINT('Ctrl Pts',(-1.63135107193141,-9.94421452073934,-6.61407260559662));
#2024=CARTESIAN_POINT('Ctrl Pts',(-1.63135107193141,-9.94421452073934,-6.61407260559662));
#2025=CARTESIAN_POINT('Ctrl Pts',(-1.63135107193141,-9.94421452073935,-6.61407260559662));
#2026=CARTESIAN_POINT('Ctrl Pts',(-1.63135107193141,-9.94421452073935,-6.61407260559662));
#2027=CARTESIAN_POINT('Ctrl Pts',(-1.63135107193142,-9.94421452073935,-6.61407260559662));
#2028=CARTESIAN_POINT('Ctrl Pts',(-1.63135107193142,-9.94421452073935,-6.61407260559662));
#2029=CARTESIAN_POINT('',(-1.63135107193141,-9.94421452073935,-6.61407260559662));
#2030=CARTESIAN_POINT('',(-1.62141694294164,-11.6616062206478,-6.72310764357451));
#2031=CARTESIAN_POINT('Ctrl Pts',(-1.63135107193142,-9.94421452073935,-6.61407260559662));
#2032=CARTESIAN_POINT('Ctrl Pts',(-1.63135107017955,-10.8012932742963,-6.68885686222955));
#2033=CARTESIAN_POINT('Ctrl Pts',(-1.62141694294164,-11.6616062206479,-6.72310764357452));
#2034=CARTESIAN_POINT('',(-2.35819596991698,-11.6153076468187,-6.51137633148351));
#2035=CARTESIAN_POINT('Ctrl Pts',(-2.36320443657292,-11.631901167138,-6.52972689560073));
#2036=CARTESIAN_POINT('Ctrl Pts',(-2.11764567652056,-11.6523814492487,-6.59781325756969));
#2037=CARTESIAN_POINT('Ctrl Pts',(-1.8703080843541,-11.6623951652306,-6.66230788876509));
#2038=CARTESIAN_POINT('Ctrl Pts',(-1.62141694294164,-11.6616062206478,-6.72310764357452));
#2039=CARTESIAN_POINT('',(-1.99903621162012,-8.24877217367325,-6.33956270608699));
#2040=CARTESIAN_POINT('Ctrl Pts',(-1.9990362116201,-8.24877217367325,-6.33956270608698));
#2041=CARTESIAN_POINT('Ctrl Pts',(-1.88678153707127,-8.93976792031125,-6.46731760342892));
#2042=CARTESIAN_POINT('Ctrl Pts',(-2.01708013244034,-10.0541851608188,-6.54947770887159));
#2043=CARTESIAN_POINT('Ctrl Pts',(-2.35831757884823,-11.59966639836,-6.51036033087117));
#2044=CARTESIAN_POINT('',(-0.927738295334295,-8.25816050416003,-6.58911150702312));
#2045=CARTESIAN_POINT('Ctrl Pts',(-0.927738295377024,-8.25816050442916,
-6.58911150714199));
#2046=CARTESIAN_POINT('Ctrl Pts',(-1.29018164659906,-8.23622833158041,-6.50652887714023));
#2047=CARTESIAN_POINT('Ctrl Pts',(-1.63957342319424,-8.23251709520314,-6.42180835777586));
#2048=CARTESIAN_POINT('Ctrl Pts',(-1.99668660419657,-8.24652286935335,-6.33008495577059));
#2049=CARTESIAN_POINT('',(-1.08387948277218,-11.6432779014475,-6.84810981848086));
#2050=CARTESIAN_POINT('Ctrl Pts',(-1.08387948201061,-11.6432779013001,-6.8481098185939));
#2051=CARTESIAN_POINT('Ctrl Pts',(-1.15685825117764,-11.1232179091066,-6.81239213515181));
#2052=CARTESIAN_POINT('Ctrl Pts',(-1.17677812602279,-10.575333986498,-6.7753720218973));
#2053=CARTESIAN_POINT('Ctrl Pts',(-1.14984939158001,-10.0114930129704,-6.73360035115455));
#2054=CARTESIAN_POINT('Ctrl Pts',(-1.12395238170291,-9.46925456163929,-6.69342908458029));
#2055=CARTESIAN_POINT('Ctrl Pts',(-1.05926240599803,-8.96347993367255,-6.65270232997361));
#2056=CARTESIAN_POINT('Ctrl Pts',(-0.967806347949803,-8.46636606296176,
-6.60808032334012));
#2057=CARTESIAN_POINT('Ctrl Pts',(-0.955085677639877,-8.39722223814844,
-6.60187382541023));
#2058=CARTESIAN_POINT('Ctrl Pts',(-0.941727979046667,-8.3278031147514,-6.59555150480282));
#2059=CARTESIAN_POINT('Ctrl Pts',(-0.927738295367142,-8.25816050414182,
-6.58911150710491));
#2060=CARTESIAN_POINT('Ctrl Pts',(-1.62141694294164,-11.6616062206478,-6.72310764357452));
#2061=CARTESIAN_POINT('Ctrl Pts',(-1.4430093313261,-11.6610406974319,-6.76668950422573));
#2062=CARTESIAN_POINT('Ctrl Pts',(-1.2638033360179,-11.6549321521326,-6.80837238438663));
#2063=CARTESIAN_POINT('Ctrl Pts',(-1.08387948275534,-11.6432779015968,-6.8481098184387));
#2064=CARTESIAN_POINT('Origin',(-0.00922252997851716,-12.2636441514788,
-0.040792510468688));
#2065=CARTESIAN_POINT('',(-4.6795319957359,-11.6413170331193,-5.10943039564804));
#2066=CARTESIAN_POINT('',(-4.26857697448571,-8.25054838820862,-5.08733053430453));
#2067=CARTESIAN_POINT('Ctrl Pts',(-4.67953199573591,-11.6413170331193,-5.10943039564804));
#2068=CARTESIAN_POINT('Ctrl Pts',(-4.28677466318515,-9.97285764998924,-5.33853787296181));
#2069=CARTESIAN_POINT('Ctrl Pts',(-4.2685769744857,-8.25054838820861,-5.08733053430452));
#2070=CARTESIAN_POINT('',(-6.14586158408318,-11.6471545946465,-3.19957285167462));
#2071=CARTESIAN_POINT('Ctrl Pts',(-6.14897262253409,-11.6442824855742,-3.20128727424405));
#2072=CARTESIAN_POINT('Ctrl Pts',(-5.77001329095413,-11.6404603951029,-3.93708391528757));
#2073=CARTESIAN_POINT('Ctrl Pts',(-5.27189411964419,-11.6373343623021,-4.58094058486722));
#2074=CARTESIAN_POINT('Ctrl Pts',(-4.68918353954763,-11.635024913491,-5.11783465844795));
#2075=CARTESIAN_POINT('',(-5.75149126751001,-8.25679127306928,-3.32141989640365));
#2076=CARTESIAN_POINT('Ctrl Pts',(-5.75149126751002,-8.25679127306928,-3.32141989640365));
#2077=CARTESIAN_POINT('Ctrl Pts',(-5.85485039330904,-9.97889351561687,-3.55018986030219));
#2078=CARTESIAN_POINT('Ctrl Pts',(-6.14586158408318,-11.6471545946465,-3.19957285167462));
#2079=CARTESIAN_POINT('Ctrl Pts',(-4.27502673689434,-8.25559104323629,-5.09436013049136));
#2080=CARTESIAN_POINT('Ctrl Pts',(-4.86464302712577,-8.25386618596569,-4.5963643773175));
#2081=CARTESIAN_POINT('Ctrl Pts',(-5.36003593499148,-8.25434053798891,-4.01328206530685));
#2082=CARTESIAN_POINT('Ctrl Pts',(-5.76115187362635,-8.25727567455681,-3.3270689356116));
#2083=CARTESIAN_POINT('Origin',(-0.175817609480421,-10.9035852617074,-0.0487228230792648));
#2084=CARTESIAN_POINT('',(-6.40138622139549,-11.6431589625923,-2.65111907298703));
#2085=CARTESIAN_POINT('',(-6.01866429415499,-8.24943459450556,-2.80634839718055));
#2086=CARTESIAN_POINT('Ctrl Pts',(-6.40138622139548,-11.6431589625923,-2.65111907298703));
#2087=CARTESIAN_POINT('Ctrl Pts',(-6.37306313281516,-9.90880737455843,-2.48661382384987));
#2088=CARTESIAN_POINT('Ctrl Pts',(-6.01866429415501,-8.24943459450557,-2.80634839718055));
#2089=CARTESIAN_POINT('',(-6.82338611415615,-11.6433554269718,-1.203149607465));
#2090=CARTESIAN_POINT('Ctrl Pts',(-6.83108196325386,-11.6400255510977,-1.20447599426799));
#2091=CARTESIAN_POINT('Ctrl Pts',(-6.74572727876693,-11.6386321651187,-1.69621563444733));
#2092=CARTESIAN_POINT('Ctrl Pts',(-6.60408816952917,-11.6382395403741,-2.18654045030588));
#2093=CARTESIAN_POINT('Ctrl Pts',(-6.40959038303137,-11.6388957534318,-2.65453468950085));
#2094=CARTESIAN_POINT('',(-6.54019824642948,-8.2521412713188,-1.15321240331588));
#2095=CARTESIAN_POINT('Ctrl Pts',(-6.54019824642948,-8.25214127131879,-1.15321240331588));
#2096=CARTESIAN_POINT('Ctrl Pts',(-6.73530555014686,-9.94182616999371,-1.18761433653245));
#2097=CARTESIAN_POINT('Ctrl Pts',(-6.82338611415615,-11.6433554269718,-1.203149607465));
#2098=CARTESIAN_POINT('',(-6.14104866775636,-8.25319233359577,-2.54370812911286));
#2099=CARTESIAN_POINT('Ctrl Pts',(-6.14104858043565,-8.25319119950201,-2.54370808566384));
#2100=CARTESIAN_POINT('Ctrl Pts',(-6.33030605287683,-8.25575795361611,-2.0963554176285));
#2101=CARTESIAN_POINT('Ctrl Pts',(-6.46772329057628,-8.25664823737467,-1.62668359744561));
#2102=CARTESIAN_POINT('Ctrl Pts',(-6.5498037677737,-8.255897690304,-1.15510581623898));
#2103=CARTESIAN_POINT('Ctrl Pts',(-6.02211443299231,-8.25146737504524,-2.80791215592729));
#2104=CARTESIAN_POINT('Ctrl Pts',(-6.06374429308119,-8.25210801071472,-2.72078811264322));
#2105=CARTESIAN_POINT('Ctrl Pts',(-6.10340977587099,-8.25268404428406,-2.6326766096825));
#2106=CARTESIAN_POINT('Ctrl Pts',(-6.14104884239693,-8.25319460178329,-2.5437082160128));
#2107=CARTESIAN_POINT('Origin',(-0.0336146228967264,-12.2242046912028,-0.0219847055093191));
#2108=CARTESIAN_POINT('',(-6.61614416736198,-8.25525444318453,-0.579396687627459));
#2109=CARTESIAN_POINT('',(-6.41552203347833,-8.25683892942214,1.71831883063797));
#2110=CARTESIAN_POINT('Ctrl Pts',(-6.62521090231727,-8.25567330894824,-0.580109432588021));
#2111=CARTESIAN_POINT('Ctrl Pts',(-6.68983109773268,-8.25375467157719,0.189228516163082));
#2112=CARTESIAN_POINT('Ctrl Pts',(-6.62785647723144,-8.25422149134765,0.951951186988864));
#2113=CARTESIAN_POINT('Ctrl Pts',(-6.42645914432089,-8.25735653677824,1.72118024390761));
#2114=CARTESIAN_POINT('',(-6.92172702869798,-11.6397138653511,-0.304408570640296));
#2115=CARTESIAN_POINT('Ctrl Pts',(-6.92172702869801,-11.6397138653511,-0.304408570640301));
#2116=CARTESIAN_POINT('Ctrl Pts',(-6.80618848988778,-9.97430976565527,-0.743032142000802));
#2117=CARTESIAN_POINT('Ctrl Pts',(-6.61614416736194,-8.25525444318453,-0.579396687627457));
#2118=CARTESIAN_POINT('',(-6.60821950457441,-11.647160518818,2.08334205198901));
#2119=CARTESIAN_POINT('Ctrl Pts',(-6.61161452630953,-11.6443007972883,2.08432490848587));
#2120=CARTESIAN_POINT('Ctrl Pts',(-6.86413981045161,-11.6404438791695,1.29554013088648));
#2121=CARTESIAN_POINT('Ctrl Pts',(-6.96716700758538,-11.6373101495953,0.487549121423922));
#2122=CARTESIAN_POINT('Ctrl Pts',(-6.93453814967865,-11.6350253022836,-0.304702784223434));
#2123=CARTESIAN_POINT('Ctrl Pts',(-6.41552203347833,-8.25683892942214,1.71831883063796));
#2124=CARTESIAN_POINT('Ctrl Pts',(-6.65037295289018,-9.97891910689786,1.62964618068479));
#2125=CARTESIAN_POINT('Ctrl Pts',(-6.60821950457442,-11.647160518818,2.08334205198902));
#2126=CARTESIAN_POINT('Origin',(4.05675580050432E-6,-11.6074619553772,9.9540849092647E-5));
#2127=CARTESIAN_POINT('',(4.69510049666761,-8.25412862527936,-4.69711743727485));
#2128=CARTESIAN_POINT('',(4.68053018859101,-11.6420800950625,-5.10861853006214));
#2129=CARTESIAN_POINT('Ctrl Pts',(4.69510049666762,-8.25412862527936,-4.69711743727485));
#2130=CARTESIAN_POINT('Ctrl Pts',(4.51666576823615,-9.9107442418582,-5.13806689369072));
#2131=CARTESIAN_POINT('Ctrl Pts',(4.68053018859102,-11.6420800950625,-5.10861853006214));
#2132=CARTESIAN_POINT('',(6.02167500901523,-8.25124994799171,-2.80795876222244));
#2133=CARTESIAN_POINT('Ctrl Pts',(6.02531554015338,-8.25402011370261,-2.80966345460609));
#2134=CARTESIAN_POINT('Ctrl Pts',(5.69078228592305,-8.25342366302833,-3.52505941816752));
#2135=CARTESIAN_POINT('Ctrl Pts',(5.22508997656058,-8.25287167944793,-4.1748057853644));
#2136=CARTESIAN_POINT('Ctrl Pts',(4.69836400105976,-8.25241554389576,-4.70038656582948));
#2137=CARTESIAN_POINT('Ctrl Pts',(6.2208713515906,-8.25453527172998,-2.34666309164176));
#2138=CARTESIAN_POINT('Ctrl Pts',(6.16156022278984,-8.25440154808441,-2.50336908481313));
#2139=CARTESIAN_POINT('Ctrl Pts',(6.09627680162165,-8.25426915567867,-2.6579382263816));
#2140=CARTESIAN_POINT('Ctrl Pts',(6.02532487829721,-8.25413869570129,-2.80966743175443));
#2141=CARTESIAN_POINT('',(3.06683303443574,-8.25947860497573,5.89133261718927));
#2142=CARTESIAN_POINT('Ctrl Pts',(3.07432223265047,-8.26133993653283,5.90566724817333));
#2143=CARTESIAN_POINT('Ctrl Pts',(3.85731421981012,-8.25936661060065,5.4974613552689));
#2144=CARTESIAN_POINT('Ctrl Pts',(4.52518127479799,-8.26066736541553,4.96356966241778));
#2145=CARTESIAN_POINT('Ctrl Pts',(5.09904765240446,-8.26068041934515,4.27858880833244));
#2146=CARTESIAN_POINT('',(3.14547517537783,-9.94537823509606,6.04239027128394));
#2147=CARTESIAN_POINT('',(3.14547517537783,-9.94537823509606,6.04239027128394));
#2148=CARTESIAN_POINT('',(-3.40603418712019,-9.94545702180739,5.8994207794234));
#2149=CARTESIAN_POINT('Origin',(5.8040443213711E-7,-9.94788148692789,6.62121387408579E-5));
#2150=CARTESIAN_POINT('',(-3.56751734342419,-8.25659869729541,5.60200081854673));
#2151=CARTESIAN_POINT('Ctrl Pts',(-3.56735341281484,-8.25656610879276,5.60210176250111));
#2152=CARTESIAN_POINT('Ctrl Pts',(-3.51677658061187,-8.81950487356947,5.70170396816251));
#2153=CARTESIAN_POINT('Ctrl Pts',(-3.4630038458118,-9.38244384566019,5.80086962744889));
#2154=CARTESIAN_POINT('Ctrl Pts',(-3.40603046343171,-9.94538309776128,5.89941430848567));
#2155=CARTESIAN_POINT('',(-6.24028003332637,-8.25299851492914,2.27246863133654));
#2156=CARTESIAN_POINT('Ctrl Pts',(-6.2511958079568,-8.25730320258818,2.27670280988506));
#2157=CARTESIAN_POINT('Ctrl Pts',(-5.93738031771183,-8.25801929626433,3.14133309952056));
#2158=CARTESIAN_POINT('Ctrl Pts',(-5.43259332104652,-8.25869694963218,3.94195558030978));
#2159=CARTESIAN_POINT('Ctrl Pts',(-4.83169215943657,-8.259248233258,4.57738261397274));
#2160=CARTESIAN_POINT('Ctrl Pts',(-4.46413582857499,-8.25958543977334,4.96605756410541));
#2161=CARTESIAN_POINT('Ctrl Pts',(-4.04591215268275,-8.25989426460482,5.31520292190396));
#2162=CARTESIAN_POINT('Ctrl Pts',(-3.57583521055469,-8.26016685476536,5.61502358029345));
#2163=CARTESIAN_POINT('',(-6.40110395935773,-11.6433802680706,2.65182905827719));
#2164=CARTESIAN_POINT('Ctrl Pts',(-6.40110395935772,-11.6433802680706,2.65182905827719));
#2165=CARTESIAN_POINT('Ctrl Pts',(-6.26488621785069,-9.910774719343,2.74806147211313));
#2166=CARTESIAN_POINT('Ctrl Pts',(-6.24028003332638,-8.25299851492914,2.27246863133655));
#2167=CARTESIAN_POINT('',(6.93714767023948,-11.6393026702698,5.1772129339156E-6));
#2168=CARTESIAN_POINT('Ctrl Pts',(6.93714767023948,-11.6393026702698,5.1772129339156E-6));
#2169=CARTESIAN_POINT('Ctrl Pts',(6.93698422459831,-11.6394732244246,0.84016683940742));
#2170=CARTESIAN_POINT('Ctrl Pts',(6.77923154008632,-11.6396468652886,1.71452658550412));
#2171=CARTESIAN_POINT('Ctrl Pts',(6.45665379155783,-11.6398059744144,2.53554202106359));
#2172=CARTESIAN_POINT('Ctrl Pts',(6.10836940680337,-11.6399777631513,3.42198523406311));
#2173=CARTESIAN_POINT('Ctrl Pts',(5.56668292712193,-11.6401303219939,4.23474563579088));
#2174=CARTESIAN_POINT('Ctrl Pts',(4.93495361109357,-11.6402464402226,4.87419226690676));
#2175=CARTESIAN_POINT('Ctrl Pts',(4.33697175359988,-11.6403563553275,5.47947917467088));
#2176=CARTESIAN_POINT('Ctrl Pts',(3.5875616184104,-11.6404472679413,6.00425289099726));
#2177=CARTESIAN_POINT('Ctrl Pts',(2.7604669579871,-11.640504047789,6.36301241779615));
#2178=CARTESIAN_POINT('Ctrl Pts',(1.90258154701643,-11.6405629414142,6.73512770134784));
#2179=CARTESIAN_POINT('Ctrl Pts',(0.963633814404151,-11.6405845593526,6.92532561699019));
#2180=CARTESIAN_POINT('Ctrl Pts',(0.0795613591668642,-11.6405717440296,
6.9354795879118));
#2181=CARTESIAN_POINT('Ctrl Pts',(-0.78178615750214,-11.6405592581223,6.94537255266354));
#2182=CARTESIAN_POINT('Ctrl Pts',(-1.69008112364833,-11.64051320751,6.78834630704519));
#2183=CARTESIAN_POINT('Ctrl Pts',(-2.53799062028224,-11.6404331923532,6.4550479756087));
#2184=CARTESIAN_POINT('Ctrl Pts',(-3.42842871239255,-11.6403491638762,6.10503240021294));
#2185=CARTESIAN_POINT('Ctrl Pts',(-4.24436058822671,-11.6402275682016,5.55979235835397));
#2186=CARTESIAN_POINT('Ctrl Pts',(-4.88502564366894,-11.6400902486336,4.92443965185441));
#2187=CARTESIAN_POINT('Ctrl Pts',(-5.46993392533925,-11.639964879922,4.34438138793563));
#2188=CARTESIAN_POINT('Ctrl Pts',(-5.98062791641116,-11.6398116262562,3.62107712793601));
#2189=CARTESIAN_POINT('Ctrl Pts',(-6.33625791042689,-11.639644978153,2.82335149494036));
#2190=CARTESIAN_POINT('Ctrl Pts',(-6.36113360193566,-11.6396333214118,2.76755199239854));
#2191=CARTESIAN_POINT('Ctrl Pts',(-6.3852763845411,-11.6396216041007,2.71141414848248));
#2192=CARTESIAN_POINT('Ctrl Pts',(-6.40867321349434,-11.6396098322025,2.65496724512142));
#2193=CARTESIAN_POINT('Ctrl Pts',(4.68714104104148,-11.6382112811662,-5.11558228970643));
#2194=CARTESIAN_POINT('Ctrl Pts',(5.38085951747573,-11.6383560004947,-4.47977691191149));
#2195=CARTESIAN_POINT('Ctrl Pts',(5.9599301466061,-11.6385309405981,-3.68560318596963));
#2196=CARTESIAN_POINT('Ctrl Pts',(6.35492102991484,-11.6387235839201,-2.78328341054861));
#2197=CARTESIAN_POINT('Ctrl Pts',(6.72500446073881,-11.6389040794822,-1.93786238363569));
#2198=CARTESIAN_POINT('Ctrl Pts',(6.91861229264623,-11.6390966648532,-1.01255562732191));
#2199=CARTESIAN_POINT('Ctrl Pts',(6.93580817785225,-11.6392746886589,-0.137671115032538));
#2200=CARTESIAN_POINT('Ctrl Pts',(6.93671310405062,-11.6392840570866,-0.0916306869745631));
#2201=CARTESIAN_POINT('Ctrl Pts',(6.93715666919049,-11.6392932799399,-0.0462522425942547));
#2202=CARTESIAN_POINT('Ctrl Pts',(6.93714767023948,-11.6393026702698,5.17721293474827E-6));
#2203=CARTESIAN_POINT('Origin',(-0.0013107826512556,-17.4206425942102,0.00493778639028939));
#2204=CARTESIAN_POINT('',(6.92229808763137,-17.2200096836911,0.30222927087601));
#2205=CARTESIAN_POINT('',(6.92889261923527,-17.2200112541093,-2.60752614063939E-7));
#2206=CARTESIAN_POINT('',(6.92229808148234,-17.2200096836897,0.30222955268793));
#2207=CARTESIAN_POINT('',(6.80559821771387,-18.922586569328,0.297137673506635));
#2208=CARTESIAN_POINT('',(6.80559821771387,-18.922586569328,0.297137673506635));
#2209=CARTESIAN_POINT('',(3.14686011082632,-18.922589970165,6.04165068884695));
#2210=CARTESIAN_POINT('Ctrl Pts',(3.14686011082632,-18.922589970165,6.04165068884695));
#2211=CARTESIAN_POINT('Ctrl Pts',(3.6701008556881,-18.9225854923574,5.76070085042809));
#2212=CARTESIAN_POINT('Ctrl Pts',(4.65729430363698,-18.922585964685,5.08276801965218));
#2213=CARTESIAN_POINT('Ctrl Pts',(5.80988732754623,-18.9225902177127,3.70130431036371));
#2214=CARTESIAN_POINT('Ctrl Pts',(6.57503672907867,-18.9225865031904,2.07238780216471));
#2215=CARTESIAN_POINT('Ctrl Pts',(6.77218539550467,-18.9225821079869,0.890616947509984));
#2216=CARTESIAN_POINT('Ctrl Pts',(6.80559821771387,-18.922586569328,0.297137673506635));
#2217=CARTESIAN_POINT('',(3.31990980030167,-20.6304495002616,5.75024955394991));
#2218=CARTESIAN_POINT('Ctrl Pts',(3.32075002482175,-20.6193177428774,5.75170509109982));
#2219=CARTESIAN_POINT('Ctrl Pts',(3.26520804047194,-20.0537908504792,5.84879829990717));
#2220=CARTESIAN_POINT('Ctrl Pts',(3.20656584116302,-19.4882647042172,5.94529752453729));
#2221=CARTESIAN_POINT('Ctrl Pts',(3.14482814578152,-18.9227387281835,6.04102385194743));
#2222=CARTESIAN_POINT('',(6.64142305469892,-20.6345957843624,-1.43802764681825E-6));
#2223=CARTESIAN_POINT('Ctrl Pts',(6.64142305469891,-20.6345957843624,-1.43802764612788E-6));
#2224=CARTESIAN_POINT('Ctrl Pts',(6.64102451262032,-20.6346968363989,1.75659417560456));
#2225=CARTESIAN_POINT('Ctrl Pts',(5.90738047373675,-20.6348078470093,3.50464191567307));
#2226=CARTESIAN_POINT('Ctrl Pts',(4.65518670635855,-20.634896693687,4.73519213204661));
#2227=CARTESIAN_POINT('Ctrl Pts',(4.25558756856189,-20.6349250463723,5.12788439604655));
#2228=CARTESIAN_POINT('Ctrl Pts',(3.807098261728,-20.6349511748777,5.46921559834412));
#2229=CARTESIAN_POINT('Ctrl Pts',(3.31997078642564,-20.6349744571818,5.75035425599122));
#2230=CARTESIAN_POINT('',(-3.32002872950027,-20.6313652612446,5.75045491993953));
#2231=CARTESIAN_POINT('Ctrl Pts',(-3.31977373720347,-20.6350757423228,5.75001322570732));
#2232=CARTESIAN_POINT('Ctrl Pts',(-4.9855286539327,-20.6350472678879,4.78841613412368));
#2233=CARTESIAN_POINT('Ctrl Pts',(-6.18959724160959,-20.6349696748346,3.07554863478681));
#2234=CARTESIAN_POINT('Ctrl Pts',(-6.53322748801323,-20.6348679911973,1.18795325816045));
#2235=CARTESIAN_POINT('Ctrl Pts',(-6.8585277705886,-20.6347717315801,-0.598953790421265));
#2236=CARTESIAN_POINT('Ctrl Pts',(-6.41081303625454,-20.6346553563169,-2.51280433684486));
#2237=CARTESIAN_POINT('Ctrl Pts',(-5.32383583942668,-20.6345542494604,-3.97082468915879));
#2238=CARTESIAN_POINT('Ctrl Pts',(-4.2759534772066,-20.6344567790701,-5.37640505957168));
#2239=CARTESIAN_POINT('Ctrl Pts',(-2.65670459804407,-20.6343753291686,-6.33550278673563));
#2240=CARTESIAN_POINT('Ctrl Pts',(-0.919602249780939,-20.6343336537543,
-6.57849848475167));
#2241=CARTESIAN_POINT('Ctrl Pts',(0.877722478675458,-20.6342905335244,-6.82991842980524));
#2242=CARTESIAN_POINT('Ctrl Pts',(2.76110007602443,-20.6342910972031,-6.30908904599639));
#2243=CARTESIAN_POINT('Ctrl Pts',(4.17475225164274,-20.6343353355172,-5.16659138282124));
#2244=CARTESIAN_POINT('Ctrl Pts',(5.66519592302024,-20.6343819769163,-3.96203170328183));
#2245=CARTESIAN_POINT('Ctrl Pts',(6.58553606678499,-20.6344760004055,-2.09637867788985));
#2246=CARTESIAN_POINT('Ctrl Pts',(6.63883762251042,-20.6345850759379,-0.186806951655233));
#2247=CARTESIAN_POINT('Ctrl Pts',(6.64057558861711,-20.6345886324866,-0.124542897758095));
#2248=CARTESIAN_POINT('Ctrl Pts',(6.64143718165869,-20.6345922024117,-0.062266771890674));
#2249=CARTESIAN_POINT('Ctrl Pts',(6.64142305469891,-20.6345957843624,-1.43802764612788E-6));
#2250=CARTESIAN_POINT('',(-3.65992669632679,-18.9226133183323,5.74493628744116));
#2251=CARTESIAN_POINT('Ctrl Pts',(-3.65965891655604,-18.9225631183009,5.7445423782951));
#2252=CARTESIAN_POINT('Ctrl Pts',(-3.54570048156164,-19.4881415385658,5.74993374624216));
#2253=CARTESIAN_POINT('Ctrl Pts',(-3.43261511830868,-20.0537106692157,5.75218584549545));
#2254=CARTESIAN_POINT('Ctrl Pts',(-3.32056596144375,-20.6192709280527,5.7513858558892));
#2255=CARTESIAN_POINT('',(-4.15223446762263,-18.9092140055307,5.40149324043698));
#2256=CARTESIAN_POINT('Ctrl Pts',(-4.14693750692588,-18.9225838026438,5.40438853347686));
#2257=CARTESIAN_POINT('Ctrl Pts',(-3.9109755158206,-18.9225878483731,5.58544915021142));
#2258=CARTESIAN_POINT('Ctrl Pts',(-3.66012731029629,-18.9225860853272,5.74524960904493));
#2259=CARTESIAN_POINT('',(-6.29354526849245,-18.9225567988311,-2.60688198906406));
#2260=CARTESIAN_POINT('Origin',(7.69968291843177E-5,-18.9222101591937,-2.02578651540997E-5));
#2261=CARTESIAN_POINT('',(-6.27932496242257,-17.2475016073187,-2.92438078525043));
#2262=CARTESIAN_POINT('',(-6.27970875445524,-17.2200099147644,-2.92827659226771));
#2263=CARTESIAN_POINT('',(-6.14434961267737,-17.247281860563,-3.19852930070739));
#2264=CARTESIAN_POINT('Ctrl Pts',(-6.18166983016362,-17.2621667678505,-3.21801662640532));
#2265=CARTESIAN_POINT('Ctrl Pts',(-6.22902692466175,-17.2622657993549,-3.1272503101784));
#2266=CARTESIAN_POINT('Ctrl Pts',(-6.27443669946521,-17.2623654386344,-3.03533755186996));
#2267=CARTESIAN_POINT('Ctrl Pts',(-6.31781647641976,-17.2624655282357,-2.94242086353824));
#2268=CARTESIAN_POINT('',(-6.04238930059677,-18.9225872346258,-3.14546918759789));
#2269=CARTESIAN_POINT('',(-6.04238930059677,-18.9225872346258,-3.14546918759789));
#2270=CARTESIAN_POINT('',(1.18290877984747,-18.9225850023756,-6.70859197717912));
#2271=CARTESIAN_POINT('Ctrl Pts',(1.18290877984747,-18.9225850023756,-6.70859197717912));
#2272=CARTESIAN_POINT('Ctrl Pts',(0.987763765061242,-18.9225843257632,-6.74300252438909));
#2273=CARTESIAN_POINT('Ctrl Pts',(0.69279147966964,-18.9225843389587,-6.78183986050357));
#2274=CARTESIAN_POINT('Ctrl Pts',(0.297234828620395,-18.9225840732145,-6.80776247226505));
#2275=CARTESIAN_POINT('Ctrl Pts',(1.33612171477823E-6,-18.9225874942654,
-6.81424603098734));
#2276=CARTESIAN_POINT('Ctrl Pts',(-0.297232178243987,-18.9225840672591,
-6.8077626851269));
#2277=CARTESIAN_POINT('Ctrl Pts',(-0.593901957113883,-18.9225842963858,
-6.78832042655869));
#2278=CARTESIAN_POINT('Ctrl Pts',(-0.889440070251141,-18.9225842406632,
-6.75594872352164));
#2279=CARTESIAN_POINT('Ctrl Pts',(-1.1832830841379,-18.9225851651527,-6.7107202775989));
#2280=CARTESIAN_POINT('Ctrl Pts',(-1.47487352563728,-18.9225851129711,-6.65272339782929));
#2281=CARTESIAN_POINT('Ctrl Pts',(-1.76365626150361,-18.9225873123755,-6.5820573384613));
#2282=CARTESIAN_POINT('Ctrl Pts',(-2.04908339232366,-18.9225826270571,-6.49886508050455));
#2283=CARTESIAN_POINT('Ctrl Pts',(-2.33061162203938,-18.9225883959248,-6.40329899136425));
#2284=CARTESIAN_POINT('Ctrl Pts',(-2.60770115597391,-18.9225826371905,-6.29554690690354));
#2285=CARTESIAN_POINT('Ctrl Pts',(-2.87982435898873,-18.922585862391,-6.17580650769952));
#2286=CARTESIAN_POINT('Ctrl Pts',(-3.14646569658345,-18.9225850550581,-6.04431031198269));
#2287=CARTESIAN_POINT('Ctrl Pts',(-3.40712487689821,-18.9225848064262,-5.90131903583314));
#2288=CARTESIAN_POINT('Ctrl Pts',(-3.66129032924634,-18.9225855661609,-5.74707456895462));
#2289=CARTESIAN_POINT('Ctrl Pts',(-3.90849217371908,-18.922585244497,-5.5819033725507));
#2290=CARTESIAN_POINT('Ctrl Pts',(-4.14825360921606,-18.9225849049635,-5.40610630474448));
#2291=CARTESIAN_POINT('Ctrl Pts',(-4.38011296072229,-18.9225873436857,-5.22001346420614));
#2292=CARTESIAN_POINT('Ctrl Pts',(-4.60363900435007,-18.9225842745147,-5.02399005547284));
#2293=CARTESIAN_POINT('Ctrl Pts',(-4.81840240614888,-18.9225855574627,-4.81840081541825));
#2294=CARTESIAN_POINT('Ctrl Pts',(-5.02399038179838,-18.9225866144503,-4.60363879580961));
#2295=CARTESIAN_POINT('Ctrl Pts',(-5.22001168089189,-18.9225862169883,-4.38010991947444));
#2296=CARTESIAN_POINT('Ctrl Pts',(-5.40611084817262,-18.9225873333215,-4.14825542049545));
#2297=CARTESIAN_POINT('Ctrl Pts',(-5.58189966754492,-18.9225860993061,-3.90848854925293));
#2298=CARTESIAN_POINT('Ctrl Pts',(-5.80214284972637,-18.9225866097565,-3.57889780488247));
#2299=CARTESIAN_POINT('Ctrl Pts',(-5.95089337325046,-18.9225848189102,-3.32123598645785));
#2300=CARTESIAN_POINT('Ctrl Pts',(-6.04238930059677,-18.9225872346258,-3.14546918759789));
#2301=CARTESIAN_POINT('',(1.49648179352905,-17.2439097230735,-6.76358671243414));
#2302=CARTESIAN_POINT('',(1.49969079312155,-17.2200081375136,-6.76464772669853));
#2303=CARTESIAN_POINT('',(1.79290877525903,-17.2438831252743,-6.69121295695941));
#2304=CARTESIAN_POINT('Ctrl Pts',(1.80241407034815,-17.2567765767448,-6.72668748676019));
#2305=CARTESIAN_POINT('Ctrl Pts',(1.70342883972028,-17.2567763741703,-6.75321035947341));
#2306=CARTESIAN_POINT('Ctrl Pts',(1.60404359107721,-17.2567784096622,-6.77749927348931));
#2307=CARTESIAN_POINT('Ctrl Pts',(1.5044402859353,-17.2567826493783,-6.79954126637065));
#2308=CARTESIAN_POINT('',(1.76309402154669,-18.9225861649331,-6.57997039635471));
#2309=CARTESIAN_POINT('',(1.76309402154669,-18.9225861649331,-6.57997039635471));
#2310=CARTESIAN_POINT('',(6.80559821771386,-18.9225861770551,-0.297138862056485));
#2311=CARTESIAN_POINT('Ctrl Pts',(6.80559821771386,-18.9225861770551,-0.297138862056485));
#2312=CARTESIAN_POINT('Ctrl Pts',(6.79694786311,-18.9225866130145,-0.495105007696776));
#2313=CARTESIAN_POINT('Ctrl Pts',(6.77103800409717,-18.922582114357,-0.791492184011827));
#2314=CARTESIAN_POINT('Ctrl Pts',(6.71071487724683,-18.9225898156194,-1.18328142305811));
#2315=CARTESIAN_POINT('Ctrl Pts',(6.65272010970647,-18.922582631815,-1.47487425913556));
#2316=CARTESIAN_POINT('Ctrl Pts',(6.58206228908829,-18.9225872118309,-1.76366002339835));
#2317=CARTESIAN_POINT('Ctrl Pts',(6.49885590583857,-18.9225832296843,-2.04908241932341));
#2318=CARTESIAN_POINT('Ctrl Pts',(6.40330493824337,-18.9225859039499,-2.33061396127866));
#2319=CARTESIAN_POINT('Ctrl Pts',(6.29554237207772,-18.9225894941232,-2.6077014393997));
#2320=CARTESIAN_POINT('Ctrl Pts',(6.17580247627283,-18.9225798389141,-2.87982659363245));
#2321=CARTESIAN_POINT('Ctrl Pts',(6.04430479834043,-18.9225897684452,-3.14646781360844));
#2322=CARTESIAN_POINT('Ctrl Pts',(5.90130992352878,-18.9225844951295,-3.40712378135932));
#2323=CARTESIAN_POINT('Ctrl Pts',(5.74708156988338,-18.9225867288527,-3.66129580127639));
#2324=CARTESIAN_POINT('Ctrl Pts',(5.58189955781644,-18.9225860331998,-3.90848855935854));
#2325=CARTESIAN_POINT('Ctrl Pts',(5.4061107003998,-18.9225873510342,-4.14825541779787));
#2326=CARTESIAN_POINT('Ctrl Pts',(5.22001154328766,-18.9225862122417,-4.3801099201609));
#2327=CARTESIAN_POINT('Ctrl Pts',(5.02399024156407,-18.9225866157219,-4.60363879576303));
#2328=CARTESIAN_POINT('Ctrl Pts',(4.81840226626643,-18.9225855571211,-4.81840081491983));
#2329=CARTESIAN_POINT('Ctrl Pts',(4.60363886569018,-18.9225842746077,-5.02399005751479));
#2330=CARTESIAN_POINT('Ctrl Pts',(4.38011281681998,-18.9225873436532,-5.2200134565383));
#2331=CARTESIAN_POINT('Ctrl Pts',(4.1482534850607,-18.9225849049989,-5.40610633337458));
#2332=CARTESIAN_POINT('Ctrl Pts',(3.9084919758172,-18.9225852443864,-5.58190326569685));
#2333=CARTESIAN_POINT('Ctrl Pts',(3.66129040658858,-18.9225855665665,-5.74707496774762));
#2334=CARTESIAN_POINT('Ctrl Pts',(3.40712602918428,-18.9225848049194,-5.90131627185351));
#2335=CARTESIAN_POINT('Ctrl Pts',(3.1464707134981,-18.9225850606972,-6.04431475733477));
#2336=CARTESIAN_POINT('Ctrl Pts',(2.87982399923537,-18.9225858413993,-6.17580640487834));
#2337=CARTESIAN_POINT('Ctrl Pts',(2.60769669269965,-18.9225827155828,-6.29554313933895));
#2338=CARTESIAN_POINT('Ctrl Pts',(2.23824564632932,-18.922589899164,-6.4392212181665));
#2339=CARTESIAN_POINT('Ctrl Pts',(1.9544996058596,-18.9225806293115,-6.52868627742955));
#2340=CARTESIAN_POINT('Ctrl Pts',(1.76309402154669,-18.9225861649331,-6.57997039635471));
#2341=CARTESIAN_POINT('',(6.92889262493937,-17.2200112541106,-5.22173280333762E-7));
#2342=CARTESIAN_POINT('Origin',(4.65481625541372E-6,-25.0402496814367,1.91202296431648E-6));
#2343=CARTESIAN_POINT('',(5.71019677076951,-25.1635630112402,-4.00561340832298E-6));
#2344=CARTESIAN_POINT('Origin',(1.70445165568328E-7,-25.1635629548744,-1.90150151560034E-6));
#2345=CARTESIAN_POINT('',(5.94051225943507,-25.0346567082308,2.93110308881748E-6));
#2346=CARTESIAN_POINT('',(5.93052385818322,-25.0402471545125,1.82266291006121E-6));
#2347=CARTESIAN_POINT('',(0.259117851484692,-25.0343088018534,-5.93548094401853));
#2348=CARTESIAN_POINT('Ctrl Pts',(0.259117851484694,-25.0343088018534,-5.93548094401853));
#2349=CARTESIAN_POINT('Ctrl Pts',(0.228981361702555,-25.0343088017608,-5.93679657459829));
#2350=CARTESIAN_POINT('Ctrl Pts',(0.198888065747392,-25.0343088158277,-5.93788019280699));
#2351=CARTESIAN_POINT('Ctrl Pts',(0.168869232461767,-25.0343088438511,-5.9387337344278));
#2352=CARTESIAN_POINT('Ctrl Pts',(-0.664334702498521,-25.0343096216707,
-5.96242466972637));
#2353=CARTESIAN_POINT('Ctrl Pts',(-1.53716160783155,-25.0343216322138,-5.80538807984158));
#2354=CARTESIAN_POINT('Ctrl Pts',(-2.34279672037858,-25.0343450390379,-5.45963452609765));
#2355=CARTESIAN_POINT('Ctrl Pts',(-3.07197805560301,-25.0343662245834,-5.14669255764183));
#2356=CARTESIAN_POINT('Ctrl Pts',(-3.72947175471972,-25.0343963330057,-4.68503211213132));
#2357=CARTESIAN_POINT('Ctrl Pts',(-4.25339961629282,-25.0344306613755,-4.14765931499632));
#2358=CARTESIAN_POINT('Ctrl Pts',(-5.05160842211522,-25.0344829609554,-3.32896702901122));
#2359=CARTESIAN_POINT('Ctrl Pts',(-5.65381627633425,-25.0345549687743,-2.17726837194713));
#2360=CARTESIAN_POINT('Ctrl Pts',(-5.85491103333828,-25.0346268471573,-1.00515398557277));
#2361=CARTESIAN_POINT('Ctrl Pts',(-5.9129461715126,-25.0346475909696,-0.666886487290976));
#2362=CARTESIAN_POINT('Ctrl Pts',(-5.94049154210845,-25.034668235658,-0.328547152027695));
#2363=CARTESIAN_POINT('Ctrl Pts',(-5.94045574822638,-25.0346881916346,2.00026560232473E-6));
#2364=CARTESIAN_POINT('Ctrl Pts',(-5.9403434941396,-25.0347507760707,1.03037319545572));
#2365=CARTESIAN_POINT('Ctrl Pts',(-5.64304941248666,-25.034817760282,2.15006606833974));
#2366=CARTESIAN_POINT('Ctrl Pts',(-5.07974948876163,-25.0348723515319,3.07916345404123));
#2367=CARTESIAN_POINT('Ctrl Pts',(-4.52343723227876,-25.034926265584,3.99673549934516));
#2368=CARTESIAN_POINT('Ctrl Pts',(-3.76650102753004,-25.0349676460594,4.71778922221827));
#2369=CARTESIAN_POINT('Ctrl Pts',(-2.81795823146735,-25.0349958753064,5.22891865987206));
#2370=CARTESIAN_POINT('Ctrl Pts',(-2.04250112071261,-25.0350189534115,5.64677957093476));
#2371=CARTESIAN_POINT('Ctrl Pts',(-1.15812643192548,-25.0350310482442,5.88697668853258));
#2372=CARTESIAN_POINT('Ctrl Pts',(-0.313123771391197,-25.0350315141746,
5.93158292037945));
#2373=CARTESIAN_POINT('Ctrl Pts',(0.47587250253026,-25.0350319492233,5.97323267175254));
#2374=CARTESIAN_POINT('Ctrl Pts',(1.28436009319193,-25.0350229029499,5.85766528308344));
#2375=CARTESIAN_POINT('Ctrl Pts',(2.05787619303882,-25.035003717042,5.5720246770004));
#2376=CARTESIAN_POINT('Ctrl Pts',(2.82528687380031,-25.0349846825698,5.28863865308869));
#2377=CARTESIAN_POINT('Ctrl Pts',(3.53467049518217,-25.034955650415,4.83664811330901));
#2378=CARTESIAN_POINT('Ctrl Pts',(4.09727848981727,-25.0349218849102,4.30073960771121));
#2379=CARTESIAN_POINT('Ctrl Pts',(4.69341802270364,-25.0348861069753,3.73289085823847));
#2380=CARTESIAN_POINT('Ctrl Pts',(5.19362376913811,-25.0348412069659,3.01063544668395));
#2381=CARTESIAN_POINT('Ctrl Pts',(5.51565307108938,-25.0347916300373,2.20553638259803));
#2382=CARTESIAN_POINT('Ctrl Pts',(5.80075922821509,-25.0347477374863,1.49274813980087));
#2383=CARTESIAN_POINT('Ctrl Pts',(5.94043168729503,-25.0347015650308,0.737700449676041));
#2384=CARTESIAN_POINT('Ctrl Pts',(5.94051225943506,-25.0346567082308,2.93110308469124E-6));
#2385=CARTESIAN_POINT('Ctrl Pts',(5.94051225943506,-25.0346567082308,2.93110308913214E-6));
#2386=CARTESIAN_POINT('Ctrl Pts',(5.94052239939311,-25.034651063028,-0.0928358824928866));
#2387=CARTESIAN_POINT('Ctrl Pts',(5.93844033689029,-25.0346456025853,-0.182701398360986));
#2388=CARTESIAN_POINT('Ctrl Pts',(5.93417497390825,-25.0346400002024,-0.274969516029644));
#2389=CARTESIAN_POINT('Ctrl Pts',(5.88499631326904,-25.0345754060075,-1.33879983146943));
#2390=CARTESIAN_POINT('Ctrl Pts',(5.51557328487917,-25.0345076079773,-2.4651265999283));
#2391=CARTESIAN_POINT('Ctrl Pts',(4.89291735018201,-25.0344538983147,-3.3694738722564));
#2392=CARTESIAN_POINT('Ctrl Pts',(4.38135247736602,-25.0344097712532,-4.11247216645077));
#2393=CARTESIAN_POINT('Ctrl Pts',(3.7381702635007,-25.0343750199367,-4.70654675084758));
#2394=CARTESIAN_POINT('Ctrl Pts',(2.9472360227426,-25.0343493694163,-5.15848956470899));
#2395=CARTESIAN_POINT('Ctrl Pts',(2.12472975646868,-25.0343226949943,-5.62847275325092));
#2396=CARTESIAN_POINT('Ctrl Pts',(1.16716361838996,-25.0343088046455,-5.89583953961468));
#2397=CARTESIAN_POINT('Ctrl Pts',(0.259117851484694,-25.0343088018534,-5.93548094401853));
#2398=CARTESIAN_POINT('Ctrl Pts',(-5.47284915070946,-3.22800917879401,-1.86444699290263E-8));
#2399=CARTESIAN_POINT('Ctrl Pts',(-5.47284915116659,-3.22800859579899,-5.47284934095011));
#2400=CARTESIAN_POINT('Ctrl Pts',(1.71139074370275E-7,-3.22800862548159,
-5.47284934140725));
#2401=CARTESIAN_POINT('Ctrl Pts',(5.47284949344473,-3.22800865516418,-5.47284934186438));
#2402=CARTESIAN_POINT('Ctrl Pts',(5.47284949390186,-3.22800923815919,-1.95587305161229E-8));
#2403=CARTESIAN_POINT('Ctrl Pts',(5.47284949435899,-3.22800982115421,5.47284930274691));
#2404=CARTESIAN_POINT('Ctrl Pts',(1.72053327713445E-7,-3.22800979147161,
5.47284930320405));
#2405=CARTESIAN_POINT('Ctrl Pts',(-5.47284915025234,-3.22800976178902,5.47284930366117));
#2406=CARTESIAN_POINT('Ctrl Pts',(-5.47284915070946,-3.22800917879401,-1.86444699290263E-8));
#2407=CARTESIAN_POINT('Ctrl Pts',(-5.47284914943102,-2.64026807001076,2.90490408425182E-8));
#2408=CARTESIAN_POINT('Ctrl Pts',(-5.47284914988815,-2.64026748701575,-5.4728492932566));
#2409=CARTESIAN_POINT('Ctrl Pts',(1.72417507684347E-7,-2.64026751669834,
-5.47284929371373));
#2410=CARTESIAN_POINT('Ctrl Pts',(5.47284949472318,-2.64026754638094,-5.47284929417086));
#2411=CARTESIAN_POINT('Ctrl Pts',(5.4728494951803,-2.64026812937595,2.8134780255422E-8));
#2412=CARTESIAN_POINT('Ctrl Pts',(5.47284949563743,-2.64026871237097,5.47284935044042));
#2413=CARTESIAN_POINT('Ctrl Pts',(1.73331778791086E-7,-2.64026868268837,
5.47284935089755));
#2414=CARTESIAN_POINT('Ctrl Pts',(-5.47284914897388,-2.64026865300578,5.47284935135468));
#2415=CARTESIAN_POINT('Ctrl Pts',(-5.47284914943102,-2.64026807001076,2.90490408425182E-8));
#2416=CARTESIAN_POINT('Ctrl Pts',(-5.99123680737784,-2.64026806719923,2.90923403987043E-8));
#2417=CARTESIAN_POINT('Ctrl Pts',(-5.99123680787827,-2.640267428983,-5.99123695116012));
#2418=CARTESIAN_POINT('Ctrl Pts',(1.72374215005877E-7,-2.64026746147712,
-5.99123695166055));
#2419=CARTESIAN_POINT('Ctrl Pts',(5.9912371526267,-2.64026749397125,-5.99123695216098));
#2420=CARTESIAN_POINT('Ctrl Pts',(5.99123715312713,-2.64026813218748,2.80914785231987E-8));
#2421=CARTESIAN_POINT('Ctrl Pts',(5.99123715362755,-2.64026877040372,5.99123700834394));
#2422=CARTESIAN_POINT('Ctrl Pts',(1.73375071452209E-7,-2.64026873790959,
5.99123700884437));
#2423=CARTESIAN_POINT('Ctrl Pts',(-5.99123680687742,-2.64026870541547,5.9912370093448));
#2424=CARTESIAN_POINT('Ctrl Pts',(-5.99123680737784,-2.64026806719923,2.90923403987043E-8));
#2425=CARTESIAN_POINT('Ctrl Pts',(-6.50962446532466,-2.6402680643877,2.91356421309271E-8));
#2426=CARTESIAN_POINT('Ctrl Pts',(-6.5096244658684,-2.64026737095024,-6.50962460906364));
#2427=CARTESIAN_POINT('Ctrl Pts',(1.7233091346297E-7,-2.6402674062559,-6.50962460960737));
#2428=CARTESIAN_POINT('Ctrl Pts',(6.50962481053021,-2.64026744156156,-6.5096246101511));
#2429=CARTESIAN_POINT('Ctrl Pts',(6.50962481107395,-2.64026813499902,2.80481789670131E-8));
#2430=CARTESIAN_POINT('Ctrl Pts',(6.50962481161768,-2.64026882843647,6.50962466624746));
#2431=CARTESIAN_POINT('Ctrl Pts',(1.73418372995116E-7,-2.64026879313081,
6.50962466679119));
#2432=CARTESIAN_POINT('Ctrl Pts',(-6.50962446478093,-2.64026875782515,6.50962466733492));
#2433=CARTESIAN_POINT('Ctrl Pts',(-6.50962446532466,-2.6402680643877,2.91356421309271E-8));
#2434=CARTESIAN_POINT('Ctrl Pts',(-6.50962446660311,-3.22800917317094,-1.85578686406175E-8));
#2435=CARTESIAN_POINT('Ctrl Pts',(-6.50962446714683,-3.22800847973348,-6.50962465675715));
#2436=CARTESIAN_POINT('Ctrl Pts',(1.71052471267114E-7,-3.22800851503914,
-6.50962465730088));
#2437=CARTESIAN_POINT('Ctrl Pts',(6.50962480925178,-3.2280085503448,-6.50962465784461));
#2438=CARTESIAN_POINT('Ctrl Pts',(6.50962480979551,-3.22800924378226,-1.9645331804532E-8));
#2439=CARTESIAN_POINT('Ctrl Pts',(6.50962481033924,-3.22800993721971,6.50962461855395));
#2440=CARTESIAN_POINT('Ctrl Pts',(1.72139930799259E-7,-3.22800990191406,
6.50962461909768));
#2441=CARTESIAN_POINT('Ctrl Pts',(-6.50962446605939,-3.2280098666084,6.50962461964141));
#2442=CARTESIAN_POINT('Ctrl Pts',(-6.50962446660311,-3.22800917317094,-1.85578686406175E-8));
#2443=CARTESIAN_POINT('Ctrl Pts',(-6.50962446788155,-3.81575028195418,-6.62513815881996E-8));
#2444=CARTESIAN_POINT('Ctrl Pts',(-6.50962446842529,-3.81574958851673,-6.50962470445067));
#2445=CARTESIAN_POINT('Ctrl Pts',(1.69774020189473E-7,-3.81574962382238,
-6.5096247049944));
#2446=CARTESIAN_POINT('Ctrl Pts',(6.50962480797333,-3.81574965912804,-6.50962470553813));
#2447=CARTESIAN_POINT('Ctrl Pts',(6.50962480851707,-3.8157503525655,-6.73388447521139E-8));
#2448=CARTESIAN_POINT('Ctrl Pts',(6.50962480906079,-3.81575104600295,6.50962457086044));
#2449=CARTESIAN_POINT('Ctrl Pts',(1.70861488603402E-7,-3.8157510106973,
6.50962457140417));
#2450=CARTESIAN_POINT('Ctrl Pts',(-6.50962446733782,-3.81575097539164,6.5096245719479));
#2451=CARTESIAN_POINT('Ctrl Pts',(-6.50962446788155,-3.81575028195418,-6.62513815881996E-8));
#2452=CARTESIAN_POINT('Ctrl Pts',(-5.99123680993474,-3.81575028476571,-6.62946833204227E-8));
#2453=CARTESIAN_POINT('Ctrl Pts',(-5.99123681043517,-3.81574964654948,-5.99123704654715));
#2454=CARTESIAN_POINT('Ctrl Pts',(1.69817330614164E-7,-3.81574967904361,
-5.99123704704758));
#2455=CARTESIAN_POINT('Ctrl Pts',(5.99123715006981,-3.81574971153773,-5.99123704754801));
#2456=CARTESIAN_POINT('Ctrl Pts',(5.99123715057025,-3.81575034975397,-6.72955451959278E-8));
#2457=CARTESIAN_POINT('Ctrl Pts',(5.99123715107067,-3.8157509879702,5.99123691295692));
#2458=CARTESIAN_POINT('Ctrl Pts',(1.70818187060495E-7,-3.81575095547608,
5.99123691345735));
#2459=CARTESIAN_POINT('Ctrl Pts',(-5.99123680943431,-3.81575092298195,5.99123691395778));
#2460=CARTESIAN_POINT('Ctrl Pts',(-5.99123680993474,-3.81575028476571,-6.62946833204227E-8));
#2461=CARTESIAN_POINT('Ctrl Pts',(-5.47284915198791,-3.81575028757725,-6.63379828766085E-8));
#2462=CARTESIAN_POINT('Ctrl Pts',(-5.47284915244505,-3.81574970458223,-5.47284938864363));
#2463=CARTESIAN_POINT('Ctrl Pts',(1.69860623292634E-7,-3.81574973426483,
-5.47284938910076));
#2464=CARTESIAN_POINT('Ctrl Pts',(5.47284949216629,-3.81574976394742,-5.47284938955789));
#2465=CARTESIAN_POINT('Ctrl Pts',(5.47284949262342,-3.81575034694244,-6.72522434637051E-8));
#2466=CARTESIAN_POINT('Ctrl Pts',(5.47284949308055,-3.81575092993745,5.4728492550534));
#2467=CARTESIAN_POINT('Ctrl Pts',(1.70774894382025E-7,-3.81575090025486,
5.47284925551053));
#2468=CARTESIAN_POINT('Ctrl Pts',(-5.47284915153078,-3.81575087057226,5.47284925596766));
#2469=CARTESIAN_POINT('Ctrl Pts',(-5.47284915198791,-3.81575028757725,-6.63379828766085E-8));
#2470=CARTESIAN_POINT('Ctrl Pts',(-5.47284915070946,-3.22800917879401,-1.86444699290263E-8));
#2471=CARTESIAN_POINT('Ctrl Pts',(-5.47284915116659,-3.22800859579899,-5.47284934095011));
#2472=CARTESIAN_POINT('Ctrl Pts',(1.71139074370275E-7,-3.22800862548159,
-5.47284934140725));
#2473=CARTESIAN_POINT('Ctrl Pts',(5.47284949344473,-3.22800865516418,-5.47284934186438));
#2474=CARTESIAN_POINT('Ctrl Pts',(5.47284949390186,-3.22800923815919,-1.95587305161229E-8));
#2475=CARTESIAN_POINT('Ctrl Pts',(5.47284949435899,-3.22800982115421,5.47284930274691));
#2476=CARTESIAN_POINT('Ctrl Pts',(1.72053327713445E-7,-3.22800979147161,
5.47284930320405));
#2477=CARTESIAN_POINT('Ctrl Pts',(-5.47284915025234,-3.22800976178902,5.47284930366117));
#2478=CARTESIAN_POINT('Ctrl Pts',(-5.47284915070946,-3.22800917879401,-1.86444699290263E-8));
#2479=CARTESIAN_POINT('',(-5.47328088760403,-3.25199159030724,-2.05905353575981E-8));
#2480=CARTESIAN_POINT('',(5.47328141235117,-3.25199055327974,4.51847235489271E-7));
#2481=CARTESIAN_POINT('Origin',(2.62373571670999E-7,-3.25199107179345,-1.24438432653737E-8));
#2482=CARTESIAN_POINT('',(-5.93696267649357,-3.81252009830511,-6.60370940876483E-8));
#2483=CARTESIAN_POINT('Ctrl Pts',(-5.93696267649319,-3.81252009830506,-6.60370962630631E-8));
#2484=CARTESIAN_POINT('Ctrl Pts',(-5.49155587518845,-3.75935582014497,-6.17601703383841E-8));
#2485=CARTESIAN_POINT('Ctrl Pts',(-5.47328088760402,-3.25199159030724,-2.05905380906926E-8));
#2486=CARTESIAN_POINT('',(5.9369629086256,-3.81252014975214,2.17100757982582E-6));
#2487=CARTESIAN_POINT('Ctrl Pts',(5.93696290862561,-3.81252014975214,2.17100758120869E-6));
#2488=CARTESIAN_POINT('Ctrl Pts',(5.93689564164056,-3.81251223427654,0.749836558780194));
#2489=CARTESIAN_POINT('Ctrl Pts',(5.79329457059399,-3.8125043196594,1.49969918201052));
#2490=CARTESIAN_POINT('Ctrl Pts',(5.51481816850197,-3.81249694837192,2.19817694593755));
#2491=CARTESIAN_POINT('Ctrl Pts',(4.85235415860809,-3.81247941290884,3.85977691217063));
#2492=CARTESIAN_POINT('Ctrl Pts',(3.4063296571522,-3.81246547957444,5.1806269259015));
#2493=CARTESIAN_POINT('Ctrl Pts',(1.6916510187699,-3.81246009827486,5.69032862693717));
#2494=CARTESIAN_POINT('Ctrl Pts',(1.14367355908043,-3.81245837851769,5.85321923342214));
#2495=CARTESIAN_POINT('Ctrl Pts',(0.572219166477043,-3.81245749856241,5.93645448020148));
#2496=CARTESIAN_POINT('Ctrl Pts',(-0.000198553112080429,-3.81245749629357,
5.93643532534707));
#2497=CARTESIAN_POINT('Ctrl Pts',(-1.7176855888297,-3.81245748948612,5.93637785295759));
#2498=CARTESIAN_POINT('Ctrl Pts',(-3.40967239671324,-3.81246574647483,5.15235931245275));
#2499=CARTESIAN_POINT('Ctrl Pts',(-4.51970157873165,-3.81247948792053,3.84912393957638));
#2500=CARTESIAN_POINT('Ctrl Pts',(-5.42454074155453,-3.81249068924606,2.78679294607007));
#2501=CARTESIAN_POINT('Ctrl Pts',(-5.93683823049796,-3.81250539269572,1.39306982734112));
#2502=CARTESIAN_POINT('Ctrl Pts',(-5.93696267649357,-3.81252009830511,-6.60370955141154E-8));
#2503=CARTESIAN_POINT('',(0.000715086949550084,-3.81258283382653,-5.93749614209245));
#2504=CARTESIAN_POINT('Ctrl Pts',(0.000715086949547999,-3.81258283382653,
-5.93749614209245));
#2505=CARTESIAN_POINT('Ctrl Pts',(0.544055191859447,-3.81258283550034,-5.93743070925998));
#2506=CARTESIAN_POINT('Ctrl Pts',(1.08665836703382,-3.81258204549383,-5.86244260082473));
#2507=CARTESIAN_POINT('Ctrl Pts',(1.60969972826075,-3.81258049104253,-5.71511063962847));
#2508=CARTESIAN_POINT('Ctrl Pts',(3.22677438942858,-3.81257568518205,-5.25960788422156));
#2509=CARTESIAN_POINT('Ctrl Pts',(4.6252815407801,-3.81256329029305,-4.08595351860705));
#2510=CARTESIAN_POINT('Ctrl Pts',(5.35341323638827,-3.81254725516861,-2.56733816895926));
#2511=CARTESIAN_POINT('Ctrl Pts',(5.73680687405309,-3.81253881196427,-1.76771982158217));
#2512=CARTESIAN_POINT('Ctrl Pts',(5.93704220074792,-3.81252948025593,-0.883878085199237));
#2513=CARTESIAN_POINT('Ctrl Pts',(5.93696290862561,-3.81252014975214,2.17100758120869E-6));
#2514=CARTESIAN_POINT('Ctrl Pts',(-5.93696267649357,-3.81252009830511,-6.60370938487809E-8));
#2515=CARTESIAN_POINT('Ctrl Pts',(-5.93699420694882,-3.81252382421495,-0.352957408855514));
#2516=CARTESIAN_POINT('Ctrl Pts',(-5.90527643024683,-3.81252756795309,-0.707554446196704));
#2517=CARTESIAN_POINT('Ctrl Pts',(-5.84257083247272,-3.81253123660469,-1.05499393864675));
#2518=CARTESIAN_POINT('Ctrl Pts',(-5.5436734066114,-3.81254872388745,-2.71112630357499));
#2519=CARTESIAN_POINT('Ctrl Pts',(-4.49937851096741,-3.81256471144191,-4.2241087460775));
#2520=CARTESIAN_POINT('Ctrl Pts',(-3.05564469056015,-3.81257387421956,-5.09077481966108));
#2521=CARTESIAN_POINT('Ctrl Pts',(-2.13927385840318,-3.81257969004382,-5.64086757209654));
#2522=CARTESIAN_POINT('Ctrl Pts',(-1.0688177542041,-3.81258283053172,-5.93762494275078));
#2523=CARTESIAN_POINT('Ctrl Pts',(0.000715086949547583,-3.81258283382653,
-5.93749614209245));
#2524=CARTESIAN_POINT('Origin',(2.62373571670999E-7,-3.25199107179345,-1.24438432653737E-8));
#2525=CARTESIAN_POINT('Origin',(5.94608335782384E-6,-26.0892349418861,2.65098346849072E-7));
#2526=CARTESIAN_POINT('',(-5.55915116050995,-25.8646489586512,1.19569174907075E-7));
#2527=CARTESIAN_POINT('',(5.5591514934994,-25.8646490684012,-1.96549036279881E-6));
#2528=CARTESIAN_POINT('Origin',(1.66494532136824E-7,-25.8646490135261,-1.96464536901767E-6));
#2529=CARTESIAN_POINT('',(-5.70893933807773,-26.0960685064206,-5.64780526395597E-8));
#2530=CARTESIAN_POINT('',(-5.7045101248442,-26.0892254637305,-4.50009908437358E-8));
#2531=CARTESIAN_POINT('',(5.70938492654446,-26.0967575692622,-3.76119762266593E-6));
#2532=CARTESIAN_POINT('Ctrl Pts',(5.70938492654445,-26.0967575692622,-3.76119762446336E-6));
#2533=CARTESIAN_POINT('Ctrl Pts',(5.70938336133088,-26.0967551275414,0.0601256359989109));
#2534=CARTESIAN_POINT('Ctrl Pts',(5.70846174856267,-26.0967526950229,0.118654619878417));
#2535=CARTESIAN_POINT('Ctrl Pts',(5.70659169192418,-26.0967501550305,0.178414903378692));
#2536=CARTESIAN_POINT('Ctrl Pts',(5.67456816940356,-26.0967066592866,1.20177149329499));
#2537=CARTESIAN_POINT('Ctrl Pts',(5.33460090937993,-26.0966416670085,2.29505083639819));
#2538=CARTESIAN_POINT('Ctrl Pts',(4.7431464448733,-26.0965701546688,3.1777725803657));
#2539=CARTESIAN_POINT('Ctrl Pts',(4.23764327219453,-26.0965090346387,3.93221551544495));
#2540=CARTESIAN_POINT('Ctrl Pts',(3.59093887204809,-26.0964457487899,4.53197186342462));
#2541=CARTESIAN_POINT('Ctrl Pts',(2.79202231611345,-26.0963795564419,4.97984658099453));
#2542=CARTESIAN_POINT('Ctrl Pts',(2.03878671648522,-26.0963171488818,5.40211243459476));
#2543=CARTESIAN_POINT('Ctrl Pts',(1.17174058481242,-26.0962550871844,5.64914938134271));
#2544=CARTESIAN_POINT('Ctrl Pts',(0.341043004605035,-26.0962032264929,5.69882836804264));
#2545=CARTESIAN_POINT('Ctrl Pts',(-0.429983821416018,-26.096155091064,5.74493880865044));
#2546=CARTESIAN_POINT('Ctrl Pts',(-1.21724292588392,-26.0961123046402,5.63539879489578));
#2547=CARTESIAN_POINT('Ctrl Pts',(-1.97214750314167,-26.096078222711,5.35748710082356));
#2548=CARTESIAN_POINT('Ctrl Pts',(-2.75456739050087,-26.0960428985389,5.06944587955864));
#2549=CARTESIAN_POINT('Ctrl Pts',(-3.47376707845684,-26.0960187216891,4.59805936954542));
#2550=CARTESIAN_POINT('Ctrl Pts',(-4.03035066103822,-26.096007584983,4.04324031702409));
#2551=CARTESIAN_POINT('Ctrl Pts',(-4.57191364103035,-26.0959967488248,3.50339424746108));
#2552=CARTESIAN_POINT('Ctrl Pts',(-5.03494166270739,-26.095996701275,2.81056558981238));
#2553=CARTESIAN_POINT('Ctrl Pts',(-5.32682191346512,-26.0960094430802,2.0534143516103));
#2554=CARTESIAN_POINT('Ctrl Pts',(-5.58356238436695,-26.0960206508857,1.38741737190626));
#2555=CARTESIAN_POINT('Ctrl Pts',(-5.70884563022469,-26.0960416514739,0.672873931581243));
#2556=CARTESIAN_POINT('Ctrl Pts',(-5.70893928463495,-26.0960684806506,0.000645571491889214));
#2557=CARTESIAN_POINT('Ctrl Pts',(-5.70893931461717,-26.0960684892396,0.00043036647679967));
#2558=CARTESIAN_POINT('Ctrl Pts',(-5.70893933243187,-26.0960684978295,0.000215156632738887));
#2559=CARTESIAN_POINT('Ctrl Pts',(-5.70893933807757,-26.0960685064203,-5.6478051124742E-8));
#2560=CARTESIAN_POINT('',(4.74726026272356,-26.0968278733892,-3.17192858519336));
#2561=CARTESIAN_POINT('Ctrl Pts',(4.74726026272356,-26.0968278733892,-3.17192858519336));
#2562=CARTESIAN_POINT('Ctrl Pts',(4.92947341955102,-26.0968278893696,-2.89921945372839));
#2563=CARTESIAN_POINT('Ctrl Pts',(5.09269980923805,-26.0968257790768,-2.60269797075525));
#2564=CARTESIAN_POINT('Ctrl Pts',(5.22731514903856,-26.0968215213299,-2.29624390656329));
#2565=CARTESIAN_POINT('Ctrl Pts',(5.54967695947524,-26.0968113253521,-1.56238187349187));
#2566=CARTESIAN_POINT('Ctrl Pts',(5.70940489600333,-26.0967887214599,-0.767152439906133));
#2567=CARTESIAN_POINT('Ctrl Pts',(5.70938492654445,-26.0967575692622,-3.76119762654503E-6));
#2568=CARTESIAN_POINT('Ctrl Pts',(-5.70893933807757,-26.0960685064203,-5.6478051124742E-8));
#2569=CARTESIAN_POINT('Ctrl Pts',(-5.70896557125644,-26.0961084242541,-1.00000591931035));
#2570=CARTESIAN_POINT('Ctrl Pts',(-5.41721366571071,-26.0961693560702,-2.08737871823574));
#2571=CARTESIAN_POINT('Ctrl Pts',(-4.86611837503687,-26.0962384827192,-2.9856573831039));
#2572=CARTESIAN_POINT('Ctrl Pts',(-4.32424395641392,-26.0963064527479,-3.86890613794568));
#2573=CARTESIAN_POINT('Ctrl Pts',(-3.5876424722248,-26.0963786589101,-4.56159040507487));
#2574=CARTESIAN_POINT('Ctrl Pts',(-2.66664337605867,-26.0964539084828,-5.04815529913454));
#2575=CARTESIAN_POINT('Ctrl Pts',(-1.92973706389103,-26.0965141168863,-5.43746376122132));
#2576=CARTESIAN_POINT('Ctrl Pts',(-1.09368116473863,-26.0965737529925,-5.6603414586507));
#2577=CARTESIAN_POINT('Ctrl Pts',(-0.294839458995286,-26.0966238868304,
-5.70168280631221));
#2578=CARTESIAN_POINT('Ctrl Pts',(0.563956452511826,-26.0966777832841,-5.7461268808925));
#2579=CARTESIAN_POINT('Ctrl Pts',(1.45338282318209,-26.0967256863098,-5.59384013983909));
#2580=CARTESIAN_POINT('Ctrl Pts',(2.27693908646442,-26.0967612698767,-5.23571176422176));
#2581=CARTESIAN_POINT('Ctrl Pts',(3.29857965359069,-26.0968054121134,-4.79144524220968));
#2582=CARTESIAN_POINT('Ctrl Pts',(4.14081240968874,-26.0968278202028,-4.07956813306931));
#2583=CARTESIAN_POINT('Ctrl Pts',(4.74726026272356,-26.0968278733892,-3.17192858519336));
#2584=CARTESIAN_POINT('Origin',(1.66494532136824E-7,-25.8646490135261,-1.96464536901767E-6));
#2585=CARTESIAN_POINT('Ctrl Pts',(5.45683679458395,-3.4344652209822,-2.82688563929041E-8));
#2586=CARTESIAN_POINT('Ctrl Pts',(5.45683680254248,-3.43446429462863,-5.45683654665838));
#2587=CARTESIAN_POINT('Ctrl Pts',(2.84152922875452E-7,-3.43446481158453,
-5.45683655461699));
#2588=CARTESIAN_POINT('Ctrl Pts',(-5.45683623423663,-3.43446532854043,-5.4568365625756));
#2589=CARTESIAN_POINT('Ctrl Pts',(-5.45683624219518,-3.43446625489399,-4.41860799799242E-8));
#2590=CARTESIAN_POINT('Ctrl Pts',(-5.45683625015373,-3.43446718124756,5.45683647420344));
#2591=CARTESIAN_POINT('Ctrl Pts',(2.68235839807202E-7,-3.43446666429166,
5.45683648216205));
#2592=CARTESIAN_POINT('Ctrl Pts',(5.4568367866254,-3.43446614733576,5.45683649012066));
#2593=CARTESIAN_POINT('Ctrl Pts',(5.45683679458395,-3.4344652209822,-2.82688563929041E-8));
#2594=CARTESIAN_POINT('Ctrl Pts',(5.45683686292174,-4.33672206137105,-1.45868424370031E-7));
#2595=CARTESIAN_POINT('Ctrl Pts',(5.45683687088028,-4.33672113501748,-5.45683666425794));
#2596=CARTESIAN_POINT('Ctrl Pts',(3.5249071925203E-7,-4.33672165197338,
-5.45683667221656));
#2597=CARTESIAN_POINT('Ctrl Pts',(-5.45683616589884,-4.33672216892928,-5.45683668017517));
#2598=CARTESIAN_POINT('Ctrl Pts',(-5.45683617385737,-4.33672309528284,-1.61785645781014E-7));
#2599=CARTESIAN_POINT('Ctrl Pts',(-5.45683618181593,-4.33672402163641,5.45683635660387));
#2600=CARTESIAN_POINT('Ctrl Pts',(3.36573645065563E-7,-4.33672350468051,
5.45683636456249));
#2601=CARTESIAN_POINT('Ctrl Pts',(5.4568368549632,-4.33672298772462,5.4568363725211));
#2602=CARTESIAN_POINT('Ctrl Pts',(5.45683686292174,-4.33672206137105,-1.45868424370031E-7));
#2603=CARTESIAN_POINT('Ctrl Pts',(6.25262739614472,-4.33672198598147,-1.44707790740768E-7));
#2604=CARTESIAN_POINT('Ctrl Pts',(6.25262740526388,-4.33672092453436,-6.25262719632028));
#2605=CARTESIAN_POINT('Ctrl Pts',(3.53651339428385E-7,-4.33672151687983,
-6.25262720543953));
#2606=CARTESIAN_POINT('Ctrl Pts',(-6.25262669796119,-4.33672210922531,-6.25262721455877));
#2607=CARTESIAN_POINT('Ctrl Pts',(-6.25262670708035,-4.33672317067242,-1.62946279410278E-7));
#2608=CARTESIAN_POINT('Ctrl Pts',(-6.25262671619952,-4.33672423211954,6.25262688866622));
#2609=CARTESIAN_POINT('Ctrl Pts',(3.35413016007424E-7,-4.33672363977406,
6.25262689778546));
#2610=CARTESIAN_POINT('Ctrl Pts',(6.25262738702555,-4.33672304742858,6.2526269069047));
#2611=CARTESIAN_POINT('Ctrl Pts',(6.25262739614472,-4.33672198598147,-1.44707790740768E-7));
#2612=CARTESIAN_POINT('Ctrl Pts',(7.04841792936769,-4.33672191059189,-1.43547157111504E-7));
#2613=CARTESIAN_POINT('Ctrl Pts',(7.04841793964748,-4.33672071405123,-7.04841772838262));
#2614=CARTESIAN_POINT('Ctrl Pts',(3.54811968503871E-7,-4.33672138178629,
-7.0484177386625));
#2615=CARTESIAN_POINT('Ctrl Pts',(-7.04841723002355,-4.33672204952134,-7.04841774894238));
#2616=CARTESIAN_POINT('Ctrl Pts',(-7.04841724030334,-4.336723246062,-1.64106913039541E-7));
#2617=CARTESIAN_POINT('Ctrl Pts',(-7.04841725058312,-4.33672444260266,7.04841742072855));
#2618=CARTESIAN_POINT('Ctrl Pts',(3.34252386949285E-7,-4.33672377486761,
7.04841743100843));
#2619=CARTESIAN_POINT('Ctrl Pts',(7.0484179190879,-4.33672310713255,7.0484174412883));
#2620=CARTESIAN_POINT('Ctrl Pts',(7.04841792936769,-4.33672191059189,-1.43547157111504E-7));
#2621=CARTESIAN_POINT('Ctrl Pts',(7.0484178610299,-3.43446507020304,-2.59475913104142E-8));
#2622=CARTESIAN_POINT('Ctrl Pts',(7.04841787130968,-3.43446387366238,-7.04841761078305));
#2623=CARTESIAN_POINT('Ctrl Pts',(2.86474163245509E-7,-3.43446454139743,
-7.04841762106293));
#2624=CARTESIAN_POINT('Ctrl Pts',(-7.04841729836134,-3.43446520913249,-7.04841763134281));
#2625=CARTESIAN_POINT('Ctrl Pts',(-7.04841730864113,-3.43446640567315,-4.65073450624142E-8));
#2626=CARTESIAN_POINT('Ctrl Pts',(-7.04841731892092,-3.43446760221381,7.04841753832812));
#2627=CARTESIAN_POINT('Ctrl Pts',(2.65914599454492E-7,-3.43446693447876,
7.04841754860799));
#2628=CARTESIAN_POINT('Ctrl Pts',(7.04841785075011,-3.4344662667437,7.04841755888787));
#2629=CARTESIAN_POINT('Ctrl Pts',(7.0484178610299,-3.43446507020304,-2.59475913104142E-8));
#2630=CARTESIAN_POINT('Ctrl Pts',(7.0484177926921,-2.53220822981419,9.16519766667132E-8));
#2631=CARTESIAN_POINT('Ctrl Pts',(7.04841780297189,-2.53220703327353,-7.04841749318349));
#2632=CARTESIAN_POINT('Ctrl Pts',(2.18136375750716E-7,-2.53220770100858,
-7.04841750346337));
#2633=CARTESIAN_POINT('Ctrl Pts',(-7.04841736669913,-2.53220836874364,-7.04841751374324));
#2634=CARTESIAN_POINT('Ctrl Pts',(-7.04841737697892,-2.5322095652843,7.10922207386761E-8));
#2635=CARTESIAN_POINT('Ctrl Pts',(-7.04841738725871,-2.53221076182496,7.04841765592768));
#2636=CARTESIAN_POINT('Ctrl Pts',(1.97576803077915E-7,-2.5322100940899,
7.04841766620756));
#2637=CARTESIAN_POINT('Ctrl Pts',(7.04841778241231,-2.53220942635485,7.04841767648743));
#2638=CARTESIAN_POINT('Ctrl Pts',(7.0484177926921,-2.53220822981419,9.16519766667132E-8));
#2639=CARTESIAN_POINT('Ctrl Pts',(6.25262725946913,-2.53220830520377,9.04913408614125E-8));
#2640=CARTESIAN_POINT('Ctrl Pts',(6.25262726858829,-2.53220724375665,-6.25262696112115));
#2641=CARTESIAN_POINT('Ctrl Pts',(2.16975746692577E-7,-2.53220783610213,
-6.2526269702404));
#2642=CARTESIAN_POINT('Ctrl Pts',(-6.25262683463679,-2.5322084284476,-6.25262697935964));
#2643=CARTESIAN_POINT('Ctrl Pts',(-6.25262684375596,-2.53220948989472,7.22528543679397E-8));
#2644=CARTESIAN_POINT('Ctrl Pts',(-6.25262685287511,-2.53221055134183,6.25262712386535));
#2645=CARTESIAN_POINT('Ctrl Pts',(1.98737423254269E-7,-2.53220995899636,
6.25262713298459));
#2646=CARTESIAN_POINT('Ctrl Pts',(6.25262725034996,-2.53220936665088,6.25262714210383));
#2647=CARTESIAN_POINT('Ctrl Pts',(6.25262725946913,-2.53220830520377,9.04913408614125E-8));
#2648=CARTESIAN_POINT('Ctrl Pts',(5.45683672624615,-2.53220838059335,8.9330707232149E-8));
#2649=CARTESIAN_POINT('Ctrl Pts',(5.45683673420469,-2.53220745423978,-5.45683642905881));
#2650=CARTESIAN_POINT('Ctrl Pts',(2.15815126498875E-7,-2.53220797119568,
-5.45683643701742));
#2651=CARTESIAN_POINT('Ctrl Pts',(-5.45683630257444,-2.53220848815157,-5.45683644497603));
#2652=CARTESIAN_POINT('Ctrl Pts',(-5.45683631053297,-2.53220941450514,7.34134879972032E-8));
#2653=CARTESIAN_POINT('Ctrl Pts',(-5.45683631849151,-2.53221034085871,5.45683659180301));
#2654=CARTESIAN_POINT('Ctrl Pts',(1.99898043430624E-7,-2.53220982390281,
5.45683659976162));
#2655=CARTESIAN_POINT('Ctrl Pts',(5.4568367182876,-2.53220930694691,5.45683660772023));
#2656=CARTESIAN_POINT('Ctrl Pts',(5.45683672624615,-2.53220838059335,8.9330707232149E-8));
#2657=CARTESIAN_POINT('Ctrl Pts',(5.45683679458395,-3.4344652209822,-2.82688563929041E-8));
#2658=CARTESIAN_POINT('Ctrl Pts',(5.45683680254248,-3.43446429462863,-5.45683654665838));
#2659=CARTESIAN_POINT('Ctrl Pts',(2.84152922875452E-7,-3.43446481158453,
-5.45683655461699));
#2660=CARTESIAN_POINT('Ctrl Pts',(-5.45683623423663,-3.43446532854043,-5.4568365625756));
#2661=CARTESIAN_POINT('Ctrl Pts',(-5.45683624219518,-3.43446625489399,-4.41860799799242E-8));
#2662=CARTESIAN_POINT('Ctrl Pts',(-5.45683625015373,-3.43446718124756,5.45683647420344));
#2663=CARTESIAN_POINT('Ctrl Pts',(2.68235839807202E-7,-3.43446666429166,
5.45683648216205));
#2664=CARTESIAN_POINT('Ctrl Pts',(5.4568367866254,-3.43446614733576,5.45683649012066));
#2665=CARTESIAN_POINT('Ctrl Pts',(5.45683679458395,-3.4344652209822,-2.82688563929041E-8));
#2666=CARTESIAN_POINT('',(5.71008499448891,-2.77440019698363,-9.6532942112566E-7));
#2667=CARTESIAN_POINT('Ctrl Pts',(5.71008499448887,-2.77440019698368,-9.65329459931938E-7));
#2668=CARTESIAN_POINT('Ctrl Pts',(5.58709706687023,-2.90434899685227,-4.60564433762995E-7));
#2669=CARTESIAN_POINT('Ctrl Pts',(5.50449457355085,-3.08062305714099,-2.27798432799653E-9));
#2670=CARTESIAN_POINT('Ctrl Pts',(5.47328141235115,-3.25199055327975,4.51847232012038E-7));
#2671=CARTESIAN_POINT('',(5.70760837327864,-2.77439997942666,-0.168164589405563));
#2672=CARTESIAN_POINT('Ctrl Pts',(5.70760837327864,-2.77439997942666,-0.168164589405562));
#2673=CARTESIAN_POINT('Ctrl Pts',(5.69028211995027,-2.77439980353562,-0.756230457710574));
#2674=CARTESIAN_POINT('Ctrl Pts',(5.58164172854431,-2.77440580113235,-1.34064706196383));
#2675=CARTESIAN_POINT('Ctrl Pts',(5.38598686187909,-2.77441772936615,-1.89631832589688));
#2676=CARTESIAN_POINT('Ctrl Pts',(4.84512848586559,-2.77445070316982,-3.43238774512805));
#2677=CARTESIAN_POINT('Ctrl Pts',(3.61919002052669,-2.77453044752219,-4.70786946776478));
#2678=CARTESIAN_POINT('Ctrl Pts',(2.10318508656926,-2.77463068208322,-5.30840698640556));
#2679=CARTESIAN_POINT('Ctrl Pts',(0.503812633512354,-2.77473642870196,-5.94196901699469));
#2680=CARTESIAN_POINT('Ctrl Pts',(-1.37659801815427,-2.77486209613155,-5.80037756419587));
#2681=CARTESIAN_POINT('Ctrl Pts',(-2.86033929522107,-2.77496244196386,-4.94140202350861));
#2682=CARTESIAN_POINT('Ctrl Pts',(-4.32711055365755,-2.77506164010913,-4.09225085796934));
#2683=CARTESIAN_POINT('Ctrl Pts',(-5.38113673954303,-2.77513454924109,-2.55605613523302));
#2684=CARTESIAN_POINT('Ctrl Pts',(-5.64187594522006,-2.77515550564901,-0.875304559680411));
#2685=CARTESIAN_POINT('Ctrl Pts',(-5.69557232892936,-2.7751598213917,-0.529172180828758));
#2686=CARTESIAN_POINT('Ctrl Pts',(-5.71732677425352,-2.77516204065189,-0.178682204211603));
#2687=CARTESIAN_POINT('Ctrl Pts',(-5.70678209219161,-2.77516213122363,0.171729543784569));
#2688=CARTESIAN_POINT('Ctrl Pts',(-5.65661255859853,-2.77516256214622,1.83892006306975));
#2689=CARTESIAN_POINT('Ctrl Pts',(-4.83770444712866,-2.77511229182706,3.457855701188));
#2690=CARTESIAN_POINT('Ctrl Pts',(-3.53175903154573,-2.77502816026865,4.48608768293587));
#2691=CARTESIAN_POINT('Ctrl Pts',(-2.19753577192114,-2.77494220699621,5.53658413551963));
#2692=CARTESIAN_POINT('Ctrl Pts',(-0.376610466121364,-2.77482210723635,
5.94436516039312));
#2693=CARTESIAN_POINT('Ctrl Pts',(1.27658619712336,-2.77471071471918,5.56525445798284));
#2694=CARTESIAN_POINT('Ctrl Pts',(2.86861186515876,-2.77460344390832,5.2001714750064));
#2695=CARTESIAN_POINT('Ctrl Pts',(4.28539368783559,-2.77450564834171,4.11252687649861));
#2696=CARTESIAN_POINT('Ctrl Pts',(5.0490687303951,-2.77445087698957,2.666727097304));
#2697=CARTESIAN_POINT('Ctrl Pts',(5.48074705765091,-2.77441991669316,1.84946792887841));
#2698=CARTESIAN_POINT('Ctrl Pts',(5.71008330568256,-2.77440231194256,0.924406903439242));
#2699=CARTESIAN_POINT('Ctrl Pts',(5.71008499448891,-2.77440019698363,-9.65329418622929E-7));
#2700=CARTESIAN_POINT('Ctrl Pts',(5.71008499448891,-2.77440019698363,-9.65329423063821E-7));
#2701=CARTESIAN_POINT('Ctrl Pts',(5.71008509661151,-2.77440006909146,-0.0559001725678366));
#2702=CARTESIAN_POINT('Ctrl Pts',(5.70925433123897,-2.77439999613594,-0.11229955737634));
#2703=CARTESIAN_POINT('Ctrl Pts',(5.70760837327864,-2.77439997942666,-0.168164589405564));
#2704=CARTESIAN_POINT('Ctrl Pts',(6.64259492032715,-20.634300760036,-1.43800525734416E-6));
#2705=CARTESIAN_POINT('Ctrl Pts',(6.64259492229578,-20.6343001074558,-6.64259603477177));
#2706=CARTESIAN_POINT('Ctrl Pts',(3.25529250482294E-7,-20.6343002353402,
-6.64259603674041));
#2707=CARTESIAN_POINT('Ctrl Pts',(-6.64259427123728,-20.6343003632246,-6.64259603870906));
#2708=CARTESIAN_POINT('Ctrl Pts',(-6.64259427320591,-20.6343010158048,-1.44194254847893E-6));
#2709=CARTESIAN_POINT('Ctrl Pts',(-6.64259427517455,-20.6343016683851,6.64259315482396));
#2710=CARTESIAN_POINT('Ctrl Pts',(3.21591986440699E-7,-20.6343015405007,
6.64259315679261));
#2711=CARTESIAN_POINT('Ctrl Pts',(6.64259491835851,-20.6343014126163,6.64259315876125));
#2712=CARTESIAN_POINT('Ctrl Pts',(6.64259492032715,-20.634300760036,-1.43800525734416E-6));
#2713=CARTESIAN_POINT('Ctrl Pts',(6.23232204456381,-20.737029532943,-1.44580104285322E-6));
#2714=CARTESIAN_POINT('Ctrl Pts',(6.23232204641085,-20.7370289206687,-6.2323231650557));
#2715=CARTESIAN_POINT('Ctrl Pts',(3.27156174816415E-7,-20.7370290406544,
-6.23232316690275));
#2716=CARTESIAN_POINT('Ctrl Pts',(-6.23232139209851,-20.7370291606402,-6.23232316874981));
#2717=CARTESIAN_POINT('Ctrl Pts',(-6.23232139394554,-20.7370297729145,-1.44949515031637E-6));
#2718=CARTESIAN_POINT('Ctrl Pts',(-6.23232139579259,-20.7370303851888,6.23232026975951));
#2719=CARTESIAN_POINT('Ctrl Pts',(3.23462092549521E-7,-20.7370302652031,
6.23232027160656));
#2720=CARTESIAN_POINT('Ctrl Pts',(6.23232204271676,-20.7370301452173,6.23232027345361));
#2721=CARTESIAN_POINT('Ctrl Pts',(6.23232204456381,-20.737029532943,-1.44580104285322E-6));
#2722=CARTESIAN_POINT('Ctrl Pts',(6.23232205267197,-21.2134000594878,-1.48138756879068E-6));
#2723=CARTESIAN_POINT('Ctrl Pts',(6.23232205451901,-21.2133994472134,-6.23232320064222));
#2724=CARTESIAN_POINT('Ctrl Pts',(3.35264329822532E-7,-21.2133995671992,
-6.23232320248928));
#2725=CARTESIAN_POINT('Ctrl Pts',(-6.23232138399034,-21.2133996871849,-6.23232320433633));
#2726=CARTESIAN_POINT('Ctrl Pts',(-6.23232138583738,-21.2134002994592,-1.48508167275802E-6));
#2727=CARTESIAN_POINT('Ctrl Pts',(-6.23232138768443,-21.2134009117336,6.23232023417298));
#2728=CARTESIAN_POINT('Ctrl Pts',(3.31570254689939E-7,-21.2134007917478,
6.23232023602003));
#2729=CARTESIAN_POINT('Ctrl Pts',(6.23232205082493,-21.2134006717621,6.23232023786709));
#2730=CARTESIAN_POINT('Ctrl Pts',(6.23232205267197,-21.2134000594878,-1.48138756879068E-6));
#2731=CARTESIAN_POINT('Ctrl Pts',(6.23232206276615,-21.8064533157757,-1.52569069603002E-6));
#2732=CARTESIAN_POINT('Ctrl Pts',(6.23232206461319,-21.8064527035014,-6.23232324494535));
#2733=CARTESIAN_POINT('Ctrl Pts',(3.45358514269173E-7,-21.8064528234872,
-6.23232324679241));
#2734=CARTESIAN_POINT('Ctrl Pts',(-6.23232137389615,-21.8064529434729,-6.23232324863946));
#2735=CARTESIAN_POINT('Ctrl Pts',(-6.2323213757432,-21.8064535557472,-1.5293848021734E-6));
#2736=CARTESIAN_POINT('Ctrl Pts',(-6.23232137759025,-21.8064541680215,6.23232018986986));
#2737=CARTESIAN_POINT('Ctrl Pts',(3.41664430272143E-7,-21.8064540480358,
6.23232019171691));
#2738=CARTESIAN_POINT('Ctrl Pts',(6.2323220609191,-21.8064539280501,6.23232019356396));
#2739=CARTESIAN_POINT('Ctrl Pts',(6.23232206276615,-21.8064533157757,-1.52569069603002E-6));
#2740=CARTESIAN_POINT('Ctrl Pts',(6.75539503481214,-21.8064533057054,-1.52553567213733E-6));
#2741=CARTESIAN_POINT('Ctrl Pts',(6.75539503681421,-21.8064526420435,-6.75539621683632));
#2742=CARTESIAN_POINT('Ctrl Pts',(3.4551353427642E-7,-21.8064527720996,
-6.7553962188384));
#2743=CARTESIAN_POINT('Ctrl Pts',(-6.75539434578713,-21.8064529021556,-6.75539622084047));
#2744=CARTESIAN_POINT('Ctrl Pts',(-6.7553943477892,-21.8064535658175,-1.52953982389006E-6));
#2745=CARTESIAN_POINT('Ctrl Pts',(-6.75539434979127,-21.8064542294794,6.75539316176082));
#2746=CARTESIAN_POINT('Ctrl Pts',(3.41509410247548E-7,-21.8064540994234,
6.7553931637629));
#2747=CARTESIAN_POINT('Ctrl Pts',(6.75539503281008,-21.8064539693674,6.75539316576498));
#2748=CARTESIAN_POINT('Ctrl Pts',(6.75539503481214,-21.8064533057054,-1.52553567213733E-6));
#2749=CARTESIAN_POINT('Ctrl Pts',(7.27846800685815,-21.8064532956352,-1.52538065042067E-6));
#2750=CARTESIAN_POINT('Ctrl Pts',(7.27846800901522,-21.8064525805856,-7.2784691887273));
#2751=CARTESIAN_POINT('Ctrl Pts',(3.45668554283668E-7,-21.8064527207119,
-7.2784691908844));
#2752=CARTESIAN_POINT('Ctrl Pts',(-7.2784673176781,-21.8064528608383,-7.27846919304149));
#2753=CARTESIAN_POINT('Ctrl Pts',(-7.2784673198352,-21.8064535758878,-1.52969484560672E-6));
#2754=CARTESIAN_POINT('Ctrl Pts',(-7.27846732199228,-21.8064542909373,7.2784661336518));
#2755=CARTESIAN_POINT('Ctrl Pts',(3.41354381375864E-7,-21.806454150811,
7.2784661358089));
#2756=CARTESIAN_POINT('Ctrl Pts',(7.27846800470105,-21.8064540106847,7.278466137966));
#2757=CARTESIAN_POINT('Ctrl Pts',(7.27846800685815,-21.8064532956352,-1.52538065042067E-6));
#2758=CARTESIAN_POINT('Ctrl Pts',(7.27846799676396,-21.2134000393472,-1.48107752318133E-6));
#2759=CARTESIAN_POINT('Ctrl Pts',(7.27846799892105,-21.2133993242976,-7.27846914442417));
#2760=CARTESIAN_POINT('Ctrl Pts',(3.35574378718812E-7,-21.213399464424,
-7.27846914658127));
#2761=CARTESIAN_POINT('Ctrl Pts',(-7.2784673277723,-21.2133996045503,-7.27846914873837));
#2762=CARTESIAN_POINT('Ctrl Pts',(-7.27846732992938,-21.2134003195998,-1.48539171836737E-6));
#2763=CARTESIAN_POINT('Ctrl Pts',(-7.27846733208647,-21.2134010346494,7.27846617795493));
#2764=CARTESIAN_POINT('Ctrl Pts',(3.3126020579366E-7,-21.213400894523,7.27846618011202));
#2765=CARTESIAN_POINT('Ctrl Pts',(7.27846799460687,-21.2134007543967,7.27846618226912));
#2766=CARTESIAN_POINT('Ctrl Pts',(7.27846799676396,-21.2134000393472,-1.48107752318133E-6));
#2767=CARTESIAN_POINT('Ctrl Pts',(7.27846798666978,-20.6203467830592,-1.43677439811802E-6));
#2768=CARTESIAN_POINT('Ctrl Pts',(7.27846798882686,-20.6203460680097,-7.27846910012104));
#2769=CARTESIAN_POINT('Ctrl Pts',(3.25480194272171E-7,-20.620346208136,
-7.27846910227814));
#2770=CARTESIAN_POINT('Ctrl Pts',(-7.27846733786647,-20.6203463482623,-7.27846910443524));
#2771=CARTESIAN_POINT('Ctrl Pts',(-7.27846734002356,-20.6203470633118,-1.44108859112803E-6));
#2772=CARTESIAN_POINT('Ctrl Pts',(-7.27846734218064,-20.6203477783614,7.27846622225805));
#2773=CARTESIAN_POINT('Ctrl Pts',(3.21166021347019E-7,-20.6203476382351,
7.27846622441515));
#2774=CARTESIAN_POINT('Ctrl Pts',(7.27846798451269,-20.6203474981087,7.27846622657225));
#2775=CARTESIAN_POINT('Ctrl Pts',(7.27846798666978,-20.6203467830592,-1.43677439811802E-6));
#2776=CARTESIAN_POINT('Ctrl Pts',(6.75539501462378,-20.6203467931295,-1.43692941765864E-6));
#2777=CARTESIAN_POINT('Ctrl Pts',(6.75539501662585,-20.6203461294676,-6.75539612823007));
#2778=CARTESIAN_POINT('Ctrl Pts',(3.25325174264923E-7,-20.6203462595236,
-6.75539613023215));
#2779=CARTESIAN_POINT('Ctrl Pts',(-6.7553943659755,-20.6203463895796,-6.75539613223422));
#2780=CARTESIAN_POINT('Ctrl Pts',(-6.75539436797756,-20.6203470532416,-1.44093356941137E-6));
#2781=CARTESIAN_POINT('Ctrl Pts',(-6.75539436997962,-20.6203477169035,6.75539325036708));
#2782=CARTESIAN_POINT('Ctrl Pts',(3.21321050236051E-7,-20.6203475868475,
6.75539325236916));
#2783=CARTESIAN_POINT('Ctrl Pts',(6.75539501262172,-20.6203474567914,6.75539325437123));
#2784=CARTESIAN_POINT('Ctrl Pts',(6.75539501462378,-20.6203467931295,-1.43692941765864E-6));
#2785=CARTESIAN_POINT('Ctrl Pts',(6.69832354939831,-20.6203467942282,-1.43694633177385E-6));
#2786=CARTESIAN_POINT('Ctrl Pts',(6.69832355138346,-20.6203461361731,-6.69832466302151));
#2787=CARTESIAN_POINT('Ctrl Pts',(3.25308260336226E-7,-20.6203462651304,
-6.69832466500667));
#2788=CARTESIAN_POINT('Ctrl Pts',(-6.69832290076694,-20.6203463940877,-6.69832466699183));
#2789=CARTESIAN_POINT('Ctrl Pts',(-6.69832290275208,-20.6203470521428,-1.44091665529616E-6));
#2790=CARTESIAN_POINT('Ctrl Pts',(-6.69832290473723,-20.6203477101979,6.69832178515852));
#2791=CARTESIAN_POINT('Ctrl Pts',(3.21337964164749E-7,-20.6203475812407,
6.69832178714368));
#2792=CARTESIAN_POINT('Ctrl Pts',(6.69832354741316,-20.6203474522834,6.69832178912884));
#2793=CARTESIAN_POINT('Ctrl Pts',(6.69832354939831,-20.6203467942282,-1.43694633177385E-6));
#2794=CARTESIAN_POINT('Ctrl Pts',(6.64259492032715,-20.634300760036,-1.43800525734416E-6));
#2795=CARTESIAN_POINT('Ctrl Pts',(6.64259492229578,-20.6343001074558,-6.64259603477177));
#2796=CARTESIAN_POINT('Ctrl Pts',(3.25529250482294E-7,-20.6343002353402,
-6.64259603674041));
#2797=CARTESIAN_POINT('Ctrl Pts',(-6.64259427123728,-20.6343003632246,-6.64259603870906));
#2798=CARTESIAN_POINT('Ctrl Pts',(-6.64259427320591,-20.6343010158048,-1.44194254847893E-6));
#2799=CARTESIAN_POINT('Ctrl Pts',(-6.64259427517455,-20.6343016683851,6.64259315482396));
#2800=CARTESIAN_POINT('Ctrl Pts',(3.21591986440699E-7,-20.6343015405007,
6.64259315679261));
#2801=CARTESIAN_POINT('Ctrl Pts',(6.64259491835851,-20.6343014126163,6.64259315876125));
#2802=CARTESIAN_POINT('Ctrl Pts',(6.64259492032715,-20.634300760036,-1.43800525734416E-6));
#2803=CARTESIAN_POINT('',(-6.23252367846617,-21.2298892967208,-1.29245834110862E-6));
#2804=CARTESIAN_POINT('',(6.23252429798826,-21.229890205605,-2.43778793855113E-7));
#2805=CARTESIAN_POINT('Origin',(3.09761092869704E-7,-21.2298897511629,-1.2994548562934E-6));
#2806=CARTESIAN_POINT('Origin',(3.09761092869704E-7,-21.2298897511629,-1.2994548562934E-6));
#2807=CARTESIAN_POINT('Ctrl Pts',(6.64142305469892,-20.6345957843624,-1.43802764398268E-6));
#2808=CARTESIAN_POINT('Ctrl Pts',(6.23232204458285,-20.7381480749047,-1.44588460180642E-6));
#2809=CARTESIAN_POINT('Ctrl Pts',(6.23232205267197,-21.2134000594878,-1.48138756879068E-6));
#2810=CARTESIAN_POINT('Ctrl Pts',(6.23232205281233,-21.2216467268263,-1.48200362333305E-6));
#2811=CARTESIAN_POINT('Ctrl Pts',(6.23252429798834,-21.2298902056049,-1.4826193797396E-6));
#2812=CARTESIAN_POINT('Ctrl Pts',(-3.31955206362584,-20.6351900850969,5.74962950032149));
#2813=CARTESIAN_POINT('Ctrl Pts',(-1.73492103151231,-20.6351982506914,6.66448083914205));
#2814=CARTESIAN_POINT('Ctrl Pts',(0.234317559895329,-20.6352001729155,6.88196876589204));
#2815=CARTESIAN_POINT('Ctrl Pts',(1.97864321427656,-20.6351952792882,6.33737872045458));
#2816=CARTESIAN_POINT('Ctrl Pts',(2.4456230778547,-20.6351939691972,6.19158450795438));
#2817=CARTESIAN_POINT('Ctrl Pts',(2.89536655240568,-20.6351922006265,5.99452365991236));
#2818=CARTESIAN_POINT('Ctrl Pts',(3.31955198727299,-20.6351900044113,5.74962970753563));
#2819=CARTESIAN_POINT('Ctrl Pts',(5.7101967745955,-25.1635630090993,-1.90236946449326E-6));
#2820=CARTESIAN_POINT('Ctrl Pts',(5.71019677372755,-25.1635623353555,-5.71019850651977));
#2821=CARTESIAN_POINT('Ctrl Pts',(1.69577225246073E-7,-25.1635622789894,
-5.71019850565182));
#2822=CARTESIAN_POINT('Ctrl Pts',(-5.71019643457311,-25.1635622226233,-5.71019850478388));
#2823=CARTESIAN_POINT('Ctrl Pts',(-5.71019643370517,-25.1635628963672,-1.90063357372173E-6));
#2824=CARTESIAN_POINT('Ctrl Pts',(-5.71019643283722,-25.163563570111,5.71019470351673));
#2825=CARTESIAN_POINT('Ctrl Pts',(1.71313108738666E-7,-25.1635636264771,
5.71019470264878));
#2826=CARTESIAN_POINT('Ctrl Pts',(5.71019677546344,-25.1635636828432,5.71019470178084));
#2827=CARTESIAN_POINT('Ctrl Pts',(5.7101967745955,-25.1635630090993,-1.90236946449326E-6));
#2828=CARTESIAN_POINT('Ctrl Pts',(5.4786349324488,-25.2931664064446,-1.91400709834671E-6));
#2829=CARTESIAN_POINT('Ctrl Pts',(5.47863493161606,-25.2931657600226,-5.47863667674103));
#2830=CARTESIAN_POINT('Ctrl Pts',(1.68882100897139E-7,-25.2931657059423,
-5.47863667590828));
#2831=CARTESIAN_POINT('Ctrl Pts',(-5.47863459385185,-25.293165651862,-5.47863667507553));
#2832=CARTESIAN_POINT('Ctrl Pts',(-5.47863459301911,-25.2931662982839,-1.91234160018405E-6));
#2833=CARTESIAN_POINT('Ctrl Pts',(-5.47863459218636,-25.2931669447059,5.47863285039233));
#2834=CARTESIAN_POINT('Ctrl Pts',(1.7054759648994E-7,-25.2931669987862,
5.47863284955958));
#2835=CARTESIAN_POINT('Ctrl Pts',(5.47863493328155,-25.2931670528665,5.47863284872683));
#2836=CARTESIAN_POINT('Ctrl Pts',(5.4786349324488,-25.2931664064446,-1.91400709834671E-6));
#2837=CARTESIAN_POINT('Ctrl Pts',(5.47863493079893,-25.5859551056035,-1.94037733838023E-6));
#2838=CARTESIAN_POINT('Ctrl Pts',(5.47863492996619,-25.5859544591816,-5.47863670311127));
#2839=CARTESIAN_POINT('Ctrl Pts',(1.67232232228809E-7,-25.5859544051012,
-5.47863670227852));
#2840=CARTESIAN_POINT('Ctrl Pts',(-5.47863459550172,-25.5859543510209,-5.47863670144577));
#2841=CARTESIAN_POINT('Ctrl Pts',(-5.47863459466899,-25.5859549974429,-1.93871184021757E-6));
#2842=CARTESIAN_POINT('Ctrl Pts',(-5.47863459383623,-25.5859556438648,5.47863282402209));
#2843=CARTESIAN_POINT('Ctrl Pts',(1.68897722301054E-7,-25.5859556979451,
5.47863282318934));
#2844=CARTESIAN_POINT('Ctrl Pts',(5.47863493163168,-25.5859557520254,5.47863282235659));
#2845=CARTESIAN_POINT('Ctrl Pts',(5.47863493079893,-25.5859551056035,-1.94037733838023E-6));
#2846=CARTESIAN_POINT('Ctrl Pts',(5.47863492814453,-26.0570101799717,-1.98280327482745E-6));
#2847=CARTESIAN_POINT('Ctrl Pts',(5.47863492731178,-26.0570095335498,-5.4786367455372));
#2848=CARTESIAN_POINT('Ctrl Pts',(1.64577829888518E-7,-26.0570094794695,
-5.47863674470445));
#2849=CARTESIAN_POINT('Ctrl Pts',(-5.47863459815612,-26.0570094253892,-5.47863674387171));
#2850=CARTESIAN_POINT('Ctrl Pts',(-5.47863459732339,-26.0570100718111,-1.98113777884082E-6));
#2851=CARTESIAN_POINT('Ctrl Pts',(-5.47863459649064,-26.057010718233,5.47863278159615));
#2852=CARTESIAN_POINT('Ctrl Pts',(1.66243319960763E-7,-26.0570107723133,
5.4786327807634));
#2853=CARTESIAN_POINT('Ctrl Pts',(5.47863492897728,-26.0570108263937,5.47863277993065));
#2854=CARTESIAN_POINT('Ctrl Pts',(5.47863492814453,-26.0570101799717,-1.98280327482745E-6));
#2855=CARTESIAN_POINT('Ctrl Pts',(5.8941055037373,-26.0570101840729,-1.98286642656548E-6));
#2856=CARTESIAN_POINT('Ctrl Pts',(5.89410550284141,-26.0570094886297,-5.89410732119312));
#2857=CARTESIAN_POINT('Ctrl Pts',(1.64514677870181E-7,-26.0570094304483,
-5.89410732029723));
#2858=CARTESIAN_POINT('Ctrl Pts',(-5.89410517381205,-26.0570093722668,-5.89410731940132));
#2859=CARTESIAN_POINT('Ctrl Pts',(-5.89410517291616,-26.0570100677099,-1.98107462927883E-6));
#2860=CARTESIAN_POINT('Ctrl Pts',(-5.89410517202025,-26.0570107631531,5.89410335725207));
#2861=CARTESIAN_POINT('Ctrl Pts',(1.66306471996447E-7,-26.0570108213345,
5.89410335635617));
#2862=CARTESIAN_POINT('Ctrl Pts',(5.8941055046332,-26.057010879516,5.89410335546027));
#2863=CARTESIAN_POINT('Ctrl Pts',(5.8941055037373,-26.0570101840729,-1.98286642656548E-6));
#2864=CARTESIAN_POINT('Ctrl Pts',(6.30957607933007,-26.057010188174,-1.98292957830351E-6));
#2865=CARTESIAN_POINT('Ctrl Pts',(6.30957607837103,-26.0570094437097,-6.30957789684904));
#2866=CARTESIAN_POINT('Ctrl Pts',(1.64451525851844E-7,-26.057009381427,
-6.30957789588999));
#2867=CARTESIAN_POINT('Ctrl Pts',(-6.30957574946797,-26.0570093191444,-6.30957789493094));
#2868=CARTESIAN_POINT('Ctrl Pts',(-6.30957574850892,-26.0570100636088,-1.98101147536476E-6));
#2869=CARTESIAN_POINT('Ctrl Pts',(-6.30957574754988,-26.0570108080731,6.30957393290799));
#2870=CARTESIAN_POINT('Ctrl Pts',(1.66369623997437E-7,-26.0570108703558,
6.30957393194894));
#2871=CARTESIAN_POINT('Ctrl Pts',(6.30957608028912,-26.0570109326384,6.30957393098989));
#2872=CARTESIAN_POINT('Ctrl Pts',(6.30957607933007,-26.057010188174,-1.98292957830351E-6));
#2873=CARTESIAN_POINT('Ctrl Pts',(6.30957608198448,-25.5859551138058,-1.94050363968026E-6));
#2874=CARTESIAN_POINT('Ctrl Pts',(6.30957608102543,-25.5859543693415,-6.30957785442311));
#2875=CARTESIAN_POINT('Ctrl Pts',(1.67105928192135E-7,-25.5859543070588,
-6.30957785346406));
#2876=CARTESIAN_POINT('Ctrl Pts',(-6.30957574681357,-25.5859542447762,-6.309577852505));
#2877=CARTESIAN_POINT('Ctrl Pts',(-6.30957574585453,-25.5859549892406,-1.93858553891754E-6));
#2878=CARTESIAN_POINT('Ctrl Pts',(-6.30957574489547,-25.5859557337049,6.30957397533392));
#2879=CARTESIAN_POINT('Ctrl Pts',(1.69024026337727E-7,-25.5859557959875,
6.30957397437488));
#2880=CARTESIAN_POINT('Ctrl Pts',(6.30957608294352,-25.5859558582702,6.30957397341582));
#2881=CARTESIAN_POINT('Ctrl Pts',(6.30957608198448,-25.5859551138058,-1.94050363968026E-6));
#2882=CARTESIAN_POINT('Ctrl Pts',(6.30957608463888,-25.1149000394376,-1.89807770105701E-6));
#2883=CARTESIAN_POINT('Ctrl Pts',(6.30957608367983,-25.1148992949732,-6.30957781199717));
#2884=CARTESIAN_POINT('Ctrl Pts',(1.6976033941421E-7,-25.1148992326906,
-6.30957781103812));
#2885=CARTESIAN_POINT('Ctrl Pts',(-6.30957574415916,-25.114899170408,-6.30957781007907));
#2886=CARTESIAN_POINT('Ctrl Pts',(-6.30957574320012,-25.1148999148723,-1.89615960029429E-6));
#2887=CARTESIAN_POINT('Ctrl Pts',(-6.30957574224107,-25.1149006593367,6.30957401775986));
#2888=CARTESIAN_POINT('Ctrl Pts',(1.71678428678018E-7,-25.1149007216193,
6.30957401680081));
#2889=CARTESIAN_POINT('Ctrl Pts',(6.30957608559793,-25.114900783902,6.30957401584176));
#2890=CARTESIAN_POINT('Ctrl Pts',(6.30957608463888,-25.1149000394376,-1.89807770105701E-6));
#2891=CARTESIAN_POINT('Ctrl Pts',(5.89410550904611,-25.1149000353364,-1.89801454931898E-6));
#2892=CARTESIAN_POINT('Ctrl Pts',(5.89410550815021,-25.1148993398933,-5.89410723634125));
#2893=CARTESIAN_POINT('Ctrl Pts',(1.698234914152E-7,-25.1148992817118,-5.89410723544535));
#2894=CARTESIAN_POINT('Ctrl Pts',(-5.89410516850324,-25.1148992235304,-5.89410723454945));
#2895=CARTESIAN_POINT('Ctrl Pts',(-5.89410516760735,-25.1148999189735,-1.89622275203232E-6));
#2896=CARTESIAN_POINT('Ctrl Pts',(-5.89410516671145,-25.1149006144166,5.89410344210395));
#2897=CARTESIAN_POINT('Ctrl Pts',(1.71615276659681E-7,-25.1149006725981,
5.89410344120805));
#2898=CARTESIAN_POINT('Ctrl Pts',(5.894105509942,-25.1149007307796,5.89410344031215));
#2899=CARTESIAN_POINT('Ctrl Pts',(5.89410550904611,-25.1149000353364,-1.89801454931898E-6));
#2900=CARTESIAN_POINT('Ctrl Pts',(5.79714270580817,-25.1149000343793,-1.89799981143159E-6));
#2901=CARTESIAN_POINT('Ctrl Pts',(5.79714270492701,-25.1148993503768,-5.79714443308857));
#2902=CARTESIAN_POINT('Ctrl Pts',(1.69838227807058E-7,-25.1148992931524,
-5.79714443220741));
#2903=CARTESIAN_POINT('Ctrl Pts',(-5.79714236525056,-25.1148992359281,-5.79714443132625));
#2904=CARTESIAN_POINT('Ctrl Pts',(-5.79714236436941,-25.1148999199306,-1.89623748991971E-6));
#2905=CARTESIAN_POINT('Ctrl Pts',(-5.79714236348825,-25.1149006039332,5.79714063885127));
#2906=CARTESIAN_POINT('Ctrl Pts',(1.71600540271872E-7,-25.1149006611575,
5.79714063797011));
#2907=CARTESIAN_POINT('Ctrl Pts',(5.79714270668933,-25.1149007183818,5.79714063708895));
#2908=CARTESIAN_POINT('Ctrl Pts',(5.79714270580817,-25.1149000343793,-1.89799981143159E-6));
#2909=CARTESIAN_POINT('Ctrl Pts',(5.7101967745955,-25.1635630090993,-1.90236946449326E-6));
#2910=CARTESIAN_POINT('Ctrl Pts',(5.71019677372755,-25.1635623353555,-5.71019850651977));
#2911=CARTESIAN_POINT('Ctrl Pts',(1.69577225246073E-7,-25.1635622789894,
-5.71019850565182));
#2912=CARTESIAN_POINT('Ctrl Pts',(-5.71019643457311,-25.1635622226233,-5.71019850478388));
#2913=CARTESIAN_POINT('Ctrl Pts',(-5.71019643370517,-25.1635628963672,-1.90063357372173E-6));
#2914=CARTESIAN_POINT('Ctrl Pts',(-5.71019643283722,-25.163563570111,5.71019470351673));
#2915=CARTESIAN_POINT('Ctrl Pts',(1.71313108738666E-7,-25.1635636264771,
5.71019470264878));
#2916=CARTESIAN_POINT('Ctrl Pts',(5.71019677546344,-25.1635636828432,5.71019470178084));
#2917=CARTESIAN_POINT('Ctrl Pts',(5.7101967745955,-25.1635630090993,-1.90236946449326E-6));
#2918=CARTESIAN_POINT('Ctrl Pts',(5.71019677076991,-25.1635630112405,-1.90236946468552E-6));
#2919=CARTESIAN_POINT('Ctrl Pts',(5.4786349324488,-25.2931664097975,-1.91400709864869E-6));
#2920=CARTESIAN_POINT('Ctrl Pts',(5.47863493079893,-25.5859551056035,-1.94037733838023E-6));
#2921=CARTESIAN_POINT('Ctrl Pts',(5.47863492992946,-25.7402532760348,-1.95427432140588E-6));
#2922=CARTESIAN_POINT('Ctrl Pts',(5.5591514934994,-25.8646490684012,-1.96549036231091E-6));
#2923=CARTESIAN_POINT('Origin',(9.80253683986396E-6,-17.2200064666956,5.39863685282121E-7));
#2924=CARTESIAN_POINT('',(-6.7484506673588,-17.0309279140536,4.20095799909133E-7));
#2925=CARTESIAN_POINT('',(6.74845099193316,-17.0309279900506,-2.79577083503264E-7));
#2926=CARTESIAN_POINT('Origin',(1.62287113972953E-7,-17.030927952052,-1.17529195567776E-6));
#2927=CARTESIAN_POINT('',(-6.92889301711981,-17.2200117814898,3.33205964414927E-7));
#2928=CARTESIAN_POINT('',(-6.92887836836758,-17.2199964313091,3.33213018225063E-7));
#2929=CARTESIAN_POINT('',(-4.45379597996244,-17.2200027176888,5.30783054777711));
#2930=CARTESIAN_POINT('Ctrl Pts',(-4.45380012046435,-17.2200055799282,5.30783548227752));
#2931=CARTESIAN_POINT('Ctrl Pts',(-5.02992828161953,-17.2200077455974,4.82440972892356));
#2932=CARTESIAN_POINT('Ctrl Pts',(-5.51635245239764,-17.2200094272953,4.26329841393474));
#2933=CARTESIAN_POINT('Ctrl Pts',(-5.91799528685079,-17.2200106274285,3.60372845386464));
#2934=CARTESIAN_POINT('Ctrl Pts',(-6.57908463092633,-17.2200126028036,2.51810054052629));
#2935=CARTESIAN_POINT('Ctrl Pts',(-6.92854875102152,-17.2200129397797,1.20774374440755));
#2936=CARTESIAN_POINT('Ctrl Pts',(-6.9288927351625,-17.2200117833904,0.00198072899157953));
#2937=CARTESIAN_POINT('Ctrl Pts',(-6.92889292349668,-17.2200117827573,0.00132056371534772));
#2938=CARTESIAN_POINT('Ctrl Pts',(-6.92889301747298,-17.2200117821239,0.000660565400923099));
#2939=CARTESIAN_POINT('Ctrl Pts',(-6.92889301711981,-17.2200117814898,3.3320596420916E-7));
#2940=CARTESIAN_POINT('',(1.49955074626872,-17.2199855883889,6.76465314395235));
#2941=CARTESIAN_POINT('Ctrl Pts',(1.49955244362441,-17.2199938073034,6.76466080140541));
#2942=CARTESIAN_POINT('Ctrl Pts',(0.376535705169955,-17.2200107256913,7.0136213307402));
#2943=CARTESIAN_POINT('Ctrl Pts',(-0.738727793084217,-17.2200188485723,
6.98576371091617));
#2944=CARTESIAN_POINT('Ctrl Pts',(-1.85290028097895,-17.2200180751551,6.67655402595691));
#2945=CARTESIAN_POINT('Ctrl Pts',(-2.80747548490594,-17.2200174125244,6.41163642901111));
#2946=CARTESIAN_POINT('Ctrl Pts',(-3.71688076519434,-17.2200094199455,5.92618841597783));
#2947=CARTESIAN_POINT('Ctrl Pts',(-4.45379414944296,-17.2199958459587,5.30782836642379));
#2948=CARTESIAN_POINT('Ctrl Pts',(6.92227326298134,-17.2199849988996,0.302228368884657));
#2949=CARTESIAN_POINT('Ctrl Pts',(6.86587964811881,-17.2200062247125,1.59432866163715));
#2950=CARTESIAN_POINT('Ctrl Pts',(6.40140892931025,-17.2200204623328,2.96656373420783));
#2951=CARTESIAN_POINT('Ctrl Pts',(5.62474612927211,-17.2200232167142,4.04622387158888));
#2952=CARTESIAN_POINT('Ctrl Pts',(5.06838613348871,-17.2200251898068,4.81963507327294));
#2953=CARTESIAN_POINT('Ctrl Pts',(4.39052302062957,-17.2200221226831,5.44622539490246));
#2954=CARTESIAN_POINT('Ctrl Pts',(3.56424602534752,-17.2200137385538,5.94186097740337));
#2955=CARTESIAN_POINT('Ctrl Pts',(2.92870613589184,-17.2200072898101,6.32308444739166));
#2956=CARTESIAN_POINT('Ctrl Pts',(2.22096054514122,-17.2199976332858,6.6047468777606));
#2957=CARTESIAN_POINT('Ctrl Pts',(1.49955074624934,-17.2199855883889,6.76465314395664));
#2958=CARTESIAN_POINT('Ctrl Pts',(1.79332828977582,-17.2199869774072,-6.69277512926372));
#2959=CARTESIAN_POINT('Ctrl Pts',(2.76519588765863,-17.220001352623,-6.43237746858942));
#2960=CARTESIAN_POINT('Ctrl Pts',(3.69356437117841,-17.2200117381407,-5.94340110373021));
#2961=CARTESIAN_POINT('Ctrl Pts',(4.44405368023179,-17.2200168978672,-5.31601755930227));
#2962=CARTESIAN_POINT('Ctrl Pts',(5.02116157188631,-17.2200208655705,-4.83357498455028));
#2963=CARTESIAN_POINT('Ctrl Pts',(5.50808997482497,-17.2200220857912,-4.27392168957222));
#2964=CARTESIAN_POINT('Ctrl Pts',(5.91083428199959,-17.2200203686498,-3.61548511237851));
#2965=CARTESIAN_POINT('Ctrl Pts',(6.44072848415454,-17.220018109392,-2.74917435757389));
#2966=CARTESIAN_POINT('Ctrl Pts',(6.77984691638136,-17.2200103405032,-1.74126553132277));
#2967=CARTESIAN_POINT('Ctrl Pts',(6.88786750529999,-17.2199985622854,-0.752777903172858));
#2968=CARTESIAN_POINT('Ctrl Pts',(6.91558461531282,-17.2199955401008,-0.499140882582346));
#2969=CARTESIAN_POINT('Ctrl Pts',(6.92887492078792,-17.2199922745534,-0.247212112350016));
#2970=CARTESIAN_POINT('Ctrl Pts',(6.92887156468352,-17.2199888286287,-4.14044805108205E-7));
#2971=CARTESIAN_POINT('Ctrl Pts',(-6.14596646633126,-17.2199920302868,-3.19943879060856));
#2972=CARTESIAN_POINT('Ctrl Pts',(-5.5008139368936,-17.2200080632305,-4.43877952946349));
#2973=CARTESIAN_POINT('Ctrl Pts',(-4.54170564507849,-17.2200168762087,-5.41575392155812));
#2974=CARTESIAN_POINT('Ctrl Pts',(-3.31629631071357,-17.2200180603311,-6.08373651636801));
#2975=CARTESIAN_POINT('Ctrl Pts',(-2.29831477263567,-17.2200190440144,-6.63864819380047));
#2976=CARTESIAN_POINT('Ctrl Pts',(-1.11532960601213,-17.2200139771351,-6.92586720500814));
#2977=CARTESIAN_POINT('Ctrl Pts',(-0.0189876928980511,-17.2200047127223,
-6.92886279027538));
#2978=CARTESIAN_POINT('Ctrl Pts',(0.476170556417315,-17.220000528489,-6.93021573385882));
#2979=CARTESIAN_POINT('Ctrl Pts',(0.988823845050078,-17.2199952599908,-6.87766899762649));
#2980=CARTESIAN_POINT('Ctrl Pts',(1.49685149536244,-17.2199889920251,-6.76525888122167));
#2981=CARTESIAN_POINT('Ctrl Pts',(-6.92889301711981,-17.2200117814898,3.33205962821381E-7));
#2982=CARTESIAN_POINT('Ctrl Pts',(-6.92889258515863,-17.2200110059883,-0.807513746224454));
#2983=CARTESIAN_POINT('Ctrl Pts',(-6.78026182842429,-17.2200095039452,-1.66503678764758));
#2984=CARTESIAN_POINT('Ctrl Pts',(-6.47517684566222,-17.2200073420562,-2.46608924232481));
#2985=CARTESIAN_POINT('Ctrl Pts',(-6.41603318763498,-17.2200069229532,-2.62138096469143));
#2986=CARTESIAN_POINT('Ctrl Pts',(-6.35126496172644,-17.2200064801478,-2.77462313395898));
#2987=CARTESIAN_POINT('Ctrl Pts',(-6.28112882469173,-17.2200060153844,-2.92522079268102));
#2988=CARTESIAN_POINT('Origin',(1.62287113972953E-7,-17.030927952052,-1.17529195567776E-6));
#2989=CARTESIAN_POINT('Origin',(-0.110012779726818,-19.968968093196,-0.150716575494087));
#2990=CARTESIAN_POINT('',(2.71819474832006,-8.10210216070987,5.82918289600425));
#2991=CARTESIAN_POINT('Origin',(1.25492813571326E-7,-8.10210170062832,-4.06370171795418E-7));
#2992=CARTESIAN_POINT('',(2.80648615688994,-8.2488457062643,6.01853627946765));
#2993=CARTESIAN_POINT('',(2.80670383799489,-8.24913148994503,6.01900337737135));
#2994=CARTESIAN_POINT('Ctrl Pts',(3.06634616243257,-8.24921476444651,5.89043396558685));
#2995=CARTESIAN_POINT('Ctrl Pts',(2.98099468910041,-8.24937188589908,5.93488119425028));
#2996=CARTESIAN_POINT('Ctrl Pts',(2.89433834443011,-8.24952396458413,5.97764714962955));
#2997=CARTESIAN_POINT('Ctrl Pts',(2.8065211391907,-8.2496441519744,6.01860894452212));
#2998=CARTESIAN_POINT('Ctrl Pts',(-6.46057942192031,-32.112564059562,-1.0258597725248));
#2999=CARTESIAN_POINT('Ctrl Pts',(-6.46057942192031,-32.112564059562,-1.0258597725248));
#3000=CARTESIAN_POINT('Ctrl Pts',(-6.46057942192031,-32.112564059562,-1.0258597725248));
#3001=CARTESIAN_POINT('Ctrl Pts',(-6.46057942192031,-32.112564059562,-1.0258597725248));
#3002=CARTESIAN_POINT('Ctrl Pts',(-6.46057942192031,-32.112564059562,-1.0258597725248));
#3003=CARTESIAN_POINT('Ctrl Pts',(-6.46057942192031,-32.112564059562,-1.0258597725248));
#3004=CARTESIAN_POINT('Ctrl Pts',(-6.46057942192031,-32.112564059562,-1.0258597725248));
#3005=CARTESIAN_POINT('Ctrl Pts',(-6.46057942192031,-32.112564059562,-1.0258597725248));
#3006=CARTESIAN_POINT('Ctrl Pts',(-6.46057942192031,-32.112564059562,-1.0258597725248));
#3007=CARTESIAN_POINT('Ctrl Pts',(-6.46057942470444,-30.7506358615119,-13.3853329781461));
#3008=CARTESIAN_POINT('Ctrl Pts',(-17.0653602339551,-23.4601513702141,-12.7603793357853));
#3009=CARTESIAN_POINT('Ctrl Pts',(-17.065360231171,-24.8220795682643,-0.400906130163959));
#3010=CARTESIAN_POINT('Ctrl Pts',(-17.0653602283869,-26.1840077663144,11.9585670754574));
#3011=CARTESIAN_POINT('Ctrl Pts',(-6.46057941913618,-33.4744922576121,11.3336134330965));
#3012=CARTESIAN_POINT('Ctrl Pts',(4.14420139011452,-40.7649767489099,10.7086597907357));
#3013=CARTESIAN_POINT('Ctrl Pts',(4.14420138733038,-39.4030485508597,-1.65081341488564));
#3014=CARTESIAN_POINT('Ctrl Pts',(4.14420138454626,-38.0411203528096,-14.010286620507));
#3015=CARTESIAN_POINT('Ctrl Pts',(-6.46057942470444,-30.7506358615119,-13.3853329781461));
#3016=CARTESIAN_POINT('Ctrl Pts',(-7.37982116237948E-5,-18.7834626877827,
-12.3594850427165));
#3017=CARTESIAN_POINT('Ctrl Pts',(-10.6048546074623,-11.492978196485,-11.7345314003557));
#3018=CARTESIAN_POINT('Ctrl Pts',(-10.6048546046782,-12.8549063945351,0.624941805265676));
#3019=CARTESIAN_POINT('Ctrl Pts',(-10.6048546018941,-14.2168345925853,12.984415010887));
#3020=CARTESIAN_POINT('Ctrl Pts',(-7.37926433654924E-5,-21.507319083883,
12.3594613685262));
#3021=CARTESIAN_POINT('Ctrl Pts',(10.6047070166073,-28.7978035751807,11.7345077261653));
#3022=CARTESIAN_POINT('Ctrl Pts',(10.6047070138232,-27.4358753771306,-0.624965479456004));
#3023=CARTESIAN_POINT('Ctrl Pts',(10.6047070110391,-26.0739471790804,-12.9844386850773));
#3024=CARTESIAN_POINT('Ctrl Pts',(-7.37982116237948E-5,-18.7834626877827,
-12.3594850427165));
#3025=CARTESIAN_POINT('Ctrl Pts',(6.46043182828121,-6.81628951405354,-11.3336371072869));
#3026=CARTESIAN_POINT('Ctrl Pts',(-4.14434898096949,0.474194977244189,-10.708683464926));
#3027=CARTESIAN_POINT('Ctrl Pts',(-4.14434897818536,-0.887733220805945,
1.65078974069531));
#3028=CARTESIAN_POINT('Ctrl Pts',(-4.14434897540124,-2.24966141885608,14.0102629463167));
#3029=CARTESIAN_POINT('Ctrl Pts',(6.46043183384946,-9.54014591015381,13.3853093039558));
#3030=CARTESIAN_POINT('Ctrl Pts',(17.0652126431002,-16.8306304014515,12.760355661595));
#3031=CARTESIAN_POINT('Ctrl Pts',(17.065212640316,-15.4687022034014,0.400882455973634));
#3032=CARTESIAN_POINT('Ctrl Pts',(17.0652126375319,-14.1067740053513,-11.9585907496477));
#3033=CARTESIAN_POINT('Ctrl Pts',(6.46043182828121,-6.81628951405354,-11.3336371072869));
#3034=CARTESIAN_POINT('Ctrl Pts',(6.46043183106533,-8.17821771210368,1.02583609833447));
#3035=CARTESIAN_POINT('Ctrl Pts',(6.46043183106533,-8.17821771210368,1.02583609833447));
#3036=CARTESIAN_POINT('Ctrl Pts',(6.46043183106533,-8.17821771210368,1.02583609833447));
#3037=CARTESIAN_POINT('Ctrl Pts',(6.46043183106533,-8.17821771210368,1.02583609833447));
#3038=CARTESIAN_POINT('Ctrl Pts',(6.46043183106533,-8.17821771210368,1.02583609833447));
#3039=CARTESIAN_POINT('Ctrl Pts',(6.46043183106533,-8.17821771210368,1.02583609833447));
#3040=CARTESIAN_POINT('Ctrl Pts',(6.46043183106533,-8.17821771210368,1.02583609833447));
#3041=CARTESIAN_POINT('Ctrl Pts',(6.46043183106533,-8.17821771210368,1.02583609833447));
#3042=CARTESIAN_POINT('Ctrl Pts',(6.46043183106533,-8.17821771210368,1.02583609833447));
#3043=CARTESIAN_POINT('',(5.9277582822731,-8.12173141125271,-2.56696542080295));
#3044=CARTESIAN_POINT('Ctrl Pts',(5.96430094244374,-8.1410709782591,-2.55190820815661));
#3045=CARTESIAN_POINT('Ctrl Pts',(5.98405684389174,-8.17696405552133,-2.63571749450337));
#3046=CARTESIAN_POINT('Ctrl Pts',(6.00214782509469,-8.21285714639875,-2.7205964845826));
#3047=CARTESIAN_POINT('Ctrl Pts',(6.01851669835401,-8.24875025225362,-2.80648021359987));
#3048=CARTESIAN_POINT('Origin',(1.25492812148853E-7,-8.10210167281705,-4.06370166533635E-7));
#3049=CARTESIAN_POINT('Origin',(-0.00011866969148672,-8.24903800922255,
7.27908530647336E-5));
#3050=CARTESIAN_POINT('',(4.06075402440251,-8.25287363154583,-5.2635557122191));
#3051=CARTESIAN_POINT('Ctrl Pts',(4.05887646609498,-8.25186311813004,-5.26149427874887));
#3052=CARTESIAN_POINT('Ctrl Pts',(4.27147172844632,-8.23892071476292,-5.07420638694509));
#3053=CARTESIAN_POINT('Ctrl Pts',(4.4854750233518,-8.23961998477038,-4.88738134666597));
#3054=CARTESIAN_POINT('Ctrl Pts',(4.69967138055629,-8.25406675717964,-4.70240555010914));
#3055=CARTESIAN_POINT('',(3.56804746042277,-8.24875198264079,-5.60070897887324));
#3056=CARTESIAN_POINT('Ctrl Pts',(3.56520724875297,-8.24498730061018,-5.59616095667899));
#3057=CARTESIAN_POINT('Ctrl Pts',(3.72924499089998,-8.24122170398754,-5.48529529028474));
#3058=CARTESIAN_POINT('Ctrl Pts',(3.89513763734481,-8.24431488149783,-5.37416756518645));
#3059=CARTESIAN_POINT('Ctrl Pts',(4.05956959128252,-8.25409854458787,-5.2649812276839));
#3060=CARTESIAN_POINT('',(2.53932057405399,-8.26159921760549,-6.13750141931391));
#3061=CARTESIAN_POINT('Ctrl Pts',(2.54825523267186,-8.26341300734132,-6.15492756359389));
#3062=CARTESIAN_POINT('Ctrl Pts',(2.90176609345548,-8.25301820261715,-5.99254082650734));
#3063=CARTESIAN_POINT('Ctrl Pts',(3.24375768387625,-8.24860856326498,-5.80706260998693));
#3064=CARTESIAN_POINT('Ctrl Pts',(3.56901047279456,-8.25002503861726,-5.60224707367687));
#3065=CARTESIAN_POINT('',(1.43497936512406,-8.26160385587176,-6.4852054254903));
#3066=CARTESIAN_POINT('Ctrl Pts',(1.44075874907573,-8.26342341455606,-6.50393312660471));
#3067=CARTESIAN_POINT('Ctrl Pts',(1.81329991214488,-8.2531189460718,-6.40637263931684));
#3068=CARTESIAN_POINT('Ctrl Pts',(2.18142803483096,-8.2486072649371,-6.28387555431979));
#3069=CARTESIAN_POINT('Ctrl Pts',(2.53951991609131,-8.25000986783848,-6.13787901394326));
#3070=CARTESIAN_POINT('',(0.286677879337639,-8.26021252091842,-6.63623158632399));
#3071=CARTESIAN_POINT('Ctrl Pts',(0.29025372956411,-8.26340037707605,-6.65524166629593));
#3072=CARTESIAN_POINT('Ctrl Pts',(0.669503681676102,-8.2532534359553,-6.62423339189916));
#3073=CARTESIAN_POINT('Ctrl Pts',(1.05353012747285,-8.24861449786437,-6.56801154315403));
#3074=CARTESIAN_POINT('Ctrl Pts',(1.43510482408603,-8.24999455904823,-6.48559186750403));
#3075=CARTESIAN_POINT('Ctrl Pts',(-0.927738295324213,-8.25816050442014,
-6.58911150713645));
#3076=CARTESIAN_POINT('Ctrl Pts',(-0.518231945229708,-8.23296547213501,
-6.6105249652674));
#3077=CARTESIAN_POINT('Ctrl Pts',(-0.114130230191518,-8.23533158291352,
-6.63255323407141));
#3078=CARTESIAN_POINT('Ctrl Pts',(0.285270159842022,-8.26387160498203,-6.65612903329063));
#3079=CARTESIAN_POINT('',(-2.71075108063326,-8.25292241628023,-6.0687442257045));
#3080=CARTESIAN_POINT('Ctrl Pts',(-2.71075108064528,-8.25292241637701,-6.06874422574555));
#3081=CARTESIAN_POINT('Ctrl Pts',(-2.47268869693646,-8.24218053142277,-6.15832174750553));
#3082=CARTESIAN_POINT('Ctrl Pts',(-2.23512225712027,-8.24251872118968,-6.24889383817939));
#3083=CARTESIAN_POINT('Ctrl Pts',(-1.99979576167787,-8.25374000934397,-6.33988443740004));
#3084=CARTESIAN_POINT('',(-3.58912859530305,-8.25571342546794,-5.59900365001545));
#3085=CARTESIAN_POINT('Ctrl Pts',(-3.58912859533309,-8.255713425651,-5.59900365008925));
#3086=CARTESIAN_POINT('Ctrl Pts',(-3.29292433250834,-8.23658057518702,-5.75650603754532));
#3087=CARTESIAN_POINT('Ctrl Pts',(-3.00017700947297,-8.23587572473437,-5.91286949790114));
#3088=CARTESIAN_POINT('Ctrl Pts',(-2.71075108065707,-8.25292241637716,-6.06874422574052));
#3089=CARTESIAN_POINT('Ctrl Pts',(-4.26527472435355,-8.24501248422443,-5.0828717898997));
#3090=CARTESIAN_POINT('Ctrl Pts',(-4.04110973492584,-8.2377760071123,-5.25752250884438));
#3091=CARTESIAN_POINT('Ctrl Pts',(-3.81910719866377,-8.24120598532153,-5.42703298071732));
#3092=CARTESIAN_POINT('Ctrl Pts',(-3.58912859536274,-8.25571342565677,-5.59900365008));
#3093=CARTESIAN_POINT('Ctrl Pts',(-6.01653215324375,-8.24711614273862,-2.80521717814775));
#3094=CARTESIAN_POINT('Ctrl Pts',(-5.92916333038589,-8.24292612910977,-2.97847892534145));
#3095=CARTESIAN_POINT('Ctrl Pts',(-5.84252804635865,-8.24520424861076,-3.15175472017109));
#3096=CARTESIAN_POINT('Ctrl Pts',(-5.75702508093252,-8.25379867019553,-3.3243109946838));
#3097=CARTESIAN_POINT('',(-5.94220065881089,-8.10210204865444,-2.46134338358623));
#3098=CARTESIAN_POINT('',(-6.13543566624961,-8.2489264134461,-2.54138318549319));
#3099=CARTESIAN_POINT('Origin',(1.25492813710104E-7,-8.10210153114095,-4.06370155576264E-7));
#3100=CARTESIAN_POINT('Origin',(0.000163203301283971,-8.24905370191204,
3.41883381837996E-5));
#3101=CARTESIAN_POINT('Origin',(1.2549281072638E-7,-8.10210130119589,-4.06370146462E-7));
#3102=CARTESIAN_POINT('Ctrl Pts',(-6.62098864577947,-8.25271424114738,-0.580004495895393));
#3103=CARTESIAN_POINT('Ctrl Pts',(-6.5929779550215,-8.24476862260678,-0.770054083119721));
#3104=CARTESIAN_POINT('Ctrl Pts',(-6.56515704449364,-8.24286597641595,-0.961158002906798));
#3105=CARTESIAN_POINT('Ctrl Pts',(-6.53771162681799,-8.24727766175819,-1.15296846668225));
#3106=CARTESIAN_POINT('Ctrl Pts',(-6.23759942045421,-8.24713782592089,2.2717192521406));
#3107=CARTESIAN_POINT('Ctrl Pts',(-6.29843828279362,-8.24291713459118,2.08710073193036));
#3108=CARTESIAN_POINT('Ctrl Pts',(-6.35980894734486,-8.2451866721705,1.90298749172468));
#3109=CARTESIAN_POINT('Ctrl Pts',(-6.42147407883133,-8.25379518989203,1.72018329314081));
#3110=CARTESIAN_POINT('Ctrl Pts',(2.80648266023511,-8.24876391656388,6.01852879546684));
#3111=CARTESIAN_POINT('Ctrl Pts',(1.92122020751681,-8.24875388472454,6.43131770203255));
#3112=CARTESIAN_POINT('Ctrl Pts',(0.934540445133253,-8.24874810411824,6.63878282651392));
#3113=CARTESIAN_POINT('Ctrl Pts',(0.013643376004941,-8.24874680346073,6.64067352896599));
#3114=CARTESIAN_POINT('Ctrl Pts',(-0.783218509537722,-8.24874567798816,
6.64230957361361));
#3115=CARTESIAN_POINT('Ctrl Pts',(-1.62941464911773,-8.24874770904303,6.49297302563726));
#3116=CARTESIAN_POINT('Ctrl Pts',(-2.41696052809245,-8.2487532050682,6.18523843740069));
#3117=CARTESIAN_POINT('Ctrl Pts',(-2.81909655536841,-8.24875601144405,6.02810325572725));
#3118=CARTESIAN_POINT('Ctrl Pts',(-3.20632980745626,-8.24875969088361,5.83107026401813));
#3119=CARTESIAN_POINT('Ctrl Pts',(-3.56709263696727,-8.24876410624315,5.6013337374433));
#3120=CARTESIAN_POINT('Origin',(-3.34990576909833E-7,-7.18004479357268,
-1.80119780284209E-6));
#3121=CARTESIAN_POINT('',(6.34060703837358,-7.3878462244373,-3.6051584877328E-6));
#3122=CARTESIAN_POINT('Origin',(1.13369053329065E-7,-7.38784634612726,-3.58772028895292E-7));
#3123=CARTESIAN_POINT('',(6.51295997595133,-7.16901323929575,-1.4448786108565E-6));
#3124=CARTESIAN_POINT('',(6.50427134178443,-7.18004500957543,-1.45007714522405E-6));
#3125=CARTESIAN_POINT('',(2.48792735234486,-7.17459916958869,6.00869791905994));
#3126=CARTESIAN_POINT('Ctrl Pts',(2.49231500637071,-7.1665969733552,6.01928670127022));
#3127=CARTESIAN_POINT('Ctrl Pts',(3.392032837595,-7.16674659110497,5.64662655594548));
#3128=CARTESIAN_POINT('Ctrl Pts',(4.18529799313926,-7.16697475537023,5.07833214370509));
#3129=CARTESIAN_POINT('Ctrl Pts',(4.8125458304375,-7.16725090761058,4.39045971100497));
#3130=CARTESIAN_POINT('Ctrl Pts',(5.6453523454779,-7.16761755914962,3.4771609965178));
#3131=CARTESIAN_POINT('Ctrl Pts',(6.25017676624914,-7.16811849748437,2.22926819101301));
#3132=CARTESIAN_POINT('Ctrl Pts',(6.43972205769088,-7.16862150320394,0.976036517810343));
#3133=CARTESIAN_POINT('Ctrl Pts',(6.48944925494095,-7.16875346672805,0.647251254196828));
#3134=CARTESIAN_POINT('Ctrl Pts',(6.51306302315945,-7.16888251980334,0.325706368193198));
#3135=CARTESIAN_POINT('Ctrl Pts',(6.51295997595133,-7.16901323929575,-1.44487861453158E-6));
#3136=CARTESIAN_POINT('',(-2.48874969672314,-7.17456828816538,6.00837308762663));
#3137=CARTESIAN_POINT('Ctrl Pts',(-2.48905896619477,-7.18010455169047,6.00912047005925));
#3138=CARTESIAN_POINT('Ctrl Pts',(-1.6243569977314,-7.18005046472805,6.36733782826969));
#3139=CARTESIAN_POINT('Ctrl Pts',(-0.69488092616697,-7.18002616936273,6.52805718713989));
#3140=CARTESIAN_POINT('Ctrl Pts',(0.195024184125947,-7.18003019605408,6.5013591075002));
#3141=CARTESIAN_POINT('Ctrl Pts',(0.954027303187506,-7.18003363043294,6.47858822385754));
#3142=CARTESIAN_POINT('Ctrl Pts',(1.75069318984727,-7.18005835950003,6.31488331998981));
#3143=CARTESIAN_POINT('Ctrl Pts',(2.48824206168745,-7.18010445948697,6.0094587199724));
#3144=CARTESIAN_POINT('',(0.000784319888472772,-7.17162577904036,-6.51090205312031));
#3145=CARTESIAN_POINT('Ctrl Pts',(0.000784319888471607,-7.17162577904036,
-6.51090205312031));
#3146=CARTESIAN_POINT('Ctrl Pts',(-0.81337457932493,-7.17162583022173,-6.51100010902317));
#3147=CARTESIAN_POINT('Ctrl Pts',(-1.66107816787813,-7.17156254508155,-6.35320462036175));
#3148=CARTESIAN_POINT('Ctrl Pts',(-2.4525301861693,-7.1714334995904,-6.03149360227534));
#3149=CARTESIAN_POINT('Ctrl Pts',(-3.26905167765196,-7.17130036654573,-5.69959229399202));
#3150=CARTESIAN_POINT('Ctrl Pts',(-4.01519228306804,-7.17109704771367,-5.19274919554159));
#3151=CARTESIAN_POINT('Ctrl Pts',(-4.60255149585839,-7.17086169400479,-4.60610526717939));
#3152=CARTESIAN_POINT('Ctrl Pts',(-5.17635791423666,-7.17063177087462,-4.03299762867363));
#3153=CARTESIAN_POINT('Ctrl Pts',(-5.67436096911598,-7.17034120888193,-3.30878904228776));
#3154=CARTESIAN_POINT('Ctrl Pts',(-6.00708357721982,-7.17002253640603,-2.51460586566597));
#3155=CARTESIAN_POINT('Ctrl Pts',(-6.34035428584038,-7.16970333897468,-1.71911441542865));
#3156=CARTESIAN_POINT('Ctrl Pts',(-6.50762201618366,-7.16935598460249,-0.853537094406089));
#3157=CARTESIAN_POINT('Ctrl Pts',(-6.51282730367499,-7.16902931669262,-0.0395912494192927));
#3158=CARTESIAN_POINT('Ctrl Pts',(-6.5180871382684,-7.16869922557358,0.782884073942971));
#3159=CARTESIAN_POINT('Ctrl Pts',(-6.35964995582153,-7.16834907552417,1.65525032286175));
#3160=CARTESIAN_POINT('Ctrl Pts',(-6.0304539059377,-7.16802515090976,2.46219761053309));
#3161=CARTESIAN_POINT('Ctrl Pts',(-5.69820779370081,-7.16769822507383,3.27662141423155));
#3162=CARTESIAN_POINT('Ctrl Pts',(-5.19191405160298,-7.16739953603199,4.02061764617554));
#3163=CARTESIAN_POINT('Ctrl Pts',(-4.60632062656174,-7.16716432628261,4.6064558880576));
#3164=CARTESIAN_POINT('Ctrl Pts',(-4.05734802157483,-7.16694382567021,5.15565799995683));
#3165=CARTESIAN_POINT('Ctrl Pts',(-3.36985373222505,-7.16675090981994,5.63611167570139));
#3166=CARTESIAN_POINT('Ctrl Pts',(-2.61471449974074,-7.16661799350561,5.96711827341014));
#3167=CARTESIAN_POINT('Ctrl Pts',(-2.57436679238879,-7.16661089167813,5.98480422688918));
#3168=CARTESIAN_POINT('Ctrl Pts',(-2.533835560888,-7.16660395350469,6.00208255158021));
#3169=CARTESIAN_POINT('Ctrl Pts',(-2.49313321077962,-7.16659718116929,6.01894781337387));
#3170=CARTESIAN_POINT('Ctrl Pts',(6.51295997595133,-7.16901323929575,-1.44487861578058E-6));
#3171=CARTESIAN_POINT('Ctrl Pts',(6.51278856310281,-7.16923068332905,-0.541796851549));
#3172=CARTESIAN_POINT('Ctrl Pts',(6.44585362422763,-7.16944916760642,-1.08621493490496));
#3173=CARTESIAN_POINT('Ctrl Pts',(6.30533346619723,-7.16966711570012,-1.62932755560512));
#3174=CARTESIAN_POINT('Ctrl Pts',(6.02624942424239,-7.17009997768789,-2.70799176682026));
#3175=CARTESIAN_POINT('Ctrl Pts',(5.44184812177329,-7.17051045252001,-3.73100058639751));
#3176=CARTESIAN_POINT('Ctrl Pts',(4.70686789232117,-7.17081878923203,-4.49950194422785));
#3177=CARTESIAN_POINT('Ctrl Pts',(4.11368762646657,-7.17106763844659,-5.1197360967672));
#3178=CARTESIAN_POINT('Ctrl Pts',(3.36755940570027,-7.17127861743787,-5.64561800607555));
#3179=CARTESIAN_POINT('Ctrl Pts',(2.53438365139742,-7.17141981870195,-5.9975709747902));
#3180=CARTESIAN_POINT('Ctrl Pts',(1.76527342131757,-7.17155016255335,-6.32246116434199));
#3181=CARTESIAN_POINT('Ctrl Pts',(0.92976236374366,-7.17161844717129,-6.49265833821706));
#3182=CARTESIAN_POINT('Ctrl Pts',(0.138012610348906,-7.17162519041333,-6.50943965890019));
#3183=CARTESIAN_POINT('Ctrl Pts',(0.0921138885233113,-7.17162558132749,
-6.51041249301425));
#3184=CARTESIAN_POINT('Ctrl Pts',(0.046909183942366,-7.17162577614076,-6.51089649792071));
#3185=CARTESIAN_POINT('Ctrl Pts',(0.000784319888470775,-7.17162577904036,
-6.51090205312031));
#3186=CARTESIAN_POINT('Ctrl Pts',(6.340607041291,-7.38784622073445,-3.56898742954209E-7));
#3187=CARTESIAN_POINT('Ctrl Pts',(6.34060704316428,-7.38784566354277,-6.34060728482067));
#3188=CARTESIAN_POINT('Ctrl Pts',(1.15242341691951E-7,-7.38784578523244,
-6.34060728669395));
#3189=CARTESIAN_POINT('Ctrl Pts',(-6.3406068126796,-7.38784590692212,-6.34060728856724));
#3190=CARTESIAN_POINT('Ctrl Pts',(-6.34060681455288,-7.3878464641138,-3.60645317982309E-7));
#3191=CARTESIAN_POINT('Ctrl Pts',(-6.34060681642615,-7.38784702130549,6.34060656727661));
#3192=CARTESIAN_POINT('Ctrl Pts',(1.11495781286349E-7,-7.38784689961581,
6.34060656914989));
#3193=CARTESIAN_POINT('Ctrl Pts',(6.34060703941772,-7.38784677792614,6.34060657102318));
#3194=CARTESIAN_POINT('Ctrl Pts',(6.340607041291,-7.38784622073445,-3.56898742954209E-7));
#3195=CARTESIAN_POINT('Ctrl Pts',(6.23503433332349,-7.52189008548578,-3.6586264673189E-7));
#3196=CARTESIAN_POINT('Ctrl Pts',(6.23503433516557,-7.52188953757148,-6.2350345835418));
#3197=CARTESIAN_POINT('Ctrl Pts',(1.17486409118588E-7,-7.52188965723499,
-6.23503458538389));
#3198=CARTESIAN_POINT('Ctrl Pts',(-6.23503410019276,-7.5218897768985,-6.23503458722599));
#3199=CARTESIAN_POINT('Ctrl Pts',(-6.23503410203484,-7.52189032481281,-3.69546841068877E-7));
#3200=CARTESIAN_POINT('Ctrl Pts',(-6.23503410387693,-7.52189087272711,6.23503384813231));
#3201=CARTESIAN_POINT('Ctrl Pts',(1.1380223054873E-7,-7.5218907530636,6.23503384997441));
#3202=CARTESIAN_POINT('Ctrl Pts',(6.23503433148139,-7.52189063340009,6.2350338518165));
#3203=CARTESIAN_POINT('Ctrl Pts',(6.23503433332349,-7.52189008548578,-3.6586264673189E-7));
#3204=CARTESIAN_POINT('Ctrl Pts',(6.23503433637385,-7.7015985078444,-3.77838456781173E-7));
#3205=CARTESIAN_POINT('Ctrl Pts',(6.23503433821594,-7.7015979599301,-6.23503459551761));
#3206=CARTESIAN_POINT('Ctrl Pts',(1.20536775439356E-7,-7.70159807959361,
-6.2350345973597));
#3207=CARTESIAN_POINT('Ctrl Pts',(-6.23503409714239,-7.70159819925712,-6.2350345992018));
#3208=CARTESIAN_POINT('Ctrl Pts',(-6.23503409898448,-7.70159874717142,-3.81522651118159E-7));
#3209=CARTESIAN_POINT('Ctrl Pts',(-6.23503410082656,-7.70159929508572,6.2350338361565));
#3210=CARTESIAN_POINT('Ctrl Pts',(1.16852596869499E-7,-7.70159917542221,
6.2350338379986));
#3211=CARTESIAN_POINT('Ctrl Pts',(6.23503433453176,-7.7015990557587,6.23503383984069));
#3212=CARTESIAN_POINT('Ctrl Pts',(6.23503433637385,-7.7015985078444,-3.77838456781173E-7));
#3213=CARTESIAN_POINT('Ctrl Pts',(6.23503434436954,-8.17265418621172,-4.09229716265704E-7));
#3214=CARTESIAN_POINT('Ctrl Pts',(6.23503434621163,-8.17265363829742,-6.23503462690886));
#3215=CARTESIAN_POINT('Ctrl Pts',(1.28532462884828E-7,-8.17265375796093,
-6.23503462875096));
#3216=CARTESIAN_POINT('Ctrl Pts',(-6.23503408914671,-8.17265387762444,-6.23503463059306));
#3217=CARTESIAN_POINT('Ctrl Pts',(-6.23503409098879,-8.17265442553875,-4.12913908426654E-7));
#3218=CARTESIAN_POINT('Ctrl Pts',(-6.23503409283088,-8.17265497345305,6.23503380476524));
#3219=CARTESIAN_POINT('Ctrl Pts',(1.24848293214103E-7,-8.17265485378954,
6.23503380660734));
#3220=CARTESIAN_POINT('Ctrl Pts',(6.23503434252746,-8.17265473412603,6.23503380844943));
#3221=CARTESIAN_POINT('Ctrl Pts',(6.23503434436954,-8.17265418621172,-4.09229716265704E-7));
#3222=CARTESIAN_POINT('Ctrl Pts',(6.65050545268953,-8.17265417823795,-4.09106967525638E-7));
#3223=CARTESIAN_POINT('Ctrl Pts',(6.65050545465435,-8.17265359381341,-6.6505057351061));
#3224=CARTESIAN_POINT('Ctrl Pts',(1.2865520726893E-7,-8.1726537214507,-6.65050573707094));
#3225=CARTESIAN_POINT('Ctrl Pts',(-6.65050519734393,-8.17265384908798,-6.65050573903578));
#3226=CARTESIAN_POINT('Ctrl Pts',(-6.65050519930876,-8.17265443351252,-4.13036654990682E-7));
#3227=CARTESIAN_POINT('Ctrl Pts',(-6.65050520127361,-8.17265501793705,6.65050491296247));
#3228=CARTESIAN_POINT('Ctrl Pts',(1.24725539948217E-7,-8.17265489029977,
6.65050491492732));
#3229=CARTESIAN_POINT('Ctrl Pts',(6.65050545072469,-8.17265476266249,6.65050491689216));
#3230=CARTESIAN_POINT('Ctrl Pts',(6.65050545268953,-8.17265417823795,-4.09106967525638E-7));
#3231=CARTESIAN_POINT('Ctrl Pts',(7.0659765610095,-8.17265417026418,-4.08984220961609E-7));
#3232=CARTESIAN_POINT('Ctrl Pts',(7.06597656309708,-8.17265354932941,-7.06597684330332));
#3233=CARTESIAN_POINT('Ctrl Pts',(1.28777951653031E-7,-8.17265368494046,
-7.06597684539092));
#3234=CARTESIAN_POINT('Ctrl Pts',(-7.06597630554117,-8.17265382055151,-7.06597684747851));
#3235=CARTESIAN_POINT('Ctrl Pts',(-7.06597630762876,-8.17265444148629,-4.13159403730748E-7));
#3236=CARTESIAN_POINT('Ctrl Pts',(-7.06597630971632,-8.17265506242106,7.06597602115971));
#3237=CARTESIAN_POINT('Ctrl Pts',(1.24602795564116E-7,-8.17265492681,7.0659760232473));
#3238=CARTESIAN_POINT('Ctrl Pts',(7.06597655892192,-8.17265479119895,7.06597602533488));
#3239=CARTESIAN_POINT('Ctrl Pts',(7.0659765610095,-8.17265417026418,-4.08984220961609E-7));
#3240=CARTESIAN_POINT('Ctrl Pts',(7.06597655301382,-7.70159849189686,-3.77592963653115E-7));
#3241=CARTESIAN_POINT('Ctrl Pts',(7.06597655510139,-7.70159787096209,-7.06597681191207));
#3242=CARTESIAN_POINT('Ctrl Pts',(1.20782264190211E-7,-7.70159800657314,
-7.06597681399966));
#3243=CARTESIAN_POINT('Ctrl Pts',(-7.06597631353685,-7.70159814218419,-7.06597681608725));
#3244=CARTESIAN_POINT('Ctrl Pts',(-7.06597631562444,-7.70159876311896,-3.81768146422254E-7));
#3245=CARTESIAN_POINT('Ctrl Pts',(-7.06597631771202,-7.70159938405373,7.06597605255097));
#3246=CARTESIAN_POINT('Ctrl Pts',(1.16607108118644E-7,-7.70159924844268,
7.06597605463855));
#3247=CARTESIAN_POINT('Ctrl Pts',(7.06597655092623,-7.70159911283163,7.06597605672614));
#3248=CARTESIAN_POINT('Ctrl Pts',(7.06597655301382,-7.70159849189686,-3.77592963653115E-7));
#3249=CARTESIAN_POINT('Ctrl Pts',(7.06597654501812,-7.23054281352953,-3.46201704168583E-7));
#3250=CARTESIAN_POINT('Ctrl Pts',(7.0659765471057,-7.23054219259476,-7.06597678052081));
#3251=CARTESIAN_POINT('Ctrl Pts',(1.12786576744739E-7,-7.23054232820581,
-7.0659767826084));
#3252=CARTESIAN_POINT('Ctrl Pts',(-7.06597632153254,-7.23054246381686,-7.06597678469599));
#3253=CARTESIAN_POINT('Ctrl Pts',(-7.06597632362013,-7.23054308475164,-3.50376886937722E-7));
#3254=CARTESIAN_POINT('Ctrl Pts',(-7.06597632570771,-7.23054370568641,7.06597608394222));
#3255=CARTESIAN_POINT('Ctrl Pts',(1.08611411791387E-7,-7.23054357007536,
7.06597608602981));
#3256=CARTESIAN_POINT('Ctrl Pts',(7.06597654293054,-7.23054343446431,7.0659760881174));
#3257=CARTESIAN_POINT('Ctrl Pts',(7.06597654501812,-7.23054281352953,-3.46201704168583E-7));
#3258=CARTESIAN_POINT('Ctrl Pts',(6.65050543669814,-7.2305428215033,-3.46324452908649E-7));
#3259=CARTESIAN_POINT('Ctrl Pts',(6.65050543866298,-7.23054223707877,-6.65050567232358));
#3260=CARTESIAN_POINT('Ctrl Pts',(1.12663832360638E-7,-7.23054236471605,
-6.65050567428843));
#3261=CARTESIAN_POINT('Ctrl Pts',(-6.65050521333531,-7.23054249235333,-6.65050567625327));
#3262=CARTESIAN_POINT('Ctrl Pts',(-6.65050521530015,-7.23054307677787,-3.50254140373693E-7));
#3263=CARTESIAN_POINT('Ctrl Pts',(-6.65050521726498,-7.2305436612024,6.65050497574499));
#3264=CARTESIAN_POINT('Ctrl Pts',(1.08734156158141E-7,-7.23054353356512,
6.65050497770983));
#3265=CARTESIAN_POINT('Ctrl Pts',(6.65050543473331,-7.23054340592784,6.65050497967468));
#3266=CARTESIAN_POINT('Ctrl Pts',(6.65050543669814,-7.2305428215033,-3.46324452908649E-7));
#3267=CARTESIAN_POINT('Ctrl Pts',(6.46449891417348,-7.23054282507316,-3.46379406577074E-7));
#3268=CARTESIAN_POINT('Ctrl Pts',(6.46449891608336,-7.23054225699427,-6.46449914985387));
#3269=CARTESIAN_POINT('Ctrl Pts',(1.12608879675933E-7,-7.23054238106169,
-6.46449915176376));
#3270=CARTESIAN_POINT('Ctrl Pts',(-6.46449869086561,-7.23054250512911,-6.46449915367365));
#3271=CARTESIAN_POINT('Ctrl Pts',(-6.46449869277548,-7.23054307320801,-3.50199186705268E-7));
#3272=CARTESIAN_POINT('Ctrl Pts',(-6.46449869468536,-7.2305436412869,6.46449845327528));
#3273=CARTESIAN_POINT('Ctrl Pts',(1.08789112826989E-7,-7.23054351721948,
6.46449845518517));
#3274=CARTESIAN_POINT('Ctrl Pts',(6.4644989122636,-7.23054339315206,6.46449845709506));
#3275=CARTESIAN_POINT('Ctrl Pts',(6.46449891417348,-7.23054282507316,-3.46379406577074E-7));
#3276=CARTESIAN_POINT('Ctrl Pts',(6.340607041291,-7.38784622073445,-3.56898742954209E-7));
#3277=CARTESIAN_POINT('Ctrl Pts',(6.34060704316428,-7.38784566354277,-6.34060728482067));
#3278=CARTESIAN_POINT('Ctrl Pts',(1.15242341691951E-7,-7.38784578523244,
-6.34060728669395));
#3279=CARTESIAN_POINT('Ctrl Pts',(-6.3406068126796,-7.38784590692212,-6.34060728856724));
#3280=CARTESIAN_POINT('Ctrl Pts',(-6.34060681455288,-7.3878464641138,-3.60645317982309E-7));
#3281=CARTESIAN_POINT('Ctrl Pts',(-6.34060681642615,-7.38784702130549,6.34060656727661));
#3282=CARTESIAN_POINT('Ctrl Pts',(1.11495781286349E-7,-7.38784689961581,
6.34060656914989));
#3283=CARTESIAN_POINT('Ctrl Pts',(6.34060703941772,-7.38784677792614,6.34060657102318));
#3284=CARTESIAN_POINT('Ctrl Pts',(6.340607041291,-7.38784622073445,-3.56898742954209E-7));
#3285=CARTESIAN_POINT('Ctrl Pts',(6.34060703837413,-7.38784622443795,-3.56898743201873E-7));
#3286=CARTESIAN_POINT('Ctrl Pts',(6.23503433332349,-7.52189008832969,-3.65862646921409E-7));
#3287=CARTESIAN_POINT('Ctrl Pts',(6.23503433637385,-7.7015985078444,-3.77838456781173E-7));
#3288=CARTESIAN_POINT('Ctrl Pts',(6.23503434073838,-7.9587290079899,-3.94973692852269E-7));
#3289=CARTESIAN_POINT('Ctrl Pts',(6.42578723483797,-8.09780463742157,-4.04185368313755E-7));
#3290=CARTESIAN_POINT('Origin',(-5.77890257423205E-6,-12.7265446643062,
-1.01477004393263E-5));
#3291=CARTESIAN_POINT('',(-6.7789394109218,-12.5579068156805,-9.564160218139E-6));
#3292=CARTESIAN_POINT('',(6.77893978611266,-12.5579070337896,1.82865175507168E-6));
#3293=CARTESIAN_POINT('Origin',(1.87592860013269E-7,-12.5579069247354,-8.134229450304E-7));
#3294=CARTESIAN_POINT('',(-6.97450900079973,-12.7265458438692,-9.36923945337566E-6));
#3295=CARTESIAN_POINT('',(-6.97451334396496,-12.7265495889787,-9.36918966378757E-6));
#3296=CARTESIAN_POINT('',(-0.000969144229696073,-12.7265462385575,6.97450747968596));
#3297=CARTESIAN_POINT('Ctrl Pts',(-0.000969144229696073,-12.7265462385575,
6.97450747968596));
#3298=CARTESIAN_POINT('Ctrl Pts',(-1.28368495498713,-12.7265463371206,6.97432936644361));
#3299=CARTESIAN_POINT('Ctrl Pts',(-2.68261026039087,-12.7265463916811,6.57743692973549));
#3300=CARTESIAN_POINT('Ctrl Pts',(-3.81101857795388,-12.726546380172,5.84122417890251));
#3301=CARTESIAN_POINT('Ctrl Pts',(-4.76397288415055,-12.7265463704523,5.21948371468973));
#3302=CARTESIAN_POINT('Ctrl Pts',(-5.51990614949126,-12.7265463211229,4.41438603090548));
#3303=CARTESIAN_POINT('Ctrl Pts',(-6.08093052989346,-12.7265462309612,3.41556045749917));
#3304=CARTESIAN_POINT('Ctrl Pts',(-6.63330790492307,-12.7265461421891,2.43212966977639));
#3305=CARTESIAN_POINT('Ctrl Pts',(-6.93858303192324,-12.7265460130731,1.28869598193704));
#3306=CARTESIAN_POINT('Ctrl Pts',(-6.97129402884284,-12.7265458718784,0.211742857192266));
#3307=CARTESIAN_POINT('Ctrl Pts',(-6.97344803150825,-12.7265458625808,0.140826036561087));
#3308=CARTESIAN_POINT('Ctrl Pts',(-6.97450908879423,-12.7265458533865,0.0713133411166446));
#3309=CARTESIAN_POINT('Ctrl Pts',(-6.97450900079973,-12.7265458438692,-9.36923945399348E-6));
#3310=CARTESIAN_POINT('',(3.22048168657991,-12.7265468429314,6.18645823356724));
#3311=CARTESIAN_POINT('Ctrl Pts',(3.22051644020012,-12.7266117623599,6.1865250188354));
#3312=CARTESIAN_POINT('Ctrl Pts',(2.36852702080342,-12.726487539589,6.62988221890451));
#3313=CARTESIAN_POINT('Ctrl Pts',(1.41095104465626,-12.726472212219,6.89273642781066));
#3314=CARTESIAN_POINT('Ctrl Pts',(0.48691344204117,-12.7265570344255,6.95750281785565));
#3315=CARTESIAN_POINT('Ctrl Pts',(0.322838993035321,-12.7265720956705,6.96900290154343));
#3316=CARTESIAN_POINT('Ctrl Pts',(0.159960318851382,-12.7265901308144,6.97458074150638));
#3317=CARTESIAN_POINT('Ctrl Pts',(-0.000969146800418041,-12.726610864661,
6.97458242617942));
#3318=CARTESIAN_POINT('',(-1.5095573350294,-12.7265448299213,-6.80918634911137));
#3319=CARTESIAN_POINT('Ctrl Pts',(-1.50955743967758,-12.7265451428053,-6.80918682114996));
#3320=CARTESIAN_POINT('Ctrl Pts',(-0.382587634472149,-12.726545041491,-7.05902946215652));
#3321=CARTESIAN_POINT('Ctrl Pts',(0.736286044816197,-12.7265449825485,-7.0319104982118));
#3322=CARTESIAN_POINT('Ctrl Pts',(1.85472342278326,-12.7265449662186,-6.72337610317318));
#3323=CARTESIAN_POINT('Ctrl Pts',(2.84193860922041,-12.7265449518046,-6.45104092704202));
#3324=CARTESIAN_POINT('Ctrl Pts',(3.78148342984279,-12.7265449756314,-5.94376577405897));
#3325=CARTESIAN_POINT('Ctrl Pts',(4.53517293715912,-12.7265450307857,-5.29867785935759));
#3326=CARTESIAN_POINT('Ctrl Pts',(5.10885538480475,-12.7265450727672,-4.8076591968181));
#3327=CARTESIAN_POINT('Ctrl Pts',(5.59517012498061,-12.7265451318821,-4.23595221638307));
#3328=CARTESIAN_POINT('Ctrl Pts',(5.99315470277156,-12.7265452106395,-3.56733425169431));
#3329=CARTESIAN_POINT('Ctrl Pts',(6.6127974566661,-12.7265453332608,-2.52632839352078));
#3330=CARTESIAN_POINT('Ctrl Pts',(6.95124799774509,-12.7265455015825,-1.28802602852371));
#3331=CARTESIAN_POINT('Ctrl Pts',(6.97324474146222,-12.7265456751671,-0.132775928699129));
#3332=CARTESIAN_POINT('Ctrl Pts',(6.99000672896621,-12.7265458074422,0.747549267896476));
#3333=CARTESIAN_POINT('Ctrl Pts',(6.83491119191866,-12.7265459558492,1.67048529099263));
#3334=CARTESIAN_POINT('Ctrl Pts',(6.49720287861664,-12.7265461058223,2.53576884134622));
#3335=CARTESIAN_POINT('Ctrl Pts',(6.17037069451971,-12.7265462509654,3.37318533802654));
#3336=CARTESIAN_POINT('Ctrl Pts',(5.67285062850579,-12.7265463960513,4.14666363073256));
#3337=CARTESIAN_POINT('Ctrl Pts',(5.08748860246063,-12.7265465234992,4.77087280154098));
#3338=CARTESIAN_POINT('Ctrl Pts',(4.56283593905343,-12.7265466377292,5.33034367497712));
#3339=CARTESIAN_POINT('Ctrl Pts',(3.93372867868308,-12.7265467465491,5.81516355530129));
#3340=CARTESIAN_POINT('Ctrl Pts',(3.22048168657991,-12.7265468429314,6.18645823356724));
#3341=CARTESIAN_POINT('Ctrl Pts',(-6.97450900079973,-12.7265458438692,-9.36923945316082E-6));
#3342=CARTESIAN_POINT('Ctrl Pts',(-6.97450796119096,-12.7265457314269,-0.842649696635023));
#3343=CARTESIAN_POINT('Ctrl Pts',(-6.81824125218629,-12.7265456033851,-1.71218419619289));
#3344=CARTESIAN_POINT('Ctrl Pts',(-6.49826325204053,-12.7265454692547,-2.53305225478367));
#3345=CARTESIAN_POINT('Ctrl Pts',(-6.1683016106374,-12.7265453309393,-3.37953223735945));
#3346=CARTESIAN_POINT('Ctrl Pts',(-5.66380041874284,-12.726545187924,-4.16070391006743));
#3347=CARTESIAN_POINT('Ctrl Pts',(-5.07064156318763,-12.7265450585251,-4.78877590163601));
#3348=CARTESIAN_POINT('Ctrl Pts',(-4.4651302063967,-12.7265449264315,-5.42992745861832));
#3349=CARTESIAN_POINT('Ctrl Pts',(-3.71428011812756,-12.7265447959089,-5.97560133776109));
#3350=CARTESIAN_POINT('Ctrl Pts',(-2.8690618785042,-12.7265446800469,-6.35706408632968));
#3351=CARTESIAN_POINT('Ctrl Pts',(-2.43199327312683,-12.7265446201339,-6.55432129601151));
#3352=CARTESIAN_POINT('Ctrl Pts',(-1.97338318338735,-12.7265445645997,-6.70635861929093));
#3353=CARTESIAN_POINT('Ctrl Pts',(-1.50955728215531,-12.7265445152315,-6.80918611061114));
#3354=CARTESIAN_POINT('Origin',(1.87592860013269E-7,-12.5579069247354,-8.134229450304E-7));
#3355=CARTESIAN_POINT('Ctrl Pts',(6.74847732699037,-11.8370086135756,-7.52865041948459E-7));
#3356=CARTESIAN_POINT('Ctrl Pts',(6.7484773253188,-11.8370078498016,-6.74847788471428));
#3357=CARTESIAN_POINT('Ctrl Pts',(1.9346952398651E-7,-11.8370077412377,
-6.7484778830427));
#3358=CARTESIAN_POINT('Ctrl Pts',(-6.74847693837974,-11.8370076326739,-6.74847788137112));
#3359=CARTESIAN_POINT('Ctrl Pts',(-6.74847693670817,-11.837008396448,-7.49521876991744E-7));
#3360=CARTESIAN_POINT('Ctrl Pts',(-6.74847693503659,-11.837009160222,6.74847638232736));
#3361=CARTESIAN_POINT('Ctrl Pts',(1.96812674555611E-7,-11.8370092687859,
6.74847638065578));
#3362=CARTESIAN_POINT('Ctrl Pts',(6.74847732866195,-11.8370093773497,6.7484763789842));
#3363=CARTESIAN_POINT('Ctrl Pts',(6.74847732699037,-11.8370086135756,-7.52865041948459E-7));
#3364=CARTESIAN_POINT('Ctrl Pts',(6.61497731157962,-11.9768778862809,-7.64905786875786E-7));
#3365=CARTESIAN_POINT('Ctrl Pts',(6.61497730994111,-11.976877137616,-6.61497788280879));
#3366=CARTESIAN_POINT('Ctrl Pts',(1.92038074432298E-7,-11.9768770311998,
-6.61497788117028));
#3367=CARTESIAN_POINT('Ctrl Pts',(-6.61497692586496,-11.9768769247836,-6.61497787953176));
#3368=CARTESIAN_POINT('Ctrl Pts',(-6.61497692422645,-11.9768776734485,-7.6162875645208E-7));
#3369=CARTESIAN_POINT('Ctrl Pts',(-6.61497692258794,-11.9768784221134,6.61497635627425));
#3370=CARTESIAN_POINT('Ctrl Pts',(1.95315089896917E-7,-11.9768785285296,
6.61497635463573));
#3371=CARTESIAN_POINT('Ctrl Pts',(6.61497731321812,-11.9768786349458,6.61497635299722));
#3372=CARTESIAN_POINT('Ctrl Pts',(6.61497731157962,-11.9768778862809,-7.64905786875786E-7));
#3373=CARTESIAN_POINT('Ctrl Pts',(6.61497730942173,-12.1829687234872,-7.82695984658076E-7));
#3374=CARTESIAN_POINT('Ctrl Pts',(6.61497730778322,-12.1829679748223,-6.61497790059899));
#3375=CARTESIAN_POINT('Ctrl Pts',(1.8988017888924E-7,-12.1829678684061,
-6.61497789896048));
#3376=CARTESIAN_POINT('Ctrl Pts',(-6.61497692802286,-12.1829677619899,-6.61497789732196));
#3377=CARTESIAN_POINT('Ctrl Pts',(-6.61497692638435,-12.1829685106548,-7.7941895423437E-7));
#3378=CARTESIAN_POINT('Ctrl Pts',(-6.61497692474583,-12.1829692593197,6.61497633848405));
#3379=CARTESIAN_POINT('Ctrl Pts',(1.93157190468002E-7,-12.1829693657359,
6.61497633684554));
#3380=CARTESIAN_POINT('Ctrl Pts',(6.61497731106023,-12.1829694721521,6.61497633520702));
#3381=CARTESIAN_POINT('Ctrl Pts',(6.61497730942173,-12.1829687234872,-7.82695984658076E-7));
#3382=CARTESIAN_POINT('Ctrl Pts',(6.61497730448948,-12.6540241233896,-8.2335848496269E-7));
#3383=CARTESIAN_POINT('Ctrl Pts',(6.61497730285098,-12.6540233747247,-6.61497794126149));
#3384=CARTESIAN_POINT('Ctrl Pts',(1.84947944337904E-7,-12.6540232683085,
-6.61497793962298));
#3385=CARTESIAN_POINT('Ctrl Pts',(-6.6149769329551,-12.6540231618923,-6.61497793798446));
#3386=CARTESIAN_POINT('Ctrl Pts',(-6.61497693131659,-12.6540239105572,-8.20081456715021E-7));
#3387=CARTESIAN_POINT('Ctrl Pts',(-6.61497692967808,-12.6540246592221,6.61497629782155));
#3388=CARTESIAN_POINT('Ctrl Pts',(1.88224955916666E-7,-12.6540247656383,
6.61497629618304));
#3389=CARTESIAN_POINT('Ctrl Pts',(6.61497730612799,-12.6540248720545,6.61497629454452));
#3390=CARTESIAN_POINT('Ctrl Pts',(6.61497730448948,-12.6540241233896,-8.2335848496269E-7));
#3391=CARTESIAN_POINT('Ctrl Pts',(7.0304481672034,-12.6540241300733,-8.23461399309575E-7));
#3392=CARTESIAN_POINT('Ctrl Pts',(7.03044816546198,-12.6540233343866,-7.03044880407832));
#3393=CARTESIAN_POINT('Ctrl Pts',(1.84845028675801E-7,-12.6540232212866,
-7.0304488023369));
#3394=CARTESIAN_POINT('Ctrl Pts',(-7.03044779577192,-12.6540231081867,-7.03044880059547));
#3395=CARTESIAN_POINT('Ctrl Pts',(-7.03044779403051,-12.6540239038735,-8.19978544544174E-7));
#3396=CARTESIAN_POINT('Ctrl Pts',(-7.03044779228909,-12.6540246995602,7.03044716063838));
#3397=CARTESIAN_POINT('Ctrl Pts',(1.88327862679638E-7,-12.6540248126602,
7.03044715889695));
#3398=CARTESIAN_POINT('Ctrl Pts',(7.03044816894482,-12.6540249257601,7.03044715715552));
#3399=CARTESIAN_POINT('Ctrl Pts',(7.0304481672034,-12.6540241300733,-8.23461399309575E-7));
#3400=CARTESIAN_POINT('Ctrl Pts',(7.44591902991732,-12.6540241367571,-8.23564309304385E-7));
#3401=CARTESIAN_POINT('Ctrl Pts',(7.44591902807299,-12.6540232940485,-7.44591966689515));
#3402=CARTESIAN_POINT('Ctrl Pts',(1.84742113013697E-7,-12.6540231742648,
-7.44591966505081));
#3403=CARTESIAN_POINT('Ctrl Pts',(-7.44591865858876,-12.6540230544811,-7.44591966320647));
#3404=CARTESIAN_POINT('Ctrl Pts',(-7.44591865674442,-12.6540238971897,-8.19875634549363E-7));
#3405=CARTESIAN_POINT('Ctrl Pts',(-7.44591865490009,-12.6540247398983,7.44591802345521));
#3406=CARTESIAN_POINT('Ctrl Pts',(1.88430778341742E-7,-12.654024859682,
7.44591802161087));
#3407=CARTESIAN_POINT('Ctrl Pts',(7.44591903176165,-12.6540249794657,7.44591801976653));
#3408=CARTESIAN_POINT('Ctrl Pts',(7.44591902991732,-12.6540241367571,-8.23564309304385E-7));
#3409=CARTESIAN_POINT('Ctrl Pts',(7.44591903484956,-12.1829687368547,-7.82901808999771E-7));
#3410=CARTESIAN_POINT('Ctrl Pts',(7.44591903300523,-12.1829678941461,-7.44591962623265));
#3411=CARTESIAN_POINT('Ctrl Pts',(1.89674356464165E-7,-12.1829677743624,
-7.44591962438831));
#3412=CARTESIAN_POINT('Ctrl Pts',(-7.44591865365652,-12.1829676545787,-7.44591962254397));
#3413=CARTESIAN_POINT('Ctrl Pts',(-7.44591865181219,-12.1829684972873,-7.79213134244749E-7));
#3414=CARTESIAN_POINT('Ctrl Pts',(-7.44591864996785,-12.1829693399959,7.44591806411771));
#3415=CARTESIAN_POINT('Ctrl Pts',(1.93363021774862E-7,-12.1829694597796,
7.44591806227337));
#3416=CARTESIAN_POINT('Ctrl Pts',(7.44591903669389,-12.1829695795633,7.44591806042903));
#3417=CARTESIAN_POINT('Ctrl Pts',(7.44591903484956,-12.1829687368547,-7.82901808999771E-7));
#3418=CARTESIAN_POINT('Ctrl Pts',(7.44591903978181,-11.7119133369523,-7.42239304343083E-7));
#3419=CARTESIAN_POINT('Ctrl Pts',(7.44591903793747,-11.7119124942437,-7.44591958557015));
#3420=CARTESIAN_POINT('Ctrl Pts',(1.94606599897285E-7,-11.71191237446,-7.44591958372581));
#3421=CARTESIAN_POINT('Ctrl Pts',(-7.44591864872428,-11.7119122546763,-7.44591958188147));
#3422=CARTESIAN_POINT('Ctrl Pts',(-7.44591864687995,-11.7119130973849,-7.38550631764097E-7));
#3423=CARTESIAN_POINT('Ctrl Pts',(-7.44591864503561,-11.7119139400935,7.44591810478021));
#3424=CARTESIAN_POINT('Ctrl Pts',(1.98295265225329E-7,-11.7119140598772,
7.44591810293587));
#3425=CARTESIAN_POINT('Ctrl Pts',(7.44591904162613,-11.7119141796609,7.44591810109154));
#3426=CARTESIAN_POINT('Ctrl Pts',(7.44591903978181,-11.7119133369523,-7.42239304343083E-7));
#3427=CARTESIAN_POINT('Ctrl Pts',(7.03044817706788,-11.7119133302685,-7.42136394348272E-7));
#3428=CARTESIAN_POINT('Ctrl Pts',(7.03044817532646,-11.7119125345818,-7.03044872275331));
#3429=CARTESIAN_POINT('Ctrl Pts',(1.94709506660257E-7,-11.7119124214818,
-7.03044872101189));
#3430=CARTESIAN_POINT('Ctrl Pts',(-7.03044778590744,-11.7119123083819,-7.03044871927046));
#3431=CARTESIAN_POINT('Ctrl Pts',(-7.03044778416603,-11.7119131040686,-7.38653543934945E-7));
#3432=CARTESIAN_POINT('Ctrl Pts',(-7.03044778242461,-11.7119138997554,7.03044724196338));
#3433=CARTESIAN_POINT('Ctrl Pts',(1.98192340681441E-7,-11.7119140128554,
7.03044724022195));
#3434=CARTESIAN_POINT('Ctrl Pts',(7.0304481788093,-11.7119141259553,7.03044723848053));
#3435=CARTESIAN_POINT('Ctrl Pts',(7.03044817706788,-11.7119133302685,-7.42136394348272E-7));
#3436=CARTESIAN_POINT('Ctrl Pts',(6.86787612184682,-11.7119133276532,-7.42096126086739E-7));
#3437=CARTESIAN_POINT('Ctrl Pts',(6.86787612014567,-11.7119125503659,-6.86787666749199));
#3438=CARTESIAN_POINT('Ctrl Pts',(1.94749773663972E-7,-11.7119124398813,
-6.86787666579083));
#3439=CARTESIAN_POINT('Ctrl Pts',(-6.86787573064612,-11.7119123293967,-6.86787666408968));
#3440=CARTESIAN_POINT('Ctrl Pts',(-6.86787572894497,-11.711913106684,-7.38693812196478E-7));
#3441=CARTESIAN_POINT('Ctrl Pts',(-6.86787572724382,-11.7119138839713,6.86787518670205));
#3442=CARTESIAN_POINT('Ctrl Pts',(1.98152073677725E-7,-11.7119139944559,
6.8678751850009));
#3443=CARTESIAN_POINT('Ctrl Pts',(6.86787612354797,-11.7119141049405,6.86787518329974));
#3444=CARTESIAN_POINT('Ctrl Pts',(6.86787612184682,-11.7119133276532,-7.42096126086739E-7));
#3445=CARTESIAN_POINT('Ctrl Pts',(6.74847732699037,-11.8370086135756,-7.52865041948459E-7));
#3446=CARTESIAN_POINT('Ctrl Pts',(6.7484773253188,-11.8370078498016,-6.74847788471428));
#3447=CARTESIAN_POINT('Ctrl Pts',(1.9346952398651E-7,-11.8370077412377,
-6.7484778830427));
#3448=CARTESIAN_POINT('Ctrl Pts',(-6.74847693837974,-11.8370076326739,-6.74847788137112));
#3449=CARTESIAN_POINT('Ctrl Pts',(-6.74847693670817,-11.837008396448,-7.49521876991744E-7));
#3450=CARTESIAN_POINT('Ctrl Pts',(-6.74847693503659,-11.837009160222,6.74847638232736));
#3451=CARTESIAN_POINT('Ctrl Pts',(1.96812674555611E-7,-11.8370092687859,
6.74847638065578));
#3452=CARTESIAN_POINT('Ctrl Pts',(6.74847732866195,-11.8370093773497,6.7484763789842));
#3453=CARTESIAN_POINT('Ctrl Pts',(6.74847732699037,-11.8370086135756,-7.52865041948459E-7));
#3454=CARTESIAN_POINT('',(6.7484614822382,-11.8370252151423,-7.52866471106232E-7));
#3455=CARTESIAN_POINT('Ctrl Pts',(6.7484613657193,-11.8370253372331,-6.60610485476724E-7));
#3456=CARTESIAN_POINT('Ctrl Pts',(6.56224295545899,-12.0321486644183,-7.44859386408099E-7));
#3457=CARTESIAN_POINT('Ctrl Pts',(6.57795639437307,-12.3846002106154,9.05522020964428E-8));
#3458=CARTESIAN_POINT('Ctrl Pts',(6.77893978611236,-12.5579070337893,1.82865196688324E-6));
#3459=CARTESIAN_POINT('Origin',(1.15179330071637E-5,-11.8370367379389,6.81143702975901E-6));
#3460=CARTESIAN_POINT('Origin',(9.99286257583401E-6,-11.6479468967015,5.83015896570349E-6));
#3461=CARTESIAN_POINT('',(6.92890829679459,-11.6479366451521,5.18621093136054E-6));
#3462=CARTESIAN_POINT('Ctrl Pts',(-6.60643045018662,-11.6500134380026,2.08263740037864));
#3463=CARTESIAN_POINT('Ctrl Pts',(-6.54116596964825,-11.6557352473288,2.27150458369708));
#3464=CARTESIAN_POINT('Ctrl Pts',(-6.47482220597852,-11.6530230354718,2.46179298469814));
#3465=CARTESIAN_POINT('Ctrl Pts',(-6.40738567895425,-11.6413918158038,2.65363188045231));
#3466=CARTESIAN_POINT('Ctrl Pts',(-6.83019347799407,-11.6410703545806,-1.20377287969895));
#3467=CARTESIAN_POINT('Ctrl Pts',(-6.86412182621841,-11.6604993741092,-0.904439964630054));
#3468=CARTESIAN_POINT('Ctrl Pts',(-6.89629831268274,-11.6612610872281,-0.604245730215838));
#3469=CARTESIAN_POINT('Ctrl Pts',(-6.92707084376744,-11.6428397525502,-0.30476538771946));
#3470=CARTESIAN_POINT('Ctrl Pts',(-6.14409306680166,-11.6500195924362,-3.19880384301597));
#3471=CARTESIAN_POINT('Ctrl Pts',(-6.23149748735456,-11.6557386551783,-3.01910349171432));
#3472=CARTESIAN_POINT('Ctrl Pts',(-6.31914441650654,-11.6530231573807,-2.83763404517484));
#3473=CARTESIAN_POINT('Ctrl Pts',(-6.40711572356946,-11.6413878908844,-2.65429437260185));
#3474=CARTESIAN_POINT('',(-4.13208062370487,-11.656953853445,-5.55126166315627));
#3475=CARTESIAN_POINT('Ctrl Pts',(-4.13208062370487,-11.656953853445,-5.55126166315626));
#3476=CARTESIAN_POINT('Ctrl Pts',(-4.31804386216706,-11.659708695786,-5.40956263971678));
#3477=CARTESIAN_POINT('Ctrl Pts',(-4.50273223848952,-11.6533685803214,-5.26482149738268));
#3478=CARTESIAN_POINT('Ctrl Pts',(-4.68563792411366,-11.6378991503835,-5.11736265451481));
#3479=CARTESIAN_POINT('',(-3.8445986580211,-11.6455766274263,-5.76715246349186));
#3480=CARTESIAN_POINT('Ctrl Pts',(-3.84459865796932,-11.6455766277519,-5.7671524634438));
#3481=CARTESIAN_POINT('Ctrl Pts',(-3.94071536205386,-11.6517312725132,-5.69601863470097));
#3482=CARTESIAN_POINT('Ctrl Pts',(-4.03656605256563,-11.6555389093575,-5.62404121661313));
#3483=CARTESIAN_POINT('Ctrl Pts',(-4.13208062370487,-11.656953853445,-5.55126166315626));
#3484=CARTESIAN_POINT('',(-2.98731908026987,-11.6376361410615,-6.26274802385514));
#3485=CARTESIAN_POINT('Ctrl Pts',(-2.98731908041563,-11.6376361401963,-6.26274802400986));
#3486=CARTESIAN_POINT('Ctrl Pts',(-3.27245283705822,-11.6621661814321,-6.10080392508358));
#3487=CARTESIAN_POINT('Ctrl Pts',(-3.55881932351715,-11.6652875821941,-5.93505688047249));
#3488=CARTESIAN_POINT('Ctrl Pts',(-3.84459865807366,-11.6455766275839,-5.76715246356698));
#3489=CARTESIAN_POINT('Ctrl Pts',(-2.35792884538134,-11.6496650018948,-6.51360806470404));
#3490=CARTESIAN_POINT('Ctrl Pts',(-2.56595117292427,-11.656442938824,-6.43142491538684));
#3491=CARTESIAN_POINT('Ctrl Pts',(-2.77568823934757,-11.6526571024426,-6.34781376749036));
#3492=CARTESIAN_POINT('Ctrl Pts',(-2.98731908029792,-11.637636140183,-6.26274802408006));
#3493=CARTESIAN_POINT('',(-0.000693459456446548,-11.6393853295747,-6.92845263182609));
#3494=CARTESIAN_POINT('Ctrl Pts',(-0.00284842481196482,-11.6330628930112,
-6.94310201833327));
#3495=CARTESIAN_POINT('Ctrl Pts',(-0.360779642869233,-11.6626845863261,
-6.91468714421781));
#3496=CARTESIAN_POINT('Ctrl Pts',(-0.722153291674023,-11.666725525762,-6.88270713243968));
#3497=CARTESIAN_POINT('Ctrl Pts',(-1.0838794827796,-11.6432779014942,-6.84810981853396));
#3498=CARTESIAN_POINT('',(1.20243689319354,-11.6395202406562,-6.82331734685837));
#3499=CARTESIAN_POINT('Ctrl Pts',(1.20445998763659,-11.6330565777963,-6.83783839198543));
#3500=CARTESIAN_POINT('Ctrl Pts',(0.806058501701206,-11.6411174780495,-6.90020438635006));
#3501=CARTESIAN_POINT('Ctrl Pts',(0.402292259847687,-11.6452853486125,-6.93147914737172));
#3502=CARTESIAN_POINT('Ctrl Pts',(-0.000696188117761121,-11.644852773236,
-6.93185146950898));
#3503=CARTESIAN_POINT('',(2.36902358919822,-11.6395172639425,-6.51085801165284));
#3504=CARTESIAN_POINT('Ctrl Pts',(2.37353925250466,-11.6330511783933,-6.52480963573025));
#3505=CARTESIAN_POINT('Ctrl Pts',(1.98325588325847,-11.6412902650367,-6.65841694164014));
#3506=CARTESIAN_POINT('Ctrl Pts',(1.6062768744527,-11.645292715179,-6.75517161474477));
#3507=CARTESIAN_POINT('Ctrl Pts',(1.20302010021092,-11.6448757213771,-6.82663934119888));
#3508=CARTESIAN_POINT('',(3.46346006110826,-11.6377173055346,-6.00055960734967));
#3509=CARTESIAN_POINT('Ctrl Pts',(3.47027854326677,-11.6330824145273,-6.01361639318177));
#3510=CARTESIAN_POINT('Ctrl Pts',(3.10952830962548,-11.6412612289498,-6.21278320287843));
#3511=CARTESIAN_POINT('Ctrl Pts',(2.73728043581117,-11.6452434495553,-6.38007852188534));
#3512=CARTESIAN_POINT('Ctrl Pts',(2.37017449569348,-11.6448747734644,-6.514026990011));
#3513=CARTESIAN_POINT('',(4.20570361112356,-11.6445640190819,-5.5105755661511));
#3514=CARTESIAN_POINT('Ctrl Pts',(4.20552955471698,-11.6445766281054,-5.51069326618189));
#3515=CARTESIAN_POINT('Ctrl Pts',(3.96217361658017,-11.6622014326039,-5.67525460246348));
#3516=CARTESIAN_POINT('Ctrl Pts',(3.71180158508583,-11.6610290715661,-5.8434075258732));
#3517=CARTESIAN_POINT('Ctrl Pts',(3.4671934878092,-11.6410942112602,-6.00656925525697));
#3518=CARTESIAN_POINT('Ctrl Pts',(4.68259400949998,-11.6450744434784,-5.1108654921373));
#3519=CARTESIAN_POINT('Ctrl Pts',(4.52333784027017,-11.6545851854328,-5.24446709589898));
#3520=CARTESIAN_POINT('Ctrl Pts',(4.3637202162211,-11.6549541811256,-5.37750823060375));
#3521=CARTESIAN_POINT('Ctrl Pts',(4.20463465834338,-11.6462260479367,-5.5093961668474));
#3522=CARTESIAN_POINT('Origin',(-5.3526789152783E-6,-16.1414136874273,7.60549497448907E-6));
#3523=CARTESIAN_POINT('',(6.77893929043184,-16.3100572814157,-1.11203358052744E-6));
#3524=CARTESIAN_POINT('Origin',(1.63971265315643E-7,-16.3100572432454,-1.11144573368643E-6));
#3525=CARTESIAN_POINT('',(6.97446466493291,-16.1414562844326,6.68045914192256E-6));
#3526=CARTESIAN_POINT('',(6.97450878471944,-16.1414182401362,6.68041488697182E-6));
#3527=CARTESIAN_POINT('',(6.94796788707796,-16.1414174015029,0.607888080918192));
#3528=CARTESIAN_POINT('Ctrl Pts',(6.94812040007671,-16.141285851533,0.607895254399199));
#3529=CARTESIAN_POINT('Ctrl Pts',(6.96593751375667,-16.1413624903147,0.403229683672655));
#3530=CARTESIAN_POINT('Ctrl Pts',(6.97450864580885,-16.1414181772547,0.204091783750762));
#3531=CARTESIAN_POINT('Ctrl Pts',(6.97446466493291,-16.1414562844326,6.68045914142823E-6));
#3532=CARTESIAN_POINT('',(-6.91484199758316,-16.1414170553902,0.910356855578439));
#3533=CARTESIAN_POINT('Ctrl Pts',(-6.91484149253882,-16.1414177113716,0.910356789087616));
#3534=CARTESIAN_POINT('Ctrl Pts',(-6.75045687440041,-16.1414181462311,2.15897641248782));
#3535=CARTESIAN_POINT('Ctrl Pts',(-6.20695695468027,-16.141418579281,3.41835343880927));
#3536=CARTESIAN_POINT('Ctrl Pts',(-5.41865644184895,-16.1414189083547,4.39111845018889));
#3537=CARTESIAN_POINT('Ctrl Pts',(-4.88470149386369,-16.1414191312526,5.05002033163957));
#3538=CARTESIAN_POINT('Ctrl Pts',(-4.25214431760811,-16.1414193132435,5.59625782558898));
#3539=CARTESIAN_POINT('Ctrl Pts',(-3.50056758680321,-16.1414194549245,6.03239376140206));
#3540=CARTESIAN_POINT('Ctrl Pts',(-2.51627400395492,-16.1414196404753,6.60357403518544));
#3541=CARTESIAN_POINT('Ctrl Pts',(-1.36323752144741,-16.1414197365976,6.92648760240643));
#3542=CARTESIAN_POINT('Ctrl Pts',(-0.27278660026394,-16.1414197355012,6.96916991730688));
#3543=CARTESIAN_POINT('Ctrl Pts',(0.65817207375948,-16.1414197345652,7.00560940349747));
#3544=CARTESIAN_POINT('Ctrl Pts',(1.62197370086617,-16.1414196670162,6.85321932317697));
#3545=CARTESIAN_POINT('Ctrl Pts',(2.53191336062569,-16.1414195294743,6.49870449007464));
#3546=CARTESIAN_POINT('Ctrl Pts',(3.43407355447817,-16.1414193931083,6.14722055690956));
#3547=CARTESIAN_POINT('Ctrl Pts',(4.26121830389104,-16.1414191880408,5.59641017125918));
#3548=CARTESIAN_POINT('Ctrl Pts',(4.90984057521605,-16.1414189533485,4.95350598475262));
#3549=CARTESIAN_POINT('Ctrl Pts',(5.51145534067028,-16.141418735665,4.3571948982021));
#3550=CARTESIAN_POINT('Ctrl Pts',(6.03455475816681,-16.1414184664101,3.61032387884235));
#3551=CARTESIAN_POINT('Ctrl Pts',(6.39343112864623,-16.1414181728253,2.78707898159537));
#3552=CARTESIAN_POINT('Ctrl Pts',(6.69721427967064,-16.1414179243104,2.09021524376731));
#3553=CARTESIAN_POINT('Ctrl Pts',(6.8838998531346,-16.1414176588911,1.34016129035536));
#3554=CARTESIAN_POINT('Ctrl Pts',(6.94796788707796,-16.1414174015029,0.607888080918192));
#3555=CARTESIAN_POINT('',(6.73686169943106,-16.1414154552683,-1.80513554425793));
#3556=CARTESIAN_POINT('Ctrl Pts',(6.73686169943106,-16.1414154552683,-1.80513554425793));
#3557=CARTESIAN_POINT('Ctrl Pts',(6.44619309997471,-16.1414159185114,-2.88992446317498));
#3558=CARTESIAN_POINT('Ctrl Pts',(5.86907204271857,-16.1414164021997,-3.91919640705047));
#3559=CARTESIAN_POINT('Ctrl Pts',(5.14042754842809,-16.1414168170881,-4.71378891809476));
#3560=CARTESIAN_POINT('Ctrl Pts',(4.50505208112906,-16.1414171788693,-5.40667082686246));
#3561=CARTESIAN_POINT('Ctrl Pts',(3.71245013122071,-16.141417519586,-5.98581931545979));
#3562=CARTESIAN_POINT('Ctrl Pts',(2.81183599960945,-16.1414178054066,-6.38258300954168));
#3563=CARTESIAN_POINT('Ctrl Pts',(1.9824000440895,-16.141418068638,-6.74798930527421));
#3564=CARTESIAN_POINT('Ctrl Pts',(1.07576547262188,-16.1414182778062,-6.94480242393959));
#3565=CARTESIAN_POINT('Ctrl Pts',(0.21374883727088,-16.1414184143681,-6.97123304609473));
#3566=CARTESIAN_POINT('Ctrl Pts',(-0.694251788272582,-16.1414185582148,
-6.99907360098216));
#3567=CARTESIAN_POINT('Ctrl Pts',(-1.63887121637556,-16.1414186373217,-6.84611970967014));
#3568=CARTESIAN_POINT('Ctrl Pts',(-2.52862939570108,-16.1414186334814,-6.49998526585363));
#3569=CARTESIAN_POINT('Ctrl Pts',(-3.38847262591611,-16.1414186297702,-6.16548835964314));
#3570=CARTESIAN_POINT('Ctrl Pts',(-4.18097904014799,-16.1414185462785,-5.65069165474025));
#3571=CARTESIAN_POINT('Ctrl Pts',(-4.81466318930204,-16.1414184046823,-5.04606736579598));
#3572=CARTESIAN_POINT('Ctrl Pts',(-5.46532374805609,-16.1414182592928,-4.42524518142238));
#3573=CARTESIAN_POINT('Ctrl Pts',(-6.01882382735174,-16.1414180393908,-3.64898002186745));
#3574=CARTESIAN_POINT('Ctrl Pts',(-6.39645836609371,-16.1414177578158,-2.78012697900553));
#3575=CARTESIAN_POINT('Ctrl Pts',(-6.76882369687156,-16.1414174801697,-1.92339721117124));
#3576=CARTESIAN_POINT('Ctrl Pts',(-6.9608443145714,-16.1414171448195,-0.98600802681034));
#3577=CARTESIAN_POINT('Ctrl Pts',(-6.97376581874963,-16.141416803894,-0.101923871476062));
#3578=CARTESIAN_POINT('Ctrl Pts',(-6.97864601193011,-16.1414166751333,0.231976996899365));
#3579=CARTESIAN_POINT('Ctrl Pts',(-6.95981823635094,-16.1414165417903,0.568735345792959));
#3580=CARTESIAN_POINT('Ctrl Pts',(-6.91484299717643,-16.1414164027299,0.910356987176824));
#3581=CARTESIAN_POINT('Ctrl Pts',(6.97446466493291,-16.1414562844326,6.68045914239968E-6));
#3582=CARTESIAN_POINT('Ctrl Pts',(6.97433526575441,-16.1415684021976,-0.600446224274833));
#3583=CARTESIAN_POINT('Ctrl Pts',(6.89774847981384,-16.1415171416072,-1.20424167419047));
#3584=CARTESIAN_POINT('Ctrl Pts',(6.73700879194623,-16.1412841719844,-1.80517483117988));
#3585=CARTESIAN_POINT('Ctrl Pts',(6.77893929390406,-16.3100572784216,-1.11203358026256E-6));
#3586=CARTESIAN_POINT('Ctrl Pts',(6.77893929331622,-16.3100564916273,-6.77894024196633));
#3587=CARTESIAN_POINT('Ctrl Pts',(1.63383430204687E-7,-16.3100564534571,
-6.77894024137849));
#3588=CARTESIAN_POINT('Ctrl Pts',(-6.77893896654936,-16.3100564152868,-6.77894024079065));
#3589=CARTESIAN_POINT('Ctrl Pts',(-6.77893896596152,-16.3100572020811,-1.11085789752071E-6));
#3590=CARTESIAN_POINT('Ctrl Pts',(-6.77893896537368,-16.3100579888754,6.77893801907486));
#3591=CARTESIAN_POINT('Ctrl Pts',(1.64559112581982E-7,-16.3100580270456,
6.77893801848702));
#3592=CARTESIAN_POINT('Ctrl Pts',(6.77893929449189,-16.3100580652159,6.77893801789917));
#3593=CARTESIAN_POINT('Ctrl Pts',(6.77893929390406,-16.3100572784216,-1.11203358026256E-6));
#3594=CARTESIAN_POINT('Ctrl Pts',(6.6149774598255,-16.4514413914028,-1.12454149788929E-6));
#3595=CARTESIAN_POINT('Ctrl Pts',(6.61497745925187,-16.4514406236387,-6.61497842072601));
#3596=CARTESIAN_POINT('Ctrl Pts',(1.63067335536859E-7,-16.4514405863917,
-6.61497842015238));
#3597=CARTESIAN_POINT('Ctrl Pts',(-6.61497713311721,-16.4514405491447,-6.61497841957876));
#3598=CARTESIAN_POINT('Ctrl Pts',(-6.61497713254359,-16.4514413169088,-1.12339425097782E-6));
#3599=CARTESIAN_POINT('Ctrl Pts',(-6.61497713196997,-16.4514420846729,6.61497617279026));
#3600=CARTESIAN_POINT('Ctrl Pts',(1.64214581648189E-7,-16.4514421219199,
6.61497617221663));
#3601=CARTESIAN_POINT('Ctrl Pts',(6.61497746039911,-16.4514421591669,6.61497617164301));
#3602=CARTESIAN_POINT('Ctrl Pts',(6.6149774598255,-16.4514413914028,-1.12454149788929E-6));
#3603=CARTESIAN_POINT('Ctrl Pts',(6.61497745927985,-16.6849953440817,-1.14522694953609E-6));
#3604=CARTESIAN_POINT('Ctrl Pts',(6.61497745870622,-16.6849945763175,-6.61497844141146));
#3605=CARTESIAN_POINT('Ctrl Pts',(1.62521683142597E-7,-16.6849945390705,
-6.61497844083783));
#3606=CARTESIAN_POINT('Ctrl Pts',(-6.61497713366285,-16.6849945018235,-6.61497844026421));
#3607=CARTESIAN_POINT('Ctrl Pts',(-6.61497713308925,-16.6849952695877,-1.14407970262461E-6));
#3608=CARTESIAN_POINT('Ctrl Pts',(-6.61497713251562,-16.6849960373518,6.6149761521048));
#3609=CARTESIAN_POINT('Ctrl Pts',(1.63668933648997E-7,-16.6849960745988,
6.61497615153118));
#3610=CARTESIAN_POINT('Ctrl Pts',(6.61497745985347,-16.6849961118458,6.61497615095756));
#3611=CARTESIAN_POINT('Ctrl Pts',(6.61497745927985,-16.6849953440817,-1.14522694953609E-6));
#3612=CARTESIAN_POINT('Ctrl Pts',(6.61497745817933,-17.1560513827606,-1.18694753186518E-6));
#3613=CARTESIAN_POINT('Ctrl Pts',(6.6149774576057,-17.1560506149965,-6.61497848313204));
#3614=CARTESIAN_POINT('Ctrl Pts',(1.61421163189651E-7,-17.1560505777495,
-6.61497848255842));
#3615=CARTESIAN_POINT('Ctrl Pts',(-6.61497713476338,-17.1560505405025,-6.6149784819848));
#3616=CARTESIAN_POINT('Ctrl Pts',(-6.61497713418977,-17.1560513082666,-1.18580028712974E-6));
#3617=CARTESIAN_POINT('Ctrl Pts',(-6.61497713361615,-17.1560520760307,6.61497611038422));
#3618=CARTESIAN_POINT('Ctrl Pts',(1.6256839594983E-7,-17.1560521132778,
6.6149761098106));
#3619=CARTESIAN_POINT('Ctrl Pts',(6.61497745875295,-17.1560521505248,6.61497610923698));
#3620=CARTESIAN_POINT('Ctrl Pts',(6.61497745817933,-17.1560513827606,-1.18694753186518E-6));
#3621=CARTESIAN_POINT('Ctrl Pts',(7.03044888429417,-17.1560513851,-1.18698356155666E-6));
#3622=CARTESIAN_POINT('Ctrl Pts',(7.03044888368451,-17.1560505691144,-7.03044990928291));
#3623=CARTESIAN_POINT('Ctrl Pts',(1.61385136192294E-7,-17.156050529528,
-7.03044990867326));
#3624=CARTESIAN_POINT('Ctrl Pts',(-7.03044856091425,-17.1560504899416,-7.03044990806361));
#3625=CARTESIAN_POINT('Ctrl Pts',(-7.03044856030461,-17.1560513059272,-1.18576425743826E-6));
#3626=CARTESIAN_POINT('Ctrl Pts',(-7.03044855969495,-17.1560521219128,7.03044753653509));
#3627=CARTESIAN_POINT('Ctrl Pts',(1.62604431828972E-7,-17.1560521614992,
7.03044753592544));
#3628=CARTESIAN_POINT('Ctrl Pts',(7.03044888490382,-17.1560522010857,7.03044753531579));
#3629=CARTESIAN_POINT('Ctrl Pts',(7.03044888429417,-17.1560513851,-1.18698356155666E-6));
#3630=CARTESIAN_POINT('Ctrl Pts',(7.44592031040902,-17.1560513874394,-1.18701959124815E-6));
#3631=CARTESIAN_POINT('Ctrl Pts',(7.44592030976334,-17.1560505232323,-7.44592133543378));
#3632=CARTESIAN_POINT('Ctrl Pts',(1.61349100313152E-7,-17.1560504813065,
-7.44592133478811));
#3633=CARTESIAN_POINT('Ctrl Pts',(-7.44591998706512,-17.1560504393807,-7.44592133414242));
#3634=CARTESIAN_POINT('Ctrl Pts',(-7.44591998641945,-17.1560513035878,-1.18572822992281E-6));
#3635=CARTESIAN_POINT('Ctrl Pts',(-7.44591998577378,-17.1560521677949,7.44591896268596));
#3636=CARTESIAN_POINT('Ctrl Pts',(1.6264045882633E-7,-17.1560522097207,
7.44591896204029));
#3637=CARTESIAN_POINT('Ctrl Pts',(7.4459203110547,-17.1560522516465,7.4459189613946));
#3638=CARTESIAN_POINT('Ctrl Pts',(7.44592031040902,-17.1560513874394,-1.18701959124815E-6));
#3639=CARTESIAN_POINT('Ctrl Pts',(7.44592031150954,-16.6849953487605,-1.14529900674301E-6));
#3640=CARTESIAN_POINT('Ctrl Pts',(7.44592031086386,-16.6849944845534,-7.4459212937132));
#3641=CARTESIAN_POINT('Ctrl Pts',(1.62449629130534E-7,-16.6849944426275,
-7.44592129306752));
#3642=CARTESIAN_POINT('Ctrl Pts',(-7.4459199859646,-16.6849944007017,-7.44592129242184));
#3643=CARTESIAN_POINT('Ctrl Pts',(-7.44591998531893,-16.6849952649089,-1.14400764759372E-6));
#3644=CARTESIAN_POINT('Ctrl Pts',(-7.44591998467324,-16.684996129116,7.44591900440654));
#3645=CARTESIAN_POINT('Ctrl Pts',(1.6374098766106E-7,-16.6849961710418,
7.44591900376087));
#3646=CARTESIAN_POINT('Ctrl Pts',(7.44592031215522,-16.6849962129676,7.44591900311519));
#3647=CARTESIAN_POINT('Ctrl Pts',(7.44592031150954,-16.6849953487605,-1.14529900674301E-6));
#3648=CARTESIAN_POINT('Ctrl Pts',(7.44592031261006,-16.2139393100815,-1.10357842441392E-6));
#3649=CARTESIAN_POINT('Ctrl Pts',(7.44592031196438,-16.2139384458744,-7.44592125199262));
#3650=CARTESIAN_POINT('Ctrl Pts',(1.6355014908348E-7,-16.2139384039486,
-7.44592125134694));
#3651=CARTESIAN_POINT('Ctrl Pts',(-7.44591998486409,-16.2139383620228,-7.44592125070126));
#3652=CARTESIAN_POINT('Ctrl Pts',(-7.44591998421841,-16.2139392262299,-1.10228706308859E-6));
#3653=CARTESIAN_POINT('Ctrl Pts',(-7.44591998357273,-16.213940090437,7.44591904612713));
#3654=CARTESIAN_POINT('Ctrl Pts',(1.64841507614005E-7,-16.2139401323628,
7.44591904548145));
#3655=CARTESIAN_POINT('Ctrl Pts',(7.44592031325574,-16.2139401742886,7.44591904483577));
#3656=CARTESIAN_POINT('Ctrl Pts',(7.44592031261006,-16.2139393100815,-1.10357842441392E-6));
#3657=CARTESIAN_POINT('Ctrl Pts',(7.03044888649522,-16.2139393077421,-1.10354239472244E-6));
#3658=CARTESIAN_POINT('Ctrl Pts',(7.03044888588556,-16.2139384917565,-7.03044982584175));
#3659=CARTESIAN_POINT('Ctrl Pts',(1.63586176080838E-7,-16.2139384521701,
-7.0304498252321));
#3660=CARTESIAN_POINT('Ctrl Pts',(-7.0304485587132,-16.2139384125837,-7.03044982462244));
#3661=CARTESIAN_POINT('Ctrl Pts',(-7.03044855810356,-16.2139392285693,-1.10232309278007E-6));
#3662=CARTESIAN_POINT('Ctrl Pts',(-7.03044855749391,-16.2139400445549,7.03044761997626));
#3663=CARTESIAN_POINT('Ctrl Pts',(1.648054805993E-7,-16.2139400841413,7.03044761936661));
#3664=CARTESIAN_POINT('Ctrl Pts',(7.03044888710486,-16.2139401237277,7.03044761875695));
#3665=CARTESIAN_POINT('Ctrl Pts',(7.03044888649522,-16.2139393077421,-1.10354239472244E-6));
#3666=CARTESIAN_POINT('Ctrl Pts',(6.8904064068455,-16.2139393069536,-1.10353025096891E-6));
#3667=CARTESIAN_POINT('Ctrl Pts',(6.89040640624799,-16.2139385072219,-6.89040734617989));
#3668=CARTESIAN_POINT('Ctrl Pts',(1.63598322653512E-7,-16.213938468424,
-6.89040734558238));
#3669=CARTESIAN_POINT('Ctrl Pts',(-6.89040607905135,-16.2139384296262,-6.89040734498487));
#3670=CARTESIAN_POINT('Ctrl Pts',(-6.89040607845384,-16.2139392293578,-1.1023352365336E-6));
#3671=CARTESIAN_POINT('Ctrl Pts',(-6.89040607785634,-16.2139400290895,6.8904051403144));
#3672=CARTESIAN_POINT('Ctrl Pts',(1.64793337020399E-7,-16.2139400678874,
6.8904051397169));
#3673=CARTESIAN_POINT('Ctrl Pts',(6.890406407443,-16.2139401066852,6.89040513911939));
#3674=CARTESIAN_POINT('Ctrl Pts',(6.8904064068455,-16.2139393069536,-1.10353025096891E-6));
#3675=CARTESIAN_POINT('Ctrl Pts',(6.77893929390406,-16.3100572784216,-1.11203358026256E-6));
#3676=CARTESIAN_POINT('Ctrl Pts',(6.77893929331622,-16.3100564916273,-6.77894024196633));
#3677=CARTESIAN_POINT('Ctrl Pts',(1.63383430204687E-7,-16.3100564534571,
-6.77894024137849));
#3678=CARTESIAN_POINT('Ctrl Pts',(-6.77893896654936,-16.3100564152868,-6.77894024079065));
#3679=CARTESIAN_POINT('Ctrl Pts',(-6.77893896596152,-16.3100572020811,-1.11085789752071E-6));
#3680=CARTESIAN_POINT('Ctrl Pts',(-6.77893896537368,-16.3100579888754,6.77893801907486));
#3681=CARTESIAN_POINT('Ctrl Pts',(1.64559112581982E-7,-16.3100580270456,
6.77893801848702));
#3682=CARTESIAN_POINT('Ctrl Pts',(6.77893929449189,-16.3100580652159,6.77893801789917));
#3683=CARTESIAN_POINT('Ctrl Pts',(6.77893929390406,-16.3100572784216,-1.11203358026256E-6));
#3684=CARTESIAN_POINT('Ctrl Pts',(6.77893929043103,-16.3100572814162,1.50964527495296E-6));
#3685=CARTESIAN_POINT('Ctrl Pts',(6.57796013270323,-16.4833613964992,-2.44126646121371E-7));
#3686=CARTESIAN_POINT('Ctrl Pts',(6.56224207532982,-16.8358008758961,-9.17606321960157E-7));
#3687=CARTESIAN_POINT('Ctrl Pts',(6.74845099193315,-17.0309279900506,-2.79577077205589E-7));
#3688=CARTESIAN_POINT('Ctrl Pts',(-6.20397012809903,-20.9943666952274,-1.27093611816541E-6));
#3689=CARTESIAN_POINT('Ctrl Pts',(-6.20397013506345,-20.9943659516513,-6.20397172167413));
#3690=CARTESIAN_POINT('Ctrl Pts',(3.15674588483028E-7,-20.9943664040113,
-6.2039717286386));
#3691=CARTESIAN_POINT('Ctrl Pts',(6.20397076641262,-20.9943668563713,-6.20397173560306));
#3692=CARTESIAN_POINT('Ctrl Pts',(6.20397077337704,-20.9943675999474,-1.28486504498765E-6));
#3693=CARTESIAN_POINT('Ctrl Pts',(6.20397078034147,-20.9943683435235,6.20396916587297));
#3694=CARTESIAN_POINT('Ctrl Pts',(3.29603434510994E-7,-20.9943678911635,
6.20396917283743));
#3695=CARTESIAN_POINT('Ctrl Pts',(-6.2039701211346,-20.9943674388035,6.2039691798019));
#3696=CARTESIAN_POINT('Ctrl Pts',(-6.20397012809903,-20.9943666952274,-1.27093611816541E-6));
#3697=CARTESIAN_POINT('Ctrl Pts',(-6.20397008036966,-20.1214501167683,-1.19104957995169E-6));
#3698=CARTESIAN_POINT('Ctrl Pts',(-6.20397008733407,-20.1214493731922,-6.20397164178759));
#3699=CARTESIAN_POINT('Ctrl Pts',(3.63403961541053E-7,-20.1214498255522,
-6.20397164875205));
#3700=CARTESIAN_POINT('Ctrl Pts',(6.20397081414199,-20.1214502779123,-6.20397165571652));
#3701=CARTESIAN_POINT('Ctrl Pts',(6.20397082110641,-20.1214510214884,-1.20497850459789E-6));
#3702=CARTESIAN_POINT('Ctrl Pts',(6.20397082807083,-20.1214517650645,6.20396924575951));
#3703=CARTESIAN_POINT('Ctrl Pts',(3.77332798687236E-7,-20.1214513127044,
6.20396925272397));
#3704=CARTESIAN_POINT('Ctrl Pts',(-6.20397007340523,-20.1214508603444,6.20396925968843));
#3705=CARTESIAN_POINT('Ctrl Pts',(-6.20397008036966,-20.1214501167683,-1.19104957995169E-6));
#3706=CARTESIAN_POINT('Ctrl Pts',(-6.97388250257058,-20.1214500606304,-1.19018529292399E-6));
#3707=CARTESIAN_POINT('Ctrl Pts',(-6.97388251039929,-20.1214492247766,-6.97388406312422));
#3708=CARTESIAN_POINT('Ctrl Pts',(3.62539670367701E-7,-20.1214497332745,
-6.97388407095297));
#3709=CARTESIAN_POINT('Ctrl Pts',(6.97388323547862,-20.1214502417724,-6.97388407878172));
#3710=CARTESIAN_POINT('Ctrl Pts',(6.97388324330733,-20.1214510776262,-1.20584279597767E-6));
#3711=CARTESIAN_POINT('Ctrl Pts',(6.97388325113604,-20.1214519134801,6.97388166709613));
#3712=CARTESIAN_POINT('Ctrl Pts',(3.78197089860588E-7,-20.1214514049822,
6.97388167492489));
#3713=CARTESIAN_POINT('Ctrl Pts',(-6.97388249474186,-20.1214508964843,6.97388168275363));
#3714=CARTESIAN_POINT('Ctrl Pts',(-6.97388250257058,-20.1214500606304,-1.19018529292399E-6));
#3715=CARTESIAN_POINT('Ctrl Pts',(-7.74379492477149,-20.1214500044926,-1.18932100372025E-6));
#3716=CARTESIAN_POINT('Ctrl Pts',(-7.74379493346449,-20.121449076361,-7.74379648446085));
#3717=CARTESIAN_POINT('Ctrl Pts',(3.61675388058785E-7,-20.1214496409967,
-7.74379649315389));
#3718=CARTESIAN_POINT('Ctrl Pts',(7.74379565681526,-20.1214502056325,-7.74379650184693));
#3719=CARTESIAN_POINT('Ctrl Pts',(7.74379566550826,-20.1214511337641,-1.20670708300537E-6));
#3720=CARTESIAN_POINT('Ctrl Pts',(7.74379567420124,-20.1214520618957,7.74379408843276));
#3721=CARTESIAN_POINT('Ctrl Pts',(3.79061372169504E-7,-20.1214514972599,
7.74379409712581));
#3722=CARTESIAN_POINT('Ctrl Pts',(-7.7437949160785,-20.1214509326242,7.74379410581884));
#3723=CARTESIAN_POINT('Ctrl Pts',(-7.74379492477149,-20.1214500044926,-1.18932100372025E-6));
#3724=CARTESIAN_POINT('Ctrl Pts',(-7.74379497250086,-20.9943665829517,-1.26920754193397E-6));
#3725=CARTESIAN_POINT('Ctrl Pts',(-7.74379498119386,-20.9943656548201,-7.74379656434739));
#3726=CARTESIAN_POINT('Ctrl Pts',(3.1394601500076E-7,-20.9943662194558,
-7.74379657304043));
#3727=CARTESIAN_POINT('Ctrl Pts',(7.74379560908589,-20.9943667840916,-7.74379658173347));
#3728=CARTESIAN_POINT('Ctrl Pts',(7.74379561777888,-20.9943677122232,-1.28659362121909E-6));
#3729=CARTESIAN_POINT('Ctrl Pts',(7.74379562647187,-20.9943686403548,7.74379400854623));
#3730=CARTESIAN_POINT('Ctrl Pts',(3.31331999111478E-7,-20.994368075719,
7.74379401723926));
#3731=CARTESIAN_POINT('Ctrl Pts',(-7.74379496380789,-20.9943675110833,7.74379402593231));
#3732=CARTESIAN_POINT('Ctrl Pts',(-7.74379497250086,-20.9943665829517,-1.26920754193397E-6));
#3733=CARTESIAN_POINT('Ctrl Pts',(-7.74379502023025,-21.8672831614108,-1.34909408014768E-6));
#3734=CARTESIAN_POINT('Ctrl Pts',(-7.74379502892323,-21.8672822332791,-7.74379664423393));
#3735=CARTESIAN_POINT('Ctrl Pts',(2.66216641942735E-7,-21.8672827979149,
-7.74379665292697));
#3736=CARTESIAN_POINT('Ctrl Pts',(7.74379556135652,-21.8672833625506,-7.74379666162001));
#3737=CARTESIAN_POINT('Ctrl Pts',(7.74379557004951,-21.8672842906823,-1.36648016160885E-6));
#3738=CARTESIAN_POINT('Ctrl Pts',(7.7437955787425,-21.8672852188139,7.74379392865969));
#3739=CARTESIAN_POINT('Ctrl Pts',(2.83602626053453E-7,-21.8672846541781,
7.74379393735273));
#3740=CARTESIAN_POINT('Ctrl Pts',(-7.74379501153726,-21.8672840895424,7.74379394604577));
#3741=CARTESIAN_POINT('Ctrl Pts',(-7.74379502023025,-21.8672831614108,-1.34909408014768E-6));
#3742=CARTESIAN_POINT('Ctrl Pts',(-6.97388259802933,-21.8672832175486,-1.34995836717539E-6));
#3743=CARTESIAN_POINT('Ctrl Pts',(-6.97388260585803,-21.8672823816948,-6.9738842228973));
#3744=CARTESIAN_POINT('Ctrl Pts',(2.67080933133435E-7,-21.8672828901926,
-6.97388423072606));
#3745=CARTESIAN_POINT('Ctrl Pts',(6.97388314001988,-21.8672833986905,-6.9738842385548));
#3746=CARTESIAN_POINT('Ctrl Pts',(6.97388314784859,-21.8672842345444,-1.3656158724051E-6));
#3747=CARTESIAN_POINT('Ctrl Pts',(6.97388315567729,-21.8672850703983,6.97388150732306));
#3748=CARTESIAN_POINT('Ctrl Pts',(2.82738343744537E-7,-21.8672845619004,
6.97388151515181));
#3749=CARTESIAN_POINT('Ctrl Pts',(-6.97388259020062,-21.8672840534025,6.97388152298056));
#3750=CARTESIAN_POINT('Ctrl Pts',(-6.97388259802933,-21.8672832175486,-1.34995836717539E-6));
#3751=CARTESIAN_POINT('Ctrl Pts',(-6.20397017582841,-21.8672832736865,-1.35082265855517E-6));
#3752=CARTESIAN_POINT('Ctrl Pts',(-6.20397018279282,-21.8672825301104,-6.20397180156067));
#3753=CARTESIAN_POINT('Ctrl Pts',(2.67945215425003E-7,-21.8672829824704,
-6.20397180852514));
#3754=CARTESIAN_POINT('Ctrl Pts',(6.20397071868325,-21.8672834348304,-6.2039718154896));
#3755=CARTESIAN_POINT('Ctrl Pts',(6.20397072564768,-21.8672841784065,-1.36475158320136E-6));
#3756=CARTESIAN_POINT('Ctrl Pts',(6.2039707326121,-21.8672849219826,6.20396908598643));
#3757=CARTESIAN_POINT('Ctrl Pts',(2.81874061452969E-7,-21.8672844696226,
6.2039690929509));
#3758=CARTESIAN_POINT('Ctrl Pts',(-6.20397016886398,-21.8672840172626,6.20396909991536));
#3759=CARTESIAN_POINT('Ctrl Pts',(-6.20397017582841,-21.8672832736865,-1.35082265855517E-6));
#3760=CARTESIAN_POINT('Ctrl Pts',(-6.20397012809903,-20.9943666952274,-1.27093611816541E-6));
#3761=CARTESIAN_POINT('Ctrl Pts',(-6.20397013506345,-20.9943659516513,-6.20397172167413));
#3762=CARTESIAN_POINT('Ctrl Pts',(3.15674588483028E-7,-20.9943664040113,
-6.2039717286386));
#3763=CARTESIAN_POINT('Ctrl Pts',(6.20397076641262,-20.9943668563713,-6.20397173560306));
#3764=CARTESIAN_POINT('Ctrl Pts',(6.20397077337704,-20.9943675999474,-1.28486504498765E-6));
#3765=CARTESIAN_POINT('Ctrl Pts',(6.20397078034147,-20.9943683435235,6.20396916587297));
#3766=CARTESIAN_POINT('Ctrl Pts',(3.29603434510994E-7,-20.9943678911635,
6.20396917283743));
#3767=CARTESIAN_POINT('Ctrl Pts',(-6.2039701211346,-20.9943674388035,6.2039691798019));
#3768=CARTESIAN_POINT('Ctrl Pts',(-6.20397012809903,-20.9943666952274,-1.27093611816541E-6));
#3769=CARTESIAN_POINT('',(-6.514066457629,-21.6945057685802,-1.3346625048451E-6));
#3770=CARTESIAN_POINT('Ctrl Pts',(-6.51406645762976,-21.6945057685809,-1.33466250542988E-6));
#3771=CARTESIAN_POINT('Ctrl Pts',(-6.30339298634363,-21.5166481402841,-1.31862203996337E-6));
#3772=CARTESIAN_POINT('Ctrl Pts',(-6.23252367846617,-21.2298892967209,-1.29245834171069E-6));
#3773=CARTESIAN_POINT('',(-3.00357950120594,-21.6945450658788,5.77056506937662));
#3774=CARTESIAN_POINT('Ctrl Pts',(-3.00857614225335,-21.6963600090402,5.78015823322768));
#3775=CARTESIAN_POINT('Ctrl Pts',(-4.67408712539405,-21.696098876668,4.91290778864004));
#3776=CARTESIAN_POINT('Ctrl Pts',(-5.92560596705369,-21.6955843083846,3.29353772582479));
#3777=CARTESIAN_POINT('Ctrl Pts',(-6.3470993625508,-21.6949880365681,1.46793548149977));
#3778=CARTESIAN_POINT('Ctrl Pts',(-6.45809946950385,-21.6948310086381,0.987163904676355));
#3779=CARTESIAN_POINT('Ctrl Pts',(-6.5142595889633,-21.6946688761807,0.493647921472748));
#3780=CARTESIAN_POINT('Ctrl Pts',(-6.51406645762899,-21.6945057685802,-1.33466250606951E-6));
#3781=CARTESIAN_POINT('',(2.48917789831853,-21.6938211808719,6.00940408049613));
#3782=CARTESIAN_POINT('Ctrl Pts',(2.48915951526763,-21.68628687944,6.00936086540477));
#3783=CARTESIAN_POINT('Ctrl Pts',(0.893961314665374,-21.6863240721943,6.67015977833859));
#3784=CARTESIAN_POINT('Ctrl Pts',(-0.960945523450951,-21.6863277474164,
6.66112837510617));
#3785=CARTESIAN_POINT('Ctrl Pts',(-2.55033328469253,-21.6862967971069,5.98366809873292));
#3786=CARTESIAN_POINT('Ctrl Pts',(-2.70383333918812,-21.6862938079847,5.91824027056048));
#3787=CARTESIAN_POINT('Ctrl Pts',(-2.85514394018181,-21.6862905051137,5.84674084055183));
#3788=CARTESIAN_POINT('Ctrl Pts',(-3.00313263090826,-21.6862869135315,5.769708132106));
#3789=CARTESIAN_POINT('',(0.283989772535898,-21.692251072489,-6.50521377593872));
#3790=CARTESIAN_POINT('Ctrl Pts',(0.283989772535898,-21.692251072489,-6.50521377593872));
#3791=CARTESIAN_POINT('Ctrl Pts',(1.75476306697913,-21.6922511171004,-6.44100608146128));
#3792=CARTESIAN_POINT('Ctrl Pts',(3.20067343868711,-21.6924237449775,-5.85929146588981));
#3793=CARTESIAN_POINT('Ctrl Pts',(4.3069450019706,-21.6927315839518,-4.88426298041358));
#3794=CARTESIAN_POINT('Ctrl Pts',(5.63157065151491,-21.6931001836834,-3.71678495443525));
#3795=CARTESIAN_POINT('Ctrl Pts',(6.44729033709031,-21.6936597100915,-1.99433988720098));
#3796=CARTESIAN_POINT('Ctrl Pts',(6.50977385726614,-21.6942429749002,-0.227698846046224));
#3797=CARTESIAN_POINT('Ctrl Pts',(6.57219358445721,-21.6948256442207,1.53713853064318));
#3798=CARTESIAN_POINT('Ctrl Pts',(5.88482292798321,-21.6954193669482,3.30809568598883));
#3799=CARTESIAN_POINT('Ctrl Pts',(4.64502723047752,-21.6958521582351,4.56920046769576));
#3800=CARTESIAN_POINT('Ctrl Pts',(4.0328589020883,-21.6960658556364,5.19189048645802));
#3801=CARTESIAN_POINT('Ctrl Pts',(3.30049376599869,-21.6962387254522,5.68589172364112));
#3802=CARTESIAN_POINT('Ctrl Pts',(2.49367216192793,-21.6963601407971,6.02024555972411));
#3803=CARTESIAN_POINT('Ctrl Pts',(-6.51406645762899,-21.6945057685802,-1.33466250606951E-6));
#3804=CARTESIAN_POINT('Ctrl Pts',(-6.51355388315864,-21.694072877707,-1.31015645225588));
#3805=CARTESIAN_POINT('Ctrl Pts',(-6.10423866913139,-21.6936328519636,-2.6212943180241));
#3806=CARTESIAN_POINT('Ctrl Pts',(-5.3605569206769,-21.6932649089938,-3.69843320283727));
#3807=CARTESIAN_POINT('Ctrl Pts',(-4.30135293155246,-21.6927408586697,-5.23257036030575));
#3808=CARTESIAN_POINT('Ctrl Pts',(-2.54875552856716,-21.692368467776,-6.27564520555849));
#3809=CARTESIAN_POINT('Ctrl Pts',(-0.693993492504731,-21.6922755082145,
-6.47434965612657));
#3810=CARTESIAN_POINT('Ctrl Pts',(-0.37004337333914,-21.6922592720287,-6.50905509498542));
#3811=CARTESIAN_POINT('Ctrl Pts',(-0.0413483883309268,-21.6922510626208,
-6.5194166536451));
#3812=CARTESIAN_POINT('Ctrl Pts',(0.283989772535898,-21.692251072489,-6.50521377593872));
#3813=CARTESIAN_POINT('Origin',(-1.28224658668685E-8,-7.15002296364518,
0.00151181399994572));
#3814=CARTESIAN_POINT('',(-2.38959263995661,-5.4979628402326,5.76898537835388));
#3815=CARTESIAN_POINT('',(-2.38959263995661,-5.4979628402326,5.76898537835388));
#3816=CARTESIAN_POINT('',(2.13567728802192,-5.49796161206617,5.86772512544599));
#3817=CARTESIAN_POINT('Ctrl Pts',(2.13567728802192,-5.49796161206617,5.86772512544599));
#3818=CARTESIAN_POINT('Ctrl Pts',(1.96499659953307,-5.49796704553853,5.92986166735402));
#3819=CARTESIAN_POINT('Ctrl Pts',(1.70489530407008,-5.49796641871113,6.01185143826989));
#3820=CARTESIAN_POINT('Ctrl Pts',(1.35194478083602,-5.49796260633218,6.09822640139179));
#3821=CARTESIAN_POINT('Ctrl Pts',(1.08465480865347,-5.49796746687723,6.15138605265827));
#3822=CARTESIAN_POINT('Ctrl Pts',(0.815304396037999,-5.49796650078709,6.19284750084635));
#3823=CARTESIAN_POINT('Ctrl Pts',(0.544400731589525,-5.49796509499908,6.22251286636261));
#3824=CARTESIAN_POINT('Ctrl Pts',(0.272462356979101,-5.49795956441948,6.24034603999841));
#3825=CARTESIAN_POINT('Ctrl Pts',(1.30692776271341E-6,-5.49796757419818,
6.24628032219973));
#3826=CARTESIAN_POINT('Ctrl Pts',(-0.27245975448042,-5.49795956462388,6.2403462242405));
#3827=CARTESIAN_POINT('Ctrl Pts',(-0.544400925038894,-5.49796509410612,
6.22251286318942));
#3828=CARTESIAN_POINT('Ctrl Pts',(-0.815304594421293,-5.49796650409778,
6.19284751278522));
#3829=CARTESIAN_POINT('Ctrl Pts',(-1.08465498936966,-5.49796745452743,6.15138600807514));
#3830=CARTESIAN_POINT('Ctrl Pts',(-1.3519450272876,-5.49796265242153,6.09822656778713));
#3831=CARTESIAN_POINT('Ctrl Pts',(-1.6166578280302,-5.49796529361228,6.03344452047012));
#3832=CARTESIAN_POINT('Ctrl Pts',(-1.9655103455404,-5.49796820682776,5.93177698695859));
#3833=CARTESIAN_POINT('Ctrl Pts',(-2.22177760402218,-5.49795691534761,5.83848980709489));
#3834=CARTESIAN_POINT('Ctrl Pts',(-2.38959263995661,-5.4979628402326,5.76898537835388));
#3835=CARTESIAN_POINT('',(2.48907416493424,-7.18005776066806,6.00915688100446));
#3836=CARTESIAN_POINT('',(0.000783992187335791,-7.15572637518025,-6.5081879430884));
#3837=CARTESIAN_POINT('Origin',(3.34877804186035E-5,-1.3830435289308,0.000532745940083767));
#3838=CARTESIAN_POINT('',(1.83613024240947,-1.38315694127404,-5.04472507444001));
#3839=CARTESIAN_POINT('',(1.91129334366533,-0.00141361925020344,-4.6148962560008));
#3840=CARTESIAN_POINT('',(1.83613023676429,-1.38315704506515,-5.04472510672952));
#3841=CARTESIAN_POINT('',(-2.68422667038025,-1.3831698974009,-4.6492141681288));
#3842=CARTESIAN_POINT('Ctrl Pts',(-2.68422667038023,-1.3831698974009,-4.6492141681288));
#3843=CARTESIAN_POINT('Ctrl Pts',(-2.34613709277266,-1.38315485547708,-4.84442722606964));
#3844=CARTESIAN_POINT('Ctrl Pts',(-1.98667733920355,-1.3831533888693,-5.00260950050689));
#3845=CARTESIAN_POINT('Ctrl Pts',(-1.6143416143788,-1.38315179372459,-5.12001649427914));
#3846=CARTESIAN_POINT('Ctrl Pts',(-1.24200588955405,-1.38315019857988,-5.2374234880514));
#3847=CARTESIAN_POINT('Ctrl Pts',(-0.856822610518301,-1.38314848167598,
-5.31404616199951));
#3848=CARTESIAN_POINT('Ctrl Pts',(-0.467897745868492,-1.38314906777843,
-5.34807288211088));
#3849=CARTESIAN_POINT('Ctrl Pts',(-0.0789728812186833,-1.38314965388089,
-5.38209960222224));
#3850=CARTESIAN_POINT('Ctrl Pts',(0.313664309985153,-1.3831525432985,-5.37352779786308));
#3851=CARTESIAN_POINT('Ctrl Pts',(0.700731369765065,-1.38315290964127,-5.32255954544443));
#3852=CARTESIAN_POINT('Ctrl Pts',(1.08779842954498,-1.38315327598405,-5.27159129302578));
#3853=CARTESIAN_POINT('Ctrl Pts',(1.46926558389108,-1.38315111299468,-5.17823061383352));
#3854=CARTESIAN_POINT('Ctrl Pts',(1.83611828668176,-1.38316918046998,-5.04469227908102));
#3855=CARTESIAN_POINT('',(-2.49756281894998,-0.00175259039416176,-4.32590754474174));
#3856=CARTESIAN_POINT('',(-2.49732595807947,1.32453306100899E-7,-4.32549729558542));
#3857=CARTESIAN_POINT('Origin',(3.57330511979725E-5,-7.36997152562619E-27,
0.000561831358965498));
#3858=CARTESIAN_POINT('Origin',(0.000767733242298101,-1.46133761219413,
-0.000262957088225585));
#3859=CARTESIAN_POINT('',(-4.99068173539826,-0.00268441082006189,-0.217586361019492));
#3860=CARTESIAN_POINT('',(-3.82664535265523,-0.00250218916773902,3.2109351761921));
#3861=CARTESIAN_POINT('Origin',(0.000930848016653663,5.87983715719501E-27,
-0.000320682756951367));
#3862=CARTESIAN_POINT('',(-5.3684434734617,-1.38317222015912,2.59483212074975E-6));
#3863=CARTESIAN_POINT('Ctrl Pts',(-5.36844347346167,-1.38317222015912,2.59483211362266E-6));
#3864=CARTESIAN_POINT('Ctrl Pts',(-5.24409116971754,-0.923004525683163,
-0.0778789416263354));
#3865=CARTESIAN_POINT('Ctrl Pts',(-5.11805383728322,-0.462836458625774,
-0.150390920111003));
#3866=CARTESIAN_POINT('Ctrl Pts',(-4.9906822016981,-0.00266737239762699,
-0.21747036181452));
#3867=CARTESIAN_POINT('',(-4.11250124006525,-1.38315963809842,3.45079496429195));
#3868=CARTESIAN_POINT('Ctrl Pts',(-4.11246725940543,-1.38317504977005,3.45076644650084));
#3869=CARTESIAN_POINT('Ctrl Pts',(-4.31323596228899,-1.38315441424894,3.21152777650064));
#3870=CARTESIAN_POINT('Ctrl Pts',(-4.49307499491671,-1.38315749465624,2.95472506231014));
#3871=CARTESIAN_POINT('Ctrl Pts',(-4.64924833440005,-1.38315595913239,2.68424882489727));
#3872=CARTESIAN_POINT('Ctrl Pts',(-4.8054216738834,-1.38315442360853,2.41377258748438));
#3873=CARTESIAN_POINT('Ctrl Pts',(-4.93792411526864,-1.38314827571238,2.12963172801859));
#3874=CARTESIAN_POINT('Ctrl Pts',(-5.04474689338385,-1.38314816500969,1.83613909893224));
#3875=CARTESIAN_POINT('Ctrl Pts',(-5.15156967149905,-1.38314805430701,1.54264646984589));
#3876=CARTESIAN_POINT('Ctrl Pts',(-5.23270957686661,-1.38315398095104,1.23981089013452));
#3877=CARTESIAN_POINT('Ctrl Pts',(-5.28693323701311,-1.38315604407786,0.93222740555128));
#3878=CARTESIAN_POINT('Ctrl Pts',(-5.3411568971596,-1.38315810720467,0.624643920968037));
#3879=CARTESIAN_POINT('Ctrl Pts',(-5.36846258273013,-1.38315630365107,0.312322578919384));
#3880=CARTESIAN_POINT('Ctrl Pts',(-5.36844347346167,-1.38317222015912,2.59483211362266E-6));
#3881=CARTESIAN_POINT('',(-3.82612646467106,1.10604537972847E-6,3.21050099325044));
#3882=CARTESIAN_POINT('Origin',(-0.000902819814505088,-2.76681374670292,
2.54408491446199E-5));
#3883=CARTESIAN_POINT('',(5.00009905437811,5.55111512312578E-16,-0.147319346096951));
#3884=CARTESIAN_POINT('',(5.70431707376228,-2.76149360340224,-0.168067618329914));
#3885=CARTESIAN_POINT('',(1.50206263237455,-0.00146094949950992,4.7639369186632));
#3886=CARTESIAN_POINT('Origin',(-0.00229570282080706,-4.90198089467139E-27,
6.64124524634259E-5));
#3887=CARTESIAN_POINT('',(1.61430678415244,-1.38319022678682,5.11991581801826));
#3888=CARTESIAN_POINT('Ctrl Pts',(1.61430678415244,-1.38319022678682,5.11991581801826));
#3889=CARTESIAN_POINT('Ctrl Pts',(1.57684914521928,-0.922613727097801,5.00126982553894));
#3890=CARTESIAN_POINT('Ctrl Pts',(1.53943442546236,-0.462037301376953,4.88261018453563));
#3891=CARTESIAN_POINT('Ctrl Pts',(1.50206263237455,-0.00146094949951325,
4.76393691866319));
#3892=CARTESIAN_POINT('',(-1.61429892404081,-1.38318983752429,5.11991689485318));
#3893=CARTESIAN_POINT('Ctrl Pts',(-1.61429892404081,-1.38318983752429,5.11991689485319));
#3894=CARTESIAN_POINT('Ctrl Pts',(-1.35368599025938,-1.38314262814969,5.20213669283439));
#3895=CARTESIAN_POINT('Ctrl Pts',(-1.08620364120604,-1.38314999092768,5.2645437650442));
#3896=CARTESIAN_POINT('Ctrl Pts',(-0.815999923768801,-1.38314876380079,
5.30612712732622));
#3897=CARTESIAN_POINT('Ctrl Pts',(-0.545796206331566,-1.38314753667391,
5.34771048960824));
#3898=CARTESIAN_POINT('Ctrl Pts',(-0.272893824930992,-1.38313731129256,
5.36854719020787));
#3899=CARTESIAN_POINT('Ctrl Pts',(6.7469237799607E-6,-1.38313725285104,
5.3685469331374));
#3900=CARTESIAN_POINT('Ctrl Pts',(0.272907318778552,-1.38313719440951,5.36854667606694));
#3901=CARTESIAN_POINT('Ctrl Pts',(0.545809160656603,-1.38314730301615,5.34770946527463));
#3902=CARTESIAN_POINT('Ctrl Pts',(0.816011903544317,-1.38314847630608,5.30612582536454));
#3903=CARTESIAN_POINT('Ctrl Pts',(1.08621464643203,-1.383149649596,5.26454218545447));
#3904=CARTESIAN_POINT('Ctrl Pts',(1.35369557614674,-1.38314229402034,5.20213506681066));
#3905=CARTESIAN_POINT('Ctrl Pts',(1.61430678415245,-1.38319022678682,5.11991581801826));
#3906=CARTESIAN_POINT('',(-1.70819670333682,-0.00169541936184458,4.6940366285461));
#3907=CARTESIAN_POINT('Ctrl Pts',(-1.70819670333682,-0.00169541936184625,
4.69403662854609));
#3908=CARTESIAN_POINT('Ctrl Pts',(-1.68241785415613,-0.462194550907057,
4.83576527069129));
#3909=CARTESIAN_POINT('Ctrl Pts',(-1.65113331081958,-0.922692078642476,
4.97784092032792));
#3910=CARTESIAN_POINT('Ctrl Pts',(-1.6142989240408,-1.38318983752429,5.11991689485319));
#3911=CARTESIAN_POINT('Origin',(-0.00229570282080706,-4.90198089467139E-27,
6.64124524634259E-5));
#3912=CARTESIAN_POINT('Origin',(-0.00229570282080706,-4.90198089467139E-27,
6.64124524634259E-5));
#3913=CARTESIAN_POINT('Origin',(-0.00229570282080706,-4.90198089467139E-27,
6.64124524634259E-5));
#3914=CARTESIAN_POINT('Origin',(-0.000619688089698433,-26.101627831419,
0.000412014162384894));
#3915=CARTESIAN_POINT('',(-3.79609664117334,-27.4847217801392,-3.79610204069824));
#3916=CARTESIAN_POINT('',(-3.53202551259744,-28.866534892579,-3.53202614997048));
#3917=CARTESIAN_POINT('',(-3.79608927241447,-27.4848067151642,-3.79609470521018));
#3918=CARTESIAN_POINT('',(-5.3480688108796,-27.4846641075765,-0.467897658736758));
#3919=CARTESIAN_POINT('Origin',(0.000709856958968653,-27.4796186681076,
0.00031844942188503));
#3920=CARTESIAN_POINT('',(-4.99034521345255,-28.8663593031325,-0.218141946974742));
#3921=CARTESIAN_POINT('Ctrl Pts',(-4.99034521345254,-28.8663593031325,-0.218141946974737));
#3922=CARTESIAN_POINT('Ctrl Pts',(-5.11150038387438,-28.4058390855682,-0.296098337163264));
#3923=CARTESIAN_POINT('Ctrl Pts',(-5.23084496513187,-27.9453194346375,-0.379380488254199));
#3924=CARTESIAN_POINT('Ctrl Pts',(-5.34803223060091,-27.4847999968883,-0.467894421149326));
#3925=CARTESIAN_POINT('',(-1.70841798048899,-28.8663492152299,4.69384838912667));
#3926=CARTESIAN_POINT('Origin',(-0.00157076918103552,-28.8679639939268,
0.00104746585578602));
#3927=CARTESIAN_POINT('',(-1.83611551154445,-27.4847936933865,5.0446833031174));
#3928=CARTESIAN_POINT('',(-1.83613039485074,-27.4848088052525,5.04472418491595));
#3929=CARTESIAN_POINT('',(1.83613029698962,-27.4848089316275,5.04472414560019));
#3930=CARTESIAN_POINT('Ctrl Pts',(1.83611574178762,-27.4847940328728,5.04468422317411));
#3931=CARTESIAN_POINT('Ctrl Pts',(1.54263690810445,-27.4848139754117,5.15152134203281));
#3932=CARTESIAN_POINT('Ctrl Pts',(1.23981171248129,-27.4848086169495,5.2326838912233));
#3933=CARTESIAN_POINT('Ctrl Pts',(0.932231767012112,-27.4848091847726,5.28693075778202));
#3934=CARTESIAN_POINT('Ctrl Pts',(0.624651821542938,-27.4848097525957,5.34117762434074));
#3935=CARTESIAN_POINT('Ctrl Pts',(0.312327345614754,-27.4848162433771,5.36850694639033));
#3936=CARTESIAN_POINT('Ctrl Pts',(-1.62865970517248E-6,-27.4848161438126,
5.3685067899347));
#3937=CARTESIAN_POINT('Ctrl Pts',(-0.312330602934165,-27.4848160442482,
5.36850663347907));
#3938=CARTESIAN_POINT('Ctrl Pts',(-0.624654765155129,-27.4848093545191,
5.34117699936657));
#3939=CARTESIAN_POINT('Ctrl Pts',(-0.932234096681334,-27.4848090112078,
5.28692985835231));
#3940=CARTESIAN_POINT('Ctrl Pts',(-1.23981342820753,-27.4848086678965,5.23268271733806));
#3941=CARTESIAN_POINT('Ctrl Pts',(-1.54263767169123,-27.4848146747441,5.15151994143307));
#3942=CARTESIAN_POINT('Ctrl Pts',(-1.83611551154444,-27.4847936933866,5.0446833031174));
#3943=CARTESIAN_POINT('',(1.91129331842492,-28.866550765578,4.61490001668773));
#3944=CARTESIAN_POINT('',(1.9113703327689,-28.8679665407672,4.61445960566268));
#3945=CARTESIAN_POINT('',(4.15852359274245,-28.8679636836907,-2.77855842434431));
#3946=CARTESIAN_POINT('Origin',(-0.00157076918103552,-28.8679639939268,
0.00104746585578602));
#3947=CARTESIAN_POINT('',(4.74531077818667,-26.1060039392303,-3.17062601801681));
#3948=CARTESIAN_POINT('Origin',(-0.00157076918103552,-28.8679639939268,
0.00104746585578602));
#3949=CARTESIAN_POINT('Origin',(0.000354652167099956,-27.3634674183428,
0.000156024298878043));
#3950=CARTESIAN_POINT('Origin',(0.000468702527252809,-28.8679639938331,
0.000208026518415542));
#3951=CARTESIAN_POINT('Origin',(-7.66228492736672E-5,-21.7180372517554,
0.00175412446818986));
#3952=CARTESIAN_POINT('',(0.283847227203984,-21.7114049874935,-6.50194853783732));
#3953=CARTESIAN_POINT('',(2.38959248187045,-23.3699999621696,5.76898275464064));
#3954=CARTESIAN_POINT('',(2.38959248187045,-23.3699999621696,5.76898275464064));
#3955=CARTESIAN_POINT('',(-2.63895718930264,-23.3700008307631,5.65926024788502));
#3956=CARTESIAN_POINT('Ctrl Pts',(-2.63895718930264,-23.3700008307631,5.65926024788502));
#3957=CARTESIAN_POINT('Ctrl Pts',(-2.47433826688435,-23.3700022375159,5.73603000344678));
#3958=CARTESIAN_POINT('Ctrl Pts',(-2.22237408896391,-23.3699955912393,5.84038066126853));
#3959=CARTESIAN_POINT('Ctrl Pts',(-1.8782961923962,-23.3700028041023,5.95718970753683));
#3960=CARTESIAN_POINT('Ctrl Pts',(-1.61665932020775,-23.3700028562172,6.03344910421423));
#3961=CARTESIAN_POINT('Ctrl Pts',(-1.35194364971389,-23.3700003074154,6.09822086744462));
#3962=CARTESIAN_POINT('Ctrl Pts',(-1.08465559891233,-23.3700020035765,6.15138918037328));
#3963=CARTESIAN_POINT('Ctrl Pts',(-0.815304765470948,-23.3699995809779,
6.19284999323872));
#3964=CARTESIAN_POINT('Ctrl Pts',(-0.544400606831561,-23.370000014097,6.22250942084414));
#3965=CARTESIAN_POINT('Ctrl Pts',(-0.272459693765294,-23.3700023882636,
6.24034195923814));
#3966=CARTESIAN_POINT('Ctrl Pts',(1.34339172168374E-6,-23.3699983943549,
6.24628488193204));
#3967=CARTESIAN_POINT('Ctrl Pts',(0.272462369601373,-23.3700023882033,6.24034177574855));
#3968=CARTESIAN_POINT('Ctrl Pts',(0.544400485458638,-23.3700000143145,6.22250942090075));
#3969=CARTESIAN_POINT('Ctrl Pts',(0.815304643806977,-23.3699995801435,6.19284999302179));
#3970=CARTESIAN_POINT('Ctrl Pts',(1.08465547760695,-23.3700020066963,6.1513891811842));
#3971=CARTESIAN_POINT('Ctrl Pts',(1.35194352726505,-23.3700002957701,6.09822086441756));
#3972=CARTESIAN_POINT('Ctrl Pts',(1.61665920197413,-23.3700028996776,6.03344911551101));
#3973=CARTESIAN_POINT('Ctrl Pts',(1.96550851435253,-23.3700025559821,5.93176979899347));
#3974=CARTESIAN_POINT('Ctrl Pts',(2.2217780937522,-23.369995721668,5.83848952963262));
#3975=CARTESIAN_POINT('Ctrl Pts',(2.38959248187045,-23.3699999621696,5.76898275464064));
#3976=CARTESIAN_POINT('',(-3.00333095296423,-21.6879082515561,5.76935100645031));
#3977=CARTESIAN_POINT('Origin',(-18.2145033355578,-14.1604428740028,22.4206166530035));
#3978=CARTESIAN_POINT('Origin',(-16.4641328945767,-14.0956434079224,26.8789166393829));
#3979=CARTESIAN_POINT('Origin',(-16.4816953988753,-14.0966022903571,26.8677138081523));
#3980=CARTESIAN_POINT('Ctrl Pts',(3.56804746042277,-8.24875198264079,-5.60070897887324));
#3981=CARTESIAN_POINT('Ctrl Pts',(3.29758680177205,-9.90584670596524,-5.99335474883686));
#3982=CARTESIAN_POINT('Ctrl Pts',(3.46346006110826,-11.6377173055346,-6.00055960734968));
#3983=CARTESIAN_POINT('Origin',(-0.0871884709730986,-13.9337209409251,0.593277334437534));
#3984=CARTESIAN_POINT('Ctrl Pts',(2.53873323956987,-8.26142077579671,-6.13779792235998));
#3985=CARTESIAN_POINT('Ctrl Pts',(2.20720295790562,-9.91332851081905,-6.47523201804896));
#3986=CARTESIAN_POINT('Ctrl Pts',(2.36902358919823,-11.6395172639425,-6.51085801165284));
#3987=CARTESIAN_POINT('Origin',(0.0462905519211464,-14.1119715081298,0.557770219803953));
#3988=CARTESIAN_POINT('Ctrl Pts',(1.4343482206593,-8.26142504626556,-6.48539589218232));
#3989=CARTESIAN_POINT('Ctrl Pts',(1.04925797936488,-9.91333143365497,-6.76013766367251));
#3990=CARTESIAN_POINT('Ctrl Pts',(1.20243689319353,-11.6395202406562,-6.82331734685837));
#3991=CARTESIAN_POINT('Origin',(0.152748219268455,-14.2007780240911,0.521725321693858));
#3992=CARTESIAN_POINT('Ctrl Pts',(0.286709450696221,-8.26013045751347,-6.63578534015428));
#3993=CARTESIAN_POINT('Ctrl Pts',(-0.140604088960333,-9.91259234846883,
-6.83959433769412));
#3994=CARTESIAN_POINT('Ctrl Pts',(-0.000693459456458491,-11.6393853295747,
-6.92845263182608));
#3995=CARTESIAN_POINT('Origin',(1.57946895196412,-13.8596872291513,34.3816636433734));
#3996=CARTESIAN_POINT('Origin',(15.1971847355147,-15.2642525039016,34.9715228030361));
#3997=CARTESIAN_POINT('Ctrl Pts',(-2.71075108064684,-8.25292241627562,-6.06874422573283));
#3998=CARTESIAN_POINT('Ctrl Pts',(-2.78372911160427,-9.38576100109851,-6.17640097008755));
#3999=CARTESIAN_POINT('Ctrl Pts',(-2.87840454296291,-10.4802776102012,-6.23811541111314));
#4000=CARTESIAN_POINT('Ctrl Pts',(-2.98731908035865,-11.6376361410439,-6.26274802410645));
#4001=CARTESIAN_POINT('Origin',(15.8775429223368,-13.8222552195192,30.5390476700396));
#4002=CARTESIAN_POINT('Ctrl Pts',(-3.58912859534816,-8.25571342545507,-5.59900365005785));
#4003=CARTESIAN_POINT('Ctrl Pts',(-3.70225102881322,-8.76047017439803,-5.59793269046436));
#4004=CARTESIAN_POINT('Ctrl Pts',(-3.78755664123762,-9.26237391599371,-5.60405679645814));
#4005=CARTESIAN_POINT('Ctrl Pts',(-3.83972547117629,-9.81052985165718,-5.6255747635026));
#4006=CARTESIAN_POINT('Ctrl Pts',(-3.89434526323801,-10.3844388938675,-5.64810367371472));
#4007=CARTESIAN_POINT('Ctrl Pts',(-3.90328199644597,-10.9494035080316,-5.68660160282344));
#4008=CARTESIAN_POINT('Ctrl Pts',(-3.85980673076722,-11.4812453649403,-5.74748621986914));
#4009=CARTESIAN_POINT('Ctrl Pts',(-3.85534615640416,-11.535812487535,-5.75373299852957));
#4010=CARTESIAN_POINT('Ctrl Pts',(-3.85028871470454,-11.5906215146577,-5.76028291421696));
#4011=CARTESIAN_POINT('Ctrl Pts',(-3.84459865681527,-11.6455766271405,-5.76715246427206));
#4012=CARTESIAN_POINT('Ctrl Pts',(30.874366047067,-16.2065368511075,40.1647886745541));
#4013=CARTESIAN_POINT('Ctrl Pts',(30.874366047067,-16.2065368511075,40.1647886745541));
#4014=CARTESIAN_POINT('Ctrl Pts',(30.874366047067,-16.2065368511075,40.1647886745541));
#4015=CARTESIAN_POINT('Ctrl Pts',(30.874366047067,-16.2065368511075,40.1647886745541));
#4016=CARTESIAN_POINT('Ctrl Pts',(30.874366047067,-16.2065368511075,40.1647886745541));
#4017=CARTESIAN_POINT('Ctrl Pts',(30.874366047067,-16.2065368511075,40.1647886745541));
#4018=CARTESIAN_POINT('Ctrl Pts',(30.874366047067,-16.2065368511075,40.1647886745541));
#4019=CARTESIAN_POINT('Ctrl Pts',(30.874366047067,-16.2065368511075,40.1647886745541));
#4020=CARTESIAN_POINT('Ctrl Pts',(30.874366047067,-16.2065368511075,40.1647886745541));
#4021=CARTESIAN_POINT('Ctrl Pts',(30.8743661134849,-48.700680148404,36.6909522807437));
#4022=CARTESIAN_POINT('Ctrl Pts',(7.92514117954911,-51.0902423295638,54.0790162868252));
#4023=CARTESIAN_POINT('Ctrl Pts',(7.92514111313123,-18.5960990322673,57.5528526806356));
#4024=CARTESIAN_POINT('Ctrl Pts',(7.92514104671336,13.8980442650291,61.026689074446));
#4025=CARTESIAN_POINT('Ctrl Pts',(30.8743659806492,16.287606446189,43.6386250683645));
#4026=CARTESIAN_POINT('Ctrl Pts',(53.823590914585,18.6771686273488,26.2505610622829));
#4027=CARTESIAN_POINT('Ctrl Pts',(53.8235909810028,-13.8169746699477,22.7767246684725));
#4028=CARTESIAN_POINT('Ctrl Pts',(53.8235910474207,-46.3111179672441,19.3028882746621));
#4029=CARTESIAN_POINT('Ctrl Pts',(30.8743661134849,-48.700680148404,36.6909522807437));
#4030=CARTESIAN_POINT('Ctrl Pts',(13.3590379186982,-45.5697881998838,13.9084735378825));
#4031=CARTESIAN_POINT('Ctrl Pts',(-9.59018701523755,-47.9593503810436,31.2965375439641));
#4032=CARTESIAN_POINT('Ctrl Pts',(-9.59018708165544,-15.4652070837472,34.7703739377745));
#4033=CARTESIAN_POINT('Ctrl Pts',(-9.5901871480733,17.0289362135493,38.2442103315849));
#4034=CARTESIAN_POINT('Ctrl Pts',(13.3590377858625,19.4184983947091,20.8561463255034));
#4035=CARTESIAN_POINT('Ctrl Pts',(36.3082627197983,21.808060575869,3.46808231942179));
#4036=CARTESIAN_POINT('Ctrl Pts',(36.3082627862162,-10.6860827214275,-0.00575407438862107));
#4037=CARTESIAN_POINT('Ctrl Pts',(36.308262852634,-43.1802260187239,-3.47959046819903));
#4038=CARTESIAN_POINT('Ctrl Pts',(13.3590379186982,-45.5697881998838,13.9084735378825));
#4039=CARTESIAN_POINT('Ctrl Pts',(-4.15629027608844,-42.4388962513636,-8.87400520497859));
#4040=CARTESIAN_POINT('Ctrl Pts',(-27.1055152100242,-44.8284584325234,8.51405880110297));
#4041=CARTESIAN_POINT('Ctrl Pts',(-27.1055152764421,-12.334315135227,11.9878951949134));
#4042=CARTESIAN_POINT('Ctrl Pts',(-27.10551534286,20.1598281620694,15.4617315887238));
#4043=CARTESIAN_POINT('Ctrl Pts',(-4.1562904089242,22.5493903432293,-1.92633241735776));
#4044=CARTESIAN_POINT('Ctrl Pts',(18.7929345250116,24.9389525243891,-19.3143964234393));
#4045=CARTESIAN_POINT('Ctrl Pts',(18.7929345914295,-7.55519077290729,-22.7882328172497));
#4046=CARTESIAN_POINT('Ctrl Pts',(18.7929346578474,-40.0493340702037,-26.2620692110602));
#4047=CARTESIAN_POINT('Ctrl Pts',(-4.15629027608844,-42.4388962513636,-8.87400520497859));
#4048=CARTESIAN_POINT('Ctrl Pts',(-4.15629034250631,-9.94475295406714,-5.40016881116818));
#4049=CARTESIAN_POINT('Ctrl Pts',(-4.15629034250632,-9.94475295406714,-5.40016881116818));
#4050=CARTESIAN_POINT('Ctrl Pts',(-4.15629034250632,-9.94475295406714,-5.40016881116818));
#4051=CARTESIAN_POINT('Ctrl Pts',(-4.15629034250632,-9.94475295406713,-5.40016881116818));
#4052=CARTESIAN_POINT('Ctrl Pts',(-4.15629034250631,-9.94475295406713,-5.40016881116818));
#4053=CARTESIAN_POINT('Ctrl Pts',(-4.15629034250631,-9.94475295406713,-5.40016881116818));
#4054=CARTESIAN_POINT('Ctrl Pts',(-4.15629034250631,-9.94475295406714,-5.40016881116818));
#4055=CARTESIAN_POINT('Ctrl Pts',(-4.15629034250631,-9.94475295406714,-5.40016881116818));
#4056=CARTESIAN_POINT('Ctrl Pts',(-4.15629034250631,-9.94475295406714,-5.40016881116818));
#4057=CARTESIAN_POINT('',(-4.15629034250631,-9.94475295406714,-5.40016881116818));
#4058=CARTESIAN_POINT('Ctrl Pts',(-4.15629034250631,-9.94475295406714,-5.40016881116818));
#4059=CARTESIAN_POINT('Ctrl Pts',(-4.15629034075966,-10.7992802062508,-5.49152336207844));
#4060=CARTESIAN_POINT('Ctrl Pts',(-4.13208062370486,-11.656953853445,-5.55126166315627));
#4061=CARTESIAN_POINT('Origin',(34.8376743113933,-15.2595891151585,15.5143122842939));
#4062=CARTESIAN_POINT('Origin',(21.7833456765541,-19.0535230301956,-7.29421646888269));
#4063=CARTESIAN_POINT('Origin',(35.6046220225324,-15.2612248514129,-13.6534913230125));
#4064=CARTESIAN_POINT('Origin',(-1.28759233946826E-6,-8.2875468208711,0.00103529881642015));
#4065=CARTESIAN_POINT('Origin',(-8.52875566450043E-6,-10.7767941312348,
0.000378716580840756));
#4066=CARTESIAN_POINT('Origin',(-3.56044413001022E-6,-14.5851309825937,
6.95124140577918E-7));
#4067=CARTESIAN_POINT('',(-1.81222975960377,-14.433988999296,-6.76334220369161));
#4068=CARTESIAN_POINT('',(6.76330223415016,-14.4336544318147,-1.81222383581634));
#4069=CARTESIAN_POINT('Origin',(-1.1236546563001E-7,-14.4339705504543,-1.42534307090294E-6));
#4070=CARTESIAN_POINT('Ctrl Pts',(-1.50955728961902,-12.7265448333665,-6.80918611418923));
#4071=CARTESIAN_POINT('Ctrl Pts',(-1.61057266999281,-13.2956904861553,-6.79615302173746));
#4072=CARTESIAN_POINT('Ctrl Pts',(-1.71149841214996,-13.8648361400219,-6.78087249945049));
#4073=CARTESIAN_POINT('Ctrl Pts',(-1.81223432817402,-14.4339817947097,-6.7633421932042));
#4074=CARTESIAN_POINT('',(3.50092879626215,-14.4343617268373,6.0637803268787));
#4075=CARTESIAN_POINT('Ctrl Pts',(3.50092860976446,-14.4339857626488,6.06377895320436));
#4076=CARTESIAN_POINT('Ctrl Pts',(3.40830194947132,-13.8648477818294,6.10679595884775));
#4077=CARTESIAN_POINT('Ctrl Pts',(3.31479938193872,-13.29572310274,6.14772159040056));
#4078=CARTESIAN_POINT('Ctrl Pts',(3.22051644723405,-12.7266117623609,6.18652501517509));
#4079=CARTESIAN_POINT('',(6.94198831747743,-14.4332791056235,0.91392226533275));
#4080=CARTESIAN_POINT('Origin',(4.26494996264015E-8,-14.4339764859236,-1.33099813451979E-6));
#4081=CARTESIAN_POINT('Origin',(0.00843579052017103,-14.2996419904797,-0.000554195382197664));
#4082=CARTESIAN_POINT('Origin',(2.88922802883784E-6,-14.6196524124831,-1.58307300887513E-6));
#4083=CARTESIAN_POINT('',(-6.97528042528502,-14.4339768189973,0.61025900584884));
#4084=CARTESIAN_POINT('Origin',(-1.12368168138366E-7,-14.4339670614851,
-1.42535190127385E-6));
#4085=CARTESIAN_POINT('',(0.000981111827521673,-14.4342731658376,7.0018865135356));
#4086=CARTESIAN_POINT('Origin',(4.26494971283997E-8,-14.433975061027,-1.33099628883889E-6));
#4087=CARTESIAN_POINT('',(0.00110388138116008,-14.5422772955362,7.00357799915099));
#4088=CARTESIAN_POINT('Origin',(0.000953138433158925,-14.5824983231392,
0.00354541214550496));
#4089=CARTESIAN_POINT('Origin',(0.000803891872551542,-14.4747144532194,
0.00296094507646638));
#4090=CARTESIAN_POINT('Origin',(0.0085809815191731,-14.2920947488266,-0.000565819705977038));
#4091=CARTESIAN_POINT('Ctrl Pts',(6.94796950615611,-16.1413116563111,0.607889055981834));
#4092=CARTESIAN_POINT('Ctrl Pts',(6.94823186213508,-15.5722084855752,0.709731187069783));
#4093=CARTESIAN_POINT('Ctrl Pts',(6.9462548481558,-15.0031053151776,0.811777708917018));
#4094=CARTESIAN_POINT('Ctrl Pts',(6.94202306059432,-14.4340021449515,0.913929633467454));
#4095=CARTESIAN_POINT('',(6.73901728283769,-16.0024081186773,-1.80571351590743));
#4096=CARTESIAN_POINT('Origin',(1.07498693261224E-6,-16.0024089199142,2.46562239525849E-6));
#4097=CARTESIAN_POINT('Ctrl Pts',(-6.97528086917412,-14.433982404823,0.610255919006233));
#4098=CARTESIAN_POINT('Ctrl Pts',(-6.95730123608841,-15.0031272871276,0.710911688068919));
#4099=CARTESIAN_POINT('Ctrl Pts',(-6.9371426232729,-15.5722721684516,0.810976419307832));
#4100=CARTESIAN_POINT('Ctrl Pts',(-6.91484150510808,-16.1414170486398,0.910356775140329));
#4101=CARTESIAN_POINT('Origin',(4.43735697491787E-8,-15.9975680895876,-3.31105364222763E-6));
#4102=CARTESIAN_POINT('Origin',(4.18315561148686E-7,-2.88749478308468,0.00408799374895869));
#4103=CARTESIAN_POINT('Origin',(5.2259915279667E-5,3.24588991330434E-26,
-0.00244536305938089));
#4104=CARTESIAN_POINT('Origin',(-1.84177779385779E-5,-27.3360485676111,
-0.000760439566482216));
#4105=CARTESIAN_POINT('Origin',(-2.1315883812871E-5,-28.8679639936932,-0.00104508379996231));
#4106=CARTESIAN_POINT('Origin',(0.000135370269053661,-16.8170253776365,
0.00011183472653004));
#4107=CARTESIAN_POINT('',(1.47454517884966,-18.9223421424755,6.65060661730183));
#4108=CARTESIAN_POINT('',(1.48279077386092,-18.3611476120272,6.68821326726811));
#4109=CARTESIAN_POINT('Origin',(-3.30234730177778E-6,-18.9207164488653,
-2.58835218223154E-5));
#4110=CARTESIAN_POINT('Origin',(0.000124977621723445,-16.7916603189176,
-9.60614578562016E-5));
#4111=CARTESIAN_POINT('Origin',(-5.83618299006446E-5,-16.7709333427622,
-0.000122003741605325));
#4112=CARTESIAN_POINT('Origin',(4.3563678307091E-5,-18.3469503103061,-1.26731194628531E-5));
#4113=CARTESIAN_POINT('Ctrl Pts',(-4.45379366990869,-17.2200067271797,5.30782779468986));
#4114=CARTESIAN_POINT('Ctrl Pts',(-4.35342992008139,-17.7772886162982,5.34215567545933));
#4115=CARTESIAN_POINT('Ctrl Pts',(-4.25295072726233,-18.3345692589478,5.37380788480621));
#4116=CARTESIAN_POINT('Ctrl Pts',(-4.15249219168179,-18.891848681194,5.40280965465198));
#4117=CARTESIAN_POINT('Origin',(7.63257656207286E-5,-18.3582194742797,-0.000358539891942835));
#4118=CARTESIAN_POINT('Origin',(-3.30235925905323E-6,-18.9207134772661,
-2.5882835887931E-5));
#4119=CARTESIAN_POINT('Origin',(-5.20246025721011E-7,-19.8025132565669,
-0.00018522067496338));
#4120=CARTESIAN_POINT('Origin',(1.05994469254932E-5,-22.2292544740321,-0.000541176274056752));
#4121=CARTESIAN_POINT('Origin',(8.27883983589572E-9,0.,2.37947869423804E-7));
#4122=CARTESIAN_POINT('Origin',(6.72849072812232E-8,-28.8679639938096,-2.29960866708741E-6));
#4123=UNCERTAINTY_MEASURE_WITH_UNIT(LENGTH_MEASURE(0.01),#4127,
'DISTANCE_ACCURACY_VALUE',
'Maximum model space distance between geometric entities at asserted c
onnectivities');
#4124=UNCERTAINTY_MEASURE_WITH_UNIT(LENGTH_MEASURE(0.01),#4127,
'DISTANCE_ACCURACY_VALUE',
'Maximum model space distance between geometric entities at asserted c
onnectivities');
#4125=(
GEOMETRIC_REPRESENTATION_CONTEXT(3)
GLOBAL_UNCERTAINTY_ASSIGNED_CONTEXT((#4123))
GLOBAL_UNIT_ASSIGNED_CONTEXT((#4127,#4129,#4130))
REPRESENTATION_CONTEXT('','3D')
);
#4126=(
GEOMETRIC_REPRESENTATION_CONTEXT(3)
GLOBAL_UNCERTAINTY_ASSIGNED_CONTEXT((#4124))
GLOBAL_UNIT_ASSIGNED_CONTEXT((#4127,#4129,#4130))
REPRESENTATION_CONTEXT('','3D')
);
#4127=(
LENGTH_UNIT()
NAMED_UNIT(*)
SI_UNIT(.MILLI.,.METRE.)
);
#4128=(
LENGTH_UNIT()
NAMED_UNIT(*)
SI_UNIT($,.METRE.)
);
#4129=(
NAMED_UNIT(*)
PLANE_ANGLE_UNIT()
SI_UNIT($,.RADIAN.)
);
#4130=(
NAMED_UNIT(*)
SI_UNIT($,.STERADIAN.)
SOLID_ANGLE_UNIT()
);
#4131=SHAPE_DEFINITION_REPRESENTATION(#4132,#4133);
#4132=PRODUCT_DEFINITION_SHAPE('',$,#4135);
#4133=SHAPE_REPRESENTATION('',(#1400),#4125);
#4134=PRODUCT_DEFINITION_CONTEXT('part definition',#4139,'design');
#4135=PRODUCT_DEFINITION('2026-04-20-15-59-30-226','Small wheel',#4136,
#4134);
#4136=PRODUCT_DEFINITION_FORMATION('',$,#4141);
#4137=PRODUCT_RELATED_PRODUCT_CATEGORY('Small wheel','Small wheel',(#4141));
#4138=APPLICATION_PROTOCOL_DEFINITION('international standard',
'automotive_design',2009,#4139);
#4139=APPLICATION_CONTEXT(
'Core Data for Automotive Mechanical Design Process');
#4140=PRODUCT_CONTEXT('part definition',#4139,'mechanical');
#4141=PRODUCT('2026-04-20-15-59-30-226','Small wheel',$,(#4140));
#4142=PRESENTATION_STYLE_ASSIGNMENT((#4144));
#4143=PRESENTATION_STYLE_ASSIGNMENT((#4145));
#4144=SURFACE_STYLE_USAGE(.BOTH.,#4146);
#4145=SURFACE_STYLE_USAGE(.BOTH.,#4147);
#4146=SURFACE_SIDE_STYLE('',(#4148));
#4147=SURFACE_SIDE_STYLE('',(#4149));
#4148=SURFACE_STYLE_FILL_AREA(#4150);
#4149=SURFACE_STYLE_FILL_AREA(#4151);
#4150=FILL_AREA_STYLE('Steel - Satin',(#4152));
#4151=FILL_AREA_STYLE('Powder Coat (White)',(#4153));
#4152=FILL_AREA_STYLE_COLOUR('Steel - Satin',#4154);
#4153=FILL_AREA_STYLE_COLOUR('Powder Coat (White)',#4155);
#4154=COLOUR_RGB('Steel - Satin',0.627450980392157,0.627450980392157,0.627450980392157);
#4155=COLOUR_RGB('Powder Coat (White)',0.964705882352941,0.964705882352941,
0.952941176470588);
ENDSEC;
END-ISO-10303-21;
